table	input_total	output_total	diff	n_output_keys	status
supply	1.3202124528600007e8	1.3202124528599991e8	-1.6391277313232422e-7	3199	PASS
use	2.0131588149898624e8	2.0131588149899814e8	1.189112663269043e-5	33187	PASS
