table	input_total	output_total	diff	n_output_keys	status
supply	1.3202124528599997e8	1.3202124528599994e8	-2.9802322387695312e-8	2626	PASS
use	2.0131588149898702e8	2.0131588149899855e8	1.1533498764038086e-5	24001	PASS
