table	input_total	output_total	diff	n_output_keys	status
supply	1.3202124528600007e8	1.3202124528599991e8	-1.6391277313232422e-7	3199	PASS
use	2.0131588149898836e8	2.0131588149899825e8	9.894371032714844e-6	33187	PASS
