product	origin	destination	intermediate_value_meur	household_value_meur	government_value_meur	fixed_investment_value_meur	inventory_change_value_meur	marketed_value_meur
AGRI_FOOD	DE	DE	80592.54333566173	97126.5461395994	913.1151901707	1169.4796724316159	5227.590332925769	179801.68433786347
AGRI_FOOD	DE	FR	1526.904442403268	2884.5071427898342	11.841461992849657	26.391980103032164	71.66547106478741	4449.645027288984
AGRI_FOOD	DE	IT	2590.0885817464055	1870.2713970052969	0.43649444575659685	16.043384381759612	17.025712721508064	4476.839857579219
AGRI_FOOD	DE	PL	1165.8053460348829	1574.7842968879459	0.32615565808572805	10.197678684910594	35.3840781091874	2751.1134772658247
AGRI_FOOD	DE	REU	12346.070015072388	15878.148523567843	12.999571234096994	173.67954867378936	99.43955180791984	28410.897658548118
AGRI_FOOD	DE	ROW	4742.629017763592	6468.121776566243	180.09234526674882	205.91565258497647	23.111655102946784	11596.75879218156
AGRI_FOOD	DE	SK	117.04419923824616	386.2965071377375	0.35297108242797137	8.81230228265444	-0.6589322004098445	512.5059797410661
AGRI_FOOD	FR	DE	1504.6373736750002	2169.7165041667376	5.952485123807343	1.2329885171144959	149.982836203816	3681.5393514826596
AGRI_FOOD	FR	FR	102657.1308675497	82243.94674583884	132.22335480810654	750.8124513676518	2295.538955268017	185784.1134195643
AGRI_FOOD	FR	IT	2682.168082697007	1590.2305570945227	0.0	14.410485180460299	87.99777663169603	4286.80912497199
AGRI_FOOD	FR	PL	161.54383066217684	211.09768551943705	0.0	0.658998024102256	5.576837676223095	373.3005142057161
AGRI_FOOD	FR	REU	7424.9071489642765	10315.50508080442	2.0132570963444096	57.15752181723523	72.96511940236194	17799.583008682275
AGRI_FOOD	FR	ROW	7557.228541283029	10699.364854360632	261.17220425126055	85.29120626757552	30.063971581174172	18603.056806162494
AGRI_FOOD	FR	SK	22.287683749127044	52.63596324600045	0.0	2.317872163942418	-0.16924099177563978	77.24151915906991
AGRI_FOOD	IT	DE	1806.8944491621678	2663.4600825305715	8.517446967001192	10.204360797644751	191.41976964206833	4489.076339457385
AGRI_FOOD	IT	FR	1160.5938252929	2255.315232953331	7.843835106356713	18.767065669815366	48.741931125023704	3442.5199590224033
AGRI_FOOD	IT	IT	84983.96903783391	66642.49272112502	848.0189506335712	943.3357408248153	2410.8522289002144	153417.8164504173
AGRI_FOOD	IT	PL	252.9997644434965	315.91778720654213	0.059701197937930446	2.8774262634886765	9.517738275967142	571.8546791114652
AGRI_FOOD	IT	REU	5055.345175553051	8305.89130686033	7.846439093418597	67.38528049307469	86.97420826385954	13436.468201999875
AGRI_FOOD	IT	ROW	5370.62565875248	7819.361934026443	176.6355430602532	98.8973017110624	32.99982034056229	13465.520437550238
AGRI_FOOD	IT	SK	43.44148306995202	89.65478424795069	0.07942025769316972	5.242966284204102	-0.09241796617180033	138.41865385979997
AGRI_FOOD	PL	DE	1398.45911738682	2026.0466452677986	7.086416797605556	13.45535373160047	173.0631505447166	3445.0475331838247
AGRI_FOOD	PL	FR	319.0792187204124	552.5434202385932	2.7052378671419572	3.635008315649784	14.741238502758609	877.9628851417973
AGRI_FOOD	PL	IT	660.0124821701145	466.16121596480673	0.1757135786942425	3.4470060754962857	5.34359044782398	1129.796417789112
AGRI_FOOD	PL	PL	35434.3099021353	28729.09455782773	727.3163843356108	291.36446058207036	-880.4583582336263	65182.08530488071
AGRI_FOOD	PL	REU	3102.59646530447	5021.787167126863	5.308399974654571	37.92717479582385	84.79012091899844	8167.619207201811
AGRI_FOOD	PL	ROW	2084.4492728028754	2931.2577557783475	90.89873428517267	51.42445992168059	12.571578689116226	5158.030222788076
AGRI_FOOD	PL	SK	105.77331301170848	386.6056081479644	0.23463076528909826	3.655054441070731	-0.43449822110678543	496.2686063660327
AGRI_FOOD	REU	DE	12956.940868538324	16887.783692449997	71.73437486042022	136.33327442874395	1107.3008648461073	30052.792210277486
AGRI_FOOD	REU	FR	8090.228540246148	14177.427453854574	55.4702568678278	180.42218384557188	262.3188774472048	22503.54843481412
AGRI_FOOD	REU	IT	9275.680870591963	6314.033585969538	5.121339492913372	85.10772846030089	157.01585702668643	15679.943524514716
AGRI_FOOD	REU	PL	3168.845321046231	3074.860204865551	1.2397658002233494	25.419654266430523	98.702097665	6270.3649459784365
AGRI_FOOD	REU	REU	548277.3822015943	480340.44621981826	2562.41437574632	12622.115968772267	3193.1699877010096	1.043802358765931e6
AGRI_FOOD	REU	ROW	43380.286656560995	56374.41864683158	1616.161433843681	1073.5889189499037	191.03785282465222	102444.45565618615
AGRI_FOOD	REU	SK	585.4643201038658	1597.7467827559278	1.7647651678336214	48.32589780610767	-1.78884104689439	2233.301765833735
AGRI_FOOD	ROW	DE	7102.266396377096	8336.766389087585	22.086889162514844	35.53709386045679	559.604499101216	15496.656768487652
AGRI_FOOD	ROW	FR	4052.8736419252336	7431.500241048835	20.04857923915658	122.94352315544064	117.77542509640274	11627.365985368666
AGRI_FOOD	ROW	IT	7332.058164456995	4183.936771766069	0.7685011390199455	45.740991590340386	255.95424484791846	11562.504428952425
AGRI_FOOD	ROW	PL	1675.2186493575507	2029.6563602790693	0.15055700139223527	14.74117236674261	69.84988233054924	3719.7667390047554
AGRI_FOOD	ROW	REU	36959.3959200026	44475.47268444401	20.806349541666386	478.21789857932856	293.9011567551386	81933.89285256762
AGRI_FOOD	ROW	SK	214.12842977475495	237.26787720658479	0.15602971187014142	33.29368859566897	-0.4525743788424728	484.8460252888789
AGRI_FOOD	SK	DE	67.0797232028907	80.8895578044969	0.2338035413680258	1.968422462904277	5.924831007736403	150.1715070116599
AGRI_FOOD	SK	FR	13.368439216571675	23.247895279417886	0.07890125058748086	0.644206259265064	0.6661566877310304	37.3394420058421
AGRI_FOOD	SK	IT	80.95518844395589	43.59318545810511	0.005273886275453871	0.8123315189226512	2.944693072269162	125.36597930725911
AGRI_FOOD	SK	PL	150.0870885330901	171.55666931925194	0.0024853553441449633	1.2256975005452813	6.471916460221311	322.8719407082315
AGRI_FOOD	SK	REU	871.8049312721912	908.0441662708633	1.0242627022317365	8.377144040472661	52.19527483362318	1789.2505042857588
AGRI_FOOD	SK	ROW	56.8440209469095	60.62223889589073	2.0496743766852803	3.4052182979839913	0.3716361219346312	122.92115251746951
AGRI_FOOD	SK	SK	2347.160884633374	2110.322617923459	16.431125202214538	223.53706764460898	-11.51872942339234	4697.451695403656
BASIC_METALS	DE	DE	51077.55092312157	1434.6104962613185	70.72520189031447	1779.4645818038084	-1817.2670060698538	54362.351203077014
BASIC_METALS	DE	FR	3331.8926618283344	39.034916105354796	3.4870042535573207	30.137110973369804	15.679987969449488	3404.5516931606167
BASIC_METALS	DE	IT	3490.396825905723	25.840471187087893	0.47132786701402746	17.612842302221914	0.17462632961893518	3534.321467262047
BASIC_METALS	DE	PL	2650.1032937583027	29.79505034022778	0.35074032522951937	11.2704597421979	62.042564202597354	2691.519544165958
BASIC_METALS	DE	REU	17666.99202875242	201.31951330944455	6.998135479474022	228.29332519505064	120.51965089063566	18103.603002736385
BASIC_METALS	DE	ROW	10162.166286507343	173.0432910670185	14.994329861933187	249.96277701783492	102.91727281388641	10600.166684454129
BASIC_METALS	DE	SK	595.3841443750689	2.117416476026355	0.3665176040596663	3.229297878235447	-11.680067325877925	601.0973763333905
BASIC_METALS	FR	DE	2456.72620727113	0.0	0.0	47.04993844507587	-126.93157601146501	2503.776145716206
BASIC_METALS	FR	FR	10009.42331639312	6.949019305451636	0.0	29.23810222820902	-13.077622111371298	10045.610437926782
BASIC_METALS	FR	IT	1824.4140466375327	0.0	0.0	0.28265032248942623	0.0	1824.696696960022
BASIC_METALS	FR	PL	272.26272327699627	1.3536083117078188	0.0	0.0	6.2537646599538	273.6163315887041
BASIC_METALS	FR	REU	5234.250605219063	10.114737648804482	0.0	7.3762951952753815	2.4752896311320223	5251.741638063143
BASIC_METALS	FR	ROW	4632.547718278763	12.632379640799902	0.0	21.826013341670908	28.257549145577222	4667.006111261233
BASIC_METALS	FR	SK	127.13471473023024	0.02999782542124303	0.0	0.0	-2.6894793855728656	127.16471255565149
BASIC_METALS	IT	DE	3061.2398174645327	18.444754898521726	1.5363717783354833	89.5619457813574	-72.72638693057785	3170.7828899227475
BASIC_METALS	IT	FR	2046.8143990726514	37.87069837172882	2.3588399260003947	19.197703918336874	10.198101409667398	2106.2416412887173
BASIC_METALS	IT	IT	26937.979574277477	1292.3336305821322	65.45801432638413	411.9394485560961	5.346520396324089	28707.71066774209
BASIC_METALS	IT	PL	612.924374062506	8.278237174761447	0.10398157960149423	4.381582827305072	14.51924840721492	625.6881756441741
BASIC_METALS	IT	REU	7548.341029759744	114.24082842159793	2.9406058300754885	109.49820876295794	98.86647919756888	7775.020672774375
BASIC_METALS	IT	ROW	7506.5684757177705	163.6550875543693	6.866640070822173	179.8634318656014	63.5674559913184	7856.953635208563
BASIC_METALS	IT	SK	257.96046948245527	0.9411754810943054	0.1015861068084314	1.2521716722645861	-2.3255037948224846	260.2554027426226
BASIC_METALS	PL	DE	1175.6832312727915	24.36330845366655	0.641610095377687	54.7080023812512	-27.241878886328887	1255.396152203087
BASIC_METALS	PL	FR	162.99177833464174	8.46309526086502	0.7065632595550918	3.372672717248131	1.349937360405465	175.53410957230997
BASIC_METALS	PL	IT	195.473131786495	9.503981468986924	0.08754872528222798	4.850716242396997	0.08248031463094711	209.91537822316116
BASIC_METALS	PL	PL	4730.6989844253885	174.47059816973476	10.565283038131238	186.25141342027803	78.79545099201191	5101.986279053533
BASIC_METALS	PL	REU	2075.9674871342895	61.621797660301006	2.1335347891222085	55.85660923825814	4.716338480907833	2195.579428821971
BASIC_METALS	PL	ROW	1115.5627690909566	28.14434998487415	1.0821046140688977	27.64897335859197	14.272288915197691	1172.4381970484917
BASIC_METALS	PL	SK	211.88737183047408	1.8994886210204007	0.24783249114904524	0.8007717974250378	-2.0786268394491123	214.83546474006855
BASIC_METALS	REU	DE	16098.063494581098	116.20040289660105	25.013496968030623	450.3524655795869	-2988.1180793496114	16689.629860025318
BASIC_METALS	REU	FR	5852.984455759785	105.72437330895158	18.097910177451528	59.0797883298245	28.867160746722323	6035.886527576014
BASIC_METALS	REU	IT	7796.085481591359	67.02961144665235	4.498758567706402	32.60929353273458	0.5904629627786208	7900.223145138452
BASIC_METALS	REU	PL	3265.3420530453386	43.29677177254438	1.1519472108091444	13.357426229211057	75.52171386014189	3323.148198257903
BASIC_METALS	REU	REU	164322.3153724091	4452.272548370054	296.63998801686023	8376.854448627479	-1425.2243957071482	177448.0823574235
BASIC_METALS	REU	ROW	50006.51192457973	735.3217164818857	58.9725322166178	635.0476581168417	208.35206219819855	51435.85383139508
BASIC_METALS	REU	SK	1275.1558506155172	6.405082545466668	1.587446332502634	4.613599785721158	-33.70182380650058	1287.7619792792077
BASIC_METALS	ROW	DE	4699.704445255632	106.45833337480049	9.725565259893838	210.2220336302725	-268.34287874375343	5026.110377520599
BASIC_METALS	ROW	FR	2594.423105205187	112.34377052894334	16.6076742653397	41.330739746600706	17.645154471057527	2764.7052897460703
BASIC_METALS	ROW	IT	6512.133156871363	63.21658899496946	1.946923029149459	26.773318909713883	0.8776416048637595	6604.0699878051955
BASIC_METALS	ROW	PL	1107.1004908916086	34.47440409936388	0.4466617467648158	16.90657876023596	27.151915798391812	1158.9281354979735
BASIC_METALS	ROW	REU	49661.50794272918	707.284289758697	18.27288914174174	566.9528676315191	-343.7880160202226	50954.017989261134
BASIC_METALS	ROW	SK	307.94106972031824	5.4055403446236765	0.41748458327465465	5.244098744493875	-5.053026839650708	319.00819339271044
BASIC_METALS	SK	DE	388.5412802702443	1.2987865723584933	0.012642034080638359	9.962055754777035	-9.657346837917833	399.81476463146043
BASIC_METALS	SK	FR	70.12186842327014	1.091675785918304	0.008807786861837865	0.6386035082674173	0.33098713949150665	71.8609555043177
BASIC_METALS	SK	IT	250.66471381654816	0.6159263123597362	0.0005972536709678858	0.39677460286546046	0.002965309136382721	251.67801198544433
BASIC_METALS	SK	PL	479.4632115676194	2.860284537886297	0.0016048947377982517	0.3268335986771934	11.103200305743796	482.65193459892066
BASIC_METALS	SK	REU	2078.640866411511	4.501720804309849	0.039805700758377985	15.575571711320443	13.518413321657148	2098.7579646279
BASIC_METALS	SK	ROW	199.48870098752028	1.9996635258512983	0.03648255539728713	2.316653894244311	1.2557610624612086	203.84150096301317
BASIC_METALS	SK	SK	277.01980337747653	18.34056621757518	0.7730578107052475	2.5810791108217934	-2.301619128207874	298.7145065165788
CONSTRUCTION	DE	DE	107740.80338499203	5519.6806416015015	49.43521440331674	172225.8744706495	-69.66634517389973	285535.79371164634
CONSTRUCTION	DE	FR	186.61465377944154	24.031995613027213	6.532988706721978	16.037616415948435	4.246590123920004	233.21725451513916
CONSTRUCTION	DE	IT	66.66052647362793	17.49230431046793	0.36272380685396577	11.95810681144684	0.13497688923496437	96.47366140239666
CONSTRUCTION	DE	PL	48.82136947358599	12.487109496408905	0.2684282931119791	53.43350648815049	2.6266705258426115	115.01041375125737
CONSTRUCTION	DE	REU	1019.6657089507105	123.45704500370569	8.228052397146405	273.89355851379713	10.09010192217614	1425.2443648653598
CONSTRUCTION	DE	ROW	615.1119004549577	111.4034330583439	14.596122856030915	245.2128708899048	11.780968016008051	986.3243272592373
CONSTRUCTION	DE	SK	15.474845329421031	1.2088088701059607	0.28177652286308796	2.2032883635254903	0.5555851711203225	19.16871908591557
CONSTRUCTION	FR	FR	80655.74271313373	17647.966539937595	0.0	191918.2421874886	-305.25144055985453	290221.95144055993
CONSTRUCTION	IT	DE	55.20523748665508	12.017504256530831	0.5312854759153514	24.433630495782587	1.5560203937987118	92.18765771488384
CONSTRUCTION	IT	FR	84.72717568678549	15.165693047144638	2.1471016439243007	12.203005754692724	1.6918640209855156	114.24297613254716
CONSTRUCTION	IT	IT	61882.15815835558	13508.806557653592	435.9246508501991	106904.11544238328	20.9538063244876	182731.00480924264
CONSTRUCTION	IT	PL	11.247179106840994	3.3373555737920584	0.03789738721924774	7.739293733001908	1.0104562596675093	22.36172580085421
CONSTRUCTION	IT	REU	325.35028088021375	49.855445863500535	2.711174775865685	89.674165175198	2.4731944616833816	467.59106669477796
CONSTRUCTION	IT	ROW	326.8046715904896	97.8072893749495	9.378070412360895	99.50203700782806	4.824506771875703	533.492068385628
CONSTRUCTION	IT	SK	6.044946809266612	0.29155173163437664	0.050614470899828685	0.533621288510504	0.07811349579030061	6.920734300311322
CONSTRUCTION	PL	DE	415.59015426989555	46.88017406928478	0.6660174231295346	577.9636408569648	6.839848536215787	1041.0999866192747
CONSTRUCTION	PL	FR	246.18311426274389	12.750877984450296	7.945412057338595	8.955868003511503	5.860470240089642	275.8352723080443
CONSTRUCTION	PL	IT	52.75395888132815	7.550961007166139	0.09662606151611826	4.208685322451682	0.09949785508038994	64.61023127246209
CONSTRUCTION	PL	PL	35380.12347949127	7551.630550446034	99.16417956219091	33163.2891419533	1173.6896126535187	76194.20735145279
CONSTRUCTION	PL	REU	1929.0957320654577	76.88882383096606	20.11805038392051	276.67331973757723	20.63367094425019	2302.7759260179214
CONSTRUCTION	PL	ROW	595.0587525549487	55.493338895176024	6.483957317170235	243.72726156497336	6.0986910193440105	900.7633103322684
CONSTRUCTION	PL	SK	82.92409912124384	1.481346104994693	0.20299129636277966	0.7252468030697992	0.4464474230560472	85.33368332567112
CONSTRUCTION	REU	DE	1839.908544879234	243.46714482904596	17.17769914629889	1839.023637371916	21.75392122620617	3939.577026226495
CONSTRUCTION	REU	FR	1796.0790072805578	148.59723594516439	55.728696047399964	132.11011454349062	32.83589901219303	2132.5150538166126
CONSTRUCTION	REU	IT	598.509284059933	66.37630826512186	3.096211872231726	37.91470394948057	1.276483374261069	705.8965081467671
CONSTRUCTION	REU	PL	214.8043421437006	43.8554169192473	0.8041638497239906	220.32751982645837	9.468579663717454	479.7914427391303
CONSTRUCTION	REU	REU	509426.7706063668	31266.025299788016	6204.101894392533	849518.8156969156	11985.614393605063	1.396415713497463e6
CONSTRUCTION	REU	ROW	9890.438059738783	1488.0821080766004	159.18120821435977	3558.8121141687734	81.01538924289096	15096.513490198517
CONSTRUCTION	REU	SK	204.38550157553965	5.96647469537422	1.1418815566917047	4.114181891858946	1.2362755662102003	215.60803971946453
CONSTRUCTION	ROW	DE	52.430870999244576	7.231432592314023	0.19637321911113428	19.29575459563851	0.54911826713421	79.15443140630825
CONSTRUCTION	ROW	FR	63.946622144673086	4.031714702975553	1.1290723219641416	3.2143290817536716	0.7333131768835549	72.32173825136645
CONSTRUCTION	ROW	IT	24.698812944985992	2.2648152168231594	0.05112879307928492	0.5875527763740118	0.05683027776459845	27.602309731262448
CONSTRUCTION	ROW	PL	5.398329925409093	1.0926521880082092	0.006536477429942807	2.352580007961767	0.051124334223154426	8.850098598809012
CONSTRUCTION	ROW	REU	321.41326932043035	27.6374725264407	2.028732638781845	59.02686725408634	-43.58068613470331	410.10634173973926
CONSTRUCTION	ROW	SK	1.7008932298645179	0.07155594788399972	0.011219336318826793	0.06202051604832692	0.026012409320040696	1.8456890301156714
CONSTRUCTION	SK	DE	23.664417970285047	5.017870783678811	0.06320290873386905	15.106428837752892	0.5011463118492842	43.851920500450625
CONSTRUCTION	SK	FR	8.507399274018944	3.2604786186271273	0.1317702220591427	1.6266446074969199	0.3882558112045607	13.526292722202133
CONSTRUCTION	SK	IT	7.392037842914548	2.566817453233838	0.004717822935473575	1.3833145618239038	0.01707790653185566	11.346887680907763
CONSTRUCTION	SK	PL	11.680125558922201	1.8488121164883302	0.006837386245775885	14.430368038053999	0.6496157131013948	27.966143099710308
CONSTRUCTION	SK	REU	153.98618130160574	14.392187678704213	0.8737120918771542	24.740733779058537	1.474458906485814	193.99281485124564
CONSTRUCTION	SK	ROW	40.77496802423782	8.120765628066584	0.7390408365186845	15.767945199434452	0.7560676795413821	65.40271968825755
CONSTRUCTION	SK	SK	5641.818968312443	339.4740672466807	25.036526964559883	6313.738948270966	-1.9309116661423216	12320.068510794648
EXTRACTIVE	DE	DE	8705.305880558024	1111.0204679450924	61.94008488897459	235.70383550957018	-1022.0422046963276	10113.970268901661
EXTRACTIVE	DE	FR	485.56514347249583	8.316500655438663	0.9972883555379027	5.306750060274994	-66.05013321931649	500.1856825437474
EXTRACTIVE	DE	IT	81.05655689774326	19.751721954071538	0.13397244264677766	4.144604628481914	0.05310634025311855	105.0868559229435
EXTRACTIVE	DE	PL	42.76821543221855	5.417181414938578	0.09979990852471052	2.254090642918782	-18.66723754603035	50.539287398600614
EXTRACTIVE	DE	REU	534.5065812357409	54.96075198069882	2.0158045133425073	62.292707699569036	-48.73723982984141	653.7758454293512
EXTRACTIVE	DE	ROW	317.87890016149134	46.611180350856024	4.828994743146578	50.6997139665521	2.930434120714806	420.01878922204605
EXTRACTIVE	DE	SK	5.591783134602811	0.5303257591704652	0.10422167003837005	0.7938272348181507	-0.08161238642396237	7.020157798629798
EXTRACTIVE	FR	DE	47.48550726531049	4.483434915433947	0.14336959313349193	0.0	-9.075777797601862	52.11231177387793
EXTRACTIVE	FR	FR	4518.1436438253895	5.783240449614988	0.0	0.0	-48.28707433739856	4523.926884275004
EXTRACTIVE	FR	IT	57.95944267440591	11.878205236787196	0.0	0.0	0.0	69.8376479111931
EXTRACTIVE	FR	PL	3.2223518168517264	0.09357003402330205	0.0	0.0	-1.0565406146206835	3.3159218508750286
EXTRACTIVE	FR	REU	136.31231395290868	2.869818481714332	0.000927460481072444	9.993602892355808	-11.002612597192105	149.1766627874599
EXTRACTIVE	FR	ROW	305.95744184636135	11.94190797189791	0.5696662825572973	6.2124757461636575	0.3059112802846429	324.68149184698024
EXTRACTIVE	FR	SK	1.7606272995584813	0.021997980192048114	0.0	0.0	-0.11745165861072614	1.7826252797505293
EXTRACTIVE	IT	DE	62.9269754724823	9.080051806463274	0.5011939776331417	3.539996164242345	-0.751079704276415	76.04821742082105
EXTRACTIVE	IT	FR	44.6701959815061	6.3111987730949455	0.5389390731711873	2.787213532921492	0.05198606117448241	54.30754736069372
EXTRACTIVE	IT	IT	5029.203561692802	1812.132936437532	27.54548652344924	360.07865835343154	-427.8048975407259	7228.960643007216
EXTRACTIVE	IT	PL	26.622689171491686	1.9408581889619463	0.023744897702562263	0.6470120744604803	-1.262785983943227	29.234304332616677
EXTRACTIVE	IT	REU	224.09743696490676	23.161153856147543	0.7171734758801193	22.8075860541559	-1.8561368911806841	270.7833503510903
EXTRACTIVE	IT	ROW	478.1536597357778	45.46572774848194	2.5291533675576487	30.772528586320785	2.728218099046104	556.9210694381381
EXTRACTIVE	IT	SK	2.7557027971002865	0.194282299524112	0.0235061922230739	0.254942013998167	0.010130746480008713	3.228433302845639
EXTRACTIVE	PL	DE	598.2697769184228	16.597715292949033	0.5474378158339489	15.241202832199006	-18.308916882976572	630.6561328594048
EXTRACTIVE	PL	FR	119.79643382716262	1.323443242274224	0.18388999880765672	0.79481798087073	-0.38146190213889175	122.09858504911523
EXTRACTIVE	PL	IT	76.66576288542566	1.6871259796689184	0.01609138312835478	0.705838498348348	0.016392072233742172	79.07481874657128
EXTRACTIVE	PL	PL	7373.7104005302	899.9332301488992	130.70622214158385	274.45989576008503	-498.4116348832739	8678.809748580767
EXTRACTIVE	PL	REU	1079.80693597189	15.253670420721559	0.543164162726324	15.154797676750704	-2.905305077566566	1110.7585682320885
EXTRACTIVE	PL	ROW	775.8790594393744	21.242375727108634	0.9835942547118391	12.361428222439363	5.613090380449678	810.4664576436343
EXTRACTIVE	PL	SK	134.53327299982493	1.158444990932378	0.03804422217434724	0.09883374541915445	-1.5680707766571917	135.82859595835077
EXTRACTIVE	REU	DE	16931.02349912104	1708.4387975022232	96.79545384103129	184.4625278162637	-497.3949406425992	18920.720278280554
EXTRACTIVE	REU	FR	5384.002066722804	149.2694766542234	32.6046680142974	60.53792955579652	-364.8253658829739	5626.414140947121
EXTRACTIVE	REU	IT	4114.3235899154715	891.9895422167248	8.105743281921477	49.87111047122279	1.0381450849523401	5064.289985885341
EXTRACTIVE	REU	PL	3910.7497102876814	160.58759110207254	2.0842375787205327	18.12645720051766	-270.0955799558229	4091.547996168992
EXTRACTIVE	REU	REU	195597.5040952154	9295.92628274613	517.7355651454543	13710.810721546452	-688.2953267814837	219121.97666465343
EXTRACTIVE	REU	ROW	50485.959323549665	1970.5143823002072	157.98313040655245	1185.382925649361	40.17350619400951	53799.83976190579
EXTRACTIVE	REU	SK	2321.77312294713	45.714976354038534	2.8615820374212735	7.352247864610688	-33.271195060751296	2377.7019292032005
EXTRACTIVE	ROW	DE	17602.837475362456	1682.465249599031	59.27319309001767	28.154886007962176	-229.36097627999507	19372.73080405947
EXTRACTIVE	ROW	FR	19067.88122774045	31.091924066587687	5.587749231159878	9.717906395003583	-62.62796125745678	19114.2788074332
EXTRACTIVE	ROW	IT	20722.55227848291	4241.055315036463	0.6521950156753669	6.63959859126137	0.29831680061946625	24970.89938712631
EXTRACTIVE	ROW	PL	5267.371075714725	168.91469127007275	0.15008663020691726	3.760574653117443	-84.94018014812566	5440.196428268121
EXTRACTIVE	ROW	REU	85505.46041650596	1149.6645556345366	9.64140189775833	1738.6662811838492	-199.38674806520038	88403.43265522209
EXTRACTIVE	ROW	SK	494.66971983658846	9.274893801911471	0.14109300348996262	1.451846700226302	-0.8589357321816805	505.5375533422162
EXTRACTIVE	SK	DE	4.3287791274828225	0.7328431188706676	0.008678836317924045	0.528092587271454	-0.1141317878479256	5.598393669942868
EXTRACTIVE	SK	FR	0.7280590434250569	0.3178778559457934	0.004207376716407386	0.1462563112394761	0.019087444648597286	1.1964005873267338
EXTRACTIVE	SK	IT	1.345443100627749	0.4410651877973314	0.000248240684142708	0.1355501191447179	0.0015616327873668847	1.9223066482539408
EXTRACTIVE	SK	PL	7.072874703183832	0.35350670146200125	0.0007596372592354747	0.06206864172566102	-0.4900288586484852	7.489209683630729
EXTRACTIVE	SK	REU	41.32004438946838	2.234358848648023	0.02101292924374263	1.9856592366452088	-0.8643453426089355	45.56107540400536
EXTRACTIVE	SK	ROW	21.38438536505378	1.526415424439267	0.06660395688052452	1.0705715553368984	0.08790209259853299	24.04797630171047
EXTRACTIVE	SK	SK	251.47491224526993	12.995974115941971	1.437397089738448	0.8599824967640887	-6.061673423513612	266.76826594771444
INC_EE	DE	DE	45.65310112976145	19.075168678832128	1.7630824935571066	1.2330102581045475	4.578308838955727e-5	67.72436256025523
INC_EE	DE	FR	0.37599077912547624	0.10626782581335116	0.0003210131160269653	0.00368888802844202	0.00041778835095766646	0.48626850608329636
INC_EE	DE	IT	0.7781116607010871	0.003996580460898237	3.1252557147149025e-5	0.0018537340480449338	1.2863865985176845e-5	0.7839932277671774
INC_EE	DE	PL	0.3669875418942673	0.002294648147112471	2.5292768974179205e-5	0.0012222722405166012	0.0013611569931393532	0.3705297550508705
INC_EE	DE	REU	5.545996995905693	0.09891445630128966	0.0025524647496301405	0.024395486767845156	0.0666011671408933	5.671859403724458
INC_EE	DE	ROW	1.9138501536280252	0.10384701989274514	0.04814015854950537	0.03363750253276861	0.006190197471511754	2.099474834603044
INC_EE	DE	SK	0.005376687542308994	0.0009736038437156208	2.6661675618875872e-5	0.00036142638389177566	0.00011684715432486056	0.006738379445535267
INC_EE	FR	DE	1.2843867214006526	0.0	0.0	0.0	0.0	1.2843867214006526
INC_EE	FR	FR	58.21233157811055	17.770292711779867	0.0	0.0	0.0	75.98262428989042
INC_EE	FR	IT	1.0084640360781987	0.0	0.0	0.0	0.0	1.0084640360781987
INC_EE	FR	PL	0.02032057696186485	0.0	0.0	0.0	0.0	0.02032057696186485
INC_EE	FR	REU	4.636996586104753	0.033664688036525	0.0	0.0003639835025623803	-0.023765572366047403	4.67102525764384
INC_EE	FR	ROW	1.54599995303896	0.1213605282337034	0.07209964072284215	0.0027886159417162344	0.0006936280287265961	1.742248737937222
INC_EE	FR	SK	0.0004664337728550077	0.0	0.0	0.0	0.0	0.0004664337728550077
INC_EE	IT	DE	0.39576526915705146	0.0076851615708020205	0.0001222556416335019	0.0038757929507749504	0.00010700703808705474	0.4074484793202619
INC_EE	IT	FR	0.13322909313247272	0.033424011006367535	0.0006354157834603133	0.0075103691419849475	0.00045770773798463555	0.17479888906428553
INC_EE	IT	IT	91.17275757672374	26.7918441434342	5.139165256522882	1.4304284112538663	-0.10842972683463285	124.5341953879347
INC_EE	IT	PL	0.036061962733411446	0.0015742371352016975	4.655609352420816e-6	0.00035284610891689723	0.0005386223410840887	0.037993701586882464
INC_EE	IT	REU	1.4242460668691463	0.04629001320885407	0.0018444899144905288	0.024325246315207515	0.0021399827622115963	1.4967058163076985
INC_EE	IT	ROW	1.7605142622997179	0.18720569534663456	0.09995379636965511	0.02605887982095507	0.004596592680907575	2.0737326338369626
INC_EE	IT	SK	0.004049071873087268	0.0002103279714095888	2.8809173562369343e-5	0.00017291832881472595	2.5961497897541797e-5	0.004461127346873952
INC_EE	PL	DE	1.5598084748444534	0.018750481878852827	0.0005599285886530188	0.012333894168845224	-0.0008695437040882627	1.5914527794808044
INC_EE	PL	FR	0.050287168060305025	0.007630436156383259	0.0005645628248803888	0.002466897184178928	0.0005442293492996062	0.0609490642257476
INC_EE	PL	IT	0.296546265525806	0.004690748199809263	7.718494055338211e-5	0.0017455202892025798	9.604844292705556e-5	0.3030597189553712
INC_EE	PL	PL	15.037494917909225	6.931838036429234	1.4498882520485663	0.25729925709278356	0.028192233313842133	23.676520463479807
INC_EE	PL	REU	1.8887460725882947	0.12047105070834688	0.0018956305301412813	0.022977737424948103	0.012530072396268644	2.0340904912517312
INC_EE	PL	ROW	1.0940868794826448	0.08414594261346889	0.024017538643816536	0.016062364029424916	0.002706796214452142	1.2183127247693553
INC_EE	PL	SK	0.057681432306600396	0.019787882927494352	0.0001144933650438968	0.00027034425305124635	-6.710078908415509e-5	0.0778541528521899
INC_EE	REU	DE	6.713366988995251	0.0904120903730593	0.009333289295368925	0.057170526481447125	-0.03479706847792138	6.870282895145126
INC_EE	REU	FR	1.320929510484257	0.3353982078123975	0.00719438003031547	0.030723360252127775	0.003043066625514672	1.6942454585790978
INC_EE	REU	IT	2.495181753486357	0.04374257553689885	0.001691998114541629	0.014332826904246192	0.0007066381066179415	2.5549491540420437
INC_EE	REU	PL	0.9519972275031039	0.019537621730381316	0.0004305882083461936	0.005040849537372826	0.010086093500540617	0.9770062869792042
INC_EE	REU	REU	236.42530165719137	55.15071663823298	47.99317866545382	3.4030435902020892	-5.589489207138691	342.97224055108023
INC_EE	REU	ROW	15.361412341582735	1.976969171726073	0.5537267460283232	0.33057105722644897	0.11580103338468659	18.222679316563582
INC_EE	REU	SK	0.1670454010264387	0.0555530871028374	0.0005997694162156686	0.0017581520831372408	-8.101421708337503e-5	0.224956409628629
INC_EE	ROW	DE	0.37072487009618693	0.0069502219081354465	0.0007247563774275782	0.0035431905866897305	0.0017210739475138949	0.3819430389684397
INC_EE	ROW	FR	0.08029583832006353	0.01712697363741379	0.0011547276560652851	0.002420915161308986	0.00048459153341527005	0.10099845477485159
INC_EE	ROW	IT	0.23780764321135697	0.0027500704480546622	0.00012433063707069085	0.0010045033927019394	9.568039994892953e-5	0.24168654768918427
INC_EE	ROW	PL	0.004362001426990123	0.0013469963385079936	1.85295498862404e-5	0.00043085706635109653	4.707433794492109e-5	0.006158384381735453
INC_EE	ROW	REU	2.2990423489559326	0.06154201929882808	0.002228310217893982	0.02574630394233434	-7.189672722385333	2.388558982414989
INC_EE	ROW	SK	0.003911011634073885	0.00018166291357101438	2.3189295966720415e-5	0.00017364376236054385	5.8762250270063195e-5	0.004289507605972164
INC_EE	SK	DE	0.07057178225211871	0.002357142431537102	3.112800243391055e-5	0.0025071200922833258	0.00016513768925371957	0.07546717277837305
INC_EE	SK	FR	0.0020282294816652276	0.0015614156312371166	2.1924670509574443e-5	0.000704916891789511	0.0001523377622218645	0.00431648667520143
INC_EE	SK	IT	0.12791066323283512	0.0012328443291341076	2.0503010291712903e-6	0.0006228399960187702	1.7432540985751952e-5	0.1297683978590172
INC_EE	SK	PL	0.08471430513822147	0.0013082935449375865	3.529404588345449e-6	0.00034496730753914926	8.182044751358364e-5	0.08637109539528655
INC_EE	SK	REU	0.8907398930850613	0.03070512961045306	0.00011061880823456314	0.004374878101408934	0.0009298979385565804	0.9259305196051578
INC_EE	SK	ROW	0.14161859484111797	0.004093503983708483	0.00014716125910971335	0.0032588930937787254	0.00025242493711168524	0.14911815317771487
INC_EE	SK	SK	0.6137147904905356	0.38014294603458665	0.19471052629284888	0.031149498957687902	-0.00026921983597587843	1.219717761775659
METAL_COMPONENTS	DE	DE	75051.00939108172	7478.059455890089	153.22632031190525	14327.517057228564	1934.0218212677985	97009.81222451228
METAL_COMPONENTS	DE	FR	1561.551996223847	281.00460602042574	6.351133451928929	119.04114846515945	25.42294978785501	1967.948884161361
METAL_COMPONENTS	DE	IT	1248.269844772962	164.86650780619698	0.8395727512682742	100.99000503316101	0.3118665626176378	1514.965930363588
METAL_COMPONENTS	DE	PL	1795.6748264839377	133.07693045476265	0.6255358753656026	192.8657245028387	66.03272061311108	2122.243017316905
METAL_COMPONENTS	DE	REU	11138.17238291437	1302.3444007281523	13.833698661038921	1696.0295227817167	-18.450058926630657	14150.380005085279
METAL_COMPONENTS	DE	ROW	8292.383420024755	1141.1428721779732	31.257419182778374	1527.4396063576712	183.3413808095739	10992.223317743179
METAL_COMPONENTS	DE	SK	515.2256250749884	13.984639587133652	0.65894063970584	13.642330843316401	14.234404557912052	543.5115361451443
METAL_COMPONENTS	FR	DE	519.5485671872827	47.834352411586856	0.0	192.7730685192423	45.689266657278154	760.155988118112
METAL_COMPONENTS	FR	FR	37922.927606045734	1014.4627801164429	0.0	3725.153336116238	305.71420136968186	42662.54372227842
METAL_COMPONENTS	FR	IT	411.5744488876801	46.36713636775215	0.0	26.93254532873441	0.0	484.87413058416666
METAL_COMPONENTS	FR	PL	129.6855531567804	8.067571855415661	0.0	13.576778881361346	4.773471992026369	151.3299038935574
METAL_COMPONENTS	FR	REU	2223.1375890597205	307.90137828847935	0.3927954291409144	457.79686246528695	0.6839712495753579	2989.2286252426275
METAL_COMPONENTS	FR	ROW	3092.7933429669974	398.2091135710272	1.8740899616526834	583.7662172282475	73.76824658218358	4076.642763727925
METAL_COMPONENTS	FR	SK	155.6340806611832	3.535688947528982	0.0	2.66296270269822	4.16297599302186	161.83273231141038
METAL_COMPONENTS	IT	DE	1347.993333589501	145.42972363853156	5.825905011279372	430.6244581287782	101.6330541720767	1929.8734203680901
METAL_COMPONENTS	IT	FR	1583.8572513750937	307.35630692836656	8.896570428946069	114.78937051758945	27.334964276747236	2014.8994992499959
METAL_COMPONENTS	IT	IT	54186.64989443152	2741.404852586252	56.51725462534108	5273.697824584444	-377.55578982663104	62258.26982622755
METAL_COMPONENTS	IT	PL	376.6519136271978	36.30922990638701	0.39545323795834997	42.611904274815295	13.894488001536843	455.9685010463585
METAL_COMPONENTS	IT	REU	4508.0706620018045	742.6412735803552	12.897042654081924	862.6858249469419	24.757958667954036	6126.294803183184
METAL_COMPONENTS	IT	ROW	5822.002039763363	1080.323589536986	25.45274501033379	1362.6867069144917	191.27791456609003	8290.465081225175
METAL_COMPONENTS	IT	SK	216.89765954484966	6.8608520701860165	0.38211219732867574	7.545236853540657	5.694418175970221	231.68586066590498
METAL_COMPONENTS	PL	DE	1185.1983961644771	149.8138196706199	2.33574475828272	369.5387903776901	83.70859704649513	1706.88675097107
METAL_COMPONENTS	PL	FR	266.6616926859817	56.71039419884599	2.5501518291649314	21.112999133629568	5.559611894154743	347.03523784762217
METAL_COMPONENTS	PL	IT	261.71119527477356	52.18475172040358	0.3121813946505234	28.664989191905818	0.2951851064521578	342.8731175817335
METAL_COMPONENTS	PL	PL	12872.832209945867	739.7824242567901	33.02987933215341	2689.501296633183	643.5606559848538	16335.145810167993
METAL_COMPONENTS	PL	REU	2679.920145725971	376.8710304997368	7.849466609270085	399.3232578926648	1.7843737040808025	3463.963900727643
METAL_COMPONENTS	PL	ROW	1073.5664914784156	180.8365995755887	4.337233773502034	228.13841097592558	35.15886206706966	1486.878735803432
METAL_COMPONENTS	PL	SK	206.87654135892873	9.280713714504687	0.8756006559258364	5.144636446427959	4.7946689216227885	222.17749217578722
METAL_COMPONENTS	REU	DE	7691.7019687696165	812.1740531396817	52.801204257040716	2589.949023923889	505.83786116058695	11146.626250090228
METAL_COMPONENTS	REU	FR	3941.439539088771	742.9066320175699	38.36089358757719	289.3152637815998	64.96472373521031	5012.022328475518
METAL_COMPONENTS	REU	IT	2767.0825488489504	377.7021497586471	9.507248340928298	208.53157840857094	1.2900847167894907	3362.8235253570965
METAL_COMPONENTS	REU	PL	1677.6973767666962	147.41254064958744	2.432376778514698	174.36635583154896	60.207860392632035	2001.9086500263475
METAL_COMPONENTS	REU	REU	161791.5519370196	16166.956723156925	606.0042667809304	31768.08039348964	255.01214977478782	210332.59332044708
METAL_COMPONENTS	REU	ROW	24779.36826863644	4140.324978122215	138.5551956856046	5222.760628359107	688.0417848723769	34281.00907080337
METAL_COMPONENTS	REU	SK	1118.8676019234254	35.009669083737855	3.3538336126518113	27.090674248995853	29.458611279211393	1184.321778868811
METAL_COMPONENTS	ROW	DE	3772.402705458381	420.48574067095643	10.115148701133357	1371.1927024176346	345.64268845942934	5574.196297248105
METAL_COMPONENTS	ROW	FR	2897.486588667167	548.1573292257872	17.346379675319003	197.905507084847	45.730843825012556	3660.89580465312
METAL_COMPONENTS	ROW	IT	2212.870500631849	280.62709160093664	2.044848435596823	152.30192999487167	0.9375666965286037	2647.8443706632543
METAL_COMPONENTS	ROW	PL	1390.5646216551302	110.63214260326858	0.4637435649607662	151.635846405208	51.45966555044662	1653.2963542285677
METAL_COMPONENTS	ROW	REU	14398.001154640373	2374.476898442491	26.78470774258907	3141.009398901389	52.21411677925631	19940.272159726843
METAL_COMPONENTS	ROW	SK	496.66584478078164	15.947459812428168	0.43771384838605687	13.344836327796857	14.34837437970416	526.3958547693927
METAL_COMPONENTS	SK	DE	359.0631474246496	37.8543410547889	0.12836080125341173	126.50280928673035	27.582425182129164	523.5486585674223
METAL_COMPONENTS	SK	FR	142.56799892946708	28.97974996962182	0.08795145941443916	11.323583907016262	2.528084213753614	182.95928426551959
METAL_COMPONENTS	SK	IT	131.34719246748458	16.876473466789694	0.005647512068488756	9.96731936414267	0.030247575298377256	158.19663281048543
METAL_COMPONENTS	SK	PL	180.94623368985063	12.017340757249887	0.015528176094049363	16.349887899689367	6.253829408733644	209.32899052288394
METAL_COMPONENTS	SK	REU	1130.7308713590119	103.6545374415681	0.4487272158101214	135.4117716128583	8.7510925058388	1370.2459076292484
METAL_COMPONENTS	SK	ROW	202.30263189899736	33.17575851219377	0.42479274140906936	50.5048960128482	7.76076341916267	286.4080791654484
METAL_COMPONENTS	SK	SK	2275.3834611237435	114.54643165944906	8.063422402458553	101.11214672303481	57.26554282539299	2499.1054619086854
NEW_ELMA	DE	DE	23318.528230128053	8256.701517331678	209.80863217662431	5662.90171636982	1031.7861068459035	37447.940096006176
NEW_ELMA	DE	FR	1370.0351273822141	414.62454192218684	6.809421296135521	154.6677230546284	66.25939730898989	1946.1368136551648
NEW_ELMA	DE	IT	1242.0454844333865	387.2006084430075	0.878384948975875	289.3068169994322	0.3281870217383535	1919.431294824802
NEW_ELMA	DE	PL	784.6702317436905	209.81469337750903	0.753091137979856	149.5097760280798	63.86071541351803	1144.747792287259
NEW_ELMA	DE	REU	8566.05966555356	2819.381315814283	18.605058618992008	2710.171426654178	275.08882023712283	14114.217466641014
NEW_ELMA	DE	ROW	8499.893845631193	2567.3382251039325	45.40543411153398	2862.0625972448456	336.095374200496	13974.700102091505
NEW_ELMA	DE	SK	445.85225148297855	52.33116232366678	0.6934163692161243	64.03504046637444	32.695962824058164	562.911870642236
NEW_ELMA	FR	DE	636.0557581767353	118.96835336454748	0.0	193.64668502563453	55.9262416836323	948.6707965669173
NEW_ELMA	FR	FR	2886.117509059071	609.9599730206926	0.0	270.7745195861904	116.98407222584035	3766.8520016659536
NEW_ELMA	FR	IT	500.88362426557546	153.0544749554922	0.0	113.93581003543845	0.0	767.8739092565061
NEW_ELMA	FR	PL	121.91865669571429	30.927503464971785	0.008122271747183732	23.055891205444684	10.560010043140512	175.91017363787796
NEW_ELMA	FR	REU	2103.465214695247	898.9763738760564	0.9020294676347401	828.1181550973027	87.87097876022251	3831.461773136241
NEW_ELMA	FR	ROW	2984.13107037731	1049.733010411371	6.2895201983150715	1083.578460992441	168.25738361827933	5123.732061979437
NEW_ELMA	FR	SK	43.490976371424054	5.114906896534763	0.0	6.072684118118295	3.2420300398797655	54.67856738607711
NEW_ELMA	IT	DE	894.6328175942983	173.52860410259973	2.1807562280973065	273.51927131378693	81.4972622647076	1343.8614492387824
NEW_ELMA	IT	FR	906.631189513824	290.2265908475635	3.3101517051642158	97.34788500340676	45.24228104560933	1297.5158170699583
NEW_ELMA	IT	IT	10099.863791603635	2202.0468944317413	53.68696409604187	1193.7974627916842	-119.78299269588818	13549.395112923103
NEW_ELMA	IT	PL	249.1054894384674	65.18247589793097	0.16991365289056293	47.78115292668519	20.67052663249301	362.2390319159741
NEW_ELMA	IT	REU	2460.583948237243	1038.0432489926793	4.765353738694628	975.2548488735258	171.23759388589568	4478.6473998421425
NEW_ELMA	IT	ROW	3488.7859223068826	1285.271973681142	17.969269648803877	1323.498279592188	211.35964974041707	6115.525445229016
NEW_ELMA	IT	SK	93.36390961189593	11.024116076233586	0.13949108305500912	13.538082713093138	6.725123423493663	118.06559948427766
NEW_ELMA	PL	DE	747.6005718054847	144.8238144225436	0.4642531674046463	227.22286840670745	67.59880500140217	1120.1115078021403
NEW_ELMA	PL	FR	294.83998347626795	91.83193431742234	0.4365676493519178	29.98563112933077	15.026658058928648	417.09411657237297
NEW_ELMA	PL	IT	236.8791784380926	74.23052882149285	0.05769864888441831	54.61525597651248	0.057311159835561724	365.7826618849823
NEW_ELMA	PL	PL	1884.6411994575928	770.9613295653268	25.128265335892046	532.4759811152813	58.14083240215938	3213.206775474093
NEW_ELMA	PL	REU	1372.840388358521	555.3026995204905	1.91790725686903	429.8455734235134	49.287685935584896	2359.906568559394
NEW_ELMA	PL	ROW	750.1299507222835	272.21483307008936	2.5496507047486334	270.4956397089373	42.20854169849263	1295.390074206059
NEW_ELMA	PL	SK	89.16802874034339	10.643155132321644	0.12935059122433037	12.010427214105903	6.442899566558886	111.95096167799525
NEW_ELMA	REU	DE	5297.232826535244	1009.8083056858846	15.687552808902334	1599.5227117307186	465.3529489122398	7922.25139676075
NEW_ELMA	REU	FR	2173.595181771963	672.30427720545	11.453565625155687	229.98488413534392	106.76560852824095	3087.3379087379126
NEW_ELMA	REU	IT	1620.2307996997142	496.1409517523109	2.783821278202048	364.5518376875651	0.47937784843795217	2483.7074104177923
NEW_ELMA	REU	PL	808.330577066442	212.12563660940955	0.8165785761875111	151.3078604737166	67.09357959218836	1172.5806527257557
NEW_ELMA	REU	REU	41483.67825488118	13980.474557493402	223.62512281584844	11737.23901846076	150.02907220864236	67425.0169536512
NEW_ELMA	REU	ROW	12342.732230861428	4313.310580103093	70.46628817013908	4361.982628182361	678.08436299878	21088.49172731702
NEW_ELMA	REU	SK	496.0926902791198	58.55732112240999	0.9791597501657953	68.20304056445218	36.06141148003106	623.8322117161478
NEW_ELMA	ROW	DE	4897.986871628051	978.3161854217935	7.54211433139595	1538.9777875061754	493.2082211014709	7422.822958887416
NEW_ELMA	ROW	FR	3463.522314073293	1106.2566386451992	11.431094993774702	359.8290112691932	176.67860795009	4941.03905898146
NEW_ELMA	ROW	IT	1950.8350987513684	605.3853343826145	1.306020906766317	441.0621579337008	0.5871840016820213	2998.5886119744496
NEW_ELMA	ROW	PL	1374.788973410978	366.5036574112898	0.49396932629707874	265.4624155410552	117.00114205973233	2007.2490156896201
NEW_ELMA	ROW	REU	12820.814044815925	5939.475304023418	18.69839197118759	4620.707735230577	695.6615041703101	23399.69547604111
NEW_ELMA	ROW	SK	606.4206085978469	73.47603254822812	0.279397110261827	86.44240505922868	46.113111534776735	766.6184433155655
NEW_ELMA	SK	DE	288.0733563104184	58.469224911750025	0.13787428694018938	92.2706509710109	25.495220555914393	438.9511064801195
NEW_ELMA	SK	FR	110.1684870150257	38.113615055885774	0.08376289112395655	13.096875451549138	5.895826533692566	161.46274041358458
NEW_ELMA	SK	IT	69.95496806488757	23.76367850473121	0.005461088393824881	17.41595910575889	0.025568789632913577	111.1400667637715
NEW_ELMA	SK	PL	83.96008210662453	22.30250531859103	0.01416179768470374	15.964015210123495	6.919896683383079	122.24076443302376
NEW_ELMA	SK	REU	580.2901730090678	169.79906092059875	0.48472515529212146	150.9678250006361	30.107157133201053	901.5417840855948
NEW_ELMA	SK	ROW	227.1680180278861	71.15568713944725	0.5389697929545069	76.41889364418542	9.022316295345355	375.28156860447325
NEW_ELMA	SK	SK	164.84536955197729	65.50917849910827	3.625702416833445	21.170564796353187	2.8381679639914172	255.15081526427215
NEW_OFMA	DE	DE	0.4455358897377841	0.32338099870923154	0.007216863312658321	0.2014300482208283	-0.26293937642769644	0.9775637999805024
NEW_OFMA	DE	FR	0.011116259747504834	0.0035910872912969173	0.00010971124679855636	0.0011029460981315537	0.00012491590026057674	0.01592000438373186
NEW_OFMA	DE	IT	0.0025841168693264216	0.008381370204770597	1.3543693370337078e-5	0.009807018417240602	5.337633464951726e-6	0.020786049184707958
NEW_OFMA	DE	PL	0.0017317884573528678	0.0037602223294862535	1.056908491466841e-5	0.00030018255961621797	-0.00938911389089197	0.005802762431370008
NEW_OFMA	DE	REU	0.6859306623207607	0.09237205870390403	0.0002465658911628652	0.1689365387534716	0.0004287784278738963	0.9474858256692992
NEW_OFMA	DE	ROW	0.41855795950686014	0.1049962686377923	0.0008356794350997377	0.15247044441418114	0.0004948505653475954	0.6768603519939334
NEW_OFMA	DE	SK	0.000564879867270289	6.822873598520252e-5	1.0765750015124223e-5	0.00011330378147198605	3.1053041095012866e-5	0.0007571781347426018
NEW_OFMA	FR	FR	0.019039824585258287	0.0035613922988388513	0.0	0.0	0.0	0.022601216884097136
NEW_OFMA	FR	REU	0.4518064468701238	0.028814442519851408	0.0	0.07588575188403321	0.0	0.5565066412740084
NEW_OFMA	FR	ROW	0.20061035456252227	0.051545444700562555	0.0	0.07830903038556028	0.0	0.3304648296486451
NEW_OFMA	IT	DE	39.881859667090595	21.780293871607803	0.8609376487337326	28.422269493517838	22.95432875057463	90.94536068094996
NEW_OFMA	IT	FR	99.44768450930485	40.51027934188076	1.1081649250450876	24.241118715538	3.336140690322398	165.3072474917687
NEW_OFMA	IT	IT	1183.0608320632302	347.07975709153624	11.325739624159809	266.39286255714	-0.0062734075857361375	1807.8591913360663
NEW_OFMA	IT	PL	13.136686432098298	8.709282662882393	0.030666820421507444	4.864954406016509	1.0204240216921345	26.741590321418705
NEW_OFMA	IT	REU	201.1429545332406	96.27020960365354	1.1631606195022224	160.55335340913552	11.545053223456511	459.12967816553186
NEW_OFMA	IT	ROW	399.6720157615292	153.3796809773853	11.656593963447207	206.18019346424728	22.107165199882242	770.888484166609
NEW_OFMA	IT	SK	6.709063488552445	1.0945698020334322	0.029487717549348546	1.3568715216900464	0.7376432894188124	9.189992529825272
NEW_OFMA	PL	DE	5.713918178874646	3.6983652676544616	0.08344473353909782	4.879171018043534	4.336839545266887	14.37489919811174
NEW_OFMA	PL	FR	3.112197017960743	1.2508142415932682	0.013438414888897078	0.7666307603243693	0.09864353503425931	5.143080434767278
NEW_OFMA	PL	IT	1.7360584489698225	1.380078569293245	0.0010057742722142122	1.3998140884381811	0.0009643161075057698	4.516956880973463
NEW_OFMA	PL	PL	38.233424171857514	11.39869084331246	0.3090261791247875	11.547671030497355	-2.2761431110249903	61.48881222479211
NEW_OFMA	PL	REU	22.77468622929162	10.649505260062785	0.06619065840077112	16.42782221543125	0.3644809713082913	49.918204363186426
NEW_OFMA	PL	ROW	10.343719061908233	4.097577321884154	0.28379773471063013	5.9181793172181765	0.5003770100012016	20.643273435721195
NEW_OFMA	PL	SK	0.8560773697146641	0.1353228116306255	0.0027010691198234506	0.13996511505155002	0.08915152361586003	1.1340663655166632
NEW_OFMA	REU	DE	179.6091827832609	118.23246823046203	3.79796806782136	156.30490804250636	143.02169527708807	457.94452712405064
NEW_OFMA	REU	FR	183.06030127827188	70.33486557863465	1.6264577164755138	46.07170146251759	5.384838798006226	301.0933260358996
NEW_OFMA	REU	IT	112.44311935473813	89.60232723057105	0.1796939487907732	94.34004463488021	0.042612979270282625	296.5651851689802
NEW_OFMA	REU	PL	39.17982563526397	29.984744240533477	0.0468218485423751	15.79896817915	3.1456855939159345	85.01035990348981
NEW_OFMA	REU	REU	3030.532603638541	1294.6347897237838	41.36260318493227	1635.8862030682183	-76.60894806559715	6002.416199615475
NEW_OFMA	REU	ROW	1382.1135601022643	497.5558333310943	42.30591762271285	707.0974408340378	67.53258753669007	2629.072751890109
NEW_OFMA	REU	SK	17.753769081478133	2.777613799136684	0.06328048559652732	3.0839166289719295	1.9965344614950198	23.678579995183277
NEW_OFMA	ROW	DE	1284.6733414595994	950.920048039809	25.08096269877194	1262.5932542164273	1186.9097702900008	3523.267606414608
NEW_OFMA	ROW	FR	1409.7634481755044	567.1896344910491	10.096388052378702	366.6989852435098	43.01964285756756	2353.748455962442
NEW_OFMA	ROW	IT	333.90035121923773	270.5188770587067	0.3146121565264395	282.48848866407	0.15470592491989885	887.222329098541
NEW_OFMA	ROW	PL	445.5183258146867	359.485767108431	0.1704914028053831	191.291767298984	37.29239590820603	996.4663516249071
NEW_OFMA	ROW	REU	5085.175697168558	2399.5739468254887	16.568726037847593	3986.000780014476	317.1632789491133	11487.319150046369
NEW_OFMA	ROW	SK	471.2438185790197	75.99932456478284	0.06986597702763327	86.29276601648468	57.53683186587477	633.6057751373148
NEW_OFMA	SK	REU	0.040164197328818076	0.0	0.0	0.0	0.0	0.040164197328818076
NEW_OFMA	SK	ROW	0.006788081523308779	0.0	0.0	0.0	0.0	0.006788081523308779
NEW_RATV	DE	DE	14654.252213097412	9132.345301769035	417.5668102438679	5890.977645935955	-6703.043766960413	30095.141971046272
NEW_RATV	DE	FR	1107.7544708371884	426.63897828339867	8.617442167310767	289.95993027255895	33.307820407050436	1832.970821560457
NEW_RATV	DE	IT	738.1059212043606	599.7609532216426	0.4071063867931993	634.6986156483462	0.15928078933194043	1972.9725964611425
NEW_RATV	DE	PL	575.2573292291048	449.0701098074232	0.4352294468043706	238.02062783241112	47.44605995729318	1262.7832963157434
NEW_RATV	DE	REU	7055.827154873573	2788.0593478516394	27.60511532743266	4891.923085644218	182.2438059671581	14763.414703696864
NEW_RATV	DE	ROW	9949.894671916894	2925.0947511823924	216.45980260088518	4351.517481982573	344.00823889372555	17442.966707682746
NEW_RATV	DE	SK	245.20008629643146	38.7394079813398	0.3235171452165188	45.101844192875774	28.888276149722802	329.3648556158635
NEW_RATV	FR	DE	309.42583228728824	238.5069536331118	6.052693473461496	318.8882823328082	302.9098875826138	872.8737617266698
NEW_RATV	FR	FR	1724.8309605487893	471.5202712798623	24.13487962432746	301.8177659692701	135.89234587012214	2522.303877422249
NEW_RATV	FR	IT	350.46870481430994	307.3726145037581	0.0	328.72920739895756	0.0	986.5705267170256
NEW_RATV	FR	PL	68.85976566803302	56.78819762773343	0.006470704894628676	30.236490775590795	5.8427975645678885	155.8909247762519
NEW_RATV	FR	REU	1969.9392887469885	903.1533673145151	4.772415153600877	1807.7012360215883	83.48629658816841	4685.566307236692
NEW_RATV	FR	ROW	3464.8627539360905	1182.2196085149712	90.30511068931692	1778.1159510332084	165.40037226603098	6515.503424173587
NEW_RATV	FR	SK	36.90229159235089	5.95529294330766	0.0	6.767245877246216	4.535074975311729	49.62483041290477
NEW_RATV	IT	DE	138.96830052995662	75.84501944085662	3.0085610075291362	98.97647977076655	79.93575444775314	316.7983607491089
NEW_RATV	IT	FR	346.4199615624897	141.062469186301	3.8710893048030206	84.41584802274403	11.625673325792667	575.7693680763377
NEW_RATV	IT	IT	4119.689660746553	1208.5218097471277	39.43663297690615	927.5851988347393	-0.011402552935499055	6295.233302305327
NEW_RATV	IT	PL	45.85739106654807	30.348443892130955	0.10760270452560458	16.954411652723323	3.5564754741493454	93.26784931592795
NEW_RATV	IT	REU	699.6190176417721	335.2151379660223	4.05700406014021	559.049935252694	40.206173343902705	1597.9410949206285
NEW_RATV	IT	ROW	1391.5193709709658	534.0640904736872	40.590569273883794	717.9155584768731	76.98368889868873	2684.08958919541
NEW_RATV	IT	SK	23.437712869129797	3.8195789929638284	0.10267677476170127	4.737633115106142	2.579044288012154	32.09760175196146
NEW_RATV	PL	DE	220.4710273463018	140.9435950055252	3.482995018305618	185.96528137623875	165.29422812863405	550.8628987463715
NEW_RATV	PL	FR	120.90284482892633	47.805776611366745	0.8554657134033363	29.43383629945304	4.028691173945606	198.99792345314947
NEW_RATV	PL	IT	68.44401175852664	52.78544360622853	0.038308969591742265	53.531449004169794	0.03673301341342313	174.79921333851672
NEW_RATV	PL	PL	1459.1819118057922	434.3062413036795	12.29879276153959	439.88654662834375	-86.40718281256024	2345.673492499355
NEW_RATV	PL	REU	850.0755141905042	405.3917605324062	2.742800546042433	625.3052528462629	14.083962088945146	1883.5153281152157
NEW_RATV	PL	ROW	389.8296758334709	155.84139594816452	10.9279659952277	225.26500730623368	19.262820156052538	781.8640450830968
NEW_RATV	PL	SK	33.81963441497231	5.4038190884515345	0.10285338501374203	5.682046360200756	3.695787073851441	45.00835324863835
NEW_RATV	REU	DE	3200.7564081705236	2106.6066487476346	67.73399856343059	2784.988981250124	2548.2993981889995	8160.086036731714
NEW_RATV	REU	FR	3262.295831860414	1253.2029350184023	29.05890701664727	820.9166933265479	95.98943517111924	5365.474367222011
NEW_RATV	REU	IT	2003.903892906847	1596.5190377352142	3.2024397787992562	1680.9239490868376	0.7593608834167336	5284.549319507698
NEW_RATV	REU	PL	698.7091917573844	534.4175637130442	0.9529344230772097	281.5937694472085	56.036383274560286	1515.6734593407145
NEW_RATV	REU	REU	53987.02812688571	23066.482170338862	736.980500780885	29146.918177826698	-1364.9228472035531	106937.40897583215
NEW_RATV	REU	ROW	24622.97865259765	8865.024803747092	753.7635754742716	12598.503382177887	1203.266307468646	46840.2704139969
NEW_RATV	REU	SK	316.66126254917725	49.526243634003755	1.127770749726123	55.029626223085664	35.63122476737187	422.34490315599277
NEW_RATV	ROW	DE	4629.321518807639	3426.4645236522224	90.38754147201857	4549.5258297262135	4276.812835219817	12695.699413658094
NEW_RATV	ROW	FR	5080.026941486056	2043.7652258358203	36.396173874940864	1321.3393697281947	155.02371759943995	8481.527710925013
NEW_RATV	ROW	IT	1203.2770334541126	974.7733252802986	1.133646674855511	1017.9032316654058	0.5574541110278528	3197.087237074672
NEW_RATV	ROW	PL	1605.5402853497842	1295.3722154525813	0.6368537880869537	689.3025936108609	134.3772405223352	3590.8519482013135
NEW_RATV	ROW	REU	18322.277019147987	8646.420760733841	59.709121015320925	14362.796961133008	1142.8437705058222	41391.203862030154
NEW_RATV	ROW	SK	1698.1572045551547	273.85816585350517	0.2517492764520757	310.95611812747893	207.33573195897443	2283.223237812591
NEW_RATV	SK	DE	147.64144219370368	108.13709556658586	2.713727776119294	145.54783248970315	135.97635525609806	404.040098026112
NEW_RATV	SK	FR	134.7504418076755	54.4993682417355	0.7278246639502073	35.613759292151684	4.108121672973389	225.59139400551288
NEW_RATV	SK	IT	99.28688587470269	84.83509384931719	0.0005424577860232825	90.43612802102446	0.0025038830086468555	274.55865020283034
NEW_RATV	SK	PL	70.2468201286672	54.578591712067414	0.00715495626985974	29.192310675327793	5.729439374597008	154.02487747233226
NEW_RATV	SK	REU	1048.2490155104317	438.4718811794589	2.6353454913688585	694.8347138702196	15.79198042878713	2184.190956051479
NEW_RATV	SK	ROW	125.3303727249939	42.39934406643719	3.728128250925772	61.983970534928204	7.063275829839778	233.44181557728507
NEW_RATV	SK	SK	150.19221220722247	33.30748845731098	1.1845415848915342	18.469261357817246	10.269876333051586	203.15350360724227
OTHER_MANUFACTURING	DE	DE	394298.4594895845	170709.21000316483	11942.533453706452	96400.36052654596	-27013.400433372906	673350.5634730016
OTHER_MANUFACTURING	DE	FR	30360.667679350114	10994.407331953367	1467.414183681101	6145.824149426958	1406.6040239741978	48968.313344411545
OTHER_MANUFACTURING	DE	IT	19965.020140767458	8935.008922221281	202.2351507772971	6028.800576956592	74.27938343519877	35131.06479072263
OTHER_MANUFACTURING	DE	PL	14620.87002570173	5659.761401598798	149.157479609313	3322.33082306111	504.8073168128774	23752.11972997095
OTHER_MANUFACTURING	DE	REU	138774.5833155543	60146.91007992075	2837.1824802020315	56323.567095320315	4151.467519013814	258082.2429709974
OTHER_MANUFACTURING	DE	ROW	114137.87447926229	45906.05359676242	5260.940407809235	64985.833336926844	4599.088320472679	230290.7018207608
OTHER_MANUFACTURING	DE	SK	4803.861169013499	618.6670243479457	156.41895911599727	1163.1690124032866	278.84197491864126	6742.116164880729
OTHER_MANUFACTURING	FR	DE	15019.551863937664	4424.137280537105	524.0526829782087	12310.219154557923	-226.84851264929168	32277.9609820109
OTHER_MANUFACTURING	FR	FR	123895.35593361246	36246.57354389155	2395.8071643232433	14273.148860724026	2532.8037765650784	176810.8855025513
OTHER_MANUFACTURING	FR	IT	9553.594451358611	4818.271602399907	221.0336809969459	2418.5754579578334	40.69005225076153	17011.475192713297
OTHER_MANUFACTURING	FR	PL	2059.6202009735575	877.913436753853	50.33529736635935	522.3193073290178	66.85111001049992	3510.188242422788
OTHER_MANUFACTURING	FR	REU	42877.337800231566	22026.753432529465	1262.7202140090146	29667.701864634793	1983.3648521600628	95834.51331140482
OTHER_MANUFACTURING	FR	ROW	54291.5864860822	23117.618471082606	3995.986757636177	28863.146151158428	2846.649330823464	110268.33786595939
OTHER_MANUFACTURING	FR	SK	808.7047403931019	115.2595664016739	59.027947670924156	181.6995339262573	46.50650538489157	1164.6917883919573
OTHER_MANUFACTURING	IT	DE	11038.35522263369	3886.1367992065584	459.7276508031338	4216.607993844891	1382.6874374283684	19600.827666488272
OTHER_MANUFACTURING	IT	FR	14157.021490879546	6764.838876444736	695.1654517189262	2499.0991874537767	644.067694658235	24116.125006496986
OTHER_MANUFACTURING	IT	IT	217997.0917592928	67129.83536893137	2267.439986130701	27100.80712402419	1863.4055334760624	314495.17423837906
OTHER_MANUFACTURING	IT	PL	2767.1579753227675	1260.9511354234073	31.371809603887808	824.2573426301018	123.56045145205329	4883.738262980164
OTHER_MANUFACTURING	IT	REU	40974.176544816895	21673.32913779379	805.0783278007511	18371.73477497535	1011.5777776869701	81824.31878538679
OTHER_MANUFACTURING	IT	ROW	60370.84670846731	31332.25695505557	1704.780223156149	30694.807105397216	2790.390228435216	124102.69099207624
OTHER_MANUFACTURING	IT	SK	806.7560130686503	182.50800867707923	29.931572914640938	317.20349185995224	52.67293853537067	1336.3990865203227
OTHER_MANUFACTURING	PL	DE	9201.574241170269	3728.3586242615916	120.23152209615375	3079.723497262695	781.6511153814232	16129.887884790709
OTHER_MANUFACTURING	PL	FR	2378.3815470768486	1166.0701360325086	131.89966262153857	394.68156159175555	126.37699439377958	4071.032907322651
OTHER_MANUFACTURING	PL	IT	2140.7676002154913	1548.5569161807916	16.399939748595195	761.8125877188841	15.396215961974592	4467.537043863762
OTHER_MANUFACTURING	PL	PL	61543.48294349131	15279.371705694799	490.98966700438956	6770.166451467015	184.58936777019431	84084.01076765751
OTHER_MANUFACTURING	PL	REU	20162.70752097364	9018.622473777257	395.1008020330982	5150.580057089668	595.5498675290318	34727.01085387367
OTHER_MANUFACTURING	PL	ROW	8387.727663515803	3568.871316658159	166.126860151953	2790.0826828193967	293.22578590553053	14912.808523145311
OTHER_MANUFACTURING	PL	SK	1437.3745530266804	306.7644743745686	47.15258992350274	120.99482819523139	61.76892688439637	1912.286445519983
OTHER_MANUFACTURING	REU	DE	91923.93272204055	27942.913951492756	7779.302643812973	29145.59144360287	5311.454183235175	156791.74076094915
OTHER_MANUFACTURING	REU	FR	48772.30805150068	23271.758011027097	5576.583762866052	7958.327507160765	2395.6361971698007	85578.9773325546
OTHER_MANUFACTURING	REU	IT	39873.83816218419	18091.11792321217	1396.8050695827624	8057.016671631973	147.2598744272873	67418.7778266111
OTHER_MANUFACTURING	REU	PL	15730.941911025217	7036.522753992534	358.31258520547095	2921.309341701959	443.8411289562713	26047.08659192518
OTHER_MANUFACTURING	REU	REU	1.0892677684508604e6	369402.17162374826	33757.334444438944	207979.93145488243	15639.48763818234	1.7004072059739302e6
OTHER_MANUFACTURING	REU	ROW	279558.0200092847	128764.35819700983	15230.617368257774	88974.82841902816	8040.18948314672	512527.8239935805
OTHER_MANUFACTURING	REU	SK	9134.374163902869	1585.6291857822935	491.9142763090091	1249.4353040539038	452.5727877356191	12461.352930048075
OTHER_MANUFACTURING	ROW	DE	49760.29162744933	23706.287153382687	2618.076173256698	21010.798596352382	10791.675460268294	97095.4535504411
OTHER_MANUFACTURING	ROW	FR	47912.6913117991	23719.964271188688	4503.118536944419	6720.011048277528	1993.5538022246592	82855.78516820974
OTHER_MANUFACTURING	ROW	IT	30309.557660143768	14437.572663359522	528.8935477467884	5215.833170472069	232.40415330027685	50491.85704172215
OTHER_MANUFACTURING	ROW	PL	11410.658763707794	6472.00865707214	121.49993500989663	3016.8105156904103	486.9968766223655	21020.977871480238
OTHER_MANUFACTURING	ROW	REU	191878.80471293526	120815.80162696326	4705.908785266706	94346.83266351104	4122.997873777808	411747.34778867627
OTHER_MANUFACTURING	ROW	SK	4584.971673580129	1216.604248532117	113.23841940872529	1196.4267057097172	379.0403589111448	7111.241047230689
OTHER_MANUFACTURING	SK	DE	3530.270197240117	1484.155948957494	19.846026109375305	1794.6830319030869	112.74555857669813	6828.955204210073
OTHER_MANUFACTURING	SK	FR	1185.1478593470629	1083.6054662840625	13.976741106046543	480.61747554029256	109.53648873988618	2763.3475422774645
OTHER_MANUFACTURING	SK	IT	1056.38354017286	743.1626782615051	0.7724619909992437	446.3468201793115	4.667506282605235	2246.665500604676
OTHER_MANUFACTURING	SK	PL	987.1505423501278	446.0219058363959	2.6368735618848147	211.9540430748876	40.24027883630615	1647.7633648232961
OTHER_MANUFACTURING	SK	REU	10152.066928013404	4081.2361599700203	58.61844699373319	3009.272168278608	405.32162328019837	17301.193703255765
OTHER_MANUFACTURING	SK	ROW	3075.7279909141	1625.0350727835985	32.59558862729284	2167.592427565419	173.55863105934685	6900.95107989041
OTHER_MANUFACTURING	SK	SK	7872.001229538738	1345.1280020869701	41.65169396370273	585.3772541843729	280.8015383894465	9844.158179773784
OTHER_SERVICES	DE	DE	894678.7047347677	589176.0276480825	39237.47632811486	140810.90935794846	-726.5772024730875	1.6639031180689137e6
OTHER_SERVICES	DE	FR	8530.344514167651	1466.3845153611767	61.224354785377834	3722.273062200087	45.1587296750779	13780.226446514293
OTHER_SERVICES	DE	IT	4005.661127009306	185.79229217340705	1.613204096219905	577.0721865055524	2.707339190464857	4770.138809784485
OTHER_SERVICES	DE	PL	2612.8755275673625	1270.5765506047956	4.275106777779694	191.5076565228575	295.4998079994077	4079.2348414727953
OTHER_SERVICES	DE	REU	49582.11026665382	8873.379359430239	291.1436512644914	10448.984637019728	321.3277479067095	69195.61791436828
OTHER_SERVICES	DE	ROW	34200.94747329808	14846.792170667879	2669.5395125295304	9795.81043941985	301.90069675322565	61513.08959591535
OTHER_SERVICES	DE	SK	420.23275096213723	52.45320175628809	2.082070441084702	84.58788377443454	5.314215537606447	559.3559069339445
OTHER_SERVICES	FR	DE	8734.615601903206	842.6548833687491	4.2174675391748835	1453.2437028690558	85.93445955297675	11034.731655680185
OTHER_SERVICES	FR	FR	710672.2241122423	467641.49302451685	54483.78315133064	148984.88616522864	1001.7851291548764	1.3817823864533186e6
OTHER_SERVICES	FR	IT	4938.34530687889	125.90008367902492	0.00013761218245643685	509.85835399776136	7.2393408768633	5574.103882167859
OTHER_SERVICES	FR	PL	885.1085229372585	328.3902875871804	0.25960971287129103	94.76239115104377	73.02579892268965	1308.5208113883539
OTHER_SERVICES	FR	REU	42443.7981367021	5594.293044643176	121.88837704646937	6473.34271206213	123.75416643594454	54633.32227045387
OTHER_SERVICES	FR	ROW	38219.13935912312	11782.787460130776	2120.8751340667554	6402.731084657942	244.66958701841912	58525.533037978596
OTHER_SERVICES	FR	SK	206.47072744306064	11.847694914331662	1.1507213029905967	23.436933145496415	4.897330245961427	242.90607680587934
OTHER_SERVICES	IT	DE	2178.7801579386796	498.6989258739599	6.320492838121384	426.9412177010327	48.16622224769087	3110.7407943517937
OTHER_SERVICES	IT	FR	2248.8928894020673	649.2249169603608	20.444894109569844	720.2826661037349	21.26630365690281	3638.845366575733
OTHER_SERVICES	IT	IT	502519.0892561369	381240.5468113168	18718.482241216698	71357.50420540199	1403.050628429842	973835.6225140725
OTHER_SERVICES	IT	PL	370.6377967571037	162.84338245452855	0.7802648917658821	45.54198709178468	51.3485551140574	579.8034311951828
OTHER_SERVICES	IT	REU	11176.03371299337	1986.8161196883068	82.81243318910151	2151.806175499899	78.61746641692758	15397.468441370678
OTHER_SERVICES	IT	ROW	9792.158599419088	4432.255912670092	467.74759285904383	1838.9006197438023	94.00833430982343	16531.062724692027
OTHER_SERVICES	IT	SK	118.44217992494985	9.302292224991202	1.1347792836708435	19.85694822032438	2.8122720890256696	148.73619965393627
OTHER_SERVICES	PL	DE	2167.4185006654016	371.6784482976749	4.281687813870963	286.22895527651747	65.97028113774998	2829.607592053465
OTHER_SERVICES	PL	FR	555.345214399883	157.8612084796315	5.0600040540206255	254.36018005044056	5.493634832698338	972.6266069839758
OTHER_SERVICES	PL	IT	276.11772618010747	35.530083155345906	0.4152634576682323	42.32924282574676	0.7246187644860421	354.39231561886834
OTHER_SERVICES	PL	PL	85705.95178208045	66695.71662248949	7289.943246455635	10025.718223747597	397.784136107628	169717.32987477316
OTHER_SERVICES	PL	REU	5107.527860126138	1131.7531800056365	32.22762166362182	1211.8390872539414	63.46223502031166	7483.347749049338
OTHER_SERVICES	PL	ROW	2518.5451588104906	997.86724407114	96.34083009980061	650.8881150692088	16.84184191490792	4263.64134805064
OTHER_SERVICES	PL	SK	129.30857492437482	12.539955744753318	1.456677588094897	7.66638133750737	2.665428003176585	150.9715895947304
OTHER_SERVICES	REU	DE	58574.6147027668	10843.733637517707	75.31238741167763	6733.310540635278	1037.2292988516217	76226.97126833146
OTHER_SERVICES	REU	FR	40228.54279984885	7524.1464843357735	212.97271178894653	12107.24868079731	51.07591527160403	60072.91067677089
OTHER_SERVICES	REU	IT	26200.358273313588	1028.4094051979175	16.43010318908121	2192.775702747686	110.27709631043287	29437.973484448277
OTHER_SERVICES	REU	PL	6277.272072429406	2834.006422923106	7.839263649817483	551.5805250734809	331.0483453149553	9670.69828407581
OTHER_SERVICES	REU	REU	2.782878636674625e6	2.1806264824738223e6	106407.24454773434	439102.9930562676	10062.478929481545	5.509015356752449e6
OTHER_SERVICES	REU	ROW	240573.43176627217	110467.06862821683	8220.316280989256	49148.113434408	1812.4467256434186	408408.9301098863
OTHER_SERVICES	REU	SK	2133.689628082704	149.26431776298796	15.482191825327181	135.71059637975577	28.61421302586996	2434.146734050775
OTHER_SERVICES	ROW	DE	33857.80813568796	11665.480628231253	9.347838854267065	3041.504973102255	401.17881301709906	48574.141575875736
OTHER_SERVICES	ROW	FR	26480.419832411808	6805.513599172069	172.52976398656384	6249.73940950083	104.1219259669341	39708.20260507127
OTHER_SERVICES	ROW	IT	12991.620157397396	527.9558394474706	2.713573521415013	872.2364535678726	21.81805806524708	14394.526023934151
OTHER_SERVICES	ROW	PL	3027.7977533153908	2102.915850727656	7.763165044109875	130.85261293134903	-56.31814344157794	5269.329382018505
OTHER_SERVICES	ROW	REU	212144.6264146959	42744.98823386148	2183.136358415588	39256.695824492774	1828.956663349584	296329.44683146576
OTHER_SERVICES	ROW	SK	754.749459983618	76.66303715088388	11.178514049208582	65.32739149228462	32.67009325837705	907.918402675995
OTHER_SERVICES	SK	DE	413.3244515464157	66.83675176252066	0.4264341251934145	79.51824296992459	6.103682360457439	560.1058804040543
OTHER_SERVICES	SK	FR	105.85077217713942	38.227091697498594	0.2796494095327575	43.10965899401446	1.9485250221663346	187.46717227818525
OTHER_SERVICES	SK	IT	121.66785982283216	22.552977790117765	0.0260414126205867	14.915287822625322	0.18827875205883862	159.16216684819585
OTHER_SERVICES	SK	PL	118.23536035178557	41.3914499313518	0.037517578662469055	15.212121274635129	3.3858820247619037	174.87644913643499
OTHER_SERVICES	SK	REU	1618.3265470705007	239.6287675065523	2.9788477825778217	248.79736033561818	16.166750462888963	2109.731522695249
OTHER_SERVICES	SK	ROW	491.79419759246747	187.5458855336028	14.41490358291395	150.81992278201972	4.69187751750079	844.574909491004
OTHER_SERVICES	SK	SK	20948.6275678115	16064.439046047686	1126.8352763896546	2490.1263626048926	179.44616337420157	40630.028252853735
PUBLIC_SOCIAL	DE	DE	89005.48641055265	133728.92416005817	545249.1758743811	3689.033264934278	-9.719239017558868	771672.6197099262
PUBLIC_SOCIAL	DE	FR	119.65042065542067	17.731301664149555	9.1705801455197	36.20605141915651	1.4593009383105011	182.75835388424645
PUBLIC_SOCIAL	DE	IT	76.65753725130145	3.419788327411113	0.7424310670145462	6.71263475287851	0.8118566032414468	87.53239139860563
PUBLIC_SOCIAL	DE	PL	29.917772484846896	35.34729595850264	0.18302423161081752	2.237693532792124	2.8936614920676447	67.68578620775247
PUBLIC_SOCIAL	DE	REU	918.9923596814378	151.93667221833974	32.902894054698606	108.35265838074655	6.021030622556699	1212.1845843352228
PUBLIC_SOCIAL	DE	ROW	2615.9124190864504	460.3713138134409	604.5345350019971	171.1157214974585	20.903778605765424	3851.933989399347
PUBLIC_SOCIAL	DE	SK	6.332676538546227	0.5514082240537508	0.036573890504786995	0.9156716515030956	0.07846529952761176	7.836330304607861
PUBLIC_SOCIAL	FR	DE	197.95952217418764	38.36853696584122	61.86798184442331	33.127109462860375	2.013090972267478	331.3231504473125
PUBLIC_SOCIAL	FR	FR	45418.84248259049	95764.07284159656	447694.0108686733	2014.1940827688056	17.932630787237688	590891.1202756291
PUBLIC_SOCIAL	FR	IT	185.52225940220455	23.85636214461736	0.26191513914591874	10.438304835145534	0.24487150224497198	220.07884152111336
PUBLIC_SOCIAL	FR	PL	16.434724885094422	32.57222665421978	0.07254461194736615	1.9921107543421566	1.0311766803847384	51.07160690560372
PUBLIC_SOCIAL	FR	REU	1047.5383844537187	379.2361982178513	65.79403757174703	123.26152755481286	5.228610403780652	1615.83014779813
PUBLIC_SOCIAL	FR	ROW	669.9548291133045	389.42754104647236	37.922433112427306	127.45976022365556	8.774670865104724	1224.7645634958599
PUBLIC_SOCIAL	FR	SK	6.092349372505305	0.685290356507925	0.09274765822803387	0.5636063937740449	0.14536921096659858	7.4339937810153085
PUBLIC_SOCIAL	IT	DE	72.63249275956088	24.16610973395064	4.345070857437862	14.660966409892795	3.6607381969884814	115.80463976084216
PUBLIC_SOCIAL	IT	FR	72.3359285729137	29.312670900974258	5.592132375714134	14.585421082183336	1.8897867636398415	121.82615293178542
PUBLIC_SOCIAL	IT	IT	46327.15901326573	48067.83991489141	287200.8421451492	969.0183092923235	22.609793236728716	382564.85938259866
PUBLIC_SOCIAL	IT	PL	12.836026029482488	6.886092034298709	0.0840814516746711	2.4352560994900796	0.9407705499875108	22.241455614945945
PUBLIC_SOCIAL	IT	REU	291.43321613291346	100.77796516432014	5.197154781096212	67.92405719731731	2.9637182416898256	465.3323932756471
PUBLIC_SOCIAL	IT	ROW	322.2255747220349	157.3682655732315	14.17024447416974	92.97543250095092	7.676681646669527	586.7395172703871
PUBLIC_SOCIAL	IT	SK	3.8046871557731756	0.8133486612266129	0.08449671917686478	0.9837001517437539	0.14573722419941104	5.686232687920407
PUBLIC_SOCIAL	PL	DE	39.90156537023811	20.434566361449324	38.500878935829135	3.151506904176228	0.749930785527919	101.9885175716928
PUBLIC_SOCIAL	PL	FR	10.476287809286728	3.936762181700569	6.610115582140793	3.1763721576224175	0.11294352684742966	24.199537730750507
PUBLIC_SOCIAL	PL	IT	6.213005294878651	0.4981335781978598	0.011589821895501364	0.4620056563014114	0.020153680081885946	7.184734351273423
PUBLIC_SOCIAL	PL	PL	8633.788181265247	12106.8895733979	57336.97631425629	255.0399144296488	4.324033533051886	78332.69398334909
PUBLIC_SOCIAL	PL	REU	128.87268379924285	37.424854341251816	6.337729799968195	15.37230117281204	1.155629652456104	188.0075691132749
PUBLIC_SOCIAL	PL	ROW	102.90571867978217	49.55027912059143	35.617513755996214	10.908137870573224	0.7695765235003817	198.98164942694305
PUBLIC_SOCIAL	PL	SK	4.003842996507077	0.27767729147134323	0.018031193407853342	0.0863176912134497	0.02487158290689704	4.3858691725997225
PUBLIC_SOCIAL	REU	DE	1588.9991248827719	506.0375096506887	267.98121445286614	135.93530466688617	23.59846928657881	2498.9531536532127
PUBLIC_SOCIAL	REU	FR	1245.385563919825	214.23781605978485	154.35780997560408	216.64698597242295	12.355791080598523	1830.628175927637
PUBLIC_SOCIAL	REU	IT	846.9842985339486	71.4428416728207	3.2154593168601355	48.178262527886254	4.481985843066856	969.8208620515156
PUBLIC_SOCIAL	REU	PL	184.38245582195736	200.45256632726063	1.4414532501567219	12.585051317577195	6.558198356319227	398.8615267169519
PUBLIC_SOCIAL	REU	REU	245620.47426001716	427784.6357165898	1.7329420947075295e6	13499.736735206052	200.92850210094142	2.4198469414193425e6
PUBLIC_SOCIAL	REU	ROW	9132.33519609432	11242.070069614401	1818.2887736923915	1068.7895044029353	72.7747558321942	23261.48354380405
PUBLIC_SOCIAL	REU	SK	80.63401007790368	5.099423752854883	0.569373755836799	2.9654762896749225	0.7103321269577366	89.26828387627029
PUBLIC_SOCIAL	ROW	DE	937.3081968338613	293.174893514121	137.05331724707455	58.138459755130924	13.313250509429903	1425.674867350188
PUBLIC_SOCIAL	ROW	FR	808.1002482253073	168.80732330245766	151.8843346095574	103.96619985321439	7.052791959854012	1232.7581059905367
PUBLIC_SOCIAL	ROW	IT	411.7961985520026	34.370291452987104	0.6671570136828805	20.02123964366267	1.120013157207262	466.8548866623352
PUBLIC_SOCIAL	ROW	PL	83.58027152625485	68.79508635322513	0.3333292160695485	3.862160515534362	-0.3217646097623115	156.57084761108388
PUBLIC_SOCIAL	ROW	REU	5832.739005495175	2000.36315111997	135.17771510529386	683.3625009389963	-83.27102250782092	8651.642372659435
PUBLIC_SOCIAL	ROW	SK	23.264227218792325	2.0485635553542623	0.2563929344179336	1.549709410431976	0.6739117321885769	27.1188931189965
PUBLIC_SOCIAL	SK	DE	10.866217563867435	2.8088798087963007	0.23125576728045535	2.8008186849099546	0.223033598206334	16.707171824854147
PUBLIC_SOCIAL	SK	FR	2.967215457902764	1.5559216980583832	0.039565290418534904	1.1837084966712559	0.11709688724831928	5.746410943050938
PUBLIC_SOCIAL	SK	IT	3.422206704214825	1.044449842094334	0.0011503949448960504	0.6292773321232762	0.010611357531489705	5.097084273377332
PUBLIC_SOCIAL	SK	PL	3.188496452568482	3.5813852150759606	0.0026532133678563493	0.4322897024667099	0.09179914290136328	7.204824583479009
PUBLIC_SOCIAL	SK	REU	46.65114996813297	9.894901560741108	2.626550304103194	7.10147749728847	0.6940148001090343	66.27407933026574
PUBLIC_SOCIAL	SK	ROW	15.77297273088145	6.642148857340532	1.9668277616893446	4.604704562198883	0.2452519657167696	28.98665391211021
PUBLIC_SOCIAL	SK	SK	1433.2904850172101	2057.23936771239	11885.52064439776	43.19897515393899	3.5974950998483934	15419.249472281299
REC_EE	DE	DE	181.88375007454022	0.0	0.0	0.0	0.009952054905693113	181.88375007454022
REC_EE	DE	FR	1.388760355180526	0.0	0.0	0.0	0.001139652454148047	1.388760355180526
REC_EE	DE	IT	2.12790432939747	0.0	0.0	0.0	3.5109785666378864e-5	2.12790432939747
REC_EE	DE	PL	1.031969462435573	0.0	0.0	0.0	0.007150312355321463	1.031969462435573
REC_EE	DE	REU	14.83747954331177	0.0	0.0	0.0	0.18859164003652135	14.83747954331177
REC_EE	DE	ROW	5.066889167927803	0.28543474371653693	0.13567268273869396	0.09613624838651974	0.026787396711614602	5.584132842769553
REC_EE	DE	SK	0.02408425095318449	0.0	0.0	0.0	0.0003195322807506495	0.02408425095318449
REC_EE	FR	DE	1.5400366895268638	0.0	0.0	0.0	0.0	1.5400366895268638
REC_EE	FR	FR	91.10375163434372	0.0	0.0	0.0	0.0	91.10375163434372
REC_EE	FR	IT	1.209178747090743	0.0	0.0	0.0	0.0	1.209178747090743
REC_EE	FR	PL	0.02438160213700275	0.0	0.0	0.0	0.0	0.02438160213700275
REC_EE	FR	REU	5.600320156927737	0.0	0.0	0.0	-0.02848632808647611	5.600320156927737
REC_EE	FR	ROW	1.8536291402120992	0.145520961270784	0.0864549307949083	0.0033493318137286492	0.0008387086393077715	2.0889543640915202
REC_EE	FR	SK	0.0005603159818609818	0.0	0.0	0.0	0.0	0.0005603159818609818
REC_EE	IT	DE	0.905649920425994	0.0	0.0	0.0	0.000233834437647017	0.905649920425994
REC_EE	IT	FR	0.41822328588197316	0.0	0.0	0.0	0.000990732035548443	0.41822328588197316
REC_EE	IT	IT	269.52275837205855	0.0	0.0	0.0	-0.22738251719609257	269.52275837205855
REC_EE	IT	PL	0.096286542773766	0.0	0.0	0.0	0.0011654636374641937	0.096286542773766
REC_EE	IT	REU	3.0097658959039237	0.0	0.0	0.0	0.009568944125673799	3.0097658959039237
REC_EE	IT	ROW	3.763249202618564	0.41054655094297965	0.21986144727577303	0.059021643647795816	0.015007631049237205	4.452678844485113
REC_EE	IT	SK	0.011189120772493075	0.0	0.0	0.0	5.617341392630027e-5	0.011189120772493075
REC_EE	PL	DE	0.9567329689636209	0.0	0.0	0.0	-0.0005415634762142664	0.9567329689636209
REC_EE	PL	FR	0.03641001520468451	0.0	0.0	0.0	0.00032382705157537597	0.03641001520468451
REC_EE	PL	IT	0.18212124033903462	0.0	0.0	0.0	5.7245551896309006e-5	0.18212124033903462
REC_EE	PL	PL	14.239285263844874	0.0	0.0	0.0	0.016409608487053307	14.239285263844874
REC_EE	PL	REU	1.2298162112168425	0.0	0.0	0.0	0.007509947919661475	1.2298162112168425
REC_EE	PL	ROW	0.6593328494155091	0.050524029082005845	0.01442116009924497	0.009568205432819396	0.0016169496885549551	0.7338462440295793
REC_EE	PL	SK	0.04668347723977474	0.0	0.0	0.0	-4.134670303067517e-5	0.04668347723977474
REC_EE	REU	DE	2.043919102071374	0.0	0.0	0.0	-0.010223070396991654	2.043919102071374
REC_EE	REU	FR	0.5035485011559656	0.0	0.0	0.0	0.0008528995637069796	0.5035485011559656
REC_EE	REU	IT	0.7599458085980659	0.0	0.0	0.0	0.00020407127431360016	0.7599458085980659
REC_EE	REU	PL	0.2906319480905023	0.0	0.0	0.0	0.0029080550632778423	0.2906319480905023
REC_EE	REU	REU	102.11121801308259	0.0	0.0	0.0	-1.6651640769949192	102.11121801308259
REC_EE	REU	ROW	4.575676414119626	0.5861858717486421	0.16438917161788422	0.09757373694947243	0.03448963378678607	5.423825194435626
REC_EE	REU	SK	0.06683405516457372	0.0	0.0	0.0	-3.044603276186786e-5	0.06683405516457372
REC_EE	ROW	DE	0.0009386678169811492	0.0	0.0	0.0	1.8268357805444908e-6	0.0009386678169811492
REC_EE	ROW	FR	0.000251893348728159	0.0	0.0	0.0	8.037624878264559e-7	0.000251893348728159
REC_EE	ROW	IT	0.0005863376833791137	0.0	0.0	0.0	2.525849726457079e-7	0.0005863376833791137
REC_EE	ROW	PL	5.738687852857767e-6	1.48872971148678e-10	3.9884671080036466e-10	1.5986628479773925e-9	3.1734889390751387e-9	5.740834235387693e-6
REC_EE	ROW	REU	0.008304770764209426	0.0	0.0	0.0	-0.01815735029738563	0.008304770764209426
REC_EE	ROW	SK	7.696377995386723e-6	0.0	0.0	0.0	1.3421637249434756e-8	7.696377995386723e-6
REC_EE	SK	DE	0.01986317243186028	0.0	0.0	0.0	1.872900530123455e-5	0.01986317243186028
REC_EE	SK	FR	0.0005188453991299706	0.0	0.0	0.0	1.858642310515734e-5	0.0005188453991299706
REC_EE	SK	IT	0.036926704274434514	0.0	0.0	0.0	1.11924641493684e-6	0.036926704274434514
REC_EE	SK	PL	0.024224483291178725	0.0	0.0	0.0	7.444255272363884e-6	0.024224483291178725
REC_EE	SK	REU	0.3041945766254247	0.0	0.0	0.0	0.00012654930169855912	0.3041945766254247
REC_EE	SK	ROW	0.04784603288284515	0.0006245120160990924	1.0200763443879626e-5	0.000395815596433047	3.098419862420098e-5	0.04887656125882117
REC_EE	SK	SK	0.3160358270148431	0.0	0.0	0.0	-0.0011101984582413424	0.3160358270148431
REF_ELMA	DE	DE	4229.15064061216	1801.6737116546012	100.33583084375464	806.5941870730985	36.54524730425888	6937.754370183614
REF_ELMA	DE	FR	212.54159479839615	2.6859437596680515	0.2564602775519214	5.723795932948621	0.39673792418880405	221.20779476856475
REF_ELMA	DE	IT	55.44446367107568	2.4335524154111265	0.03534089961723114	2.489137368389975	0.015928879013133796	60.40249435449402
REF_ELMA	DE	PL	20.40445179089399	1.2743709236780736	0.024332016815616062	0.6194071498568039	0.15829635162932063	22.322561881244486
REF_ELMA	DE	REU	651.0710478200449	39.460720199169764	2.3443684454179254	32.1645109421884	2.1514412341007905	725.0406474068209
REF_ELMA	DE	ROW	885.346865963214	88.4126111970643	8.273732904363602	77.58638489483745	4.813916116998634	1059.6195949594792
REF_ELMA	DE	SK	7.413431195156164	0.17585314076962996	0.03160088460650022	0.22111938994292238	0.05960062084199803	7.842004610475216
REF_ELMA	FR	DE	53.255730740461615	0.005931200095469466	0.0	0.0	0.1766847461726557	53.26166194055708
REF_ELMA	FR	FR	1131.8721877234884	318.9981460925338	42.909402072068715	163.8167917074444	2.71837514353917	1657.5965275955355
REF_ELMA	FR	IT	24.909550623736653	0.0	0.0	0.20661517298668683	0.0	25.11616579672334
REF_ELMA	FR	PL	3.111140757091937	0.0	0.0	0.0	0.0	3.111140757091937
REF_ELMA	FR	REU	223.664798618446	8.074993904733015	0.5791284416046666	6.135211655405618	0.5823076965625554	238.4541326201893
REF_ELMA	FR	ROW	320.1791335084278	26.80922087700433	1.8396642752298824	17.64169903331682	1.3123079798250958	366.46971769397885
REF_ELMA	FR	SK	1.2949780298237925	0.0	0.0	0.0	0.0	1.2949780298237925
REF_ELMA	IT	DE	13.227789583370745	1.873673694146561	0.14296458137877402	1.631525732886915	0.6318102721881569	16.875953591782995
REF_ELMA	IT	FR	20.799729543022444	2.7377833040007657	0.2227776965496355	1.151540482463776	0.23780694773927386	24.91183102603662
REF_ELMA	IT	IT	1255.8741040222187	874.2008662479674	16.152702122419274	365.6213000069988	4.740515795247507	2511.848972399604
REF_ELMA	IT	PL	2.3628675755974253	0.5029167997159004	0.00931258503591525	0.29066890821350655	0.06255681906929343	3.1657658685627474
REF_ELMA	IT	REU	62.18507960917771	10.990126951484571	0.42386739555216957	8.720242681637437	0.47866417005222434	82.3193166378519
REF_ELMA	IT	ROW	71.21757538324647	16.89309854716616	1.1549963697812917	13.779594860809155	1.3311028980029467	103.04526516100307
REF_ELMA	IT	SK	0.860119176512294	0.07729324020759987	0.009518017476873579	0.10574755329235784	0.02251427103948955	1.0526779874891252
REF_ELMA	PL	DE	28.78986742132306	3.7685057378368136	0.08142179741013397	2.7087431186824884	0.947599390748545	35.3485380752525
REF_ELMA	PL	FR	14.291863822878568	1.213139434574751	0.09433507344684894	0.6380122677692492	0.11204582038906363	16.23735059866942
REF_ELMA	PL	IT	5.8192111385328875	1.3148537826233408	0.01082481727879208	0.6337650175271738	0.013443987923291914	7.778654755962194
REF_ELMA	PL	PL	537.0691447801884	138.10500039050305	13.849840609350732	115.272527423753	31.597886035021517	804.2965132037951
REF_ELMA	PL	REU	75.8922333193251	11.503472113814809	0.4200806866891639	6.240464216307819	0.4786811256930817	94.05625033613688
REF_ELMA	PL	ROW	55.39670189979911	8.973516781080995	0.6498133472666107	5.449427207561746	0.47852105972869396	70.46945923570846
REF_ELMA	PL	SK	2.157435837566573	0.4111561631844475	0.028549278216722044	0.08739629104434898	0.04401747614176496	2.6845375700120915
REF_ELMA	REU	DE	283.94335793707967	7.8969341703917895	1.0740479974431647	5.743892094782234	3.9517776431357836	298.65823219969684
REF_ELMA	REU	FR	320.73168029447294	6.338594371828206	0.808651368414359	7.8093926715904995	0.5708293882688541	335.688318706306
REF_ELMA	REU	IT	110.94210284679049	3.869387000717549	0.19519813511423612	3.544697698112311	0.05718247995080432	118.5513856807346
REF_ELMA	REU	PL	23.50432215350007	1.7960697829288534	0.05019869964810974	0.5510724058766623	0.17185308998554616	25.901663041953697
REF_ELMA	REU	REU	8005.406940811342	2664.544352825205	100.63441901439552	1119.2373302289966	34.317576640094636	11889.823042879938
REF_ELMA	REU	ROW	1688.632513232992	196.59197736654718	15.597191407135126	120.2098375515532	11.373251180181468	2021.0315195582275
REF_ELMA	REU	SK	9.47834326604061	0.4382610377002181	0.09261426109912298	0.22287689435050848	0.08915191784515562	10.232095459190461
REF_ELMA	ROW	DE	426.4101347659326	1.7619708108911734	0.05787861759013124	0.6060661654602774	7.81948607832414	428.83605035987415
REF_ELMA	ROW	FR	474.76641955533336	1.41310986928841	0.10671714000078816	19.007983628866928	0.7162875380132526	495.2942301934895
REF_ELMA	ROW	IT	122.00789387263366	0.3757844365189271	0.013380230814594567	5.74723944309173	0.01545215432043603	128.14429798305892
REF_ELMA	ROW	PL	18.4163239123258	0.2737593430956982	0.002262173239747498	0.06988356902088164	0.05235260716371056	18.762228997682126
REF_ELMA	ROW	REU	1904.1011978237277	96.46749925473719	5.944255105345329	66.13027099512843	8.66466729013702	2072.6432231789386
REF_ELMA	ROW	SK	7.048637733661397	0.05083679943765508	0.026889897990383386	0.04165839291185801	0.026883685170666565	7.168022824001293
REF_ELMA	SK	DE	6.015402710415566	0.8958631914877832	0.011931774723689524	1.0443757709461632	0.1786094737469773	7.967573447573202
REF_ELMA	SK	FR	2.3785949696964934	0.5493243811713328	0.0075272950583533125	0.25487950949193383	0.05137624726430251	3.1903261554181133
REF_ELMA	SK	IT	2.2844429823789154	0.4908405677398846	0.0008784717417675022	0.25068122975264323	0.008256389363786457	3.026843251613211
REF_ELMA	SK	PL	1.8743511775334563	0.5955003984067734	0.000992046690529394	0.14543272491688156	0.045419940979345055	2.6162763475476405
REF_ELMA	SK	REU	23.722424379192873	4.2208699845944615	0.062068007344095115	2.1476743755675076	0.318112926483775	30.153036746698938
REF_ELMA	SK	ROW	9.697906439681715	1.8373063486344363	0.1303299189746482	1.481558265355827	0.12666038638353097	13.147100972646628
REF_ELMA	SK	SK	253.96671114820114	66.97547828475545	6.7492710118375125	35.847894383755225	0.3149857317715285	363.5393548285493
REF_OFMA	DE	DE	0.02157932591286701	0.031883029427136785	2.6551009390588642e-5	0.004371552681806745	-0.0005899389532345268	0.05786045903120112
REF_OFMA	DE	FR	3.022250192242462e-5	7.209152682188645e-6	6.304263821722459e-8	5.971651441955694e-8	3.898590855420907e-8	3.7554413757250046e-5
REF_OFMA	DE	IT	4.6343502478072255e-6	2.117014592100733e-5	1.848006042515487e-8	2.0227769070200405e-5	1.4005803999460247e-8	4.605074529944011e-5
REF_OFMA	DE	PL	3.000109781983107e-6	6.871399377300817e-6	0.0	0.0	1.284406479558744e-9	9.871509159283924e-6
REF_OFMA	DE	REU	0.22456229365336453	0.00020483626405750488	5.144358556333334e-7	0.00035850780226861806	-0.0006669800639313835	0.2251261521555463
REF_OFMA	DE	ROW	0.058985386980457015	0.00024267271024867363	3.834732285610168e-6	0.00033494182790793454	-0.0006719999290876986	0.05956683625089923
REF_OFMA	DE	SK	1.1586162222595768e-6	1.1781747443785146e-7	1.2484753396217281e-8	8.643853151253192e-8	2.7486347490653503e-8	1.3753569816061773e-6
REF_OFMA	FR	REU	0.13341222579892084	0.0	0.0	0.0	0.0	0.13341222579892084
REF_OFMA	FR	ROW	0.005662447797153107	0.0	0.0	0.0	0.0	0.005662447797153107
REF_OFMA	IT	DE	1.4859423846737887	0.20482289382279412	0.015213967073227513	0.16609464626953271	0.061906883841078446	1.872073891839343
REF_OFMA	IT	FR	2.423046646277027	0.2911350338957803	0.023792775954831754	0.10842950906191534	0.024709241169404345	2.846403965189554
REF_OFMA	IT	IT	145.53197351871938	110.43667221974674	2.0079253883660666	34.756479806177346	0.5132217196030874	292.73305093300957
REF_OFMA	IT	PL	0.25922274926915717	0.053446149064825726	0.0009882367643742763	0.029909202173423438	0.006452077750411831	0.34356633727178065
REF_OFMA	IT	REU	7.77441920074053	1.2184410728485877	0.04277950643362585	0.9377226226480792	0.05163656309295729	9.973362402670823
REF_OFMA	IT	ROW	8.486423194416556	1.8918783133323294	0.128805877455029	1.4749342056336014	0.13683527143853028	11.982041590837516
REF_OFMA	IT	SK	0.08806979123071661	0.008260872741392158	0.001018175574633857	0.011054094021299019	0.002230320621295578	0.10840293356804163
REF_OFMA	PL	DE	0.8647651252431988	0.11215834415386125	0.0022716067191779553	0.07025872804612678	0.018547737075354898	1.049453804162365
REF_OFMA	PL	FR	0.4323914271336195	0.03544057888620476	0.002691135743127509	0.01212208828000706	0.0029645965367407034	0.48264523004295884
REF_OFMA	PL	IT	0.15587456765114305	0.037801859670350116	0.0003025883600581422	0.015019192609575498	0.00040298430821237056	0.20899820829112678
REF_OFMA	PL	PL	14.609698028041386	4.863321366389531	0.486934748773867	1.6613561626478466	1.1449596226332965	21.621310305852628
REF_OFMA	PL	REU	2.849287592169637	0.35203484500339405	0.008113182004664042	0.17155326875166216	0.010697237723805321	3.380988887929357
REF_OFMA	PL	ROW	1.9728040168501206	0.29670847276318946	0.017031902084684105	0.15104159126175354	0.008098624713739752	2.4375859829597477
REF_OFMA	PL	SK	0.053999025765697255	0.013147259377066137	0.0007894839955872823	0.0022571479072629667	0.001067958977624727	0.07019291704561363
REF_OFMA	REU	DE	44.77116751926804	1.1090697833354835	0.13852830034091196	0.7540693356667669	0.29280078696651185	46.772834938611204
REF_OFMA	REU	FR	52.462598403361454	0.8903946688378157	0.10536431605668527	0.6860480713461277	0.05839670112902067	54.14440545960208
REF_OFMA	REU	IT	17.957495730464057	0.5326824265424629	0.02524271619427289	0.3175759344233434	0.008494944827429043	18.832996807624134
REF_OFMA	REU	PL	3.572357364499193	0.253973022174469	0.006510053993690986	0.0722806147055651	0.01983993917349182	3.905121055372918
REF_OFMA	REU	REU	1185.8668210749702	436.94359899122037	16.330231049940497	160.39350883244194	5.460680081802337	1799.534159948573
REF_OFMA	REU	ROW	276.5880349281994	31.559580856827736	2.438984315202613	18.296339448123472	1.834320101923045	328.88293954835325
REF_OFMA	REU	SK	1.4091426603643447	0.060228793061733475	0.009036385485248601	0.02740016683224009	0.009372092851594991	1.505808005743567
REF_OFMA	ROW	DE	150.673479650636	0.6423519682014175	0.02030006916224475	0.21301398441040698	3.2149571970057518	151.54914567241005
REF_OFMA	ROW	FR	165.92485453997816	0.5234312855750685	0.03740131045147108	7.83427406908527	0.28969566945184	174.31996120508995
REF_OFMA	ROW	IT	42.626927925822926	0.13170661066855757	0.004690544429582612	2.3661459789608137	0.005394178427465543	45.12947105988189
REF_OFMA	ROW	PL	6.570127166102869	0.09577814049364933	0.0007933873172695789	0.024622046702059315	0.0205398321868455	6.691320740615847
REF_OFMA	ROW	REU	667.0512921986774	33.42153961859638	2.091800584800894	23.255184561883553	2.8871211948932616	725.8198169639583
REF_OFMA	ROW	SK	2.4590178914045877	0.016408933482690607	0.005953870157009335	0.011209752139129467	0.0070078189849059214	2.4925904471834173
REF_OFMA	SK	REU	0.005995413380478342	0.0	0.0	0.0	0.0	0.005995413380478342
REF_OFMA	SK	ROW	0.0011709657024542364	0.0	0.0	0.0	0.0	0.0011709657024542364
REF_OFMA	SK	SK	0.00010687330235602592	0.001223888429586621	0.0	0.0	-0.0001114778537009571	0.001330761731942647
REF_RATV	DE	DE	4061.938028819466	1845.7285800873353	102.99392148415582	691.504722341658	23.454347217434023	6702.165252732615
REF_RATV	DE	FR	217.12520092946087	2.544966557771365	0.24403708569611038	4.31312654486355	0.33697916321908006	224.2273311177919
REF_RATV	DE	IT	56.36962510061553	2.3630165405873944	0.03382676717879315	2.01179601188229	0.01542448432746807	60.77826442026401
REF_RATV	DE	PL	20.10859853810048	1.2092689217283563	0.023129269264286607	0.5813254280847877	0.1398275370006032	21.922322157177913
REF_RATV	DE	REU	653.5999186756371	39.68045307895146	2.3711965133950663	31.444460029423272	2.215163184705151	727.0960282974069
REF_RATV	DE	ROW	898.2140020620603	89.16080626434633	8.26867147615753	75.07422886030196	4.866414802559689	1070.7177086628662
REF_RATV	DE	SK	7.452238113750536	0.16711953710577232	0.02653042641125423	0.2086404063772378	0.05394774963462956	7.8545284836448
REF_RATV	FR	DE	55.060615685880634	0.01801262699783922	0.0	0.0	0.3786849151507799	55.07862831287847
REF_RATV	FR	FR	1219.393539440141	323.0972218821713	43.356585737905995	218.14852296033965	4.3708995967351365	1803.995870020558
REF_RATV	FR	IT	25.45399076774399	0.0	0.0	0.4412924082804509	0.0	25.89528317602444
REF_RATV	FR	PL	3.2385395829936674	0.0	0.0	0.0	0.0	3.2385395829936674
REF_RATV	FR	REU	231.48544111121666	8.163371523551689	0.589068436442527	6.497330244472109	0.5894199115999991	246.73521131568296
REF_RATV	FR	ROW	329.0108767380832	27.589307464123106	1.9494386407054884	19.298738701818603	1.3320092933270613	377.8483615447304
REF_RATV	FR	SK	1.3260176567240929	0.0	0.0	0.0	0.0	1.3260176567240929
REF_RATV	IT	DE	5.371091329721845	0.7135224221471486	0.05298710714781214	0.5786642253585945	0.21572028204152502	6.716265084375401
REF_RATV	IT	FR	8.629305626837365	1.014214345203095	0.08286383516932082	0.3956187123454656	0.08608037371243414	10.122002519555245
REF_RATV	IT	IT	507.191225708908	384.587532589069	7.023307070523235	121.05817903231652	1.8095497372255744	1019.8602444008168
REF_RATV	IT	PL	0.9233904143362877	0.18619406774610991	0.003441690279985171	0.10419614797693033	0.022571442219848303	1.2172223203393129
REF_RATV	IT	REU	26.114578210023744	4.255830478186348	0.1657402171064906	3.2820658676432073	0.19609637342791972	33.81821477295979
REF_RATV	IT	ROW	29.371401093375084	6.582438155035449	0.4594497153923874	5.144642409284163	0.4933669481502826	41.55793137308709
REF_RATV	IT	SK	0.32788291324304397	0.028779240822329563	0.0035459349070146268	0.03850588566181397	0.0077723418965587555	0.3987139746342021
REF_RATV	PL	DE	35.83845707475785	4.2833155075708715	0.08684103610167256	2.688249273698338	0.7324679758882389	42.89686289212873
REF_RATV	PL	FR	19.057269508081696	1.354190612841231	0.10273604509399349	0.4839688576023298	0.11342981119859255	20.99816502361925
REF_RATV	PL	IT	7.385677559915799	1.444093278419744	0.01155217569981404	0.578128842111425	0.015382256635095745	9.419451856146782
REF_RATV	PL	PL	560.7775832428918	185.49102695699483	19.06142319478977	63.773893337170406	43.87211745844673	829.1039267318467
REF_RATV	PL	REU	95.20746028633766	13.632749976960536	0.501525693316517	6.795718894906385	0.6007066970212681	116.13745485152111
REF_RATV	PL	ROW	72.59105318984459	11.270580187558686	0.819132618740984	5.884114318961704	0.5590664279539916	90.56488031510597
REF_RATV	PL	SK	2.49411170385868	0.5014810768672467	0.030116639735158168	0.08639271710979426	0.04089955816606139	3.1121021375708793
REF_RATV	REU	DE	797.856550045258	19.782271455506663	2.4715085859812485	13.434302883297928	5.258046052897108	833.544632970044
REF_RATV	REU	FR	934.7872999872908	15.889163824582669	1.8797190655990537	12.26551135016271	1.0893864560803665	964.8216942276351
REF_RATV	REU	IT	320.4828528783427	9.492415535517074	0.4503730652029922	5.699345498960967	0.1514005377006044	336.12498697802374
REF_RATV	REU	PL	63.94318764191213	4.525051531580407	0.11615619760143067	1.287820767227553	0.3806934171542424	69.87221613832152
REF_RATV	REU	REU	21109.989028505763	7780.923739667163	290.83687196767	2856.2266306576553	97.29159034245309	32037.97627079825
REF_RATV	REU	ROW	4923.193664474465	561.9776847891601	43.42925481420298	325.7900421610576	32.69039418310908	5854.390646238885
REF_RATV	REU	SK	25.5089664048093	1.0887501587281712	0.18132582921576207	0.49935771007036317	0.17978085415334938	27.278400102823596
REF_RATV	ROW	DE	543.9175550509841	2.326210995811489	0.07326963399098145	0.7687560277683659	11.614470448024669	547.085791708555
REF_RATV	ROW	FR	598.9499799179256	1.8969052879251118	0.13499519537702867	28.28352613787779	1.0581390792382004	629.2654065391055
REF_RATV	ROW	IT	154.02884812909474	0.4753626276226567	0.01692908099333721	8.550825161789344	0.01946709474331702	163.07196499950007
REF_RATV	ROW	PL	23.83539927065344	0.34566437656937615	0.002863877004154913	0.08885862927700969	0.0774894703409402	24.272786153503983
REF_RATV	ROW	REU	2405.992512639298	120.6284726234702	7.557704061593554	83.92938569057725	10.427485472943129	2618.1080750149395
REF_RATV	ROW	SK	9.028967682932478	0.07041106898917297	0.043597359531905876	0.05907505429116223	0.04007329974584373	9.20205116574472
REF_RATV	SK	DE	9.646853747915006	1.4228602368255	0.01895486365599799	1.655575016698464	0.2838380798610416	12.744243865094967
REF_RATV	SK	FR	3.8358440987905773	0.8710148777102685	0.011951196830008825	0.40426639045257956	0.08139540581156923	5.123076563783434
REF_RATV	SK	IT	3.6787085084164897	0.7801065279960535	0.001401491857806972	0.3975577952369309	0.013202831750896107	4.857774323507282
REF_RATV	SK	PL	3.000983488684146	0.9506661952859856	0.0015696411100431587	0.23075636306039296	0.07617179370865199	4.183975688140568
REF_RATV	SK	REU	37.686578642490915	6.732377537472654	0.10242148335484255	3.41422964342524	0.5097078978270054	47.935607306743655
REF_RATV	SK	ROW	15.474052111998494	2.930108655994406	0.21085863452701592	2.3574624776456297	0.20480034785601975	20.972481880165546
REF_RATV	SK	SK	404.6804096633572	107.29225228255888	10.822166338794633	57.430389567387444	0.5076521057259377	580.2252178520981
REP_ELMA	DE	DE	21.525878732659656	16.746511819694337	0.02285386274455527	0.10532157068375599	-0.004496416569470523	38.40056598578231
REP_ELMA	DE	FR	0.009940723993718991	0.002600427608966844	0.00025948579537346566	0.0033674155772007637	0.00023992055629311665	0.016168052975260066
REP_ELMA	DE	IT	0.005544342587468055	0.0014499445641573386	3.138549282164782e-5	0.0012762500538925808	1.2887898875783517e-5	0.008301922698339622
REP_ELMA	DE	PL	0.0038600543968069136	0.00167660136644245	2.5182178240860826e-5	0.0006195036848076869	-0.09321782879557898	0.006181341626297911
REP_ELMA	DE	REU	0.4472034344991468	0.021207293701948834	0.0006144768084340564	0.015229334583288047	0.0008297984576691311	0.4842545395928178
REP_ELMA	DE	ROW	0.5261393901408749	2.2693022938990257	0.00253390202544647	0.016063195710146933	0.0008742397811518768	2.814038781775494
REP_ELMA	DE	SK	0.0009793537289553296	0.00012580809046686456	2.479044752745264e-5	0.00022912333413076472	4.4700421093961616e-5	0.0013590756010804113
REP_ELMA	FR	FR	13.861522690949775	16.315402752295263	0.0	7.767546438044508	0.22385581748484779	37.944471881289545
REP_ELMA	FR	REU	0.3584642893912229	0.0	0.0	0.0	0.0	0.3584642893912229
REP_ELMA	FR	ROW	0.07972469243424893	0.026035222930141013	0.0	0.0	0.0	0.10575991536438994
REP_ELMA	IT	DE	0.03556539777330387	0.010789896761767972	0.0008365165348775688	0.011242266956412034	0.004806874482619357	0.05843407802636144
REP_ELMA	IT	FR	0.051573031927613755	0.016715853955176708	0.0014236715887393627	0.008128985590801552	0.0016647551814490359	0.07784154306233138
REP_ELMA	IT	IT	11.123701139261486	9.809860036681442	0.10732328818772885	1.4161987145483734	0.7403016627343377	22.457083178679028
REP_ELMA	IT	PL	0.008598915788350814	0.00331890069949357	5.194292181837022e-5	0.0019974473510773923	-0.01082052763921356	0.013967206760740147
REP_ELMA	IT	REU	0.4199921343788334	0.05307269578176453	0.0018481097081814873	0.05356659265930598	0.003763206722447803	0.5284795325280854
REP_ELMA	IT	ROW	0.34889400798645787	0.7344579815686121	0.005053454905212771	0.07843801077680417	0.007982829243945727	1.1668434552370868
REP_ELMA	IT	SK	0.0029766449932090546	0.0004471490054278189	5.932008744763426e-5	0.0007041156035220037	0.0001901757433726485	0.004187229689606511
REP_ELMA	PL	DE	0.0669715104727751	0.011828127153129255	0.0006399732605824592	0.007599179437486938	0.005479686639806223	0.08703879032397374
REP_ELMA	PL	FR	0.031987893547534875	0.002462262565753121	0.0005591587606736814	0.0016312223133247712	0.00048252476862132627	0.036640537187286444
REP_ELMA	PL	IT	0.011990852950455128	0.0025118566136307814	9.420835087616016e-5	0.0019883589665286375	0.00010212978026466063	0.016585276881490706
REP_ELMA	PL	PL	7.886327773163744	6.568201352706714	0.021089733936381125	0.08325016578917104	0.02345327933704053	14.55886902559601
REP_ELMA	PL	REU	0.3810886927492759	0.03101879266800074	0.0018897865802228859	0.02759269936392277	0.0023176348550852047	0.4415899713614223
REP_ELMA	PL	ROW	0.14932759402844728	0.20136282171676015	0.001756338535983094	0.016582016703298022	0.0019860207380933094	0.36902877098448855
REP_ELMA	PL	SK	0.004302839193284975	0.0003967455628176102	8.997743665898266e-5	0.0002586262820480686	0.00016555464377099454	0.005048188474809636
REP_ELMA	REU	DE	0.1824530961160623	0.15519957824673875	0.0013456426673844524	0.018296460420159425	0.006868556730846129	0.35729477745034494
REP_ELMA	REU	FR	0.13796834489782195	0.015755872475480766	0.0012990363380307498	0.019325361973672715	0.0007228283602397615	0.17434861568500618
REP_ELMA	REU	IT	0.09299626634949873	0.006689680321868291	0.00025507527333921536	0.007118769603217797	0.00022855983300321491	0.10705979154792403
REP_ELMA	REU	PL	0.015562769661691522	0.07944687294437135	5.7610779150263086e-5	0.0016572807961434007	-0.12545847766508816	0.09672453418135653
REP_ELMA	REU	REU	38.253655319942055	37.32791955275356	0.454847303068252	1.3229837741129566	0.024757936146239546	77.35940594987683
REP_ELMA	REU	ROW	1.090101231863065	2.1010470409147146	0.017179591562748172	0.11886292566324151	0.007814956278441941	3.3271907900037694
REP_ELMA	REU	SK	0.03905320796918548	0.000498799813139289	9.227786669993901e-5	0.0004530748522069923	0.00016891541466265423	0.040097360501231694
REP_ELMA	ROW	DE	0.018501911384746487	0.03647521619724523	5.631822621793242e-5	0.0005591251888931579	0.00020105010584234258	0.05559257099710281
REP_ELMA	ROW	FR	0.020478941066872047	0.0011186533235218448	0.00013018388911946818	0.0010686119425070838	8.98903566960805e-5	0.022796390222020443
REP_ELMA	ROW	IT	0.005743454419010481	0.00011482114357042386	2.1560020579925246e-5	0.0001775816093237669	2.6637595852612035e-5	0.0060574171924845975
REP_ELMA	ROW	PL	0.001080484441557117	0.011192536361036988	1.1820178862913725e-6	2.6334888726937358e-5	-0.5155751325951811	0.012300537709207334
REP_ELMA	ROW	REU	0.69915059140068	0.034529738799491824	0.0007319189162136299	0.008137448415216507	0.0008028488435834183	0.7425496975316019
REP_ELMA	ROW	SK	0.0018391116656039544	1.5677347652790422e-5	4.031888009274008e-6	1.4110014321264752e-5	8.31428449951365e-6	0.0018729309155872836
REP_ELMA	SK	DE	0.00026311537029453393	1.991183422140929e-5	8.687669589759513e-7	4.2666814678521564e-5	1.1319570938194218e-6	0.0003265627861534407
REP_ELMA	SK	FR	8.489304154269921e-5	7.616311697103289e-6	7.928239268916233e-7	1.2328164566931042e-5	5.585348469617714e-7	0.00010563034173362517
REP_ELMA	SK	IT	9.473152705271096e-5	2.8660006642232004e-6	2.2422181362572067e-7	2.084335104948243e-6	2.523000654451678e-7	9.990608463550813e-5
REP_ELMA	SK	PL	0.00010311622437279356	2.2949300219612974e-5	0.0	4.2974132334149605e-5	-0.020432342140349204	0.00016903965692655613
REP_ELMA	SK	REU	0.22201428869597387	8.251673182643864e-5	5.7392955743956665e-6	0.00011403744153076134	8.240548250971827e-6	0.22221658216490547
REP_ELMA	SK	ROW	0.0437372174312376	0.00010136152274001368	9.043694166175477e-6	7.950106257397014e-5	3.256391943450072e-6	0.04392712371071776
REP_ELMA	SK	SK	0.05087829901224167	0.20847931875469863	0.0004934840990207115	0.0199764893351535	-0.0009672053978621395	0.27982759120111456
REP_OFMA	DE	REU	0.004330107712646139	0.0	0.0	0.0	0.0	0.004330107712646139
REP_OFMA	DE	ROW	0.0005683868878935261	0.0	0.0	0.0	0.0	0.0005683868878935261
REP_OFMA	FR	REU	0.11849105237181531	0.0	0.0	0.0	0.0	0.11849105237181531
REP_OFMA	IT	DE	0.00872018938640403	0.0026396036819382653	0.00020578731492529895	0.0027342175332326283	0.0011640684951522487	0.014299797916500222
REP_OFMA	IT	FR	0.012637445113640802	0.004078793002571698	0.0003507563410195166	0.001983512443058397	0.0004061489172573789	0.019050506900290413
REP_OFMA	IT	IT	2.635362175207775	2.4072154623684985	0.02638178473662273	0.34003541180022984	0.17198533191777093	5.408994834113127
REP_OFMA	IT	PL	0.0021003884651193236	0.0008094701785287733	1.2789232216482716e-5	0.00048654765822059016	-0.009859803786008143	0.0034091955340851696
REP_OFMA	IT	REU	0.28458440472126273	0.01298152438366042	0.0004558801947786715	0.013053270640433316	0.0009130149592646819	0.3110750799401351
REP_OFMA	IT	ROW	0.12176390080198903	0.17681259619306733	0.0012394497445652186	0.01913706656064341	0.0019422752941455873	0.31895301330026493
REP_OFMA	IT	SK	0.0007233152741904747	0.00010895667186667622	1.4626461462254929e-5	0.00017209277841133232	4.598289769481852e-5	0.0010189911859307382
REP_OFMA	PL	PL	0.0	0.0004813930987389723	0.0	0.0	-0.0018785689245010282	0.0004813930987389723
REP_OFMA	PL	REU	0.029159951535179224	0.0	0.0	0.0	0.0	0.029159951535179224
REP_OFMA	PL	ROW	0.006496791811829061	0.0	0.0	0.0	0.0	0.006496791811829061
REP_OFMA	REU	DE	0.0245727713526414	0.021443654274254837	5.6077574273414546e-5	0.003117227626939738	0.0015961728639171484	0.04918973082810939
REP_OFMA	REU	FR	0.02179054892453291	0.0023100149639745495	9.27102690232019e-5	0.0030636482569468882	9.990319339201114e-5	0.02725692241447755
REP_OFMA	REU	IT	0.010408291686574011	0.0010375191509477172	1.110603447002357e-5	0.0013479878156192906	3.458016334966292e-5	0.012804904687611043
REP_OFMA	REU	PL	0.0026274308058841555	0.008570619088239473	1.1663963183369808e-6	0.0002803663003010369	-0.023926725811540654	0.011479582590743
REP_OFMA	REU	REU	6.648512592337622	6.211152152888298	0.0746013758126044	0.22495318981068907	0.002454550746872642	13.159219310849213
REP_OFMA	REU	ROW	0.27023790760804034	0.3503045611518041	0.002583637097082922	0.020630488092565267	0.0014888898259664226	0.6437565939494926
REP_OFMA	REU	SK	0.007404983637135033	6.120593495980814e-5	3.857403637771705e-6	6.376636747051447e-5	2.9607566606117164e-5	0.007533813343203128
REP_OFMA	ROW	DE	0.011175886098084861	0.019388869255451087	3.561138563963059e-5	0.0003589511692323658	0.0001385494372326488	0.030959317908407946
REP_OFMA	ROW	FR	0.011300141876989694	0.0006970970880285245	8.158706020803173e-5	0.0006674990932815551	5.681931637528813e-5	0.012746325118507805
REP_OFMA	ROW	IT	0.0035966931789914213	7.260663761093798e-5	1.3595077361883619e-5	0.00011336111257558995	1.6757976461831022e-5	0.003796256006539833
REP_OFMA	ROW	PL	0.0006791926623338246	0.003384200118747324	7.273799133772579e-7	1.8172009028689934e-5	-0.32487506801442817	0.0040822921700232155
REP_OFMA	ROW	REU	0.5695123337123381	0.018777644595097093	0.0004574474888709628	0.005095886844558897	0.0005073869722169954	0.5938433126408651
REP_OFMA	ROW	SK	0.001125381391767917	1.0478880531589374e-5	2.518277042221242e-6	9.615552883654293e-6	5.751337663681375e-6	0.001147994102225382
REP_OFMA	SK	REU	5.2951037702894085e-6	0.0	0.0	0.0	0.0	5.2951037702894085e-6
REP_RATV	DE	DE	53.725861517420505	41.602097083796174	0.0569687433445076	0.2628116339448703	-0.011371542260328807	95.64773897850606
REP_RATV	DE	FR	0.036088790795878296	0.006546266316452934	0.0006557008114635762	0.008423850333152105	0.0006065939675873434	0.05171460825694692
REP_RATV	DE	IT	0.025016343261749608	0.003668481125343879	7.947533895854884e-5	0.0032169313786163567	3.257639116459062e-5	0.03198123110466839
REP_RATV	DE	PL	0.009704827754148472	0.008939699177638618	6.368022961001056e-5	0.00156412162568047	-0.2149654501986967	0.020272328787077572
REP_RATV	DE	REU	0.73682940215549	0.06950340781588724	0.0015484939393172153	0.038283901423892694	0.0020931791883814148	0.8461652053345872
REP_RATV	DE	ROW	1.2671528618788173	5.643859680641499	0.006342871642112324	0.04041634971180391	0.002206479312222486	6.9577717638742325
REP_RATV	DE	SK	0.002469368341254306	0.00031725633128651333	6.275213713023026e-5	0.0005780823678429874	0.00011310917052124207	0.003427459177514037
REP_RATV	FR	FR	14.182728119736684	16.686183956137572	0.0	7.944430792142327	0.22959832392699306	38.81334286801658
REP_RATV	FR	REU	0.35870066205841783	0.0	0.0	0.0	0.0	0.35870066205841783
REP_RATV	FR	ROW	0.0798073502737106	0.02701991600340686	0.0	0.0	0.0	0.10682726627711746
REP_RATV	IT	DE	0.030835564926867908	0.009353835628770547	0.0007253718051987919	0.009743278680307492	0.004165139008839286	0.050658051041144736
REP_RATV	IT	FR	0.04471314234752149	0.014489299388404998	0.001234603807016053	0.007046216483157138	0.0014429986703725433	0.06748326202609968
REP_RATV	IT	IT	9.626701272647686	8.505724252243317	0.09306663820048389	1.2266727565776498	0.6402462589578815	19.452164919669137
REP_RATV	IT	PL	0.007453967926074138	0.0028767643144983566	4.504319553644425e-5	0.0017312441775109424	-0.010577263338172452	0.01210701961361988
REP_RATV	IT	REU	0.3972035086878619	0.04600874876767921	0.001602773723879598	0.046428761165378564	0.003261085618630624	0.4912437923447993
REP_RATV	IT	ROW	0.30789759328715655	0.636296524652872	0.004381423898293953	0.06798980810205692	0.006918590205862075	1.0165653499403795
REP_RATV	IT	SK	0.0025796686910279525	0.00038756316165800177	5.144403605691936e-5	0.000610373983329922	0.00016477396558279452	0.0036290498720727956
REP_RATV	PL	DE	0.005176723380526437	0.0008110881358935946	4.72654962619352e-5	0.00047336435412556583	0.0003796470558047921	0.006508441366807533
REP_RATV	PL	FR	0.002538076762149272	0.0001507116904208839	4.109382461044744e-5	0.00010581914489300166	3.450180852153426e-5	0.002835701422073605
REP_RATV	PL	IT	0.0008995420978447177	0.0001460245817533918	7.148098916492624e-6	0.00012544761030980312	7.802706478145784e-6	0.0011781623888244054
REP_RATV	PL	PL	0.5480370342570501	0.5068881455226361	0.0015275869918560086	0.006075228305692962	-0.004031272785033105	1.0625279950772353
REP_RATV	PL	REU	0.1713942780564201	0.0021644583613894697	0.0001397489773411277	0.001914425084389136	0.0001654225707109345	0.17561291047953984
REP_RATV	PL	ROW	0.044140984420572425	0.012377251431723541	0.0001325450814251936	0.001207932216184303	0.00014852031653090099	0.05785871314990546
REP_RATV	PL	SK	0.00030030630988085076	2.1846005373015093e-5	5.89250535227896e-6	1.6019411999785603e-5	1.0754647470300369e-5	0.00034406423260593044
REP_RATV	REU	DE	0.6125078339397847	0.4813604481334366	0.00466466815111648	0.05590480934610714	0.019757952791735704	1.154437759570445
REP_RATV	REU	FR	0.44155190721919324	0.04944134178110309	0.004372644595239422	0.05940557413792189	0.00229059987385123	0.5547714677334576
REP_RATV	REU	IT	0.3192105403644785	0.02087138810916972	0.0008822137445133526	0.02135522786357369	0.000708201598288696	0.36231937008173526
REP_RATV	REU	PL	0.04754930851689561	0.25075286508358463	0.00020350529796789733	0.005073994765391869	-0.3782574862116221	0.30357967366384003
REP_RATV	REU	REU	115.94233827585987	113.82986225809437	1.3951878582882753	4.017140581383973	0.08430842472063826	235.18452897362647
REP_RATV	REU	ROW	3.0880766055076996	6.405477697149202	0.054590097170635496	0.36157023525212895	0.02514449586482499	9.909714635079666
REP_RATV	REU	SK	0.1333748557591684	0.0017991778103765628	0.0003193746140107774	0.00142823625672571	0.0005160219800903012	0.13692164444028146
REP_RATV	ROW	DE	0.05325672869326508	0.09292329328059407	0.0001270098332330944	0.0012354542581003727	0.0004103560374529992	0.14754248606519263
REP_RATV	ROW	FR	0.05755975983433838	0.0025402247257520815	0.00029535419914727333	0.0024107410133747138	0.00020133678784160566	0.06280607977261245
REP_RATV	ROW	IT	0.03348122748533677	0.0002637689516264482	4.8492977728360855e-5	0.0003938134281284216	5.976048829910048e-5	0.034187302842820004
REP_RATV	ROW	PL	0.0024252912105838845	0.03661530086487076	2.7821709123701773e-6	5.46242878310015e-5	-1.153806459844593	0.039097998534198014
REP_RATV	ROW	REU	1.1289269475864738	0.08656191248674021	0.0016515493671676758	0.018340944679311525	0.0023119809073174668	1.2354813541196932
REP_RATV	ROW	SK	0.003536817475418445	3.3468830433732825e-5	9.16353041932602e-6	2.948234414647423e-5	1.6828737812890016e-5	0.003608932180417978
REP_RATV	SK	DE	0.00016949832210635046	1.282178854697905e-5	5.979356373299117e-7	3.149818966473472e-5	8.555826581972515e-7	0.00021441623595539415
REP_RATV	SK	FR	5.7401539477621444e-5	4.6865963057491996e-6	5.801366226543443e-7	7.811761361582612e-6	4.072257279777987e-7	7.048003376760761e-5
REP_RATV	SK	IT	5.418251534337726e-5	1.6167172404567794e-6	1.567961561021086e-7	1.327757837548256e-6	1.7625875551472369e-7	5.728378657748441e-5
REP_RATV	SK	PL	5.3423144227535886e-5	9.827983768185808e-6	0.0	3.390682682480234e-5	-0.019209840250168687	9.715795482052403e-5
REP_RATV	SK	REU	0.21191821145437248	4.707335097466058e-5	4.1322949394516225e-6	7.977047498421359e-5	5.01216053327454e-6	0.2120491875752708
REP_RATV	SK	ROW	0.04162229577829144	6.56677602285486e-5	5.722744703464843e-6	5.5411020548481375e-5	2.272495301870962e-6	0.04174909730377194
REP_RATV	SK	SK	0.035197968406513326	0.16504077823678262	0.0003164675483411339	0.015799954277711692	-0.0009573261412048699	0.21635516846934877
REU_ELMA	DE	DE	1515.9197429340688	1373.1870144138431	69.19911785761518	41.11575326981168	-0.4599020930901207	2999.421628475339
REU_ELMA	DE	FR	30.50549960720155	0.3716226434576257	0.021623909954148514	0.08619580753530073	0.01997498195946158	30.984941968148625
REU_ELMA	DE	IT	9.440126378584154	0.17383235619319595	0.002385083749491494	0.06969149332183386	0.0011880360304052547	9.686035311848675
REU_ELMA	DE	PL	8.31032754617245	0.6050158581505145	0.0016074647219618352	0.03639736523469135	0.012175361946847398	8.953348234279618
REU_ELMA	DE	REU	115.40111562881786	4.122385867322032	0.052718676879911525	3.767342788791009	0.31672708480180023	123.34356296181082
REU_ELMA	DE	ROW	63.448489674864	13.151985239465775	0.261029861091938	2.855797559884043	0.14818945104829476	79.71730233530576
REU_ELMA	DE	SK	1.2617216326506107	0.013269156484595424	0.002078206301123024	0.013970356378861673	0.0034485204080955518	1.2910393518151908
REU_ELMA	FR	DE	4.142729100065435	0.13755214395657225	0.015781925795838148	0.017738552957970898	0.02954878272322786	4.313801722775816
REU_ELMA	FR	FR	88.83378759125961	314.57441561185567	29.036692483851255	3.856636077192803	0.019966962931664136	436.30153176415934
REU_ELMA	FR	IT	1.8567265795545032	0.006598168401063742	0.001731587932121365	0.0054029936276650285	0.00467105998283992	1.870459329515353
REU_ELMA	FR	PL	0.3847442960060412	0.013805639409268454	0.0	0.0	0.0	0.39854993541530964
REU_ELMA	FR	REU	17.906443368891267	0.7000724955468873	0.09235469369054077	0.3838104834897314	0.16023717114856453	19.08268104161843
REU_ELMA	FR	ROW	11.928419250027094	3.599059530492389	0.12062685686954118	0.508087885475004	0.05799970500387619	16.15619352286403
REU_ELMA	FR	SK	0.0723590018617244	0.0	0.0	0.0	0.0	0.0723590018617244
REU_ELMA	IT	DE	6.534787852900883	0.4939435751777029	0.03506842820845338	0.2272952638955587	0.11033517064840459	7.2910951201825975
REU_ELMA	IT	FR	6.521387974047971	0.4476735051219961	0.07279957113484188	0.17829603699593782	0.059836432717371414	7.220157087300746
REU_ELMA	IT	IT	423.0568400903901	246.85267799341392	8.53797121059278	25.44979995526726	1.1654649642650188	703.897289249664
REU_ELMA	IT	PL	1.198281716545221	0.12715959208431238	0.0013177125003112108	0.03930655842929586	0.008215189342905434	1.3660655795591405
REU_ELMA	IT	REU	23.822916883236356	2.5361542220353614	0.11979890785532596	1.6544152578488418	0.26454702052045037	28.133285270975886
REU_ELMA	IT	ROW	20.551826886191545	5.906175757135422	0.2336862918150417	2.1158023096291037	0.20774461647954054	28.80749124477111
REU_ELMA	IT	SK	0.3205046349317298	0.011008165843117366	0.0013946116000487126	0.014871241317107564	0.0029612913545573045	0.34777865369200345
REU_ELMA	PL	DE	7.4187876706890545	0.3336735686664469	0.1120826696609665	0.2098468832440807	0.19554675707961255	8.074390792260548
REU_ELMA	PL	FR	2.6750471547954113	0.11850596695856497	0.07958993159499342	0.09694600408539997	0.056058357596799537	2.97008905743437
REU_ELMA	PL	IT	0.9493825433703363	0.06487127387069884	0.013808833965179856	0.03633348686631348	0.017085769528495706	1.0643961380725284
REU_ELMA	PL	PL	153.7876819836024	129.50105462025684	2.6722637269389007	5.665678332652717	2.548802267276054	291.62667866345083
REU_ELMA	PL	REU	22.36225093099549	2.7253487848761293	0.29362406414615905	1.0585154485459718	0.3049705278460879	26.43973922856375
REU_ELMA	PL	ROW	8.397094382984895	3.798663189382456	0.2329963593890271	0.7592100891013763	0.12031526541214184	13.187964020857754
REU_ELMA	PL	SK	0.3366601942498925	0.022077966178603664	0.0037811402838136684	0.002514947448201628	0.0022369875688677786	0.36503424816051144
REU_ELMA	REU	DE	44.56784960365475	2.3677691619486567	0.3905889574784697	0.8708465165535746	0.615915946692199	48.197054239635456
REU_ELMA	REU	FR	37.8593179134921	1.3434873081314065	0.5777899251239504	0.8959468825431733	0.3903939428081271	40.67654202929063
REU_ELMA	REU	IT	15.077154690018327	0.548322850311119	0.16208501722275254	0.3132107537197487	0.17782357621567688	16.100773311271947
REU_ELMA	REU	PL	5.78456557108361	0.46497384919489093	0.0030615270152026374	0.04747822402622997	0.02370085083496042	6.3000791713199344
REU_ELMA	REU	REU	1387.582424242454	2374.420911304597	51.179294362477	91.83455384892363	-4.921920059131751	3905.017183758452
REU_ELMA	REU	ROW	155.85615712322317	52.221405965327705	2.600377963943508	10.367216927760278	1.3628078571427118	221.04515798025466
REU_ELMA	REU	SK	1.3635054844494088	0.06550202354372231	0.013609923489723254	0.020598729840966473	0.0105271085613239	1.4632161613238208
REU_ELMA	ROW	DE	55.47586821019762	1.5992402048237442	0.8876980325254368	1.0496015823202296	1.3777807564215725	59.012408029867025
REU_ELMA	ROW	FR	48.68815290314741	1.2831392724782142	1.4817277010086343	1.02082594764701	1.0204504390113796	52.47384582428128
REU_ELMA	ROW	IT	16.456445178462925	0.47612934623061287	0.34784839578578186	0.368450170157564	0.38809824831436956	17.648873090636886
REU_ELMA	ROW	PL	3.83852764217661	0.105183367564902	0.00042815235120561293	0.010135813535570729	0.0005457736561784593	3.9542749756282887
REU_ELMA	ROW	REU	307.8058410219681	22.24739856686006	4.2666162362081845	11.54892763555268	5.502343028128471	345.868783460589
REU_ELMA	ROW	SK	1.0460722987594575	0.026335025928330376	0.026862041014288317	0.018074374594380615	0.01748154428251993	1.1173437402964568
REU_ELMA	SK	DE	2.22494825888932	0.2153606412427591	0.018426334586671447	0.20871774687214745	0.04962493945756685	2.667452981590898
REU_ELMA	SK	FR	0.6499294055484512	0.1152917448910449	0.006601465740863499	0.06193143770109096	0.01315207649988247	0.8337540538814506
REU_ELMA	SK	IT	0.5427448028016371	0.11125870981072916	0.0006325821913860536	0.053060882853027964	0.0018712755646818474	0.7076969776567803
REU_ELMA	SK	PL	0.5958214522946013	0.10963004416881836	0.00022002042216188542	0.026903380938561906	0.0004185879528402831	0.7325748978241434
REU_ELMA	SK	REU	8.324864166938825	1.0755264083625233	0.07674872664369965	0.5264815466208347	0.13141300914863666	10.003620848565882
REU_ELMA	SK	ROW	2.628557594318762	1.0647771864720055	0.07592284334703162	0.4185572054708352	0.037244806663312736	4.187814829608634
REU_ELMA	SK	SK	117.45354544757238	89.10731702517613	3.8568791014407937	16.645685626906594	0.09092919654939825	227.0634272010959
REU_OFMA	DE	DE	0.00013440008071340968	0.024044741560037483	0.0	2.7059223785593825e-5	0.0	0.024206200864536485
REU_OFMA	DE	REU	0.12423219161453297	0.0	0.0	0.0	-0.00762929030171762	0.12423219161453297
REU_OFMA	DE	ROW	0.02805162464519002	0.0	0.0	0.0	-0.007703357250594665	0.02805162464519002
REU_OFMA	FR	REU	0.025210307798234244	0.0	0.0	0.0	0.0	0.025210307798234244
REU_OFMA	IT	DE	0.7304749574166094	0.056839342192068515	0.002563216910258781	0.02647847013309943	0.010621618634730075	0.8163559866520361
REU_OFMA	IT	FR	0.74279326940689	0.05326927579473459	0.004197971490707555	0.019453150719485505	0.0040786521682385024	0.8197136674118177
REU_OFMA	IT	IT	48.91747911797493	33.525702160728315	1.1541935103430647	3.395679001712147	0.15165386308151793	86.99305379075845
REU_OFMA	IT	PL	0.11433189762229148	0.01143246371558411	0.0001659394831575991	0.004924599860755281	0.001007319526446206	0.13085490068178848
REU_OFMA	IT	REU	3.1130350983478197	0.31835236112622944	0.012465354030488837	0.20082746440759774	0.02914697653593693	3.6446802779121352
REU_OFMA	IT	ROW	2.5057916048357995	0.7317421109591489	0.02786667671486675	0.2632999526934081	0.02285455530270098	3.5287003452032235
REU_OFMA	IT	SK	0.028915057905193674	0.0013984216421513125	0.0001746504914334219	0.0018687169486107291	0.00036763755942176085	0.03235684698738914
REU_OFMA	PL	DE	0.09977582530562296	0.003454024983307204	5.13419338590209e-5	0.001496382688797046	0.00046814977412759553	0.10477757491158622
REU_OFMA	PL	FR	0.02747358916831007	0.0012275735118607585	7.840513262783286e-5	0.0009746137472748588	8.32572797927146e-5	0.02975418156007352
REU_OFMA	PL	IT	0.0032159891473220246	0.0008630530591843087	7.98973139491475e-6	0.0003785180011194002	1.32635248542088e-5	0.004465549939020649
REU_OFMA	PL	PL	2.4490918354667333	2.618067972314002	0.04175687219062276	0.10276354671445888	0.04528154780785205	5.211680226685817
REU_OFMA	PL	REU	0.790041493104528	0.05221784629258573	0.0002776186745410786	0.015290077167621765	0.00016701184898729104	0.8578270352392766
REU_OFMA	PL	ROW	0.24151281949205872	0.0809307909988107	0.0007991952401603404	0.011878079537904743	0.0002010329352660572	0.3351208852689346
REU_OFMA	PL	SK	0.003516365896028743	0.00036340182873032586	1.3011270210544726e-5	4.2855722199570494e-5	1.7384164494692564e-5	0.003935634717169184
REU_OFMA	REU	DE	9.804343178316355	0.4550796903030352	0.019710894787544	0.06794906843579819	0.03472052737518661	10.347082831842732
REU_OFMA	REU	FR	8.527714523656337	0.13895768540004896	0.027948791752904694	0.06916775969063543	0.018474043996657676	8.763788760499928
REU_OFMA	REU	IT	3.1514967912041736	0.04075015774172882	0.0034944451652229964	0.022324503111973575	0.005064464866061007	3.2180658972230987
REU_OFMA	REU	PL	1.4488139675597125	0.10558509674358302	0.00031564757390515545	0.004901533214845913	0.003242598571799895	1.5596162450920465
REU_OFMA	REU	REU	287.27488664516875	165.27316666802753	2.982050456814263	8.956155519593336	0.911704284564427	464.4862592896039
REU_OFMA	REU	ROW	36.073610733765165	7.970457783224853	0.21633147416415324	1.3049521196657559	0.10508943936000997	45.56535211081992
REU_OFMA	REU	SK	0.3266721211921203	0.004255146017618425	0.0004723291046857291	0.0016320649091364908	0.0004993701028077406	0.333031661223561
REU_OFMA	ROW	DE	23.79511487416406	0.7534117765330913	0.3142402725830432	0.38033700444159696	0.49240580289922425	25.24310392772179
REU_OFMA	ROW	FR	20.970565607769004	0.4979356263373968	0.5265881910727774	0.3743859362076397	0.36248372514592836	22.369475361386822
REU_OFMA	ROW	IT	7.365988735854767	0.1755034349143577	0.11902732850626062	0.13244989247099792	0.13435412412520728	7.792969391746383
REU_OFMA	ROW	PL	1.7367270238526915	0.06452116639711711	0.0001910203085687941	0.004469160633290561	0.00021760532961852171	1.805908371191668
REU_OFMA	ROW	REU	176.32361313678456	12.211258970324995	1.5322183728667687	6.6372799818419885	3.001100835266141	196.7043704618183
REU_OFMA	ROW	SK	0.43823464345798496	0.007118864143722179	0.004441117567096665	0.002372491324945164	0.0028863262233031696	0.45216711649374897
REU_OFMA	SK	REU	0.003486973710209511	0.0	0.0	0.0	0.0	0.003486973710209511
REU_OFMA	SK	ROW	0.0006557810512439506	0.0	0.0	0.0	0.0	0.0006557810512439506
REU_RATV	DE	DE	1578.475849960332	2246.0140965465544	116.63852312823249	68.0229054998419	-0.7359978771195173	4009.1513751349607
REU_RATV	DE	FR	20.093096758361597	0.40589130766180653	0.03443110976212751	0.13679960816693357	0.0317713761423051	20.670218783952464
REU_RATV	DE	IT	6.265679944084565	0.2794106157617355	0.0037670837612847536	0.10997035392123725	0.001898272383770143	6.658827997528822
REU_RATV	DE	PL	5.285098843551365	0.44596501201975774	0.0025280113351392945	0.0570369911956539	0.01275056757597975	5.790628858101916
REU_RATV	DE	REU	75.73821751844493	3.7735670013883005	0.08458499069286643	3.1192875637213806	-0.23345828642638095	82.71565707424747
REU_RATV	DE	ROW	45.94764615367129	9.489100597006402	0.31215720177329875	3.1177859076008634	0.18079480357393385	58.866689860051856
REU_RATV	DE	SK	0.8443854387285058	0.02138175622543691	0.0032987502148566685	0.022082749826996376	0.005461767325302956	0.8911486949957959
REU_RATV	FR	DE	3.7635811132126107	0.12280546927473422	0.01508326364113147	0.01699802008756762	0.028542494424671976	3.918467866216044
REU_RATV	FR	FR	80.12785335467305	306.3486213657244	28.17500395543974	3.7631703307590674	0.01919106683989447	418.4146490065963
REU_RATV	FR	IT	1.6734658949318648	0.006149424223585258	0.0012981216331880278	0.004985567318878469	0.004203931825255308	1.6858990081075167
REU_RATV	FR	PL	0.34467729614676057	0.011210562273539304	0.0	0.0	0.0	0.35588785842029985
REU_RATV	FR	REU	16.34596075951751	0.660265801388797	0.08984435449660655	0.35472159893569144	0.14867484226911684	17.450792514338602
REU_RATV	FR	ROW	10.868231315169506	3.3390435049445037	0.11590842066317511	0.4773486627098055	0.05575475754900401	14.800531903486991
REU_RATV	FR	SK	0.06519444212814035	0.0	0.0	0.0	0.0	0.06519444212814035
REU_RATV	IT	DE	2.673031895366372	0.20843459263914638	0.013290253054030213	0.09761170272681811	0.04686594136492983	2.9923684437863667
REU_RATV	IT	FR	2.70082854752923	0.19604546818577484	0.030694319545275586	0.07703715944646641	0.025054936216322446	3.004605494706747
REU_RATV	IT	IT	170.62043799168075	116.75684835376708	4.04174993192296	11.839336465891982	0.5421193150500004	303.2583727432627
REU_RATV	IT	PL	0.4740011873146995	0.05115768532954066	0.0005784613818760285	0.0171973376125581	0.0036099848530517834	0.5429346716386743
REU_RATV	IT	REU	10.148288608177973	1.1172049176529035	0.054189327679478747	0.7105149595150707	0.11196869109723316	12.030197813025426
REU_RATV	IT	ROW	8.565449311597021	2.5433159021288767	0.10374239271231278	0.92250304193469	0.09049057624771065	12.1350106483729
REU_RATV	IT	SK	0.12020236310276984	0.004883965009946553	0.0006087909741948422	0.006522296480435807	0.0012864696587191018	0.13221741556734704
REU_RATV	PL	DE	6.067280739033581	0.2583229806771833	0.09390906976305881	0.16458637264031306	0.1622266544968921	6.5840991621141365
REU_RATV	PL	FR	2.1932171138616283	0.09342712920450838	0.06591482538220285	0.07536101006164836	0.04614932933337698	2.427920078509988
REU_RATV	PL	IT	0.7622004785279648	0.050422562433391736	0.009982843064727253	0.027936274012624517	0.01297241246909826	0.8505421580387084
REU_RATV	PL	PL	98.07418364969293	100.84261374995587	2.085001796140675	4.450995064683895	2.0039688588954974	205.45279426047338
REU_RATV	PL	REU	18.565915320363793	2.2603371507435757	0.24756083564877948	0.8579028158913603	0.25299554197712854	21.931716122647508
REU_RATV	PL	ROW	6.83974818002212	3.1436163356906515	0.1933586749324882	0.6183844781011819	0.09979428748203113	10.795107668746443
REU_RATV	PL	SK	0.25409213709436435	0.01625003345467383	0.001439243527384791	0.0018792065182805249	0.0007941696682268315	0.27366062059470353
REU_RATV	REU	DE	175.21825266252682	8.142052555244518	0.4130314485006389	1.2724605940588114	0.6593356051306469	185.04579726033077
REU_RATV	REU	FR	152.32778629485193	2.5106222842033326	0.5718257671166354	1.2786301488376983	0.37516569238726566	156.68886449500957
REU_RATV	REU	IT	56.62599515080893	0.7764812052118502	0.15763633930742604	0.43913619445910107	0.16592599124208735	57.99924888978731
REU_RATV	REU	PL	26.117016495027737	1.9140212146302493	0.005866771319228337	0.0881577588778671	0.05727667901089023	28.125062239855083
REU_RATV	REU	REU	5111.352329149312	2944.522808074627	53.1642202645974	159.54214564852353	16.291880971210936	8268.581503137058
REU_RATV	REU	ROW	640.6413420437118	141.99663941029843	3.8552626508639687	23.23278548575966	1.8968611469257042	809.726029590634
REU_RATV	REU	SK	6.007208369876305	0.08443942610990197	0.017491252697459454	0.03408908865486862	0.014905793742747543	6.143228137338535
REU_RATV	ROW	DE	86.04649493695806	2.727045719352309	1.1489214166623078	1.3869603054475075	1.7894237281679772	91.30942237842017
REU_RATV	ROW	FR	75.80900696269548	1.8049462261989502	1.9178017209461433	1.3627528509371682	1.3206974396152047	80.89450776077774
REU_RATV	ROW	IT	26.727764931688323	0.6455925533381671	0.4516407350039733	0.489928971075971	0.5033260635224426	28.314927191106438
REU_RATV	ROW	PL	6.387000800894582	0.24260590291511086	0.0006901107061069508	0.016132759646173892	0.0008584727533939519	6.646429574161974
REU_RATV	ROW	REU	635.1519869267287	44.08673512395585	5.5383694967832735	23.960182438421935	10.838919677520192	708.7372739858897
REU_RATV	ROW	SK	1.6713500345699184	0.03680961682576229	0.037708910919764464	0.02686735201895814	0.025007497757357593	1.7727359143344033
REU_RATV	SK	DE	2.9867155899346614	0.2269263763743943	0.030802901745664597	0.20317286956771397	0.07238860955621797	3.4476177376224344
REU_RATV	SK	FR	0.8696859851707565	0.10819060299740031	0.013300338822378731	0.06418949971973194	0.016335165574205047	1.0553664267102674
REU_RATV	SK	IT	0.7158109069801658	0.11892670245103461	0.0009555609262979116	0.05373314748730173	0.004603089976025064	0.8894263178448001
REU_RATV	SK	PL	0.6777769477211055	0.12677499672668577	0.00017127989699923345	0.026739774250383253	0.0012639656512781644	0.8314629985951738
REU_RATV	SK	REU	10.925936585854883	1.360853861007052	0.11623591874138667	0.5846170944803922	0.17392822466396207	12.987643460083715
REU_RATV	SK	ROW	3.4614697647368287	1.4401141218218683	0.10961270652360765	0.48404728863860685	0.04784542700609848	5.495243881720912
REU_RATV	SK	SK	150.14760815567394	134.23245388286168	5.639936630768596	25.246251513110526	0.10967424887629433	315.2662501824147
TRADE	DE	DE	190540.6142606995	189487.6911571545	8848.05213557801	20458.944524885475	-255.22812161113418	409335.3020783175
TRADE	DE	FR	7442.011323473047	107.92182726643897	40.15631518567672	60.47663972601759	30.10578773446176	7650.566105651181
TRADE	DE	IT	1984.947005304495	85.8705718156009	1.2160736811093191	36.4276601370929	0.5783848051653939	2108.461310938298
TRADE	DE	PL	813.4147972626125	41.284663023689475	0.8069323333725957	19.46412191755937	4.058708139007638	874.9705145372341
TRADE	DE	REU	22174.524587978824	1628.8863094102398	107.46442012173316	1327.7466402386444	67.56975089720142	25238.62195774944
TRADE	DE	ROW	29189.81290663987	3799.6715699291885	268.48649285293175	3041.1850034003633	319.5587940656033	36299.15597282236
TRADE	DE	SK	270.39250570028395	7.05343740980544	2.569395389805812	8.198471614749895	2.846623068377763	288.2138101146451
TRADE	FR	DE	5282.651948957639	297.6637020113454	9.766340135532523	10.447130530881019	14.766159820337924	5600.529121635398
TRADE	FR	FR	110001.34660220184	177519.40822911754	14372.327241369474	17053.85820552943	115.30650994715958	318946.9402782183
TRADE	FR	IT	2541.6672400662783	5.710954129295434	5.449036624644108	5.202618983665125	6.0008016549155165	2558.029849803883
TRADE	FR	PL	363.7397133156992	0.0	0.0	0.0	0.04347544525714694	363.7397133156992
TRADE	FR	REU	22096.86892318213	1022.0345029947619	106.84420511815597	723.0152244350332	100.67305726942871	23948.762855730078
TRADE	FR	ROW	29179.831594957963	3514.280251942594	198.87413326101702	1993.413043817847	224.06739815705487	34886.39902397942
TRADE	FR	SK	143.43817700878037	0.7072952335627227	1.0538524143860135	0.6244567711725431	0.6479735952805784	145.82378142790162
TRADE	IT	DE	1669.2001728934729	371.4446373510687	20.39827614461514	133.6065805837386	59.36594494133447	2194.649666972895
TRADE	IT	FR	2671.8456382388517	259.49264131929226	58.6783779169811	111.09998640672761	46.39663724934052	3101.1166438818523
TRADE	IT	IT	104035.28031188721	170281.01355706085	4175.165954997112	25492.71511191653	658.8947513590866	303984.1749358617
TRADE	IT	PL	339.45544635826434	42.91635106894545	0.7859984042970501	22.865579358710725	5.077867104007167	406.02337519021756
TRADE	IT	REU	7924.507032124631	1329.1564926227054	84.58118212146327	939.7454857440835	91.4348792110133	10277.990192612884
TRADE	IT	ROW	7187.98029725903	2370.1693793761406	136.95029342397874	1488.6900098295591	191.3563583029468	11183.789979888708
TRADE	IT	SK	107.1487354173782	7.693772993653963	2.405448544013917	9.62492278074182	2.6078204503170967	126.8728797357879
TRADE	PL	DE	3291.1008479159077	474.3237961273684	27.639367857868102	146.77444022378552	68.43004144755085	3939.8384521249295
TRADE	PL	FR	1554.5642769173674	80.44360205013066	27.337015178862913	39.74002866918833	20.81212121986762	1702.0849228155494
TRADE	PL	IT	582.7021279989076	71.31061275934161	4.7183960393931885	30.787358752889308	5.34176680335656	689.5184955505317
TRADE	PL	PL	38614.912846740655	31269.702672137093	1278.839767843728	4270.286476567032	2570.3455425726156	75433.74176328852
TRADE	PL	REU	9320.464734397066	1214.5970589585236	91.69622982277595	581.103541351841	94.88210539181411	11207.861564530205
TRADE	PL	ROW	5119.546555819719	1428.7073614802516	85.19719474544233	564.1180568906558	81.04333377710473	7197.569168936069
TRADE	PL	SK	188.9148270723316	25.473566008660754	4.0073158785657315	5.468694533516443	3.438268915201247	223.86440349307452
TRADE	REU	DE	26713.43665333094	1442.9791450336654	145.94152553443345	526.8183393594893	199.04363063629035	28829.175663258527
TRADE	REU	FR	30187.350700247625	683.1092546554323	204.4346262718548	414.7762839284483	129.51621061579516	31489.67086510336
TRADE	REU	IT	10729.881851977007	360.3543611009888	46.302016703379664	170.18378700059142	41.26255691833643	11306.722016781965
TRADE	REU	PL	2335.5106052834517	169.02935068812917	3.70136208235983	43.20795884396261	13.332972928214533	2551.449276897903
TRADE	REU	REU	780262.5816335382	770271.2286621149	18307.91543860238	109759.10966228152	2299.300742775155	1.678600835396537e6
TRADE	REU	ROW	150713.87211997245	24017.92225181046	1676.5462199076162	11326.892219363568	1348.322699391796	187735.2328110541
TRADE	REU	SK	836.9098057121455	42.4394876280302	9.689580344246236	18.776933460081903	8.035008769232657	907.8158071445038
TRADE	ROW	DE	35507.50322671494	1379.5667160000462	158.3548664342065	221.67722015159487	258.8043522984584	37267.10202930079
TRADE	ROW	FR	39160.6428835596	308.6694117473015	308.72787569099813	237.80344727878688	211.89300241396964	40015.84361827668
TRADE	ROW	IT	10681.627168248782	106.89231267175045	62.53707335051465	75.10881058261293	69.39412031938633	10926.165364853661
TRADE	ROW	PL	1735.5998973164426	31.68450326888278	0.22161618848508832	6.133656549644563	0.44893925906702875	1773.6396733234549
TRADE	ROW	REU	164684.34369549996	10283.589341631903	1172.4424426672272	6197.997772272452	1490.7302341933907	182338.37325207156
TRADE	ROW	SK	608.4263081915623	7.88469129046676	7.025213310623623	6.6318052538918435	5.207773873158301	629.9680180465444
TRADE	SK	DE	168.8997105942349	23.028680602241625	0.9237412132128908	22.05769814133232	4.467501317729532	214.9098305510217
TRADE	SK	FR	62.690891744251445	11.809304867576664	0.5881844109553902	5.8489899404948655	1.369281007674898	80.93737096327835
TRADE	SK	IT	57.5932620276153	10.898119084434063	0.19679285642201808	5.494790427402275	0.37291051964396993	74.18296439587367
TRADE	SK	PL	46.28147814168086	12.592046772146663	0.020976695355778358	3.005261150545107	1.0170800863546363	61.89976275972841
TRADE	SK	REU	631.3918591638002	99.85826214843748	3.652307407008239	49.54977080836121	9.090893352607663	784.4521995276071
TRADE	SK	ROW	241.33879050744835	63.10916617501611	4.596364762090039	38.353679924968354	3.8262450883581076	347.39800136952283
TRADE	SK	SK	7669.756179137855	3978.082614261026	229.4081876543292	1163.9572919038187	9.001931724939766	13041.20427295703
TRANSPORT	DE	DE	246427.2475323783	47324.090016816255	2855.0757397109605	870.4525160240654	-5186.607113267195	297476.8658049296
TRANSPORT	DE	FR	845.7151045602117	440.9702707068129	2.806863654086442	20.261038981934746	1.1551444943748022	1309.7532779030457
TRANSPORT	DE	IT	370.14276804149364	1105.6340744760091	4.577214307836915	53.10043404014975	3.4221023600537213	1533.4544908654893
TRANSPORT	DE	PL	446.0692694200252	38.920127806003414	0.10721393930217184	2.9793938435966187	1.429726674942582	488.0760050089274
TRANSPORT	DE	REU	8525.854987757048	3989.418075880224	88.81422095542035	973.1592412912132	111.47730140411605	13577.246525883907
TRANSPORT	DE	ROW	17036.646113383726	5854.251758704294	843.1358152730915	3575.4614312904314	361.4887820629941	27309.49511865154
TRANSPORT	DE	SK	185.20140969950816	28.40312878296842	2.4074265502700216	21.34609249686432	6.38777549850936	237.35805752961093
TRANSPORT	FR	DE	2350.2314383248176	196.1939506600039	0.07950231553832503	0.0	83.18482628290641	2546.5048913003598
TRANSPORT	FR	FR	110481.93904303182	36338.8421938791	3088.770060177414	834.2224216375831	0.0	150743.77371872592
TRANSPORT	FR	IT	489.94096503479665	770.1462043339865	0.0	15.898420720577928	0.0	1275.985590089361
TRANSPORT	FR	PL	330.71570098645884	29.925213882025833	3.049023905931044	28.544592214451878	9.614411172095279	392.2345309888676
TRANSPORT	FR	REU	8196.983599667925	3356.567602387119	87.07370441989328	842.8681553162046	63.203458123623946	12483.493061791143
TRANSPORT	FR	ROW	19181.47676566446	7600.688905096245	1192.4105650533886	2771.391535082252	310.70394684254694	30745.96777089635
TRANSPORT	FR	SK	172.7094959240819	14.269057090205811	2.9762165917046906	9.42173398399601	2.9572901968758116	199.3765035899884
TRANSPORT	IT	DE	994.4345629535331	126.76511899152311	8.587195086501834	45.611037835101605	32.11100992804142	1175.3979148666597
TRANSPORT	IT	FR	684.765788562036	90.3587459550488	1.4654170169974274	11.508723961609657	0.21074000552897465	788.098675495692
TRANSPORT	IT	IT	120458.76972425054	39561.69032913923	6735.5459860024575	2492.393524530199	37.81290919361633	169248.39956392243
TRANSPORT	IT	PL	155.5360951964487	17.225796292979172	0.5402580172986421	9.934071487774037	3.610284416130942	183.23622099450057
TRANSPORT	IT	REU	3529.4037961801914	767.1765081231547	25.554010926205173	235.31268636792905	-27.183329229118215	4557.447001597481
TRANSPORT	IT	ROW	5205.391194215127	1475.2471669289598	519.1286467349033	715.0491132169906	71.76595801065972	7914.8161210959815
TRANSPORT	IT	SK	49.69731251273259	3.564639735553774	0.32136242037556106	2.6193910434195606	0.5642239903476213	56.20270571208149
TRANSPORT	PL	DE	1223.471827195573	64.8620154672358	0.38338302675465186	2.7193079067472197	6.30185486368778	1291.4365335963107
TRANSPORT	PL	FR	751.501204137891	100.65544076055892	14.49396632766389	57.53008661777762	15.865773302015066	924.1806978438915
TRANSPORT	PL	IT	461.4367075615069	134.5452289389795	0.6133922642566513	90.40969928382786	0.8041929928965044	687.0050280485709
TRANSPORT	PL	PL	35653.41063970578	6359.317892525424	7068.266222363684	317.7361793006052	21.83795372646643	49398.730933895495
TRANSPORT	PL	REU	3493.4905374599393	716.2363427430342	32.59584989775106	352.76766663045106	-142.83664715335263	4595.090396731176
TRANSPORT	PL	ROW	2616.9221896882937	817.5882804615742	211.32206988279702	320.6639966808453	26.381801705561053	3966.49653671351
TRANSPORT	PL	SK	45.193173557329864	0.36268268294277844	0.04025361062089218	0.07222944888119508	0.03360443395902719	45.66833929977473
TRANSPORT	REU	DE	19735.093100247028	2129.4321786748596	69.8609706403258	540.5540365250445	449.9634208573361	22474.940286087258
TRANSPORT	REU	FR	10511.280737898616	2804.356827594841	117.02220848021983	523.9657170677102	107.4859843870866	13956.625491041386
TRANSPORT	REU	IT	7254.358999606568	4139.745071745651	29.066438899098344	716.6279114966259	18.329958379498226	12139.798421747944
TRANSPORT	REU	PL	3133.246195931085	357.20077595401483	11.062165393430773	97.84557240822002	20.89351141993814	3599.3547096867505
TRANSPORT	REU	REU	696059.3282110555	212667.23019677092	46147.20676522018	15630.123547753508	-1089.3973280489568	970503.8887208
TRANSPORT	REU	ROW	104873.61294254866	36602.839169899846	5993.7504521709925	8328.752893516426	1004.5718582491284	155798.95545813593
TRANSPORT	REU	SK	916.7420622165075	61.74974305165703	10.922597122392274	20.37217959265885	2.587925272607742	1009.7865819832157
TRANSPORT	ROW	DE	20676.584077373358	2330.1106795784676	205.55613975535397	1044.035380294629	613.4908425898851	24256.28627700181
TRANSPORT	ROW	FR	12804.368522734618	2188.531895680082	337.4964141040128	1073.3946217545863	237.7774515160099	16403.791454273298
TRANSPORT	ROW	IT	6866.334529873132	2278.616096360548	12.363540436613	772.489941028823	21.473530765964878	9929.804107699116
TRANSPORT	ROW	PL	2100.3188193458386	217.10650614322842	7.471530484281013	159.13261175546725	34.94702910715587	2484.0294677288152
TRANSPORT	ROW	REU	60518.47101328923	18100.294724373405	364.8713236181247	6612.406708427878	-841.9559609116353	85596.04376970863
TRANSPORT	ROW	SK	400.4561558035144	41.16725025784848	3.0947650283654036	36.85930108414554	13.864445038470773	481.57747217387384
TRANSPORT	SK	DE	285.8722368521906	16.59241745764427	0.06618372115818671	17.66830368100193	0.6632233022242977	320.199141711995
TRANSPORT	SK	FR	47.13747520652436	5.777482658863354	0.21964368008558413	7.548886794085367	1.6138856070912988	60.683488339558664
TRANSPORT	SK	IT	94.65370193043168	53.211844498472566	0.0032870874002730137	13.723310576498484	0.011103298535180686	161.592144092803
TRANSPORT	SK	PL	37.82082857958577	2.364055099773158	0.0018470900470899103	0.5922738552469706	0.0819028613726609	40.779004624653
TRANSPORT	SK	REU	896.3968913819532	94.74018811722598	5.851804142820577	17.762699885183046	-3.5138031182106872	1014.7515835271828
TRANSPORT	SK	ROW	417.3126452923605	167.84514269865966	35.923474692656576	60.133107312349196	4.992081470274177	681.214369996026
TRANSPORT	SK	SK	5696.927314928248	1066.3751797370132	1276.274151158826	301.74433988819	0.8208885742258437	8341.320985712277
UTIL_WASTE	DE	DE	111246.09246889678	57276.10627154033	1844.6524560798566	7564.075349296359	-5865.465446456629	177930.9265458133
UTIL_WASTE	DE	FR	583.1818498473732	97.41486162603151	1.2202917491321148	20.227279762265635	1.7355829374153635	702.0442829848025
UTIL_WASTE	DE	IT	1120.493687845085	213.19694660184624	0.11718675889414229	8.471138460639775	0.05357641321306318	1342.2789596664654
UTIL_WASTE	DE	PL	365.8802177544079	34.12965250537081	0.09694882422572065	5.945707294368567	6.150822896212721	406.052526378373
UTIL_WASTE	DE	REU	5335.631228602648	441.695639466427	11.29594182965274	117.21553072301266	60.02324605991516	5905.838340621739
UTIL_WASTE	DE	ROW	1912.3535426482365	291.52714997194175	60.11063193921761	123.99447139599907	17.422043267548414	2387.9857959553947
UTIL_WASTE	DE	SK	30.89490046449037	9.450361934981444	0.09515551564112311	1.6384220901372635	0.5478544288916177	42.0788400052502
UTIL_WASTE	FR	DE	726.1037007671974	56.205184046791956	1.2464957384551578	0.0	-6.520064789722852	783.5553805524445
UTIL_WASTE	FR	FR	91264.81189520907	38684.6871609013	0.0	0.0	0.0	129949.49905611038
UTIL_WASTE	FR	IT	719.2584108418823	123.71878254978148	0.0	0.0	0.0	842.9771933916638
UTIL_WASTE	FR	PL	22.35231553477687	2.6993141252118327	0.0	0.0	0.24689292121355044	25.051629659988702
UTIL_WASTE	FR	REU	2593.943860046127	145.67570462270893	6.617566458003875	3.3161207051043933	-6.934017875739372	2749.553251831944
UTIL_WASTE	FR	ROW	762.4767492813054	119.45112955452592	38.1789093830531	3.0068163692506364	3.3174330415725546	923.113604588135
UTIL_WASTE	FR	SK	7.802097426920886	3.0615896876556414	0.0	0.0	-0.05004654640182012	10.863687114576528
UTIL_WASTE	IT	DE	159.632249295801	10.255649251112484	0.23985006471329276	1.2196004655372699	-2.381160240692781	171.34734907716404
UTIL_WASTE	IT	FR	82.40492352584185	11.78550717185455	0.15350590243948442	2.1051342186872906	0.10352475755640227	96.44907081882319
UTIL_WASTE	IT	IT	80466.4345583029	26271.02256048533	1968.9129930019524	1295.795812228756	-40.6775845975892	110002.16592401895
UTIL_WASTE	IT	PL	18.942940847553423	1.836681175653912	0.001321137262747844	0.15535759547922506	0.31964191756009	20.936300755949308
UTIL_WASTE	IT	REU	468.1084499567961	40.918995142117474	1.8699158627102068	8.33068276445642	-3.1612494525815533	519.2280437260803
UTIL_WASTE	IT	ROW	582.5489663584723	75.94547181213497	34.46370749596099	8.273413803401047	2.8472067231656966	701.2315594699693
UTIL_WASTE	IT	SK	4.042475518938195	1.432991007007314	0.006725144495437088	0.04802133026008087	0.008195598466426996	5.5302130007010275
UTIL_WASTE	PL	DE	577.743371953415	32.482916653135156	0.9294441784431318	7.7901444923505965	-2.4287807090633193	618.9458772773438
UTIL_WASTE	PL	FR	77.02745273377067	5.991540415214693	0.2786627436280443	1.8143822285158366	0.19174893394827888	85.11203812112926
UTIL_WASTE	PL	IT	110.88563333647943	7.090132872367842	0.03298024026152277	0.8229496313417035	0.039951470001831586	118.8316960804505
UTIL_WASTE	PL	PL	20737.21839583266	9888.749984584216	656.4718676553276	281.8239668350576	66.64014992574933	31564.26421490726
UTIL_WASTE	PL	REU	609.7242681586293	93.80321964076924	1.6307773277657653	14.58818253904271	7.230813727702799	719.746447666207
UTIL_WASTE	PL	ROW	373.7552235800632	47.11178058511769	12.154570740158478	11.333390594399875	2.8284528510066402	444.35496549973925
UTIL_WASTE	PL	SK	37.412396153347714	11.13844956862971	0.050182165048709176	0.12740831559436724	0.6393858263147968	48.7284362026205
UTIL_WASTE	REU	DE	4305.821289833282	449.9935714952075	13.657043091184505	55.39465184514994	-74.74881229554795	4824.866556264824
UTIL_WASTE	REU	FR	1715.7269506911807	162.0572851589381	5.317410827908649	36.71224767830445	0.7092442651063625	1919.813894356332
UTIL_WASTE	REU	IT	1638.6202643252664	239.32706880438758	1.068740892862842	12.752448845183066	0.592844224780042	1891.7685228677
UTIL_WASTE	REU	PL	561.3762891174945	79.60524066943196	0.3285618150232255	5.356851426496934	5.43206159732171	646.6669430284467
UTIL_WASTE	REU	REU	539517.7229414093	174010.0865494537	24935.657439462	8188.459977099205	-2257.5364310232058	746651.9269074242
UTIL_WASTE	REU	ROW	8631.138976357583	1601.1213447730952	329.1857942303032	296.14523053371414	60.20344931567764	10857.591345894694
UTIL_WASTE	REU	SK	226.90673373734276	75.97956445876972	0.41069702215474896	1.3596590628679708	0.649230495920113	304.6566542811352
UTIL_WASTE	ROW	DE	522.2277000492076	115.12360599852663	4.809130706116733	27.86832565252649	-1.3713744027100023	670.0287624063774
UTIL_WASTE	ROW	FR	390.5103778671852	33.71398793948647	5.8009197638414385	10.57811689429429	3.7749061603942007	440.60340246480735
UTIL_WASTE	ROW	IT	196.55275462628452	45.724343856914196	0.47690011859044706	7.148765565888971	0.23037021104199612	249.90276416767813
UTIL_WASTE	ROW	PL	106.71709587976291	50.493284085711494	0.1984078164362758	3.9694494230236566	1.6339232961528825	161.37823720493435
UTIL_WASTE	ROW	REU	2232.6465795060544	439.2656652444078	13.331966505999933	123.51367484137597	-1475.7242137141932	2808.7578860978383
UTIL_WASTE	ROW	SK	14.402792710253042	3.580465087097126	0.1219527031777052	1.453026432350632	0.3515066923773019	19.558236932878508
UTIL_WASTE	SK	DE	64.46745377133595	4.0630558916998964	0.08261107572940977	2.30770861671382	-0.18284539498697208	70.92082935547907
UTIL_WASTE	SK	FR	9.329825722573267	2.52828557610492	0.013382081799598227	0.6314592730860117	0.1277281391511326	12.502952653563797
UTIL_WASTE	SK	IT	72.12047488859194	2.57722389903467	0.0014073841006276024	0.5014737206666389	0.008072211586389655	75.20057989239388
UTIL_WASTE	SK	PL	126.74224394270995	39.011916317393506	0.002004880403845349	0.37946447181804505	1.1037017712444364	166.13562961232535
UTIL_WASTE	SK	REU	383.04434642208275	58.165255123125014	0.28679513902382814	4.693132734442325	4.782707022521428	446.1895294186739
UTIL_WASTE	SK	ROW	64.16372113603379	15.705729710959499	2.7541720529532183	3.1520484356407064	0.36260164063961026	85.77567133558722
UTIL_WASTE	SK	SK	7299.337233291741	2908.0009094146535	92.95100804382582	38.83264195200727	-30.94270316342707	10339.121792702228
