label,IND_DE_AGRI_FOOD,IND_DE_EXTRACTIVE,IND_DE_BASIC_METALS,IND_DE_METAL_COMPONENTS,IND_DE_NEW_ELMA,IND_DE_NEW_OFMA,IND_DE_NEW_RATV,IND_DE_REP_ELMA,IND_DE_REP_OFMA,IND_DE_REP_RATV,IND_DE_REF_ELMA,IND_DE_REF_OFMA,IND_DE_REF_RATV,IND_DE_REU_ELMA,IND_DE_REU_OFMA,IND_DE_REU_RATV,IND_DE_REC_EE,IND_DE_INC_EE,IND_DE_CONSTRUCTION,IND_DE_UTIL_WASTE,IND_DE_TRADE,IND_DE_TRANSPORT,IND_DE_OTHER_MANUFACTURING,IND_DE_OTHER_SERVICES,IND_DE_PUBLIC_SOCIAL,FAC_DE_LAB,FAC_DE_CAP,INS_DE_HH,INS_DE_GOV,INS_DE_INV,EXT_DE_EXT,IND_FR_AGRI_FOOD,IND_FR_EXTRACTIVE,IND_FR_BASIC_METALS,IND_FR_METAL_COMPONENTS,IND_FR_NEW_ELMA,IND_FR_NEW_OFMA,IND_FR_NEW_RATV,IND_FR_REP_ELMA,IND_FR_REP_OFMA,IND_FR_REP_RATV,IND_FR_REF_ELMA,IND_FR_REF_OFMA,IND_FR_REF_RATV,IND_FR_REU_ELMA,IND_FR_REU_OFMA,IND_FR_REU_RATV,IND_FR_REC_EE,IND_FR_INC_EE,IND_FR_CONSTRUCTION,IND_FR_UTIL_WASTE,IND_FR_TRADE,IND_FR_TRANSPORT,IND_FR_OTHER_MANUFACTURING,IND_FR_OTHER_SERVICES,IND_FR_PUBLIC_SOCIAL,FAC_FR_LAB,FAC_FR_CAP,INS_FR_HH,INS_FR_GOV,INS_FR_INV,EXT_FR_EXT,IND_IT_AGRI_FOOD,IND_IT_EXTRACTIVE,IND_IT_BASIC_METALS,IND_IT_METAL_COMPONENTS,IND_IT_NEW_ELMA,IND_IT_NEW_OFMA,IND_IT_NEW_RATV,IND_IT_REP_ELMA,IND_IT_REP_OFMA,IND_IT_REP_RATV,IND_IT_REF_ELMA,IND_IT_REF_OFMA,IND_IT_REF_RATV,IND_IT_REU_ELMA,IND_IT_REU_OFMA,IND_IT_REU_RATV,IND_IT_REC_EE,IND_IT_INC_EE,IND_IT_CONSTRUCTION,IND_IT_UTIL_WASTE,IND_IT_TRADE,IND_IT_TRANSPORT,IND_IT_OTHER_MANUFACTURING,IND_IT_OTHER_SERVICES,IND_IT_PUBLIC_SOCIAL,FAC_IT_LAB,FAC_IT_CAP,INS_IT_HH,INS_IT_GOV,INS_IT_INV,EXT_IT_EXT,IND_PL_AGRI_FOOD,IND_PL_EXTRACTIVE,IND_PL_BASIC_METALS,IND_PL_METAL_COMPONENTS,IND_PL_NEW_ELMA,IND_PL_NEW_OFMA,IND_PL_NEW_RATV,IND_PL_REP_ELMA,IND_PL_REP_OFMA,IND_PL_REP_RATV,IND_PL_REF_ELMA,IND_PL_REF_OFMA,IND_PL_REF_RATV,IND_PL_REU_ELMA,IND_PL_REU_OFMA,IND_PL_REU_RATV,IND_PL_REC_EE,IND_PL_INC_EE,IND_PL_CONSTRUCTION,IND_PL_UTIL_WASTE,IND_PL_TRADE,IND_PL_TRANSPORT,IND_PL_OTHER_MANUFACTURING,IND_PL_OTHER_SERVICES,IND_PL_PUBLIC_SOCIAL,FAC_PL_LAB,FAC_PL_CAP,INS_PL_HH,INS_PL_GOV,INS_PL_INV,EXT_PL_EXT,IND_SK_AGRI_FOOD,IND_SK_EXTRACTIVE,IND_SK_BASIC_METALS,IND_SK_METAL_COMPONENTS,IND_SK_NEW_ELMA,IND_SK_NEW_OFMA,IND_SK_NEW_RATV,IND_SK_REP_ELMA,IND_SK_REP_OFMA,IND_SK_REP_RATV,IND_SK_REF_ELMA,IND_SK_REF_OFMA,IND_SK_REF_RATV,IND_SK_REU_ELMA,IND_SK_REU_OFMA,IND_SK_REU_RATV,IND_SK_REC_EE,IND_SK_INC_EE,IND_SK_CONSTRUCTION,IND_SK_UTIL_WASTE,IND_SK_TRADE,IND_SK_TRANSPORT,IND_SK_OTHER_MANUFACTURING,IND_SK_OTHER_SERVICES,IND_SK_PUBLIC_SOCIAL,FAC_SK_LAB,FAC_SK_CAP,INS_SK_HH,INS_SK_GOV,INS_SK_INV,EXT_SK_EXT,IND_REU_AGRI_FOOD,IND_REU_EXTRACTIVE,IND_REU_BASIC_METALS,IND_REU_METAL_COMPONENTS,IND_REU_NEW_ELMA,IND_REU_NEW_OFMA,IND_REU_NEW_RATV,IND_REU_REP_ELMA,IND_REU_REP_OFMA,IND_REU_REP_RATV,IND_REU_REF_ELMA,IND_REU_REF_OFMA,IND_REU_REF_RATV,IND_REU_REU_ELMA,IND_REU_REU_OFMA,IND_REU_REU_RATV,IND_REU_REC_EE,IND_REU_INC_EE,IND_REU_CONSTRUCTION,IND_REU_UTIL_WASTE,IND_REU_TRADE,IND_REU_TRANSPORT,IND_REU_OTHER_MANUFACTURING,IND_REU_OTHER_SERVICES,IND_REU_PUBLIC_SOCIAL,FAC_REU_LAB,FAC_REU_CAP,INS_REU_HH,INS_REU_GOV,INS_REU_INV,EXT_REU_EXT,INV_POOL
IND_DE_AGRI_FOOD,52191.17015697147,42.9029264824819,76.03548724552651,82.99720512214206,63.65622010244644,0.0019314590183473102,64.144712569071,0.027205087125706164,0.0,0.06854933258343499,5.819398267244795,0.0,5.472407567217434,2.5104564274511505,0.0,3.326116898089559,0.24273447469445072,0.09015047011781423,363.7210005349537,227.71265903368774,327.43298280278253,683.5080160662492,4638.544750384232,12179.744813580943,9633.413454782225,0.0,0.0,97126.5461395994,913.1151901707,6397.070005357385,11619.870447284507,680.213011209804,0.8413524017477225,3.0861977930017805,4.906840525073107,1.9574191484132872,0.0,1.6344299298276572,0.0022601345085056066,0.0,0.0023139634956488883,0.30064616021102175,0.0,0.3211316043347637,0.05371507612996709,0.0,0.05046473060860626,0.004074580280465727,0.0033758941768927365,24.009986262307017,7.748300918075135,48.21072138493343,14.300719151048728,122.72765475159237,499.00003679456034,117.52978998913748,0.0,0.0,2884.5071427898342,11.841461992849657,98.05745116781958,0.0,2117.8204668298968,0.726433366784462,2.3710347727695207,1.7018205099186399,1.3475329967912537,0.388679857286898,1.3683840990251042,0.0,0.0,0.0,0.5651963263017273,0.06071087310822962,0.2329422961189608,0.012128662618097774,0.0012039035273229074,0.004612781342237585,0.00326691376656695,0.0014264254899522912,2.2720122734631243,21.661998442980696,37.73900082217892,17.110086147236228,343.2809076192274,38.75586522570726,2.662870600865648,0.0,0.0,1870.2713970052969,0.43649444575659685,33.06909710326768,0.0,907.3410185424044,0.5480062201654323,0.412255354948359,0.9451325991605998,0.9875277693889384,0.008078143799619835,0.34566196755869466,0.0003348240379435493,0.0,0.0,0.4493787171912326,0.004668033593970972,0.5946268921685466,0.2169929065445608,9.16014969989987e-6,0.16556819712693782,0.0017666520398258794,0.003053812215196448,5.413492243752514,5.244294201196926,58.11769461566656,4.174707092338629,63.774825519946816,95.103885705312,21.952366864175485,0.0,0.0,1574.7842968879459,0.32615565808572805,45.58175679409799,0.0,72.66889852341095,0.02296247945531988,0.1062661566814938,0.44150930940775074,0.3033950164988613,0.0,0.21063175126428216,0.0,0.0,0.0,0.1573452884731068,0.0,0.2565649749181468,0.05398634373650331,0.0,0.08460591836191803,0.0,0.0,0.4320397162983286,0.4678197370035618,4.734227892891585,0.3094102436129389,14.724517108807927,17.884197288344733,4.1858214890787355,0.0,0.0,386.2965071377375,0.35297108242797137,8.153370082244594,0.0,7869.213602592565,5.724738785385429,11.651206799194544,11.895763328825666,8.509639884527205,0.9549296228190958,17.10714649734836,0.0017413201271042477,0.0001398424700222677,0.005587782229935495,2.4246628320900436,0.381511003867045,6.90516881945088,0.3708969272359506,0.03179623732760572,0.7090942119304573,0.024042467696163975,0.10404861351682355,44.32539225149253,80.72030354667704,262.94946393386095,69.38531323325705,900.0412600791578,2625.536406410105,427.096158049229,0.0,0.0,15878.148523567843,12.999571234096994,273.1191004817092,0.0,0.0
IND_DE_EXTRACTIVE,229.57561306090057,942.1108048566647,85.73990219816535,30.955482670165377,13.460003459868043,0.00017868602057206586,7.5607912102733605,0.0030676392679827133,0.0,0.007675434563628864,1.1784508798058038,0.0,1.1333325597320856,0.7605114639817067,0.0,1.1284203463226652,0.32253812709378565,0.1123511259001941,1719.5752131795407,2131.3228158004017,89.57250564078839,29.909426658592125,2802.4132450391876,288.0756745583124,330.38787596247397,0.0,0.0,1111.0204679450924,61.94008488897459,-786.3383691867575,422.9492233427608,4.156006600851739,0.21665916925839437,14.440056933785364,0.7584202884072035,0.22177690168884331,0.0,0.19847043885315083,0.0002639515715994947,0.0,0.0002701904058176346,0.008774470512754663,0.0,0.010894074800819399,0.0015840050275804925,0.0,0.0015032877019067077,0.000675144250615188,0.0005603718980444361,5.172725761726622,151.3434823943176,1.728406723700041,0.7011111905420375,300.1147898379239,4.74943851676553,1.7392732185061983,0.0,0.0,8.316500655438663,0.9972883555379027,-60.7433831590415,0.0,2.142641192914534,0.3187175726826279,5.644264914981648,0.7546970462833225,0.4070070732251239,0.040248099068452746,0.15183118827315623,0.0,0.0,0.0,0.03655735979045285,0.0008276023235281902,0.008925105955679248,0.001846760800572762,0.00018848351276531025,0.0007051840412111821,0.0005537105615079745,0.0002459312291852794,0.45147377058078525,8.423891468848591,2.6551977740196646,1.347818336189791,54.687799120403916,2.1314059701774823,1.8497132318792684,0.0,0.0,19.751721954071538,0.13397244264677766,4.1977109687350325,0.0,1.0022111123986956,0.7604670734646988,1.8549903241190326,0.3234673834800041,0.29702287191287124,0.002436278995403128,0.09323495691624202,9.19324242783016e-5,0.0,0.0,0.010604348014852615,0.00016159051093413718,0.0071304525591152365,0.0014487437567135733,2.6520998910512537e-6,0.0008954988819178868,0.0003811420311955632,0.0006478676448244954,1.322415924649259,5.521180417219731,0.47391082207081964,0.6224801260623661,29.005687794860147,1.055428757615994,0.41191736052956446,0.0,0.0,5.417181414938578,0.09979990852471052,-16.413146903111567,0.0,0.09932695803349033,0.0022196283583962233,0.300069162205663,0.0630801914537103,0.08376874680317271,0.0,0.061378018769427195,0.0,0.0,0.0,0.0027478844557605703,0.0,0.004375856375017783,0.0011115895699678382,0.0,0.0016098962176445159,0.0,0.0,0.06727629273895822,0.8978101451206351,0.10693360072200248,0.03821761362371119,3.6564379190738587,0.14293610686709546,0.06248352421429947,0.0,0.0,0.5303257591704652,0.10422167003837005,0.7122148483941882,0.0,9.212885637272004,7.924752508947528,30.50525015614373,2.260251049478568,1.7415501860005573,0.11221427775938579,2.1125013416412615,0.00025056172134642807,2.6826860667482633e-5,0.000796772743326953,0.08517192366634503,0.008037415535043464,0.2323649750750492,0.008902928578316191,0.001628199493293549,0.029390971064325807,0.000898450842496608,0.0030588531817335876,17.640359351021047,130.71392163751307,10.538776056206784,7.229700548841428,283.3488992740201,22.5322684735089,8.262722858624626,0.0,0.0,54.96075198069882,2.0158045133425073,13.555467869727629,0.0,0.0
IND_DE_BASIC_METALS,191.81848788568064,49.48230243216281,14643.83213404704,7585.056223586542,1694.8548131224527,0.0007146309132034503,591.1017498443955,0.2821845490285352,0.0,0.722140912110303,51.687822121437726,0.0,37.43095773939174,2.0820400818451956,0.0,3.089823079501815,0.2248824600489513,0.0836338339779954,1595.0603452942662,495.6648463794525,715.5853274048608,249.5396100679562,20969.169809868294,2002.6743438603692,198.10672991984373,0.0,0.0,1434.6104962613185,70.72520189031447,-37.802424266045364,10703.083957268014,15.886741784136763,1.8146721153150676,648.0352546854489,723.7244843065084,135.01452646069146,0.0,57.268759126287286,0.05653744815265776,0.0,0.058070124450671445,0.6259099253600915,0.0,1.249726025453948,0.0482135030765653,0.0,0.04413341094256901,0.3959183748497555,0.3284773431202035,435.64844563750734,118.11971217235796,23.555613475579122,8.907315212657842,820.1314966791259,336.2518176145252,4.726836402786099,0.0,0.0,39.034916105354796,3.4870042535573207,45.81709894281929,0.0,34.48748478661084,4.473729496056252,1591.971910954096,449.8627993528033,171.63023394607146,5.644605111865379,19.66892906091418,4.61388554721249e-5,0.0,2.6586525072001038e-5,0.060453884293933786,0.0032089280714734285,0.013333828398372514,0.006450048195794197,0.0006234362828766142,0.0024235202835444594,0.057735484117992016,0.02048337122903646,19.293069957555872,7.230179321825324,2.5389682483365013,5.8907954056037095,1156.7019804650486,18.622743549815,2.2146110228670173,0.0,0.0,25.840471187087893,0.47132786701402746,17.78746863184085,0.0,27.335959436873644,9.82329974856636,497.61506890552107,806.4126953780002,201.16081441359768,0.5584191127760095,21.599412242289944,0.0008888453736787834,0.0,0.0,1.437731255252256,0.007664641174760011,0.6963505928693655,0.11163741256146106,9.055407585776718e-6,0.06295151346809351,0.19358662704975702,0.3305534689108801,143.7663430356954,93.10127294404717,34.307982710321454,21.683915247356076,723.9562546502619,59.90177880816873,6.038703712759107,0.0,0.0,29.79505034022778,0.35074032522951937,73.31302394479525,0.0,2.014719309266222,0.12000969843632356,187.0146537590129,111.89598048786772,14.556844714049376,0.0,3.6112755959021277,0.0,0.0,0.0,0.4069023258947005,0.0,0.6476111854437439,0.0490590433779006,0.0,0.07271953935297618,0.0,0.0,30.302850557545227,8.55263658936352,8.294667122645409,1.0763060670548967,194.8239598167209,31.649845362532606,0.29410320060228723,0.0,0.0,2.117416476026355,0.3665176040596663,-8.450769447642479,0.0,73.04141304458133,50.79881219908265,4501.512686177259,3876.866789573555,936.3765128856969,14.816326824786996,264.06520166501275,0.002205802155287508,8.956171802392945e-5,0.0280278223070043,3.0236820046133444,0.2841904851311886,5.168581065739998,0.07079850090643043,0.006000723339887919,0.2154439082498857,0.05751581515074279,0.21637965488264627,1831.2741684686287,189.4415070878797,138.2688846583733,88.44879405393917,5338.0269768683775,303.5113892965217,51.469650604524574,0.0,0.0,201.31951330944455,6.998135479474022,348.8129760856863,0.0,0.0
IND_DE_METAL_COMPONENTS,676.9236146983859,139.0940887254186,941.3393744369863,20534.589656619173,1687.7096225512855,0.012207465527188334,865.5285967482037,0.3619735163086306,0.0,0.9194853345481105,86.08880395429183,0.0,62.59687175693736,3.94389214658531,0.0,5.656793515344669,2.3558599764874675,0.8712990346598803,8845.939047023485,1335.30381704279,1497.6545006899223,630.2985831524844,32658.640653602684,4438.382909633015,636.7977394571722,0.0,0.0,7478.059455890089,153.22632031190525,16261.538878496363,11175.564698552753,67.22692119095134,2.02691435801853,39.999565274234385,209.83862281900582,32.03386997885802,0.0,21.701194336240846,0.017436793183339714,0.0,0.018069565095349998,0.3371793647998082,0.0,0.6101405732927833,0.05059712540765512,0.0,0.046818512789436606,0.04614155328503478,0.03685683208944358,330.64517548521485,35.31139729425953,34.05280880267943,19.859875794425722,484.17189091883574,235.22779961320697,48.29272003797298,0.0,0.0,281.00460602042574,6.351133451928929,144.46409825301447,0.0,25.971038489332617,0.13983222028322043,27.03367220370226,328.6687940848497,57.42898443032112,1.7425729646481851,6.0814182249703315,3.87442710613891e-5,0.0,2.232555456627187e-5,0.4334151614935992,0.02889335937460076,0.1203106686987302,0.01349127068866132,0.0013792180032337722,0.005105634650641972,0.04646020591513329,0.01561080331723821,42.302015167754156,7.581707469397209,15.20605236818403,18.60612326686025,675.6972722162644,37.26314153028167,3.882492744145037,0.0,0.0,164.86650780619698,0.8395727512682742,101.30187159577865,0.0,85.41334622205217,14.408438572718811,23.83587490082331,221.60862100488447,56.213756564807966,0.19606766397049233,7.790007463252417,0.0011800133085840948,0.0,0.0,2.6112610012455066,0.014154500856306694,0.9246665008915514,0.10837330515056418,1.641607218188673e-5,0.06171532742433643,0.0390312349258042,0.0731528413690476,402.7647741989587,26.376755774599104,41.39596373363798,13.341947604277573,733.2582085907333,122.6805009996731,42.55701204830456,0.0,0.0,133.07693045476265,0.6255358753656026,258.8984451159498,0.0,2.030206869728961,0.12282774119147183,7.73127777820853,109.56436171943064,5.606338241176981,0.0,1.1580753678709073,0.0,0.0,0.0,0.44347244640577343,0.0,0.6884592362428434,0.1085368813305872,0.0,0.16635781340762268,0.0,0.0,19.40069372942128,1.8422827871435408,9.444249944299392,0.9824913840419732,338.2082609164363,16.99987609247867,0.7278561261729706,0.0,0.0,13.984639587133652,0.65894063970584,27.87673540122845,0.0,724.0985502547844,94.12303131152085,299.21341238015384,1478.844187766739,273.79010463900624,11.159767992962482,198.9135713796755,0.02810133418810572,0.00018616614874185188,0.10545956937452357,4.9636973431601,0.5081249046027163,9.150512417284096,0.3758995107012392,0.05174544244420013,1.0533332017461288,0.029410654322238487,0.12055171070928243,1902.8897006554512,187.2781061483987,341.27229464278435,224.6256911702792,4291.904154461048,799.2323987481043,294.4403891087783,0.0,0.0,1302.3444007281523,13.833698661038921,1677.579463855086,0.0,0.0
IND_DE_NEW_ELMA,291.5026118170906,16.11177238347706,180.46472812612902,314.0783800836543,4537.576003615244,0.002811031967622032,291.4421823825354,0.1979731219174962,0.0,0.5119494773075368,23.41877802865391,0.0,18.72518755314619,3.468322726610447,0.0,4.575726029239705,0.20138076638421484,0.07182934519646902,4058.938523797968,1504.6200919185167,547.6869334941032,392.8654525022296,7928.419513163234,2687.8017762560166,515.8463025074277,0.0,0.0,8256.701517331678,209.80863217662431,6694.687823215723,14310.795476292002,28.22194781099772,1.1328430393392994,16.9525244155558,50.99463892601216,81.03076228384968,0.0,40.75477855094911,0.03209449579754238,0.0,0.033048416859331985,0.5469754172311206,0.0,0.6815875693125149,0.10371093938508114,0.0,0.09786183282126147,0.00955202187478591,0.00644021024258906,264.54530245251715,33.83200441107264,83.33503657924143,31.78264898811287,430.1111142129761,287.7815264139728,18.048728394092873,0.0,0.0,414.62454192218684,6.809421296135521,220.9271203636183,0.0,8.65700316537416,0.6791592744887951,18.997299031457267,32.907577423468915,359.79353937591856,10.76086044314186,37.482202004056994,0.008091798555754155,0.0,0.004662725151854993,0.3939644681247053,0.029407608862350835,0.12143417859686284,0.034266854174468946,0.0016671639274306838,0.007386496075890083,0.0018806381730448604,0.0007697358158604339,52.27219810249184,16.52184669148106,17.55526305005207,6.390021660938264,626.9230121001245,46.41490886820495,6.087061574728649,0.0,0.0,387.2006084430075,0.878384948975875,289.6350040211706,0.0,10.881562215256027,3.745180451205534,10.83136021547549,13.3372400493583,217.63814697617954,1.0358243227183073,39.72487479257414,0.10042562073444239,0.0,0.0,0.6104213511179672,0.0027123609085988242,0.31275223970855953,0.0868003348718729,1.7840116332838133e-5,0.05199138849699869,0.0015054646845526936,0.0026449470728647775,99.6739864660042,8.219585961011433,20.184258196325864,30.801792466181794,255.2410451260322,48.18051810574284,24.00558485191254,0.0,0.0,209.81469337750903,0.753091137979856,213.37049144159784,0.0,1.4270084800141982,0.2778743754575223,0.6753551977983917,15.54027422056041,90.50460217666703,0.0,21.456621421465222,0.0,0.0,0.0,0.2969235020703085,0.0,0.4516050822407486,0.14915239583888437,0.0,0.2297269886892227,0.0,0.0,20.901697415088396,81.09627233283217,8.113323297360596,1.7925208504657855,164.2149424023409,37.61982167698984,1.104529667098938,0.0,0.0,52.33116232366678,0.6934163692161243,96.7310032904326,0.0,112.24127002496714,29.54392302497957,57.25918322058553,134.95706273005675,1091.5933126118255,27.361370454894374,487.56358678169204,0.04945026663524203,0.0002372983405019703,0.1693438717531134,4.994436266772782,0.47975129042081466,8.63961450836588,0.4669245645252013,0.05853066994192015,1.1687228360524782,0.011199501297169305,0.05823148318579668,1491.3932327077794,285.5785404127185,362.1337403920723,182.25119017079567,3169.8549620438216,973.9638840661833,144.26796435389568,0.0,0.0,2819.381315814283,18.605058618992008,2985.260246891301,0.0,0.0
IND_DE_NEW_OFMA,0.006991436257925537,0.0003726138903476259,0.0020058371291443427,0.0029329130272775245,0.01092099782847951,6.07215935094759e-8,0.055392699409018746,9.306357544569798e-7,0.0,2.3229571642906734e-6,0.00024244572959690835,0.0,0.0002305421265636436,0.00015100030359467838,0.0,0.00018918498945197235,7.654283634335628e-6,2.8508349037350607e-6,0.01229175171397715,0.009718787621417225,0.0156284937569751,0.009021614874962896,0.1319229784011808,0.16409144382005336,0.02341732942476669,0.0,0.0,0.32338099870923154,0.007216863312658321,-0.061509328206868136,0.6773552025592808,0.00027325193243000833,9.731952360359408e-6,3.708254900223894e-5,8.216670325101418e-5,6.019705353647678e-5,0.0,4.332781694322409e-5,7.018002774760178e-8,0.0,7.191984970644745e-8,2.2117388574875e-6,0.0,2.5526635580364e-6,4.1787706245969607e-7,0.0,3.943214937856948e-7,9.371737131052886e-8,7.715630221920084e-8,0.00040479385198211623,0.00011559084845480803,0.00035696353213982067,0.00015273496677830448,0.007856041056875469,0.0014697440844384988,0.0002487438247897426,0.0,0.0,0.0035910872912969173,0.00010971124679855636,0.0012278619983921305,0.0,0.0001029924711219521,1.8455345511493783e-6,3.20695004379806e-5,6.0895155528403143e-5,0.00018044771975332262,9.018901714150402e-6,3.1411174840242796e-5,3.120000119838124e-9,0.0,1.7978330966800272e-9,2.0321276173698376e-6,1.850174950847613e-7,6.559316212926692e-7,3.744874646623942e-7,3.903195972442882e-8,1.4483036932171198e-7,5.510744453273e-8,2.388529535611108e-8,7.608206307117766e-5,3.866187746952219e-5,0.00010565394511686579,5.420777606530947e-5,0.0014589618305655802,0.00033798473171745523,9.036885027274953e-5,0.0,0.0,0.008381370204770597,1.3543693370337078e-5,0.009812356050705554,0.0,9.33671295135163e-5,1.197155376233043e-5,1.3198349247599456e-5,3.40083296967566e-5,0.00010983894628218572,6.323988499745233e-7,2.4257551453416336e-5,5.439506707929353e-8,0.0,0.0,2.035622290837166e-6,4.2171479943941125e-8,1.778886451724633e-6,3.4962256844863235e-7,3.737480212415212e-10,2.121722439909234e-7,2.738971349138337e-8,4.7834450024695075e-8,0.00016154263054801507,2.4542511318599826e-5,0.00010945852134865062,0.0001046675524897794,0.0006956255382042465,0.00026811356773053966,7.601540889369565e-5,0.0,0.0,0.0037602223294862535,1.056908491466841e-5,-0.009088931331275753,0.0,1.139040683104385e-5,4.83214943790184e-7,2.870118664150372e-6,1.297166872688604e-5,4.3816540338849255e-5,0.0,1.3911838665697286e-5,0.0,0.0,0.0,7.384941478042134e-7,0.0,1.1704946287950893e-6,3.456419096036539e-7,0.0,4.981185390652737e-7,0.0,0.0,1.5712730694160612e-5,3.7223752791303515e-5,2.465110053361894e-5,6.6326881355038075e-6,0.0003278831615686612,5.317607824475787e-5,1.1403817906597894e-5,0.0,0.0,6.822873598520252e-5,1.0765750015124223e-5,0.00014435682256699892,0.0,0.023523469660721205,0.00012473384578886516,0.00016670454540895045,0.00023588632222736934,0.0020535280731281205,3.184353088219749e-5,0.06680136097763448,7.190004964356299e-8,5.2379645116738624e-9,2.309259002447586e-7,1.590223510958103e-5,2.252293311944117e-6,4.015839520740379e-5,2.6458975138523906e-6,4.7419878584822317e-7,8.5195753145591e-6,6.344673087565582e-8,2.2644440798852306e-7,0.005082010594530372,0.018726760884385307,0.01995533528595186,0.03635438673127279,0.1799831254780633,0.28380936987963534,0.049011595960834084,0.0,0.0,0.09237205870390403,0.0002465658911628652,0.16936531718134548,0.0,0.0
IND_DE_NEW_RATV,230.69614042851106,12.254152866269198,98.19727019684454,171.71038152238975,669.4950914562219,0.0502102731693251,1851.1667879187867,0.24491079030682353,0.0,0.6288505698460717,27.549560941491755,0.0,22.016746603629443,4.53149571985878,0.0,5.768845839301101,0.2380860556927222,0.08175989612215509,419.9091868112694,598.8067618960534,585.1878842260137,314.83382002014525,3963.48061465825,4706.973648884922,970.4300055223151,0.0,0.0,9132.345301769035,417.5668102438679,-812.0661210244589,17786.974946576473,10.65937000901344,0.503629079653409,5.923130718322108,17.051348715636067,41.89205432801462,0.0,74.94163434687525,0.0757983508813882,0.0,0.0777550731437205,0.31301326351711894,0.0,0.42889890602751135,0.04965917617879428,0.0,0.045979344802578016,0.0027884359296996585,0.002290415189346125,75.8453559806141,16.53645180075576,39.84445748478847,14.543729337742038,493.677071692864,258.8496707432351,56.49038363400394,0.0,0.0,426.63897828339867,8.617442167310767,323.2677506796094,0.0,3.1400391398444256,0.05692986520641259,1.1139520780473522,12.941886143941115,25.835911623537008,24.697528308186907,86.01024224733966,0.00011753798900779525,0.0,6.77287431736035e-5,0.47288954097029784,0.021478085459008776,0.09460011300926892,0.01106609588774394,0.0011245256396580294,0.0041798213515142,0.0015743640473334889,0.0006780541013308334,9.731486467122625,6.608543319178408,4.685818686870553,4.8007101566068995,324.67575451594337,198.22694252345923,34.97240026187838,0.0,0.0,599.7609532216426,0.4071063867931993,634.857896437678,0.0,5.392975168009531,1.0582937111381245,1.131505312541626,8.836367530598856,26.195926312727106,5.292712892341752,201.71745386862975,0.06579750157660197,0.0,0.0,0.40596351914711526,0.0013006921134505359,0.20032094095063263,0.0404352167547275,1.0820454222141558e-5,0.024310457216573614,0.0008124149904265374,0.0014223479850680588,19.926716572890367,2.5195080386608244,12.699274524057886,7.600082388644907,163.00906975904118,92.75576044514594,26.381308793488344,0.0,0.0,449.0701098074232,0.4352294468043706,285.4666877897043,0.0,0.42076670882379574,0.017472758339427803,0.1530949607984238,1.1203163404647052,8.210187908030795,0.0,125.97954326822986,0.0,0.0,0.0,0.289541193685455,0.0,0.46326169512513293,0.055010426253785695,0.0,0.08417032432733332,0.0,0.0,1.9011033082677211,1.9106749227378046,6.662263748725091,0.2825004471240142,82.09522728884417,11.883334586054884,3.6716164105990687,0.0,0.0,38.7394079813398,0.3235171452165188,73.99012034259857,0.0,49.304610750553444,11.448085369440888,14.508607557553933,52.64049188210997,227.11372152885332,110.8004556666157,1974.1555216283436,0.09175359064703884,0.0018230915726932678,0.2989108550624044,3.158626084562523,0.3616627214618149,6.541276101542773,0.41195437986781136,0.04532080398821147,0.9378614795294804,0.0018758592939229822,0.027715255863665307,287.15749094649,67.5532887806671,258.0786634457138,84.54335145133753,1973.5576722533915,1237.964904868258,695.12150852085,0.0,0.0,2788.0593478516394,27.60511532743266,5074.166891611376,0.0,0.0
IND_DE_REP_ELMA,0.5041283494258453,0.0012270595956825581,0.43358305272247466,0.20076026373051653,0.25642964602785484,1.6718687008980355e-7,0.6521815343460682,2.5151085695373707e-6,0.0,6.25594767865326e-6,0.0007719864642795192,0.0,0.0007450151710313854,0.012933234173755397,0.0,0.02606657582408222,2.5990411601083407e-5,9.685760449243832e-6,0.5395600937841369,0.5519485000293198,2.0497613106429133,1.7372697152054954,4.624980278825742,7.701145295467046,2.232342206808248,0.0,0.0,16.746511819694337,0.02285386274455527,0.10082515411428546,2.814913021556646,0.000530411376422042,2.210879712725526e-5,6.56936416449312e-5,0.00012781047122682892,6.129322946262659e-5,0.0,5.979801710601797e-5,1.3997960780448774e-7,0.0,1.433005211520176e-7,4.244353958131795e-6,0.0,4.8676984364769785e-6,1.080461674783091e-6,0.0,1.0148101799710928e-6,2.2660961421740966e-7,1.8802097684511704e-7,0.0006730924141340567,0.00025515359906500977,0.0007729587225376952,0.00037692097607521343,0.0031671233227190277,0.0031874849027327627,0.0006289692884961426,0.0,0.0,0.002600427608966844,0.00025948579537346566,0.0036073361334938805,0.0,0.0002441809366162534,3.969256922604625e-6,6.868563700756573e-5,0.00012580476487692382,0.00010709444136628838,1.2043381302125338e-5,4.194082137464758e-5,0.0,0.0,0.0,4.503200933577773e-6,4.0765629292198915e-7,1.4302230740215684e-6,9.667168777786178e-7,1.0390557468780729e-7,3.814180684668164e-7,1.6935798072733894e-7,7.46333179863261e-8,0.0001661682592192939,0.00011175458257570404,0.00023749700258048268,0.00013761705514741483,0.003078696470479167,0.0009545998053357878,0.0002462530605436296,0.0,0.0,0.0014499445641573386,3.138549282164782e-5,0.0012891379527683643,0.0,0.0002423200860152818,3.068408519460226e-5,2.696954617431282e-5,8.201621260666282e-5,6.791694655223688e-5,6.563802499721922e-7,2.5166438752851236e-5,4.9879129219844726e-8,0.0,0.0,3.1113703122698116e-6,4.963032632892289e-8,2.120528261923384e-6,9.577226041699743e-7,1.0516795749103565e-9,5.900996909709027e-7,8.122588170843344e-8,1.4037078622975956e-7,0.0003374744252490599,6.515822649775766e-5,0.0001843899508875044,0.0002559006998138627,0.0014900163007862855,0.000843532277000784,0.00020075094235334377,0.0,0.0,0.00167660136644245,2.5182178240860826e-5,-0.09259832511077129,0.0,2.5625018267477415e-5,9.024464298194289e-7,6.544920315895064e-6,1.7066368924771557e-5,2.1698184604125356e-5,0.0,1.5112252419904621e-5,0.0,0.0,0.0,9.024522932724732e-7,0.0,1.4360805248606824e-6,3.5661342417063415e-7,0.0,4.7206625636326346e-7,0.0,0.0,2.0421598588553412e-5,1.641339683913551e-5,3.241552428047755e-5,1.7387516620599695e-5,0.0006435862703950184,0.00012529297913462255,3.3720039636261886e-5,0.0,0.0,0.00012580809046686456,2.479044752745264e-5,0.0002738237552247263,0.0,0.015471975203101736,0.0003356245224884498,0.0003308850172278916,0.0004317219332288386,0.00044104841808363887,5.2576004248164984e-5,0.0009367516997362015,1.4224130152629838e-7,1.4820951009764642e-8,4.443815285880062e-7,2.8295985234130458e-5,4.0451837916644e-6,7.207060663343064e-5,7.097110282685749e-6,1.363662664370983e-6,2.434947410085388e-5,1.669807211016283e-7,5.736533100017687e-7,0.0027830307393245006,0.011200523214891185,0.014650528687260873,0.02546414257226908,0.0875712227855708,0.22791412988851123,0.05948070971268493,0.0,0.0,0.021207293701948834,0.0006144768084340564,0.01605913304095718,0.0,0.0
IND_DE_REP_OFMA,0.0,0.0,0.0,0.0,0.0,0.0,0.0,0.0,0.0,0.0,0.0,0.0,0.0,0.0,0.0,0.0,0.0,0.0,0.0,0.0,0.0,0.0,0.0,0.0,0.0,0.0,0.0,0.0,0.0,0.0,0.0005683868878935261,0.0,0.0,0.0,0.0,0.0,0.0,0.0,0.0,0.0,0.0,0.0,0.0,0.0,0.0,0.0,0.0,0.0,0.0,0.0,0.0,0.0,0.0,0.0,0.0,0.0,0.0,0.0,0.0,0.0,0.0,0.0,0.0,0.0,0.0,0.0,0.0,0.0,0.0,0.0,0.0,0.0,0.0,0.0,0.0,0.0,0.0,0.0,0.0,0.0,0.0,0.0,0.0,0.0,0.0,0.0,0.0,0.0,0.0,0.0,0.0,0.0,0.0,0.0,0.0,0.0,0.0,0.0,0.0,0.0,0.0,0.0,0.0,0.0,0.0,0.0,0.0,0.0,0.0,0.0,0.0,0.0,0.0,0.0,0.0,0.0,0.0,0.0,0.0,0.0,0.0,0.0,-0.0009181851029568058,0.0,0.0,0.0,0.0,0.0,0.0,0.0,0.0,0.0,0.0,0.0,0.0,0.0,0.0,0.0,0.0,0.0,0.0,0.0,0.0,0.0,0.0,0.0,0.0,0.0,0.0,0.0,0.0,0.0,0.0,0.0,0.0,0.0,0.0,0.0,0.0,0.0,0.0,0.0,0.0,0.0,0.0,0.0,0.0,0.0,0.0,0.0,0.0,0.0,0.0,0.0,0.0,0.0,0.0,0.001125759744325015,0.0032043479683211236,0.0,0.0,0.0,0.0,0.0,0.0,0.0,0.0
IND_DE_REP_RATV,1.27052172775515,0.003057606297998442,1.0951141259760466,0.517107980317864,0.6560196546356697,4.168199253766107e-7,1.6387711445350677,6.2716409882740815e-6,0.0,1.559981706051186e-5,0.006532087315605611,0.0,0.006799603685461448,0.05299225772211742,0.0,0.0853683861756151,6.473852252138151e-5,2.412585533889915e-5,1.3592924385092782,1.388811255039726,5.108438148772156,4.332672942754843,11.50281135655872,19.140097635150347,5.561342013563008,0.0,0.0,41.602097083796174,0.0569687433445076,0.25144009168454146,6.9599782431864545,0.0013325413788250649,5.541058073019346e-5,0.00016454178063634675,0.0003211804223751289,0.00015418363941444304,0.0,0.00015024936399208984,3.50176126662616e-7,0.0,3.5848340642433956e-7,1.0614325468581916e-5,0.0,1.2184316589190812e-5,2.699257100059125e-6,0.0,2.535381292419696e-6,5.679084337404266e-7,4.712077627366663e-7,0.0016913653035558166,0.0006406545170111666,0.0019351389800918966,0.0009428404758952376,0.010626385513842358,0.01647077541165742,0.0015737423716713137,0.0,0.0,0.006546266316452934,0.0006557008114635762,0.009030444300739448,0.0,0.0006136061700889481,1.002764847238828e-5,0.00017292290669734754,0.0003158354520560835,0.0002697392648948151,3.0347010613498313e-5,0.0001056827077618855,0.0,0.0,0.0,1.129346625328113e-5,1.0200700316077027e-6,3.5787846765466063e-6,2.4195367434702306e-6,2.600191776378363e-7,9.54410807678185e-7,4.2221230175298715e-7,1.8603926739040323e-7,0.0004150512557979315,0.0002785845176224407,0.0005922095043908486,0.00034353946321029734,0.008673353281286626,0.004728634771572696,0.008446674768024444,0.0,0.0,0.003668481125343879,7.947533895854884e-5,0.0032495077697809473,0.0,0.0006098106894371586,7.700967842908516e-5,6.772971451240022e-5,0.00020624277779207292,0.00017131024762812933,1.6579083223373992e-6,6.356115873067587e-5,1.2493005014513525e-7,0.0,0.0,7.819566346797861e-6,1.2425998168470055e-7,5.308081421477806e-6,2.393756459071453e-6,2.642218502572032e-9,1.4749822991184615e-6,2.0342410556981428e-7,3.515182418141997e-7,0.0008491728048337507,0.0001631103965268795,0.00046145626250667727,0.0006421013664854394,0.0037646705160559197,0.0021061361157828132,0.0005030549559809477,0.0,0.0,0.008939699177638618,6.368022961001056e-5,-0.21340132857301622,0.0,6.456105455085462e-5,2.26402770976042e-6,1.6467766901733876e-5,4.307220759552742e-5,5.4833630977715716e-5,0.0,3.822808787085104e-5,0.0,0.0,0.0,2.2596908538105e-6,0.0,3.5956640899013957e-6,8.915906038481158e-7,0.0,1.180736057008854e-6,0.0,0.0,5.140260690561608e-5,4.118812192549044e-5,8.131222650128836e-5,4.3557297895012914e-5,0.0016274758629024008,0.000312667843512998,8.440992440048754e-5,0.0,0.0,0.00031725633128651333,6.275213713023026e-5,0.0006911915383642295,0.0,0.02191206127456579,0.0008405383138710669,0.0008310442996736108,0.0010839995258908918,0.0011106582773096122,0.0001316655191330468,0.002345897016284857,3.55809709257435e-7,3.710006780587923e-8,1.1115689962746776e-6,7.07294926683026e-5,1.0104112171558387e-5,0.00018001897454652166,1.7710224742751168e-5,3.403228639871133e-6,6.0768083759533955e-5,4.1770669087946103e-7,1.4349775929134508e-6,0.006987627861004241,0.016894276663137833,0.0313057766319547,0.03499747096106671,0.12558832331280279,0.3627542519851795,0.12969971923402973,0.0,0.0,0.06950340781588724,0.0015484939393172153,0.04037708061227411,0.0,0.0
IND_DE_REF_ELMA,378.5465622762149,22.00767425072647,161.1013049853483,166.99865408628187,93.13906370792377,0.0001542638442961281,93.84068134531066,0.020894083280433948,0.0,0.07049054395613895,6.871660520572799,0.0,6.207784935779862,0.9087579996117948,0.0,1.4186006578519268,0.12975157577369864,0.042014817455833596,412.3665569555214,179.98657836489525,229.23419429022556,208.52418103403875,1384.2972308221156,512.3682873501602,371.06956174527033,0.0,0.0,1801.6737116546012,100.33583084375464,843.1394343773574,1064.433511076478,26.595965442075304,0.4339822357205688,2.920598881309319,6.056649419771253,2.1703590478206274,0.0,2.1676864823599855,0.00014069634668412723,0.0,0.0001441322984556169,0.238672158996056,0.0,0.26156660805070003,0.011582893616056873,0.0,0.010834553240924957,0.00021395543570476924,0.0001769190315342134,24.073455572311374,4.125844829777916,27.231279013384754,6.7354953667302295,53.6331103168727,41.16921269764132,14.704623575604668,0.0,0.0,2.6859437596680515,0.2564602775519214,6.120533857137426,0.0,5.113262108918625,0.004068545355118346,0.18822255821026823,1.9285357936082175,0.8451715689572047,0.1543230972438863,0.5505116773833788,1.2363732495967531e-6,0.0,7.124335781843612e-7,0.1252636203409154,0.00896551368734924,0.049634615965056555,0.011296098271146644,6.98564357429015e-5,0.00027450271248876334,8.590068856258451e-5,3.228438903425531e-5,0.9774463696008082,0.09815671421234949,11.010572067334857,3.8071011586824497,17.997657781410496,12.242851453589138,0.3309584352717663,0.0,0.0,2.4335524154111265,0.03534089961723114,2.505066247403109,0.0,0.4064388386291269,0.09874289065876085,0.061340675339811704,0.26509633262318216,0.12272143424106599,0.0013748972543647904,0.05281432323970885,4.340212359585682e-5,0.0,0.0,0.24654412267599624,0.00014504439937872252,0.33896653685427275,0.000585569474639121,6.480100044404026e-7,0.00035482205554149585,5.6993297742035353e-5,0.00010150676776015073,0.4462957688378759,0.0758891353317267,14.436544331050975,0.7941250049582257,2.2476104799656786,0.5705362572580855,0.23812277584646874,0.0,0.0,1.2743709236780736,0.024332016815616062,0.7777035014861245,0.0,0.3988159019308564,0.005882581085417458,0.10924805795610955,0.19665041645512946,0.10115930333909433,0.0,0.042236593686444744,0.0,0.0,0.0,0.11197332128006279,0.0,0.18337992699849287,0.05577993838033839,0.0,0.08557966178684641,0.0,0.0,0.07744031339091839,0.1073942885438609,3.7179770032733352,0.09983619274838862,1.3944747215488513,0.6672322557821404,0.05837071696987629,0.0,0.0,0.17585314076962996,0.03160088460650022,0.2807200107849204,0.0,53.318141358720595,2.6702995914876677,12.035858738214243,14.449439677039692,10.023710511102664,1.78516695265779,31.88823084016006,0.00011847280015154421,8.645791601805975e-6,0.0003897974744450162,1.8759167436793307,0.2933349252599472,5.320272833857312,0.12202723651196833,0.007143099180369412,0.2489333609244677,0.0001224660062957352,0.0005681500509137103,15.820584692179334,13.239979490540389,164.25094262988713,33.56405126060379,165.31321322024465,109.91977428851212,14.922818837158012,0.0,0.0,39.460720199169764,2.3443684454179254,34.31595217628919,0.0,0.0
IND_DE_REF_OFMA,6.910077745667516e-5,1.7544115323834025e-6,1.9056990780317115e-5,1.47885080291837e-5,2.9478259450410495e-5,5.986407615084336e-10,0.00013487997813927595,4.785137034981607e-9,0.0,1.1990590461751661e-8,6.538924819512408e-6,0.0,6.619781094098384e-6,9.043350613353734e-7,0.0,1.4495947703508702e-6,1.155711795280035e-8,4.2708686457189815e-9,3.455685707966179e-5,2.5780635315404526e-5,0.0002677758900860826,0.00037938592903101384,0.01906350182641372,0.0014301882157422407,9.35317957104892e-5,0.0,0.0,0.031883029427136785,2.6551009390588642e-5,0.003781613728572218,0.058894836321811535,1.6045865548753344e-6,4.226054542844326e-8,2.0900120180015486e-7,3.7608718764885264e-7,1.4548753339550699e-7,0.0,1.4453724910064146e-7,2.859593870502005e-10,0.0,2.928055893582928e-10,1.5808385237072947e-8,0.0,1.7004276902560232e-8,1.3488285540350846e-9,0.0,1.2921429217354506e-9,3.156167615082401e-10,2.607802826286037e-10,1.3997110485501038e-6,3.271782310736907e-7,1.8648120086720182e-6,2.3073729879604046e-6,1.6985657773085177e-5,3.7772029853037195e-6,1.001997819894624e-6,0.0,0.0,7.209152682188645e-6,6.304263821722459e-8,9.870242297376602e-8,0.0,3.97749994244383e-7,0.0,8.772740887744745e-8,1.5144838295135718e-7,6.442340800369586e-8,1.182727139992968e-8,4.125088138285431e-8,0.0,0.0,0.0,8.231488341544969e-9,8.970317126986129e-10,3.474573800615754e-9,1.3902364733391025e-9,1.1306465079812535e-10,4.4047634618109197e-10,1.3972866859497178e-10,0.0,1.632466229239097e-7,6.506921685840061e-8,6.999008001883948e-7,6.191820843769541e-7,1.3347551858090718e-6,8.41763105825805e-7,1.4131928497124958e-7,0.0,0.0,2.117014592100733e-5,1.848006042515487e-8,2.0241774874199864e-5,0.0,8.480138919323147e-8,4.087323135836069e-8,6.637275365269595e-9,2.192793868675949e-8,3.906412713087751e-8,7.32061869351372e-10,2.9515325148074916e-8,0.0,0.0,0.0,1.5145248145432312e-8,4.886816421028927e-10,2.0892045444970515e-8,1.0145884223927766e-9,0.0,5.992300665785805e-10,0.0,0.0,4.5981343180462805e-8,2.6214571798524594e-8,9.910728559463463e-7,9.515692977483968e-7,2.957292201825998e-7,3.874157005035499e-7,4.043565014982487e-8,0.0,0.0,6.871399377300817e-6,0.0,1.284406479558744e-9,0.0,4.814570349159011e-8,1.7652818113290651e-9,3.936942666971828e-8,4.260339509128802e-8,2.6832100865509846e-8,0.0,3.913008677686041e-8,0.0,0.0,0.0,7.683984018479593e-9,0.0,1.2316317883345673e-8,3.631227372468214e-9,0.0,5.355139728534318e-9,0.0,0.0,1.4730427462873385e-8,3.5534935012468036e-8,2.3721997233519013e-7,1.912600908353906e-7,3.2390579136348166e-7,1.0627955134059744e-7,2.2852790200452222e-8,0.0,0.0,1.1781747443785146e-7,1.2484753396217281e-8,1.1392487900318542e-7,0.0,0.01041499665853993,4.892273947933105e-7,1.4456202712365584e-6,1.282981752514045e-6,3.954020312632068e-6,1.1878485300758211e-7,0.00014607468689510465,1.7970888095145984e-10,0.0,5.763974389538337e-10,1.371829263707542e-7,2.1864867675262707e-8,3.898173557886085e-7,1.1142336962389414e-8,1.454823640846293e-9,2.658751654021272e-8,1.4454202990029139e-10,8.585717531627846e-10,9.226902642050664e-6,0.006290355710250098,0.006600309711103122,0.016496852051852785,0.056096852338054275,0.1180861746980194,0.01041357045237647,0.0,0.0,0.00020483626405750488,5.144358556333334e-7,-0.0003084722616627654,0.0,0.0
IND_DE_REF_RATV,383.38809810683966,17.882170379437184,141.1782615525793,150.90428754637517,89.26360108785349,0.0001496867566319341,91.36383754345032,0.021763579184804656,0.0,0.0728360588553269,6.845791487198626,0.0,6.224715543165638,0.9088565484029615,0.0,1.420978105502819,0.1329601223243169,0.04314522519949958,422.982149784102,162.01697836346844,233.09656910130224,185.14646398394325,1293.3848304544422,501.3065071043965,374.35307745468583,0.0,0.0,1845.7285800873353,102.99392148415582,714.959069559092,1075.5841234654258,27.257531757435803,0.44302231967725236,3.007212715132494,6.21357843611003,2.2295378045587846,0.0,2.2221121772506707,0.00013272346084921015,0.0,0.00013595803195469086,0.24523095613422877,0.0,0.2677398990654784,0.01201849376523156,0.0,0.011251488793536012,0.0002044079210501347,0.00016907344906775355,24.68930993977905,4.2355356061814255,27.992066736801313,6.886532995775219,54.40637602088258,41.941831553308106,15.063669865946773,0.0,0.0,2.544966557771365,0.24403708569611038,4.650105708082631,0.0,5.204852501718747,0.0038678970830809557,0.17256125800720734,1.952405728260273,0.8416641505240928,0.15799203461352182,0.5634415000050005,9.693511265003529e-7,0.0,5.585678115149983e-7,0.1289989214971569,0.009377695620483328,0.05127193921338117,0.011784974647290102,6.630367013628168e-5,0.00026160737903289347,8.107794243421327e-5,3.0234884425450935e-5,0.8858014563855164,0.07768592554706585,11.357441487411656,3.8958648093471706,18.249203810764037,12.531845583941937,0.2731226742329415,0.0,0.0,2.3630165405873944,0.03382676717879315,2.0272204962097584,0.0,0.3634214738318284,0.07443245492355675,0.05438329428773604,0.21886427252809798,0.10827349093416477,0.0012372525861266929,0.04755460038868783,3.7838932975436734e-5,0.0,0.0,0.25300912725167707,0.00013962709644804868,0.3498330976125759,0.0005573439673299418,6.124793151942592e-7,0.0003381539113022997,5.4089669159452055e-5,9.632474861180783e-5,0.3904522240208509,0.06304319948015309,14.893918290372294,0.6377768851075679,1.9729296858144798,0.4845109979743064,0.1937342001812372,0.0,0.0,1.2092689217283563,0.023129269264286607,0.721152965085391,0.0,0.40382728974321247,0.00459525285889071,0.10936057671000615,0.1963121438129651,0.09751824524707585,0.0,0.037991086130998324,0.0,0.0,0.0,0.11575867521929187,0.0,0.1895003708988359,0.05771082641285042,0.0,0.0885231554420194,0.0,0.0,0.0752419427319663,0.10077137081982059,3.8377893995158594,0.09685273625586668,1.340898952319403,0.6488117139578765,0.05077437567359523,0.0,0.0,0.16711953710577232,0.02653042641125423,0.26258815601186736,0.0,54.20588129943164,2.38684650070885,12.141700628222631,14.609630364268206,10.020092326551353,1.8343191033485609,32.76493619576794,0.00011026303747019933,8.160929746273875e-6,0.00036334774732109756,1.9217719683934027,0.30183066405499687,5.472657750706656,0.12450209953523986,0.007091358807970972,0.2493488961118708,0.00011657180389760703,0.00042716358040157504,15.48693669665007,12.610199676298075,169.05999055325833,28.60583394805609,166.78850518119128,110.38393813120157,14.62287982597353,0.0,0.0,39.68045307895146,2.3711965133950663,33.65962321412842,0.0,0.0
IND_DE_REU_ELMA,111.68261815053962,2.256731193606235,11.292886940621157,22.945060141433405,19.35374381851286,3.1055667441964415e-5,26.855792192502232,0.0003499368137668272,0.0,0.021201787113004463,2.5961790218604923,0.0,2.543972306458344,3.7337300426488724,0.0,2.834838184631906,0.07333882279468594,0.020179727698152558,148.27716163653034,69.10584838834274,127.83893732771429,94.04642328714746,262.0128151318393,424.7637254438314,183.6641783957607,0.0,0.0,1373.1870144138431,69.19911785761518,40.655851176721555,79.86549178635406,1.352738914599069,0.01575119184115863,0.19469857462237877,0.3516444129555099,0.062193935369761144,0.0,0.05494664849581967,3.152564924659426e-5,0.0,3.227923645485693e-5,0.01696348635772592,0.0,0.017787470672480415,0.0001378974833417842,0.0,0.00013191587043371092,3.7950104144429396e-5,3.1390543165619174e-5,2.1729290658311573,0.801309318590266,3.3322989321109513,1.9647205936281273,2.3807367096466736,14.223473934274162,3.562903459319528,0.0,0.0,0.3716226434576257,0.021623909954148514,0.10617078949476232,0.0,0.2562465929501503,0.0002499537118758246,0.0050156292983544746,0.15738197299642298,0.10341135949588802,0.011456445509816148,0.05579233112723941,0.0,0.0,0.0,0.001013236339250647,0.00010506817282492514,0.00038098742645517435,0.0001435341186510311,1.3726749724013471e-5,5.383896411951636e-5,1.6106525353717937e-5,6.277404813432564e-6,0.41946040146216174,0.42823007165242927,0.8649427164785635,0.6606808575249555,2.6055455260529468,3.5001249523918947,0.3698547922302616,0.0,0.0,0.17383235619319595,0.002385083749491494,0.07087952935223911,0.0,0.5482832024170905,0.11388163344312517,0.12509393879070158,0.1529274527922856,0.03187851890019588,5.19422116489615e-5,0.002032892489663211,1.4630615463565755e-6,0.0,0.0,0.0016450277817148678,4.949791810039542e-5,0.002167433204747716,7.993893162785667e-5,4.1733267182884455e-8,4.456164861370419e-5,4.109217517850166e-6,8.18905399760752e-6,1.300562865250844,0.35010117921547285,0.3835668238584818,1.9450920065128428,1.1812222071673408,1.7331087229907094,0.4385238975809134,0.0,0.0,0.6050158581505145,0.0016074647219618352,0.04857272718153875,0.0,0.06396684883483085,0.00017669181144315202,0.003912853620402394,0.022648998922793664,0.01898088929992264,0.0,0.004105126132758426,0.0,0.0,0.0,0.0007500478145266635,0.0,0.001204425927738846,0.00038491159711575505,0.0,0.0005681055101986966,0.0,0.0,0.06295852752595066,0.046731471719464276,0.08119220805571407,0.16724667083619846,0.5406867267114335,0.19382900592445326,0.052378122405665375,0.0,0.0,0.013269156484595424,0.002078206301123024,0.017418876786957225,0.0,3.1413380562225885,1.3326564411591937,0.5498475577824606,0.8157712103667993,0.5569128701062098,0.38789582940570466,7.012111351356278,2.110601338012961e-5,1.2915662670515635e-6,6.813242912914727e-5,0.09667652128132585,0.009236814355030935,0.28085840049619964,0.03995075660312105,0.005277482456492383,0.2354862878014713,1.9328010047643475e-5,6.974645340789124e-5,6.651460711928933,2.1278418599182753,12.176844491814643,13.844842398131991,23.73028240211333,39.30462800797215,3.10101657307343,0.0,0.0,4.122385867322032,0.052718676879911525,4.084069873592809,0.0,0.0
IND_DE_REU_OFMA,0.0,0.0,0.0,0.0,0.0,0.0,0.0,0.0,0.0,0.0,0.0,0.0,0.0,0.0,0.0,0.0,0.0,0.0,0.0,0.0,0.0,0.0,0.0001267732188128065,7.62686190060318e-6,0.0,0.0,0.0,0.024044741560037483,0.0,2.7059223785593825e-5,0.020348267394595356,0.0,0.0,0.0,0.0,0.0,0.0,0.0,0.0,0.0,0.0,0.0,0.0,0.0,0.0,0.0,0.0,0.0,0.0,0.0,0.0,0.0,0.0,0.0,0.0,0.0,0.0,0.0,0.0,0.0,0.0,0.0,0.0,0.0,0.0,0.0,0.0,0.0,0.0,0.0,0.0,0.0,0.0,0.0,0.0,0.0,0.0,0.0,0.0,0.0,0.0,0.0,0.0,0.0,0.0,0.0,0.0,0.0,0.0,0.0,0.0,0.0,0.0,0.0,0.0,0.0,0.0,0.0,0.0,0.0,0.0,0.0,0.0,0.0,0.0,0.0,0.0,0.0,0.0,0.0,0.0,0.0,0.0,0.0,0.0,0.0,0.0,0.0,0.0,0.0,0.0,0.0,0.0,0.0,0.0,0.0,0.0,0.0,0.0,0.0,0.0,0.0,0.0,0.0,0.0,0.0,0.0,0.0,0.0,0.0,0.0,0.0,0.0,0.0,0.0,0.0,0.0,0.0,0.0,0.0,0.0,0.0,0.0,0.0,0.0,0.004634891522139417,0.0,0.0,0.0,0.0,0.0,0.0,0.0,0.0,0.0,0.0,0.0,0.0,0.0,0.0,0.0,0.0,0.0,0.0,0.002646012798800075,0.0007084927647499971,0.008852766495448418,0.03154449702339412,0.07068473299733237,0.005160798012668599,0.0,0.0,0.0,0.0,-0.00762929030171762,0.0,0.0
IND_DE_REU_RATV,140.0068021731622,2.33558707097955,11.948441643103365,25.515815755966386,25.78222195261958,5.112763769819383e-5,40.36113187501351,0.002159228603068981,0.0,0.026849895299271277,2.1764626642157605,0.0,2.066544842444883,2.363472907119027,0.0,1.8978322885508856,0.04637499532073565,0.009812423904757278,136.51730315415813,53.40416863721345,101.70537812535377,72.63910203052883,330.4816559784541,369.57915239611754,259.6095287945655,0.0,0.0,2246.0140965465544,116.63852312823249,67.28690762272238,59.047484663625795,1.0115764662812496,0.012306124423963699,0.13863699370680665,0.2546763388981944,0.0538259025813439,0.0,0.049100247113175254,5.177492568302619e-5,0.0,5.3012647942495075e-5,0.008690130814250534,0.0,0.009374207752702568,0.0002261567714489414,0.0,0.00021635216640265327,6.210609813880396e-5,5.136913420080816e-5,1.475925269053259,0.5217177539139609,2.194123177234346,1.2600139161042438,1.9642996741493668,8.887663484983596,2.2505062996073173,0.0,0.0,0.40589130766180653,0.03443110976212751,0.16857098430923867,0.0,0.22241361278106475,0.00039401796902567554,0.00802906632859501,0.10964285054348122,0.06964002407954795,0.005706163930299354,0.03672507314862716,0.0,0.0,0.0,0.0015891215252927674,0.00017260942222368977,0.0006259904606259128,0.00023504712575788113,2.246292244990735e-5,8.815709319659342e-5,2.647124288164313e-5,1.0314733356527884e-5,0.26601975980654385,0.2590345559199852,0.590765989754554,0.42662923765530975,1.8317535580919737,2.1989269612589077,0.23722889829086352,0.0,0.0,0.2794106157617355,0.0037670837612847536,0.1118686263050074,0.0,0.3517615504511765,0.06720457863112482,0.07336077697378363,0.09301827032958822,0.020460740431878423,8.292559459874777e-5,0.0032482654390285056,2.317738758619201e-6,0.0,0.0,0.0027039284843144956,8.154515309439325e-5,0.0035710724744916007,0.00013057297029646305,6.577781117954692e-8,7.270430748532441e-5,6.620495978625789e-6,1.3238917054201387e-5,0.7928405998079431,0.2107636082861882,0.3375867039270912,1.1931853184511652,0.8026301813267627,1.062867324914082,0.26950593266766804,0.0,0.0,0.44596501201975774,0.0025280113351392945,0.06978755877163365,0.0,0.041568115629589654,0.00028919728319027997,0.0022937413731518182,0.013309234772150697,0.010463838242101085,0.0,0.0027077795573812948,0.0,0.0,0.0,0.0012354166040413343,0.0,0.001983880566308725,0.0006343509734230042,0.0,0.0009362810598327533,0.0,0.0,0.03654900221877925,0.02774714101762161,0.07153195597891313,0.10166841082183747,0.3729109815828752,0.1269907206829816,0.03156539036432674,0.0,0.0,0.02138175622543691,0.0032987502148566685,0.02754451715229933,0.0,2.410567503068366,0.8286694456624568,0.4283720057576816,0.6021389113145698,0.4193784285910888,0.24250574936212252,4.428088712048936,3.459006486594889e-5,2.1036951263046297e-6,0.00011165691847392974,0.06823170688858786,0.004456373525570752,0.2024141159337734,0.021959240947069036,0.00022935756464529124,0.14091129033585897,3.161341751505097e-5,0.0001141244053729013,4.185433894766543,1.3940655667963089,8.586754010267411,8.727355720454838,16.25340361593005,24.693442082225634,2.0995456985020793,0.0,0.0,3.7735670013883005,0.08458499069286643,2.8858292772949996,0.0,0.0
IND_DE_REC_EE,0.7185051854818826,0.1855050745241119,64.26047144758913,27.29563542903629,5.807580171291541,3.5569210323752905e-6,1.7674272875241992,0.0006571557487279755,0.0,0.0016811049285751411,0.15347443957120896,4.812174940751735e-7,0.11051764478111242,0.0054611291779683695,1.5598707615203862e-7,0.008178462889273203,0.0006030897304178486,0.0002220765064778272,5.725557527541202,1.625203505019468,1.8227334892493898,0.8253365989309603,65.23698169439349,5.772295348749465,0.5597180177497224,0.0,0.0,0.0,0.0,0.009952054905693113,5.610920239481168,0.005899636578338636,0.0006942601646511539,0.23249741363919277,0.26961170143114954,0.04789379750321567,0.0,0.020430063886223707,2.3744693382160504e-5,0.0,2.4333804942845874e-5,0.00029361493567454407,0.0,0.0005877887116852057,1.9382617196314064e-5,0.0,1.7936484420593214e-5,0.000149814443214262,0.00012452794656355793,0.19395249456385855,0.04520055283403275,0.009306625951651087,0.003995522129356209,0.4051484695581293,0.15045485510420506,0.002433818199442538,0.0,0.0,0.0,0.0,0.001139652454148047,0.0,0.020905298653603938,0.0020766658390523798,0.6816356118237002,0.3741412368022443,0.10629622394338815,0.004115430473584404,0.014333136021982888,1.0615904372585367e-5,1.8631872863960888e-6,9.082002753624316e-6,0.0005702596845504272,4.819830720013844e-5,0.00016912703697208084,8.042771974486778e-5,8.850976041904471e-6,3.233618377842304e-5,0.00013686038950133547,6.218530831113776e-5,0.09490193359462086,0.04606556825106792,0.03107638834895867,0.01432652069565687,0.5945839433333915,0.10739845160250541,0.03491811331319924,0.0,0.0,0.0,0.0,3.5109785666378864e-5,0.0,0.012606920888324387,0.015060201198806304,0.17932317010905516,0.28539800636117724,0.06754091531090806,0.00030659406957428577,0.011809588743913076,1.0439736276433461e-6,0.0,1.9195687588957683e-8,0.0006135549065307919,6.1718868813545615e-6,0.00033545317922202404,5.252820175928636e-5,1.589153505744991e-7,3.220409555768946e-5,7.31105236248011e-5,0.00012535541801140835,0.07368860718335499,0.03747333551943268,0.01781179014412388,0.0102805043989697,0.2860988307948846,0.029235950881890106,0.004095446534905433,0.0,0.0,0.0,0.0,0.007150312355321463,0.0,9.234141988717134e-5,5.458862829155165e-6,0.0072553733176797496,0.00447777071218039,0.0005705650153847425,0.0,0.00016760248724993887,0.0,0.0,0.0,1.8361677175202905e-5,0.0,2.9351774811171017e-5,2.5624884018096866e-6,0.0,3.860864122998866e-6,0.0,0.0,0.0012246138204046767,0.00042114232910232677,0.0003913960918041453,5.6156199991464865e-5,0.00799742951777201,0.00133711426700786,3.315010737967471e-5,0.0,0.0,0.0,0.0,0.0003195322807506495,0.0,0.0770147819479405,0.11991937428965206,3.367757063093789,2.6165543458141354,0.7516617553400216,0.013137626141452925,0.2340885165031177,1.6544052996829543e-5,2.0323048971223995e-6,5.3045472758353635e-5,0.003302913908051381,0.00028634925909146235,0.005128291142960457,0.00016331052412748963,2.2160605216615144e-5,0.0004125997288812319,0.0001227203898159665,0.00041966947235089506,2.1790265034970635,0.3378340393710721,0.1367635924522372,0.13728366594571942,4.373914556033856,0.41682298687933433,0.06577109914122777,0.0,0.0,0.0,0.0,0.18859164003652135,0.0,0.0
IND_DE_INC_EE,4.051814590128372,0.26324698763334065,3.883557847740858,1.1371390432083126,0.1596170400460669,3.398452803620418e-7,0.11081584655942808,1.134726775593122e-5,0.0,2.865315449544022e-5,0.010331914426979179,0.0,0.00990797477083808,0.009185222553076234,0.0,0.0198353058391869,0.022932908506292857,0.0026350525735736596,0.5519378960345135,9.291049863743485,2.1542218514849525,0.45407095677295417,11.78403794105945,6.330370457030895,5.406352089381338,0.0,0.0,19.075168678832128,1.7630824935571066,1.233056041192937,2.105665032074556,0.011513022889215619,6.291904572928269e-5,0.04260546649973792,0.0026815945747954897,0.00036344504717711806,0.0,0.0002714008928853277,3.9731161990323697e-7,0.0,4.0722108408137724e-7,1.612093330461197e-5,0.0,1.797375053887059e-5,2.293634699886241e-6,0.0,2.171691485525534e-6,3.0204598269049957e-6,2.4985230231168144e-6,0.011508887525121506,0.11253245792882255,0.015324472342874703,0.0020348238908447194,0.06274969200010398,0.07220467258242776,0.042093040380157425,0.0,0.0,0.10626782581335116,0.0003210131160269653,0.004106676379399686,0.0,0.0008285063994588822,2.0144434739975328e-5,0.6361838393085318,0.0004004185620596844,0.0009642207878987369,4.77056543787487e-5,0.00016633527117452406,1.8240960277149235e-8,0.0,1.0510994275322991e-8,1.2602978565005119e-5,1.186602153626096e-6,4.4501615671541e-6,2.369344255397647e-6,1.8018570648851234e-7,9.004329634753107e-7,5.861065074463335e-6,2.647021232818783e-6,0.00042228734978753485,0.07661903704049126,0.000982861328850086,0.0006376182960558112,0.057806454543440876,0.00224905695526404,0.0007529482254821845,0.0,0.0,0.003996580460898237,3.1252557147149025e-5,0.0018665979140301107,0.0,0.00032054051637656045,6.199618801094893e-5,0.06108370806097098,0.00013435289500605537,0.00108267608874899,2.8130854760441665e-6,0.00011111353759627146,2.7296508293469613e-7,0.0,0.0,1.6196991589110517e-5,3.79365648432436e-7,1.908640349760245e-5,1.5143608574232897e-6,1.051310720765405e-9,8.755051707253951e-7,3.3684507990691445e-6,5.687849766737163e-6,0.000670468901015385,0.21908537317010696,0.00775434468733532,0.0004364954931782938,0.07408362099419095,0.0018023888025469616,0.00031026652998482037,0.0,0.0,0.002294648147112471,2.5292768974179205e-5,0.0025834292336559543,0.0,4.94634106365997e-5,2.5885006696652856e-6,1.9749417757775323e-5,6.751098776242164e-5,0.00022917819426979187,0.0,5.986316154976728e-5,0.0,0.0,0.0,6.483570232334677e-6,0.0,1.0379105525123265e-5,3.3059210513616642e-6,0.0,4.8853793522716455e-6,0.0,0.0,9.52681616443515e-5,0.00029614714436837654,0.000210109370099019,3.052494545207957e-5,0.001337373473072666,0.002103555890051445,0.0008503009088139456,0.0,0.0,0.0009736038437156208,2.6661675618875872e-5,0.0004782735382166362,0.0,0.06750655256913006,0.013155783874071538,1.8659020103984236,0.08639449868139443,0.010340967216640698,0.00018579920449009654,0.004953280757080202,3.8454626962554246e-7,2.1017377387011812e-8,1.4556426140422639e-6,0.00012702325448161285,1.888125552466956e-5,0.00033864868860817833,1.6240835435158062e-5,2.415039417880832e-6,4.611431634305922e-5,8.974184264711651e-6,0.00012043238537974525,0.08911173927038603,1.9066708123687253,0.13949395283295682,0.06928901616177435,0.7848975592614024,0.41597111303884743,0.09144331910465266,0.0,0.0,0.09891445630128966,0.0025524647496301405,0.09099665390873846,0.0,0.0
IND_DE_CONSTRUCTION,2097.318741389245,248.4448386866899,1110.9223509675842,751.64236173631,350.9290018048087,0.000530386102255373,297.32760551513616,0.25180438690935075,0.0,0.647654150487089,43.84644519198868,0.0,43.430308376332526,27.148591427842742,0.0,38.59632743142768,11.047865010256231,4.11047919265945,21092.624600096693,8081.665449412085,3530.572032501677,4129.189207357383,7130.074683701253,45489.72654887579,13261.285957393367,0.0,0.0,5519.6806416015015,49.43521440331674,172156.2081254756,998.1052952752453,10.15017073625012,1.317487523844525,3.05904026897216,3.7241922812941,2.250646438197475,0.0,2.165272283540814,0.0008044685821366157,0.0,0.0008240575991538087,0.04056159084037958,0.0,0.052527431519621935,0.004078105040598581,0.0,0.003872951420688041,0.0013528580437610343,0.0011210566859890985,8.039392839834289,9.395777706484019,9.93704514213851,10.440209478246802,65.32520157701205,49.9556269409379,10.749448042956452,0.0,0.0,24.031995613027213,6.532988706721978,20.28420653986844,0.0,2.0566905592745868,0.04478016467258984,0.7632212025399274,1.4422818801463666,1.1220949712693995,0.14095996682913767,0.4911706784391622,2.7472901769493726e-6,0.0,1.5830670249800154e-6,0.030428718595255918,0.002206998548438718,0.007987026532853719,0.004708570679378383,0.0004840766899724677,0.0017794393097281202,0.0004429657901140526,0.0001783997244951527,4.4261058130000634,0.43021532490695835,1.0229346824200345,0.7131321010619643,30.03162910051682,4.28426842129736,19.642821081026103,0.0,0.0,17.49230431046793,0.36272380685396577,12.093083700681804,0.0,2.0437195917312674,0.22870255962149227,0.23095661857347716,0.9867145498477607,0.8071246681232794,0.013325104112031666,0.5089032723373981,0.00034231239678811197,0.0,0.0,0.03550199188283658,0.00047201525639658327,0.026088289700503153,0.003746853043505332,6.936553834121853e-6,0.0022937985164836277,0.00043909452507544954,0.0007654340478749932,13.519008234528707,0.5885139004567418,1.8611169205492704,1.8768085257700948,16.90690221743394,7.7045011417174765,1.475415442859748,0.0,0.0,12.487109496408905,0.2684282931119791,56.060177013993105,0.0,0.23591251660261767,0.00611652261710668,0.0688062844380814,0.5309270330808067,0.3812247714748348,0.0,0.3225340841408737,0.0,0.0,0.0,0.008867353267976935,0.0,0.01409658056909093,0.003464203949484794,0.0,0.005067932388767038,0.0,0.0,3.7943565799738184,0.2033598475056342,0.35585214872770243,0.7185540581827806,7.672857029628943,0.669534216292601,0.48331416657991155,0.0,0.0,1.2088088701059607,0.28177652286308796,2.758873534645813,0.0,26.144803764736366,7.050912149771643,6.630947493980467,15.535556729595957,6.5654505464302915,0.546261847322311,9.842626562841916,0.0007985127789969104,7.049485067345413e-5,0.007801625236149369,0.36534499165893247,0.03319527482886343,0.7177974462059354,0.06640775312650665,0.004066333942298033,0.22378899900925675,0.0007715210201439356,0.003736251116805094,438.60224444365343,35.87433400969163,36.284365762285766,34.56016461118123,216.3637897580225,148.95709028252085,35.28338178490152,0.0,0.0,123.45704500370569,8.228052397146405,283.98366043597326,0.0,0.0
IND_DE_UTIL_WASTE,6262.381200305842,588.6620752664078,6563.484124180685,2526.862321706038,639.7355648493723,0.0013221536945098211,471.46666195699197,0.5840710614264312,0.0,1.4720817769495602,79.41352920776086,0.0,78.36154542883871,55.96650227929858,0.0,88.18710983524842,26.024764706808053,9.69114279563861,2069.4689105470284,31118.64219864925,7389.902327499888,3343.4846962512934,22835.291264270916,16806.408479872574,10290.600574294827,0.0,0.0,57276.10627154033,1844.6524560798566,1698.6099028397293,2405.4078392229435,24.74055541297445,0.5649845802411035,42.198744803678345,9.78316156783394,2.6709509285661985,0.0,2.465670517602908,0.0013358818958544684,0.0,0.0013698856688398743,0.12453753355064312,0.0,0.13821006081930218,0.03455121835807057,0.0,0.03269836562054503,0.2945013192541949,0.24394220907989478,20.11405418747053,214.84580478072488,29.017612302188674,14.109509472616098,82.34380044278042,93.87991384683397,45.57594052961432,0.0,0.0,97.41486162603151,1.2202917491321148,21.962862699680997,0.0,44.10438005067349,1.7193087361737291,534.9673102566137,13.128680132996188,6.677692876998375,0.8628816152364389,3.018340009874731,9.08343390860987e-5,0.0,5.234133812591664e-5,0.2533231763041583,0.013799748925872268,0.06822011974142964,0.0717380113522309,0.000664812332914536,0.027500551263534487,0.6392579723347408,0.2895085006857876,4.5699828824791044,116.60114253094916,30.702423002056914,37.71018702485672,202.75265149519785,82.03696116725598,40.277589995104925,0.0,0.0,213.19694660184624,0.11718675889414229,8.524714873852838,0.0,6.35402255408241,2.6062184806798347,53.151006103344464,1.8136531884589429,6.868493042796988,0.014951814703680157,0.9083320814321217,0.0013784887605242514,0.0,0.0,0.2182868497478905,0.000674109870047447,0.28376216511709845,0.009909087320479905,5.12275687052351e-6,0.004196468066677971,0.3736919652253876,0.6296728598495188,5.204695989080921,169.14285639756326,14.321255896467074,5.587779994029486,75.97347879339448,16.978668685401598,5.433227616258115,0.0,0.0,34.12965250537081,0.09694882422572065,12.096530190581287,0.0,0.6435258292129463,0.023724806781925022,0.8926106947592177,0.5066232382925447,1.189350090283195,0.0,0.2974934296394355,0.0,0.0,0.0,0.029918963233172554,0.0,0.05157436212704507,0.017217059716969477,0.0,0.0293896444235267,0.0,0.0,0.6729896784472851,11.440474207484566,1.3464677871924153,0.3049406102264454,6.730621058707426,2.3997049462703344,4.318274057691917,0.0,0.0,9.450361934981444,0.09515551564112311,2.186276519028881,0.0,105.97455351167157,18.068303040336748,1404.2389642870692,79.37039639719204,24.088626474913394,1.0010295007360375,17.925020397734496,0.003286653903081352,8.844535880096097e-5,0.03085184562209866,1.4230466626783804,0.20718414968154586,3.7975774792885577,0.2773843099431024,0.027828145896172492,0.6351167063514267,0.9922047265880882,3.3553194658719483,118.1950365751065,2084.040936867468,159.1020903887277,76.28755938484883,717.6447345743255,405.3424590372554,113.60162957407863,0.0,0.0,441.695639466427,11.29594182965274,177.23877678292783,0.0,0.0
IND_DE_TRADE,17059.068098835833,348.88847025329096,3160.3979016543176,4270.694562126167,3444.727212920823,0.1477176608012459,4349.859130691601,1.6704878819202529,0.0,4.1670183891818775,263.3722608897406,0.0,242.7176890777741,69.01138739615511,0.0,98.18040209152267,6.056344684717943,2.2508438659003267,16850.73990774699,4880.300440459802,12523.691009119844,12179.363117669729,62559.527426385255,24747.227346082163,23478.555484815945,0.0,0.0,189487.6911571545,8848.05213557801,20203.716403274342,36618.714766887955,868.3281731097844,23.15277295038135,111.00157794473927,206.9281485274056,81.18247279922609,0.0,80.15508028182897,0.1644530804383592,0.0,0.1683915132309783,7.768569897790594,0.0,8.432051261739145,0.6327015999357805,0.0,0.6070214616604017,0.18346375131946924,0.15159669973659798,763.717919297172,172.18210709158618,894.1969310639377,279.8413608567897,1851.895922788077,1575.1532911395027,516.1673163567656,0.0,0.0,107.92182726643897,40.15631518567672,90.58242746047935,0.0,169.075427963017,0.14572844983502622,9.09001502211172,68.96170353607316,28.50422112190235,5.644134845972896,19.665803857942308,3.185670331975245e-5,0.0,1.8356741500280327e-5,4.3224882599263195,0.5159421985229308,1.814711931598308,0.6442774948322633,0.06553021775054103,0.2554941398934516,0.08077551816384275,0.032081199225042996,77.06073568273256,14.853601754019552,357.03175192006,133.07627842109537,608.259374633302,435.98218547643967,49.86469144663375,0.0,0.0,85.8705718156009,1.2160736811093191,37.00604494225829,0.0,22.164430808608078,2.4145837019136986,1.668390630835253,7.471952314817712,4.213263447510009,0.03565816932937145,1.5815821453470784,0.0011714264314146954,0.0,0.0,7.910878819744495,0.27840064609730103,10.953429072291646,0.31290590766279075,2.0849276568132318e-5,0.16093431125213048,0.012120000545597816,0.02747311403995406,23.867251494966844,10.832519020464021,487.5508680506896,81.3098669106509,81.52031173609045,47.7658316195631,21.360953064484587,0.0,0.0,41.284663023689475,0.8069323333725957,23.52283005656701,0.0,14.824895202854368,0.8212652131895994,4.504520894178386,6.95667200108871,3.862971446778957,0.0,1.8359485454102655,0.0,0.0,0.0,3.7510114485210946,0.0,6.014742033873331,1.9841455074778191,0.0,2.918622248259332,0.0,0.0,3.264468422025618,5.34244248184914,118.83267435666774,5.095475220278916,54.69083993032658,31.331740611598914,4.36007013590519,0.0,0.0,7.05343740980544,2.569395389805812,11.045094683127658,0.0,1707.0798400448653,75.05304279409805,383.0030219044326,459.8184586823834,314.06952714384954,57.11255768710092,1017.6237254268015,0.10414713720950071,0.005404868541914237,0.3343872528510172,60.32112648179642,9.662911210309789,172.14332151374873,4.780408882378536,0.6558529808515469,11.804635215870434,0.08482488306741182,0.3043891674386394,532.1499976635279,411.7882233938499,5897.22630741265,1071.0857520072993,5486.658420243411,3898.813983089272,602.8403208912158,0.0,0.0,1628.8863094102398,107.46442012173316,1395.3163911358458,0.0,0.0
IND_DE_TRANSPORT,9800.493216929835,289.30759278564847,3348.980198191906,1913.2043073394902,2025.4189996475016,0.08402985310796277,2726.6387260976207,0.47448457549525047,0.0,1.1981146819767434,1482.8382276926002,0.0,1510.8871339470447,193.6598624040346,0.0,314.55055207087685,0.428586726115662,0.1529864118442574,1600.9551968840196,2645.4455195642945,60091.49277585214,87217.8623200747,37121.58041649184,25206.895571134675,8934.698713021531,0.0,0.0,47324.090016816255,2855.0757397109605,-4316.1545972431295,27670.983900714535,31.071278841795735,0.7226558967099164,5.083522810352785,6.699646724540912,2.1953092873477438,0.0,2.199398493779524,0.001272578655140251,0.0,0.0013032367318284923,0.5994326094581586,0.0,0.6202505024528491,0.06922150836689575,0.0,0.06578954492350853,0.0017400829776419082,0.001439104985683947,27.713765037621798,10.310446782156237,83.20746237848599,445.9693190559118,75.16837327035726,122.37700451634993,31.636472296250414,0.0,0.0,440.9702707068129,2.806863654086442,21.41618347630955,0.0,32.079713896844204,0.01689965853394617,19.468949607816814,10.438873059675558,6.030318190722597,0.7057584455483764,2.4697484722510437,0.0,0.0,0.0,0.22636892148972168,0.020972947965384316,0.09154747542505273,0.07453330609617245,0.0006944637217208999,0.023958712828573994,0.010507480393914706,0.0004564879685515238,8.606089218408215,10.340935444213702,20.92248843666404,95.35118901819258,118.85663392495536,28.18696783746798,16.219163034310085,0.0,0.0,1105.6340744760091,4.577214307836915,56.52253640020347,0.0,16.442143681881596,9.32828086613591,1.6124338277000023,4.3936466790638935,9.422883513718675,0.1790207583036572,7.123477307901086,0.0002055833290763278,0.0,0.0,0.3877228383006423,0.0027530777546029162,0.47351528546586247,0.12292288117136467,4.380390576387053e-6,0.0829969995755844,0.0004327865339057207,0.0007835165682928289,7.199952584284456,2.5793512918082566,36.81398531144286,199.89811567600563,65.90128113710507,81.00310441536756,3.100255020216639,0.0,0.0,38.920127806003414,0.10721393930217184,4.409120518539201,0.0,5.946594540796083,0.09237863356366656,7.882005539153055,8.10012836790753,5.436572374539936,0.0,9.10601682340156,0.0,0.0,0.0,0.29338124085124057,0.0,0.469092160514912,0.04759198596356474,0.0,0.07321259809959477,0.0,0.0,2.603484477718677,6.711796827502045,7.856297885328057,44.50896945697436,68.39140906266152,13.637019290122758,4.045458434409588,0.0,0.0,28.40312878296842,2.4074265502700216,27.73386799537368,0.0,304.8778455945721,90.93106979599736,197.09803245127645,129.50421198697717,74.74944709906858,5.405590079696473,96.3840690313525,0.0010473679726051971,8.266122329989747e-5,0.018068704545295845,8.118293538643227,1.2651148550180202,22.618722046657453,0.7408071546932063,0.08610806413623665,1.6562800846809518,0.01934143424212166,0.08560492869267791,204.54098139791816,76.93205731906212,848.9200713808958,3116.282664277544,1941.2750604278624,1122.1540022597937,282.1904138145286,0.0,0.0,3989.418075880224,88.81422095542035,1084.6365426953294,0.0,0.0
IND_DE_OTHER_MANUFACTURING,11950.18854679707,546.9294064242973,3690.090919588208,6272.967483920281,6109.368159357165,0.1072111321558673,3458.989964518105,1.7413916321249718,0.0,4.353567293026328,365.1311444657141,0.0,316.24010333969557,99.15900302277521,0.0,141.6986365488426,6.137193828228255,2.277269377402477,39198.04480626055,7104.6847905718,16911.828590754463,10713.530915313653,221387.3908696178,49712.44835687339,16305.151158947714,0.0,0.0,170709.21000316483,11942.533453706452,69386.96009317305,234889.79014123348,1914.3131647100854,58.24114290883197,176.53283487033355,497.5901073183175,257.7734673496894,0.0,223.17481537922993,0.2768314362985823,0.0,0.2833737216975094,8.057930605377186,0.0,10.896755368184742,1.4905381128149429,0.0,1.4218304152847632,0.5942356440524506,0.49388980590619674,2480.3533833583792,856.2474210392834,1730.2517776923262,706.4446114578644,16793.72491853874,3393.462615353371,1249.0420342640434,0.0,0.0,10994.407331953367,1467.414183681101,7552.428173401156,0.0,891.372587618096,22.186432229063925,323.9841526079757,430.7864313328804,499.06869833642696,57.268973458577406,199.42919391188252,0.00042663966103246464,0.0,0.00024584194643599675,12.945464553231727,0.8370707016093265,2.939765592396514,2.004088562241228,0.20866496272670096,0.756753392247705,0.102583357075802,0.04134923962532832,219.34220698046985,59.71127078925021,181.5393696248032,156.26142981089228,14895.920128928954,1233.556738325653,774.7561139697663,0.0,0.0,8935.008922221281,202.2351507772971,6103.07996039179,0.0,999.2463024641177,94.96587477954675,99.51413056340502,337.0355889663148,354.8338583176802,3.884202292462922,148.14224440538976,0.12174727659084983,0.0,0.0,12.099394247381664,0.1327878060909871,5.53921136518124,1.4712363415053347,0.003626110949369397,0.9141228662688264,0.19039559099699122,0.32523814478364016,1389.9426061172358,140.7936883779012,416.32713727263035,768.5477918893289,8402.967906503125,942.9826520254784,500.8882819773646,0.0,0.0,5659.761401598798,149.157479609313,3827.1381398739877,0.0,117.64585729598005,2.7163188238231735,30.31274205886965,96.92196801448407,128.78198827857736,0.0,97.84132344393151,0.0,0.0,0.0,2.3888558774217596,0.0,3.774568749216959,0.7836077943216291,0.0,1.1450552263763534,0.0,0.0,87.72886283591214,54.316314970952455,105.5057824763431,41.42000815584053,3842.6403146725656,119.48163339277973,70.45596694610319,0.0,0.0,618.6670243479457,156.41895911599727,1442.0109873219278,0.0,5597.925478465511,767.8125940307199,1241.305602367898,1582.2977710186067,2033.490037433691,129.40243545027832,2305.6127965036526,0.27285020465552706,0.031168729054775288,0.8513526720193234,49.76428372560044,6.079119805859945,108.38209153391253,6.825490678569578,1.3277599286841983,23.824152749479655,0.31707679611926276,1.0887263176932527,9189.656582383235,1635.2557278863867,7410.049399845862,5458.447000123137,82890.08930244911,10458.185218243436,7876.289296211154,0.0,0.0,60146.91007992075,2837.1824802020315,60475.03461433413,0.0,0.0
IND_DE_OTHER_SERVICES,27030.95374888719,1779.636257649038,8154.153470554022,12338.04729524143,8134.014690472563,0.2354473019969507,6599.6225937254385,3.4986167693823402,0.0,8.702116044006592,1101.5329381402357,0.0,1070.4278325464315,778.0511370787563,0.0,955.4559238002461,38.55500000251686,14.36172962109403,39472.58918400979,28957.18498191938,75289.9736648827,40837.591470825406,124710.50884389192,447997.29741984024,69406.3103715641,0.0,0.0,589176.0276480825,39237.47632811486,140084.33215547536,61814.990292668575,404.3532487029947,21.21562772258748,67.3616869905813,94.83189192315247,39.93251579120165,0.0,44.834835463447305,0.15704072430979013,0.0,0.16078167028639379,4.917348593738015,0.0,5.250633644881418,1.3271855047533325,0.0,1.2419895974806978,0.2177424153385294,0.18040682365745636,495.92788647217014,203.53839597895907,815.1657746842717,422.7364704814312,1075.542282093306,4139.742406063018,691.7083628260831,0.0,0.0,1466.3845153611767,61.224354785377834,3767.4317918751653,0.0,179.2345666734752,1.0183549566658172,38.289374023745786,101.99684076105204,56.98630823738326,5.915201009743048,20.605151225750756,2.765237429439058e-5,0.0,1.5934087147459195e-5,4.06563320846371,0.44818693303848917,1.5739008068276126,1.0355433113917436,0.11259687603808546,0.4159944185684352,0.2381982819149753,0.10565038378235671,206.7301662884399,157.48190854263626,333.3558193753424,178.87206571585156,1328.6084156517884,1188.6672344177932,199.90397232315152,0.0,0.0,185.79229217340705,1.613204096219905,579.7795256960172,0.0,144.36783267041997,25.34482403322189,20.848990957586658,54.25751446044342,27.433062315326957,0.1902015608427544,7.470794782813233,0.050279083631806325,0.0,0.0,2.3131852859100364,0.05521540973286421,2.387264984249207,1.1341530897265635,0.0007715047520916209,0.6958915491734261,0.08202509139768492,0.14289117544214117,203.98013679802824,68.40316079645862,204.44119261707016,217.1761588159762,367.59199575869957,1071.7868103823284,192.72117444413118,0.0,0.0,1270.5765506047956,4.275106777779694,487.0074645222652,0.0,12.853095614631439,0.7867845063424448,4.037264558306701,6.150419664662723,5.299414616053597,0.0,2.4247779773299496,0.0,0.0,0.0,0.9801159702425067,0.0,1.567222375567849,0.44086935026882634,0.0,0.5709964089204667,0.0,0.0,11.864869653268444,14.062852133469097,29.947694774718382,17.200238481967272,111.3490391933249,165.2932529629981,35.40384272006451,0.0,0.0,52.45320175628809,2.082070441084702,89.90209931204099,0.0,1302.953488378269,339.71727410791004,258.1030275662482,348.75417181009897,243.81715254787872,54.316049791853615,967.7699240657138,0.15960999223702077,0.015618568906574959,0.5001790845602168,34.06839326651771,5.136410735353853,91.52097318018627,9.420664272434284,1.79440468133528,32.04742207877787,0.18613452022638804,0.6411759806679276,2212.668897308403,1022.2477095935702,3974.3324133797432,3139.318649887378,6889.304641414038,26154.765513959814,2498.5503664816983,0.0,0.0,8873.379359430239,291.1436512644914,10770.312384926438,0.0,0.0
IND_DE_PUBLIC_SOCIAL,1827.9252417723383,190.85571694976514,527.3150912123394,640.5371711995281,541.2964419396903,0.002188343683290896,372.304493913397,0.11080890516957985,0.0,0.29588550593556345,30.716910939980515,0.0,29.032080235126802,20.419512059019016,0.0,25.95016683058477,2.5483793375641417,0.9431090162399559,3454.577428966768,10079.26276143406,2067.829753726327,1505.6141634968492,8103.136315488318,20923.72390060042,38661.088888679544,0.0,0.0,133728.92416005817,545249.1758743811,3679.3140259167194,3872.8377680051126,5.782735908799606,0.5927252211443645,1.422593515154326,1.687052461289809,0.9225431811474758,0.0,0.9505863322406657,0.0014708323829049435,0.0,0.0015058459897680412,0.04800025597982838,0.0,0.05329650168949089,0.012473394202375221,0.0,0.011673545561438278,0.0020713684434443516,0.0017165150538431533,5.509920194122947,3.7245199621187624,9.554317724357514,6.85082386849531,20.973675729634383,52.102148809368884,9.444569488243525,0.0,0.0,17.731301664149555,9.1705801455197,37.66535235746701,0.0,3.9715914880697363,0.519875693346812,1.1416843986391112,1.8633046827379678,1.1711304061663912,0.18701492555702962,0.6642121860349289,0.0,0.0,0.0,0.05866704435798469,0.004209543534388473,0.016631532617333716,0.015335047234623766,0.0010654077738916023,0.0039326331306279265,0.0022227843077127236,0.0009860811642992907,2.7143536471686156,2.9950909405531263,4.910491494071423,4.347853153348318,24.057856329316657,22.602047927433663,5.40797990473679,0.0,0.0,3.419788327411113,0.7424310670145462,7.524491356119957,0.0,1.7159207060233919,0.311924587060072,0.2794401554634844,0.6087403919961923,0.3342693106062287,0.002060509428425041,0.12342764313061766,0.0004780451199332598,0.0,0.0,0.021923226693761694,0.0004899436514938321,0.02156923741768266,0.010703494706963544,7.607710616664547e-6,0.006573039166500103,0.0007841318157590966,0.0013642659636609524,2.1197762503175444,0.8662706870552455,2.0184232906247277,2.3654805039056725,5.3830615400292485,11.603580650227629,2.121503266732045,0.0,0.0,35.34729595850264,0.18302423161081752,5.131355024859769,0.0,0.18015915280756098,0.007524240246740604,0.03998416975592742,0.06760833419254529,0.05985708300596825,0.0,0.03009130962474182,0.0,0.0,0.0,0.008941857183904537,0.0,0.014295438711564825,0.003954348332942329,0.0,0.00509422057623272,0.0,0.0,0.14558198813340528,0.16521422583360762,0.32399155319236783,0.1841864731401924,1.525515106634957,1.9045816234390065,1.6660954137345627,0.0,0.0,0.5514082240537508,0.036573890504786995,0.9941369510307073,0.0,23.76466667033721,6.203861463615942,5.3070583605976145,5.591695043891875,5.005762513860141,0.6561235880837362,11.770196452554956,0.0015019986555445473,0.00014853358635152217,0.02347643281231555,0.46576778321692747,0.06280526158785738,1.2167517545554518,0.15966738035836203,0.020052350639310487,0.4849589292613317,0.004091817572114344,0.03552972854533722,59.45037183345372,35.383774121765875,63.626813221335105,83.86664450511343,139.44219306445547,374.5075118490811,101.94093502250084,0.0,0.0,151.93667221833974,32.902894054698606,114.37368900330324,0.0,0.0
FAC_DE_LAB,43218.349,3361.017,14894.081,40970.182,20583.606399999997,0.6203801366094098,16106.463619863389,18.849431639225838,0.0018020004529910063,46.78398457065744,3095.2605288035516,0.11618124779546614,3016.3264916171174,924.0973325854736,0.055518423414575385,1441.383136227039,37.91706208785131,14.136688636826145,74141.463,30566.098249275317,175684.26168076423,81945.55,265488.0826,468076.10591212095,413779.402,0.0,0.0,0.0,0.0,0.0,0.0,0.0,0.0,0.0,0.0,0.0,0.0,0.0,0.0,0.0,0.0,0.0,0.0,0.0,0.0,0.0,0.0,0.0,0.0,0.0,0.0,0.0,0.0,0.0,0.0,0.0,0.0,0.0,0.0,0.0,0.0,0.0,0.0,0.0,0.0,0.0,0.0,0.0,0.0,0.0,0.0,0.0,0.0,0.0,0.0,0.0,0.0,0.0,0.0,0.0,0.0,0.0,0.0,0.0,0.0,0.0,0.0,0.0,0.0,0.0,0.0,0.0,0.0,0.0,0.0,0.0,0.0,0.0,0.0,0.0,0.0,0.0,0.0,0.0,0.0,0.0,0.0,0.0,0.0,0.0,0.0,0.0,0.0,0.0,0.0,0.0,0.0,0.0,0.0,0.0,0.0,0.0,0.0,0.0,0.0,0.0,0.0,0.0,0.0,0.0,0.0,0.0,0.0,0.0,0.0,0.0,0.0,0.0,0.0,0.0,0.0,0.0,0.0,0.0,0.0,0.0,0.0,0.0,0.0,0.0,0.0,0.0,0.0,0.0,0.0,0.0,0.0,0.0,0.0,0.0,0.0,0.0,0.0,0.0,0.0,0.0,0.0,0.0,0.0,0.0,0.0,0.0,0.0,0.0,0.0,0.0,0.0,0.0,0.0,0.0,0.0,0.0,0.0,0.0,0.0,0.0,0.0
FAC_DE_CAP,31677.180000000004,2200.008,6198.024,15032.043,9242.832900000001,0.5154458237474695,13382.13285417625,10.50721476160267,0.001004486826047315,26.078737157487712,1781.03501888892,0.06933425898122354,1800.0733002100524,926.9725795540251,0.033046576547533374,857.9634509784262,53.99657108829977,20.131641822959576,47372.22,53179.05578708874,97169.18492785993,46237.235,188810.45279999997,581393.2933852674,124293.52200000001,0.0,0.0,0.0,0.0,0.0,0.0,0.0,0.0,0.0,0.0,0.0,0.0,0.0,0.0,0.0,0.0,0.0,0.0,0.0,0.0,0.0,0.0,0.0,0.0,0.0,0.0,0.0,0.0,0.0,0.0,0.0,0.0,0.0,0.0,0.0,0.0,0.0,0.0,0.0,0.0,0.0,0.0,0.0,0.0,0.0,0.0,0.0,0.0,0.0,0.0,0.0,0.0,0.0,0.0,0.0,0.0,0.0,0.0,0.0,0.0,0.0,0.0,0.0,0.0,0.0,0.0,0.0,0.0,0.0,0.0,0.0,0.0,0.0,0.0,0.0,0.0,0.0,0.0,0.0,0.0,0.0,0.0,0.0,0.0,0.0,0.0,0.0,0.0,0.0,0.0,0.0,0.0,0.0,0.0,0.0,0.0,0.0,0.0,0.0,0.0,0.0,0.0,0.0,0.0,0.0,0.0,0.0,0.0,0.0,0.0,0.0,0.0,0.0,0.0,0.0,0.0,0.0,0.0,0.0,0.0,0.0,0.0,0.0,0.0,0.0,0.0,0.0,0.0,0.0,0.0,0.0,0.0,0.0,0.0,0.0,0.0,0.0,0.0,0.0,0.0,0.0,0.0,0.0,0.0,0.0,0.0,0.0,0.0,0.0,0.0,0.0,0.0,0.0,0.0,0.0,0.0,0.0,0.0,0.0,0.0,0.0,0.0
INS_DE_HH,0.0,0.0,0.0,0.0,0.0,0.0,0.0,0.0,0.0,0.0,0.0,0.0,0.0,0.0,0.0,0.0,0.0,0.0,0.0,0.0,0.0,0.0,0.0,0.0,0.0,1.657410211e6,1.2216645620000002e6,0.0,0.0,0.0,-23325.697,0.0,0.0,0.0,0.0,0.0,0.0,0.0,0.0,0.0,0.0,0.0,0.0,0.0,0.0,0.0,0.0,0.0,0.0,0.0,0.0,0.0,0.0,0.0,0.0,0.0,0.0,0.0,0.0,0.0,0.0,0.0,0.0,0.0,0.0,0.0,0.0,0.0,0.0,0.0,0.0,0.0,0.0,0.0,0.0,0.0,0.0,0.0,0.0,0.0,0.0,0.0,0.0,0.0,0.0,0.0,0.0,0.0,0.0,0.0,0.0,0.0,0.0,0.0,0.0,0.0,0.0,0.0,0.0,0.0,0.0,0.0,0.0,0.0,0.0,0.0,0.0,0.0,0.0,0.0,0.0,0.0,0.0,0.0,0.0,0.0,0.0,0.0,0.0,0.0,0.0,0.0,0.0,0.0,0.0,0.0,0.0,0.0,0.0,0.0,0.0,0.0,0.0,0.0,0.0,0.0,0.0,0.0,0.0,0.0,0.0,0.0,0.0,0.0,0.0,0.0,0.0,0.0,0.0,0.0,0.0,0.0,0.0,0.0,0.0,0.0,0.0,0.0,0.0,0.0,0.0,0.0,0.0,0.0,0.0,0.0,0.0,0.0,0.0,0.0,0.0,0.0,0.0,0.0,0.0,0.0,0.0,0.0,0.0,0.0,0.0,0.0,0.0,0.0,0.0,0.0,0.0
INS_DE_GOV,-2631.2580000000003,-1271.371,120.44399999999999,294.616,320.28219999999993,0.017581578442179023,456.4573184215578,0.25813797341117023,2.467791888499688e-5,0.6406942764277941,105.23820073180605,0.004098840922395292,106.41512889335428,30.383049406982362,0.001611862715263306,41.847581267657354,4.955038070989998,1.8473960411518453,1991.04,-22190.15243411214,5378.70304358419,5774.555000000001,6979.3868999999995,35056.47542848461,23540.984,0.0,0.0,0.0,0.0,571568.3204131088,0.0,0.0,0.0,0.0,0.0,0.0,0.0,0.0,0.0,0.0,0.0,0.0,0.0,0.0,0.0,0.0,0.0,0.0,0.0,0.0,0.0,0.0,0.0,0.0,0.0,0.0,0.0,0.0,0.0,0.0,0.0,0.0,0.0,0.0,0.0,0.0,0.0,0.0,0.0,0.0,0.0,0.0,0.0,0.0,0.0,0.0,0.0,0.0,0.0,0.0,0.0,0.0,0.0,0.0,0.0,0.0,0.0,0.0,0.0,0.0,0.0,0.0,0.0,0.0,0.0,0.0,0.0,0.0,0.0,0.0,0.0,0.0,0.0,0.0,0.0,0.0,0.0,0.0,0.0,0.0,0.0,0.0,0.0,0.0,0.0,0.0,0.0,0.0,0.0,0.0,0.0,0.0,0.0,0.0,0.0,0.0,0.0,0.0,0.0,0.0,0.0,0.0,0.0,0.0,0.0,0.0,0.0,0.0,0.0,0.0,0.0,0.0,0.0,0.0,0.0,0.0,0.0,0.0,0.0,0.0,0.0,0.0,0.0,0.0,0.0,0.0,0.0,0.0,0.0,0.0,0.0,0.0,0.0,0.0,0.0,0.0,0.0,0.0,0.0,0.0,0.0,0.0,0.0,0.0,0.0,0.0,0.0,0.0,0.0,0.0,0.0,0.0,0.0,0.0,0.0,0.0,0.0
INS_DE_INV,0.0,0.0,0.0,0.0,0.0,0.0,0.0,0.0,0.0,0.0,0.0,0.0,0.0,0.0,0.0,0.0,0.0,0.0,0.0,0.0,0.0,0.0,0.0,0.0,0.0,0.0,0.0,1.3291655356889893e6,0.0,0.0,0.0,0.0,0.0,0.0,0.0,0.0,0.0,0.0,0.0,0.0,0.0,0.0,0.0,0.0,0.0,0.0,0.0,0.0,0.0,0.0,0.0,0.0,0.0,0.0,0.0,0.0,0.0,0.0,0.0,0.0,0.0,0.0,0.0,0.0,0.0,0.0,0.0,0.0,0.0,0.0,0.0,0.0,0.0,0.0,0.0,0.0,0.0,0.0,0.0,0.0,0.0,0.0,0.0,0.0,0.0,0.0,0.0,0.0,0.0,0.0,0.0,0.0,0.0,0.0,0.0,0.0,0.0,0.0,0.0,0.0,0.0,0.0,0.0,0.0,0.0,0.0,0.0,0.0,0.0,0.0,0.0,0.0,0.0,0.0,0.0,0.0,0.0,0.0,0.0,0.0,0.0,0.0,0.0,0.0,0.0,0.0,0.0,0.0,0.0,0.0,0.0,0.0,0.0,0.0,0.0,0.0,0.0,0.0,0.0,0.0,0.0,0.0,0.0,0.0,0.0,0.0,0.0,0.0,0.0,0.0,0.0,0.0,0.0,0.0,0.0,0.0,0.0,0.0,0.0,0.0,0.0,0.0,0.0,0.0,0.0,0.0,0.0,0.0,0.0,0.0,0.0,0.0,0.0,0.0,0.0,0.0,0.0,0.0,0.0,0.0,0.0,0.0,0.0,0.0,0.0,0.0,0.0
EXT_DE_EXT,12074.637325240268,484.08871227169243,7942.737817492627,4546.390500410152,4940.6261175381915,0.1940903335455239,4708.967920310871,1.2134930204214662,0.0,2.968198391354391,219.89575734031925,0.005249153900841002,202.86874327920967,42.871545076177426,0.0,63.58778380659917,4.0064963580351485,1.538810569728012,7306.621310161358,8474.818985705995,8985.175014563263,14228.563591309286,79670.2969194224,25045.869659298452,7642.175793955895,0.0,0.0,109497.41754821985,3360.1085059269103,113813.90511838901,0.0,0.0,0.0,0.0,0.0,0.0,0.0,0.0,0.0,0.0,0.0,0.0,0.0,0.0,0.0,0.0,0.0,0.0,0.0,0.0,0.0,0.0,0.0,0.0,0.0,0.0,0.0,0.0,0.0,0.0,0.0,0.0,0.0,0.0,0.0,0.0,0.0,0.0,0.0,0.0,0.0,0.0,0.0,0.0,0.0,0.0,0.0,0.0,0.0,0.0,0.0,0.0,0.0,0.0,0.0,0.0,0.0,0.0,0.0,0.0,0.0,0.0,0.0,0.0,0.0,0.0,0.0,0.0,0.0,0.0,0.0,0.0,0.0,0.0,0.0,0.0,0.0,0.0,0.0,0.0,0.0,0.0,0.0,0.0,0.0,0.0,0.0,0.0,0.0,0.0,0.0,0.0,0.0,0.0,0.0,0.0,0.0,0.0,0.0,0.0,0.0,0.0,0.0,0.0,0.0,0.0,0.0,0.0,0.0,0.0,0.0,0.0,0.0,0.0,0.0,0.0,0.0,0.0,0.0,0.0,0.0,0.0,0.0,0.0,0.0,0.0,0.0,0.0,0.0,0.0,0.0,0.0,0.0,0.0,0.0,0.0,0.0,0.0,0.0,0.0,0.0,0.0,0.0,0.0,0.0,0.0,0.0,0.0,0.0,0.0,0.0,0.0,0.0,0.0,0.0,0.0,0.0
IND_FR_AGRI_FOOD,1064.4736609121635,0.0,0.0,0.05098307612368805,0.026765381476191674,0.0,0.08671093631268928,0.0,0.0,0.0,0.0,0.0,0.0,0.0,0.0,0.0,0.0,0.0,0.0,0.15222059762067106,0.008143428557929714,13.066249433807448,68.69084488253272,207.9701281841551,150.11166684225012,0.0,0.0,2169.7165041667376,5.952485123807343,151.2158247209305,0.0,68974.33981550844,20.059079334761922,37.70977140515896,54.13969904360848,18.351500327529763,0.0,20.02400412140688,0.06313834251902734,0.0,0.06482385782517969,9.325731508156958,0.0,9.602812361746262,1.9420713615233518,0.0,1.8463320706726123,0.2838544152168399,0.23500009277624814,477.76726798438415,137.96011248908846,1491.4032742206227,425.62315220690175,3791.5421924281395,22433.040695658823,4751.806538810382,0.0,0.0,82243.94674583884,132.22335480810654,3046.351406635669,18633.12077774367,2310.4906261384967,0.4332838724888155,0.02173524235873241,0.017017071818982325,0.0,1.1086042314088171,3.8747152078831832,0.0,0.0,0.0,0.3688042023295848,0.03839920403647615,0.15470853436538348,0.0,0.0,0.0,0.0,0.0,0.6555057155710555,14.01934951947424,25.204284134616856,10.17824780906414,286.5012982965899,28.627816177331916,0.4736873391715818,0.0,0.0,1590.2305570945227,0.0,102.40826181215633,0.0,130.876109229274,0.04161728345390119,0.0,0.017479142221377333,0.027295216441263252,0.0,0.0,0.0,0.0,0.0,0.040720476889491555,0.0,0.05818905662123198,0.02003072274415673,0.0,0.013354764987821871,0.0,0.0,0.293578035290879,0.9664592286502728,6.807383326896743,0.21221451339501574,7.748996271639011,11.743135134125316,2.6772682595463135,0.0,0.0,211.09768551943705,0.0,6.23583570032535,0.0,16.3908612075943,0.029707053767426064,0.0,0.0645782221394075,0.0,0.0,0.0,0.0,0.0,0.0,0.02252621704518964,0.0,0.040507124379995346,0.0026439532675960153,0.0,0.007938780314955643,0.0,0.0,0.046797996531799314,0.07536220947421873,0.7932620415634182,0.04190060464921309,1.7005787304392095,2.5452059915401204,0.5258136164201925,0.0,0.0,52.63596324600045,0.0,2.148631172166778,0.0,5414.938573538377,0.8677449948555492,0.3182801971525499,2.5516841854150507,0.3169406203160058,0.014724785304792338,0.35304388195965436,0.0,0.0,0.0,1.384278622880076,0.2194041460679832,4.015257546325024,0.15002614966518257,0.004669666711025276,0.22141785884896634,0.0025164682176532583,0.03172992405652528,7.917426945051094,25.924205615269642,133.84610062195583,24.233812706886273,318.69852848380833,1305.5546341991542,183.34214780599777,0.0,0.0,10315.50508080442,2.0132570963444096,130.12264121959717,0.0,0.0
IND_FR_EXTRACTIVE,0.684827091122785,0.0922785602688826,6.7407574321746,0.21599957750644988,0.040184401538241765,0.0,0.021115952800178413,0.0,0.0,0.0,0.0,0.0,0.0,0.0,0.0,0.0,0.0,0.0,0.12136212031786342,9.718468863672086,0.15155927159398389,0.030622951868162548,28.948823429003486,0.19422857528029316,0.5252790381634828,0.0,0.0,4.483434915433947,0.14336959313349193,-9.075777797601862,0.0,636.2752986214072,88.4707524373817,158.95843911552473,75.95175758218807,10.307869218234703,0.0,9.331781118265704,0.005892416971820776,0.0,0.006324989936392517,0.17920949090346205,0.0,0.2746579640906261,0.046199687860939365,0.0,0.043664427002863264,0.032999829664680916,0.025446217143558113,1109.4407317341554,130.8018335338177,39.80480070836656,10.524350125089528,1878.0187207552422,265.9750085536819,103.6679052984596,0.0,0.0,5.783240449614988,0.0,-48.28707433739856,324.9874031272649,0.9234246429871512,0.26779885200515197,4.547861812683462,0.3809557740802733,0.059574767469051756,0.0,0.009127835843270296,0.0,0.0,0.0,0.021172529387783464,0.0,0.003682491339298659,0.0,0.0,0.0,0.0,0.0,0.1953307867360925,7.348992864296723,2.064738917889449,1.0055849811425255,39.34282161216422,0.6902827531510289,1.0980920532304208,0.0,0.0,11.878205236787196,0.0,0.0,0.0,0.007253095625581222,0.06465123283269414,0.17513291516269494,0.003493055854536804,0.0,0.0,0.0,0.0,0.0,0.0,0.0,0.0,0.0,0.0,0.0,0.0,0.0,0.0,0.028954343638881178,0.5411418501197134,0.0,0.0,2.396326080907,0.0053992427106253045,0.0,0.0,0.0,0.09357003402330205,0.0,-1.0565406146206835,0.0,0.0,0.0,0.21938781384319997,0.0,0.0,0.0,0.0,0.0,0.0,0.0,0.0,0.0,0.0,0.0,0.0,0.0,0.0,0.0,0.0018512516132343263,0.6733785128543379,0.0,0.0009475209857699961,0.8650622002619393,0.0,0.0,0.0,0.0,0.021997980192048114,0.0,-0.11745165861072614,0.0,1.059315605832305,1.898515892853955,7.868140589387128,0.18103547499163491,0.07880487318756947,0.0,0.04840684337620582,0.0,0.0,0.0,0.0042573479531974245,0.0,0.025933895238809852,0.0,0.0,0.0,0.0,0.0,3.692224909119641,45.125374539315175,1.0480644258568361,0.8928776063650756,71.31018398225063,2.32019478484455,0.7589831823359627,0.0,0.0,2.869818481714332,0.000927460481072444,-1.0090097048362967,0.0,0.0
IND_FR_BASIC_METALS,7.969048910913065,2.674945154753322,1212.4092694309197,382.6810097159703,73.21586074946961,0.0,14.706552892727686,0.0,0.0,0.0,1.2978520468187245,0.0,0.9097921296097794,0.01401457414113264,0.0,0.026291465833219316,0.0,0.0,71.27825208259772,16.37163699443918,4.676185688396235,6.823433800820161,620.9717957768928,39.80102125238034,0.8992446044475135,0.0,0.0,0.0,0.0,-79.88163756638914,0.0,17.730971438801078,4.041043586874262,1364.114132409985,1674.6266077336002,269.85383614785786,0.0,113.62128290026908,0.15942024457857387,0.0,0.16328985262097215,2.3812467532289867,0.0,4.872109433392144,0.1025542832457269,0.0,0.09506569844764537,0.9626078069095914,0.8010996319909738,1513.9596176790628,287.83572943769315,45.99431162380291,20.587490626742436,3525.674600500272,1161.8462986037441,0.0,0.0,0.0,6.949019305451636,0.0,16.16048011683772,4695.26366040681,16.912081549665256,2.3551274783452385,849.3797022042543,237.37221822833763,89.66702809186518,2.895986993888923,10.098337787837197,0.0,0.0,0.0,0.005329605330788738,0.0,0.0,0.0,0.0,0.0,0.024024238319983855,0.0048311353994969705,9.45130643203663,3.2785587634714886,0.6080850365972496,2.5668261968049286,592.6176062462846,7.1769966490938275,0.0,0.0,0.0,0.0,0.0,0.28265032248942623,0.0,2.4902682756813914,0.9804855047821665,52.380444937912195,84.61317708711685,20.909182621659856,0.04851052527935835,2.199620842839143,0.0,0.0,0.0,0.13763948603359233,0.0,0.06347721168941392,0.003951656404299108,0.0,0.0,0.009488155469481148,0.02463879826777698,14.131035663150099,9.63396580164868,3.3791574460986986,2.0390422921901985,73.02026387219111,5.783052497396284,0.4153206011856803,0.0,0.0,1.3536083117078188,0.0,6.2537646599538,0.0,0.3716034026762317,0.019730407864327983,41.394115413334696,24.36593598476563,3.025882740605048,0.0,0.7143412193205522,0.0,0.0,0.0,0.08096466882465586,0.0,0.13234014289890245,0.0037901096010049436,0.0,0.008476769622297913,0.0,0.0,6.57584450271591,1.7439091205886876,1.7167453973844047,0.20591179916118887,39.937739460136456,6.824885317162014,0.012498273568274862,0.0,0.0,0.02999782542124303,0.0,-2.6894793855728656,0.0,14.76697021649295,13.068204930363509,1417.0571603069043,1190.735253087639,311.42610790936726,5.953357032512773,106.15873256595897,0.0,0.0,0.0012478951640570277,0.7214954094509257,0.06488516892805261,1.2644069144461885,0.006461897529647712,0.0,0.03976661102496005,0.010891975482802057,0.05991334112252437,541.4101313666459,56.289335160990035,35.115211080131225,19.13126789065618,1454.370875235487,61.2195509851137,5.379378237651595,0.0,0.0,10.114737648804482,0.0,9.851584826407404,0.0,0.0
IND_FR_METAL_COMPONENTS,18.82290400302097,1.0119320474947129,11.524779535522187,111.05139491365068,11.923726709934604,0.0,6.988740718739198,0.0,0.0,0.0,0.4182513578426586,0.0,0.29375648968955154,0.009386253507422724,0.0,0.01990169753822343,0.00367833529384078,0.0,102.01203759799623,9.960067875880098,9.869312743103427,5.8664396634880305,199.6159456286354,22.09094446870611,8.065367147239341,0.0,0.0,47.834352411586856,0.0,238.46233517652044,0.0,1378.0291024054798,90.09440788804723,612.7001785500404,6139.970593105035,881.3326282803821,0.0017515103506563741,515.3954617805431,0.5150484848353406,0.0,0.5269870003633249,6.52857253649398,0.0,13.301700696417162,0.7909767019630689,0.0,0.7405847301127734,1.1977296979921812,0.9971896220546609,10721.401479049118,788.6890995606594,478.46086814704404,366.6433495175062,10918.631260630083,4368.89905779562,638.0795783555964,0.0,0.0,1014.4627801164429,0.0,4030.8675374859195,4150.411010310108,7.742712868759774,0.0,3.644404596523997,119.50749183900527,19.236486443065985,0.48518163627697597,1.703958858271166,0.0,0.0,0.0,0.12490773912795658,0.002802309189107539,0.030763686004182673,0.0,0.0,0.0,0.010561852726647468,0.0,14.931773577621353,2.534640133735024,4.406582617371383,6.262445693937165,220.91170220989966,10.038032826164473,0.0,0.0,0.0,46.36713636775215,0.0,26.93254532873441,0.0,6.168951504536538,1.0542833041131794,1.4066546015885548,16.217424391969637,3.949354362087301,0.0033607929975207583,0.48122011340283977,0.0,0.0,0.0,0.1850641390264223,0.0,0.057541191132628296,5.184503012921173e-5,0.0,0.0,0.0,0.0,30.184631588084198,1.8830152593111744,2.7739761386417325,0.6922435188159255,52.73139670143434,8.852689700473597,3.043694004134694,0.0,0.0,8.067571855415661,0.0,18.350250873387715,0.0,0.4565084161551233,0.02874253035351096,1.8377559999418405,34.632662624871614,1.4368240436736062,0.0,0.11243512116596736,0.0,0.0,0.0,0.125459128215876,0.0,0.19713588997204873,0.024634250199481064,0.0,0.04092333490930014,0.0,0.0,5.96662461281802,0.3572002530847018,2.628671807866717,0.23687409051797176,102.44932117934013,4.993828050141732,0.10847932795553156,0.0,0.0,3.535688947528982,0.0,6.82593869572008,0.0,133.51830518115608,21.624778378219222,58.2898308207537,348.34092203059737,51.30294274181627,1.813775701356893,32.40572932607465,0.0,0.0,0.013522719241930797,0.9552231821450701,0.08578149793111468,1.6361395937822065,0.06879439883907729,0.003732823488917621,0.20475636465781138,0.00496559768452329,0.039962860421578934,397.2021889853916,52.01451789651174,64.78812643904948,50.23018444012101,801.3335334784808,155.5741583605978,51.68571624140198,0.0,0.0,307.90137828847935,0.3927954291409144,458.4808337148623,0.0,0.0
IND_FR_NEW_ELMA,2.335970208378216,0.3449833054706956,5.68117922269355,8.329149631878785,142.15675644383688,0.0,11.249128470651591,0.0,0.0,0.0,0.5569805073177433,0.0,0.3882620736602855,0.0,0.0,0.001597253828805787,0.0,0.0,143.76947109398714,38.222920275518796,5.860962120579003,3.902119127239662,238.35874667097693,30.961866250504098,3.9356655202133384,0.0,0.0,118.96835336454748,0.0,249.57292670926682,0.0,31.04564776964043,2.9913469297390405,30.405500132683258,97.56953503363344,177.80754243046783,0.0,92.40866705842413,0.10465548439686712,0.0,0.10727380195486412,1.3687813877419537,0.0,1.6471371086260647,0.2342990048066472,0.0,0.22219865597082306,0.021996971959482203,0.01667149620646518,619.342724427623,74.02878443344238,193.53752698498008,76.49973424863774,785.1611325289942,685.3214149234357,16.274938245706235,0.0,0.0,609.9599730206926,0.0,387.7585918120308,5291.989445597716,1.3524658645075827,0.25522583399561105,6.826587875107806,12.840588646771028,160.4967963875198,4.550742199770176,15.859243467339603,0.0,0.0,0.0,0.12526653475900654,0.004602804298013885,0.03604266818980679,0.0032439343857318063,0.0,0.0,0.0,0.0,22.47425996544438,7.027412412106118,5.81021414063246,1.832703856823553,246.47797995423383,14.276078662588768,0.6341690571021317,0.0,0.0,153.0544749554922,0.0,113.93581003543845,0.0,1.0160909232029258,0.5567720010976124,1.6820706980326856,1.7288467294417071,37.890101569169616,0.1590638366910706,6.390847537669995,0.006400249539040078,0.0,0.0,0.07845370874600868,0.0,0.02811639036153784,0.0067127676381610775,0.0,0.0010919847486230887,0.0,0.0,16.09209650211864,1.250997613030566,2.4018392562375475,4.613997759472148,37.45735840492235,6.912961857735444,3.6448369058586096,0.0,0.0,30.927503464971785,0.008122271747183732,33.615901248585196,0.0,0.07730864392426356,0.02136124463069038,0.018563449532577273,1.5189807565817544,9.376709847064767,0.0,2.0154832741171402,0.0,0.0,0.0,0.02006993728664683,0.0,0.0334127743403506,0.007140347712316571,0.0,0.014622584543379731,0.0,0.0,2.1220447494537003,8.435580169412471,0.6767675541067106,0.15713602645644176,15.143388499199915,3.788215722822122,0.06419079023880345,0.0,0.0,5.114906896534763,0.0,9.314714157998061,0.0,19.976615312618613,10.370059189585824,13.16590765011442,26.726636495689384,321.44297135517746,6.241032873729662,111.27720505824306,0.007503430615170882,0.0,0.04339208820403102,1.1762701992251068,0.09580889413528942,1.8080631620417433,0.10941257501695871,0.007651585465441633,0.2678345793592971,0.0,0.004389151782066252,434.924336948931,69.76788133426827,75.10021250122044,36.184217964905294,720.0141596267786,231.5175719057235,23.236080812416635,0.0,0.0,898.9763738760564,0.9020294676347401,915.9891338575253,0.0,0.0
IND_FR_NEW_OFMA,0.0,0.0,0.0,0.0,0.0,0.0,0.0,0.0,0.0,0.0,0.0,0.0,0.0,0.0,0.0,0.0,0.0,0.0,0.0,0.0,0.0,0.0,0.0,0.0,0.0,0.0,0.0,0.0,0.0,0.0,0.0,0.0,0.0,0.0,0.0,0.0,0.0,0.0,0.0,0.0,0.0,0.0,0.0,0.0,0.0,0.0,0.0,0.0,0.0,0.0,0.0,0.0,0.0,0.008936168098559745,0.010103656486698542,0.0,0.0,0.0,0.0035613922988388513,0.0,0.0,0.3304648296486451,0.0,0.0,0.0,0.0,0.0,0.0,0.0,0.0,0.0,0.0,0.0,0.0,0.0,0.0,0.0,0.0,0.0,0.0,0.0,0.0,0.0,0.0,0.0,0.0,0.0,0.0,0.0,0.0,0.0,0.0,0.0,0.0,0.0,0.0,0.0,0.0,0.0,0.0,0.0,0.0,0.0,0.0,0.0,0.0,0.0,0.0,0.0,0.0,0.0,0.0,0.0,0.0,0.0,0.0,0.0,0.0,0.0,0.0,0.0,0.0,0.0,0.0,0.0,0.0,0.0,0.0,0.0,0.0,0.0,0.0,0.0,0.0,0.0,0.0,0.0,0.0,0.0,0.0,0.0,0.0,0.0,0.0,0.0,0.0,0.0,0.0,0.0,0.0,0.0,0.0,0.0,0.0,0.0,0.014864345257927016,0.0,0.0,0.0,0.0,0.0,0.01509243265118303,0.0,0.0,0.0,0.0,0.0,0.0,0.0,0.0,0.0,0.0,0.0,0.0,0.00936153347625002,0.005649836620778478,0.027356205178796722,0.11991651330277843,0.22853470777308094,0.031030872609329123,0.0,0.0,0.028814442519851408,0.0,0.07588575188403321,0.0,0.0
IND_FR_NEW_RATV,0.3175155948906829,0.0,1.2678859978314965,2.7890727649902884,26.838558802351805,0.0,90.49579914173154,0.0,0.0,0.0010807627358671416,0.508197593143184,0.0,0.385313023020832,0.0090468426023069,0.0,0.013141477190481067,0.0,0.0,1.6938578485146745,3.5841994942380646,4.347326099236346,1.5860379944554939,114.24017567741423,46.64592194673626,14.702701226204711,0.0,0.0,238.5069536331118,6.052693473461496,621.798169915422,0.0,5.564595194758196,1.518222382652302,7.158514048410941,19.084448118395514,67.48596886650014,0.0,128.8346745483008,0.21514869223987007,0.0,0.22027934706258065,0.6934488929124771,0.0,0.8795577998197339,0.07083695322224452,0.0,0.06566066484743573,0.004940313706002042,0.002405699919600016,105.93982217503799,22.605066011279348,79.88335440542083,29.0401074818055,533.5978224399298,511.39045399144396,210.57563252112445,0.0,0.0,471.5202712798623,24.13487962432746,437.71011183939225,6680.9037964396175,0.0,0.0,0.02170822311297359,5.783817998651943,10.312501977410127,13.00702763343701,45.3045926338441,0.0,0.0,0.0,0.21546726024640078,0.004450274918660611,0.03611564788427489,0.0,0.0,0.0,0.0,0.0,3.9220055468132733,2.9190364583279034,0.7326329754319323,1.6789160867558008,148.86032897347286,100.42099560008863,17.249107523913995,0.0,0.0,307.3726145037581,0.0,328.72920739895756,0.0,0.3401160525663203,0.08685248818815489,0.08665682297018287,1.0097397360282439,2.9373520970333806,0.6891512884055407,26.569736472251606,0.0,0.0,0.0,0.039053547727458504,0.0,0.01278078299175412,0.0,0.0,0.0,0.0,0.0,1.9388383421923001,0.23166963799775092,1.2010016790481703,0.5864508607994984,18.682967775287768,11.260458624538492,3.186939460006378,0.0,0.0,56.78819762773343,0.006470704894628676,36.07928834015868,0.0,0.008670209416736862,0.0,0.00435418608682443,0.09730160828590075,1.0750795617949924,0.0,20.44877975843064,0.0,0.0,0.0,0.03732795241858359,0.0,0.0634159669807876,0.0009812847821498289,0.0,0.004926512265069313,0.0,0.0,0.2181078348508687,0.08868264591554308,0.9457445490887088,0.01104373380336804,11.679710393754464,1.6753212087400229,0.5428441857362334,0.0,0.0,5.95529294330766,0.0,11.302320852557944,0.0,10.403977263727812,2.7039673222348464,2.3273983165908314,10.598334003074902,38.94107430892982,32.08446039923662,571.7196793926944,0.022368848160635554,0.0,0.0890713577926185,0.6806975473543757,0.07570620917950475,1.4542577352855923,0.0847562064941428,0.004338453402863932,0.21293847676315258,0.0,0.0017607079397343847,65.82276903209033,16.77731077540018,59.703532372922645,15.618062737957679,492.1994810353055,367.5814090334329,280.83193721101753,0.0,0.0,903.1533673145151,4.772415153600877,1891.1875326097568,0.0,0.0
IND_FR_REP_ELMA,0.0,0.0,0.0,0.0,0.0,0.0,0.0,0.0,0.0,0.0,0.0,0.0,0.0,0.0,0.0,0.0,0.0,0.0,0.0,0.0,0.0,0.0,0.0,0.0,0.0,0.0,0.0,0.0,0.0,0.0,0.0,1.4461538046373938,0.0,0.0,0.03379613104127921,0.09036480063060823,0.0,0.09313895776681741,0.0,0.0,0.0,0.0,0.0,0.0,0.0,0.0,0.0,0.0,0.0,0.34796465214161326,0.0051793751368710925,0.41251022801960385,0.04840913267122513,4.035829437099507,6.49103800164716,0.8571381701576944,0.0,0.0,16.315402752295263,0.0,7.991402255529356,0.10575991536438994,0.0,0.0,0.0,0.0,0.0,0.0,0.0,0.0,0.0,0.0,0.0,0.0,0.0,0.0,0.0,0.0,0.0,0.0,0.0,0.0,0.0,0.0,0.0,0.0,0.0,0.0,0.0,0.0,0.0,0.0,0.0,0.0,0.0,0.0,0.0,0.0,0.0,0.0,0.0,0.0,0.0,0.0,0.0,0.0,0.0,0.0,0.0,0.0,0.0,0.0,0.0,0.0,0.0,0.0,0.0,0.0,0.0,0.0,0.0,0.0,-0.07355190353000686,0.0,0.0,0.0,0.0,0.0,0.0,0.0,0.0,0.0,0.0,0.0,0.0,0.0,0.0,0.0,0.0,0.0,0.0,0.0,0.0,0.0,0.0,0.0,0.0,0.0,0.0,0.0,0.0,0.0,0.0,0.0,0.0,0.011288723823470315,0.0,0.0,0.0,0.0,0.0,0.0,0.0,0.0,0.0,0.0,0.0,0.0,0.0,0.0,0.0,0.0,0.0,0.0,0.005293592521524373,0.0,0.02382223173009531,0.09246279196185879,0.21204405448594912,0.013552894868324944,0.0,0.0,0.0,0.0,0.0,0.0,0.0
IND_FR_REP_OFMA,0.0,0.0,0.0,0.0,0.0,0.0,0.0,0.0,0.0,0.0,0.0,0.0,0.0,0.0,0.0,0.0,0.0,0.0,0.0,0.0,0.0,0.0,0.0,0.0,0.0,0.0,0.0,0.0,0.0,0.0,0.0,0.0,0.0,0.0,0.0,0.0,0.0,0.0,0.0,0.0,0.0,0.0,0.0,0.0,0.0,0.0,0.0,0.0,0.0,0.0,0.0,0.0,0.0,0.0,0.0,0.0,0.0,0.0,0.0,0.0,0.0,0.0,0.0,0.0,0.0,0.0,0.0,0.0,0.0,0.0,0.0,0.0,0.0,0.0,0.0,0.0,0.0,0.0,0.0,0.0,0.0,0.0,0.0,0.0,0.0,0.0,0.0,0.0,0.0,0.0,0.0,0.0,0.0,0.0,0.0,0.0,0.0,0.0,0.0,0.0,0.0,0.0,0.0,0.0,0.0,0.0,0.0,0.0,0.0,0.0,0.0,0.0,0.0,0.0,0.0,0.0,0.0,0.0,0.0,0.0,0.0,0.0,-0.1163154452826964,0.0,0.0,0.0,0.0,0.0,0.0,0.0,0.0,0.0,0.0,0.0,0.0,0.0,0.0,0.0,0.0,0.0,0.0,0.0,0.0,0.0,0.0,0.0,0.0,0.0,0.0,0.0,0.0,0.0,0.0,0.0,0.0,0.0,0.0,0.0,0.0,0.0,0.0,0.0,0.0,0.0,0.0,0.0,0.0,0.0,0.0,0.0,0.0,0.0,0.0,0.0,0.0,0.0,0.0,6.714921925402248e-5,0.1184239031525613,0.0,0.0,0.0,0.0,0.0,0.0,0.0,0.0
IND_FR_REP_RATV,0.0,0.0,0.0,0.0,0.0,0.0,0.0,0.0,0.0,0.0,0.0,0.0,0.0,0.0,0.0,0.0,0.0,0.0,0.0,0.0,0.0,0.0,0.0,0.0,0.0,0.0,0.0,0.0,0.0,0.0,0.0,1.4795724321034183,0.0,0.0,0.03519682690144631,0.09305777195126694,0.0,0.09589407436712417,0.0,0.0,0.0,0.0,0.0,0.0,0.0,0.0,0.0,0.0,0.0,0.35648893375831875,0.005915664662293245,0.42248704722015984,0.050124652246629445,4.127965275562247,6.638822382644062,0.8772030583197168,0.0,0.0,16.686183956137572,0.0,8.17402911606932,0.10682726627711746,0.0,0.0,0.0,0.0,0.0,0.0,0.0,0.0,0.0,0.0,0.0,0.0,0.0,0.0,0.0,0.0,0.0,0.0,0.0,0.0,0.0,0.0,0.0,0.0,0.0,0.0,0.0,0.0,0.0,0.0,0.0,0.0,0.0,0.0,0.0,0.0,0.0,0.0,0.0,0.0,0.0,0.0,0.0,0.0,0.0,0.0,0.0,0.0,0.0,0.0,0.0,0.0,0.0,0.0,0.0,0.0,0.0,0.0,0.0,0.0,-0.07464472736821187,0.0,0.0,0.0,0.0,0.0,0.0,0.0,0.0,0.0,0.0,0.0,0.0,0.0,0.0,0.0,0.0,0.0,0.0,0.0,0.0,0.0,0.0,0.0,0.0,0.0,0.0,0.0,0.0,0.0,0.0,0.0,0.0,0.011320455894222507,0.0,0.0,0.0,0.0,0.0,0.0,0.0,0.0,0.0,0.0,0.0,0.0,0.0,0.0,0.0,0.0,0.0,0.0,0.0053254237787643734,0.0,0.023854063681468213,0.09249608193880723,0.21210512761358738,0.013599509151568075,0.0,0.0,0.0,0.0,0.0,0.0,0.0
IND_FR_REF_ELMA,4.231676424091393,0.12245758822213122,1.3363251839768153,1.777343239648344,2.120210196777633,0.0,2.032473367574935,0.0,0.0,0.0,0.24441664395827684,0.0,0.24585112231070005,0.03145380366582876,0.0,0.057139169458000814,0.0,0.0,0.9324971726776613,2.909545895108768,10.444375331298057,0.7299338359041335,25.41150816882447,0.5723418735525994,0.0561817234118674,0.0,0.0,0.005931200095469466,0.0,0.1766847461726557,0.0,144.78383151267212,3.8881177222960597,12.632540973320925,27.008657774386098,9.6297959532926,0.0,10.072086002069579,0.010109987347367861,0.0,0.010621930104840995,1.5848713430746662,0.0,1.719045071875397,0.08871224578647931,0.0,0.0851702777002703,0.011653676904233589,0.007762383265185895,119.73861802148444,20.577153154706373,169.6139496586463,34.21791563931166,257.23706718641023,243.4151631516197,75.53934405721388,0.0,0.0,318.9981460925338,42.909402072068715,166.53516685098356,367.7820256738039,2.3021863223854573,0.0,0.001627703675453605,0.8554122008904412,0.33117300241972364,0.06608422504626231,0.2478835842006631,0.0,0.0,0.0,0.05648724415175541,0.0,0.01937026594639521,0.0,0.0,0.0,0.0,0.0,0.32116901110611024,0.004258178464677917,5.478903367696056,1.8215135787588297,7.499592541029487,5.884235234289981,0.01965416367536259,0.0,0.0,0.0,0.0,0.20661517298668683,0.0,0.0002881623936574737,0.0,0.0,0.0,0.0,0.0,0.0,0.0,0.0,0.0,0.04304503691021547,0.0,0.06300235056274181,0.0,0.0,0.0,0.0,0.0,0.0,0.0,2.9485357305255575,0.018042566366984432,0.026004304904407215,0.012058170218349155,0.00016443521002408002,0.0,0.0,0.0,0.0,0.0,0.0,0.07549462111192615,0.0,0.012886754456922951,0.026884254201802432,0.0068633509634415625,0.0,0.0,0.0,0.0,0.0,0.018335823268375115,0.0,0.03457432446859877,0.005434319980685241,0.0,0.012261045354033995,0.0,0.0,0.005277331532436188,0.010661767665207095,0.8293378751897829,0.007677559806561822,0.12414508854482617,0.12383071764034323,0.001313195638848994,0.0,0.0,0.0,0.0,0.0,0.0,21.65930636556284,0.6277366566387033,4.243630668373257,5.054519952047323,2.167869139834546,0.7265503743811781,13.057038157596605,0.0,0.0,0.0,0.7052113807129888,0.10677512613665441,2.031721970293702,0.0288736326040493,0.0,0.06073149190575877,0.0,0.0,5.691296032007682,4.108149577618843,60.793177519041095,6.920770108305951,51.058027540351645,40.223610402602475,4.3998025224307415,0.0,0.0,8.074993904733015,0.5791284416046666,6.717519351968173,0.0,0.0
IND_FR_REF_OFMA,0.0,0.0,0.0,0.0,0.0,0.0,0.0,0.0,0.0,0.0,0.0,0.0,0.0,0.0,0.0,0.0,0.0,0.0,0.0,0.0,0.0,0.0,0.0,0.0,0.0,0.0,0.0,0.0,0.0,0.0,0.0,0.0,0.0,0.0,0.0,0.0,0.0,0.0,0.0,0.0,0.0,0.0,0.0,0.0,0.0,0.0,0.0,0.0,0.0,0.0,0.0,0.0,0.0,0.0,0.0,0.0,0.0,0.0,0.0,0.0,0.0,0.005662447797153107,0.0,0.0,0.0,0.0,0.0,0.0,0.0,0.0,0.0,0.0,0.0,0.0,0.0,0.0,0.0,0.0,0.0,0.0,0.0,0.0,0.0,0.0,0.0,0.0,0.0,0.0,0.0,0.0,0.0,0.0,0.0,0.0,0.0,0.0,0.0,0.0,0.0,0.0,0.0,0.0,0.0,0.0,0.0,0.0,0.0,0.0,0.0,0.0,0.0,0.0,0.0,0.0,0.0,0.0,0.0,0.0,0.0,0.0,0.0,0.0,0.0,0.0,0.0,0.0,0.0,0.0,0.0,0.0,0.0,0.0,0.0,0.0,0.0,0.0,0.0,0.0,0.0,0.0,0.0,0.0,0.0,0.0,0.0,0.0,0.0,0.0,0.0,0.0,0.0,0.0,0.0,0.0,0.0,0.0,0.0,0.0,0.0,0.0,0.0,0.0,0.0,0.0,0.0,0.0,0.0,0.0,0.0,0.0,0.0,0.0,0.0,0.0,0.0,0.0,0.0,0.026944954904784945,0.10646727089413591,0.0,0.0,0.0,0.0,0.0,0.0,0.0,0.0
IND_FR_REF_RATV,4.286704337921564,0.22313555036116572,1.3658864723183113,1.832447673805932,2.188586535552341,0.0,2.060088083845052,0.0,0.0,0.0,0.2476401535558398,0.0,0.24893878486315038,0.03197896345408134,0.0,0.05793871643024981,0.0,0.0,0.9463240533605275,3.01160926192323,10.554705051123447,1.409056047652317,25.87309222529378,0.599010670860159,0.12347310355948601,0.0,0.0,0.01801262699783922,0.0,0.3786849151507799,0.0,153.95658088085816,4.2395022159673,13.003159756367289,28.490721799673647,9.946515052523575,0.0,10.632179996895736,0.010892712523241133,0.0,0.011420063980873044,1.6643775086414807,0.0,1.8424169277487092,0.09264116843881934,0.0,0.08895792883933379,0.012642693006445717,0.008604410470002481,126.70078849162337,21.18740094796593,176.95815756761982,37.03922712372057,287.1263396028644,265.48634336469263,80.89466922571971,0.0,0.0,323.0972218821713,43.356585737905995,222.5194225570748,379.18037083805746,2.3598356608448054,0.0,0.009597192713209612,0.877611205167965,0.3398762917737857,0.0669474337016784,0.2506352943325811,0.0,0.0,0.0,0.05745560226273855,0.0,0.019820710346923568,0.0,0.0,0.0,0.0,0.0,0.383569428281804,0.014486495842433158,5.5459365061433,1.8584220467624242,7.630859408432806,5.990992775110739,0.04794471602679366,0.0,0.0,0.0,0.0,0.4412924082804509,0.0,0.006235164018590388,0.0008845599616854196,0.0,0.006112847558875746,0.0,0.0,0.0,0.0,0.0,0.0,0.04394039884095352,0.0,0.06393711607128787,0.0,0.0,0.0,0.0,0.0,0.004465259366226318,0.0,2.982717618736657,0.043263128458585966,0.057440559163206055,0.023092252977545944,0.006450677840052796,0.0,0.0,0.0,0.0,0.0,0.0,0.07735713227325118,0.0,0.013602149016293941,0.027703550980179473,0.007362560486538192,0.0,0.0,0.0,0.0,0.0,0.01872651924604361,0.0,0.03513795243130101,0.005694364775301909,0.0,0.012589085884069194,0.0,0.0,0.0058299395488000715,0.011792484036615187,0.8387052080413632,0.008640410526973705,0.13027309458553304,0.13001405777811997,0.0025891471137091918,0.0,0.0,0.0,0.0,0.0,0.0,22.189877170958248,0.7884477445701805,4.382980192519007,5.168825881942251,2.2160636352359497,0.7356324020393163,13.217128799203362,0.0,0.0,0.0,0.718612161803993,0.10858163936793643,2.0621643746322302,0.0299325276333003,0.0,0.06404580168539435,0.0,0.0,5.98460877737005,4.429004502184063,61.649810438570285,9.128240761846813,52.352599038435145,41.61340027429464,4.645484986924526,0.0,0.0,8.163371523551689,0.589068436442527,7.0867501560721085,0.0,0.0
IND_FR_REU_ELMA,0.15034804433817398,0.011624744142090623,0.04912092131805531,0.03753631423206283,0.11670324447762884,0.0,0.05188618250872429,0.0,0.0,0.0,0.0,0.0,0.0,0.0,0.0,0.0,0.0,0.0,0.07665084584401875,0.13847074002762277,0.230245145677393,0.34842995935717025,1.7830600855484207,1.0284912163987219,0.12016165619535163,0.0,0.0,0.13755214395657225,0.015781925795838148,0.04728733568119876,0.0,5.758052554854447,0.12026285131113801,0.5863996987414714,1.1288382354432014,0.29730643779335747,0.0,0.2824155456778566,0.0,0.0,0.0,0.0587153472771332,0.0,0.06200435923383431,0.0046465609629170665,0.0,0.0033422048406413435,0.0,0.0,6.870256233524163,2.103706006866967,9.0999953887342,4.532717747189962,9.424882254338034,38.8012101526157,9.699036011854588,0.0,0.0,314.57441561185567,29.036692483851255,3.8766030401244675,16.214193227867906,0.05862281787846014,0.0010451293402245808,0.007998733410781085,0.027961755829361695,0.017874238426616118,0.0,0.008435937677813627,0.0,0.0,0.0,0.0,0.0,0.0,0.0,0.0,0.0,0.0,0.0,0.06544761944367271,0.08795435358228483,0.13728561472514944,0.13113244603971883,0.5314966563952298,0.6999807215607255,0.08149055524446494,0.0,0.0,0.006598168401063742,0.001731587932121365,0.010074053610504948,0.0,0.014628717199576433,0.0,0.0,0.0,0.0,0.0,0.0,0.0,0.0,0.0,0.0,0.0,0.0,0.0,0.0,0.0,0.0,0.0,0.04348764660417743,0.007654760259644417,0.1307864671672557,0.06998202967174902,0.039241928636869934,0.06846497737215583,0.010497769094612492,0.0,0.0,0.013805639409268454,0.0,0.0,0.0,2.155884095133179e-5,0.0,0.0,0.0,0.0,0.0,0.0,0.0,0.0,0.0,0.0,0.0,0.0,0.0,0.0,0.0,0.0,0.0,0.0,0.0,0.0,0.005737388437053301,0.03824845926724085,0.027520928819363476,0.0008306664971154461,0.0,0.0,0.0,0.0,0.0,0.0,0.6015829479486856,0.27459176877995806,0.11343930007778638,0.16588828784533363,0.09843769797655921,0.03250860324023504,0.7125095078884394,0.0,0.0,0.0,0.004247940781584234,0.0,0.02432072471376842,0.0,0.0,0.024956010402678884,0.0,0.0,1.044919257451177,0.5080027726733797,1.4082299378768486,2.2343528734726648,3.669064552751692,6.153887072224336,0.83550411278614,0.0,0.0,0.7000724955468873,0.09235469369054077,0.544047654638296,0.0,0.0
IND_FR_REU_OFMA,0.0,0.0,0.0,0.0,0.0,0.0,0.0,0.0,0.0,0.0,0.0,0.0,0.0,0.0,0.0,0.0,0.0,0.0,0.0,0.0,0.0,0.0,0.0,0.0,0.0,0.0,0.0,0.0,0.0,0.0,0.0,0.0,0.0,0.0,0.0,0.0,0.0,0.0,0.0,0.0,0.0,0.0,0.0,0.0,0.0,0.0,0.0,0.0,0.0,0.0,0.0,0.0,0.0,0.0,0.0,0.0,0.0,0.0,0.0,0.0,0.0,0.0,0.0,0.0,0.0,0.0,0.0,0.0,0.0,0.0,0.0,0.0,0.0,0.0,0.0,0.0,0.0,0.0,0.0,0.0,0.0,0.0,0.0,0.0,0.0,0.0,0.0,0.0,0.0,0.0,0.0,0.0,0.0,0.0,0.0,0.0,0.0,0.0,0.0,0.0,0.0,0.0,0.0,0.0,0.0,0.0,0.0,0.0,0.0,0.0,0.0,0.0,0.0,0.0,0.0,0.0,0.0,0.0,0.0,0.0,0.0,0.0,0.0,0.0,0.0,0.0,0.0,0.0,0.0,0.0,0.0,0.0,0.0,0.0,0.0,0.0,0.0,0.0,0.0,0.0,0.0,0.0,0.0,0.0,0.0,0.0,0.0,0.0,0.0,0.0,0.0,0.0,0.0,0.0,0.0,0.0,0.0,0.0,0.0,0.0,0.0,0.0,0.0,0.0,0.0,0.0,0.0,0.0,0.0,0.0,0.0,0.0,0.0,0.0,0.0,0.0,0.0,0.004208341687367714,0.02100196611086653,0.0,0.0,0.0,0.0,0.0,0.0,0.0,0.0
IND_FR_REU_RATV,0.13855966427923955,0.010948096760196925,0.045683561560074186,0.034713201878090426,0.10315382155692945,0.0,0.046117943356023185,0.0,0.0,0.0,0.0,0.0,0.0,0.0,0.0,0.0,0.0,0.0,0.06877803061015142,0.12709080074518714,0.20538947963791754,0.32010344972887605,1.5974227755952697,0.9518424741242871,0.1137778133803683,0.0,0.0,0.12280546927473422,0.01508326364113147,0.045540514512239595,0.0,5.368426664837978,0.1112285264819943,0.5402719237156784,1.0443207580695308,0.28074579841282304,0.0,0.2672721875102014,0.0,0.0,0.0,0.05106388192620369,0.0,0.05414063120304021,0.002870410981637376,0.0,0.001708232224356175,0.0,0.0,6.297859380443323,1.8904767695626434,8.104329985942961,4.02926375475212,8.833615403644957,34.558502283075626,8.691756761887982,0.0,0.0,306.3486213657244,28.17500395543974,3.782361397598962,14.856286661035995,0.054003485622657145,0.0007135388182864045,0.007545317465319163,0.024789444239433068,0.015659656825252093,0.0,0.007099547091299439,0.0,0.0,0.0,0.0,0.0,0.0,0.0,0.0,0.0,0.0,0.0,0.057375019277503346,0.07905505637878607,0.12154336729974119,0.11804173256711396,0.4828203176587117,0.6310138015777538,0.07380561011000733,0.0,0.0,0.006149424223585258,0.0012981216331880278,0.009189499144133778,0.0,0.012014670586771338,0.0,0.0,0.0,0.0,0.0,0.0,0.0,0.0,0.0,0.0,0.0,0.0,0.0,0.0,0.0,0.0,0.0,0.03724094983650698,0.0058816788122760845,0.12628876740039013,0.06072741959010384,0.03396905093507959,0.06022539019552643,0.008329368790106147,0.0,0.0,0.011210562273539304,0.0,0.0,0.0,0.0,0.0,0.0,0.0,0.0,0.0,0.0,0.0,0.0,0.0,0.0,0.0,0.0,0.0,0.0,0.0,0.0,0.0,0.0,0.0,0.0,0.00445552283923951,0.034530198153539436,0.025909165584993524,0.0002995555503678862,0.0,0.0,0.0,0.0,0.0,0.0,0.5629654860990566,0.24894000303164343,0.10788305930306635,0.1542309347837514,0.09295145353303486,0.028085002900807624,0.635325490699853,0.0,0.0,0.0,0.0029323273625220933,0.0,0.020865561545272426,0.0,0.0,0.021236215004061868,0.0,0.0,0.9314800981933989,0.4745223829327297,1.2653717353433838,2.012132279312615,3.3776701992332603,5.626683016288219,0.7826855139508313,0.0,0.0,0.660265801388797,0.08984435449660655,0.5033964412048083,0.0,0.0
IND_FR_REC_EE,0.006083691398370832,0.0015706994789206267,0.5441030400472397,0.23111623509518997,0.04917365158648871,0.0,0.014965071959058652,5.5262266860868185e-6,0.0,1.4206035177976118e-5,0.0012994834403281172,0.0,0.000935764172534394,4.620921109087282e-5,0.0,6.92191826803935e-5,5.059624819033402e-6,1.8341499267873715e-6,0.04847915358021072,0.01376084192259749,0.015433357882587427,0.006988249014948219,0.5523712987288544,0.04887488978437674,0.004739207004776698,0.0,0.0,0.0,0.0,0.0,0.0,0.38702883897105966,0.04554952147056269,15.25199572586298,17.686718657022247,3.1418698189246874,2.5239638753941713e-6,1.3402321803548953,0.0015616632239074922,0.0,0.0016004131052888243,0.019265119282212983,3.215534097258809e-7,0.03856574325588884,0.0012764918896117695,0.0,0.0011812839168124124,0.009833509517924282,0.008174857230800182,12.72342137196237,2.9651919288504662,0.6105278471058548,0.2621164461287325,26.578023649540828,9.86994656677255,0.15966715443674068,0.0,0.0,0.0,0.0,0.0,2.089793072730828,0.011879462390787918,0.001180148960474625,0.3873381821555787,0.21260509496762342,0.06040266887260471,0.002338669978874112,0.00814483513633909,6.039142431678391e-6,1.0673286072866807e-6,5.176719153728071e-6,0.0003241278055991068,2.7397940796892893e-5,9.61502118885559e-5,4.572467505489162e-5,5.047334520285982e-6,1.8365659092241804e-5,7.784627884411742e-5,3.538069250037892e-5,0.05392790343558565,0.026176730660191896,0.01765917707350011,0.008141082594372316,0.3378712348607289,0.06102902730008317,0.019842204915508622,0.0,0.0,0.0,0.0,0.0,0.0,0.0002978597834137975,0.0003558220268719793,0.004236766098514091,0.006742934465769819,0.0015957515831207885,7.231331864600683e-6,0.00027902152406858156,0.0,0.0,0.0,1.4479900921090573e-5,1.3541740482904058e-7,7.91964284713231e-6,1.2189588120102158e-6,0.0,7.413023195048359e-7,1.6992256241354083e-6,2.9361241122879187e-6,0.0017410001840773598,0.0008853634260450755,0.0004208317954972381,0.00024289461194466268,0.006759492603740521,0.0006907437727787647,9.675835725448833e-5,0.0,0.0,0.0,0.0,0.0,0.0,2.1512237176492086e-6,1.111160287499915e-7,0.00016880301308877082,0.00010417950325103644,1.32750949750832e-5,0.0,3.901408785945637e-6,0.0,0.0,0.0,4.317090804351425e-7,0.0,6.867962022379895e-7,4.302258897028021e-8,0.0,7.527036698265989e-8,0.0,0.0,2.8491780326552288e-5,9.799205278955119e-6,9.107365118086325e-6,1.3099605038604747e-6,0.00018606764124395376,3.110920792523618e-5,7.726633784763281e-7,0.0,0.0,0.0,0.0,0.0,0.0,0.029068820425532646,0.045262904069654976,1.2711403073736898,0.987603214986263,0.2837103683516148,0.004958740095817788,0.08835537422175892,6.211158398435778e-6,7.287079116957352e-7,1.9948086438848578e-5,0.0012466543304173949,0.00010800849787216964,0.0019356461671727083,6.159526816083589e-5,8.329535723461973e-6,0.00015569768334057238,4.6255409412886965e-5,0.00015835315231696982,0.8224608806590852,0.12751352648558206,0.05162065976261899,0.05181696268317667,1.6509085867539237,0.15732744871760612,0.02482493434424794,0.0,0.0,0.0,0.0,-0.02848632808647611,0.0,0.0
IND_FR_INC_EE,0.0,0.0,0.11520291332974628,0.43148531366506016,0.0,0.0,0.0,0.0,0.0,0.0,0.0,0.0,0.0,0.0,0.0,0.0,0.0,0.0,0.0,0.3470557941634965,0.0,0.0,0.364646314772077,0.023433700880575038,0.002562684589697558,0.0,0.0,0.0,0.0,0.0,0.0,1.8980171610583818,0.05278323138630468,4.300810218693328,0.8590145195861081,0.1302723703566903,0.0,0.13845086842104626,0.0,0.0,0.0,0.007113435324386316,0.0,0.008262687608849508,0.0,0.0,0.0,0.04352711886240946,0.03435845157996756,3.7413919774766176,16.410124802192968,3.428614233540762,1.1103678786060864,6.837517472863521,11.589316681819284,7.6223884687338455,0.0,0.0,17.770292711779867,0.0,0.0,1.7429423659659486,0.0,0.0,0.8375624965145474,0.0,0.0,0.0,0.0,0.0,0.0,0.0,0.0,0.0,0.0,0.0,0.0,0.0,0.0,0.0,0.0,0.1017685869037492,0.0,0.0,0.06913295265990217,0.0,0.0,0.0,0.0,0.0,0.0,0.0,0.0,0.0,0.0,0.0001585081932009696,0.0,0.0,0.0,0.0,0.0,0.0,0.0,0.0,0.0,0.0,0.0,0.0,0.0,0.0,0.0,0.0,0.01736889769636823,0.0,0.0,0.002793171072295651,0.0,0.0,0.0,0.0,0.0,0.0,0.0,0.0,0.0,0.0,0.0,0.0,0.0,0.0,0.0,0.0,0.0,0.0,0.0,0.0,0.0,0.0,0.0,0.0,0.0,0.0,0.0,0.0,0.0,0.0,0.0,0.0004664337728550077,0.0,0.0,0.0,0.0,0.0,0.0,0.0,0.059160786256894055,0.005939857949603922,1.780094227725373,0.09615706513185322,0.00489054704501724,0.0,0.0008607834424314896,0.0,0.0,0.0,0.0,0.0,0.0,0.0,0.0,0.0,0.0,0.0,0.06754280694964225,1.5945636033937116,0.10980061570322196,0.052124884830105724,0.4899642149585845,0.31931206525703126,0.05658512746128259,0.0,0.0,0.033664688036525,0.0,-0.023401588863485024,0.0,0.0
IND_FR_CONSTRUCTION,0.0,0.0,0.0,0.0,0.0,0.0,0.0,0.0,0.0,0.0,0.0,0.0,0.0,0.0,0.0,0.0,0.0,0.0,0.0,0.0,0.0,0.0,0.0,0.0,0.0,0.0,0.0,0.0,0.0,0.0,0.0,565.5917362402287,52.882928314540294,84.13371645505856,169.5801185908099,46.23674553540625,0.0,49.32645824650064,0.06641898706972911,0.0,0.06808254832234581,2.394741260430695,0.0,2.8688917524124733,0.769614512970434,0.0,0.7196468240366415,0.7990866372716009,0.66541971491315,56729.98020025168,1782.4808730117752,505.8513283805331,531.3576501595179,1619.5076488558775,11386.910453699857,7123.550953154485,0.0,0.0,17647.966539937595,0.0,191612.99074692873,0.0,0.0,0.0,0.0,0.0,0.0,0.0,0.0,0.0,0.0,0.0,0.0,0.0,0.0,0.0,0.0,0.0,0.0,0.0,0.0,0.0,0.0,0.0,0.0,0.0,0.0,0.0,0.0,0.0,0.0,0.0,0.0,0.0,0.0,0.0,0.0,0.0,0.0,0.0,0.0,0.0,0.0,0.0,0.0,0.0,0.0,0.0,0.0,0.0,0.0,0.0,0.0,0.0,0.0,0.0,0.0,0.0,0.0,0.0,0.0,0.0,0.0,0.0,0.0,0.0,0.0,0.0,0.0,0.0,0.0,0.0,0.0,0.0,0.0,0.0,0.0,0.0,0.0,0.0,0.0,0.0,0.0,0.0,0.0,0.0,0.0,0.0,0.0,0.0,0.0,0.0,0.0,0.0,0.0,0.0,0.0,0.0,0.0,0.0,0.0,0.0,0.0,0.0,0.0,0.0,0.0,0.0,0.0,0.0,0.0,0.0,0.0,0.0,0.0,0.0,0.0,0.0,0.0,0.0,0.0,0.0,0.0,0.0,0.0,0.0,0.0
IND_FR_UTIL_WASTE,5.322372633016299,0.8599285823104527,56.370470199293024,178.607982766657,0.6819348528372692,0.0,0.5156188413893579,0.0,0.0,0.0,0.027047105291822474,0.0,0.024599760929740533,0.04535860825262078,0.0,0.07584066784722909,0.532786628316948,0.19228648670724663,1.5210942772915965,267.680316814082,5.6170370051745095,5.571630426080162,170.2484047080512,22.41906562136522,9.789924782303741,0.0,0.0,56.205184046791956,1.2464957384551578,-6.520064789722852,0.0,4464.747150168604,114.8258358571042,3066.10680455918,816.1636707393221,161.61305412604088,0.0,218.1317605363393,0.16735685808353065,0.0,0.17137126803341382,19.64936260400382,0.0,20.51916496800981,5.80127632910122,0.0,5.5951240546784975,22.423405985081526,18.698648894795774,1880.4303204438295,45113.12288090793,4237.34390679849,2031.9473847394,8668.061369998206,12210.66329691089,8188.628748461942,0.0,0.0,38684.6871609013,0.0,0.0,926.4310376297076,26.007767615429323,1.0336126999244104,377.04976092742635,7.262357177205982,1.2956326987848923,0.417718794485596,1.4661957066133449,0.0,0.0,0.0,0.1364516172847039,0.0046598008867096,0.033859380627715194,0.03755655889295904,0.0,0.012617564726556897,0.4531904875416404,0.20409526096252448,1.6885160017279184,77.16699378702972,17.548090073537963,22.29324225929849,115.66419021264826,46.13929921413655,23.342603002710558,0.0,0.0,123.71878254978148,0.0,0.0,0.0,0.5647429070857127,0.23841986813689095,3.273032275824486,0.1290057268330006,0.2651191860421975,0.0,0.02428107871963467,0.0,0.0,0.0,0.006639041313513926,0.0,0.010579809330116385,0.0,0.0,0.0,0.012875469271373716,0.029103770139604492,0.17230580216339983,10.18389811385183,0.8332259955048487,0.4049395752149901,4.574305356234027,1.1758461534054097,0.4539954057058352,0.0,0.0,2.6993141252118327,0.0,0.24689292121355044,0.0,0.17007912254456736,0.003203664660644839,0.3243249997416997,0.06458236335721669,0.020114716706674203,0.0,0.0011061463471418425,0.0,0.0,0.0,0.0003512638121721643,0.0,0.004142300072068346,0.0,0.0,0.0013131481847057846,0.0,0.0,0.04991648924991442,4.439479455621912,0.2469505697688505,0.0419558584760767,0.7853573296877665,0.47313454048079595,1.1760854582086788,0.0,0.0,3.0615896876556414,0.0,-0.05004654640182012,0.0,47.321610997933696,4.948682322441823,736.2315992519578,45.79793348485583,5.020183589979192,0.2861736951351904,5.170547056033043,0.0,0.0,0.01092239648850035,0.6795172260446711,0.0982663167361145,1.8382601076659633,0.1315704520301623,0.007956476917256884,0.2574394418052075,0.48422408279313767,1.6463249086818639,41.10184858415751,1105.469683623298,78.53183572043626,34.902088848923675,262.00252420881094,167.93034085856638,54.07432639443473,0.0,0.0,145.67570462270893,6.617566458003875,-3.6178971706349783,0.0,0.0
IND_FR_TRADE,392.0119753815452,11.125140254458401,127.5190509129146,160.9366930629264,182.9782982050209,0.0,178.7533929560604,0.03962085261281784,0.0,0.11834568803078148,21.67702565580695,0.0,21.73232857671215,3.6409552609232274,0.0,5.805571843225875,0.1940061164535865,0.06571890519211744,97.68599072526882,274.1791339507287,979.2821378278762,174.44807668830123,2339.5877187807146,262.986636321172,47.884130991693105,0.0,0.0,297.6637020113454,9.766340135532523,25.213290351218944,0.0,13426.172160556822,350.8263801069143,1202.6589374229463,2421.80930348892,886.1468486468551,0.0246018107537015,907.8440475709716,1.9272213447800064,0.0,1.971171813618524,144.23323150358874,0.0,153.27796481743118,9.501200982456917,0.0,9.157886705904021,2.3854533808217395,1.9879672185036956,10880.277324547986,2016.6559796891988,17134.99937542853,4504.223867041941,26509.30834174379,22178.83658450037,7257.120751878727,0.0,0.0,177519.40822911754,14372.327241369474,17169.16471547659,35110.46642213648,215.66204438385986,3.8058626315198016,9.609783152063809,85.94115324104517,34.380206460065,7.535284784484352,26.249379410453198,0.0020376308663336566,0.0,0.0,5.69407776167938,0.6861562582838974,2.407205089743076,0.8993101601462306,0.09436976937281154,0.3582088889799449,0.10139944088411992,0.04122868338971883,74.49366600470823,21.810312524494996,478.5705244081391,180.7321931218628,734.9427965720523,607.5561125531162,50.093927135067915,0.0,0.0,5.710954129295434,5.449036624644108,11.203420638580642,0.0,2.810479407317245,0.35488889193336187,0.06539239382123428,0.8487186458208656,0.1804477543848478,0.0,0.0447187086616984,0.0,0.0,0.0,4.292788861932767,0.14805871513094182,5.996061617437544,0.38947413942021686,0.0,0.28620602455634525,0.0,0.0,3.2541849673902408,2.229066995006044,306.430811798515,16.57471447150858,6.94942467961313,8.72922783085525,4.1550474123939,0.0,0.0,0.0,0.0,0.04347544525714694,0.0,8.3818909519848,0.5001592031657884,2.3746950995074676,3.4673465846264335,1.6297494699970538,0.0,0.5449269147800808,0.0,0.0,0.0,2.2555492157737445,0.0,3.618511542812007,1.1960904785035171,0.0,1.7600338363009556,0.0,0.0,1.557515355970934,2.8189552464729073,71.48749083138834,2.297728727465153,18.760953697656532,18.402564703505533,2.384015148869119,0.0,0.0,0.7072952335627227,1.0538524143860135,1.2724303664531216,0.0,1975.4396496333147,80.61803279621516,397.344465249613,471.8559185952342,219.07390380420344,64.44773509948084,1148.3007826527044,0.1515213090319546,0.012163120588083064,0.47952703787361384,62.2362020699972,9.975063652504767,177.69137897584412,3.735762649842641,0.48907118844686515,8.825778315747117,0.09739502793929834,0.34758885404530343,561.4298389829866,471.49787173917565,5550.0808341249085,791.3690273486097,5045.283552769578,4418.992268022949,637.093590161297,0.0,0.0,1022.0345029947619,106.84420511815597,823.6882817044619,0.0,0.0
IND_FR_TRANSPORT,39.96861843470099,2.4178134656721597,52.56205464393692,11.264847817447587,9.24166290867746,0.0,10.260488825852851,0.0,0.0,0.0,1.583892073258076,0.0,1.5862220067811734,0.3917651351969143,0.0,0.6435520632060959,0.0,0.0,8.390518675269972,24.792699103951076,80.2814413000492,1467.0742958243643,201.1323805194591,417.7781401704013,20.861045356592307,0.0,0.0,196.1939506600039,0.07950231553832503,83.18482628290641,0.0,5031.597549822595,165.95633897092299,650.2756126723918,800.8596746470471,239.521227822091,0.0,275.94844695605553,0.5671147257754117,0.0,0.5802033315513373,192.10713565706445,0.0,195.76633808569602,17.308242407297225,0.0,16.68974455509577,1.532467865953748,1.2765944757494556,3786.5839283157684,1765.578576046984,23997.548784920815,34301.93628644381,9274.061764293701,20811.60189089374,8954.641120121714,0.0,0.0,36338.8421938791,3088.770060177414,834.2224216375831,31056.671717738893,49.74753415846856,0.0,23.918637823586394,11.08442447754529,3.849357172137104,0.7374862844247514,2.5791079735514884,0.0,0.0,0.0,0.28965055776446136,0.029800097618343725,0.12137731327457925,0.09535879316714525,0.0010956287791022686,0.032992894851653805,0.017144875148875555,0.0023669894244373975,22.36315835815991,23.50495427261878,28.916882615737116,141.65252059768517,112.2014666173239,30.123445637068922,38.672201896460685,0.0,0.0,770.1462043339865,0.0,15.898420720577928,0.0,25.704199157549763,3.3810549073641964,4.891658787265239,9.968509253569147,9.26731174026807,0.10716499766020658,4.380229164358664,0.0,0.0,0.0,0.24813886302963617,0.0,0.20753005269525426,0.062027883819228885,0.0,0.038816766974070056,0.0,0.0032000857805189443,15.816992026896157,4.683227772512249,16.803957902261562,66.99046537733129,122.69371551713124,39.70102966442829,5.766471065564087,0.0,0.0,29.925213882025833,3.049023905931044,38.159003386547155,0.0,7.2784063915502095,0.27520719729107085,7.440647666202488,6.589632869472068,2.6118348360050825,0.0,2.8304056530377295,0.0,0.0,0.0,0.28903092767646316,0.0,0.46457014701001054,0.049122908282338305,0.0,0.07287717765637869,0.0,0.0,5.13953462792586,4.248497232679388,7.404759887684079,39.00572543677589,71.40207475657509,13.141792036703162,4.46537617155457,0.0,0.0,14.269057090205811,2.9762165917046906,12.379024180871822,0.0,484.51136732108927,79.6776732519672,146.08817823514514,103.0091433285893,57.27773233014359,3.5375466820281076,63.0943864631504,0.0016614870973448894,0.0,0.023660194200893495,6.433391544267417,0.9737002653409847,17.422375561901028,0.879347458083464,0.0951017696397113,1.808593096481157,0.031716654666061724,0.12658573432393186,225.52239975123152,131.9629891066644,762.8158915372862,2899.983655257299,1661.2373710382715,1262.9168705161478,287.55226108291026,0.0,0.0,3356.567602387119,87.07370441989328,906.0716134398285,0.0,0.0
IND_FR_OTHER_MANUFACTURING,315.51079106357713,13.082827927355877,123.11286494222641,141.79892130878042,170.07004240399718,0.0,89.26750917527839,0.003985771980478858,0.0,0.028111104639034837,23.02134258666359,0.0,16.038698154441796,0.3261759683458599,0.0,0.5314320369478138,0.08570816682676108,0.0260969998370388,543.5729223407199,100.93463446739548,190.1414235407461,452.1966978833788,11311.520364964173,860.0942655083388,668.1870476220131,0.0,0.0,4424.137280537105,524.0526829782087,12083.37064190863,0.0,7744.651392782071,413.16628299769343,507.0137503260966,1268.7423610295173,792.0649550950642,0.016006341501512252,729.9041996131353,1.3923808448996002,0.0,1.424169591305821,44.680891241361465,0.0,51.869662446528835,8.995123472453104,0.0,8.618146698091795,2.88979824879599,2.4087945954453063,19704.1229450904,2792.3157145542177,8543.882032827232,6084.663582555239,49423.12331069874,19380.06431264952,6389.346119913158,0.0,0.0,36246.57354389155,2395.8071643232433,16805.952637289105,113114.98719678288,425.08206710616327,8.50041781683136,116.22855555812014,177.36364894070672,184.26442326149987,23.970967513899517,83.47537860557937,0.0,0.0,0.0,5.402249761823233,0.34419479324934177,1.21351882064677,0.5807722947813921,0.05443458221704738,0.21616344483223587,0.0417612271014062,0.014303070619569737,77.29826917383693,28.705226802574735,69.27716967311663,130.37949869361725,7071.652208834296,491.2781995765072,658.2510218065926,0.0,0.0,4818.271602399907,221.0336809969459,2459.265510208595,0.0,124.25157369499867,12.493384417584847,10.3197672150273,38.85620593362228,47.15632949059504,0.4731223691198033,18.266540202297506,0.005673202466663446,0.0,0.0,1.6515544158391602,0.005770779384401125,0.5374257409015828,0.15270378337262092,0.0,0.09357149484135147,0.014960138754507066,0.032132485061538395,179.50574416017594,16.48196715440756,45.653161873068065,134.43550492388383,1222.017433607277,115.80793892182454,91.40773496905321,0.0,0.0,877.913436753853,50.33529736635935,589.1704173395177,0.0,21.478219300329464,0.45991007384800364,6.150957150900309,13.880917947088925,17.828172064691213,0.0,14.390384828067248,0.0,0.0,0.0,0.3246484801462202,0.0,0.5123483547750661,0.0872751367045327,0.0,0.12822906248622193,0.0,0.0,18.221066909335132,5.556336987460496,15.568196968810945,9.278065497136948,652.9537806290285,18.08456571668615,13.801665285606573,0.0,0.0,115.2595664016739,59.027947670924156,228.20603931114886,0.0,1602.3408600318287,193.2662747944536,278.1621458925247,342.3717666721819,444.3435938052882,30.28297199797725,539.5854478471794,0.06782041541848247,0.0,0.22265117649658273,20.318457640797522,1.8412085084315037,32.850551709213775,1.710411175860974,0.3986914460257223,7.196439924770111,0.08541142723079292,0.30450191407452015,2109.82793507039,512.5286616068722,1813.1584478192287,2000.703848548794,26535.601048824792,3395.967572242555,3014.201079739186,0.0,0.0,22026.753432529465,1262.7202140090146,31651.066716794856,0.0,0.0
IND_FR_OTHER_SERVICES,329.90030904682584,54.76671255640793,128.56134772550308,148.08802414928576,186.86020799448602,0.0,108.8924693093209,0.02370681546427462,0.0,0.07312551902035018,4.779717750474442,0.0,4.328326356624579,3.594383994089581,0.0,4.17944621958611,0.59681174658054,0.21827929396634016,239.86582621062433,373.5759603988923,346.30376147741265,680.9895721798034,2380.4637364276914,3219.0617546623525,519.4921220687944,0.0,0.0,842.6548833687491,4.2174675391748835,1539.1781624220325,0.0,25006.83599440078,745.733289582809,2885.4646553389757,5113.182320759278,1450.7174549552901,0.07820431794846869,1807.9307685837448,5.693799737218856,0.0,5.823120826826307,639.4885137609813,0.0,671.3230530410277,109.04441240696778,0.0,103.02223262760002,15.200601261768318,12.675992801925421,35984.797505728755,12205.339952623159,89103.57771852303,32325.501327569746,53652.62305898267,395739.30248907336,53088.86764533848,0.0,0.0,467641.49302451685,54483.78315133064,149986.67129438353,58770.202624997015,206.49297720798396,0.2810524452434956,56.78777276475307,141.01014065448987,51.01828460197892,5.673795416126629,19.758402403399014,0.0,0.0,0.0,3.9838845598391264,0.45033265605660866,1.5767274941774316,1.2453145340688605,0.1389447193949988,0.5039139191274665,0.6011317734123478,0.2743135318269824,305.94953537375517,226.6279387670264,367.8925212088812,212.37232078976942,1398.513629464367,1521.893635900766,415.29873669244733,0.0,0.0,125.90008367902492,0.00013761218245643685,517.0976948746246,0.0,45.12313378017236,8.255386727810638,8.094405995248435,22.23327024909238,6.4069977239101625,0.057490581357155575,2.3554507868555827,0.007786634538177458,0.0,0.0,0.6295536402493411,0.009026477370540622,0.5644632280836784,0.3562194140778956,0.0,0.21626987488455582,0.02331826266765846,0.04429746993362969,66.71251475502432,25.49137452926935,56.350591281869846,84.52075406415521,125.63864954867562,384.8389600340926,47.178607877919305,0.0,0.0,328.3902875871804,0.25960971287129103,167.7881900737334,0.0,7.307987793241224,0.5435708367305383,2.3606115664823486,3.0555022536882954,2.3914727712947927,0.0,0.9853303072757804,0.0,0.0,0.0,0.5126462825190935,0.0,0.8198645395726205,0.23925204754294252,0.0,0.3083517737276675,0.0,0.0,5.868931332505768,7.612952146435694,15.954649584074126,8.816540988447798,53.39090610448543,84.00549572642495,12.29666138861154,0.0,0.0,11.847694914331662,1.1507213029905967,28.334263391457842,0.0,1133.800730383042,379.23282245786885,247.35351300471604,260.033255360394,142.21776659617112,36.61073753538796,652.2816242409353,0.13939304205011058,0.013322531009218999,0.4349158078598799,36.08535928551656,5.446237021231711,96.99435883105768,9.896399488419842,2.0818153030404294,37.12093039693783,0.19101508135003617,0.6531384140906541,1908.3240058424246,962.8317326922368,4133.280905633715,3234.0135643863605,5576.849582930485,21624.82780928371,1963.083201152077,0.0,0.0,5594.293044643176,121.88837704646937,6597.096878498074,0.0,0.0
IND_FR_PUBLIC_SOCIAL,6.115045005304822,0.7235037612404609,6.662932706909859,17.378042614954467,2.99015497972081,0.0,1.8236794138046566,0.0002758255384742596,0.0,0.0008738261097454175,0.09322632210609419,0.0,0.07854065512418726,0.046623371940021634,0.0,0.056967298636557535,0.05186607358116493,0.018745968702321567,4.029634599361146,27.477394385456297,4.957857023813471,13.585064951348338,57.29088761374018,41.6551648618323,12.923040914962307,0.0,0.0,38.36853696584122,61.86798184442331,35.14020043512785,0.0,1571.2950016918944,50.980673409594516,397.37195911769754,390.42813595355136,143.12221507987772,0.0009136176174458554,172.45099498273848,0.27141821016804535,0.0,0.2779573477848147,24.43161763313167,0.0,25.9646238306184,5.002897473623349,0.0,4.7719848525993,2.5013548706808444,2.0819013320535804,1657.7331307043112,4776.628709753212,3994.341553010144,3717.358412957002,4391.508516058689,13026.198360026703,11064.120150676803,0.0,0.0,95764.07284159656,447694.0108686733,2032.1267135560433,1233.5392343609647,9.473891529346814,0.5555340250076307,33.37939602319614,2.558231195559836,1.482281938877783,0.19851599683827673,0.6924345723865956,0.0,0.0,0.0,0.06616683552535985,0.006129889372484032,0.023183213612310516,0.0184163765991724,0.0016569735471200977,0.007189901507786252,0.04520619865043127,0.020376219294793045,5.2995293124830845,10.584829209498608,6.512223982798046,4.949924137601728,40.73741579704289,23.397510469279133,45.51221560417854,0.0,0.0,23.85636214461736,0.26191513914591874,10.683176337390506,0.0,0.9693267039925595,0.14267181483114003,0.4028858539795009,0.35613818011829457,0.31535080794312575,0.0048041542482375145,0.19058817069733477,0.0001162726785283623,0.0,0.0,0.011014099983664108,0.00011006154633719096,0.008883154587522217,0.004502975831219554,0.0,0.002730624149490153,0.001370410349685496,0.0030098688260484854,1.106886418333528,1.2061879052917617,0.8453393506283529,1.3947677178335969,3.8851435898677322,4.849721111525237,0.7331756378515231,0.0,0.0,32.57222665421978,0.07254461194736615,3.023287434726895,0.0,0.1685297163363958,0.008035444301404598,0.08622252487808227,0.09014686572090273,0.09320583049269374,0.0,0.12502685108015316,0.0,0.0,0.0,0.007478430909910466,0.0,0.0122855556646561,0.003033444794875886,0.0,0.004109410575437595,0.0,0.0,0.11843446645149644,0.5095487574496859,0.2532469153313595,0.24241372993362156,1.798698883237051,1.2247699843079087,1.3471625610396698,0.0,0.0,0.685290356507925,0.09274765822803387,0.7089756047406435,0.0,31.44035822253222,6.688953274297986,68.43685059531106,8.971232669469217,4.6176289041740635,0.6975761522863676,12.605272278087435,0.0017924007513686665,0.00015235171250984676,0.0067295928672380404,0.6151744874067965,0.08081195152393647,1.634432199427376,0.14559353584650464,0.025307058049319157,0.5315751428497153,0.04323580570801781,0.14717338422290208,32.9875623741747,110.10835661654217,72.23762475909625,60.05162281608977,144.83155025748766,313.3095482494158,177.32226937438844,0.0,0.0,379.2361982178513,65.79403757174703,128.49013795859352,0.0,0.0
FAC_FR_LAB,0.0,0.0,0.0,0.0,0.0,0.0,0.0,0.0,0.0,0.0,0.0,0.0,0.0,0.0,0.0,0.0,0.0,0.0,0.0,0.0,0.0,0.0,0.0,0.0,0.0,0.0,0.0,0.0,0.0,0.0,0.0,33406.114,1051.725,3973.67,14571.478,3587.9123,0.24865758521072023,4507.026842414789,13.657097955404337,0.000770571828326506,13.9669494149277,664.7220203915814,0.03973281723646995,720.1745873055742,160.36092915172958,0.0085636739496512,155.2203136214734,20.861233622984315,17.398780652219017,69954.098,19601.286985724797,129104.06213587079,63275.198,68724.58720000001,418984.38189922547,332484.652,0.0,0.0,0.0,0.0,0.0,0.0,0.0,0.0,0.0,0.0,0.0,0.0,0.0,0.0,0.0,0.0,0.0,0.0,0.0,0.0,0.0,0.0,0.0,0.0,0.0,0.0,0.0,0.0,0.0,0.0,0.0,0.0,0.0,0.0,0.0,0.0,0.0,0.0,0.0,0.0,0.0,0.0,0.0,0.0,0.0,0.0,0.0,0.0,0.0,0.0,0.0,0.0,0.0,0.0,0.0,0.0,0.0,0.0,0.0,0.0,0.0,0.0,0.0,0.0,0.0,0.0,0.0,0.0,0.0,0.0,0.0,0.0,0.0,0.0,0.0,0.0,0.0,0.0,0.0,0.0,0.0,0.0,0.0,0.0,0.0,0.0,0.0,0.0,0.0,0.0,0.0,0.0,0.0,0.0,0.0,0.0,0.0,0.0,0.0,0.0,0.0,0.0,0.0,0.0,0.0,0.0,0.0,0.0,0.0,0.0,0.0,0.0,0.0,0.0,0.0,0.0,0.0,0.0,0.0,0.0,0.0,0.0,0.0,0.0,0.0,0.0,0.0,0.0,0.0,0.0,0.0
FAC_FR_CAP,0.0,0.0,0.0,0.0,0.0,0.0,0.0,0.0,0.0,0.0,0.0,0.0,0.0,0.0,0.0,0.0,0.0,0.0,0.0,0.0,0.0,0.0,0.0,0.0,0.0,0.0,0.0,0.0,0.0,0.0,0.0,41222.505,911.646,1932.496,6324.411,1416.7880999999998,0.12561454737663133,2276.8182854526235,4.977459879548334,0.00028084226768598547,5.090388205422041,331.5328154983085,0.01914990028603474,347.1002686106847,115.29474329794155,0.0060180897275044715,109.08049283490746,17.233572502363515,14.373222276384332,36698.783,26311.289205221252,68397.3152689179,25559.106,49881.01500000001,403176.503113923,102909.09000000001,0.0,0.0,0.0,0.0,0.0,0.0,0.0,0.0,0.0,0.0,0.0,0.0,0.0,0.0,0.0,0.0,0.0,0.0,0.0,0.0,0.0,0.0,0.0,0.0,0.0,0.0,0.0,0.0,0.0,0.0,0.0,0.0,0.0,0.0,0.0,0.0,0.0,0.0,0.0,0.0,0.0,0.0,0.0,0.0,0.0,0.0,0.0,0.0,0.0,0.0,0.0,0.0,0.0,0.0,0.0,0.0,0.0,0.0,0.0,0.0,0.0,0.0,0.0,0.0,0.0,0.0,0.0,0.0,0.0,0.0,0.0,0.0,0.0,0.0,0.0,0.0,0.0,0.0,0.0,0.0,0.0,0.0,0.0,0.0,0.0,0.0,0.0,0.0,0.0,0.0,0.0,0.0,0.0,0.0,0.0,0.0,0.0,0.0,0.0,0.0,0.0,0.0,0.0,0.0,0.0,0.0,0.0,0.0,0.0,0.0,0.0,0.0,0.0,0.0,0.0,0.0,0.0,0.0,0.0,0.0,0.0,0.0,0.0,0.0,0.0,0.0,0.0,0.0,0.0,0.0,0.0
INS_FR_HH,0.0,0.0,0.0,0.0,0.0,0.0,0.0,0.0,0.0,0.0,0.0,0.0,0.0,0.0,0.0,0.0,0.0,0.0,0.0,0.0,0.0,0.0,0.0,0.0,0.0,0.0,0.0,0.0,0.0,0.0,0.0,0.0,0.0,0.0,0.0,0.0,0.0,0.0,0.0,0.0,0.0,0.0,0.0,0.0,0.0,0.0,0.0,0.0,0.0,0.0,0.0,0.0,0.0,0.0,0.0,0.0,1.1649928520000002e6,767962.6000000002,0.0,0.0,0.0,-47412.313,0.0,0.0,0.0,0.0,0.0,0.0,0.0,0.0,0.0,0.0,0.0,0.0,0.0,0.0,0.0,0.0,0.0,0.0,0.0,0.0,0.0,0.0,0.0,0.0,0.0,0.0,0.0,0.0,0.0,0.0,0.0,0.0,0.0,0.0,0.0,0.0,0.0,0.0,0.0,0.0,0.0,0.0,0.0,0.0,0.0,0.0,0.0,0.0,0.0,0.0,0.0,0.0,0.0,0.0,0.0,0.0,0.0,0.0,0.0,0.0,0.0,0.0,0.0,0.0,0.0,0.0,0.0,0.0,0.0,0.0,0.0,0.0,0.0,0.0,0.0,0.0,0.0,0.0,0.0,0.0,0.0,0.0,0.0,0.0,0.0,0.0,0.0,0.0,0.0,0.0,0.0,0.0,0.0,0.0,0.0,0.0,0.0,0.0,0.0,0.0,0.0,0.0,0.0,0.0,0.0,0.0,0.0,0.0,0.0,0.0,0.0,0.0,0.0,0.0,0.0,0.0,0.0,0.0,0.0,0.0,0.0,0.0,0.0,0.0,0.0
INS_FR_GOV,0.0,0.0,0.0,0.0,0.0,0.0,0.0,0.0,0.0,0.0,0.0,0.0,0.0,0.0,0.0,0.0,0.0,0.0,0.0,0.0,0.0,0.0,0.0,0.0,0.0,0.0,0.0,0.0,0.0,0.0,0.0,-3120.374999999999,158.038,486.565,780.781,239.06820000000002,0.011033019039102955,199.97826698096088,0.7951332714900613,4.486365264246158e-5,0.8131732098057476,36.76376263707297,0.002185302099147836,39.6095506650165,8.571218233154557,0.00045126267886657885,8.179332252857378,2.067543013823612,1.7243815987426139,3572.103,-1969.5969246125674,6389.211015345075,6176.981999999999,10203.3995,73509.18513295709,26551.763,0.0,0.0,0.0,0.0,413835.2813259956,0.0,0.0,0.0,0.0,0.0,0.0,0.0,0.0,0.0,0.0,0.0,0.0,0.0,0.0,0.0,0.0,0.0,0.0,0.0,0.0,0.0,0.0,0.0,0.0,0.0,0.0,0.0,0.0,0.0,0.0,0.0,0.0,0.0,0.0,0.0,0.0,0.0,0.0,0.0,0.0,0.0,0.0,0.0,0.0,0.0,0.0,0.0,0.0,0.0,0.0,0.0,0.0,0.0,0.0,0.0,0.0,0.0,0.0,0.0,0.0,0.0,0.0,0.0,0.0,0.0,0.0,0.0,0.0,0.0,0.0,0.0,0.0,0.0,0.0,0.0,0.0,0.0,0.0,0.0,0.0,0.0,0.0,0.0,0.0,0.0,0.0,0.0,0.0,0.0,0.0,0.0,0.0,0.0,0.0,0.0,0.0,0.0,0.0,0.0,0.0,0.0,0.0,0.0,0.0,0.0,0.0,0.0,0.0,0.0,0.0,0.0,0.0,0.0,0.0,0.0,0.0,0.0,0.0,0.0,0.0,0.0,0.0,0.0,0.0,0.0,0.0
INS_FR_INV,0.0,0.0,0.0,0.0,0.0,0.0,0.0,0.0,0.0,0.0,0.0,0.0,0.0,0.0,0.0,0.0,0.0,0.0,0.0,0.0,0.0,0.0,0.0,0.0,0.0,0.0,0.0,0.0,0.0,0.0,0.0,0.0,0.0,0.0,0.0,0.0,0.0,0.0,0.0,0.0,0.0,0.0,0.0,0.0,0.0,0.0,0.0,0.0,0.0,0.0,0.0,0.0,0.0,0.0,0.0,0.0,0.0,0.0,762741.3885045177,0.0,0.0,43336.01478935839,0.0,0.0,0.0,0.0,0.0,0.0,0.0,0.0,0.0,0.0,0.0,0.0,0.0,0.0,0.0,0.0,0.0,0.0,0.0,0.0,0.0,0.0,0.0,0.0,0.0,0.0,0.0,0.0,0.0,0.0,0.0,0.0,0.0,0.0,0.0,0.0,0.0,0.0,0.0,0.0,0.0,0.0,0.0,0.0,0.0,0.0,0.0,0.0,0.0,0.0,0.0,0.0,0.0,0.0,0.0,0.0,0.0,0.0,0.0,0.0,0.0,0.0,0.0,0.0,0.0,0.0,0.0,0.0,0.0,0.0,0.0,0.0,0.0,0.0,0.0,0.0,0.0,0.0,0.0,0.0,0.0,0.0,0.0,0.0,0.0,0.0,0.0,0.0,0.0,0.0,0.0,0.0,0.0,0.0,0.0,0.0,0.0,0.0,0.0,0.0,0.0,0.0,0.0,0.0,0.0,0.0,0.0,0.0,0.0,0.0,0.0,0.0,0.0,0.0,0.0,0.0,0.0,0.0,0.0,0.0,0.0,0.0,0.0,0.0,59135.93371699832
EXT_FR_EXT,0.0,0.0,0.0,0.0,0.0,0.0,0.0,0.0,0.0,0.0,0.0,0.0,0.0,0.0,0.0,0.0,0.0,0.0,0.0,0.0,0.0,0.0,0.0,0.0,0.0,0.0,0.0,0.0,0.0,0.0,0.0,11610.089967596627,319.83961589592303,2454.3724962956867,3410.205965972336,1798.5452983131559,0.1075423182945135,1898.1443239464936,3.479827153925137,0.0,3.557434975600461,91.16949593438105,0.0,102.58174159166293,12.800132031465631,0.0,12.168935963924227,3.453375454313294,2.889708609785179,12120.716643112411,10138.098407177786,12484.087169159837,7275.706297848262,59016.71263393107,34754.528015782635,10058.680903010883,0.0,0.0,83587.46291809186,5602.407849865087,19933.283742894673,0.0,0.0,0.0,0.0,0.0,0.0,0.0,0.0,0.0,0.0,0.0,0.0,0.0,0.0,0.0,0.0,0.0,0.0,0.0,0.0,0.0,0.0,0.0,0.0,0.0,0.0,0.0,0.0,0.0,0.0,0.0,0.0,0.0,0.0,0.0,0.0,0.0,0.0,0.0,0.0,0.0,0.0,0.0,0.0,0.0,0.0,0.0,0.0,0.0,0.0,0.0,0.0,0.0,0.0,0.0,0.0,0.0,0.0,0.0,0.0,0.0,0.0,0.0,0.0,0.0,0.0,0.0,0.0,0.0,0.0,0.0,0.0,0.0,0.0,0.0,0.0,0.0,0.0,0.0,0.0,0.0,0.0,0.0,0.0,0.0,0.0,0.0,0.0,0.0,0.0,0.0,0.0,0.0,0.0,0.0,0.0,0.0,0.0,0.0,0.0,0.0,0.0,0.0,0.0,0.0,0.0,0.0,0.0,0.0,0.0,0.0,0.0,0.0,0.0,0.0,0.0,0.0,0.0,0.0,0.0,0.0,0.0,0.0,0.0,0.0,0.0
IND_IT_AGRI_FOOD,1221.2867907590035,0.14368959538935328,0.8926096602863595,1.661564566126218,0.8645531182365924,0.0,0.6934809506966861,0.0004719285037674267,0.0,0.0014482625514826782,0.04941707144341131,0.0,0.04610891222285975,0.012089115471069882,0.0,0.01668687833832568,0.0035112410315405705,0.0010990359962177515,1.952432277058836,2.2819425730359932,2.9158394463868453,19.35362706797999,102.72400866601977,263.82145045175736,188.17162758463175,0.0,0.0,2663.4600825305715,8.517446967001192,201.62413043971307,0.0,588.0442033288332,0.6063534339375871,1.880902103243709,2.5397806886893135,1.0950464414726104,0.0,0.9088289378203726,0.0016822062232530067,0.0,0.0017239675872535594,0.176371273005198,0.0,0.18748880745175786,0.034141367564690814,0.0,0.0319012508188286,0.002554671551292354,0.002080811807622902,12.974765137555652,4.93450153178667,29.978604001655196,9.511717276821408,67.99252533525751,357.5291818445309,82.15947087528606,0.0,0.0,2255.315232953331,7.843835106356713,67.50899679483908,0.0,48546.15429337126,88.33946806774637,301.74315391823166,106.58044889112267,39.21639820326414,9.049193150154645,31.52377220336861,0.08511715389340792,0.008589565627011348,0.07123539326456753,49.79753022445336,6.121797543085055,21.337621660650978,10.292633304435707,1.3630944691589926,4.779461231491639,1.4408781279801954,0.6598015593933141,263.11007020746206,735.0222145660755,6305.204355263331,1215.0016339721567,3115.293027038833,23159.417745546376,972.3555032010859,0.0,0.0,66642.49272112502,848.0189506335712,3354.1879697250297,13498.520257890803,198.6000268858624,0.12153247028386685,0.09717230989020827,0.19891459830266633,0.2234252336370669,0.0011722046492279744,0.04829135187750394,3.696016513745484e-5,0.0,0.0,0.08454723164080806,0.0004779542703821536,0.11332183947141716,0.04290769964980333,0.0,0.030736523270118898,0.0002486246247303634,0.000614227609944803,1.0961539161751799,1.9396503582819056,12.24570435502546,1.011973215410257,15.081209230034235,17.802993535467685,4.25865371789643,0.0,0.0,315.91778720654213,0.059701197937930446,12.395164539455818,0.0,30.228227553305313,0.031670448393857895,0.04367793914575241,0.21203317722853715,0.07254634554187368,0.0,0.04324686043089579,0.0,0.0,0.0,0.059065706927866835,0.0,0.09875809331901236,0.01706856810054812,0.0,0.028976743031742754,0.0,0.0,0.17126683671453105,0.2501277052218335,1.8175950499010134,0.1609996250619084,4.51174190497068,4.684411628241263,1.0100688844153909,0.0,0.0,89.65478424795069,0.07942025769316972,5.1505483180323015,0.0,3101.1521405326844,2.6740392768637475,4.655589637759928,4.219420122117707,2.7457722574110583,0.24287952016761977,4.41717201953742,0.0015296254206804852,5.835620229729717e-5,0.0050127343980205285,1.0914270898129583,0.16934934935611112,3.119137379282617,0.18532521732693402,0.011461653328427157,0.3348019652498854,0.002015716737248549,0.020302532195467966,18.88126847938607,23.6376128701105,120.59785711891116,34.39622485625942,317.81889032863495,1228.8787094802392,186.08717743365835,0.0,0.0,8305.89130686033,7.846439093418597,154.35948875693424,0.0,0.0
IND_IT_EXTRACTIVE,1.4541577894115831,0.12281221543407952,7.421421110836882,0.43100140159510836,0.23711578397388214,0.0,0.1250592028529569,1.598064332653005e-5,0.0,5.919872971350977e-5,0.005418407926558645,0.0,0.004395466099411592,0.001600063945165175,0.0,0.002082346903090745,0.00027703248823194595,9.080044311883036e-5,0.7868783348486958,10.734184072153822,0.4460657958587273,0.37603623826427907,37.92308678061143,1.7755246163680902,1.0796928330941595,0.0,0.0,9.080051806463274,0.5011939776331417,2.7889164599659297,0.0,1.068249840376628,0.04100508540782575,1.0471739047374389,0.244152420787287,0.12426022177733037,0.0,0.12713721746596715,0.0002261488945901506,0.0,0.00023168219452719487,0.005807820160946044,0.0,0.007258235316093716,0.0012010736860565592,0.0,0.0011389304210842367,0.00033397417269871455,0.00027569099869865355,1.589935941834261,10.481465062821162,1.039156975121116,0.4061670581892375,24.462718347333613,3.1853372645599083,0.8369630852496223,0.0,0.0,6.3111987730949455,0.5389390731711873,2.8391995940959744,0.0,126.42480916374367,192.81119367977774,121.05267710226633,69.87062068782083,12.823565198046852,1.228824139984318,4.293869416526271,0.015053489543728017,0.0020535383886562415,0.010723015803102781,2.8994568512951684,0.3403818502385685,1.205593513092012,0.39636136219203294,0.03896031434461991,0.16547822012667918,0.3534840763077943,0.1575856736030512,884.9857638560972,218.30690105060683,276.667243570263,368.07447655171603,1995.2906822334007,534.8066113872013,216.98119175041657,0.0,0.0,1812.132936437532,27.54548652344924,-67.72623918729437,559.6492875371843,0.2886935989410606,0.5407492261728397,1.3490820791825389,0.13119408356719045,0.11177616093729788,0.0004573288185326264,0.017879200841199715,1.4358732789567926e-5,0.0,0.0,0.0024903757743584315,1.899488423511106e-5,0.0013817086174126086,0.0005820237159282033,0.0,0.000376263813566004,2.6064430960986762e-5,5.792972254043722e-5,0.5078621428047195,4.051943419089025,0.1300663112176883,0.14064753038990974,18.85994088623862,0.3765163144298873,0.11093316916938194,0.0,0.0,1.9408581889619463,0.023744897702562263,-0.6157739094827467,0.0,0.03603383170203681,0.001190387645501898,0.2614505996321719,0.02092978188219243,0.02336304477849619,0.0,0.013879570112184856,0.0,0.0,0.0,0.0008438648103880849,0.0,0.001350636696949804,0.0003137781897891575,0.0,0.0004287360235712858,0.0,0.0,0.03009541891634462,0.788321374925665,0.02661043344472742,0.015701065786790137,1.4243416157700115,0.08556781542255815,0.025280841360907066,0.0,0.0,0.194282299524112,0.0235061922230739,0.26507276047817574,0.0,4.00563181827076,2.386192582824523,14.003232597542254,0.7624917531541705,0.6201486279181369,0.033560522256768505,0.6312665872152279,0.00015159913782763563,6.58708188741458e-6,0.0004944495202435252,0.02900287057869769,0.003631683933179173,0.08265405571168537,0.0047925039766748175,0.0007972438689829535,0.014474957226188736,0.00014714412372951062,0.0005351060169845403,7.1964835559874025,54.25784079710791,3.790979018981793,2.7496706650093254,115.55260766322989,14.332497254428436,3.63814531980406,0.0,0.0,23.161153856147543,0.7171734758801193,20.951449162975216,0.0,0.0
IND_IT_BASIC_METALS,12.597852772198632,3.4022064979528692,1466.6144791590518,474.26812130285816,90.91771996803944,0.0,18.793359797420475,8.707583934747086e-5,0.0,0.00034309255750613016,1.631232998114605,0.0,1.146091820032462,0.023571255067062175,0.0,0.0408169546146653,0.00398744121573618,0.0010583470485359967,98.88713393881709,22.732796170154078,7.473478129960759,9.63071050269518,797.6404475577418,52.22136017955491,3.212962503597737,0.0,0.0,18.444754898521726,1.5363717783354833,16.83555885077955,0.0,11.112313170182354,1.1811708551166984,390.01690936049386,441.548287166175,82.10371164338464,0.0,35.189392791915665,0.0322251134767064,0.0,0.033184461079252894,0.3840260354229889,0.0,0.7691523727384103,0.028594529909852912,0.0,0.026009943804367264,0.23669670893480382,0.19581513360997538,274.0778100526113,72.01778758863459,15.00143096850683,5.809655768746334,503.1686525731983,209.35693785937858,4.524634975330632,0.0,0.0,37.87069837172882,2.3588399260003947,29.395805328004272,0.0,262.27636226621297,20.237770491796855,5936.758082011797,5673.5078699069945,1368.6048478695914,58.658988774138706,204.26657427700985,0.2341973750587383,0.04149267892449217,0.20070089649823586,12.236786121580947,1.0357264165574647,3.6280367477658193,1.7452608315921168,0.19290271342824114,0.702266254721489,2.68166495030089,1.2328786558675378,1983.6090488436423,975.997149569684,670.0925229555336,277.18583473638995,6470.590487070603,2264.85665974942,747.4054621123666,0.0,0.0,1292.3336305821322,65.45801432638413,417.2859689524202,7920.521091199882,6.615310617360657,2.3270489240166157,113.34252841402885,184.64233041291084,46.122641628179466,0.12123628165834581,4.930500176375446,0.0001630118356264908,0.0,0.0,0.3377771538011896,0.00010061518399815093,0.15850738293546252,0.021778861353120703,0.0,0.009868943799696675,0.03609893079843237,0.06812922314967826,34.9557678472248,21.34522391189947,8.138247054919391,4.92151366574425,169.00510474174035,14.197137733533944,1.6273585300564424,0.0,0.0,8.278237174761447,0.10398157960149423,18.90083123451999,0.0,0.8536438404559636,0.049438292143295474,80.12019333598447,49.220706080107036,6.107366284894858,0.0,1.4674397942694757,0.0,0.0,0.0,0.1745186559648443,0.0,0.2795770335226296,0.017993851959531633,0.0,0.028402779030420672,0.0,0.0,13.169210094773598,3.541528320295721,3.572674009170496,0.4462963782841319,85.1365846420497,13.650106025072406,0.12479006447674218,0.0,0.0,0.9411754810943054,0.1015861068084314,-1.0733321225578984,0.0,43.4005240401997,26.93522168504741,1626.4159773162698,1572.3145118572559,509.40512207399286,9.907200282886645,176.5934008280898,0.0008445963083265697,3.1022590114398e-5,0.012035027264044068,1.2487486585384457,0.10814351005263668,2.0240781967811388,0.042861510488383346,0.002219009867714663,0.1269503050023518,0.033852085078774845,0.13503998295673736,872.8127711542576,119.22076111116213,60.004081848633895,53.46574560116165,2301.792555579579,149.8528593135286,22.485493162746625,0.0,0.0,114.24082842159793,2.9406058300754885,208.36468796052682,0.0,0.0
IND_IT_METAL_COMPONENTS,41.04669310768263,2.4036170852656578,120.4136706936383,244.98824850257742,35.524374735921235,0.0,16.328662071247788,0.0002564339509693325,0.0,0.0015088313846033884,0.9931206261756439,0.0,0.7042150871482924,0.03560251226698247,0.0,0.06101249973724593,0.019480081965368747,0.0015945691182939563,214.5277603564494,23.49537034838132,22.185509834842332,14.559876258724396,538.0423040961439,52.21048634783841,20.449969509040685,0.0,0.0,145.42972363853156,5.825905011279372,532.2575123008548,0.0,61.47781647830565,2.0670013899277846,57.05896981395998,218.1931858280677,35.47221787667273,0.0,23.202789719985816,0.020165394646758174,0.0,0.02083984654009205,0.3295685932382265,0.0,0.6126747150625212,0.05167199637027351,0.0,0.04795755337249786,0.05684182560042863,0.045947885026982084,331.06090239028043,37.30552857349373,33.228605661344055,18.820929160968003,485.593589302195,233.01112312032103,46.17892424971365,0.0,0.0,307.35630692836656,8.896570428946069,142.12433479433668,0.0,533.0374653445657,17.513329296864214,1374.8450382168865,12861.781457254003,1041.2061428283318,143.54873631355667,499.8489451332038,0.44247250774540087,0.09427031835131046,0.3815706281538282,13.422826093791755,1.2531635162077044,4.381865740451203,3.028356576795922,0.34044715834483236,1.2141621865623804,2.670059336273241,1.2289059011551242,3903.661075444292,1297.9931418353312,954.0007031435745,1286.8445291461098,24821.531333118495,3828.0469277691595,1594.332969623321,0.0,0.0,2741.404852586252,56.51725462534108,4896.142034757813,8481.742995791265,16.566139287313668,2.8647664666561985,10.990854232359235,50.130685933922045,14.837782605348556,0.04931499955877116,2.175072271116249,0.000872389693756552,0.0,0.0,0.4947944170477133,0.0003078782646240651,0.17055623440765075,0.020838991389871407,0.0,0.009946644702639566,0.002706076400227682,0.010718434877313505,75.58040471373592,6.1212920624137395,8.478784412884199,3.5446401183505345,152.18712956734808,23.873219241600083,8.541086647806738,0.0,0.0,36.30922990638701,0.39545323795834997,56.50639227635214,0.0,0.9836655011958304,0.0542660870737884,7.600430241108754,45.43398381878544,2.95487851936663,0.0,0.702975400005998,0.0,0.0,0.0,0.17673224425948594,0.0,0.27622198173687273,0.03793600653006434,0.0,0.05988862561331518,0.0,0.0,8.506291091409219,1.216753502057079,3.725374555213019,0.422344466144294,136.75382437064633,7.5982408679913895,0.3938522657121303,0.0,0.0,6.8608520701860165,0.38211219732867574,13.239655029510878,0.0,252.90279069296687,41.14044738160594,224.72528312134236,622.1091919845906,136.38643074851834,4.067071737057286,72.53614581231109,0.007299897485086914,0.00011074729109269693,0.03969147434313015,1.8074054528098515,0.18345986768171976,3.357561502869487,0.15316713571446658,0.016158551960295264,0.40006345288230954,0.015570114591294563,0.07162012329417297,770.1767012655932,97.79812832288023,133.96112133550938,98.77578512862479,1613.223534674147,311.5407281668225,122.67519330891358,0.0,0.0,742.6412735803552,12.897042654081924,887.443783614896,0.0,0.0
IND_IT_NEW_ELMA,5.158717321181258,0.576300119999005,17.59830496819948,16.94811508448767,182.11941505913205,0.0,16.1847675388506,8.657893320514079e-5,0.0,0.004260104229619788,0.7591220323317518,0.0,0.5325517139346174,0.0057567131856057574,0.0,0.011913753456084093,0.0010852932026943654,0.0002953631769470838,188.47738090959658,49.64547192489453,8.883832185436464,6.3210328510277725,349.73490753857527,44.32580913103487,7.34369140943225,0.0,0.0,173.52860410259973,2.1807562280973065,355.01653357849455,0.0,12.873176683951579,0.6553083755559865,13.260184139624434,38.003968040475385,57.03206525672808,0.0,28.845637976751693,0.02032504347162565,0.0,0.021005062551851486,0.33639392672215207,0.0,0.4308368667892692,0.06634602695056077,0.0,0.062464086306808594,0.005214942680578977,0.003029182554326518,184.6185508115432,22.367595107819554,51.863373576504074,19.841232949428978,276.5715260330303,190.70714308595228,9.045812338431356,0.0,0.0,290.2265908475635,3.3101517051642158,142.5901660490161,0.0,173.88706846459078,7.029642050592337,149.35555301273257,609.9762446010708,1603.0702888549554,82.97478853390751,288.9345171684542,0.14155966046767482,0.01927567633227664,0.12047098535542489,4.048472987360055,0.36751285579514364,1.2990275187573406,0.9712242952897349,0.10554388082325518,0.3970981077662546,0.41410751794440087,0.18583332507162567,767.4906813793755,395.02052512666205,387.10574216438823,331.22285800269407,2850.944301852212,2183.3645623492994,261.4168912317368,0.0,0.0,2202.0468944317413,53.68696409604187,1074.014470095796,6326.885094969433,2.858097162724566,1.1906241040151888,3.999492200097505,5.176138206466003,71.41761915211046,0.3254665597335265,12.686671163100376,0.02559303323376104,0.0,0.0,0.1735870489259288,0.00010522357593573341,0.06799554208689468,0.02316976945939279,0.0,0.012132111860167195,0.00036631488684698616,0.0007742828947317552,32.373524793865386,2.6747299305680725,5.196774328951733,9.232901232775585,79.6126977737134,14.591968949081274,7.46506055434068,0.0,0.0,65.18247589793097,0.16991365289056293,68.4516795591782,0.0,0.3073552201127127,0.05449613895820925,0.6253846376108007,3.869564297801582,18.512484082820816,0.0,4.585976560547,0.0,0.0,0.0,0.053819972692235526,0.0,0.08408062747341484,0.02337347675708663,0.0,0.038680745271882325,0.0,0.0,4.441255605114587,16.544948696890053,1.5193459672443703,0.36072410359786994,34.26395554264112,7.83029547659647,0.24816845976571453,0.0,0.0,11.024116076233586,0.13949108305500912,20.263206136586803,0.0,31.415076744224958,11.563733743011992,28.39757617041116,46.777826328793964,336.86025094832473,6.998724590303601,124.77343286446651,0.011826559448615022,3.948437347937213e-5,0.053908483805294026,1.4234025940671817,0.1358712632261766,2.5127796568261114,0.16182560307318083,0.014143321736091787,0.3658447340024722,0.000987786786924327,0.016592973004019754,449.5611943153625,88.79504841674425,104.59148033142235,55.47089320464568,846.6385712323164,279.01937621601627,45.023540670849044,0.0,0.0,1038.0432489926793,4.765353738694628,1146.4924427594215,0.0,0.0
IND_IT_NEW_OFMA,0.41404720241435006,0.023914247818307987,0.2763792194233332,0.5390789307841394,3.5494821272911574,0.0,6.501143919573038,1.6761299998610475e-5,0.0,9.584367049071369e-5,0.04309743614091569,0.0,0.03149169381262849,0.0009659387923009611,0.0,0.001396792295292329,0.00018470359394192015,5.799239109499709e-5,2.4481175285725754,0.8269437065021861,0.6009965447894242,0.39416567373684547,18.387636824890723,4.358797451293206,1.4838491280046417,0.0,0.0,21.780293871607803,0.8609376487337326,51.37659824409246,0.0,1.0754902475518824,0.05606638448014566,0.5610496928088629,1.7183101634541968,3.8155796493207603,0.0,6.299951038452125,0.001040447657427048,0.0,0.0012262990438039678,0.024118606875042824,0.0,0.0351333655213615,0.0015868029510984203,0.0,0.0015062450429747542,0.0003862772216038359,0.00030908584054145427,8.177660813618278,1.6038729763893214,3.7316812458219264,1.3240676401772677,44.15970176049819,22.078497773450987,4.780447993127035,0.0,0.0,40.51027934188076,1.1081649250450876,27.5772594058604,0.0,22.376951405936115,1.9784902496672805,11.995057561756875,26.27771772850462,29.083408648165886,17.721650404359316,61.71625597352976,0.07679735037512454,0.007690438874689289,0.06493915056043806,0.6093489093400489,0.06272054113916925,0.23201658974729863,0.16569705378493288,0.014984144494350805,0.06508789564295688,0.04644594690352235,0.02049701330592705,127.61676016805835,48.668254517139545,68.12162247654426,49.41794069244442,234.51589611680066,398.48922068519016,83.71538040096439,0.0,0.0,347.07975709153624,11.325739624159809,266.38658914955425,792.9956493664912,0.21970222461831956,0.039447364922403985,0.05356895723642644,0.22580755041638825,1.0226591434597334,0.08274971440835302,3.375642508060215,0.000228841952312357,0.0,0.0,0.005597711741858025,2.071622445211811e-5,0.0018170710640290331,0.0006726756141226494,0.0,0.0004097576032399962,2.7694116947158696e-5,5.822452406923378e-5,0.7927237440053356,0.07820595349142037,0.29581589460735735,0.26137755484696434,4.3868110299624075,1.7381265266001267,0.5552155726218193,0.0,0.0,8.709282662882393,0.030666820421507444,5.885378427708644,0.0,0.03116379457000071,0.0014315093974171566,0.009098573271042661,0.07277717984485058,0.32796897242874484,0.0,2.921072061157769,0.0,0.0,0.0,0.002951575738384328,0.0,0.007404644936367385,0.0004293161406517406,0.0,0.0006535108616475065,0.0,0.0,0.09115033796330187,0.15931597713744833,0.1655391207573339,0.011803859741642206,2.452949575874554,0.35507808617811376,0.09827539255317319,0.0,0.0,1.0945698020334322,0.029487717549348546,2.094514811108859,0.0,3.0023579458731677,0.6427831847607205,0.7959379275222224,1.7834107634013012,7.396010244290397,2.2518700177011017,40.179840331729416,0.00023950328149993985,8.210743346727963e-6,0.004491969045084494,0.09096484899996495,0.007031124957070926,0.19600850870362482,0.00969498421836733,0.0006506527853706143,0.026882813306737245,0.00013552588498651224,0.0005934779274486622,11.77757462539608,3.107590200233445,8.468822102123776,3.641812653111164,61.94218427397587,36.21184259279788,19.604216050470576,0.0,0.0,96.27020960365354,1.1631606195022224,172.09840663259203,0.0,0.0
IND_IT_NEW_RATV,1.4485425647702859,0.08327043836239438,0.9689804878713949,1.883784977655077,12.367172267352863,0.0,22.644973224350554,5.836395878005926e-5,0.0,0.0003337325211042678,0.1601811073887645,0.0,0.11991317908467153,0.0033634428141860375,0.0,0.005856941105405268,0.0006431557767123414,0.0002019346714747927,8.532142660474413,2.8855479085820157,2.0994816397330465,1.3798569404636298,64.0304015634136,15.180675166339832,5.172918833266386,0.0,0.0,75.84501944085662,3.0085610075291362,178.9122342185197,0.0,3.7503737025078103,0.20393020892943026,1.9609672482360996,5.990399918243539,13.293639846361593,0.0,21.94410433763741,0.018809900493397945,0.0,0.019396724430080337,0.09440832974506831,0.0,0.13264475729689856,0.01339337322277268,0.0,0.012243877488516281,0.0013450335373466262,0.0010762496386070694,28.481569491404038,5.590881477734066,12.999845127841212,4.61651065991913,153.76649928670696,76.8763003065914,16.651621704524324,0.0,0.0,141.062469186301,3.8710893048030206,96.04152134853669,0.0,77.92484760196977,6.899215620649004,41.77371206457472,91.50853011485714,101.27722376328357,61.716665744380876,214.90643028833975,0.2930295943214779,0.06143662538049697,0.25254633647835323,2.1321188906064337,0.2313947925490679,0.8191952711119208,0.5906026843335604,0.06352570485099056,0.24223451862869388,0.176378769634608,0.07748827115813703,444.3696919084811,169.47049042193225,237.20886361926247,172.08239310200815,816.5871923229814,1387.5347758234402,291.48967689133946,0.0,0.0,1208.5218097471277,39.43663297690615,927.5737962818039,2761.0732780940984,0.7713712354783551,0.14617730465750517,0.19457133688478823,0.795349836801689,3.5701097534367188,0.30336942098769754,11.765283169980052,0.0007968360274057558,0.0,0.0,0.030109554913329128,7.213506772107847e-5,0.010649884661962629,0.002342291978797298,0.0,0.0014267991897347044,9.643232800978404e-5,0.00020274171086808723,2.7686460457921895,0.27866654474433145,1.0369520208836924,0.916126377591383,15.277320926236158,6.047461943428571,1.940288473767105,0.0,0.0,30.348443892130955,0.10760270452560458,20.510887126872667,0.0,0.11240452288076586,0.004984571890973072,0.033166950071416304,0.26225002979021744,1.1519173978677812,0.0,10.181788998650475,0.0,0.0,0.0,0.021543792452619434,0.0,0.036692604444051834,0.0014949027737876754,0.0,0.0038658364476055825,0.0,0.0,0.3259184517662184,0.5607096648329002,0.5833413506099219,0.046185604830778604,8.539839818689902,1.2249830825976746,0.34662528853270796,0.0,0.0,3.8195789929638284,0.10267677476170127,7.316677403118296,0.0,10.402951945965265,2.2265663663679915,2.763232932687358,6.201092925812715,25.74902473055392,7.849202650980792,139.90187351298465,0.004827442568854565,2.859002425560956e-5,0.028184746565303793,0.32517842181039164,0.03492332115935389,0.6901044669068436,0.04370425437669474,0.0022655955880171584,0.10208941391540982,0.000471911727064726,0.002066535367157084,41.0041624477973,10.778614566028757,29.456032732167124,12.610172960567013,215.50563347595,125.72882947953312,68.20778221436662,0.0,0.0,335.2151379660223,4.05700406014021,599.2561085965967,0.0,0.0
IND_IT_REP_ELMA,0.0011521455119496379,8.098176272499635e-5,0.00044985377395294845,0.0008029301116606234,0.0016102028609036383,0.0,0.0010451519680194751,2.1102133291314e-7,0.0,6.780092133384449e-7,3.3058350367134794e-5,0.0,2.8491590785849158e-5,6.037727754772606e-6,0.0,8.335098796100243e-6,7.680888725796577e-7,2.2802097209787646e-7,0.002589806402881216,0.0009676969883050618,0.0015147952113020798,0.0012791477132207305,0.018776362753570284,0.003992745141918418,0.0012257696647999805,0.0,0.0,0.010789896761767972,0.0008365165348775688,0.01604914143903139,0.0,0.0026208849190003597,0.000152453560795205,0.0005017742227922675,0.0011916953390473217,0.0010197373988263551,0.0,0.0011493120499389282,1.430899572093431e-6,0.0,1.4733189691376721e-6,2.2121191129226565e-5,0.0,2.749418402666175e-5,3.64865172428259e-6,0.0,3.4491657118306117e-6,1.192407644554884e-6,9.747380598227511e-7,0.005247344326668712,0.001344890387007118,0.0035034929873603063,0.0015783953219734692,0.018735419611216872,0.01167670551494047,0.002789141731208761,0.0,0.0,0.016715853955176708,0.0014236715887393627,0.009793740772250589,0.0,0.15791091997918538,0.014422087386459812,0.20003439272721457,0.18510126568570795,0.08212374556900348,0.009729930983164527,0.06046675415095664,2.5283404345952972e-5,5.5618410153182515e-6,2.1828704059768753e-5,0.0020307015532143174,0.00023704960787593142,0.0008277716036712966,0.0005463339952348283,6.549731022719567e-5,0.00023034308308401657,0.00018256578460217095,8.403171341029915e-5,0.32970668120215746,0.3584141748837971,0.3743483425233319,0.2852045119659555,2.3302730891229824,2.4653512732711893,4.266357001209636,0.0,0.0,9.809860036681442,0.10732328818772885,2.156500377282711,1.1748262844810327,0.00034252373516343925,5.220986587421059e-5,5.597404652817766e-5,0.000192907003275691,0.0005295599321846725,1.0831615313933264e-5,0.000424710484848796,1.5573791764137198e-7,0.0,0.0,1.2814318235582248e-5,2.1704347295103137e-7,1.1730746582293935e-5,4.628644008242672e-6,0.0,3.302486435959192e-6,5.138348362575573e-8,1.3174850721202805e-7,0.0007828489637047515,0.000100639950598733,0.0011389991130573516,0.00042438875364702065,0.0033006415867606787,0.0008886011715936746,0.0003210474571561756,0.0,0.0,0.00331890069949357,5.194292181837022e-5,-0.008823080288136168,0.0,7.952268850389919e-5,5.765399398499992e-6,2.593464361517272e-5,0.00010928337437563732,0.00016108718229503242,0.0,0.00034096910848297715,0.0,0.0,0.0,5.646477759280172e-6,0.0,9.157678576441264e-6,2.4845519948483548e-6,0.0,3.5842347285484527e-6,0.0,0.0,8.652627592231746e-5,0.00012353830406273766,0.00018044567416773346,3.5559827083243855e-5,0.0014395371527832752,0.0002950591300652502,7.254328939415991e-5,0.0,0.0,0.0004471490054278189,5.932008744763426e-5,0.0008942913468946522,0.0,0.019455707674514256,0.0010182816968312219,0.0013719539204157822,0.002174925060416393,0.0035509535857966286,0.00037492845172417,0.006690835678039412,9.228406910931354e-7,3.155399168827769e-8,3.4233016735320383e-6,0.00012078828215377734,1.6770935837306083e-5,0.00030550704932454597,1.5643233574104186e-5,2.5474167556050715e-6,4.908789121827661e-5,5.219526825030625e-7,1.9938416218923106e-6,0.010396631195618296,0.012960196324098087,0.019028544632234,0.027236473696979947,0.11655251590021193,0.17149734889458995,0.0271655993678391,0.0,0.0,0.05307269578176453,0.0018481097081814873,0.05732979938175378,0.0,0.0
IND_IT_REP_OFMA,0.00028489791906784493,1.997482765237573e-5,0.00011053845532849876,0.00019372320684878642,0.0003864572277208262,0.0,0.0002528289739235895,5.234934369131726e-8,0.0,1.6790820829135706e-7,8.109265542919142e-6,0.0,7.005366263700501e-6,1.495078511670527e-6,0.0,2.063518227899e-6,1.8968788003731245e-7,5.638282666812971e-8,0.0006251489847109158,0.00023682346548023982,0.0003766562441356461,0.0003170241218239136,0.004610650457397572,0.0009847959417847395,0.00030153000372420345,0.0,0.0,0.0026396036819382653,0.00020578731492529895,0.003898286028384877,0.0,0.0006488344853200076,3.7660026055256906e-5,0.00012294371341137333,0.0002886954926633592,0.00024601229093932617,0.0,0.00027769347957262903,3.502373179036774e-7,0.0,3.6055468623453775e-7,5.434432057215833e-6,0.0,6.745514580293781e-6,8.964406176167844e-7,0.0,8.475002409155612e-7,2.9395432661374e-7,2.4037330213712965e-7,0.0012786171692370676,0.000330467262270594,0.0008642599438445611,0.000389728865335924,0.004581765341449048,0.0028680093595117176,0.0006875886769010092,0.0,0.0,0.004078793002571698,0.0003507563410195166,0.002389661360315776,0.0,0.030764416560787485,0.001254057799324526,0.040934802419642674,0.03672401531015058,0.011536537937379672,0.001007001928302907,0.006103102601788028,6.177775652962308e-6,1.3632859445765116e-6,5.334287588057028e-6,0.0005049249567652203,5.8813362699794746e-5,0.00020580402240224631,0.00013573903550149932,1.6195929455261687e-5,5.711157269047036e-5,4.51470840184558e-5,2.0768312865629547e-5,0.07274923258634777,0.08013904337348132,0.08443932342094541,0.06202356191842348,0.5660376454085893,0.600162133343029,1.0404299209739991,0.0,0.0,2.4072154623684985,0.02638178473662273,0.5120207437180008,0.3208952885944106,8.408454716691401e-5,1.2760908313999424e-5,1.356136047655131e-5,4.6574412789513656e-5,0.00012632255620703204,2.594947384740285e-6,0.0001017180365073838,3.702372439558829e-8,0.0,0.0,3.1517076668529515e-6,5.383079819052776e-8,2.9047882956919223e-6,1.1461768078819432e-6,0.0,8.182619231988299e-7,1.2660673606272134e-8,3.2395093600808926e-8,0.00019004051994653577,2.463236926759368e-5,0.0002835421372839497,0.00010466828600304677,0.0008056469229732418,0.00021764021147031718,7.844440434508531e-5,0.0,0.0,0.0008094701785287733,1.2789232216482716e-5,-0.009373256127787553,0.0,1.9629248295757826e-5,1.4242214990646574e-6,6.361859239559661e-6,2.5974177812542386e-5,3.859401535135739e-5,0.0,8.17981954389423e-5,0.0,0.0,0.0,1.3902921805441256e-6,0.0,2.254355753661493e-6,6.141001727121055e-7,0.0,8.853017032285042e-7,0.0,0.0,2.0953165089291942e-5,2.959008910398421e-5,4.4759303561802305e-5,8.78866533911992e-6,0.00034994193367039945,7.249947792884162e-5,1.785687204966474e-5,0.0,0.0,0.00010895667186667622,1.4626461462254929e-5,0.00021807567610615083,0.0,0.013209566573369249,0.0002510073047155322,0.00033698104319899286,0.0005264089431745126,0.0008545933081695984,9.071777498991632e-5,0.0016211185589782998,2.272729763450125e-7,7.807292570921378e-9,8.395961200096989e-7,2.985775837187769e-5,4.14172677133979e-6,7.579328724145633e-5,3.85420661090397e-6,6.295798688804617e-7,1.2120776332988596e-5,1.2889263346483777e-7,4.914393139649726e-7,0.002528894835099376,0.008948124042175487,0.007728791673799957,0.020672384128374955,0.07295856141963118,0.13892201331703297,0.0158071494550189,0.0,0.0,0.01298152438366042,0.0004558801947786715,0.013966285599697998,0.0,0.0
IND_IT_REP_RATV,0.0009993352088591102,7.023149673544943e-5,0.00039006838924866957,0.0006956103553085074,0.0013946508312642951,0.0,0.0009055896491414753,1.830588020713942e-7,0.0,5.881166894844467e-7,2.866252618850471e-5,0.0,2.470581921736587e-5,5.237187938832093e-6,0.0,7.229892185949047e-6,6.661606641976468e-7,1.977736338003228e-7,0.002243693100434335,0.000838934193644147,0.0013142649362053154,0.0011096184762575127,0.016280424303832048,0.0034627610085107134,0.0010629124421061295,0.0,0.0,0.009353835628770547,0.0007253718051987919,0.013908417689146777,0.0,0.002273404057314272,0.0001322248862716345,0.00043502936371854966,0.0010326180620518,0.0008834420720052127,0.0,0.0009957748834132927,1.2404900585698539e-6,0.0,1.277253926040336e-6,1.918088621589864e-5,0.0,2.3838216528921994e-5,3.163678561056025e-6,0.0,2.9907198836289434e-6,1.034082398852732e-6,8.453278760667253e-7,0.004548141154189152,0.0011661537147656046,0.003038478741920734,0.0013689573619346377,0.016241713260774733,0.010124763943424441,0.0024188701902883797,0.0,0.0,0.014489299388404998,0.001234603807016053,0.008489215153529682,0.0,0.1355801473042483,0.010966430114804237,0.17207608654377893,0.15903204072251978,0.06975886209821514,0.006929961016932079,0.050959871923391395,2.191717507703058e-5,4.822045476360191e-6,1.892253795682049e-5,0.0017618599045267067,0.0002056430230956175,0.0007181801141876805,0.0004739903481414239,5.6809738783516945e-5,0.00019981974746355945,0.00015835099129126725,7.288364463171671e-5,0.28450784650267863,0.3094604449118747,0.3233402694730757,0.24595654621889732,2.019525710128397,2.136812241127713,3.698101615290533,0.0,0.0,8.505724252243317,0.09306663820048389,1.8669190155355313,1.0234839401462414,0.000296985320682014,4.5258996579473424e-5,4.850188724449428e-5,0.00016712710717437917,0.00045853271233577586,9.380905724189762e-6,0.0003678228265204409,1.348280249128849e-7,0.0,0.0,1.1111694845880197e-5,1.8828077838602746e-7,1.0175505837994934e-5,4.014944649375781e-6,0.0,2.864700292392887e-6,4.4559622126592107e-8,1.142407054254152e-7,0.0006784103027904144,8.724816021643347e-5,0.000988269207495179,0.0003680579185036863,0.0028610339466115867,0.0007703869151247064,0.0002783029643148694,0.0,0.0,0.0028767643144983566,4.504319553644425e-5,-0.008846019160661509,0.0,6.896857685418488e-5,5.000388798209454e-6,2.248572947217138e-5,9.460908109987814e-5,0.00013950986559342358,0.0,0.00029532185129686815,0.0,0.0,0.0,4.8964930571661906e-6,0.0,7.941270294345024e-6,2.154938413287553e-6,0.0,3.10862971796905e-6,0.0,0.0,7.497393015087722e-5,0.00010698934709400001,0.00015653958153183774,3.084316897210478e-5,0.0012475715093173227,0.0002558472098560407,6.290711950826614e-5,0.0,0.0,0.00038756316165800177,5.144403605691936e-5,0.0007751479489127165,0.0,0.018466292363433678,0.0008830952483894704,0.0011896025948416459,0.0018845188735473217,0.003075978709620487,0.000324866299213597,0.005797851708122354,8.002723531848755e-7,2.736920340560254e-8,2.968051156321353e-6,0.0001047666180893523,1.4545496967282248e-5,0.0002650329084039422,1.3565848010728974e-5,2.209446197911513e-6,4.257440408229467e-5,4.526864763644084e-7,1.7290905783107036e-6,0.00901050754993485,0.012358141458723453,0.017135924007691216,0.026204262478934436,0.1090678319092272,0.16607877320279898,0.025277190091864177,0.0,0.0,0.04600874876767921,0.001602773723879598,0.04968984678400919,0.0,0.0
IND_IT_REF_ELMA,0.9056059509280932,0.026199590260614275,0.6396598997999272,0.5242825467793601,0.4464693244956589,0.0,0.36491341071355843,1.7165605263896175e-5,0.0,5.6710188384339206e-5,0.031540554417743304,0.0,0.030948868620710914,0.0005711292588632616,0.0,0.0032895480001140847,8.707363178146777e-5,2.5098855246966098e-5,0.5140768021595342,0.4966635134952606,1.5538549481374906,0.49317963697748246,6.491033825300157,0.513086554981653,0.19222743076384663,0.0,0.0,1.873673694146561,0.14296458137877402,2.2633360050750717,0.0,2.1645219037472714,0.04046631854267723,0.35194020780097385,0.6901487604228226,0.25727945339074487,0.0,0.25322356355152476,0.00015035731493877774,0.0,0.00015459033237946515,0.01259850778327327,0.0,0.01489432151641935,0.0004661811596852902,0.0,0.0004420681657504646,0.00022065527882610844,0.0001812038381939395,2.368601510309536,0.44856606124907933,2.239076773011681,0.6865770938656676,5.9612985930613105,4.00472387501614,1.3041975436635478,0.0,0.0,2.7377833040007657,0.2227776965496355,1.38934743020305,0.0,118.32418555484112,2.604633921091176,35.23010131874655,35.111950129816634,17.356441655272196,1.7268353443417468,6.027876413329617,0.0026321209144421908,0.0005867011969679515,0.00227345329718453,1.843537421370558,0.21219873076550685,0.7591834736001012,0.2468506876523367,0.019702835261073064,0.09837039148099241,0.12988875356106883,0.05423575286733712,71.25931855191247,44.05664777356184,171.01826526347915,67.42815825692398,354.97894020949707,259.25386993867716,68.12741936876051,0.0,0.0,874.2008662479674,16.152702122419274,370.3618158022463,104.37636805900603,0.09004322599441379,0.009193239587206116,0.039278375121586065,0.08762078552617218,0.061746979038386,0.0008549751023873706,0.03369392427208373,1.2055114443385953e-5,0.0,0.0,0.010977280204887762,1.830550257696378e-5,0.01666291488422621,0.0004259185636652421,0.0,0.0002947812775582521,1.8404902928772338e-5,3.945005235715875e-5,0.1365833338747074,0.020492335729863122,1.0192608121247306,0.07471939980047752,0.5997542924167641,0.11739500915214389,0.04378177735386028,0.0,0.0,0.5029167997159004,0.00931258503591525,0.3532257272828,0.0,0.037365809361782236,0.0005941732225411668,0.026952430121351158,0.043576903942060256,0.017107608223947947,0.0,0.026327204397100356,0.0,0.0,0.0,0.002080148527305099,0.0,0.00763195081073425,0.00022286213823005966,0.0,0.0003251065037393438,0.0,0.0,0.01666585850429594,0.012738368154484718,0.27389495980171846,0.010186310381612497,0.29856134473848567,0.0767082132461451,0.009179924436759829,0.0,0.0,0.07729324020759987,0.009518017476873579,0.12826182433184738,0.0,4.766534226981886,0.2832261034630658,1.3003162812414715,1.6074270253213645,0.9540455944749213,0.14050428585724314,2.598389806594236,8.80179047084759e-5,3.633337285489052e-6,0.0003217750195787333,0.13065361584651103,0.015087115745503858,0.3778572402104252,0.0024529067611459322,0.00026727777160367614,0.013306098459680246,7.408108578790873e-5,0.00028950979659722625,2.7610931053838477,1.2907895961917806,11.947242358966419,2.7592814278321915,17.870791183969178,11.035711271873074,2.3293260690882125,0.0,0.0,10.990126951484571,0.42386739555216957,9.198906851689662,0.0,0.0
IND_IT_REF_OFMA,0.10600495062417709,0.0011457400819738616,0.07164090191189904,0.05402300958478103,0.04503678330982909,0.0,0.03794808353293046,1.9899539601718256e-6,0.0,6.476778669591534e-6,0.000413538199489882,0.0,0.0003408171369733748,6.630980025687753e-5,0.0,9.423888862614163e-5,9.71992553832526e-6,2.867000479246126e-6,0.047100762745747794,0.05482054492618564,0.19064345710094613,0.045843279901427024,0.7550526376884504,0.055308558266868195,0.02043771731457941,0.0,0.0,0.20482289382279412,0.015213967073227513,0.22800153011061117,0.0,0.26299542039412094,0.001982067955068119,0.036621710652358724,0.07481207164729067,0.023411193902949087,0.0,0.023133532372977557,1.6079034741872058e-5,0.0,1.652661151197248e-5,0.0003157606564389996,0.0,0.00040584876499365566,5.062677300168818e-5,0.0,4.801177664332496e-5,2.440902225920168e-5,2.0065152619484455e-5,0.2748490811198092,0.047936204990084434,0.2716556561119151,0.07832277791814524,0.6922793973614303,0.4802790680978519,0.15387113596081523,0.0,0.0,0.2911350338957803,0.023792775954831754,0.13313875023131969,0.0,14.09945752092616,0.27657840115485094,4.3575851642677605,4.154409703526951,2.033611860230789,0.1982839227550305,0.710004446488495,0.0002899604740781681,6.506758365845285e-5,0.00025051077306597176,0.2145548204038988,0.016960896251231986,0.08401821311659614,0.02015454416676668,0.000832382254459028,0.0029347299613658355,0.003837399084041912,0.0014037926143200897,7.36135888842007,4.489731318437869,20.63246567864763,7.792308617306937,42.1793134565605,29.99574186574825,6.905820357564588,0.0,0.0,110.43667221974674,2.0079253883660666,35.269701525780434,12.118876862276046,0.009998105464090336,0.0009573052606355532,0.004560935160516664,0.009548548607413346,0.005839650308458415,8.527384204563993e-5,0.0033627798171924355,9.93007445001352e-7,0.0,0.0,0.00017406205388247826,2.1097517856425702e-6,0.0001294612994481937,4.891192659012272e-5,0.0,3.404795011448077e-5,2.108697657072582e-6,4.439592410570117e-6,0.013507595004004311,0.0022446100474176373,0.12311980615509253,0.007729242288487061,0.06109921290469747,0.012198634503756873,0.004574915626015353,0.0,0.0,0.053446149064825726,0.0009882367643742763,0.03636127992383527,0.0,0.0018121116661388415,6.658735084572422e-5,0.003112278546404527,0.0037311804682668057,0.001617796602675152,0.0,0.002677774889681368,0.0,0.0,0.0,6.887116525311574e-5,0.0,0.00011077256745011397,2.5085493445456114e-5,0.0,3.640496049554033e-5,0.0,0.0,0.0017018761039687524,0.001111137633066546,0.028907113740363283,0.0011702281404241553,0.029011334766725697,0.01189309035415974,0.0010161467813517887,0.0,0.0,0.008260872741392158,0.001018175574633857,0.013284414642594597,0.0,0.6065481319440632,0.03428991989989213,0.1579032026094125,0.18824826099094064,0.10753326865232893,0.01074503121124862,0.317161342580335,9.650193608848543e-6,4.0094238877291695e-7,3.478828299406077e-5,0.009883645145737637,0.0002093571204119937,0.04158033698819924,0.0002016792108636045,3.035413904144259e-5,0.0005985444815245074,8.235050278798752e-6,3.199824861839916e-5,0.30384042215059004,0.16778304486315843,1.5153577199120494,0.3402291176386,2.1640719427898203,1.516517065494306,0.29160174020011714,0.0,0.0,1.2184410728485877,0.04277950643362585,0.9893591857410364,0.0,0.0
IND_IT_REF_RATV,0.38588351949056066,0.003990956875166247,0.26610692122685753,0.20472296707847057,0.17499495069105836,0.0,0.1506246127200326,6.930060955633946e-6,0.0,2.2556821067991895e-5,0.009416548408075433,0.0,0.009180569534909254,0.00023093732037134766,0.0,0.0003282117462587636,3.3861564698283244e-5,9.987796640921e-6,0.1819975014519474,0.20666899555357882,0.6805844754996044,0.17704310472688206,2.6433583889995944,0.2046953086285188,0.07119002352659574,0.0,0.0,0.7135224221471486,0.05298710714781214,0.7943845074001196,0.0,0.9308026015660077,0.012875558945267169,0.14504989770773236,0.27786216808945924,0.09962782065370113,0.0,0.09858550401382266,5.602136475601841e-5,0.0,5.758121258189674e-5,0.001099929139816391,0.0,0.0019148735420293976,0.00017634583170434348,0.0,0.00016723643650522286,8.504256151551654e-5,6.990787274484398e-5,0.97415187357469,0.18281449501782904,0.9618351759983264,0.28848460138082666,2.422706272563895,1.679202038874647,0.5516806804895065,0.0,0.0,1.014214345203095,0.08286383516932082,0.48169908605789974,0.0,49.11988522679572,0.9842739947986743,15.192340599020572,14.487605355632297,7.10115353259496,0.7107392408898175,2.491950564352998,0.001010318633229012,0.00022668712961110336,0.0008728578789931795,0.7686266998441024,0.08407916174712451,0.3153240688396005,0.09606482220412395,0.002899281920360013,0.03431475810289066,0.04060045542575614,0.01241728093391059,25.655000849585132,15.651240009739157,71.86983033396352,27.154364534987447,146.8983560321204,104.46755795843612,24.05049108333143,0.0,0.0,384.587532589069,7.023307070523235,122.8677287695421,42.05129832123737,0.03482755586008806,0.003334947085232911,0.01589966522893922,0.03328171784770062,0.020366866095869976,0.0002974694635346894,0.011730831858009577,3.4659976214090564e-6,0.0,0.0,0.0006063322675073386,7.347274722183543e-6,0.0028452799834041724,0.0001703494518662492,0.0,0.00011857915966437663,7.349114561695257e-6,1.547223474590211e-5,0.04706226044461643,0.007820155821025682,0.4455824685233869,0.02692265893650163,0.21285251186298643,0.04369949538632631,0.01593763443797603,0.0,0.0,0.18619406774610991,0.003441690279985171,0.12676759019677863,0.0,0.012681294303371613,0.00023192079396554518,0.010849223800883136,0.013004666975742618,0.005641315888843567,0.0,0.009340492388154875,0.0,0.0,0.0,0.00023991655595872818,0.0,0.0003858915758305052,8.737324442275777e-5,0.0,0.00012680258644082266,0.0,0.0,0.005930694019403144,0.0038755319756982425,0.11751456877260541,0.004075959242675525,0.10678439309828557,0.03357346969440378,0.00353939832635817,0.0,0.0,0.028779240822329563,0.0035459349070146268,0.04627822755837272,0.0,2.0508182662242094,0.11128159659716481,0.5465202555030576,0.6514737996905375,0.37689651618319425,0.05602709145946755,1.1074898138168143,3.3614181224370566e-5,1.396315869868794e-6,0.00012119813747369282,0.05329011749193589,0.0021516088108096067,0.16254761228070788,0.0007024806708019069,0.00010571680797035584,0.0020848619409726574,2.868909558754183e-5,0.0001114794977745373,1.0585033826545522,0.5352668798620908,5.24111469489913,1.0971742734777794,7.306416352161491,4.803774629080378,0.9506418831827522,0.0,0.0,4.255830478186348,0.1657402171064906,3.478162241071127,0.0,0.0
IND_IT_REU_ELMA,0.2454561406431989,0.013718243133605779,0.0675204124461116,0.05867031529497476,0.20528092671864503,0.0,0.09546540812618318,3.2362628825361677e-6,0.0,1.0345939981062657e-5,0.0005113359765468205,0.0,0.0004425595378104874,0.00027712037132471924,0.0,0.000533360912042986,1.466153460444037e-5,4.522055801957447e-6,0.15321038696330974,0.1956727209848991,0.38341169832234684,0.5050659851066661,3.1026142369812857,1.3530398719032815,0.1538643636853793,0.0,0.0,0.4939435751777029,0.03506842820845338,0.3376304345439633,0.0,0.3043133982350786,0.015461251676229845,0.05890712812758206,0.08786240033890275,0.03530923792668429,0.0,0.03656647168657036,2.2010953979773254e-5,0.0,2.261877699883974e-5,0.0004276401241963064,0.0,0.0005267636067796409,7.162248229921193e-5,0.0,6.79286251144423e-5,2.3112807950897112e-5,1.900072144367994e-5,0.41162850251999106,0.1975089040358917,0.6018808812887768,0.41884044218937416,0.9530004760703324,2.742130516533838,0.6567976653199566,0.0,0.0,0.4476735051219961,0.07279957113484188,0.23813246971330923,0.0,16.997762644130226,3.1107760670001663,2.8226433295624305,7.013199532177415,2.972208910751143,0.30442561909837296,1.0699966322146117,0.00044597476244516307,0.00010157795226105242,0.000385523060708581,0.560208142488943,0.06232340826304645,0.2305823498836796,0.3422004511840831,0.03309336486859956,0.13540935317472547,0.04711666682109442,0.017847865164557532,49.03936027013892,15.165202190901736,72.50235695819707,48.212399749332306,50.609434940307665,124.88967780299258,26.917680765961432,0.0,0.0,246.85267799341392,8.53797121059278,26.61526491953228,29.015235861250652,0.06765334205404075,0.0103127574218366,0.011772567733068015,0.016551470159216663,0.004693895915107079,0.00011769792871952768,0.004624012232700054,1.0240803440200884e-6,0.0,0.0,0.00022264871287734804,3.3943451772122094e-6,0.0001898430181463376,7.589196795849863e-5,0.0,5.3607082266624e-5,1.285213194241873e-6,2.9478701587144953e-6,0.15114432951352816,0.037555695723760274,0.23491163256874076,0.21662271375166456,0.18675403462839935,0.20450552769073269,0.05051139693358376,0.0,0.0,0.12715959208431238,0.0013177125003112108,0.04752174777220129,0.0,0.015887351569510755,9.986996300741363e-5,0.0006015968731320768,0.004211175330576741,0.003183044829970466,0.0,0.003940656632446806,0.0,0.0,0.0,9.144365941735232e-5,0.0,0.00014779725809254839,3.832675725907051e-5,0.0,5.486979646715741e-5,0.0,0.0,0.012600292502791474,0.011482290679543433,0.014410864898025053,0.03539103830405029,0.1423313870096849,0.06180842940831185,0.014224199459442383,0.0,0.0,0.011008165843117366,0.0013946116000487126,0.017832532671664868,0.0,0.8460686088670852,0.36975926465838654,0.14801226569846188,0.20574917539637252,0.1590308467909975,0.04745754599549324,0.9080343840231365,1.4700467111663678e-5,5.917611961848247e-7,5.172981116790619e-5,0.013344556512157268,0.0003076582743986146,0.04196645529696217,0.0029587214929155782,4.812604678321134e-5,0.03404727048453852,1.0171778478374857e-5,3.8372212007084236e-5,1.3972369270834195,0.6320396452791455,1.9528849648496456,2.912489496547183,5.28602016356464,7.711978776270042,1.1533664640746284,0.0,0.0,2.5361542220353614,0.11979890785532596,1.9189622783692921,0.0,0.0
IND_IT_REU_OFMA,0.02647673206060439,0.00018182929961026005,0.004786652850941407,0.003637490004017045,0.019604107111964,0.0,0.007052841932262385,3.8450076847671873e-7,0.0,1.2336485811391991e-6,6.23377521747901e-5,0.0,5.376792073764214e-5,1.3286120088462088e-5,0.0,1.835862911077004e-5,1.819830256341049e-6,5.63395076597652e-7,0.01426259246054223,0.020095547996916666,0.04064414791388463,0.05671956312378007,0.35895114599491407,0.1616995655299822,0.016210989340395728,0.0,0.0,0.056839342192068515,0.002563216910258781,0.037100088767829505,0.0,0.033783477935813246,0.00034833294302939586,0.0035596914665818667,0.006978043750547291,0.0015280323499650924,0.0,0.001858395759273313,2.6902620431141275e-6,0.0,2.764286828897965e-6,5.281639132837984e-5,0.0,6.514373272515287e-5,8.94026143483848e-6,0.0,8.479211543221913e-6,2.8549432101197127e-6,2.3475987513404653e-6,0.04446522461952222,0.020730853590778715,0.0670563034373072,0.04691689936911586,0.11805315185715796,0.32362768057018093,0.07374114506975193,0.0,0.0,0.05326927579473459,0.004197971490707555,0.023531802887724006,0.0,2.0966163820542882,0.3528129909254159,0.3279797210779218,0.816445052097022,0.3457625305896389,0.031369044905736415,0.12204560749058337,5.5846196572116075e-5,1.2770673158837305e-5,4.828349216844665e-5,0.059192552590512156,0.0013058403786122736,0.021132354778883814,0.032846224156825206,0.00018208741336657073,0.008681281446440483,0.0005471486418072104,0.00025244863057538824,5.588924234609661,1.733655094777707,8.284188185607176,5.495826083576268,6.036265771242133,14.403625521144042,3.157706059478397,0.0,0.0,33.525702160728315,1.1541935103430647,3.547332864793665,3.5515549005059244,0.0042798038551195745,0.00013902257643022328,0.00012785066543634504,0.00043144959609762106,0.0005859095160713111,1.4216332605097988e-5,0.0005583849924105618,1.2830463701067202e-7,0.0,0.0,2.7231055628415693e-5,4.044992715990296e-7,2.2811586411607714e-5,9.126044340836438e-6,0.0,6.429030609694865e-6,1.616758295031294e-7,3.692327378766338e-7,0.013006725636610879,0.0007000872175733048,0.02802332659036571,0.02113391544620849,0.019750627468832556,0.023527963915835733,0.001985952383227529,0.0,0.0,0.01143246371558411,0.0001659394831575991,0.005931919387201487,0.0,0.00031573228958295597,1.220277107170833e-5,7.41268105925027e-5,0.00016633724729666472,0.00020839746302887233,0.0,0.00047505286283906816,0.0,0.0,0.0,1.1086404897133717e-5,0.0,1.7914063191687585e-5,4.6117148883477714e-6,0.0,6.597528598132355e-6,0.0,0.0,0.00018355347090856538,0.00014317617892956603,0.000351762762405639,0.0008742034556479389,0.015905454142848528,0.009977605649226085,0.0001872430892402763,0.0,0.0,0.0013984216421513125,0.0001746504914334219,0.00223635450803249,0.0,0.12241569893249091,0.04615466933997635,0.020241256204491753,0.027097582234884524,0.019903658074501458,0.0013315689643343756,0.10557431642009753,1.7887496766164375e-6,7.230364561348154e-8,6.285629292159692e-6,0.0002676961278995885,3.763719345827592e-5,0.0009181385324279639,3.749654247077778e-5,5.970988067504506e-6,0.00011206436457767614,1.2495192621094958e-6,4.710843997839189e-6,0.16394513705615002,0.09089458508778869,0.23900614529802486,0.3632358519135881,0.7043275766197284,1.0461780304949504,0.1613359109120347,0.0,0.0,0.31835236112622944,0.012465354030488837,0.22997444094353467,0.0,0.0
IND_IT_REU_RATV,0.10296882515022011,0.0039294376912955556,0.02720228634583045,0.023269863521596892,0.08003564645103077,0.0,0.03654178051484824,1.3398938016381982e-6,0.0,4.3002751819531855e-6,0.00021765740153004132,0.0,0.00018767837700639652,4.6304163570713366e-5,0.0,6.398826305800019e-5,6.351826541730319e-6,1.966591965500705e-6,0.061296725402679435,0.08005642012638971,0.152257695725002,0.20876958233246198,1.258953743566057,0.5706496803078372,0.06657062143846666,0.0,0.0,0.20843459263914638,0.013290253054030213,0.14447764409174796,0.0,0.12714804443997857,0.0047688223177284345,0.023658297373935672,0.03542463771950358,0.013613123495543574,0.0,0.014138876800496638,9.396140165024465e-6,0.0,9.655112311481556e-6,0.00018428841793188992,0.0,0.00022732338669321231,3.118717267131571e-5,0.0,2.9578398367822315e-5,9.953686497889359e-6,8.184355687617888e-6,0.16579644279345612,0.08234442777534141,0.24364980554550306,0.17344920749800474,0.4185639316030633,1.1308169659539096,0.2669463975424391,0.0,0.0,0.19604546818577484,0.030694319545275586,0.10209209566278886,0.0,7.315736574934982,1.242622882797787,1.1531905600279435,2.8556126582633694,1.2167201397403145,0.12248242556230768,0.4377481137433824,0.00019507320651306984,4.457789638366705e-5,0.00016865181999590838,0.2202281892309055,0.021125245195014807,0.08857340239522073,0.13158254922939455,0.00787060587414779,0.04927574752519788,0.014651480288254352,0.0024876074418541385,19.477995105639827,6.050191330608226,28.864812534042514,19.153427702597572,21.028193594169423,50.17041448615731,10.995086753292897,0.0,0.0,116.75684835376708,4.04174993192296,12.381455780941982,12.225501224620611,0.025194646265160114,0.0013658618852556417,0.002121361679714929,0.003861206799830922,0.0020661506033314717,5.0035292212249445e-5,0.001965416768973139,4.55200973683183e-7,0.0,0.0,9.49812505548338e-5,1.4096075418657178e-6,7.95332926583039e-5,3.181157937469208e-5,0.0,2.2408809738932427e-5,5.643812188224029e-7,1.2889230256997217e-6,0.05749165085676001,0.012709537340725916,0.1084054802129724,0.0835475874253116,0.07539427465603915,0.0817606113324663,0.017834913150858767,0.0,0.0,0.05115768532954066,0.0005784613818760285,0.020807322465609884,0.0,0.004672913125249024,4.254432764274387e-5,0.000258451072282863,0.0005808369293040164,0.0007328481474173501,0.0,0.0016706321078219224,0.0,0.0,0.0,3.867162488706836e-5,0.0,6.24976574477679e-5,1.6078296851534687e-5,0.0,2.3004763810675158e-5,0.0,0.0,0.002454179317921312,0.002786544188432067,0.003648194798161522,0.012307650280584398,0.058401158117807016,0.028179624197954344,0.004326534149194239,0.0,0.0,0.004883965009946553,0.0006087909741948422,0.007808766139154909,0.0,0.3820283751303871,0.15397441357212774,0.06695673120889753,0.09028431551666317,0.0699731446366761,0.016704812080489358,0.36881268066444206,6.2402932880000606e-6,2.5199990064356143e-7,2.1948375918762265e-5,0.002866473085289005,0.00013125278879824034,0.014654447317068445,0.0001307848527565597,2.081398707488425e-5,0.011028198854345554,4.359800511678803e-6,1.644113593893552e-5,0.5701916535350003,0.28098409513151607,0.8059782676955952,1.2022800759213585,2.289999987963134,3.3060381982547913,0.5152006443760028,0.0,0.0,1.1172049176529035,0.054189327679478747,0.8224836506123039,0.0,0.0
IND_IT_REC_EE,0.003577551044560177,0.0009235668314958162,0.3199714466766829,0.1359128251184373,0.028917555895904206,0.0,0.008800413821453893,3.2163388983841806e-6,0.0,8.32243338478578e-6,0.0007640838671846044,0.0,0.0005501731662663016,2.706495010806896e-5,0.0,4.057639487052369e-5,2.9252651063638646e-6,1.003554316326348e-6,0.028509134215670057,0.008092266877098749,0.009075801345778779,0.004109480823933089,0.32483375737852666,0.028741844593823795,0.0027869098324931636,0.0,0.0,0.0,0.0,0.000233834437647017,0.0,0.0017765616357039704,0.0002090109585819567,0.07001646153237516,0.08119340505875913,0.014423178169291753,0.0,0.006152438408510733,7.074592582140085e-6,0.0,7.250038198957652e-6,8.834451466476954e-5,0.0,0.00017695794875574705,5.765235588837006e-6,0.0,5.335139531778618e-6,4.504907443737606e-5,3.743458375914007e-5,0.05840868465880085,0.01361209753064336,0.002802590718921471,0.0012031515258461923,0.12201023591510218,0.04530938348613073,0.0007328751557869522,0.0,0.0,0.0,0.0,0.000990732035548443,0.0,2.647900484964083,0.2630520112756067,86.33664890603377,47.38910927320083,13.463593966937415,0.5212832677287983,1.815462026985919,0.0013489786674217908,0.00024129540371142335,0.0011563565832545739,0.07225012603887782,0.006110622956800689,0.021435101149540385,0.010192930507730964,0.001128949699665405,0.004100998823311569,0.017355106577807776,0.00788918680630458,12.020385979683802,5.834723487906595,3.936183461399558,1.8146255778377984,75.31059813747488,13.603207573323596,4.422774564091507,0.0,0.0,0.0,0.0,-0.22738251719609257,4.46768647553435,0.0011761814786306812,0.0014050785531786313,0.016731855825909178,0.02662930304195741,0.006301873020299949,2.8462409837293205e-5,0.0011017881519253567,4.161668650985222e-8,0.0,0.0,5.70982188350534e-5,4.979017722876258e-7,3.114351138507095e-5,4.7628374401827396e-6,0.0,2.8851061982399305e-6,6.684390648576075e-6,1.1552051508661865e-5,0.006875525450232812,0.0034963931091225964,0.0016618078129094704,0.000959122237347095,0.026694679308601654,0.0027278053129495784,0.0003820014263897051,0.0,0.0,0.0,0.0,0.0011654636374641937,0.0,4.280634618391071e-5,2.4021130854029672e-6,0.003371038460829036,0.002080490779537334,0.0002651069724011975,0.0,7.782892411790525e-5,0.0,0.0,0.0,8.349876826362925e-6,0.0,1.3478665994975826e-5,1.104298619930747e-6,0.0,1.6902704920506441e-6,0.0,0.0,0.0005689879910365718,0.00019567687854024214,0.0001818609018435161,2.5974876654443996e-5,0.0037158174103163136,0.000621258675914446,1.5247330099434659e-5,0.0,0.0,0.0,0.0,5.617341392630027e-5,0.0,0.015622286361182573,0.024325428868144136,0.6831461163566735,0.5307654023843494,0.15247377827635464,0.0026648627612866197,0.047484543636415195,3.2985374830348698e-6,3.730199421020042e-7,1.0620008521393284e-5,0.0006699112192968428,5.793974738076642e-5,0.0010401964486793527,3.301942687939499e-5,4.427910195679471e-6,8.357045896797593e-5,2.4769624054396767e-5,8.503016770165765e-5,0.4420132743140205,0.06852923717081731,0.027742294648778414,0.027847784772698305,0.8872441384678764,0.08455207023342347,0.013341521082799991,0.0,0.0,0.0,0.0,0.009568944125673799,0.0,0.0
IND_IT_INC_EE,0.0019090322720306844,0.0001413085684013905,0.031209245755380966,0.12227006977298722,0.0007304287340488165,0.0,0.0005929433494025062,4.324479444231532e-7,0.0,1.314739086046133e-6,4.7910394300089385e-5,0.0,4.6033337926664446e-5,1.6620179692008428e-5,0.0,2.177642982729087e-5,6.9021752462125485e-6,2.2138846124544613e-6,0.0009027678420084125,0.09961590304668087,0.003107420619840497,0.0030836621200397646,0.11369005127202558,0.01630913614191942,0.0020600960736501164,0.0,0.0,0.0076851615708020205,0.0001222556416335019,0.003982799988862005,0.0,0.0038587279547049754,0.00023060518974644977,0.010165964484834917,0.0009894326713582968,0.00044139909644566334,0.0,0.0004474444926419043,1.4478534659704761e-6,0.0,1.484815377980555e-6,3.148794181945151e-5,0.0,3.408941084184495e-5,5.733648136532673e-6,0.0,5.392500646747702e-6,2.954069974308912e-6,2.38029664214475e-6,0.003280567529943284,0.03196228344872397,0.005992230883639337,0.00268101431606002,0.023588677265256017,0.036577600141772054,0.012928175120440854,0.0,0.0,0.033424011006367535,0.0006354157834603133,0.007968076879969583,0.0,4.621456658788421,0.5188448883728035,6.080254001535289,3.0989074841273787,0.48976667931681556,0.049654935481417466,0.18721406237624594,7.552100749771622e-5,1.7782302623012553e-5,6.537678042679549e-5,0.029850442454480756,0.0009925126230297865,0.00801608609462607,0.003874468786272418,0.00032820472809733467,0.0011462938105299535,0.1311250046220544,0.05585858997069484,4.881957045531943,18.46888395339915,5.005704344043487,2.1720666011335985,13.333181199733383,9.387960564345597,22.645554875357902,0.0,0.0,26.7918441434342,5.139165256522882,1.3219986844192335,2.0783292265178703,0.00026028586277730394,4.183079871702446e-5,0.0027030762368383896,9.61982062973226e-5,3.763741451520713e-5,2.4516742161540727e-7,1.288178601799366e-5,0.0,0.0,0.0,1.7477878496796e-5,4.309444065301805e-7,2.3460729800725263e-5,9.645634842772657e-6,0.0,6.973057597994495e-6,4.6533818601408017e-7,1.1620783348139447e-6,0.0003178692437106111,0.021356943327015182,0.0023415118526719314,0.000625633686349644,0.00616741936091099,0.0017421188532883293,0.0002986952752142591,0.0,0.0,0.0015742371352016975,4.655609352420816e-6,0.000891468450000986,0.0,9.752840389127087e-5,1.1499657280082574e-5,3.915179069620514e-5,4.0990362385105524e-5,2.6812443391655436e-5,0.0,1.5233217822048506e-5,0.0,0.0,0.0,1.0065606792321157e-5,0.0,1.637006136244542e-5,5.290546182511979e-6,0.0,7.415565723698494e-6,0.0,0.0,5.422962521319908e-5,0.00013739352617471296,0.00034336770031580174,8.015313974849921e-5,0.0005460872101386411,0.002330540611951133,0.00028694240401793596,0.0,0.0,0.0002103279714095888,2.8809173562369343e-5,0.00019887982671226774,0.0,0.03785733087235688,0.006535508314277584,0.356439759859572,0.021073794870679077,0.003277917724321009,0.0002230160436285158,0.0048717391959539075,1.46063614544887e-6,4.1947219207793135e-8,4.910473736218114e-6,0.00022376876989725156,3.41916842591984e-5,0.0006203183795712631,3.612013701021728e-5,6.2574892323944325e-6,0.00011684667000016395,3.4244964624442854e-6,1.2606426766167235e-5,0.028176243040844803,0.3007109158217457,0.060977908648550086,0.049427020690969825,0.21981332803746784,0.28620392770343217,0.047597708935047625,0.0,0.0,0.04629001320885407,0.0018444899144905288,0.026465229077419113,0.0,0.0
IND_IT_CONSTRUCTION,2.274463787943249,0.12089365217108008,1.033699968584349,1.07345797692341,0.9699986589088956,0.0,0.5900229164463939,0.00021935436593572516,0.0,0.0006917359778671098,0.03701840208365989,0.0,0.03386799931866173,0.014629104661021897,0.0,0.018514155850851456,0.002347094943966825,0.00076063872656805,2.974934184004715,2.615042814258846,2.433279076499806,3.3406000061268255,18.517177783945275,15.557348191999333,3.5962699829143663,0.0,0.0,12.017504256530831,0.5312854759153514,25.9896508895813,0.0,4.6897476696696145,0.4964751690959876,1.232327507078125,1.566720670642613,0.9025313052036706,0.0,0.8783549753090576,0.0011814419839993057,0.0,0.0012117365921464564,0.030501301149033003,0.0,0.035246573842134254,0.006453810521589207,0.0,0.006075101207595961,0.0015917416942189664,0.0012999604624639029,4.545595874456368,3.0300181533777146,6.446003866286854,4.771383176480507,20.428757192866446,29.828771707628825,5.826926751236535,0.0,0.0,15.165693047144638,2.1471016439243007,13.89486977567824,0.0,1225.4321783496418,54.08742482525492,186.7308846703775,641.6283815706098,105.8356724078557,12.221731567939996,42.57331695510641,0.17667882668644794,0.025990468712622235,0.15060040796073912,24.04614527546237,2.7455587106721593,9.583791280786137,5.615280545980899,0.6562640837799945,2.3197674989050747,3.5397251938503973,1.6296374300481773,38130.69836384192,785.5384257842713,2475.462877975391,1384.5713096381771,3099.5686491476085,10551.595573494002,3135.723928404576,0.0,0.0,13508.806557653592,435.9246508501991,106925.06924870776,538.3165751575037,0.44992935782705545,0.06645808328415026,0.10008630236040686,0.20449701471462012,0.1704382323286174,0.0011029516477291034,0.04544529449035666,3.583344055208327e-5,0.0,0.0,0.01288247277203625,0.00022284820871315214,0.013862119742138943,0.006000953164250995,0.0,0.004179284423480384,0.0001104283052402207,0.0003019728246271949,2.078381310646834,0.24003695179409132,1.4390186631657658,0.6677711145827279,2.438057649538828,2.8587641175279894,0.44959615005078263,0.0,0.0,3.3373555737920584,0.03789738721924774,8.749749992669418,0.0,0.10632839774208915,0.009038828731655188,0.04753579698622717,0.1895973078577096,0.13133712040116086,0.0,0.03314778465000378,0.0,0.0,0.0,0.007072787514121411,0.0,0.011406281441254804,0.0034361784247842623,0.0,0.004694369413733745,0.0,0.0,2.341864744845545,0.13439388593970725,0.2515435749681396,0.4693938523853961,1.1100454550165852,0.850062664627724,0.34404777832077427,0.0,0.0,0.29155173163437664,0.050614470899828685,0.6117347843008046,0.0,10.363442144337203,3.210365188651905,2.7163644164060066,3.560782607285617,2.1240285996202037,0.21321156863085464,3.9052886991188434,0.0010621746333992932,2.8261359601426496e-5,0.0035276056020647002,0.2101069366129117,0.027635505365946868,0.5487282508512866,0.03642560621174413,0.006097745086669581,0.13035766192786646,0.0010233292796723204,0.003800073136095483,59.34386941658731,9.919734114729366,23.484198920353364,15.646368945797764,56.985445412420525,117.24266401547102,15.665723680736532,0.0,0.0,49.855445863500535,2.711174775865685,92.14735963688138,0.0,0.0
IND_IT_UTIL_WASTE,1.3699077712312115,0.19134286992316527,12.436085071176011,40.29217605290487,0.29956222130370064,0.0,0.22885673763731373,9.243414757873825e-5,0.0,0.00028191160718189957,0.011963794447260527,0.0,0.01101356110204742,0.009367161234239767,0.0,0.01655500936393977,0.11554415064177942,0.037480390807712226,0.5140694380462958,51.10916140210286,1.7306689666991848,1.640848920472848,40.01526841824866,7.336090994407965,2.265912018295153,0.0,0.0,10.255649251112484,0.23985006471329276,-1.1615597751555113,0.0,3.6300870639388707,0.10407650894472086,5.501241138143038,1.2767695886708328,0.2757974601018596,0.0,0.31669667548216796,0.00033176245416503835,0.0,0.00034027194919215007,0.015455846681587008,0.0,0.017161865589482964,0.0014744552078811372,0.0,0.0013858388387660353,0.031774840729345465,0.025200769659928665,2.273555368076211,31.647620856341415,4.234111624309476,2.189603874267371,10.757257286804327,13.884312720315917,6.22066770933529,0.0,0.0,11.78550717185455,0.15350590243948442,2.208658976243693,0.0,3804.059617226348,268.30497015170715,3841.3080918102296,1601.8222842311295,255.62779515600096,53.770523144041114,187.24351972188276,0.5275061763206556,0.11655176841969256,0.4554925146937313,24.897334216763863,2.5550874651378486,8.916592730121799,9.95256073364613,1.2907650961146433,4.521099519624484,46.3598757645848,21.424795647997602,2151.5356488228826,29188.182271835816,4197.101013144785,2629.773577303805,10537.261016148994,10632.522751422312,10996.903816549542,0.0,0.0,26271.02256048533,1968.9129930019524,1255.1182276311667,704.0787661931349,0.3641134446192453,0.15109695785133967,2.643800400818647,0.09329201717469142,0.21161021071949832,6.951171740687522e-5,0.019127750388802937,0.0,0.0,0.0,0.008940885421087796,9.211277284136278e-5,0.013465284764083874,0.0021532984652543642,0.0,0.0015457881593045736,0.009927468229985907,0.023342888892438348,0.20664694754633187,8.391871984757053,1.1323065004873276,0.3661681465505497,3.872166063988301,1.1195579399860098,0.3116452442432204,0.0,0.0,1.836681175653912,0.001321137262747844,0.4749995130393151,0.0,0.11112364853994285,0.002703860173112737,0.14296472562060403,0.04250752733212266,0.021711405199146598,0.0,0.003753075163513355,0.0,0.0,0.0,0.0026808689190670402,0.0,0.007306853557191372,0.0011976886796287427,0.0,0.0027350915789409575,0.0,0.0,0.07383473030688954,1.4495957039051564,0.2788211535968454,0.041778053037535665,0.5946642017530396,0.34315793483631307,0.9219389967391459,0.0,0.0,1.432991007007314,0.006725144495437088,0.05621692872650787,0.0,11.197685172048672,2.1798179562025197,115.43068717806163,7.3261139322267,1.6708123806418607,0.11869042138516361,2.1772940168615187,0.0003330586138909211,8.9660623350807e-6,0.004053191314853915,0.16204695106077016,0.02057813086342344,0.44185933576081693,0.035310586308892306,0.0015860768040702761,0.09550549746092497,0.05792314500194556,0.21176325842973792,10.53830109535014,145.41907398565027,20.04024506657772,11.367044047512307,62.46453737915332,61.31616562022688,15.831013507215768,0.0,0.0,40.918995142117474,1.8699158627102068,5.169433311874866,0.0,0.0
IND_IT_TRADE,103.5782095459934,7.8878233237246675,56.295043085258726,44.1311831616331,35.673278795054095,0.0,32.230449375495944,0.03500518330271902,0.0,0.10573232140778549,3.053052042439873,0.0,2.9477722751553044,0.6799589379965703,0.0,0.953285050179116,0.06254264223860725,0.016889572220933943,48.624565463835054,62.59278466271797,181.14281255867078,155.15902851448485,647.7827758530135,230.17003545919465,56.07794506945507,0.0,0.0,371.4446373510687,20.39827614461514,192.97252552507308,0.0,219.13610305313534,15.674009801676567,49.036923165220585,69.8166399627318,34.56949181921359,0.0,34.38164162979834,0.09885077431540756,0.0,0.10134987912923803,1.608126747179091,0.0,1.8199109228373216,0.2047690372695359,0.0,0.19392506850315266,0.10558198772622286,0.08648745267307115,189.0461968550323,87.62115358839607,222.08015708096553,140.37887273601675,723.4012996441097,707.1578303355977,175.32631669732476,0.0,0.0,259.49264131929226,58.6783779169811,157.49662365606812,0.0,10418.922171962498,249.1358789822212,2618.593022408765,2859.6984882797396,1407.3271698000717,147.05290063771125,512.080938064992,0.76795194495575,0.17160196841587147,0.6634066691261344,141.11121970494017,16.515666184150366,57.545129980114744,20.64556545747884,2.4826034482809956,8.6943562807274,10.192104451164779,4.702749960495689,5056.438156958165,2771.430427471154,13891.715757360818,5247.981112692554,31660.46545001021,21309.950819722104,5620.995661486345,0.0,0.0,170281.01355706085,4175.165954997112,26151.609863275615,11375.146338191655,12.45415068122739,1.2403728309541833,2.7002410231738923,6.747637222724838,3.8506125025777838,0.05734408072137003,2.328069101212392,0.0006039885136646653,0.0,0.0,1.2736154191122728,0.034984289271623836,1.691496318091975,0.6821562146803051,0.0,0.5043702085200109,0.0013847875323297187,0.005922303527954304,14.159807544178147,4.8677248970728755,168.5260980551257,30.549675100203448,55.18083098525775,22.84961272996673,9.748736074617709,0.0,0.0,42.91635106894545,0.7859984042970501,27.943446462717894,0.0,5.80567159007231,0.6663583659667682,3.2982189160257542,3.6643592562964837,2.0576910577418386,0.0,2.4730250863656735,0.0,0.0,0.0,0.6616935862431292,0.0,1.0624082254716878,0.3535123050216681,0.0,0.504755470842227,0.0,0.0,2.2595513713928175,3.4369700527819638,21.492652326945414,3.1265131644603223,33.54757488927097,18.735297763063837,4.002481989415346,0.0,0.0,7.693772993653963,2.405448544013917,12.232743231058915,0.0,525.9393028822714,54.727477059789116,130.3199017801341,147.21867269154828,99.01543503649425,13.196669026637293,235.27737907438384,0.09704246899161836,0.0035608978501255836,0.3155812179851872,11.860427351491046,1.8231288333943938,32.59342148718301,1.2398236262144469,0.23024629258684973,4.243781190144822,0.05087939350589449,0.19217689780802605,282.52617562474785,221.91779258724014,1240.609052600538,524.4342101052282,2087.8681635505864,1865.094923565248,443.71180688262916,0.0,0.0,1329.1564926227054,84.58118212146327,1031.1803649550968,0.0,0.0
IND_IT_TRANSPORT,32.06441332078784,0.5390555743425167,24.627912459271148,13.418894781696755,7.816540593223947,0.0,3.9130312669650507,5.440381183387053e-5,0.0,0.00017542935263983032,0.35315714478385063,0.0,0.3294477070032705,0.09563901044159981,0.0,0.15417790404458245,0.0014430261078333798,0.0004760229405792298,14.509602464771858,6.938324418746891,17.760117747971595,648.6713590110387,161.80065206476453,54.72254045010486,6.717548151361366,0.0,0.0,126.76511899152311,8.587195086501834,77.72204776314302,0.0,30.364504877632644,0.8208022192680365,6.561838136806856,7.0398788091725235,2.005604485429869,0.0,2.2615729999675906,0.0004181926547839654,0.0,0.0004292043499077637,0.7636881581344358,0.0,0.7846040412134779,0.07801560619374433,0.0,0.07421610147564611,0.0019125992180657955,0.0005187267334751831,28.79275791774627,9.767695862479423,102.17984675615753,274.00907038506415,71.25723015383682,120.99573681843461,27.005446510066214,0.0,0.0,90.3587459550488,1.4654170169974274,11.719463967138632,0.0,8315.035817763219,639.7964347968802,1167.4383250605229,995.5181312529855,792.4867633570422,57.80663182182423,201.2971090353453,0.4267279999886284,0.0892623830023408,0.36775223184328637,273.69918935741276,33.58845393803268,116.97968685244233,24.21193663801323,3.0223171066094583,10.557013181057847,16.778419553712787,7.75058282307877,3080.215640633597,6969.035784039882,23840.629685171552,43718.267993321446,16697.767594407374,9925.39425010073,3570.6082214229436,0.0,0.0,39561.69032913923,6735.5459860024575,2530.2064337238153,7986.582079106641,10.350780408874389,1.1323580087661225,2.2607058680816245,4.410909294341539,3.6862869163992125,0.023378643409250745,1.2036553613508336,2.2965373581960718e-6,0.0,0.0,0.15084162340757987,5.4705645372895396e-5,0.15702282802726558,0.05802373371465871,0.0,0.038369652671024525,6.496388782508233e-5,0.00017953952826819735,7.375749902385401,2.227585621589253,15.246609726459699,48.917049297505756,42.23927489181838,13.987848075662258,2.06934383638566,0.0,0.0,17.225796292979172,0.5402580172986421,13.544355903904979,0.0,1.8685698494059046,0.059161137523835346,2.677536153516642,1.6699542928774826,0.7241602107240973,0.0,0.5205929590777223,0.0,0.0,0.0,0.08450934860471998,0.0,0.1385905424746911,0.011892389904263317,0.0,0.020033021249597844,0.0,0.0,1.698478396427389,3.3986451538085567,2.2838570522619843,15.664656328544794,14.555763256248547,2.9677275283036377,1.3531848917787195,0.0,0.0,3.564639735553774,0.32136242037556106,3.183615033767182,0.0,144.40873001905655,23.13765246692739,55.346819735831176,43.59499989700244,23.332664229938285,1.026486787996139,18.378574607167906,0.000394372322111437,6.082753578035202e-6,0.008067758697518457,3.4503919422821006,0.5398260471149281,9.709397087850594,0.5331515972036122,0.04308545402659371,0.891419175549543,0.0066577388094623624,0.043194037542690626,97.27211978364507,46.79634442247011,392.63460321871133,1659.7030590543834,584.4970239568944,331.0369714659542,93.01215524006021,0.0,0.0,767.1765081231547,25.554010926205173,208.12935713881083,0.0,0.0
IND_IT_OTHER_MANUFACTURING,326.2735497025129,17.64913958096598,163.1843330353046,230.73148471456688,210.58971484345005,0.0,90.65188089312562,0.011959585796613312,0.0,0.04921268794003424,4.6782993325219975,0.0,3.4285915540402403,0.4833951432207667,0.0,0.7736242722050023,0.11664566262784967,0.03625992805017868,826.6123568729759,146.915074734627,176.5884853581885,175.56229930034723,7938.855127659158,359.37596249778306,365.78782527428376,0.0,0.0,3886.1367992065584,459.7276508031338,5599.29543127326,0.0,804.7597504737375,35.49023826822922,104.05850482397896,295.8640315340272,159.65391115654907,0.0,157.7772121374964,0.2307573447665892,0.0,0.23631752787929416,5.101400712368234,0.0,6.973837256107997,0.9313282927851624,0.0,0.8905352169538544,0.35203941082281465,0.2917425225827066,1710.681227933802,382.90070266486134,941.550280055128,326.7917392949288,6417.2009221629205,2088.5490488719847,716.7359632176349,0.0,0.0,6764.838876444736,695.1654517189262,3143.166882112012,0.0,8959.659604199365,372.6523787382279,3247.3429504211344,6511.443543928318,2998.711682055275,305.0972198445005,1062.3894678256368,2.849273931877877,0.6844536773426205,2.4681086088431976,82.37274028187541,9.170669627359313,31.978558400431787,21.920108054151164,2.5566370834649343,8.965723149154012,16.827141711839108,7.767337834393978,20519.64564316953,5291.071820852765,12515.586745531782,10099.016102152715,100618.75195460199,35746.91859655325,9561.243297057548,0.0,0.0,67129.83536893137,2267.439986130701,28964.212657500255,126893.08122051146,159.7962532402203,22.18639173017261,22.215279781596934,77.91424127730832,94.33059284669507,0.6790820072448407,26.26635623094007,0.02237727928418072,0.0,0.0,2.6924615294334355,0.01608084642098946,0.9908975536734785,0.3562207066503114,0.0,0.22098842044065944,0.0277725731993329,0.05481402817795581,303.64109496943286,29.70698546978513,79.87539708384735,108.29195904431283,1553.2369524175874,181.05352393938708,103.58225234695566,0.0,0.0,1260.9511354234073,31.371809603887808,947.817794082155,0.0,28.559640138109412,0.7947681764283212,10.446346697600665,33.15590460686147,31.617887249970167,0.0,19.972702251995262,0.0,0.0,0.0,0.6006037139674292,0.0,0.9476411591194094,0.15618984098972105,0.0,0.22997249551292503,0.0,0.0,28.280928090454736,13.38194125306524,17.502780139726745,7.144484767318668,561.3057695114645,33.93052111704636,18.727931859019304,0.0,0.0,182.50800867707923,29.931572914640938,369.8764303953229,0.0,1900.0307811303699,331.91374493586414,425.5939252382723,603.9223468952069,679.1514302664765,30.92682647969807,551.1857523320697,0.12716754012712297,0.00799051322112106,0.41185669564741717,18.725454304978275,2.2521465528491427,40.263772299156656,2.350122498747414,0.36737686199674974,6.703363366333704,0.1136826643390473,0.40607371988772967,3544.1698998550596,751.242333634458,2020.0143618763489,1565.465436909648,21803.073242623952,3725.1386960778186,2970.6187595443735,0.0,0.0,21673.32913779379,805.0783278007511,19383.31255266232,0.0,0.0
IND_IT_OTHER_SERVICES,90.7246935108459,4.392658272586792,29.38899025158739,42.242584830997565,43.382651362059825,0.0,33.165234070136634,0.0009370856327888201,0.0,0.004235240464821193,1.2354036812676423,0.0,1.0983226518184088,0.7847225991241753,0.0,0.9401717892348918,0.12098729237454045,0.040615946289237065,69.46618937133539,73.62718810014391,83.87817462553456,118.30295309023784,618.8868334879603,835.1760310914642,131.92057958758272,0.0,0.0,498.6989258739599,6.320492838121384,475.1074399487236,0.0,95.55868887082569,4.841414521686477,16.835209640124482,28.886091522567437,15.658184140665384,0.0,19.416530913477757,0.04021623166932641,0.0,0.04136944198566929,1.3253215195931454,0.0,1.4210978265990857,0.34854042866282153,0.0,0.3266438119306185,0.04999374594160542,0.04068108367495288,131.90985966380524,52.16520154794178,222.436635004725,98.98151293508468,345.46915324721823,1039.9387226195413,173.20182068434684,0.0,0.0,649.2249169603608,20.444894109569844,741.5489697606376,0.0,17031.469492618806,1535.4632683583895,5173.931043860461,8577.705943675404,3231.1078672013105,434.367686697587,1512.498537501222,4.412798037683563,1.0782486582095043,3.8258066574583567,547.3414167945871,64.98950145615963,226.3296303064632,190.66676664953619,23.26880137672092,81.0602881133917,49.543645732806766,22.89652933127434,32462.34352767517,16391.93806730096,71821.00192536955,22705.99172326038,66139.54262381913,213407.68295226857,40878.63116341574,0.0,0.0,381240.5468113168,18718.482241216698,72760.55483383183,16625.07105900185,19.376733517649996,2.9996841999735255,3.8963563742710803,8.798512214286648,4.984760933095571,0.13850027734112158,5.580013988420665,0.0006312068312728329,0.0,0.0,0.27603440046886313,0.0009826638727202088,0.24523758343966598,0.14004198083116404,0.0,0.08654330449578182,0.004172677079567311,0.012594277531844849,27.88172470754481,9.171800334084681,25.114879294757596,27.75252651685465,67.69063877923672,145.32804341469208,21.157384110343735,0.0,0.0,162.84338245452855,0.7802648917658821,96.89054220584208,0.0,3.7967781077313085,0.3521673110617789,1.3995965865060358,2.711652847869695,2.0681658805894125,0.0,4.544188712517335,0.0,0.0,0.0,0.22301086271698148,0.0,0.3584594416793314,0.09976463259059386,0.0,0.12627302899127174,0.0,0.0,3.2651817123391123,4.208478188334266,7.11205709125823,4.117527726361093,35.761815946525196,40.76930687511533,7.527754972762872,0.0,0.0,9.302292224991202,1.1347792836708435,22.66922030935005,0.0,273.42053949697856,72.04031284297825,52.6670510648625,74.97906361822642,58.01192642820792,10.645359657744383,189.74661345511294,0.03293418749055032,0.00017102797388813415,0.11719957003428294,7.592630761585461,1.1568941749535098,20.685349676892923,1.9898191987409088,0.3407774297391291,6.159443764665434,0.03754308216385846,0.13906196691245223,449.3966588691468,218.76106804812744,905.1506843518061,533.7590911182025,1558.4636398427194,6246.451835053642,494.28804430446365,0.0,0.0,1986.8161196883068,82.81243318910151,2230.4236419168265,0.0,0.0
IND_IT_PUBLIC_SOCIAL,4.119223076072252,0.10807959122012495,1.7864610223912483,4.728178622472665,0.9520130423827249,0.0,0.5419158852716963,3.333397669919092e-5,0.0,0.0001468095141438858,0.024999342491172676,0.0,0.020681971538580608,0.011350884159997758,0.0,0.014529116501368759,0.012313959618153274,0.004011596263884788,2.632174064500229,5.968650087243728,1.5201021162130457,2.9802784413130468,29.72993984969955,12.359699175958477,5.117710770758085,0.0,0.0,24.16610973395064,4.345070857437862,18.321704606881276,0.0,4.520785987264829,0.1861483728181437,0.9869175311299562,1.0633559139921571,0.5541032858159285,0.0,0.5881213553731888,0.0009571336372738473,0.0,0.0009815079357287746,0.029669137227336904,0.0,0.03505621864111902,0.006564950024032054,0.0,0.006196447505094192,0.004271741520583744,0.0034273034127515934,5.5741910362035005,4.594280284977344,5.558194776257941,2.8119554200042525,20.48907807614876,20.439184922377482,4.882487170646296,0.0,0.0,29.312670900974258,5.592132375714134,16.475207845823178,0.0,1059.8060337764712,67.52036538274665,705.7903984606066,427.6376531092038,185.75441469566107,25.1765402885087,87.69378652197501,0.1355017458401925,0.025226980237518154,0.11458284915183185,24.025415520370334,2.8027071164608355,9.791644121587886,5.994865755419492,0.7410004742722449,2.6173175223315743,6.846570747137166,3.1541833106729027,917.6623659007644,3385.4491206761104,3104.778462713279,1441.67734562059,4340.44541718311,11260.084924504095,19261.43316828913,0.0,0.0,48067.83991489141,287200.8421451492,991.6281025290522,594.4161989170566,0.9832968933257357,0.1005241666652077,0.33457808253889615,0.263415792695652,0.2609037315212584,0.0021973742942061805,0.08886683279288775,4.8552993850275574e-5,0.0,0.0,0.009905288720864363,4.359839108228398e-5,0.006060610532649375,0.0025688469644132134,0.0,0.0015861091439970222,0.0010242191067016716,0.002414130596973725,1.0172405803160691,0.9679417039679382,0.5542735012574544,0.6758983914924195,4.738770803125152,2.3010523020587836,0.5234145169802974,0.0,0.0,6.886092034298709,0.0840814516746711,3.3760266494775903,0.0,0.17480058452334093,0.006185443624146242,0.049164764563449655,0.08577882316700211,0.09027183854855317,0.0,0.06783814000358433,0.0,0.0,0.0,0.004115799760861172,0.0,0.0068500473633096295,0.0015454023032954727,0.0,0.0021232978050606767,0.0,0.0,0.10779157358630623,0.20946325136208233,0.1484417383000228,0.09086496039169567,1.7199627153148556,0.6934842654957529,0.34600450965985646,0.0,0.0,0.8133486612266129,0.08449671917686478,1.1294373759431648,0.0,14.278750471771916,1.89079802228139,12.532094941438915,2.6588930261152335,2.2792786351958103,0.17890641098738447,3.2767800461703755,0.0006717232943975496,2.0265513234533018e-5,0.0025293266066382628,0.1517579150396277,0.021251062022399257,0.4008968430004485,0.03320452270535327,0.005110967380625201,0.09859616201234145,0.006018970708326309,0.022035326919636295,14.227964604311182,18.172788890471193,18.529081492184652,13.656557831624903,76.19661117479797,94.4096816810243,18.402935819335156,0.0,0.0,100.77796516432014,5.197154781096212,70.88777543900713,0.0,0.0
FAC_IT_LAB,0.0,0.0,0.0,0.0,0.0,0.0,0.0,0.0,0.0,0.0,0.0,0.0,0.0,0.0,0.0,0.0,0.0,0.0,0.0,0.0,0.0,0.0,0.0,0.0,0.0,0.0,0.0,0.0,0.0,0.0,0.0,0.0,0.0,0.0,0.0,0.0,0.0,0.0,0.0,0.0,0.0,0.0,0.0,0.0,0.0,0.0,0.0,0.0,0.0,0.0,0.0,0.0,0.0,0.0,0.0,0.0,0.0,0.0,0.0,0.0,0.0,0.0,22304.591,1165.311,5421.732,16955.203,4649.1501,735.8177272088047,2562.112572791195,3.8381470701592755,0.9564296247249879,3.3302817747994777,529.7556976286661,61.09248503014437,212.7236382202206,141.55301742648342,18.318237700289266,63.783985337404616,63.79386255977436,29.494064122119315,30247.532,13514.002073318105,71540.26378269511,38272.896,88834.9166,185073.12229749205,182822.424,0.0,0.0,0.0,0.0,0.0,0.0,0.0,0.0,0.0,0.0,0.0,0.0,0.0,0.0,0.0,0.0,0.0,0.0,0.0,0.0,0.0,0.0,0.0,0.0,0.0,0.0,0.0,0.0,0.0,0.0,0.0,0.0,0.0,0.0,0.0,0.0,0.0,0.0,0.0,0.0,0.0,0.0,0.0,0.0,0.0,0.0,0.0,0.0,0.0,0.0,0.0,0.0,0.0,0.0,0.0,0.0,0.0,0.0,0.0,0.0,0.0,0.0,0.0,0.0,0.0,0.0,0.0,0.0,0.0,0.0,0.0,0.0,0.0,0.0,0.0,0.0,0.0,0.0,0.0,0.0,0.0,0.0,0.0,0.0,0.0,0.0,0.0,0.0,0.0,0.0,0.0,0.0,0.0,0.0,0.0,0.0,0.0,0.0,0.0,0.0
FAC_IT_CAP,0.0,0.0,0.0,0.0,0.0,0.0,0.0,0.0,0.0,0.0,0.0,0.0,0.0,0.0,0.0,0.0,0.0,0.0,0.0,0.0,0.0,0.0,0.0,0.0,0.0,0.0,0.0,0.0,0.0,0.0,0.0,0.0,0.0,0.0,0.0,0.0,0.0,0.0,0.0,0.0,0.0,0.0,0.0,0.0,0.0,0.0,0.0,0.0,0.0,0.0,0.0,0.0,0.0,0.0,0.0,0.0,0.0,0.0,0.0,0.0,0.0,0.0,42148.256,2231.816,2886.309,13258.153,3170.594,516.2568351174127,1797.6029648825875,9.316864364366378,2.3216736942950864,8.08405280562646,783.0829346821338,92.64451886164149,322.58761619675533,292.3656725395847,35.80004251800386,124.65551678100356,41.50652632730282,19.18987344334011,33309.886,28648.981600229356,101646.38927317192,39195.522,72449.14120000001,416460.2048343847,68145.06499999999,0.0,0.0,0.0,0.0,0.0,0.0,0.0,0.0,0.0,0.0,0.0,0.0,0.0,0.0,0.0,0.0,0.0,0.0,0.0,0.0,0.0,0.0,0.0,0.0,0.0,0.0,0.0,0.0,0.0,0.0,0.0,0.0,0.0,0.0,0.0,0.0,0.0,0.0,0.0,0.0,0.0,0.0,0.0,0.0,0.0,0.0,0.0,0.0,0.0,0.0,0.0,0.0,0.0,0.0,0.0,0.0,0.0,0.0,0.0,0.0,0.0,0.0,0.0,0.0,0.0,0.0,0.0,0.0,0.0,0.0,0.0,0.0,0.0,0.0,0.0,0.0,0.0,0.0,0.0,0.0,0.0,0.0,0.0,0.0,0.0,0.0,0.0,0.0,0.0,0.0,0.0,0.0,0.0,0.0,0.0,0.0,0.0,0.0,0.0,0.0
INS_IT_HH,0.0,0.0,0.0,0.0,0.0,0.0,0.0,0.0,0.0,0.0,0.0,0.0,0.0,0.0,0.0,0.0,0.0,0.0,0.0,0.0,0.0,0.0,0.0,0.0,0.0,0.0,0.0,0.0,0.0,0.0,0.0,0.0,0.0,0.0,0.0,0.0,0.0,0.0,0.0,0.0,0.0,0.0,0.0,0.0,0.0,0.0,0.0,0.0,0.0,0.0,0.0,0.0,0.0,0.0,0.0,0.0,0.0,0.0,0.0,0.0,0.0,0.0,0.0,0.0,0.0,0.0,0.0,0.0,0.0,0.0,0.0,0.0,0.0,0.0,0.0,0.0,0.0,0.0,0.0,0.0,0.0,0.0,0.0,0.0,0.0,0.0,0.0,665227.7140000002,827595.7330000001,0.0,0.0,0.0,-36367.038,0.0,0.0,0.0,0.0,0.0,0.0,0.0,0.0,0.0,0.0,0.0,0.0,0.0,0.0,0.0,0.0,0.0,0.0,0.0,0.0,0.0,0.0,0.0,0.0,0.0,0.0,0.0,0.0,0.0,0.0,0.0,0.0,0.0,0.0,0.0,0.0,0.0,0.0,0.0,0.0,0.0,0.0,0.0,0.0,0.0,0.0,0.0,0.0,0.0,0.0,0.0,0.0,0.0,0.0,0.0,0.0,0.0,0.0,0.0,0.0,0.0,0.0,0.0,0.0,0.0,0.0,0.0,0.0,0.0,0.0,0.0,0.0,0.0,0.0,0.0,0.0,0.0,0.0,0.0,0.0,0.0,0.0,0.0,0.0,0.0,0.0,0.0,0.0,0.0,0.0,0.0,0.0,0.0,0.0
INS_IT_GOV,0.0,0.0,0.0,0.0,0.0,0.0,0.0,0.0,0.0,0.0,0.0,0.0,0.0,0.0,0.0,0.0,0.0,0.0,0.0,0.0,0.0,0.0,0.0,0.0,0.0,0.0,0.0,0.0,0.0,0.0,0.0,0.0,0.0,0.0,0.0,0.0,0.0,0.0,0.0,0.0,0.0,0.0,0.0,0.0,0.0,0.0,0.0,0.0,0.0,0.0,0.0,0.0,0.0,0.0,0.0,0.0,0.0,0.0,0.0,0.0,0.0,0.0,-4100.307999999999,521.086,124.99300000000001,619.373,157.1605,22.37160743408996,77.89779256591004,0.4918463029493529,0.12256340529772898,0.4267649854925333,48.066733914971635,5.589776924771019,19.463567142341827,16.57871159613247,2.0503878036413243,7.1394370868648735,3.758309164098056,1.7375936654218607,2933.682,-7602.583902829519,6273.393486396151,5037.715,4418.6781,36165.74472444139,22284.490999999998,0.0,0.0,0.0,0.0,258221.57514699936,0.0,0.0,0.0,0.0,0.0,0.0,0.0,0.0,0.0,0.0,0.0,0.0,0.0,0.0,0.0,0.0,0.0,0.0,0.0,0.0,0.0,0.0,0.0,0.0,0.0,0.0,0.0,0.0,0.0,0.0,0.0,0.0,0.0,0.0,0.0,0.0,0.0,0.0,0.0,0.0,0.0,0.0,0.0,0.0,0.0,0.0,0.0,0.0,0.0,0.0,0.0,0.0,0.0,0.0,0.0,0.0,0.0,0.0,0.0,0.0,0.0,0.0,0.0,0.0,0.0,0.0,0.0,0.0,0.0,0.0,0.0,0.0,0.0,0.0,0.0,0.0,0.0,0.0,0.0,0.0,0.0,0.0,0.0,0.0,0.0,0.0,0.0,0.0,0.0,0.0,0.0,0.0,0.0,0.0,0.0
INS_IT_INV,0.0,0.0,0.0,0.0,0.0,0.0,0.0,0.0,0.0,0.0,0.0,0.0,0.0,0.0,0.0,0.0,0.0,0.0,0.0,0.0,0.0,0.0,0.0,0.0,0.0,0.0,0.0,0.0,0.0,0.0,0.0,0.0,0.0,0.0,0.0,0.0,0.0,0.0,0.0,0.0,0.0,0.0,0.0,0.0,0.0,0.0,0.0,0.0,0.0,0.0,0.0,0.0,0.0,0.0,0.0,0.0,0.0,0.0,0.0,0.0,0.0,0.0,0.0,0.0,0.0,0.0,0.0,0.0,0.0,0.0,0.0,0.0,0.0,0.0,0.0,0.0,0.0,0.0,0.0,0.0,0.0,0.0,0.0,0.0,0.0,0.0,0.0,0.0,0.0,527705.4408753394,0.0,0.0,0.0,0.0,0.0,0.0,0.0,0.0,0.0,0.0,0.0,0.0,0.0,0.0,0.0,0.0,0.0,0.0,0.0,0.0,0.0,0.0,0.0,0.0,0.0,0.0,0.0,0.0,0.0,0.0,0.0,0.0,0.0,0.0,0.0,0.0,0.0,0.0,0.0,0.0,0.0,0.0,0.0,0.0,0.0,0.0,0.0,0.0,0.0,0.0,0.0,0.0,0.0,0.0,0.0,0.0,0.0,0.0,0.0,0.0,0.0,0.0,0.0,0.0,0.0,0.0,0.0,0.0,0.0,0.0,0.0,0.0,0.0,0.0,0.0,0.0,0.0,0.0,0.0,0.0,0.0,0.0,0.0,0.0,0.0,0.0,0.0,0.0,0.0,0.0,0.0,0.0,0.0,0.0,0.0,0.0,29433.78446408105
EXT_IT_EXT,0.0,0.0,0.0,0.0,0.0,0.0,0.0,0.0,0.0,0.0,0.0,0.0,0.0,0.0,0.0,0.0,0.0,0.0,0.0,0.0,0.0,0.0,0.0,0.0,0.0,0.0,0.0,0.0,0.0,0.0,0.0,0.0,0.0,0.0,0.0,0.0,0.0,0.0,0.0,0.0,0.0,0.0,0.0,0.0,0.0,0.0,0.0,0.0,0.0,0.0,0.0,0.0,0.0,0.0,0.0,0.0,0.0,0.0,0.0,0.0,0.0,0.0,10155.234664192714,183.626115669301,6227.070347414326,3072.5514637364436,2126.1868018015184,221.28646445160354,770.2689021802761,0.3309946847692272,0.11717514636884939,0.29341636144131056,62.69597904751672,6.967658080168418,24.076846992040384,10.23758277768618,1.2403719933931765,4.150702425620473,3.3737652077231295,1.6026973511968088,1962.4757861760304,3992.0800261541244,4374.2628388609155,3870.2690878075405,51985.555539003566,9039.160414686372,4024.1933075810634,0.0,0.0,45715.731946762535,616.8233926325199,20451.58165919374,0.0,0.0,0.0,0.0,0.0,0.0,0.0,0.0,0.0,0.0,0.0,0.0,0.0,0.0,0.0,0.0,0.0,0.0,0.0,0.0,0.0,0.0,0.0,0.0,0.0,0.0,0.0,0.0,0.0,0.0,0.0,0.0,0.0,0.0,0.0,0.0,0.0,0.0,0.0,0.0,0.0,0.0,0.0,0.0,0.0,0.0,0.0,0.0,0.0,0.0,0.0,0.0,0.0,0.0,0.0,0.0,0.0,0.0,0.0,0.0,0.0,0.0,0.0,0.0,0.0,0.0,0.0,0.0,0.0,0.0,0.0,0.0,0.0,0.0,0.0,0.0,0.0,0.0,0.0,0.0,0.0,0.0,0.0,0.0,0.0,0.0,0.0,0.0,0.0,0.0,0.0,0.0,0.0,0.0,0.0
IND_PL_AGRI_FOOD,818.4157910956258,0.6179529237411198,2.7068842764459298,3.750022066538203,2.42777207281839,0.0,2.1884838943632303,0.0032990013302847438,0.0,0.008735981808120807,0.20411004262614682,0.0,0.1969131398074919,0.04337646174623345,0.0,0.06158546614295906,0.007666297335611948,0.002596808198738302,4.5619354997969985,6.608951396753084,10.811825842336576,21.830168819047778,156.25964819628265,218.94393731938962,148.8074607846851,0.0,0.0,2026.0466452677986,7.086416797605556,186.51850427631706,0.0,134.990179599656,0.35048277612968115,1.0953047994429426,1.5826293504169768,0.7454319652415493,0.0,0.671065717634062,0.0015498793959857632,0.0,0.0015920164224151778,0.06818251836432021,0.0,0.07373472058040087,0.00678624648929019,0.0,0.006005762350127918,0.001711220553173917,0.001365382200804911,6.399919663927553,2.5814208845910604,11.345839115164383,4.40911604817957,27.383937025706786,103.31106914886128,24.051894879104058,0.0,0.0,552.5434202385932,2.7052378671419572,18.376246818408394,0.0,534.7881020248536,0.2515567563740549,0.8390773214991567,0.6396267536717092,0.42981045540081686,0.1214510828625209,0.4373949503746173,6.007272416320982e-6,0.0,0.0,0.1441724265908032,0.010711327134606876,0.056478666965982215,0.004907518181743831,0.00026353946623292783,0.001779772386010532,0.001868670564373578,0.0006715286862478409,0.8652629185375914,5.6993578094348045,10.123468682842145,4.7806846137827055,88.31607671704923,11.48988702711142,1.0098655990717176,0.0,0.0,466.16121596480673,0.1757135786942425,8.790596523320266,0.0,26649.033353372975,37.13682908185023,28.11117498938684,52.08471666820007,26.494713683409064,0.4927069924259573,19.132256935239045,0.018118011879325022,0.0,0.0006303328172921923,27.38140565309789,0.9738242216900109,37.46984792199616,8.15514977172959,0.14595281479438935,6.354534670863158,0.048931192689520175,0.08978864314569325,287.1962176882595,222.47719641673592,2789.6050567439884,171.70680991453602,1778.4518514491685,2825.463513978961,466.28532098546685,0.0,0.0,28729.09455782773,727.3163843356108,-589.093897651556,5170.601801477193,62.50653071709425,0.0663025242244938,0.1828258081223972,0.2919841253389314,0.1642019292692263,0.0,0.10322938038577306,0.0,0.0,0.0,0.14727285204046806,0.0,0.24027627693642462,0.044096143335394904,0.0,0.0688885084607121,0.0,0.0,0.6198340178254464,0.8831858054193854,4.221003221236537,0.3089897576205275,13.547593837378466,18.07017566639882,4.306922440621209,0.0,0.0,386.6056081479644,0.23463076528909826,3.2205562199639455,0.0,1816.6431874028424,3.425801094648869,5.383752110595286,6.500185898742914,4.276621748739459,0.5188037363670929,9.340955548711797,0.004003423074032442,0.0003145913700858325,0.012797407421945229,0.8138125124029478,0.12279612293527735,2.2947975334794175,0.16127625367152781,0.010764046869273014,0.3202254723626287,0.002553431755296484,0.016660730202773897,18.705628335135625,23.0741853551629,96.67574848145048,31.34023610574665,268.59847233065165,703.8107451402786,110.5421404898508,0.0,0.0,5021.787167126863,5.308399974654571,122.71729571482228,0.0,0.0
IND_PL_EXTRACTIVE,4.010366342010221,0.8019405201379928,239.49669630586183,71.10148605400889,13.618557021371638,0.0,2.888139399246212,9.431336164737846e-5,0.0,0.00025978563678801154,0.24478093744201224,0.0,0.17350528304667298,0.0044170335530865235,0.0,0.007840578126743002,0.002643483517780735,0.0008851927898560092,14.47736618664813,32.01656211893216,1.8740091261284844,2.7049251705243393,202.09508662562192,10.203968896137624,2.546246544318852,0.0,0.0,16.597715292949033,0.5474378158339489,-3.0677140507775658,0.0,0.8479880370011988,0.06979121913860607,13.341047929498991,12.972967649541614,2.44426787855728,0.0,1.0631971789372368,0.00010117364896326784,0.0,0.00010557203077155902,0.011592077553317391,0.0,0.022937905976634886,0.0004158274877769562,0.0,0.00039184936498029484,0.005026289287800863,0.0037178510055806482,8.373443980929114,20.884725864249496,0.7902248926813783,0.50703027936509,50.89839527873593,7.156441758724509,0.4026233334463743,0.0,0.0,1.323443242274224,0.18388999880765672,0.4133560787318382,0.0,0.9180279147267502,0.09583111604781328,33.89846313311013,9.467398244388642,3.6014644129033995,0.11925109541294407,0.41937512287654083,1.6465354269005082e-7,0.0,0.0,0.002087982560168302,0.0001560113975839616,0.0006055776461595619,0.00027706517198703405,1.0179976795486146e-5,9.46764732304908e-5,0.00045081812616971353,0.00017272174786186543,0.46696345338591044,0.4005146956027893,0.17158217265290882,0.21770306388281532,26.02225370484353,0.5768483517218939,0.2862312061161407,0.0,0.0,1.6871259796689184,0.01609138312835478,0.7222305705820902,0.0,173.65911383117964,575.1718555180065,707.6569362980745,404.272002094566,97.35853327617849,0.9135808680017534,35.21275509733624,0.002876785539909786,0.0,0.00011411888651754593,1.6356689667816953,0.02536363199793868,1.341576540054346,0.25173523334914644,0.001986034755215485,0.16080159681195358,0.20266921606961752,0.3477085486370292,754.3262815831506,2187.069153050754,81.2653983939055,69.62004540093966,1995.6052859227057,242.21403682102482,45.39492170149361,0.0,0.0,899.9332301488992,130.70622214158385,-223.95173912318887,816.0795480240839,0.4287504822291593,0.08385324421595848,32.8205610837735,15.673675758345667,1.9623957042597784,0.0,0.47399241949364507,0.0,0.0,0.0,0.05623818324609044,0.0,0.09253048772186423,0.00609356807276016,0.0,0.009523709981034821,0.0,0.0,4.803444064660826,20.654998890865528,1.2661508417070577,0.41552957134752133,51.17353840823619,4.487177055582113,0.12481952608622306,0.0,0.0,1.158444990932378,0.03804422217434724,-1.4692370312380374,0.0,6.768446851652804,6.8943560501526955,203.69902796915835,191.78788704217476,49.258055481237825,0.4763548079710898,8.571918621600105,0.00019710813835250058,8.622643174394052e-6,0.0008150716428223838,0.1389485926795503,0.012037442647501893,0.24704714200576533,0.004783004827000878,0.0005894699780628407,0.015856837848613126,0.0037706020809205702,0.019054822130088807,69.03894311977817,108.43038473454338,7.591091918554385,8.152288653475654,392.88885265605467,22.310764715419808,3.4954546334942704,0.0,0.0,15.253670420721559,0.543164162726324,12.249492599184137,0.0,0.0
IND_PL_BASIC_METALS,6.805853118489783,1.3336931470716171,532.5186268414596,178.8265712615801,34.36034802908464,0.0,7.546050341848107,0.00010510273644507246,0.0,0.00036298189316591,0.6250009701320969,0.0,0.43998329323431573,0.009598519121867596,0.0,0.018028628043173033,0.00296869391318147,0.0007703337198377063,45.10232673512314,9.573545372601542,4.134304495142309,5.512938770266005,323.80058730633215,21.776068614301874,3.295498716696771,0.0,0.0,24.36330845366655,0.641610095377687,27.46612349492231,0.0,1.7056692625683691,0.10501882976548514,28.094140035709085,32.6846134805642,6.174495958244748,0.0,2.7341684367954917,0.00019955788241338536,0.0,0.0002057559004768427,0.028334085700556354,0.0,0.05801177309108588,0.0010122030908715084,0.0,0.0009577218012084062,0.012032376950635365,0.008934115472211339,22.403845606288538,5.651677520712975,1.9676672953870906,0.827681720601953,42.103185296128515,17.42783364118166,1.0020936608041717,0.0,0.0,8.46309526086502,0.7065632595550918,4.722610077653596,0.0,2.3292045483653903,0.2288009896336717,80.84433634849138,25.800521778819153,9.485489389809432,0.3160243248965124,1.1108015963253648,1.3575099828882172e-7,0.0,0.0,0.011536483476740883,0.0005273790476871676,0.0026273677653042998,0.0007265884548457914,2.8528493415804273e-5,0.00024941295117863425,0.0004634404678027828,0.00014171263642255027,1.475818126120478,0.4706625406432057,0.3251360235782361,0.5387044050084009,70.32478556193776,1.7051844289085065,0.501360674913139,0.0,0.0,9.503981468986924,0.08754872528222798,4.933196557027944,0.0,71.78902945289704,160.05405279418443,717.1823436795238,1092.0655160701851,225.3507540517216,2.101359286294965,80.2030180018228,0.0044954120001367386,0.0,0.0001479014103063248,3.209617338763656,0.04633227169728878,2.0421872449149387,0.31711304360189063,0.0017430036542604812,0.2135472898173419,0.34188125642484946,0.5742649506003153,474.92115072073824,183.54159448765284,116.08578564058062,60.36952024612555,1332.4940552382566,178.09700890200034,29.692466140519056,0.0,0.0,174.47059816973476,10.565283038131238,265.04686441228995,1186.7104859636893,0.8703791229715676,0.042266135101972115,63.84180341878546,39.441662798778495,4.944955705166686,0.0,1.2326580993625529,0.0,0.0,0.0,0.14333210032346974,0.0,0.22948878421358565,0.01614793382473254,0.0,0.025280605277733383,0.0,0.0,10.778616317262856,2.9424468309271226,3.004309940334103,0.45364422863419523,72.5980833621972,11.090469478947904,0.23182696836441882,0.0,0.0,1.8994886210204007,0.24783249114904524,-1.2778550420240746,0.0,19.608927067289766,9.74635267791106,432.1144562157324,474.30147316962587,122.11914496024471,1.2384521703291493,22.131148370713504,0.0003511582051950436,7.1468251145074364e-6,0.002200855587664585,0.36017939315891717,0.030246749920234378,0.6159523830382364,0.012251539056293916,0.0013181716597344554,0.039879216048880686,0.008525349281444067,0.044556384249198194,170.65816072879375,39.754140013611355,19.004494598016723,21.010954173108907,684.4889494517428,48.47471987408987,10.20064531604881,0.0,0.0,61.621797660301006,2.1335347891222085,60.57294771916597,0.0,0.0
IND_PL_METAL_COMPONENTS,35.56798094139308,2.043650299337363,109.14154451786561,201.85724326162386,32.0520558158031,0.0,14.86577721864835,0.0004973483297887167,0.0,0.0016710502688055194,0.841424545159813,0.0,0.6020456035878439,0.0352302242254345,0.0,0.06028783546069295,0.015443331856627246,0.000905623764767164,182.49693585161458,20.694443185819573,20.38613277449033,16.496898849550742,478.28615168609895,48.88978050296598,20.862295696611636,0.0,0.0,149.8138196706199,2.33574475828272,453.2473874241852,0.0,10.747909772761867,0.34680574974279244,9.532323153869298,33.63147044454454,6.236044292803296,0.0,4.070740709892967,0.0008305256250959647,0.0,0.0008654449131223374,0.05493340886542329,0.0,0.09949514208013871,0.004320417036660542,0.0,0.003952880924375431,0.0030114552614935075,0.0022873386310943915,53.31491020309135,6.326611368624556,7.227968279636124,3.7946892067934628,83.05692555057895,40.139882836743105,8.065714503561866,0.0,0.0,56.71039419884599,2.5501518291649314,26.672611027784313,0.0,5.593882879659685,0.07599214345831361,15.810849905289716,58.139098980015305,13.507929235233995,0.4636909276842018,1.6292837451803814,7.125676884120087e-7,0.0,0.0,0.08611875237666398,0.0019744218057821884,0.019037670045842253,0.002791603854889923,0.00011062894342359399,0.0009664048708150417,0.0018885900723738225,7.822196569022732e-5,7.799933169070505,1.483629801564195,2.6696351336467163,3.32995092083014,141.16159250763837,7.978503347253903,1.954255571745008,0.0,0.0,52.18475172040358,0.3121813946505234,28.960174298357977,0.0,382.83864479055086,131.27085216679998,407.4262005546325,3093.879686262089,218.23312748454563,1.6270764802068902,62.27093107552863,0.026097555408903367,0.0,0.0006872627705968452,12.08798341533909,0.1787870944004714,7.202146469570575,0.9836209146466518,0.006226234751100806,0.6728359753273556,0.1546486482226724,0.26531380895884665,2729.2400938209,159.69471653188984,388.39316238227025,175.93405517387637,4200.863863096848,725.7719031618287,173.80954958450377,0.0,0.0,739.7824242567901,33.02987933215341,3333.0619526180367,1522.0375978705015,1.4769324592036,0.05490482138864524,12.72431923360904,38.76854214480473,3.286625831773565,0.0,1.111253824215619,0.0,0.0,0.0,0.16213116080926182,0.0,0.25558887426991234,0.03511922877219426,0.0,0.05594420695868549,0.0,0.0,8.749628002813271,1.6627104451239716,3.72000494877404,0.7362660776170042,125.44506528288647,7.8624304057013275,0.7690744102074026,0.0,0.0,9.280713714504687,0.8756006559258364,9.939305368050746,0.0,123.6788060548588,36.42761971235996,117.33200709953876,334.7515761996778,76.13960362026774,2.0340975076492804,36.33450637615421,0.0023765169575429663,3.7316041998301484e-5,0.02538576292660722,0.9221435493051112,0.08617330296261713,1.6417327896746186,0.08989003596187281,0.008964030698546729,0.27812702954242746,0.0025301938273894547,0.029920169352009827,410.19409045384936,42.382758126323665,67.27892310553176,95.83295938361468,1102.1343525650207,166.87057632550827,65.44098849836466,0.0,0.0,376.8710304997368,7.849466609270085,401.1076315967456,0.0,0.0
IND_PL_NEW_ELMA,4.39419137046416,0.5126615068267832,7.389787760924232,11.63100403778481,157.28455170920563,0.0,13.964725289057968,0.0004847403803417432,0.0,0.003819585708024266,0.6614787894797133,0.0,0.4705606258150632,0.008226642655579331,0.0,0.015300354213486767,0.0012162769912887044,0.00036150299664193243,161.71044919424673,43.139465636322036,8.6383557706504,6.295205867722864,285.8539652371534,39.394080851634094,6.230679055251429,0.0,0.0,144.8238144225436,0.4642531674046463,294.82167340810963,0.0,3.9198979134804324,0.20224673134946008,3.6646275453190778,11.64223493414252,19.493112035849716,0.0,9.627272338827249,0.0019714804192799236,0.0,0.002216735203742127,0.10964437154832041,0.0,0.13906984536978045,0.018439073181317975,0.0,0.017100982127260817,0.00034479115453343975,0.00027568973757810506,61.585868678343665,7.254861592376971,17.34152054437814,6.727585686072607,87.11222277339843,63.62905664326147,2.3504130907264993,0.0,0.0,91.83193431742234,0.4365676493519178,45.012289188259416,0.0,1.0386172824305262,0.12915647410995582,3.281132962528241,6.511410330713646,72.84975597437064,2.1178969711186504,7.386510267750517,8.610623776313379e-7,0.0,0.0,0.06268529801427351,0.0005702497686547452,0.016247408939138498,0.0010004872552211446,4.673293984299593e-5,0.0003581722891605999,0.0002411674252037354,7.633215010650783e-5,10.400581086151389,3.277582799501104,2.976788074309356,1.0474843284242694,117.36476079507361,7.741770274686585,0.6745041070801174,0.0,0.0,74.23052882149285,0.05769864888441831,54.67256713634804,0.0,54.17357686597073,15.038069840670286,27.296226453019468,51.18695712872349,260.6090584767653,2.9327792309542566,111.89325233805462,0.24135843160209283,0.0,0.00026954761231293893,2.095627117867267,0.025205001304479904,1.29289429570539,0.42203351652766274,0.002033546149672747,0.29975117931291356,0.007172374120537836,0.017608013476658853,250.31605802921644,79.67779818310048,105.60750412156636,72.3414724393287,598.4917620532975,206.64798201140297,44.02474926184355,0.0,0.0,770.9613295653268,25.128265335892046,590.6168135174407,1337.5986159045513,0.3158287828398811,0.05446796874140047,0.16604371722725028,3.2938592248304253,17.97796047527907,0.0,4.219892412852811,0.0,0.0,0.0,0.054288968434246146,0.0,0.08489592728764087,0.024783952043078927,0.0,0.040649038191985204,0.0,0.0,4.284099474490925,16.14027571101781,1.5801127237505304,0.3806328893139936,32.69400741773786,7.601451535920512,0.25477852038395216,0.0,0.0,10.643155132321644,0.12935059122433037,18.45332678066479,0.0,16.921647440827076,7.65477405333544,10.372165272203633,23.077404360555533,177.43902409852365,4.221269747364656,75.2837021619986,0.004390174625578487,4.50924744451917e-5,0.03047335234645398,0.7910743637905784,0.0693210255915304,1.321790772788747,0.08063638901998084,0.005262402170527884,0.20257511066525366,0.00043017737921420074,0.007909313390430916,240.89300405677986,46.26594663894934,53.05700531424081,36.26294826403391,497.53438671697097,157.0127435132329,24.330458545261965,0.0,0.0,555.3026995204905,1.91790725686903,479.13325935909825,0.0,0.0
IND_PL_NEW_OFMA,0.025630447131261568,0.0017024584201123232,0.02693443151258409,0.05945623294609101,0.567470426868756,0.0,1.2765383432877901,3.0976728467649592e-6,0.0,1.2036509432039031e-5,0.0010962865715667205,0.0,0.0008249833754710937,7.355243600034586e-5,0.0,0.00011326479775208606,1.0964827060381975e-5,3.3959772333518567e-6,0.26066977559954163,0.10595122378010109,0.08298029016049062,0.04767518874125142,2.2842840201105887,0.7401704848122602,0.2323172733364539,0.0,0.0,3.6983652676544616,0.08344473353909782,9.216010563310421,0.0,0.015921857889924437,0.0006293389464483793,0.012362297868164151,0.05050369734409609,0.12868918458552145,0.0,0.20920801671950337,5.0320082009256795e-6,0.0,5.399275504090959e-6,0.00019919323523698838,0.0,0.00025025185818526016,3.4702755652312676e-5,0.0,3.252371334755789e-5,3.839292972318333e-6,3.0772398930157685e-6,0.25955223844751196,0.04276144429044443,0.10720373925584312,0.035292111287011776,1.3880054949462715,0.7207609755540947,0.1407726014469158,0.0,0.0,1.2508142415932682,0.013438414888897078,0.8652742953586285,0.0,0.007249742620698184,0.00028529400870500905,0.005454349525093396,0.02766878414440869,0.12570345042818448,0.04690798525924528,0.182203589454802,5.0729290749224554e-9,0.0,0.0,0.00017290939407167943,7.373288713328887e-6,4.43909603562645e-5,1.1367347422418125e-5,4.5683152540099977e-7,3.979166186743875e-6,1.4467918097652213e-6,4.395503246106496e-7,0.02389528492801744,0.010711741727174883,0.00625467069888008,0.0036732092189631143,0.8142506734799518,0.41360585318669396,0.06795145188566501,0.0,0.0,1.380078569293245,0.0010057742722142122,1.4007784045456868,0.0,0.47553422724943295,0.08020505566153294,0.1267317151421428,0.4499502905230879,1.4079672685335909,0.3323574658771562,13.050633003459431,0.0003563071974505551,0.0,3.7497459225793475e-6,0.029101309304234574,0.00022514181792101636,0.016554694292713685,0.002055101583387362,2.947320329646954e-5,0.0014674621050991628,8.686145200839471e-5,0.00015202709562394033,1.9176529833232563,0.7607662602556059,1.6287170295023514,0.6847576115405426,10.553147793199132,5.539070473032475,1.1759008667601125,0.0,0.0,11.39869084331246,0.3090261791247875,9.271527919472366,21.143650445722397,0.0032318820331512176,0.00013688722174813088,0.001156602298323807,0.005717453707151201,0.03620736678873619,0.0,0.3860942019356757,0.0,0.0,0.0,0.0001415273907808273,0.0,0.00022423867000654257,6.157886228292003e-5,0.0,9.565053441147592e-5,0.0,0.0,0.00856428965192303,0.020471587653946254,0.016663741908754914,0.0017331608413512678,0.31759780183560976,0.04988643708237974,0.008092961298431114,0.0,0.0,0.1353228116306255,0.0027010691198234506,0.22911663866741006,0.0,0.1992090912156963,0.060873806364687685,0.061073921725424835,0.16949733270591147,0.7336832240115099,0.3131842095968591,5.700516349867916,1.0039387289573692e-5,2.6566129143979177e-7,5.2489186927482816e-5,0.0016074409662924817,0.00017405244985733653,0.009990833041219198,0.00020016717089998225,2.188985860334161e-5,0.0005321362424160962,4.560580497339387e-6,2.500820391196502e-5,1.038810564735154,0.2649844811802763,0.6819553891599425,0.333568402448482,6.130395197655827,4.060501379331694,3.0138139965430324,0.0,0.0,10.649505260062785,0.06619065840077112,16.79230318673954,0.0,0.0
IND_PL_NEW_RATV,1.1436437663171208,0.06491470248622724,1.2454619725132903,2.484469538926001,21.84009112332614,0.0,48.823536251539636,0.00011809784584085564,0.0,0.000458662945462749,0.3088393398893759,0.0,0.23328966667346807,0.004996042096794763,0.0,0.008778018583073732,0.00041960646397567515,0.00013002032491274868,10.164911420911311,4.2407128136031975,3.3809165635295275,2.0504672012990977,87.11019886572271,28.315527489762292,9.04914618154234,0.0,0.0,140.9435950055252,3.482995018305618,351.25950950487277,0.0,0.8001747171649792,0.04122581427358846,0.7051783490364069,2.153362690866319,5.1411694792874245,0.0,8.203587735211984,0.0001916510039967942,0.0,0.00040910256866487517,0.027662561982823422,0.0,0.040650078822617015,0.00132154200641187,0.0,0.00123856988837705,0.00014635306011796066,0.00011729048638816172,10.10303181224507,1.8364178720854272,4.287805070880961,1.5502220800152078,52.95765413471137,27.486252960526738,5.56502496280146,0.0,0.0,47.805776611366745,0.8554657134033363,33.462527473398644,0.0,0.27639205548435275,0.010869874076959144,0.20829924886601844,1.3065413572361628,5.035715053244048,2.06183064575109,7.193401573560778,1.9343271106134662e-7,0.0,0.0,0.034140999347150695,0.0002808977887843998,0.001766126365090902,0.00043315398865798694,1.7406023399417704e-5,0.0001516207440289977,5.5510267653101995e-5,1.6893728962683516e-5,1.1513820969748667,0.6174466325264663,0.34554425461728044,0.3680585724320329,31.13933378723762,15.862641284462487,2.8296925203700254,0.0,0.0,52.78544360622853,0.038308969591742265,53.56818201758322,0.0,18.33885429342033,3.3250078963165612,5.082322747748249,17.42152342628077,53.85667967485654,13.05036585227395,496.90856225225383,0.1576263845641209,0.0,0.00014291291354119173,1.4117209750440685,0.01430188497222566,0.9347755738367031,0.16870725840893383,0.0011243339203217072,0.12020900508828952,0.003317788622368525,0.005806016100293332,73.29787704032118,29.181168530542653,62.08959770825511,26.306588385353233,401.755568194484,210.753401936043,44.99666173417176,0.0,0.0,434.3062413036795,12.29879276153959,353.47936381578353,801.1268652391493,0.12917042900106698,0.005213883035353552,0.046502122544284076,0.2873113622696303,1.6672712863083388,0.0,14.996520783736573,0.0,0.0,0.0,0.03085105642574698,0.0,0.05287900096624458,0.0023459681094928917,0.0,0.005666102483905537,0.0,0.0,0.48228467168864414,0.841727996287744,0.8589401833260101,0.0730021964677266,12.133860632113901,1.7274364952346661,0.47865024497297926,0.0,0.0,5.4038190884515345,0.10285338501374203,9.377833434052198,0.0,6.530623208221079,2.1411353578891545,2.224215301339532,6.338496042978357,27.911496854129904,12.169621937949655,216.90793167681983,0.00778465861991456,1.0129762768104476e-5,0.04408529095623934,0.3140607696951616,0.028873669718984467,0.6193933394965491,0.041319763153446425,0.0008340008437730979,0.10231727272877553,0.0001741196392383003,0.0009540413591351631,39.49360795951986,9.242752780502748,25.330246123025994,11.2048939662667,229.39690090488915,146.45375790557793,113.57002711542036,0.0,0.0,405.3917605324062,2.742800546042433,639.389214935208,0.0,0.0
IND_PL_REP_ELMA,0.003595817044364536,0.00039075935147778776,0.0013412233752881728,0.0014479039214972185,0.0016888636061373047,0.0,0.0024656793891398446,2.1953472342421163e-6,0.0,5.791795047198638e-6,0.0001324962519701348,0.0,0.00012709723648570933,2.7489330276803967e-5,0.0,3.851679147064057e-5,2.819726806765095e-6,9.31706018537585e-7,0.0017110759624383927,0.0027316734757769716,0.006746088197582707,0.004979955811008717,0.02467038648861895,0.012224982224361506,0.002639763439772943,0.0,0.0,0.011828127153129255,0.0006399732605824592,0.013078866077293161,0.0,0.002635512363846686,0.0001677221594970205,0.0004960982744637864,0.0007533179781418002,0.00046479814151350013,0.0,0.0005466349760955083,9.846468421702843e-7,0.0,1.0160890414959224e-6,2.0902421077625758e-5,0.0,2.3376168449694695e-5,2.3349332742115766e-6,0.0,2.215040180845056e-6,1.0342877906362591e-6,8.348525921085976e-7,0.00233120297191017,0.0009597731610214768,0.0028080993247758773,0.001500325591386951,0.008703870275867172,0.008435642574508287,0.002132197315257859,0.0,0.0,0.002462262565753121,0.0005591587606736814,0.0021137470819460975,0.0,0.0007350659684274519,5.7842653293259136e-5,0.00012871451476798072,0.00032630431193447665,0.00021694907188207416,8.136264335359732e-5,0.00028494657581257346,4.012833193172143e-9,0.0,0.0,1.5559856931372444e-5,1.5375159406059516e-6,5.675412567394354e-6,3.0841099341755743e-6,1.6968767931787154e-7,1.1261561205917181e-6,8.20606717966178e-7,2.8118027633524423e-7,0.00040450592048074305,0.0002458150506931415,0.0011336472681208194,0.0006262674678516863,0.004350185252069979,0.0028243902545542947,0.000546597458212099,0.0,0.0,0.0025118566136307814,9.420835087616016e-5,0.002090488746793298,0.0,0.3356056232714514,0.042528317345627176,0.012211330995914751,0.06091399694610768,0.06134928650830176,0.0006168727629460333,0.02356093208812917,1.4168582375667555e-5,0.0,3.850184591404618e-7,0.025492642741057964,1.7611130292258012e-5,0.03627274551019101,0.0014658109424896132,2.671339489308369e-6,0.00011935045220422257,9.657357825703203e-6,1.6198635338260436e-5,0.18273366296141969,0.11154723620315789,3.150915466451457,0.20722074038988186,1.3866872441323748,2.1139601869414015,0.1330656344558511,0.0,0.0,6.568201352706714,0.021089733936381125,0.10670344512621156,0.37101479172258184,0.00018306968011511478,2.0772451245870802e-5,6.493334813730438e-5,7.38189567784264e-5,7.770003241610806e-5,0.0,0.00041510812935033066,0.0,0.0,0.0,2.1320554349066782e-5,0.0,3.4286192278972715e-5,1.1159914616804845e-5,0.0,1.5977890046767207e-5,0.0,0.0,9.589930438558198e-5,0.00010568427862473627,0.0006976968276333737,9.527329648891969e-5,0.001581789603460127,0.0006547332413754677,0.0001536154919820019,0.0,0.0,0.0003967455628176102,8.997743665898266e-5,0.00042418092581906314,0.0,0.020558099919857447,0.0014435888994760284,0.002504293548112253,0.002838939652120725,0.002547705493727727,0.0006106898461590868,0.010914699216180438,2.7937579564047113e-6,2.1014574365079275e-7,9.317363879965399e-6,0.0002646563149748112,4.026521208261423e-5,0.0007245798537158696,3.001701725856705e-5,5.062012180537207e-6,9.487409964698787e-5,1.2287153478758057e-6,4.494550263901697e-6,0.005967464940468623,0.011828833188451708,0.03154323152292985,0.02606700153071061,0.09490087976398345,0.14407654931623304,0.02410921686781374,0.0,0.0,0.03101879266800074,0.0018897865802228859,0.029910334219007975,0.0,0.0
IND_PL_REP_OFMA,0.0,0.0,0.0,0.0,0.0,0.0,0.0,0.0,0.0,0.0,0.0,0.0,0.0,0.0,0.0,0.0,0.0,0.0,0.0,0.0,0.0,0.0,0.0,0.0,0.0,0.0,0.0,0.0,0.0,0.0,0.0,0.0,0.0,0.0,0.0,0.0,0.0,0.0,0.0,0.0,0.0,0.0,0.0,0.0,0.0,0.0,0.0,0.0,0.0,0.0,0.0,0.0,0.0,0.0,0.0,0.0,0.0,0.0,0.0,0.0,0.0,0.0,0.0,0.0,0.0,0.0,0.0,0.0,0.0,0.0,0.0,0.0,0.0,0.0,0.0,0.0,0.0,0.0,0.0,0.0,0.0,0.0,0.0,0.0,0.0,0.0,0.0,0.0,0.0,0.0,0.0,0.0,0.0,0.0,0.0,0.0,0.0,0.0,0.0,0.0,0.0,0.0,0.0,0.0,0.0,0.0,0.0,0.0,0.0,0.0,0.0,0.0,0.0,0.0,0.0,0.0,0.0,0.0,0.0,0.0,0.0004813930987389723,0.0,-0.0018785689245010282,0.006496791811829061,0.0,0.0,0.0,0.0,0.0,0.0,0.0,0.0,0.0,0.0,0.0,0.0,0.0,0.0,0.0,0.0,0.0,0.0,0.0,0.0,0.0,0.0,0.0,0.0,0.0,0.0,0.0,0.0,0.0,0.0,0.0,0.0009760784713819408,0.0,0.0,0.0,0.0,0.0,0.0,0.0,0.0,0.0,0.0,0.0,0.0,0.0,0.0,0.0,0.0,0.0,0.0,0.0004918685946195474,0.0,0.001987365229172764,0.007522269100325041,0.017075915835477067,0.0011064543042028597,0.0,0.0,0.0,0.0,0.0,0.0,0.0
IND_PL_REP_RATV,0.00028555380722841575,3.0969470412154076e-5,0.000106253144343861,0.00011395896259702712,0.00013013920100874145,0.0,0.00018697327579994584,1.793781968278712e-7,0.0,4.727733298967856e-7,1.0580331653237217e-5,0.0,1.0180929554304697e-5,2.2091255491931874e-6,0.0,3.088319393216301e-6,2.2466290277826186e-7,7.431247366341871e-8,0.00011345880745581488,0.00021871531663117283,0.0005531908690726945,0.00039717443078071826,0.0018458745848170387,0.0009708655116291232,0.0001965861656966122,0.0,0.0,0.0008110881358935946,4.72654962619352e-5,0.000853011409930358,0.0,0.00021371746238849453,1.3438732365346986e-5,3.956832945276829e-5,5.995011515961805e-5,3.561958268097034e-5,0.0,4.1499171845225784e-5,7.945805864091692e-8,0.0,8.192849762356552e-8,1.6659482528488567e-6,0.0,1.8559167697838803e-6,1.833336185674953e-7,0.0,1.7387644971388257e-7,8.303435587545677e-8,6.705581242676496e-8,0.000182494230368546,7.568279777081811e-5,0.00022572462501676548,0.00011955328494142466,0.0006774630254307819,0.0006796111503513628,0.0001695637025616676,0.0,0.0,0.0001507116904208839,4.109382461044744e-5,0.00014032095341453592,0.0,5.69590005753879e-5,4.643279633547409e-6,9.650220834451465e-6,2.4955976632775883e-5,1.5345055118447292e-5,5.953990762346523e-6,2.0859470949865736e-5,3.282098784903425e-10,0.0,0.0,1.2081766783507394e-6,1.2224423966584494e-7,4.512909172261231e-7,2.4701960829268335e-7,1.3744808852281736e-8,9.029582485194299e-8,6.669249513846827e-8,2.291381865939148e-8,3.1582499803889116e-5,1.928862547798798e-5,9.295511276796594e-5,5.0201566703088335e-5,0.00030262298313547825,0.0002217978889540127,4.050371989455716e-5,0.0,0.0,0.0001460245817533918,7.148098916492624e-6,0.00013325031678794891,0.0,0.019910562096184144,0.0004019600541935311,0.0006623630935342856,0.0013889788765364458,0.0008887232991798059,4.61951762454259e-5,0.0017944969387974543,1.0458807099506537e-6,0.0,2.7408823602668853e-8,5.087693207943947e-5,1.2416472609842061e-6,4.84289348936025e-5,1.2316110484063838e-5,1.8866131052140292e-7,8.41199673523045e-6,7.236359582381781e-7,1.2143655399784897e-6,0.006915553896227141,0.0018240090644136525,0.23890581662436725,0.009425726303414756,0.10233736362063699,0.1600572544488055,0.0033535551907181087,0.0,0.0,0.5068881455226361,0.0015275869918560086,0.0020439555206598565,0.05800723346643637,1.3238743838474769e-5,1.6632472502213756e-6,4.736218123932326e-6,5.395583174766598e-6,5.143363852104888e-6,0.0,2.9317330433892685e-5,0.0,0.0,0.0,1.6924740243403477e-6,0.0,2.7181174510707448e-6,8.973938985065592e-7,0.0,1.2813715872477987e-6,0.0,0.0,5.594001918757761e-6,7.984720776555777e-6,5.631252272931471e-5,6.936630487984103e-6,9.438295189666494e-5,5.1992737217286315e-5,1.101890121972905e-5,0.0,0.0,2.1846005373015093e-5,5.89250535227896e-6,2.6774059470085972e-5,0.0,0.007915549248257044,0.00011688561257170158,0.00020341703995712125,0.00022932443597299814,0.00019609981175011353,4.596775558331021e-5,0.0008372574337789557,2.2434627364732608e-7,1.718783743491216e-8,7.422012821704848e-7,2.1127793868472295e-5,3.230723017266875e-6,5.9095870315629585e-5,2.3781606597063544e-6,4.0540734415336974e-7,7.524416354814319e-6,9.858221917170592e-8,3.6021942903320414e-7,0.0004239860330398459,0.005103021999486913,0.004553552768431806,0.012754562109336662,0.042184979204609986,0.0880071071635863,0.008727362531455854,0.0,0.0,0.0021644583613894697,0.0001397489773411277,0.0020798476551000707,0.0,0.0
IND_PL_REF_ELMA,2.1283859881848186,0.1355754738729944,1.0185750912638833,1.0700473718837453,0.9975046040402508,0.0,0.7736511642876142,3.2219975149289514e-5,0.0,9.552498452394069e-5,0.08190857145596786,0.0,0.08124509821432253,0.007888087153019058,0.0,0.01675947368807121,0.00020366751869225832,6.020272116077036e-5,1.1480901812165276,1.2104343202271652,3.635830301095979,1.435176017453207,13.242592778438626,1.2864647292526257,0.5193465543947152,0.0,0.0,3.7685057378368136,0.08142179741013397,3.6563425094310333,0.0,1.676931705320519,0.024993532151422252,0.20486804137105147,0.42877194249701944,0.16354536292185556,0.0,0.15123292740234445,3.562945272616148e-5,0.0,3.697316668906741e-5,0.00899473403043403,0.0,0.010547388615318454,0.0002180240502585297,0.0,0.0002072784615278884,5.780948528086241e-5,4.426799579489018e-5,1.6371253434538324,0.29342626537339284,1.7065909415624079,0.49333817807108227,3.751681121883161,2.8031053286811156,0.9361110269313339,0.0,0.0,1.213139434574751,0.09433507344684894,0.7500580881583129,0.0,0.7169949342173411,0.0019279978147064745,0.10769824741274019,0.2333837737285095,0.15377681508005395,0.011072099052620226,0.05186252258946788,5.270396726121489e-8,0.0,0.0,0.004156914908033646,9.209957110781765e-5,0.0003781018687740832,0.0001443300026553411,4.790548144902335e-6,4.89303705383021e-5,2.6082375835847905e-5,7.717680886141855e-6,0.09992665848301575,0.02221654492113391,0.7654717760372645,0.2861962053439977,2.337418244005358,0.9395595990686132,0.0868467007481201,0.0,0.0,1.3148537826233408,0.01082481727879208,0.6472090054504658,0.0,86.98109618131568,13.121433644274383,10.340398051477477,19.97397056133603,9.00581908065202,0.18874037558177326,7.482991854398457,0.0015556975730026627,0.0,6.726856142168972e-5,0.6757781740231524,0.005597478143262227,0.5436058767271148,0.10512229325148886,0.0007474244977477338,0.07135676798175182,0.002034606022561308,0.003421157698061018,72.27087882270017,19.289890124925385,36.18674969160918,29.030252473567472,138.79194135006816,73.0501983879809,19.945497435821686,0.0,0.0,138.10500039050305,13.849840609350732,146.87041345877452,70.94798029543716,0.11322934764151898,0.001108654550480981,0.07633966581551554,0.09961921403635873,0.04117158644123804,0.0,0.022451864298681283,0.0,0.0,0.0,0.009728347253130931,0.0,0.019445249368748477,0.0017636627676400833,0.0,0.005727797432476578,0.0,0.0,0.07853291589693094,0.03937188231631195,0.4952736924634513,0.03291192524327405,0.9086614330995728,0.1776934182701778,0.03440518067106512,0.0,0.0,0.4111561631844475,0.028549278216722044,0.13141376718611394,0.0,6.359714801909601,0.4182250263603013,1.5148512133480931,1.9295309849449156,1.1470590382017674,0.17806769856364696,3.256854786153183,7.328129695250541e-5,2.7600206187602484e-6,0.0002958860266572611,0.16703405191177256,0.021412454427466057,0.47902196419213505,0.006420287643855928,0.00024145395299743453,0.018651680541527608,6.893697155307046e-5,0.000313838852574035,3.2478136254504446,1.4454701943459367,15.258357228662408,4.228505303741253,21.51729550655386,12.520517147624819,2.1764341676267693,0.0,0.0,11.503472113814809,0.4200806866891639,6.719145342000901,0.0,0.0
IND_PL_REF_OFMA,0.06989326444964472,0.0005211383387550418,0.029332747521072934,0.027383226132906578,0.024296070162696186,0.0,0.02022309014730409,9.574165438393805e-7,0.0,2.7868437356082727e-6,0.00015973252296430426,0.0,0.00013612839390143817,3.0398708694548307e-5,0.0,4.4579735395354124e-5,6.18634435128522e-6,1.8858073474607822e-6,0.024660539154806344,0.03442650290096685,0.12799851352504782,0.02128236384881575,0.43415494468594723,0.03662843140117926,0.013581637201122165,0.0,0.0,0.11215834415386125,0.0022716067191779553,0.08880646512148167,0.0,0.05467986623731402,0.0001941534560875622,0.0016192068567639098,0.008078080669781438,0.001247991883258038,0.0,0.0009732275283221371,1.0152992784486447e-6,0.0,1.0508445823907885e-6,4.060110327038974e-5,0.0,4.8211503506464654e-5,6.524294164585667e-6,0.0,6.209124895902762e-6,1.771855927974374e-6,1.3475249465121522e-6,0.05015083489314301,0.004018656755523571,0.055582850166303224,0.01125450272367979,0.12226317915448083,0.09491671594944527,0.027305429308944015,0.0,0.0,0.03544057888620476,0.002691135743127509,0.015086684816747764,0.0,0.01877313303845806,5.609592492267905e-5,0.0037099727475037383,0.0030065894769688867,0.002337863403355079,0.00015649992279071637,0.0005466387050884917,1.5800713233740397e-9,0.0,0.0,3.9201971484377596e-5,2.743750719334373e-6,1.1057781275723376e-5,4.358682969698501e-6,1.3739428411655485e-7,1.4700109818377237e-6,8.094744139936964e-7,2.4487901039674337e-7,0.0013075453280667487,0.0006673216567364315,0.021803601609992083,0.0036581250421455535,0.06826154958652904,0.029107393413318177,0.002422212270056561,0.0,0.0,0.037801859670350116,0.0003025883600581422,0.01542217691778787,0.0,2.999904456536601,0.12041759274632911,0.20969466326010863,0.44163279063309685,0.21343820512174064,0.000606944572228089,0.2499128465038648,4.648399489891098e-5,0.0,2.2465917535359926e-6,0.006226846361143034,0.00018636117205907083,0.007182278115860521,0.0014481807873458722,2.5338738284087355e-5,0.001047094550021172,6.529906952197153e-5,0.00010962193369424627,1.9524326263520135,0.3553946035544829,0.9747710063525384,0.6148798251485352,3.8529147700544444,2.015911281794066,0.5914466640967537,0.0,0.0,4.863321366389531,0.486934748773867,2.806315785281143,2.4456846076734875,0.0022583171808111214,3.238451920126231e-5,0.0023431353446985857,0.0022593272482110682,0.000869554648324411,0.0,0.0004978128757320349,0.0,0.0,0.0,3.772548999709201e-5,0.0,6.0438903325349404e-5,1.3246698460111913e-5,0.0,1.950989002807731e-5,0.0,0.0,0.0021700973590556,0.0006878479262828302,0.011632333627585523,0.000837610397196435,0.021874054854753428,0.007486598681743247,0.0009190301202910636,0.0,0.0,0.013147259377066137,0.0007894839955872823,0.003325106884887694,0.0,0.2431920127159417,0.012679185300174721,0.05236245527680697,0.06342692549308689,0.03393730187329422,0.0005857291345747653,0.11419894408246742,2.0856888133956713e-6,8.274584502908366e-8,8.037663272776943e-6,0.00032513294082525104,4.4350469724060985e-5,0.010751211560917889,5.42067042724841e-5,7.281744775299713e-6,0.00014338712935371904,2.1142890177817243e-6,9.433905235596668e-6,0.09108141542784506,0.058904647788622096,0.5713672976594277,0.12637365826371758,0.7759357561698482,0.6054749257556326,0.08842001238614482,0.0,0.0,0.35203484500339405,0.008113182004664042,0.18225050647546748,0.0,0.0
IND_PL_REF_RATV,2.914331537256046,0.044996382040341815,1.3672682797478468,1.2880043367085736,1.1975597657479524,0.0,1.0454041846891422,3.6658155972994185e-5,0.0,0.00010670415724065981,0.11669103852041258,0.0,0.11646527182740912,0.013232337436626529,0.0,0.025734404361895096,0.00023775270589661298,7.254752572726395e-5,1.2093377352809453,1.5461436243094615,5.129028725748278,0.950233611866917,16.765821758116655,1.5845054778766043,0.5232449406779017,0.0,0.0,4.2833155075708715,0.08684103610167256,3.420717249586577,0.0,2.3096178479257374,0.03479300022537313,0.2810215467259673,0.5653336549523579,0.20822808622089956,0.0,0.1971671543582991,3.881263254631024e-5,0.0,4.01776734267836e-5,0.01440207713999776,0.0,0.016270547541475482,0.00024934013053596026,0.0,0.00023728837393635947,6.776304070891815e-5,5.1531131511635395e-5,2.1648884210410553,0.3915673117552008,2.3561780601602496,0.6654086345642984,4.843143348345275,3.7301696075331723,1.2783952966096728,0.0,0.0,1.354190612841231,0.10273604509399349,0.5973986688009224,0.0,0.9751785345281224,0.002150378971415512,0.1396606455256236,0.27028212294090137,0.14822418893150038,0.014295779443906,0.06381595278696361,6.052428362713621e-8,0.0,0.0,0.007544933161702311,0.00010475343410983295,0.0004224104218059635,0.00016646709690184116,5.2511428417386876e-6,5.6144929404278354e-5,3.125406983495247e-5,9.4841625114582e-6,0.09885595380092134,0.025364617233736807,1.0822953711463226,0.393787764069345,2.7948536623676548,1.2760559154371118,0.09251591378887694,0.0,0.0,1.444093278419744,0.01155217569981404,0.5935110987465207,0.0,114.60941340871028,4.882650020467752,8.277716646058538,17.140605203389516,8.436989281831192,0.25122325303297177,9.874048397247504,0.001780686459138543,0.0,8.571599703374444e-5,0.49625363777461556,0.007113827163930204,0.4853035965185507,0.1133379934850526,0.0009672204199851423,0.0801746127874944,0.0024998616790713048,0.004196803041596656,74.72898486291507,13.797151534586256,37.259782708555676,23.688024212140927,147.05752161855722,76.77479312759385,22.80696501247837,0.0,0.0,185.49102695699483,19.06142319478977,107.64601079561714,91.12394674305995,0.14494132429741982,0.001238300785297246,0.09984890459154389,0.10753078420274338,0.03879533086775762,0.0,0.019394630931530574,0.0,0.0,0.0,0.01578996165430936,0.0,0.02936439875892595,0.004760568449249926,0.0,0.01034284091286762,0.0,0.0,0.08695021628623324,0.0347139941593063,0.6948782183703122,0.037757910782543654,0.9317784338981098,0.2004391683275928,0.0355867165829365,0.0,0.0,0.5014810768672467,0.030116639735158168,0.12729227527585565,0.0,8.433081993255191,0.39454940705978636,1.9702954263929962,2.385436614511312,1.3503124849680208,0.2430253226649179,4.418957936145364,7.992236700238203e-5,3.169558240859825e-6,0.00030843650340516476,0.23307199207355775,0.0320453782819009,0.6734991912069067,0.0102907086176842,0.0002781533167621707,0.024680917332595594,8.108374896685321e-5,0.00036169460512500655,3.5022539646915822,1.5848474533693537,21.311705156335023,3.603079274257591,26.31742838491739,16.231799911433736,2.485986308723251,0.0,0.0,13.632749976960536,0.501525693316517,7.396425591927653,0.0,0.0
IND_PL_REU_ELMA,0.413860011222552,0.08435922896251853,0.17345567427175682,0.13981690425565263,0.09334907807298799,0.0,0.08119112801711904,7.0777574692806635e-6,0.0,1.879224662413916e-5,0.0006841600556883934,0.0,0.000648215415144427,0.0001947459778525007,0.0,0.00027142934203089715,2.7176289154209232e-5,8.73496439176358e-6,0.14035304479129432,0.3234195460893363,0.2454657592943259,0.8203556502916252,1.8478296868032276,2.5843038329208903,0.46916779364741334,0.0,0.0,0.3336735686664469,0.1120826696609665,0.4053936403236933,0.0,0.14450045413272208,0.021525028730442056,0.04984315329050713,0.05224953057410578,0.03260847295240142,0.0,0.03163559501003086,4.0329357543173645e-6,0.0,4.164578242629444e-6,0.00018545326963012959,0.0,0.00020301252472299154,3.052828535707625e-5,0.0,2.906964576527266e-5,5.473426250830936e-6,4.16304049880615e-6,0.06848022928216325,0.11724645527368427,0.1548918426524977,0.2053896947452604,0.6468393367346108,0.9632696094288216,0.18610185428194254,0.0,0.0,0.11850596695856497,0.07958993159499342,0.1530043616821995,0.0,0.08173498451431331,0.009648480647629345,0.021731179531304195,0.020695858079526862,0.013863313368643236,0.00030836161272303805,0.007963756428418301,1.2852936140407105e-8,0.0,0.0,0.00011652831452784376,1.0760204007636243e-5,4.262024052138132e-5,2.2006798074643737e-5,5.894223430216798e-7,7.565846192859904e-6,4.987040692015457e-6,1.3845575975865352e-6,0.01494186856749008,0.04078378407278734,0.03542683040960508,0.06177388079312105,0.30958616405832445,0.2795760683523891,0.051141557657167984,0.0,0.0,0.06487127387069884,0.013808833965179856,0.053419256394809184,0.0,15.914005069634188,2.01944719141096,1.2139645569995616,3.035649080970882,1.4267698239467932,0.017755768484573598,0.9265155553445569,0.00032328736762938387,0.0,1.9360194721577266e-5,0.19412993144737908,0.0011158360885186965,0.2324827877738771,0.06261564806129946,0.00016656792180872796,0.036959213063720874,0.0003005662718592744,0.0005025449157897575,13.114232339289416,4.8593159676952205,16.428098054549043,23.679564604248302,26.978656170168474,37.63652743314564,6.008564624608168,0.0,0.0,129.50105462025684,2.6722637269389007,8.21448059992877,13.308279286269897,0.01968352700524418,0.00014463067747654538,0.004024501585131884,0.005370919570801351,0.0013992888947621071,0.0,0.00042102624800353006,0.0,0.0,0.0,0.00013043821425841003,0.0,0.0002096936004030685,5.732055831907082e-5,0.0,8.140765833902025e-5,0.0,0.0,0.006970250810166418,0.015395772267603199,0.013214291525288071,0.02015185248045226,0.12313858301715895,0.10451116901411077,0.021755521122373687,0.0,0.0,0.022077966178603664,0.0037811402838136684,0.004751935017069407,0.0,1.319016683878074,0.2682163895707773,0.28243999878906084,0.3089280215993964,0.24126244418564577,0.020047623093901432,0.4274587173429718,1.1776748880756905e-5,6.730850293449813e-7,4.1163242976593224e-5,0.006592452718333108,0.0002485548666249909,0.020428453402222328,0.00028526170362692125,3.9585318949803093e-5,0.00916001576211338,7.5483436342491055e-6,3.162267574737025e-5,0.6624577439161449,0.871783886466865,1.223736057249519,1.7901513633755637,5.586487809443031,7.490039809608607,1.8333772746077948,0.0,0.0,2.7253487848761293,0.29362406414615905,1.3634859763920597,0.0,0.0
IND_PL_REU_OFMA,0.0017270151398282444,4.41151692398091e-5,0.00024403899056215213,0.0003455639182438719,0.00016489813845344873,0.0,0.00013894265768560395,1.1299217465760036e-7,0.0,3.000573447532137e-7,1.1214614062198838e-5,0.0,1.067527487681022e-5,3.390010890137897e-6,0.0,4.702792385552611e-6,4.612584563474558e-7,1.4954852030290998e-7,0.00036265671426993215,0.0004643441664141764,0.0006653035547790236,0.010268916008444937,0.03183451009960881,0.05011772121317658,0.003366792986205608,0.0,0.0,0.003454024983307204,5.13419338590209e-5,0.0019645324629246415,0.0,0.0004166469175464991,1.3789800516892989e-5,5.110553756428276e-5,8.745113631644267e-5,4.1384412422093386e-5,0.0,4.087986829737908e-5,6.602738366870649e-8,0.0,6.822478288603436e-8,3.300475076068985e-6,0.0,3.5887417224154324e-6,5.56176328823754e-7,0.0,5.298750380151253e-7,9.205194911142729e-8,6.961069566187722e-8,0.0003213099291995896,0.00012554440767858114,0.0005202286169519098,0.00041475381626037956,0.008499167222843468,0.0166448807242694,0.00028817559546649995,0.0,0.0,0.0012275735118607585,7.840513262783286e-5,0.0010578710270675734,0.0,0.0006279444295042361,3.356261893320963e-6,0.0001173405131221209,8.170174945724475e-5,5.3367930394012917e-5,5.357373872621477e-6,1.8704718901659786e-5,2.0515297185132397e-10,0.0,0.0,2.0076564462190495e-6,1.878800615499808e-7,7.443695646784896e-7,3.8650201699642413e-7,9.455921010990832e-9,1.3208551469929356e-7,8.274174653667009e-8,2.229196510196569e-8,8.263520561512316e-5,6.295124041096101e-5,0.00015442832254819897,0.00013092445302051727,0.0009917011779287679,0.0007711341160853882,0.0001108684661780862,0.0,0.0,0.0008630530591843087,7.98973139491475e-6,0.000391781525973609,0.0,0.30189214588222596,0.023366318541515288,0.013854844346066812,0.043252675192456194,0.017825031040738976,3.9680293149099416e-5,0.008408075741993433,6.0229336443700315e-6,0.0,3.6299284153237766e-7,0.0006785632791919065,2.0969337533997448e-5,0.0008248657956999473,0.00017321048329365328,3.1353249177975395e-6,0.0001240816619118804,5.473656334203544e-6,9.145972510013e-6,0.21245042261936725,0.06867206439268682,0.25562727337685875,0.3601917695832404,0.4620355167677882,0.586993940007668,0.09263624624309857,0.0,0.0,2.618067972314002,0.04175687219062276,0.14804509452231093,0.33532191820420054,7.540069539301363e-5,2.49718120498905e-6,1.3755747740595863e-5,2.310769880313123e-5,1.1289456411820211e-5,0.0,6.937399783898195e-6,0.0,0.0,0.0,2.1724707646159744e-6,0.0,3.4850281696504625e-6,9.541644764118772e-7,0.0,1.342819897362691e-6,0.0,0.0,3.6467265302387916e-5,2.1932743921445932e-5,6.896146020367129e-5,4.986647034896897e-5,0.00031267295471271075,0.0028299760734894915,5.5546265404577906e-5,0.0,0.0,0.00036340182873032586,1.3011270210544726e-5,6.023988669426306e-5,0.0,0.04646923187791726,0.006434134117068022,0.005434086985685388,0.006058457826480064,0.0026643250334453445,3.142833502503893e-5,0.006207272703498562,1.9648450839611617e-7,1.074354150347382e-8,6.871005601411992e-7,2.8173347009323084e-5,4.240554471624107e-6,7.628439270190136e-5,5.068278614598313e-6,6.96388629919384e-7,1.3032276532136235e-5,1.272033528961539e-7,5.320209872095079e-7,0.011688572131022751,0.03288140554710568,0.035063832260035156,0.06458436045320157,0.19473956007829255,0.31848004765533305,0.05917572930950783,0.0,0.0,0.05221784629258573,0.0002776186745410786,0.015457089016609056,0.0,0.0
IND_PL_REU_RATV,0.3410976705899518,0.07034090569919503,0.14398683064137063,0.11347724002765082,0.07152546721947263,0.0,0.06462674607744187,4.584814037276648e-6,0.0,1.2195322986881846e-5,0.00046699163693051835,0.0,0.00044307772362281044,0.00013572891084869416,0.0,0.00018930602155860427,1.8950016192953286e-5,6.1240524037229805e-6,0.11140572178317215,0.26739302972956247,0.1921445535789062,0.6782478136211813,1.4728182278660082,2.146679828927827,0.39225974477326125,0.0,0.0,0.2583229806771833,0.09390906976305881,0.32681302713720517,0.0,0.1177526805587211,0.01710102292887587,0.04077557023511383,0.04211632911816647,0.026342844965242362,0.0,0.02554050652705308,2.700952038306203e-6,0.0,2.7902841357498803e-6,0.00013375777050995844,0.0,0.0001460380740613833,2.2146747175735394e-5,0.0,2.1096639772311577e-5,3.7795282888985128e-6,2.8608119219672677e-6,0.051812571610534916,0.09694433981056555,0.1232418635998878,0.16929728597737584,0.5401165408663633,0.7910605732836367,0.15077981357218698,0.0,0.0,0.09342712920450838,0.06591482538220285,0.12151033939502534,0.0,0.06551048103910635,0.006965836690034518,0.01722349604332049,0.015139090532985382,0.010191851446075135,0.00022411899898309586,0.005468195633072526,8.31019602803302e-9,0.0,0.0,8.257540836526427e-5,7.578084532645992e-6,3.00755276199061e-5,1.5459892623370102e-5,3.884567475034928e-7,5.282309611737713e-6,3.400264854546746e-6,9.324856240650579e-7,0.01030996937244102,0.032715977148793714,0.026509181504024978,0.04972229353596545,0.25239915225114135,0.22848225864613783,0.04119287494570785,0.0,0.0,0.050422562433391736,0.009982843064727253,0.04090868648172277,0.0,11.949606635794835,1.209496676632611,0.8345221214773323,1.995909101401447,1.0004583519909516,0.010373239977515752,0.6722776693995943,0.0002352464165377833,0.0,1.4081383464894984e-5,0.11808555688233424,0.0008239773225947795,0.1410712747756174,0.032843864060929116,0.0001227172398098706,0.018206237201051263,0.00021859084912907544,0.00036539656676840866,8.54238262816943,2.9204752301782424,9.993495117593087,14.148753337437292,18.04228934971649,22.592351201843524,3.8498060453823504,0.0,0.0,100.84261374995587,2.085001796140675,6.454963923579393,10.894901956228473,0.014612865384904057,0.00010097305110777621,0.0019947552404495452,0.002504938460559598,0.0005130553538576522,0.0,0.0003127088505099335,0.0,0.0,0.0,9.009718067184785e-5,0.0,0.00014490613544980907,3.904655928997307e-5,0.0,5.542096458024348e-5,0.0,0.0,0.0034782337844284626,0.011253367603701778,0.008722987900104544,0.013565126030480887,0.09431529486460093,0.08571756147117279,0.01667079825849452,0.0,0.0,0.01625003345467383,0.001439243527384791,0.0026733761865073563,0.0,1.1045078099045762,0.2212669654447763,0.23691702120436473,0.2553101870675725,0.20171643187308808,0.014902365635712423,0.34432422312806005,7.91566934817144e-6,4.3519185123723695e-7,2.7786046854271695e-5,0.004066971742293255,0.000172491049965677,0.01512691116050238,0.0002023363135259911,2.774881561688575e-5,0.00601119947125665,5.252016230716084e-6,2.2033402812497456e-5,0.5291788372785948,0.7333661549630771,0.9900842128826589,1.4646054370459596,4.66321134049977,6.2350126200745795,1.545840632480745,0.0,0.0,2.2603371507435757,0.24756083564877948,1.1108983578684888,0.0,0.0
IND_PL_REC_EE,0.003779341251081449,0.0009756910297766186,0.3380193513940717,0.14357895643140817,0.03054864561417047,0.0,0.00929680748065315,3.40374896740285e-6,0.0,8.794784102658113e-6,0.0008071444817627323,0.0,0.0005812052570574608,2.8587193976868438e-5,0.0,4.290272810952078e-5,3.077070945037117e-6,1.0842137850263212e-6,0.030117206023289593,0.008548704422842614,0.009587755117066702,0.004341293739557991,0.34315591064396184,0.030363004788743007,0.002944101548290911,0.0,0.0,0.0,0.0,-0.0005415634762142664,0.0,0.0001545940128088918,1.8073844796870162e-5,0.006095890715433685,0.007068997739809391,0.001255623915051059,0.0,0.0005355640387402099,4.0560178345542663e-7,0.0,4.153956492511767e-7,7.574911623891589e-6,0.0,1.530947590920016e-5,2.561734680361515e-7,0.0,2.27848905515663e-7,3.826842783620581e-6,3.164078048594621e-6,0.005085266208515269,0.0011850219821463546,0.0002439384435203902,0.00010467077193682005,0.010622711145311369,0.003944769463394936,6.371259504769268e-5,0.0,0.0,0.0,0.0,0.00032382705157537597,0.0,0.0017891541140816136,0.00017758328117916967,0.05833984201008061,0.03202197668857713,0.009097564575494821,0.0003520734639369657,0.0012266214450757777,8.689297856491209e-7,1.5123780727112353e-7,7.434163581548852e-7,4.871179509217538e-5,4.064461152024747e-6,1.441205839335914e-5,6.8498661864619965e-6,7.145311017396428e-7,2.7146520006555992e-6,1.1617750859671083e-5,5.2687414589754875e-6,0.008122384885455653,0.003942552403531218,0.0026596312844962,0.0012260554562375714,0.05088925951822868,0.009191938993325323,0.0029884847791377092,0.0,0.0,0.0,0.0,5.7245551896309006e-5,0.0,0.17395387581443233,0.20780454357424794,2.4743254729385034,3.9379597949391534,0.9319392659619192,0.004232474882822132,0.16295208919153167,1.5001041998939034e-5,0.0,6.79949624037397e-7,0.00846796542039864,8.611355148309651e-5,0.004630526198116295,0.000726903835348321,2.6501382351670287e-6,0.0004460615703210903,0.0010108272507035878,0.0017319056621435353,1.0167663091050865,0.5170635034613267,0.24577109969310598,0.1418535136909255,3.9476299605424425,0.4034031375384472,0.056511587892555476,0.0,0.0,0.0,0.0,0.016409608487053307,0.7354631937181343,0.00017910131731200534,1.0803464720322476e-5,0.014062871811501242,0.008679128250126377,0.001105923372034409,0.0,0.00032493801339495624,0.0,0.0,0.0,3.579106627709525e-5,0.0,5.707105838516828e-5,5.221639702677631e-6,0.0,7.71996564963969e-6,0.0,0.0,0.0023736321235157606,0.0008163157375050302,0.0007586787666309765,0.00010901111038546592,0.01550117701812628,0.0025916883544008108,6.440417010652106e-5,0.0,0.0,0.0,0.0,-4.134670303067517e-5,0.0,0.006383343257648151,0.009939527984679456,0.2791397718116299,0.21687559524880612,0.06230211461416705,0.001088813032266013,0.01940257102485162,1.2962894388860786e-6,1.2260758984873903e-7,4.300261620509861e-6,0.0002736698241281141,2.3590521105628157e-5,0.00042494363953025455,1.338580264341393e-5,1.722648199908779e-6,3.403010822540249e-5,9.969227555750395e-6,3.459917010446335e-5,0.1806106527704383,0.02800159463559363,0.011335659032541762,0.011378786214288283,0.3625361169996542,0.034548656582641425,0.005451377907494424,0.0,0.0,0.0,0.0,0.007509947919661475,0.0,0.0
IND_PL_INC_EE,0.0058319824192872415,0.0004381835114167053,0.17410261420140938,0.484095516010562,0.004251670868708692,0.0,0.0016292793335376354,1.3200371010178615e-6,0.0,3.501079523615853e-6,0.00014482305048204788,0.0,0.00012452079922971258,2.2613500849046497e-5,0.0,3.2897390633703675e-5,3.097132437379804e-5,1.0933089384985562e-5,0.006027742790278464,0.38160063697369184,0.005282195077954464,0.006118977246530107,0.4465482842751059,0.03851676937440586,0.004993042489987088,0.0,0.0,0.018750481878852827,0.0005599285886530188,0.011464350464756962,0.0,0.0026603517123781366,0.0001309717946604021,0.003222290429174941,0.0036381108282860317,0.0008601917216649752,0.0,0.0005341513384849564,6.651843232047626e-7,0.0,6.846387520674194e-7,1.9101732799372424e-5,0.0,2.366423792309261e-5,2.2403711045086704e-6,0.0,2.1258192886467517e-6,2.296049918154005e-6,1.6690329113668064e-6,0.0038981313983434238,0.006814974116739971,0.002696374421791228,0.0016256258171342668,0.011274616181429756,0.01096113476173485,0.0019177964714616705,0.0,0.0,0.007630436156383259,0.0005645628248803888,0.003011126533478534,0.0,0.0024816472955728566,6.017947418917201e-5,0.240452631391935,0.002672288215462962,0.0010723314928216413,5.7103708434713526e-5,0.00020144306313775096,2.3997857568715266e-9,0.0,0.0,1.3122795741813534e-5,1.1875909559691855e-6,4.5180393730233715e-6,2.3033473656299738e-6,1.0720626027440903e-7,8.256145423836971e-7,6.335853345545126e-6,2.4524396037954484e-6,0.0004884439160239237,0.020829209218143317,0.0009572639723481453,0.000642385517441872,0.02366862137397356,0.002270275482124711,0.00066158611722217,0.0,0.0,0.004690748199809263,7.718494055338211e-5,0.0018415687321296354,0.0,0.6524278495793416,0.32379020010303305,0.29598883240460105,0.9167273529183333,0.06293717555738874,0.00047914068502050936,0.018940550568007065,1.8379112799228062e-5,0.0,7.729949431841347e-7,0.002483310686217382,6.80173644383002e-5,0.0026859460092379093,0.0007710685048890853,1.2518560544441043e-5,0.0005635381079830843,0.00013735447085518073,0.00022974593334944648,1.123096278760335,1.8777192703337702,0.91266522362952,0.6324176628868695,1.6844239306703037,5.798638587073353,0.7302722109940906,0.0,0.0,6.931838036429234,1.4498882520485663,0.2854914904066257,1.2210195209838075,0.00046363420563371935,2.0929110836147357e-5,0.006255601041644996,0.003779455071390495,0.00054098490855113,0.0,0.00015837504480424393,0.0,0.0,0.0,3.116758332495968e-5,0.0,5.038260631842199e-5,1.1043180189652054e-5,0.0,1.6526712590588632e-5,0.0,0.0,0.0013532007732697108,0.006051494727845502,0.0009074653045403381,0.00021610963699598022,0.014789859479550298,0.005401504197728908,0.017633698721385302,0.0,0.0,0.019787882927494352,0.0001144933650438968,0.00020324346396709126,0.0,0.056333324126364034,0.006236839093667917,0.3217273638436087,0.06573295697518401,0.013213517470229107,0.0003367164410231765,0.006030258994978028,1.7270275687063043e-6,1.256729958255991e-7,5.720620877911301e-6,0.0002257833024359837,3.158975117367292e-5,0.0005831575116476288,2.687167411210208e-5,3.9537525613304414e-6,7.807198190247945e-5,7.003785159201062e-6,2.6904974621095727e-5,0.0535572039008124,0.4535682046178795,0.061602586966198115,0.06319207466681272,0.36519920571733927,0.34430848770379835,0.07671642201534375,0.0,0.0,0.12047105070834688,0.0018956305301412813,0.03550780982121675,0.0,0.0
IND_PL_CONSTRUCTION,12.264323389477392,0.7137981945852901,10.519906105049923,11.57602519475371,4.745351214235902,0.0,2.4619624386679293,0.0009758493243532275,0.0,0.0026505474445749685,0.12294136591856462,0.0,0.1077130690999398,0.05514364649328884,0.0,0.07790178787583966,0.05825225828660535,0.01433808789583445,54.33616247901016,38.07713909379168,9.914757345675577,23.543036897119322,74.39520820049165,122.70339640001235,49.89917070468568,0.0,0.0,46.88017406928478,0.6660174231295346,584.8034893931806,0.0,12.921609060293319,2.3203465520720905,5.197604501555133,6.363949094232059,3.702134349429214,0.0,3.429721033861563,0.005724534871745908,0.0,0.006103132876304733,0.05410734506111861,0.0,0.06860501957693367,0.010870833043537783,0.0,0.009636507759558318,0.006407918821009041,0.003633321229117601,8.664354596962724,11.200724378691435,12.958499841251852,17.275046302622442,63.58279654144785,82.42351735402264,15.977722043062268,0.0,0.0,12.750877984450296,7.945412057338595,14.816338243601145,0.0,1.255009489635993,0.033264929517150654,1.1031729503385306,2.9303661721855003,1.4668985010432054,0.06621115062268858,0.23206404920674026,1.747656328734657e-6,0.0,0.0,0.016362749615713535,0.0011762396728910993,0.004987637958673485,0.0021919195894776226,8.924368403222284e-5,0.0007830680382895424,0.000616125545984883,0.00017607138623303416,5.1223461430225266,0.38721898082803385,1.0340781470320681,0.7238630416861981,13.621201621601466,3.2457778986936257,21.506101002766805,0.0,0.0,7.550961007166139,0.09662606151611826,4.308183177532072,0.0,404.96213765602437,156.2532339779993,74.3232685764654,488.4989052576333,175.9083691382873,0.6095988515291785,23.589543779157,0.06958930496343228,0.0,0.0011114894699476637,26.89732912352019,0.7359725212245519,28.4428182391912,5.358657920813242,0.07293904824784139,3.5943191846592457,0.30630082677766934,0.5183225677880192,17183.125719385494,2805.006592234378,1721.600062599725,1852.971023021092,1506.9478630223794,6886.81940457345,2033.5103971909884,0.0,0.0,7551.630550446034,99.16417956219091,34336.97875460682,906.8620013516122,0.4049922003599954,0.027784926153156933,0.7951110955986305,4.238677643667212,1.8337915425878322,0.0,0.1503330266939172,0.0,0.0,0.0,0.0340224447808648,0.0,0.05687588303576261,0.00918105056562949,0.0,0.01739068678844113,0.0,0.0,44.818104555342174,1.4866429738746567,1.0698494646558236,7.756839746708412,11.25162409508779,4.627361621947231,4.345516163396332,0.0,0.0,1.481346104994693,0.20299129636277966,1.1716942261258463,0.0,61.72915771268461,16.78022492152992,22.487972104451075,49.12636792306527,15.84823470586731,0.7953337263324597,14.272870208382662,0.008394375085296849,9.152200003272185e-5,0.04730789785969525,0.6483738792855444,0.05851950186415671,1.1579661047597394,0.16403635777031383,0.025073286740513828,0.588832238460384,0.0036234115983771404,0.03591057235969191,751.9007805881708,96.14932235854052,62.499257472940414,89.86100027426306,292.02437706774185,380.1802855326585,72.70241832104588,0.0,0.0,76.88882383096606,20.11805038392051,297.3069906818274,0.0,0.0
IND_PL_UTIL_WASTE,5.180503690716337,0.7150179698772359,57.12826902469676,144.78544168405247,1.735052853519377,0.0,0.9056468415362773,0.0005621015177886364,0.0,0.0014905385961237747,0.06399388197854672,0.0,0.056626013988524966,0.03612545016115253,0.0,0.05992505012425437,0.4182189103054802,0.14899207831603428,3.139897143712223,169.55349861653295,5.629121503209602,5.580883021408884,151.20577710079763,23.673948055395858,7.724380422971549,0.0,0.0,32.482916653135156,0.9294441784431318,5.361363783287278,0.0,3.480511662782613,0.10653951544507301,3.7241220783997484,1.6867871930613085,0.4029389626067327,0.0,0.36616026383244504,0.00031509863950128785,0.0,0.0003255487849425427,0.012027757352876423,0.0,0.014207675142754115,0.0012588647788350077,0.0,0.0011923710909603695,0.007070421035604519,0.004237856760332504,2.112684725736503,32.69369653367849,3.5634479513803035,2.2624730918187046,12.55840990078048,10.28551950087641,3.743525759786039,0.0,0.0,5.991540415214693,0.2786627436280443,2.0061311624641154,0.0,1.9970878325738863,0.06076123462168495,74.66925203390804,1.0865907913602344,0.3808315108518432,0.03370050549562004,0.13107790479787365,1.0220945399096652e-6,0.0,0.0,0.010884706885477552,0.0005744238440313032,0.0021769827829690672,0.0011434358810789198,4.5778280099789264e-5,0.00040896525664459984,0.0848915095148309,0.033366847744986404,0.32581503589940364,10.750274598480383,1.3781422377676273,1.2403846165735177,13.962922890912038,3.31454698950107,1.4207514814515454,0.0,0.0,7.090132872367842,0.03298024026152277,0.8629011013435351,0.0,1476.6538927006163,661.8813745191678,669.3702744728954,623.0350168309591,114.94210657209736,1.0326547656288196,39.66911052798796,0.05552759835268268,0.0,0.0006528638608545949,10.989527852230067,0.3140209409161004,12.366449897924923,5.574262926481089,0.0898345511553266,4.213217225935271,1.3430453240811266,2.2415899604605096,920.1249285370355,2272.4084422351257,1358.9505113021587,1277.940203283316,3433.666662625713,6553.041691416054,1297.3133969025057,0.0,0.0,9888.749984584216,656.4718676553276,348.4641167608069,447.1834183507459,0.8729490383619125,0.028344814831092004,3.0587318555860112,1.3039507855704824,0.32334719058141165,0.0,0.07261616830852832,0.0,0.0,0.0,0.051745580444881936,0.0,0.08682716706604263,0.03376886442091409,0.0,0.05487640658032669,0.0,0.0,1.0274609807687791,9.534276031492684,2.2073730394562565,0.2834951625877293,8.398112216163078,1.80571105738762,8.268809793739962,0.0,0.0,11.13844956862971,0.050182165048709176,0.7667941419091641,0.0,20.21505699519526,3.552947214545566,100.39468099289834,21.36018926665433,5.166190101058388,0.1647004295101348,3.026290123289284,0.000818953729555941,5.352547457000415e-5,0.0028045947559099246,0.18607316191801995,0.02234069239820519,0.5014104080500983,0.038170158325276524,0.0021215084166439457,0.08278967852373473,0.07921051875389554,0.28822260500161545,23.409930148931863,201.06991442891805,23.81847147934927,13.518651551542694,111.54873167043854,58.24097878268152,23.033519168268604,0.0,0.0,93.80321964076924,1.6307773277657653,21.818996266745508,0.0,0.0
IND_PL_TRADE,215.63106983495703,20.246896159723818,96.47035267306406,86.5449909507232,70.8655737842435,0.0,64.76228308610031,0.11609016390193498,0.0,0.3060626699318286,6.682353936146582,0.0,6.476541403108873,1.4351675416353187,0.0,2.008820222884378,0.14890352750029068,0.049035625330344355,85.30855157242351,141.14886646207665,349.3507703211679,283.9396836607839,1148.1525183653403,586.5149278103006,124.94138814456333,0.0,0.0,474.3237961273684,27.639367857868102,215.20448167133637,0.0,142.5333217150689,8.79753622272474,27.142582716081847,40.09506894596478,19.30036009335286,0.0,18.596156673455503,0.051667524704163234,0.0,0.05305776848138459,1.09864276997782,0.0,1.215541703011465,0.12264165124181546,0.0,0.11632807487845591,0.05490847746140807,0.04421107563616973,113.83861835084421,49.38969002168322,144.8230727378705,83.02132711805488,389.3487511921001,409.9082222093778,105.0125698753951,0.0,0.0,80.44360205013066,27.337015178862913,60.55214988905595,0.0,61.01020275191943,3.0300085962040417,11.854083436765787,18.96655844512366,10.50144783444381,1.7053565353572118,5.9541915303897754,0.0002123653407719598,0.0,0.0,0.7693366126592832,0.08004132629421527,0.2971752736833219,0.16110894026181932,0.008915483233164876,0.05871028156159102,0.04354394808137061,0.01496930753738166,20.806531611362615,12.576570281024392,59.38536535926538,34.182782292021265,191.79907664041897,124.77160140943364,24.72433773652477,0.0,0.0,71.31061275934161,4.7183960393931885,36.12912555624587,0.0,7502.19124606339,277.955020790057,479.71980007598665,1018.0130399130053,541.3323310918989,15.12288931516689,575.902783234113,0.5294924708783292,0.0,0.017245992420030352,36.664974128191645,0.9526806763009836,36.777796685514765,8.883560083488891,0.13866697270380152,6.118845652237496,0.5181159817565669,0.8701603399518061,4413.562688300546,833.9725949152124,2906.5222431456023,2675.03140456051,10354.337487195447,5379.184932165539,1550.592846990733,0.0,0.0,31269.702672137093,1278.839767843728,6840.632019139648,7278.612502713174,11.29324825773829,1.0894590577885241,6.434549357859743,6.550280326786104,3.082507128920705,0.0,1.880506063367656,0.0,0.0,0.0,1.0924892697139175,0.0,1.7515541549669598,0.5854463434292757,0.0,0.8351848669494921,0.0,0.0,5.604324846681691,5.7157982079880405,35.49606384146032,5.486586955788376,62.89968128726457,32.03409160776979,7.08305549785817,0.0,0.0,25.473566008660754,4.0073158785657315,8.90696344871769,0.0,658.4394318247333,73.44287818784227,151.34965986866774,172.55200244485502,113.8584130282772,16.076265843462156,286.54117413382716,0.13735040886701586,0.011121237682328845,0.4370218646742173,13.595564650115906,2.0912220439463782,37.35314107667077,1.5257768164800098,0.26419130058927415,4.834961674934861,0.06512334591272526,0.24071157446500344,292.62502073853784,264.30894415410387,1386.7057551858181,620.2511179660797,2377.207662421868,2327.957580165944,518.5926424387105,0.0,0.0,1214.5970589585236,91.69622982277595,675.9856467436551,0.0,0.0
IND_PL_TRANSPORT,36.1898265788472,1.679991730155338,46.045768136808995,8.611340076010475,5.695752229613579,0.0,6.046998410134016,0.0010732240886481353,0.0,0.0028292185584094446,1.2914542396093507,0.0,1.3004857606961728,0.17846565778573734,0.0,0.29005028478986705,0.002124106995672303,0.0007047740305887203,7.3255121104680025,20.009725228598203,54.23801224521393,756.4696846279919,155.10256849577198,112.56088258266608,10.42857747673885,0.0,0.0,64.8620154672358,0.38338302675465186,9.021162770435,0.0,50.36866412499305,0.8981195557151794,8.386883877833673,14.013546657201426,6.724043386281953,0.0,6.050574470844857,0.0004959841580979899,0.0,0.0005099811446773579,0.8616150956456714,0.0,0.9085047994853102,0.08826123301489372,0.0,0.08499320733626302,0.007897215290542095,0.005065433560834091,55.59442167040183,24.321549460266716,119.60684041392692,164.5670583990706,162.90149421182852,101.45910820867458,34.651556751215516,0.0,0.0,100.65544076055892,14.49396632766389,73.39585991979268,0.0,86.09615758774252,0.028634648678281336,27.884022954602866,16.702245063821728,15.363505253459758,1.3754329919246153,4.801419686003142,1.963261534423478e-6,0.0,0.0,0.14272335392328797,0.011419156630836038,0.05764573696714792,0.031227713048699368,8.2696175042561e-5,0.007063620831342626,0.0008827620461233616,0.00017442149874866527,12.529405545383387,7.226958322222153,13.144743278601275,45.27039687519967,201.46437019643005,11.345290556140657,17.952903176914088,0.0,0.0,134.5452289389795,0.6133922642566513,91.21389227672437,0.0,2572.784455001072,481.4720284210833,574.6697668467851,513.2719167723164,276.8154933450476,2.4819927990080806,94.7660939556956,0.38764779476389866,0.0,0.005977483485633213,87.96206741650043,3.0711858118417936,117.22942311609717,19.273710565356144,0.3495181119062103,14.058380398927698,0.5684282794298477,0.9528013576738643,1669.0670208030285,1006.2093648035509,8036.691793681001,9943.87779187811,6133.39392326512,3554.939746816936,549.1101109810413,0.0,0.0,6359.317892525424,7068.266222363684,339.57413302707164,3992.878338419071,2.4339452972065523,0.18787734730447717,2.5170850262003657,0.893134159219472,0.2017446650545666,0.0,0.1610528800646845,0.0,0.0,0.0,0.13882722231081476,0.0,0.22589139165798944,0.023049490011681183,0.0,0.03428735354668327,0.0,0.0,1.5568829023275363,2.179922661901477,3.508086209054711,18.042919257431066,8.298801833387433,3.604230776716259,1.1854350839340952,0.0,0.0,0.36268268294277844,0.04025361062089218,0.10583388284022227,0.0,272.01757446381583,25.513280401440323,55.62929344272459,55.97591624959275,38.58339336940251,2.2212016024009404,39.65155780484674,0.0013485147907222367,0.00010281290428840038,0.020528095830830245,2.5189594915846847,0.3824425855552099,6.900441850494096,0.3645284918462416,0.033508897614540505,0.714684249887875,0.010509620572294596,0.0555173887825929,204.31261264203053,65.11865417421876,284.1381577097228,1074.1743227240108,905.2841094853688,338.59050917082055,121.27738221968065,0.0,0.0,716.2363427430342,32.59584989775106,209.93101947709843,0.0,0.0
IND_PL_OTHER_MANUFACTURING,293.14556942519624,11.393890709181214,115.53694546145084,156.96927989199253,176.06247649917213,0.0,83.6855832686346,0.012299363324556669,0.0,0.04798914893045886,3.120043507024138,0.0,2.427545052579844,0.5430225393284897,0.0,0.8666438782415115,0.10060404882754524,0.031329343320966034,848.4288060854716,113.68202751455753,192.6969378535442,297.8292568973553,6199.215005610695,314.02550452523343,391.75348054620247,0.0,0.0,3728.3586242615916,120.23152209615375,3861.3746126441183,0.0,150.25738805025355,4.203986344161562,16.051475171447162,45.87267809447726,35.00455678103539,0.0,28.73926366157813,0.03374948890496384,0.0,0.03473406222599786,0.8049215142700266,0.0,1.0529598577216484,0.16552169138484846,0.0,0.1583543087471174,0.04685279378508942,0.037727907591459456,313.72099659735545,55.999946661153174,174.56472042433074,62.24666225067306,1035.8262967725157,335.48677156586905,118.07198307736681,0.0,0.0,1166.0701360325086,131.89966262153857,521.0585559855351,0.0,94.39291028255096,1.5550144273284796,29.750891282077067,46.11775993881711,69.96948213311167,5.404956634471888,18.83557860443358,1.1737230907612537e-5,0.0,0.0,1.5220974472754414,0.09390647539328942,0.34398340973517444,0.12340065650332131,0.0048871166169427134,0.04235727671081921,0.004020850276826117,0.00134804436624512,31.11821610297152,7.562401488195607,21.737797989891465,18.984839029801478,1572.6822361186007,129.70105773368712,90.81844543544351,0.0,0.0,1548.5569161807916,16.399939748595195,777.2088036808586,0.0,3743.7503476354013,407.57496058302695,543.7517973053713,1212.4842806564495,780.1828004943047,14.138229929438843,538.4504333536531,0.5806413309323227,0.0,0.019820525836103817,65.70559633494133,1.5980216952399047,61.30369715038916,10.962892232960307,0.18613165261360415,7.908602972336279,0.8625320454670393,1.4428616445009705,9808.925529330814,848.3631813195159,4089.9642633314265,4743.4411854968075,27203.059495787187,5898.757120004768,1560.0685206779447,0.0,0.0,15279.371705694799,490.98966700438956,6954.755819237209,15206.034309050843,50.644490790349366,0.8974044120889219,20.514439320112935,23.243443388924277,33.636444196200145,0.0,22.456745939200964,0.0,0.0,0.0,0.9962991434855658,0.0,1.5898544877865315,0.38008056424085557,0.0,0.5649133126548396,0.0,0.0,61.87596914986407,18.30347708830302,37.2998933485313,20.618663875588116,1055.595949974687,57.15409333312327,31.602390701539147,0.0,0.0,306.7644743745686,47.15258992350274,182.76375507962777,0.0,1040.5279994506777,131.41793618574215,215.08175408605248,271.0386854194451,330.15960924298577,16.440394265621247,293.0208368438659,0.0454351273559345,0.0006146602507292171,0.15826232114327543,6.571764101884408,0.8346572559815217,14.976261280922374,1.1440499927682641,0.17013552439859808,3.1539278712718932,0.053096198204534026,0.19877808318745172,1871.5365491019213,247.70365687757587,969.450380078727,1063.7250540422656,11101.391977933352,1503.994683337322,1079.9110216907147,0.0,0.0,9018.622473777257,395.1008020330982,5746.1299246187,0.0,0.0
IND_PL_OTHER_SERVICES,89.67033271918123,7.239966243251569,23.456484091037737,34.89201136713134,28.5721903406579,0.0,22.046519665460128,0.003723813039831758,0.0,0.01005684148383666,0.9972229249480485,0.0,0.9017756146048868,0.5739353543269197,0.0,0.7664676415857128,0.10010806020987442,0.032946033648505305,52.43612501082777,66.30985361043906,80.76415207082513,116.65451728800603,424.3514105650798,1058.7212848911213,158.91741651853474,0.0,0.0,371.6784482976749,4.281687813870963,352.19923641426743,0.0,32.93991834595185,1.2445863788772131,4.13147757334437,7.1018296275921715,3.6789361278481802,0.0,4.138686361913136,0.005369747630799545,0.0,0.005641308054207431,0.2756393782906278,0.0,0.3018986402738536,0.09143984904714494,0.0,0.08689591922177539,0.008679901094481385,0.006304192568384254,30.891656375822205,11.89710432834136,56.711885495038906,21.56645392955138,93.64635196026366,250.93357964743683,35.68087931172049,0.0,0.0,157.8612084796315,5.0600040540206255,259.8538148831389,0.0,18.353308007536395,0.1619625478070982,3.211057254631803,7.9906907030292285,5.64064295139874,0.4635163886489177,1.6222763629098926,6.680078876043835e-6,0.0,0.0,0.27843432952383396,0.02714807400107646,0.10399867678376438,0.05883289866249528,0.00040096098151951444,0.020959550439742576,0.014471367540356547,0.0031755404637665054,12.674636788146971,10.13758777472719,23.42611544108542,7.588981044406742,87.8769252861129,81.51053577208627,14.952061779104442,0.0,0.0,35.530083155345906,0.4152634576682323,43.053861590232806,0.0,3929.1301986296066,965.9248704196574,771.0306028933429,1720.9304614260202,667.6602786073057,7.284935137333891,277.5757686507715,1.5481707301520573,0.0,0.10591337039115799,143.9697840841099,4.4809476795277225,170.86275940440828,39.754684747772274,0.7317612380313909,28.519044917822814,1.257830410640442,2.0969115896934967,4600.308783944452,2531.711195272642,12936.514729494373,5018.314873192103,10835.56044293527,36533.856770886385,4516.820062418644,0.0,0.0,66695.71662248949,7289.943246455635,10423.502359855225,4280.483189965548,4.307373367986296,0.3646143877142622,1.7550125109862467,2.889791540550634,1.9594726526421837,0.0,1.5155044706543237,0.0,0.0,0.0,0.262819212625631,0.0,0.42031204187783383,0.11435696290535875,0.0,0.1547216763477832,0.0,0.0,4.091212101997648,4.101978338841089,8.466125782482262,3.881547931725502,37.085484024694615,46.20604995405731,11.732197966285844,0.0,0.0,12.539955744753318,1.456677588094897,10.331809340683956,0.0,166.21545749698802,31.81982473021855,30.089463976284698,45.54410296269247,33.35517727619405,4.423405353655596,78.88078725722315,0.02294577203627994,0.00034982518225813464,0.0825625064725589,3.6489231424572948,0.5428897749389169,9.715618661969412,0.9323720440054651,0.12399874423919434,2.27851478511323,0.016225884609143308,0.06708166389736958,230.65283776464142,110.3710355412417,455.7995158004743,273.13117266354016,762.89038577082,2594.399205094223,272.5240056330187,0.0,0.0,1131.7531800056365,32.22762166362182,1275.3013222742532,0.0,0.0
IND_PL_PUBLIC_SOCIAL,1.7631396391789826,0.10942363152756168,0.450042279469531,0.4479597648259483,0.41764419301769956,0.0,0.30447719094191816,0.00013615930113479956,0.0,0.0003602254330358449,0.016751157662131366,0.0,0.015609364691661631,0.008191079766077355,0.0,0.010990615287643087,0.0013371597078642272,0.00044225583980567245,0.8691182570476124,2.188109720997338,1.3020105965053028,1.871033660201296,6.613385869847211,15.016423568265193,8.494978980723157,0.0,0.0,20.434566361449324,38.500878935829135,3.901437689704147,0.0,0.6544104978893623,0.037735599319080666,0.11368369415082542,0.139110605120321,0.07428225635026349,0.0,0.080405807325226,0.00010369578145150408,0.0,0.0001078992642594771,0.004138985849412989,0.0,0.004509499686580332,0.001211377636938313,0.0,0.0011509942165232757,0.00014563412443948664,0.0001090800307045666,0.4588959672722285,0.3498932461338712,0.9015366682312903,0.4758342755722846,1.996744111972475,4.185250203279512,0.997027710079676,0.0,0.0,3.936762181700569,6.610115582140793,3.2893156844698472,0.0,0.5335201399805353,0.019427176461538628,0.048060355390480786,0.11357983867250272,0.06174256606925573,0.00521896677618204,0.026644415146923926,2.4817154605056133e-7,0.0,0.0,0.003941221171699606,0.00039560161294299544,0.0015054865360189804,0.0008469986531561823,1.1617003322615724e-5,0.0003030997790090774,0.00021202896698617108,5.071106718158382e-5,0.2334423069060788,0.20182996804295641,0.4408997789414934,0.20871853276430058,1.47056063642685,1.5166635855037056,1.3254300148339848,0.0,0.0,0.4981335781978598,0.011589821895501364,0.48215933638329733,0.0,201.42549231411627,53.05860786500655,34.638686323690145,61.27740644024184,38.54067851482262,0.4837361751307162,18.775217535723822,0.09012503875648667,0.0,0.0013279166146878485,6.300077025370408,0.19054247913264036,7.670655078524565,1.6161513664459102,0.009206502825915775,1.1161220738355055,0.08429070968430037,0.1491772308016367,157.87767547829156,151.54220968716973,575.8008528490783,214.80859476788046,512.0263389013779,1460.2397639244605,5136.065245066262,0.0,0.0,12106.8895733979,57336.97631425629,259.3639479627007,199.75122595044343,0.09616331197904868,0.005576011769587054,0.050589829335661106,0.030373099488560356,0.019638078437001112,0.0,0.011545640786513347,0.0,0.0,0.0,0.004000569517553379,0.0,0.006411260530187541,0.0018434648301267128,0.0,0.0025195756838609943,0.0,0.0,0.09674470120742032,0.13952591222357963,0.1930015571774458,0.0631275922788087,0.5637209547552161,1.3247145272374068,1.3943469092690999,0.0,0.0,0.27767729147134323,0.018031193407853342,0.11118927412034674,0.0,4.377811444297375,0.8486309010179526,0.8899564267395219,0.8516167845734649,0.6644319010408734,0.07127018677388747,1.3671520306272194,0.0003842063508256206,1.2996349141615322e-5,0.0013188507918251667,0.06525725219226786,0.008263367306422315,0.1802534140352307,0.014236229443399575,0.001729508593846942,0.04903174140237753,0.0002466930840580332,0.0009894293057467096,6.1227465639478,4.374840424151837,9.287463821896283,9.237864995736334,17.801122904602217,48.15173326346201,24.50431846152097,0.0,0.0,37.424854341251816,6.337729799968195,16.527930825268143,0.0,0.0
FAC_PL_LAB,0.0,0.0,0.0,0.0,0.0,0.0,0.0,0.0,0.0,0.0,0.0,0.0,0.0,0.0,0.0,0.0,0.0,0.0,0.0,0.0,0.0,0.0,0.0,0.0,0.0,0.0,0.0,0.0,0.0,0.0,0.0,0.0,0.0,0.0,0.0,0.0,0.0,0.0,0.0,0.0,0.0,0.0,0.0,0.0,0.0,0.0,0.0,0.0,0.0,0.0,0.0,0.0,0.0,0.0,0.0,0.0,0.0,0.0,0.0,0.0,0.0,0.0,0.0,0.0,0.0,0.0,0.0,0.0,0.0,0.0,0.0,0.0,0.0,0.0,0.0,0.0,0.0,0.0,0.0,0.0,0.0,0.0,0.0,0.0,0.0,0.0,0.0,0.0,0.0,0.0,0.0,0.0,0.0,7973.347,3319.596,1116.388,4386.711,1181.4334000000001,16.585620139201485,631.0851798607985,4.259626180731686,0.0093854875675492,0.35711912246491617,214.11769984019767,6.078017706110651,231.26942888266524,68.86311050484701,1.361854168514484,51.81874272218316,3.633238179057639,6.039085151411607,11000.698,4992.404676669531,20575.876859616295,9477.534,20717.1128,36043.30515576842,43181.134999999995,0.0,0.0,0.0,0.0,0.0,0.0,0.0,0.0,0.0,0.0,0.0,0.0,0.0,0.0,0.0,0.0,0.0,0.0,0.0,0.0,0.0,0.0,0.0,0.0,0.0,0.0,0.0,0.0,0.0,0.0,0.0,0.0,0.0,0.0,0.0,0.0,0.0,0.0,0.0,0.0,0.0,0.0,0.0,0.0,0.0,0.0,0.0,0.0,0.0,0.0,0.0,0.0,0.0,0.0,0.0,0.0,0.0,0.0,0.0,0.0,0.0,0.0,0.0,0.0,0.0,0.0,0.0,0.0,0.0
FAC_PL_CAP,0.0,0.0,0.0,0.0,0.0,0.0,0.0,0.0,0.0,0.0,0.0,0.0,0.0,0.0,0.0,0.0,0.0,0.0,0.0,0.0,0.0,0.0,0.0,0.0,0.0,0.0,0.0,0.0,0.0,0.0,0.0,0.0,0.0,0.0,0.0,0.0,0.0,0.0,0.0,0.0,0.0,0.0,0.0,0.0,0.0,0.0,0.0,0.0,0.0,0.0,0.0,0.0,0.0,0.0,0.0,0.0,0.0,0.0,0.0,0.0,0.0,0.0,0.0,0.0,0.0,0.0,0.0,0.0,0.0,0.0,0.0,0.0,0.0,0.0,0.0,0.0,0.0,0.0,0.0,0.0,0.0,0.0,0.0,0.0,0.0,0.0,0.0,0.0,0.0,0.0,0.0,0.0,0.0,21694.016,2679.237,1159.934,4909.945,822.3816999999999,13.381065744182537,509.1514342558174,5.124391800148627,0.01129087706078579,0.4296194607671283,280.9697641919021,7.968971047881376,303.220469590463,148.97101031769097,2.8037756700594794,106.68405873149378,4.381192601789087,7.282317834114975,18747.551,11402.004489564095,38272.47487366029,15139.246000000001,24528.6648,60417.28077465224,11393.99,0.0,0.0,0.0,0.0,0.0,0.0,0.0,0.0,0.0,0.0,0.0,0.0,0.0,0.0,0.0,0.0,0.0,0.0,0.0,0.0,0.0,0.0,0.0,0.0,0.0,0.0,0.0,0.0,0.0,0.0,0.0,0.0,0.0,0.0,0.0,0.0,0.0,0.0,0.0,0.0,0.0,0.0,0.0,0.0,0.0,0.0,0.0,0.0,0.0,0.0,0.0,0.0,0.0,0.0,0.0,0.0,0.0,0.0,0.0,0.0,0.0,0.0,0.0,0.0,0.0,0.0,0.0,0.0,0.0
INS_PL_HH,0.0,0.0,0.0,0.0,0.0,0.0,0.0,0.0,0.0,0.0,0.0,0.0,0.0,0.0,0.0,0.0,0.0,0.0,0.0,0.0,0.0,0.0,0.0,0.0,0.0,0.0,0.0,0.0,0.0,0.0,0.0,0.0,0.0,0.0,0.0,0.0,0.0,0.0,0.0,0.0,0.0,0.0,0.0,0.0,0.0,0.0,0.0,0.0,0.0,0.0,0.0,0.0,0.0,0.0,0.0,0.0,0.0,0.0,0.0,0.0,0.0,0.0,0.0,0.0,0.0,0.0,0.0,0.0,0.0,0.0,0.0,0.0,0.0,0.0,0.0,0.0,0.0,0.0,0.0,0.0,0.0,0.0,0.0,0.0,0.0,0.0,0.0,0.0,0.0,0.0,0.0,0.0,0.0,0.0,0.0,0.0,0.0,0.0,0.0,0.0,0.0,0.0,0.0,0.0,0.0,0.0,0.0,0.0,0.0,0.0,0.0,0.0,0.0,0.0,0.0,0.0,0.0,0.0,165201.01999999996,212557.10499999995,0.0,0.0,0.0,-7439.448,0.0,0.0,0.0,0.0,0.0,0.0,0.0,0.0,0.0,0.0,0.0,0.0,0.0,0.0,0.0,0.0,0.0,0.0,0.0,0.0,0.0,0.0,0.0,0.0,0.0,0.0,0.0,0.0,0.0,0.0,0.0,0.0,0.0,0.0,0.0,0.0,0.0,0.0,0.0,0.0,0.0,0.0,0.0,0.0,0.0,0.0,0.0,0.0,0.0,0.0,0.0,0.0,0.0,0.0,0.0,0.0,0.0,0.0,0.0,0.0,0.0,0.0,0.0
INS_PL_GOV,0.0,0.0,0.0,0.0,0.0,0.0,0.0,0.0,0.0,0.0,0.0,0.0,0.0,0.0,0.0,0.0,0.0,0.0,0.0,0.0,0.0,0.0,0.0,0.0,0.0,0.0,0.0,0.0,0.0,0.0,0.0,0.0,0.0,0.0,0.0,0.0,0.0,0.0,0.0,0.0,0.0,0.0,0.0,0.0,0.0,0.0,0.0,0.0,0.0,0.0,0.0,0.0,0.0,0.0,0.0,0.0,0.0,0.0,0.0,0.0,0.0,0.0,0.0,0.0,0.0,0.0,0.0,0.0,0.0,0.0,0.0,0.0,0.0,0.0,0.0,0.0,0.0,0.0,0.0,0.0,0.0,0.0,0.0,0.0,0.0,0.0,0.0,0.0,0.0,0.0,0.0,0.0,0.0,-3237.0550000000007,295.617,73.83500000000001,55.431,41.6759,0.39529691120360805,15.04110308879639,0.10524928482021312,0.00023190200554262612,0.008823903939053687,10.400497282787274,0.37704759766638246,14.346714141062385,4.453679470392093,0.08276773454045121,3.1493239445218753,0.4610905396321917,0.7664141171365133,732.3870000000001,375.3804953432313,1219.9480205856996,3963.5420000000004,1322.8607,6946.006644152567,3068.249,0.0,0.0,0.0,0.0,61073.1504518586,0.0,0.0,0.0,0.0,0.0,0.0,0.0,0.0,0.0,0.0,0.0,0.0,0.0,0.0,0.0,0.0,0.0,0.0,0.0,0.0,0.0,0.0,0.0,0.0,0.0,0.0,0.0,0.0,0.0,0.0,0.0,0.0,0.0,0.0,0.0,0.0,0.0,0.0,0.0,0.0,0.0,0.0,0.0,0.0,0.0,0.0,0.0,0.0,0.0,0.0,0.0,0.0,0.0,0.0,0.0,0.0,0.0,0.0,0.0,0.0,0.0,0.0,0.0,0.0
INS_PL_INV,0.0,0.0,0.0,0.0,0.0,0.0,0.0,0.0,0.0,0.0,0.0,0.0,0.0,0.0,0.0,0.0,0.0,0.0,0.0,0.0,0.0,0.0,0.0,0.0,0.0,0.0,0.0,0.0,0.0,0.0,0.0,0.0,0.0,0.0,0.0,0.0,0.0,0.0,0.0,0.0,0.0,0.0,0.0,0.0,0.0,0.0,0.0,0.0,0.0,0.0,0.0,0.0,0.0,0.0,0.0,0.0,0.0,0.0,0.0,0.0,0.0,0.0,0.0,0.0,0.0,0.0,0.0,0.0,0.0,0.0,0.0,0.0,0.0,0.0,0.0,0.0,0.0,0.0,0.0,0.0,0.0,0.0,0.0,0.0,0.0,0.0,0.0,0.0,0.0,0.0,0.0,0.0,0.0,0.0,0.0,0.0,0.0,0.0,0.0,0.0,0.0,0.0,0.0,0.0,0.0,0.0,0.0,0.0,0.0,0.0,0.0,0.0,0.0,0.0,0.0,0.0,0.0,0.0,0.0,0.0,141099.95266885322,0.0,0.0,20037.529317950248,0.0,0.0,0.0,0.0,0.0,0.0,0.0,0.0,0.0,0.0,0.0,0.0,0.0,0.0,0.0,0.0,0.0,0.0,0.0,0.0,0.0,0.0,0.0,0.0,0.0,0.0,0.0,0.0,0.0,0.0,0.0,0.0,0.0,0.0,0.0,0.0,0.0,0.0,0.0,0.0,0.0,0.0,0.0,0.0,0.0,0.0,0.0,0.0,0.0,0.0,0.0,0.0,0.0,0.0,0.0,0.0,0.0,0.0,0.0,0.0,0.0,0.0,0.0
EXT_PL_EXT,0.0,0.0,0.0,0.0,0.0,0.0,0.0,0.0,0.0,0.0,0.0,0.0,0.0,0.0,0.0,0.0,0.0,0.0,0.0,0.0,0.0,0.0,0.0,0.0,0.0,0.0,0.0,0.0,0.0,0.0,0.0,0.0,0.0,0.0,0.0,0.0,0.0,0.0,0.0,0.0,0.0,0.0,0.0,0.0,0.0,0.0,0.0,0.0,0.0,0.0,0.0,0.0,0.0,0.0,0.0,0.0,0.0,0.0,0.0,0.0,0.0,0.0,0.0,0.0,0.0,0.0,0.0,0.0,0.0,0.0,0.0,0.0,0.0,0.0,0.0,0.0,0.0,0.0,0.0,0.0,0.0,0.0,0.0,0.0,0.0,0.0,0.0,0.0,0.0,0.0,0.0,0.0,0.0,2383.5791020070337,264.24861815699467,693.8927334967132,938.0402113806932,1113.1852931418734,35.335391626129955,1341.2306322858944,1.0363652855513246,0.0,0.09337317464659613,35.81765764270432,0.938732759912343,33.740944872377604,7.480913940331732,0.1817467041341415,5.420165202544317,0.4993501754734387,0.7942469633896739,1995.2138694373007,1253.236609439978,2359.9763216589913,1379.8310078972747,13231.601554515051,3194.705286769658,1126.8858832011388,0.0,0.0,18945.435829393795,140.01413563966705,5474.217008245907,0.0,0.0,0.0,0.0,0.0,0.0,0.0,0.0,0.0,0.0,0.0,0.0,0.0,0.0,0.0,0.0,0.0,0.0,0.0,0.0,0.0,0.0,0.0,0.0,0.0,0.0,0.0,0.0,0.0,0.0,0.0,0.0,0.0,0.0,0.0,0.0,0.0,0.0,0.0,0.0,0.0,0.0,0.0,0.0,0.0,0.0,0.0,0.0,0.0,0.0,0.0,0.0,0.0,0.0,0.0,0.0,0.0,0.0,0.0,0.0,0.0,0.0,0.0,0.0
IND_SK_AGRI_FOOD,42.94429780250616,0.020899536802086977,0.1524141525961199,0.2162179969841064,0.16191349222159662,0.0,0.12198197626755257,0.0,0.0,1.3170887952646386e-5,0.010471536520181852,0.0,0.010016588186090074,0.0016690118675259274,0.0,0.0025519929255803844,0.0001529247155711806,2.9118659070255038e-5,0.3201671854831625,0.29116905855662134,0.543774303551109,0.8934054126219708,7.681490769249587,8.243933211691935,5.463153960596746,0.0,0.0,80.8895578044969,0.2338035413680258,7.89325347064068,0.0,5.676900699714555,0.006860972476305594,0.03430131905318124,0.06946262230438384,0.028314147364238942,0.0,0.028094083116763452,1.0927825711629973e-5,0.0,1.1317357424305246e-5,0.001510460333843388,0.0,0.0017519164338720174,0.0001064969185541185,0.0,0.00010062647239329359,2.5895885890258796e-5,2.0661546491909865e-5,0.31100238024453386,0.087448994486488,0.5626212413380764,0.18580627066472252,1.4314682078241927,4.0115704098731,0.9310495653369518,0.0,0.0,23.247895279417886,0.07890125058748086,1.3103629469960945,0.0,67.78473376925278,0.009367456403314333,0.1670712516855565,0.0760632598258411,0.04488852508559091,0.037614132618110835,0.14755249564698433,0.0,0.0,0.0,0.005700603747354497,8.144478172461644e-5,0.0007590269589750605,0.00024029149395657403,3.2563027128697937e-6,4.211378823370674e-5,0.00014670607832669471,5.0800520863389144e-5,0.07341959106504083,0.4273678845331943,0.8497564187802098,0.3608582274840588,9.682003973069593,1.202335118708348,0.08513209612507494,0.0,0.0,43.59318545810511,0.005273886275453871,3.757024591191813,0.0,114.07988540012008,0.12970591910746895,0.045058795084139465,0.06652512324785198,0.06586329864975572,0.00038585806194961215,0.016086950120825658,3.3372709373829014e-6,0.0,0.0,0.03561820364817896,5.755675727474674e-7,0.05098512593698105,0.013112381175275691,0.0,0.007744769214877932,0.0001457742608324593,0.0002668113301196921,0.7613061243180304,2.311391016242751,5.539737778071336,0.34865289324214466,16.070434422410894,8.4580131373609,2.0861648386472753,0.0,0.0,171.55666931925194,0.0024853553441449633,7.697613960766592,0.0,1231.069122329935,3.8552797060303408,6.78999300788134,14.303160680998058,6.459874558577859,0.0,9.5732103407827,0.0,0.0,0.0,8.002496512919839,0.0,12.831721236583508,2.4056870599620037,0.0,3.6350957389862715,0.00015426161924413998,0.0023116493537937793,23.13645196465813,41.076464542076216,207.39702876884604,22.493360621033993,510.6943553035829,207.2007548580304,36.23436149151592,0.0,0.0,2110.322617923459,16.431125202214538,212.01833822121665,123.29278863940414,541.8085501144783,0.538884907195245,0.7511791294893135,0.8549565349087196,0.43409982794527185,0.032887668293718086,0.6271334929123471,2.1637915350926684e-5,0.0,0.00038914884751768686,0.16045371026459151,0.019477424315294294,0.4724471488026188,0.030004032532760624,0.00027415265318607223,0.049359122513036216,8.999984798339997e-5,0.00048565765555281165,2.2522264166768577,9.095545486221125,19.965862596721344,3.1167501542930682,140.0001049841401,132.8179710778539,18.775776845714045,0.0,0.0,908.0441662708633,1.0242627022317365,60.572418874095845,0.0,0.0
IND_SK_EXTRACTIVE,0.0732490423758756,0.0015618996668049308,0.4718266264516087,0.03717702877698154,0.022238061587720074,0.0,0.011491820948855683,0.0,0.0,2.496891569252242e-6,0.0005859762550395798,0.0,0.0004936793799549676,8.205256716226433e-5,0.0,0.0001318251033717769,2.072246452032727e-5,4.024379477191949e-6,0.06992278808065641,0.6510657668036567,0.04497871242478592,0.0656565912398758,2.765500596412225,0.06257324369550143,0.050216171977179376,0.0,0.0,0.7328431188706676,0.008678836317924045,0.4139607994235284,0.0,0.015134448517241767,0.0006296132735552159,0.009280753388246004,0.0071562324113334345,0.004498142605558046,0.0,0.004391291088824149,3.3400389184607518e-6,0.0,3.45909746807373e-6,0.00018224324674619255,0.0,0.00022665219767397686,2.5532246550003445e-5,0.0,2.4244897166114563e-5,7.914957114811025e-6,6.315105775842315e-6,0.0331842384862667,0.12165984983901335,0.049424384163361514,0.017043871048880336,0.4007698893095244,0.0522416343648667,0.01216499314097178,0.0,0.0,0.3178778559457934,0.004207376716407386,0.1653437558880734,0.0,0.035522879980545936,0.00031415314235977546,0.11005773395888656,0.01160473323333111,0.009589587320108435,0.001191676431170164,0.004169156738745667,0.0,0.0,0.0,0.00026143666108897586,1.4364587594993006e-5,6.0875633551220725e-5,3.09261149130653e-5,9.952737323283363e-7,1.0159477390294261e-5,1.7751793869965564e-5,6.32973152826567e-6,0.008362812194841142,0.1244111033231856,0.03545870211455002,0.0187219788157101,0.9263121766360164,0.03597459953445109,0.023348967930178204,0.0,0.0,0.4410651877973314,0.000248240684142708,0.13711175193208477,0.0,0.04886861740489217,0.14308911675500866,0.38271799858720024,0.0387651763317219,0.02058756745565459,0.0001249100534037218,0.0049753311703626965,1.0200213067782496e-6,0.0,0.0,0.00028536734359086856,1.7591955029188452e-7,0.0001661020171329577,4.400874390640289e-5,0.0,2.553551143836135e-5,2.2106629588226484e-5,4.1787085911695447e-5,0.10658587528778199,1.1303836392370106,0.014874188181487488,0.02911803316269427,5.103408061466156,0.037605036342650645,0.011185048475382223,0.0,0.0,0.35350670146200125,0.0007596372592354747,-0.4279602169228242,0.0,3.186459515923324,18.717805630888552,32.153600709191146,0.43122758020794427,0.09827651283039116,0.0,0.11730245245870022,0.0,0.0,0.0,0.1644093381593894,0.0,0.2680246013296744,0.014234705547911926,0.0,0.02057089875631956,1.1908099840340397e-5,0.00013384838775640592,38.11421569082266,29.356263538708575,3.385050411072101,23.252961596384463,43.59192154147934,57.96786473566674,0.6345770293550481,0.0,0.0,12.995974115941971,1.437397089738448,-5.201690926749523,24.135878394309003,0.5773546785686462,0.5378680386028243,3.9587019366770564,0.35190513454329975,0.11252506069091506,0.003724436765018485,0.07178682768490165,5.591490337303814e-6,0.0,2.339544799230488e-5,0.0015189910446118122,0.00020383271560465665,0.003801523302612693,0.00027231716401616567,3.054382035940598e-5,0.0006680388691454559,1.4565719470922265e-5,7.021540084846239e-5,0.7163099540601033,11.068098380321715,0.4321784244996656,0.4837582470422119,21.89430315855183,0.7884171257255163,0.3165039707596808,0.0,0.0,2.234358848648023,0.02101292924374263,1.1213138940362732,0.0,0.0
IND_SK_BASIC_METALS,1.439274513680362,0.42153393096182884,188.67240493456123,60.4458254474297,11.51384622515138,0.0,2.3599148671183743,0.0,0.0,5.344181118737554e-6,0.20023244848566854,0.0,0.13866735018834442,0.00019514079063188302,0.0,0.0003583274152522978,0.00011729397911020292,2.315082011734488e-5,12.005003043491325,2.6920996148239706,0.8733482903663072,1.1522937287907802,99.87309130484078,6.508350956688283,0.2446943564796556,0.0,0.0,1.2987865723584933,0.012642034080638359,0.30470891685920165,0.0,0.29452260078586995,0.031753296514700866,13.643072129383096,15.383220224550723,2.8467767718699113,0.0,1.2088527154989988,7.029242212840213e-6,0.0,7.279805575658953e-6,0.006193784182754562,0.0,0.0195388498392081,5.383390120093448e-5,0.0,5.1315967605379324e-5,1.6657334611539892e-5,1.3290384855888457e-5,9.349838068034423,2.453557682261557,0.47985780542145634,0.16978400788927311,17.079224663286414,7.080204806310096,0.07532161080557451,0.0,0.0,1.091675785918304,0.008807786861837865,0.969590647758924,0.0,2.3548183235012785,0.31556744852337826,115.82511937274293,32.74135616917332,12.287767082687985,0.3927222720433796,1.3837342649705593,0.0,0.0,0.0,0.000923006785429291,3.2488491077326256e-5,0.0001728529109145913,7.063782333696582e-5,2.090546610655648e-6,2.2396242105965413e-5,0.00014343888402384812,5.179604710822118e-5,1.3454156171938874,0.4714436470204613,0.10774243521523577,0.37412354446461915,81.96822033693057,1.077647042839616,0.017617551510256343,0.0,0.0,0.6159263123597362,0.0005972536709678858,0.39973991200184317,0.0,4.504516780011185,1.7463650966795516,91.7529062489059,148.37451786617115,36.683109189150436,0.09215441383117484,3.871910838574452,2.152432241383465e-6,0.0,0.0,0.2485996012901562,3.7122253783314966e-7,0.11676936763502815,0.01264236707471151,0.0,0.0037570463700711634,0.025701829192276832,0.05143213939771718,25.251155176627048,16.97877704497988,5.999253702088008,3.6338500714777604,128.97101601536124,10.336024270409657,0.8087499787372152,0.0,0.0,2.860284537886297,0.0016048947377982517,11.43003390442099,0.0,1.743224049175396,0.13621506272647518,60.83111458387926,48.01014883561203,5.896773580056997,0.0,1.8564281569366987,0.0,0.0,0.0,0.43239411259689386,0.0,0.6926628587811637,0.10692085180911616,0.0,0.15821868537602318,7.258293182716121e-5,0.0006167582152519286,14.46453600914897,13.394413060821094,10.556440331681507,1.6552430479234874,92.59040044745579,22.248605086882012,2.2453752754665874,0.0,0.0,18.34056621757518,0.7730578107052475,0.27945998261391924,205.09726202547438,7.676217103057107,3.893642613281361,543.7178045385392,491.2569578022989,133.61331589841683,0.7584082989966006,13.616049894531598,1.2207376233130278e-5,0.0,9.730160719380838e-5,0.3000288057498029,0.019440457760174137,0.46629432456843284,0.001638826785236149,6.508919515414972e-5,0.007864951259170515,0.001787364304004988,0.029737720141267767,150.672992841191,32.276817502694136,11.240785792576295,11.369580688777404,634.9936289570238,40.99079782737621,1.736899604003884,0.0,0.0,4.501720804309849,0.039805700758377985,29.093985032977592,0.0,0.0
IND_SK_METAL_COMPONENTS,11.833125759934406,0.6541883659686358,19.898614817067312,70.3590891764347,8.597846906871652,0.0,4.662336178305574,0.0,0.0,5.162687182120218e-5,0.270329776560783,0.0,0.1900002279379085,0.004314919514141907,0.0,0.011408776124618384,0.00022055200511155593,4.163569658329818e-5,62.95741587764184,6.483030312438894,6.625304897131056,4.149501874368961,142.5018784631683,14.643044181227486,5.221403099379914,0.0,0.0,37.8543410547889,0.12836080125341173,154.0852344688595,0.0,5.513399013473787,0.16586999873902644,4.075330196802262,20.39942197970169,3.0996429465798867,0.0,2.0829656606699696,7.374190829519495e-5,0.0,7.698762244482263e-5,0.021530719211469367,0.0,0.047606430180688025,0.0004996387753313463,0.0,0.00047415508320382835,0.00016159405932431834,0.00012893102568247014,31.33459522974592,3.158448492687293,2.9148404061795263,1.6629003343323567,43.00788374306151,21.066157438028366,4.0159912915990414,0.0,0.0,28.97974996962182,0.08795145941443916,13.851668120769876,0.0,2.4992123225168683,0.027741663087473604,9.034239699537567,33.405025670440786,6.102042496306191,0.18273630597487134,0.6526464207923315,0.0,0.0,0.0,0.033195868829290695,0.00029243641155069465,0.004156266229620778,0.0006391277163635511,2.0319798379569226e-5,0.00020581408127943004,6.346726988901658e-5,2.0446949882054012e-5,4.0991720861410705,0.7313989304230737,1.2626430041963164,1.7229117514398624,68.07668965926484,3.331868789622757,0.18026992045431103,0.0,0.0,16.876473466789694,0.005647512068488756,9.997566939441047,0.0,7.442726363594571,1.3069347134583889,7.840733901248946,27.936752187738673,7.109950927455606,0.015956395682367962,0.9729195654985942,2.0825051665001973e-5,0.0,0.0,0.224787057529133,3.591624579303147e-6,0.07435860468236462,0.0027031637908975416,0.0,0.000804612215672716,0.0018338533865428475,0.0036824633677016595,35.4434017073664,3.3020511360127407,3.7202686216070413,1.4152947714407251,69.67503160998058,10.869944693155817,3.586072923961597,0.0,0.0,12.017340757249887,0.015528176094049363,22.60371730842301,0.0,12.232377380955379,1.0442813505539823,28.244443731463463,445.0799913592788,22.158799552784355,0.0,5.023920404815818,0.0,0.0,0.0,3.871551028038187,0.0,6.093199077768424,1.427004854887026,0.0,2.1402981930213287,0.00012332057063846989,0.0013729361922433536,120.68147360798498,12.297542189763412,100.33846658597471,18.157142266668117,1369.1116756643976,118.65727726903152,8.822520349593306,0.0,0.0,114.54643165944906,8.063422402458553,158.3776895484278,294.16884258461107,57.30350963477248,7.83395959274839,62.26364872316885,166.28330819662966,36.10598279808169,0.8854624868876236,15.88231952973561,0.00014462524715452905,0.0,0.0037330272983703817,0.3230222597230456,0.026016638231073405,0.5848343972869666,0.021279744556437958,0.0005716743127124153,0.05672030412939339,0.00025445038742410043,0.004029900739788119,145.67703108933452,16.858736330107373,24.182962278215552,18.178548740171752,503.43595080089455,57.76232960163621,17.056514534714953,0.0,0.0,103.6545374415681,0.4487272158101214,144.16286411869712,0.0,0.0
IND_SK_NEW_ELMA,1.5634113893480184,0.1702637895255338,2.749077535772278,4.496591672948392,59.40396810706777,0.0,5.3498130831424575,0.0,0.0,4.584477460536125e-5,0.24010345894836674,0.0,0.16724837721287686,0.0012982485311268867,0.0,0.002095130698854083,0.0001611279812910483,3.0082807368722714e-5,61.29952669038174,16.15909398878895,3.1367876119471307,2.056674328012916,115.14771623054831,14.036098054931143,2.09335155704927,0.0,0.0,58.469224911750025,0.13787428694018938,117.76587152692528,0.0,1.3646836533354734,0.06502062045228608,1.334044854853136,4.345608920659959,7.118280305698862,0.0,3.571201115722712,8.187707612265408e-5,0.0,8.725004857954741e-5,0.03504235370124919,0.0,0.04634517182463112,0.0008647535521848062,0.0,0.00041186021728543477,0.00014171160587580424,0.00011306741581604461,22.6558117934433,2.655692090442241,6.701878703907589,2.459270534590526,33.74987568815045,23.225183628513722,0.8388470598136817,0.0,0.0,38.113615055885774,0.08376289112395655,18.992701985241705,0.0,0.42822829044365873,0.03139031054692713,1.0548712645916345,2.0667777922895634,20.01007249544608,0.6154642208983017,2.1595152843558982,0.0,0.0,0.0,0.014996142858066643,0.0002574890369111929,0.0011894306046417217,0.0005707136608882772,1.781966042346518e-5,0.0001800001736488526,9.057208970896056e-6,1.0361150608612276e-6,2.9140996858722557,0.9025450879576223,0.8342843911685026,0.29966792453662217,35.7539078432848,2.6103293784143453,0.2565924057627244,0.0,0.0,23.76367850473121,0.005461088393824881,17.441527895391804,0.0,0.997872584019187,0.38816618500220795,1.1851800797960892,1.5266522510565539,23.88175172784074,0.10466662461371483,4.354553834626725,1.8262747596763764e-5,0.0,0.0,0.05327031466728621,3.1497128663089243e-6,0.018262221999683935,0.001449664409938349,0.0,0.0005590190808107193,5.919037263950129e-5,0.00013749805103463364,11.055274569566967,0.8699832506448936,1.819469682757334,3.215785883806904,27.067704354866812,4.917541401286782,2.501720355697769,0.0,0.0,22.30250531859103,0.01416179768470374,22.883911893506575,0.0,5.217333161308978,0.19429319675766407,2.5990844893379834,8.190177945376657,2.7735604575213677,0.0,4.328479118470614,0.0,0.0,0.0,0.5145107170673596,0.0,0.8227564735302652,0.2520114106656124,0.0,0.36682791914970303,8.71885732418978e-5,0.0009544252968896266,8.967217262778592,4.361379738629832,17.273399200840217,5.812108954569587,70.55071107557755,27.963099854604327,4.6573769619208285,0.0,0.0,65.50917849910827,3.625702416833445,24.008732760344603,384.3038848998186,6.443130487015088,1.8885044559842403,4.2721924675761995,10.604409965260569,75.02429371629269,2.1906432464363657,39.13602362032548,0.00022297680797186037,0.0,0.003242332036580275,0.26084912569697527,0.016970819272672893,0.4249702662552402,0.019808253967270418,0.0005115295890671154,0.05199367630890819,9.909037157913248e-5,0.0004802760725361083,85.54221028035599,18.750593081177893,17.648353407442265,11.714044767979424,246.91240272882203,51.978609769344104,7.4056126686764845,0.0,0.0,169.79906092059875,0.48472515529212146,181.07498213383715,0.0,0.0
IND_SK_NEW_OFMA,0.0,0.0,0.0,0.0,0.0,0.0,0.0,0.0,0.0,0.0,0.0,0.0,0.0,0.0,0.0,0.0,0.0,0.0,0.0,0.0,0.0,0.0,0.0,0.0,0.0,0.0,0.0,0.0,0.0,0.0,0.0,0.0,0.0,0.0,0.0,0.0,0.0,0.0,0.0,0.0,0.0,0.0,0.0,0.0,0.0,0.0,0.0,0.0,0.0,0.0,0.0,0.0,0.0,0.0,0.0,0.0,0.0,0.0,0.0,0.0,0.0,0.0,0.0,0.0,0.0,0.0,0.0,0.0,0.0,0.0,0.0,0.0,0.0,0.0,0.0,0.0,0.0,0.0,0.0,0.0,0.0,0.0,0.0,0.0,0.0,0.0,0.0,0.0,0.0,0.0,0.0,0.0,0.0,0.0,0.0,0.0,0.0,0.0,0.0,0.0,0.0,0.0,0.0,0.0,0.0,0.0,0.0,0.0,0.0,0.0,0.0,0.0,0.0,0.0,0.0,0.0,0.0,0.0,0.0,0.0,0.0,0.0,0.0,0.0,0.0,0.0,0.0,0.0,0.0,0.0,0.0,0.0,0.0,0.0,0.0,0.0,0.0,0.0,0.0,0.0,0.0,0.0,0.0,0.0,0.0,0.0,0.0,0.0,0.0,0.0,0.0,0.0,0.0,0.0,0.006788081523308779,0.0,0.0,0.0,0.0,0.0,0.0,0.0,0.0,0.0,0.0,0.0,0.0,0.0,0.0,0.0,0.0,0.0,0.0,0.0,0.0,0.0,0.0011826650252031513,0.011251568969194353,0.02772996333442057,0.0,0.0,0.0,0.0,0.0,0.0,0.0,0.0
IND_SK_NEW_RATV,0.34881597131052283,0.012829225998733049,1.4035872097376616,2.348089072504152,12.560260450385607,0.0,40.584275810262476,0.0,0.0,4.4687096147988686e-6,0.23007392555686879,0.0,0.17329365480990092,0.0006119719903512804,0.0,0.002722090188585577,3.1180326390622e-5,5.464494287172359e-6,2.0607783609516845,1.8258149505789916,2.106488362894632,0.8239078089344244,55.073245809524025,21.38963622404973,6.696970180495033,0.0,0.0,108.13709556658586,2.713727776119294,281.5241877458012,0.0,0.36424069173104157,0.026853330492379417,0.7362485415136991,2.265085944890978,5.511061222031236,0.0,10.054341246031795,0.0019778352436783638,0.0,0.0022675842207764917,0.02805367573057109,0.0,0.042869867089806515,5.563462680582275e-5,0.0,5.010667255837263e-5,1.3772602910616448e-5,1.0988744673745664e-5,9.109013770413103,1.8332511186982698,4.050588537667613,1.4028137970406263,61.57208304626129,31.012351542188135,6.737209553783552,0.0,0.0,54.4993682417355,0.7278246639502073,39.721880965125074,0.0,0.06401044728187186,0.0019418547428493003,0.4741062315831102,2.113589100730717,3.074972443884203,3.5666621927055857,12.434305617612425,0.0,0.0,0.0,0.055288363409673455,3.3546629974474286e-5,0.004995376603303857,7.224672567551868e-5,1.7318489709030875e-6,2.1895970441535514e-5,4.465029690388151e-6,2.791537980376644e-7,1.1555551960948975,0.8172677586695454,0.2357776439661317,0.48786940026919223,42.43017775287995,27.629675361640146,4.740556967270542,0.0,0.0,84.83509384931719,0.0005424577860232825,90.4386319040331,0.0,0.46021405027875933,0.1090147317982892,0.4615233870426869,1.7660139320591366,3.161712549350004,0.6571825583160691,25.359148320726124,1.7749115422361412e-6,0.0,0.0,0.040982119091914036,3.061128561184314e-7,0.013379978466203415,0.00017532055857544208,0.0,8.662059626009555e-5,0.00010127931250462499,0.00020452229423789916,2.48193557084369,0.32237770142327904,1.247791197864416,0.6369339549986892,19.431728039350528,10.983311536520711,3.1130006767507283,0.0,0.0,54.578591712067414,0.00715495626985974,34.9217500499248,0.0,1.1612013165747428,0.05340306066299032,0.9285442794468758,6.387954572398618,2.8393398802099226,0.0,49.23163444357516,0.0,0.0,0.0,0.349594493120379,0.0,0.5611831380692466,0.12754300704772623,0.0,0.19052495214823603,5.1548116409583635e-5,0.000350093325376169,2.644370698062165,1.116523341256418,9.8705915785666,1.5896168106985349,51.02497978297561,18.986012208368127,3.128793002599303,0.0,0.0,33.30748845731098,1.1845415848915342,28.73913769086883,240.50509140712484,5.874902831406894,1.7692570851419607,5.377841186068694,11.299774762416263,38.0127236450425,14.65565117686988,261.20766581120535,0.011050566974750056,0.0,0.054448249826515936,0.5721903706960412,0.06058666847322229,1.1915340609043368,0.09752153718457997,0.001179867321504417,0.1584925185999169,1.627717114700028e-5,0.00018244601454027017,40.39529603934852,11.799166169146492,50.45525872968593,13.951303379801514,272.2504711221044,206.3254102332452,112.7270907757816,0.0,0.0,438.4718811794589,2.6353454913688585,710.6266942990068,0.0,0.0
IND_SK_REP_ELMA,1.2547297162751993e-5,8.725755433037367e-7,6.182825456044525e-6,1.0574445038823372e-5,4.676271404514259e-6,0.0,4.3272646210298405e-6,0.0,0.0,2.514313052379411e-10,4.039598021728665e-7,0.0,3.937407993918332e-7,8.607866933123241e-8,0.0,1.2434027759900385e-7,1.9842402394869904e-8,3.788308373124522e-9,5.950982534591868e-6,1.7827550740573576e-5,1.9665762031214445e-5,1.2332469449510911e-5,7.025909468880097e-5,8.440716443805008e-5,1.2459665494756181e-5,0.0,0.0,1.991183422140929e-5,8.687669589759513e-7,4.3798771772340984e-5,0.0,6.727767513992813e-6,3.114137757628243e-7,1.3181961076322066e-6,1.7158773417435044e-6,7.396481602657398e-7,0.0,7.711110959440047e-7,0.0,0.0,0.0,5.561465490633524e-8,0.0,6.031397625130485e-8,3.7130683181898888e-9,0.0,3.464891122747712e-9,0.0,0.0,6.026142726436858e-6,3.1243911788722115e-6,8.726998148512481e-6,3.81182624163388e-6,1.6730171673909928e-5,2.9065610015123505e-5,5.700780972270716e-6,0.0,0.0,7.616311697103289e-6,7.928239268916233e-7,1.2886699413892814e-5,0.0,4.6384572921604986e-6,1.6333693130168626e-7,1.9945486240193837e-5,1.910093550474071e-6,9.093374226434846e-7,1.5364429174868408e-7,5.549589163075333e-7,0.0,0.0,0.0,9.900585953436816e-8,3.833824466189269e-9,3.6405924665840587e-8,1.1085543844740682e-8,0.0,1.5378953172596704e-9,2.3055183743348388e-8,8.025657889978194e-9,2.8629024187617548e-6,4.1709382759822425e-6,9.067192273885711e-6,3.5135794411735816e-6,2.1064692508258285e-5,1.975593988712281e-5,5.838017713235052e-6,0.0,0.0,2.8660006642232004e-6,2.2422181362572067e-7,2.336635170393411e-6,0.0,4.14992126129716e-6,1.2519342315611422e-6,4.8400676991143895e-6,1.4273129797171356e-6,7.001996919377697e-7,1.3961130029970401e-9,1.7889365936178224e-7,0.0,0.0,0.0,1.7873717157078586e-7,0.0,2.4275538754454333e-7,6.180317434372241e-8,0.0,4.346516015088653e-8,2.2101982234959636e-8,3.9728573967264845e-8,1.0888240311602914e-5,1.2990916901632794e-5,2.1552767394280472e-5,4.187084881077478e-6,1.369377970049324e-5,2.2549511696774474e-5,4.115606401127647e-6,0.0,0.0,2.2949300219612974e-5,0.0,-0.020389368008015055,0.0,0.0007471036672552985,3.728529331343662e-5,0.00035821028300133637,0.0007606771995732994,0.00039698448854519705,0.0,0.0004172101002587123,0.0,0.0,0.0,7.733594845005892e-5,0.0,0.00012341617495826174,4.231134577433327e-5,0.0,6.159092862903607e-5,2.267282305114946e-8,2.5543567336810886e-7,0.010573081928174445,0.00214416138793569,0.0026270896561550673,0.0015155662243901823,0.004369358720918228,0.006512072554632042,0.020114565001780625,0.0,0.0,0.20847931875469863,0.0004934840990207115,0.01900928393729136,0.04393038010266121,0.0016621419921593967,7.891318369746237e-6,4.022720065069883e-5,2.3054484139148113e-5,1.2295793764071887e-5,1.2534470359226588e-6,2.2779320643936536e-5,5.794807303157839e-10,0.0,1.888059998044322e-8,1.3547546320995978e-6,1.932847839484788e-7,3.6956112154251067e-6,1.854581034116968e-7,1.48148196041721e-8,4.921156499208688e-7,1.1424544528382848e-8,5.25333193154499e-8,0.00015198370343737105,0.00013143193126784747,0.00014523333641690593,0.010389668117761349,0.06044007851030849,0.14629456814305836,0.002685661939811665,0.0,0.0,8.251673182643864e-5,5.7392955743956665e-6,0.00012227798978173317,0.0,0.0
IND_SK_REP_OFMA,0.0,0.0,0.0,0.0,0.0,0.0,0.0,0.0,0.0,0.0,0.0,0.0,0.0,0.0,0.0,0.0,0.0,0.0,0.0,0.0,0.0,0.0,0.0,0.0,0.0,0.0,0.0,0.0,0.0,0.0,0.0,0.0,0.0,0.0,0.0,0.0,0.0,0.0,0.0,0.0,0.0,0.0,0.0,0.0,0.0,0.0,0.0,0.0,0.0,0.0,0.0,0.0,0.0,0.0,0.0,0.0,0.0,0.0,0.0,0.0,0.0,0.0,0.0,0.0,0.0,0.0,0.0,0.0,0.0,0.0,0.0,0.0,0.0,0.0,0.0,0.0,0.0,0.0,0.0,0.0,0.0,0.0,0.0,0.0,0.0,0.0,0.0,0.0,0.0,0.0,0.0,0.0,0.0,0.0,0.0,0.0,0.0,0.0,0.0,0.0,0.0,0.0,0.0,0.0,0.0,0.0,0.0,0.0,0.0,0.0,0.0,0.0,0.0,0.0,0.0,0.0,0.0,0.0,0.0,0.0,0.0,0.0,-7.316281162589835e-7,0.0,0.0,0.0,0.0,0.0,0.0,0.0,0.0,0.0,0.0,0.0,0.0,0.0,0.0,0.0,0.0,0.0,0.0,0.0,0.0,0.0,0.0,0.0,0.0,0.0,0.0,0.0,0.0,0.0,0.0,0.0,9.184396959869209e-7,0.0,0.0,0.0,0.0,0.0,0.0,0.0,0.0,0.0,0.0,0.0,0.0,0.0,0.0,0.0,0.0,0.0,0.0,0.0,0.0,0.0,1.6591527465503088e-7,1.4534811944141556e-6,3.6757073012202226e-6,0.0,0.0,0.0,0.0,0.0,0.0,0.0,0.0
IND_SK_REP_RATV,8.505924984791447e-6,5.91689116189878e-7,3.5402043687103605e-6,4.884244196123368e-6,3.1759764682697643e-6,0.0,2.9524194222200484e-6,0.0,0.0,1.7582349162989677e-10,2.79500184470873e-7,0.0,2.727114231137677e-7,5.848674472861258e-8,0.0,8.490420301707864e-8,7.44340182380063e-9,1.3694098277952557e-9,4.237279371569699e-6,9.722571266967461e-6,1.3527997386356942e-5,8.363921524719042e-6,4.5799811364379965e-5,5.510767477653961e-5,8.384016669039272e-6,0.0,0.0,1.282178854697905e-5,5.979356373299117e-7,3.2353772322931974e-5,0.0,4.629550859835288e-6,2.2350370722721496e-7,8.33163542581922e-7,1.183031642726299e-6,5.210070325737975e-7,0.0,5.394634037973198e-7,0.0,0.0,0.0,3.7621275018436415e-8,0.0,4.086568741743099e-8,2.338321964708623e-9,0.0,2.1820312268303796e-9,0.0,0.0,4.0873132264034004e-6,1.8001094291028858e-6,5.8912265106391264e-6,2.6430890256220284e-6,1.161084739106109e-5,1.9512304487942522e-5,3.843921902481154e-6,0.0,0.0,4.6865963057491996e-6,5.801366226543443e-7,8.218987089560412e-6,0.0,3.0949634368156715e-6,1.1280511498202768e-7,5.8336139473607024e-6,1.2751076840587811e-6,6.084926127303449e-7,1.0463718644272132e-7,3.7615606566296556e-7,0.0,0.0,0.0,6.711489594406013e-8,2.475051732067045e-9,2.461150006732171e-8,7.351147514771182e-9,0.0,9.684966964259657e-10,6.88001382579348e-9,2.2641332960623836e-9,1.956720319627999e-6,1.7483720467225673e-6,6.097981569582461e-6,2.3637479543277365e-6,1.3311534854131016e-5,1.3026640481494824e-5,4.160076830360925e-6,0.0,0.0,1.6167172404567794e-6,1.567961561021086e-7,1.5040165930629795e-6,0.0,1.645200662073624e-6,4.0580907489954204e-7,1.4485280992002106e-6,6.746507704849261e-7,2.7229103814175453e-7,8.792086275737474e-10,8.293929678652921e-8,0.0,0.0,0.0,1.1699307403433789e-7,0.0,1.6014093470284886e-7,4.132455615172978e-8,0.0,2.9374518943724195e-8,6.235182921581952e-9,1.1207977060517387e-8,8.1342232746331e-6,3.971730902846407e-6,1.4233973257713892e-5,2.003480266517647e-6,5.278685264162153e-6,1.3044542878691093e-5,1.8609339889426842e-6,0.0,0.0,9.827983768185808e-6,0.0,-0.019175933423343883,0.0,0.0004987847176148526,2.467019262638645e-5,0.00020352366200497668,0.0005543688039052891,0.0002846100764098652,0.0,0.0002895657737593475,0.0,0.0,0.0,5.34869375014594e-5,0.0,8.534288277674858e-5,2.8915662575267794e-5,0.0,4.209246012032639e-5,1.1606870781961323e-8,1.4882438834948983e-7,0.00842821186635225,0.0008487461684612582,0.001803399866212822,0.001130564390326723,0.0029521367176704484,0.004427258830916066,0.013542128966020113,0.0,0.0,0.16504077823678262,0.0003164675483411339,0.014842628136506822,0.04175136979907381,0.0015063646109430729,5.358386316286286e-6,1.7748705038804726e-5,1.4965066565363832e-5,8.261161161478883e-6,8.404759317778468e-7,1.530770410299857e-5,3.649306728844022e-10,0.0,1.2883881471304906e-8,9.227120855554961e-7,1.3113858603529237e-7,2.507462907394949e-6,1.188232549014717e-7,9.743714780120426e-9,3.3004461876413847e-7,3.2229583524341883e-9,1.7221224149395953e-8,0.00011647622924908497,9.369204414200836e-5,9.74162818144778e-5,0.009860020813404652,0.057756395194104054,0.13994055771382435,0.0024807534496120087,0.0,0.0,4.707335097466058e-5,4.1322949394516225e-6,8.478263551748812e-5,0.0,0.0
IND_SK_REF_ELMA,0.3976217705968334,0.005694978130490206,0.25328760947257356,0.295643720714363,0.18420991385607197,0.0,0.1605755587698465,0.0,0.0,3.871951622094076e-6,0.009186571220141628,0.0,0.00885153745200991,0.00032516547200176,0.0,0.0005020504162648114,3.813241073179473e-5,7.056854890587286e-6,0.2748056445014877,0.21636686820683865,0.6637519981836337,0.13973524255240846,2.992076461962123,0.3381543433111399,0.07456421438009235,0.0,0.0,0.8958631914877832,0.011931774723689524,1.2229852446931404,0.0,0.22434883816841056,0.0017613850853172533,0.035227762241080554,0.09360440142033652,0.027039732770555956,0.0,0.026186968116978838,5.460427522569133e-6,0.0,5.7788557796762945e-6,0.00044135878242889916,0.0,0.0005737770404301558,4.151756960039059e-5,0.0,3.9177543407077183e-5,1.0301236396402782e-5,8.219046037937916e-6,0.2784594061019236,0.04549619955456869,0.26806977406626087,0.0730955991455729,0.7159555797322252,0.45715588910008115,0.1310678436915783,0.0,0.0,0.5493243811713328,0.0075272950583533125,0.30625575675623634,0.0,0.2711540546929618,0.0010097456152996682,0.12370669310935754,0.12793051366730945,0.04517875553859145,0.004601046481766431,0.0209006439487137,0.0,0.0,0.0,0.0006692888910412449,2.7070291410988463e-5,0.0001744831081369862,6.551807886692882e-5,1.2953386888836483e-6,1.6450326350668474e-5,2.54025748904874e-5,8.248504045123617e-6,0.032336328627563325,0.014032499285584121,0.2605677880821535,0.0954709882663519,0.9089883816111672,0.3513948166912927,0.026182969647371303,0.0,0.0,0.4908405677398846,0.0008784717417675022,0.2589376191164297,0.0,0.2721210799613297,0.007758687235418632,0.08006262573642421,0.1552338134697093,0.053040556520581046,0.0006184594030903617,0.0250273676253178,1.3275474003035755e-6,0.0,0.0,0.0013864794674875987,2.2895751114286677e-7,0.0023619333752262356,0.00023296834426075267,0.0,0.00015074609023070536,4.4142324743253154e-5,8.515432639929398e-5,0.1364186375208013,0.04041749694834743,0.4296098346065555,0.04927299082563755,0.4771330143195207,0.11275803274011903,0.030615600187344286,0.0,0.0,0.5955003984067734,0.000992046690529394,0.19085266589622663,0.0,15.725135395465632,0.44929868126785366,6.726462471172219,10.412516484405778,6.818385941961192,0.0,11.464709578227867,0.0,0.0,0.0,1.4270653010339245,0.0,2.285752956511071,0.5565899910667937,0.0,0.8236413521620563,4.6966917455856055e-5,0.0005109112670519928,12.606766355310969,10.40685418470692,40.11384110343532,8.672776021655814,87.92823695851293,28.201701183804143,9.346419309316117,0.0,0.0,66.97547828475545,6.7492710118375125,36.162880115526754,13.273761359030157,2.405292313436529,0.09221289619675276,0.9067463038037675,1.0809778996500856,0.4932248909877996,0.03863274305747602,0.7950201319379945,1.4726271710614976e-5,0.0,0.00011221970585918462,0.036060539551358524,0.0008661745309684186,0.11301513245875269,0.0009094510768648783,7.495537432019871e-5,0.0021483019307376966,2.0042852456120923e-5,0.00012845334783253477,0.8755978785627242,0.4564431796017774,4.087096194258082,0.82100910556978,7.813614826886616,3.1679267847931936,0.5352792333494394,0.0,0.0,4.2208699845944615,0.062068007344095115,2.4657873020512824,0.0,0.0
IND_SK_REF_OFMA,0.0,0.0,0.0,0.0,0.0,0.0,0.0,0.0,0.0,0.0,0.0,0.0,0.0,0.0,0.0,0.0,0.0,0.0,0.0,0.0,0.0,0.0,0.0,0.0,0.0,0.0,0.0,0.0,0.0,0.0,0.0,0.0,0.0,0.0,0.0,0.0,0.0,0.0,0.0,0.0,0.0,0.0,0.0,0.0,0.0,0.0,0.0,0.0,0.0,0.0,0.0,0.0,0.0,0.0,0.0,0.0,0.0,0.0,0.0,0.0,0.0,0.0,0.0,0.0,0.0,0.0,0.0,0.0,0.0,0.0,0.0,0.0,0.0,0.0,0.0,0.0,0.0,0.0,0.0,0.0,0.0,0.0,0.0,0.0,0.0,0.0,0.0,0.0,0.0,0.0,0.0,0.0,0.0,0.0,0.0,0.0,0.0,0.0,0.0,0.0,0.0,0.0,0.0,0.0,0.0,0.0,0.0,0.0,0.0,0.0,0.0,0.0,0.0,0.0,0.0,0.0,0.0,0.0,0.0,0.0,0.0,0.0,-0.000137625192560732,0.0,0.0,0.0,0.0,0.0,0.0,0.0,0.0,0.0,0.0,0.0,0.0,0.0,0.0,0.0,0.0,0.0,0.0,0.0,0.0,0.0,0.0,0.0,0.0,0.0,0.00010687330235602592,0.0,0.0,0.001223888429586621,0.0,-0.0001114778537009571,0.0011709657024542364,3.611575227432529e-5,0.0,0.0,0.0,0.0,0.0,0.0,0.0,0.0,0.0,0.0,0.0,0.0,0.0,0.0,0.0,0.0,0.0,0.0,6.309073583596731e-6,0.0,0.00027568766072410715,0.0016356672415747202,0.003982294535656254,5.933911666533812e-5,0.0,0.0,0.0,0.0,0.0,0.0,0.0
IND_SK_REF_RATV,0.6398700875379496,0.00907857161143578,0.40833489840379916,0.47478981664853065,0.29781787128900666,0.0,0.260473115240704,0.0,0.0,6.139144699250444e-6,0.018954150900990223,0.0,0.018458784746670686,0.0005197000723958201,0.0,0.000802204316599522,6.0874029555689466e-5,1.1264367225635877e-5,0.44038597024888837,0.34941736523757744,1.0663387631303551,0.22681083557923837,4.772808018010567,0.5430390080355706,0.11887630936324833,0.0,0.0,1.4228602368255,0.01895486365599799,1.9394130965595056,0.0,0.3621825987469561,0.0028021837464374433,0.05983125505157008,0.15279482361578933,0.046740110500544614,0.0,0.04538220970298641,8.650948452374537e-6,0.0,9.156452234139478e-6,0.0007029093248560391,0.0,0.0009131780119165163,6.590563745406295e-5,0.0,6.218649163831452e-5,1.629853104131901e-5,1.300410654034727e-5,0.4479112288401598,0.07587751403135769,0.4316733578843531,0.12005403407343723,1.14375175579882,0.7321456592464943,0.21290607804753836,0.0,0.0,0.8710148777102685,0.011951196830008825,0.4856617962641488,0.0,0.43789478028725826,0.0016099765722258296,0.1974107540012074,0.20769562760944554,0.07566128275829366,0.007319219871813318,0.03716620644813268,0.0,0.0,0.0,0.0010651707381038316,4.301840424700774e-5,0.0002781106773012033,0.00010421508632960692,2.0494742046922043e-6,2.610182813628436e-5,4.0674708474798126e-5,1.320804154043772e-5,0.05520370882295713,0.022421506085639066,0.42096189588907995,0.156393068760941,1.4510579984737895,0.5645905393354527,0.0417493945419165,0.0,0.0,0.7801065279960535,0.001401491857806972,0.410760626987827,0.0,0.43574901394053567,0.01235291489152807,0.12791503893023143,0.2476716686481793,0.08440889599089778,0.000983396409406879,0.039797879684376467,2.1004345505671246e-6,0.0,0.0,0.004944741807005366,3.622546825303285e-7,0.008165456264296826,0.00037247858497093696,0.0,0.00024106808634233426,7.058684075796217e-5,0.00013613385753148018,0.21665611217575356,0.06445652894439229,0.6916855709558284,0.07843536815927954,0.7583989160203165,0.17982892360475788,0.04871033219852493,0.0,0.0,0.9506661952859856,0.0015696411100431587,0.30692815676904495,0.0,25.036061491156005,0.7138712693173036,10.640497109473646,16.58362934775782,10.924354785068358,0.0,18.368176530913466,0.0,0.0,0.0,2.2823980157919252,0.0,3.6537249391210813,0.8912701792213933,0.0,1.3174683397859925,7.518501680153695e-5,0.0008179540414711099,20.148587772091066,16.513928920937442,64.05546726925786,13.776881967520822,140.46069090772312,44.53894522151355,14.77356245764809,0.0,0.0,107.29225228255888,10.822166338794633,57.93804167311338,21.177282228021568,3.8400621192232083,0.14595101308452513,1.4492430864086414,1.7258536114646161,0.7881627621109836,0.06548308036527649,1.2713471637513563,2.3392170101098204e-5,0.0,0.00017885768890236437,0.06158623848183082,0.003936587609485225,0.1846822321824144,0.0014520411368574172,0.00011945182673905083,0.005642346352236029,3.195749633239262e-5,0.00020505816779116612,1.3939444752954502,0.7206755838568442,6.539049170171863,1.2929729132585364,12.402627270121412,4.951519380432622,0.8418288498328946,0.0,0.0,6.732377537472654,0.10242148335484255,3.9239375412522453,0.0,0.0
IND_SK_REU_ELMA,0.11758882721124325,0.012407637929181793,0.05056345556672354,0.041687447766289236,0.03480145243051071,0.0,0.027839585626002892,0.0,0.0,1.350768287726896e-6,0.0014223206124505347,0.0,0.001369833009786091,0.0002204889946143471,0.0,0.0003361261300323958,1.126314660324008e-5,2.0104743126284655e-6,0.05183859521486518,0.08453550312765437,0.11086706552905312,0.20518266895404164,0.8023597177324115,0.5817179267314933,0.1001949819337632,0.0,0.0,0.2153606412427591,0.018426334586671447,0.2583426863297143,0.0,0.03881910067197452,0.0007972799590819134,0.005777120769007231,0.009498446700147012,0.0035104793773021907,0.0,0.0037750956268208648,1.098065395296483e-6,0.0,1.151924879900279e-6,0.000196942786135446,0.0,0.0002232375833158458,1.2069268401674097e-5,0.0,1.1320622156947114e-5,2.288401466379022e-6,1.8258467362368407e-6,0.0322319825820307,0.019797139147337155,0.056832740930444665,0.0413722993164475,0.18189852715619437,0.21338073348210473,0.041788525331070574,0.0,0.0,0.1152917448910449,0.006601465740863499,0.07508351420097344,0.0,0.05200084287231839,0.00048718542386047575,0.01479129344134938,0.010080232358712108,0.00564620725596222,0.0010149768994889923,0.0037013173091113255,0.0,0.0,0.0,0.0002944813323153148,9.449494333579337e-6,9.4434863282797e-5,2.8310893626239625e-5,2.8775714407376825e-7,4.554455611698993e-6,5.799757896690415e-6,1.6583825944786427e-6,0.008727340983071194,0.01390655108996303,0.03232015773010751,0.02844470498608332,0.21624271330093559,0.13421156417822483,0.020730738035643754,0.0,0.0,0.11125870981072916,0.0006325821913860536,0.05493215841770981,0.0,0.04805464190569448,0.0012416695142387889,0.004725802564813712,0.007926650316211046,0.0041596004236860214,8.13636606217331e-5,0.0032635075912502763,2.9491226709221426e-7,0.0,0.0,0.0005099786805052156,5.0862504283366625e-8,0.0006607932748719001,0.00015247566917439282,0.0,0.00010668054831225679,5.794382382432304e-6,1.0982769123057717e-5,0.03702140049669203,0.008807551768081422,0.26603147256013904,0.05281800949594161,0.08744468854441159,0.0626945700403523,0.010103472313326655,0.0,0.0,0.10963004416881836,0.00022002042216188542,0.02732196889140219,0.0,6.41399390956167,0.2433578579610357,2.5810525470513204,4.264975880973458,3.3939849986350383,0.0,4.859541326447845,0.0,0.0,0.0,0.3298170854656102,0.0,0.5310643641406678,0.1680330492456883,0.0,0.21261668528400943,1.903880581093047e-5,0.0002880127751620606,5.888220523435699,4.373299226458283,9.95308634887687,8.711134873449389,45.57479130710396,15.456704717490089,4.497563694410784,0.0,0.0,89.10731702517613,3.8568791014407937,16.736614823455994,4.225059636271947,0.5969504728968974,0.08821798419527556,0.15122091314622646,0.14715174647616414,0.10014997041370592,0.004998968307003528,0.1704461107258319,2.9670222201944197e-6,0.0,5.110113726159992e-5,0.004166439100382253,0.0005526285251348899,0.011728547855413345,0.0004589667300476064,3.548477373208019e-5,0.0011114375865811327,3.983577764131587e-6,3.525602779217461e-5,0.26103160535768544,0.2950238127623049,0.674711896403925,0.6569955920684732,2.3463682792723968,2.38000665679816,0.43344334577844795,0.0,0.0,1.0755264083625233,0.07674872664369965,0.6578945557694713,0.0,0.0
IND_SK_REU_OFMA,0.0,0.0,0.0,0.0,0.0,0.0,0.0,0.0,0.0,0.0,0.0,0.0,0.0,0.0,0.0,0.0,0.0,0.0,0.0,0.0,0.0,0.0,0.0,0.0,0.0,0.0,0.0,0.0,0.0,0.0,0.0,0.0,0.0,0.0,0.0,0.0,0.0,0.0,0.0,0.0,0.0,0.0,0.0,0.0,0.0,0.0,0.0,0.0,0.0,0.0,0.0,0.0,0.0,0.0,0.0,0.0,0.0,0.0,0.0,0.0,0.0,0.0,0.0,0.0,0.0,0.0,0.0,0.0,0.0,0.0,0.0,0.0,0.0,0.0,0.0,0.0,0.0,0.0,0.0,0.0,0.0,0.0,0.0,0.0,0.0,0.0,0.0,0.0,0.0,0.0,0.0,0.0,0.0,0.0,0.0,0.0,0.0,0.0,0.0,0.0,0.0,0.0,0.0,0.0,0.0,0.0,0.0,0.0,0.0,0.0,0.0,0.0,0.0,0.0,0.0,0.0,0.0,0.0,0.0,0.0,0.0,0.0,0.0,0.0,0.0,0.0,0.0,0.0,0.0,0.0,0.0,0.0,0.0,0.0,0.0,0.0,0.0,0.0,0.0,0.0,0.0,0.0,0.0,0.0,0.0,0.0,0.0,0.0,0.0,0.0,0.0,0.0,0.0,0.0,0.0006557810512439506,0.0,0.0,0.0,0.0,0.0,0.0,0.0,0.0,0.0,0.0,0.0,0.0,0.0,0.0,0.0,0.0,0.0,0.0,0.0,0.0,0.0,0.0001413292003793891,0.0009605546175618946,0.002374190462857864,1.0899429410363074e-5,0.0,0.0,0.0,0.0,0.0,0.0,0.0
IND_SK_REU_RATV,0.17048730151916056,0.022021661938798336,0.07543246332001059,0.05924162248228956,0.044775278022422406,0.0,0.0402718996704405,0.0,0.0,1.504764897261549e-6,0.0020073102330756395,0.0,0.0019485057415328853,0.0003107379447910639,0.0,0.00047294750990535984,1.2327240721130602e-5,2.1480359895366276e-6,0.0624577737934323,0.12238238073617436,0.1506376210898268,0.2901065540224869,0.9483912683781639,0.8462359925706827,0.14951829091985996,0.0,0.0,0.2269263763743943,0.030802901745664597,0.2755614791239319,0.0,0.05552293521427356,0.0010602454791286127,0.010755163422883806,0.014935828300840268,0.006307284436801715,0.0,0.006536253894169789,9.54848274364702e-7,0.0,1.0116103941906228e-6,0.00025469332018744455,0.0,0.00028457715364812357,1.2367343229137873e-5,0.0,1.154150727275047e-5,1.7783363805902814e-6,1.4188811892407638e-6,0.03932614692329195,0.029311219665309685,0.07094005619070581,0.05777880354495093,0.23647975073092345,0.2842011699073833,0.05596278445951752,0.0,0.0,0.10819060299740031,0.013300338822378731,0.08052466529393698,0.0,0.07625662728415951,0.0006734877254988946,0.02036959654965038,0.015074678722272897,0.007493663065674201,0.001285908807729472,0.004726886368586961,0.0,0.0,0.0,0.0003834135135927009,1.0867548370872277e-5,0.00012759653824560965,3.541681220518647e-5,2.23618525023263e-7,4.549340235767663e-6,5.349949647273761e-6,1.3371467699006345e-6,0.011700294014189549,0.02017780100820632,0.04538597099151462,0.04070752329644386,0.26132153668739366,0.18019540446068744,0.029872773530565725,0.0,0.0,0.11892670245103461,0.0009555609262979116,0.05833623746332679,0.0,0.0591775803474764,0.0012793678997103219,0.006118317452375393,0.01029386329643396,0.004456117337723636,0.00010000860787482744,0.004009589738428161,2.291788366136788e-7,0.0,0.0,0.0007062624875577716,3.9525687071446967e-8,0.0009583522239893653,0.00021923060873560652,0.0,0.00015442014466266114,5.212427424278708e-6,9.928184828224966e-6,0.02112765987591198,0.006645142877525054,0.40203789019532143,0.03258348508567035,0.07235208283239997,0.04894929111217409,0.0065928762803583564,0.0,0.0,0.12677499672668577,0.00017127989699923345,0.02800373990166142,0.0,8.642139629877956,0.28008772468613374,3.772674628575755,6.053194303752826,4.7814254850951565,0.0,7.250069408377282,0.0,0.0,0.0,0.4095042149417942,0.0,0.6580245589380564,0.1849230399795375,0.0,0.2583807046108834,2.4685309340182855e-5,0.00039625058715477414,7.6270530465119135,5.661652085044764,12.447541241194617,8.027217956211299,61.07527440568408,17.34431763636207,5.673707149933317,0.0,0.0,134.23245388286168,5.639936630768596,25.35592576198682,5.54308930872701,0.8435788771287056,0.12185620072161517,0.21102663243397982,0.20371774012763055,0.13537623311812516,0.006731143670481571,0.21948937904735605,3.254651001707571e-6,0.0,7.140114157108317e-5,0.005913075798655453,0.0007817204222000713,0.01674792768020892,0.0006239690810381667,4.5892336186872185e-5,0.001509865160351075,3.2185164785030275e-6,3.954555091215732e-5,0.298138572663188,0.4037517508965491,0.9049413180296606,0.8050027317393674,2.93004876098802,3.206181689040384,0.6103556859112147,0.0,0.0,1.360853861007052,0.11623591874138667,0.7585453191443543,0.0,0.0
IND_SK_REC_EE,7.831632832045544e-5,2.0132120737600337e-5,0.007018383966890952,0.002981117012954808,0.0006341710634240269,0.0,0.00019286735781453825,6.644449421611286e-8,0.0,1.7167617831036893e-7,1.6656082194435568e-5,0.0,1.1956026264462441e-5,5.466627987998344e-7,0.0,8.359738373794654e-7,6.123128296485019e-8,1.5375504552684859e-9,0.0006252109958241785,0.00017734464035303144,0.0001989471022064156,9.000640421473551e-5,0.007125043530536448,0.0006303158667263192,6.102040725574952e-5,0.0,0.0,0.0,0.0,1.872900530123455e-5,0.0,2.0193580748207506e-6,1.4166986081928332e-7,8.710962871989469e-5,0.00010102668140967427,1.784601167757183e-5,0.0,7.486740364212565e-6,1.9359916320163285e-9,0.0,2.005001712906819e-9,2.9129522745470233e-8,0.0,1.0420866519482407e-7,0.0,0.0,0.0,4.587757747304454e-9,3.6604335272834737e-9,7.264004726932674e-5,1.68296517124051e-5,3.2867278008588083e-6,1.327550014548052e-6,0.0001518838573792726,5.633205670209834e-5,7.698907719077691e-7,0.0,0.0,0.0,0.0,1.858642310515734e-5,0.0,0.00036262589409029127,3.594160861623857e-5,0.011829269413182337,0.00649288405734038,0.0018445769073546522,7.129156950056576e-5,0.00024863126444261627,1.6788117066306885e-7,2.9743456817325603e-8,1.438696802165293e-7,9.842882989453104e-6,8.309040609730724e-7,2.896727042968732e-6,1.3724187158662032e-6,1.3885655178116904e-7,5.538478574345623e-7,2.341317384690215e-6,1.0613211256689983e-6,0.0016468503114181235,0.0007993437499315868,0.0005392308981160369,0.00024852871069746803,0.010318522282464514,0.0018637055325960196,0.0006059223046471337,0.0,0.0,0.0,0.0,1.11924641493684e-6,0.0,0.000295790001114781,0.00035340751524065263,0.004209727110357718,0.006699966185476193,0.0015854660488162791,7.145125124672766e-6,0.00027706631100396186,5.912364193110124e-10,0.0,0.0,1.4311194787720195e-5,1.1548248988533686e-7,7.815398588065378e-6,1.1990107275151232e-6,0.0,7.242896462766942e-7,1.6797924745499205e-6,2.9122324878959733e-6,0.0017298022948203304,0.0008795933120688901,0.0004179841971161089,0.00024117598898575602,0.0067164234201200655,0.0006861962948481548,9.598149364682677e-5,0.0,0.0,0.0,0.0,7.444255272363884e-6,0.0,0.0012131367205044253,7.40741042901417e-5,0.09519967419577764,0.05875400685061143,0.007486741602415885,0.0,0.0022002316071524594,0.0,0.0,0.0,0.0002433150028550651,0.0,0.00038720159036519265,3.622908596700156e-5,0.0,5.3315188933486356e-5,1.93710993218131e-8,7.630072559485427e-8,0.01606847992410365,0.005526447680432277,0.005136271299448146,0.0007386599971618978,0.10493638949681115,0.017544627863621903,0.0004369291325664179,0.0,0.0,0.0,0.0,-0.0011101984582413424,0.04890754545744537,0.0015788674330354923,0.0024584954840477717,0.06904540222425302,0.053644308721199574,0.015410405036689848,0.0002692759897003527,0.0047991695710563114,2.82042030715252e-7,1.4044604839953334e-8,1.0062419715626625e-6,6.760799358291414e-5,5.7373806239154554e-6,0.00010507051975305145,3.257825073064241e-6,3.853118200822993e-7,8.334589643806409e-6,2.412421332945988e-6,8.473904627992348e-6,0.04467412395394779,0.006926132499157335,0.002803820690428139,0.0028145016023035487,0.08967358304470967,0.008545554125599916,0.0013483539742310336,0.0,0.0,0.0,0.0,0.00012654930169855912,0.0,0.0
IND_SK_INC_EE,0.0003208094476105101,9.504236365725472e-6,0.001770394668983907,0.024248248483880533,0.00010720180341856897,0.0,6.547115476940081e-5,0.0,0.0,1.260685685685601e-8,3.7929899115089354e-6,0.0,3.369002605507845e-6,6.446602024055467e-7,0.0,9.883062737585027e-7,1.5359265322329144e-7,2.9695772808219952e-8,0.00031507196548176365,0.01843518293447145,0.00023877793909620308,0.0002633083672533678,0.024146386037971222,0.0004993957725164296,0.00014303858602356126,0.0,0.0,0.002357142431537102,3.112800243391055e-5,0.0026722577815370455,0.0,0.0001087494516015534,3.921424682738818e-6,1.3742921431852919e-5,3.071692233340147e-5,2.1780282924299736e-5,0.0,2.226874128746399e-5,1.5518393372430375e-8,0.0,1.607155971826082e-8,9.601042016795718e-7,0.0,1.1753775128964348e-6,1.2617164088887388e-7,0.0,1.1986138524757644e-7,3.6774925049022306e-8,2.9341834087884452e-8,0.00016901472275799288,4.746419344169666e-5,0.00024681231658205615,7.845702812779435e-5,0.000874511414455653,0.00033307504190425384,7.523579868153029e-5,0.0,0.0,0.0015614156312371166,2.1924670509574443e-5,0.0008572546540113755,0.0,0.00032923451967279565,1.950888971592856e-6,0.11609044987671861,3.731810560631866e-5,3.9246160055013985e-5,5.719312257297916e-6,2.0092627402214505e-5,0.0,0.0,0.0,1.5515610194214754e-6,7.798105608444729e-8,4.033244145796681e-7,1.8006071244930945e-7,4.624211873414752e-9,5.12274435415288e-8,1.509545298508493e-7,5.3387189188357566e-8,4.035324768814404e-5,0.006552057643443589,5.932162882899272e-5,3.9206219062701766e-5,0.004439415571775815,0.00019647494188263756,5.734936889241501e-5,0.0,0.0,0.0012328443291341076,2.0503010291712903e-6,0.0006402725370045221,0.0,0.0004930166319485057,1.620003993524887e-5,0.010216941814960951,3.377513087715607e-5,4.040127331501317e-5,5.343180121034953e-7,2.1452388368713424e-5,4.739193238003782e-9,0.0,0.0,1.926102063061917e-6,8.173522526138561e-10,1.7245984723123313e-6,4.585198653996638e-7,0.0,3.003512738172665e-7,1.5491640743290107e-7,2.8516057513125063e-7,0.00018385276290211713,0.05825796065914935,0.00015667628366485134,0.00012694134997894547,0.01488567198406549,0.00020696448230841295,6.906081353196519e-5,0.0,0.0,0.0013082935449375865,3.529404588345449e-6,0.0004267877550527329,0.0,0.01882732778977099,0.0001939459179194327,0.003812314126824079,0.0025652920453388983,0.0016208249564253067,0.0,0.0020759711724302144,0.0,0.0,0.0,0.00036839657768130703,0.0,0.0005887915682181939,0.0001814279196286651,0.0,0.0002638112176344749,1.1751020768392169e-7,1.2539683638602243e-6,0.014806090680120294,0.13280181497096571,0.061924915030069264,0.011571423520794582,0.1390481658567038,0.06415932471327211,0.15890358094816676,0.0,0.0,0.38014294603458665,0.19471052629284888,0.030880279121712022,0.14937057811482657,0.027445727164342324,0.00010620511029712621,0.14700487051527336,0.006021125460142587,0.0002789783486148565,2.0922566059699416e-5,0.0003740047096742194,2.7495559353638967e-8,0.0,1.778824927652647e-7,1.1040602984946351e-5,1.541807678114482e-6,2.8923102637864957e-5,1.8227980478549175e-6,1.823409005362148e-7,4.544114338957463e-6,1.009479412375837e-7,4.5679210953659117e-7,0.007074849631756543,0.14893484866630444,0.022716263144867892,0.03668449523155983,0.198966873361044,0.2600007518798186,0.03506115941061488,0.0,0.0,0.03070512961045306,0.00011061880823456314,0.005304776039965514,0.0,0.0
IND_SK_CONSTRUCTION,0.6890488080002518,0.02978934781801954,0.9624033721879004,0.8396753940640013,0.5462363245825889,0.0,0.220189416812788,0.0,0.0,2.5251419933342103e-5,0.013853615875283852,0.0,0.012086364442141085,0.0018867379723864284,0.0,0.002905913966751119,0.00018087476724580064,3.255001085708374e-5,1.9575531555372268,1.0086590647164533,0.7691839079036675,1.3072707167016715,10.787549250223712,3.4090149023668967,1.106873000915265,0.0,0.0,5.017870783678811,0.06320290873386905,15.607575149602177,0.0,0.3920504280628185,0.03233620627020421,0.14807582439069236,0.29504590898622424,0.12781988476280454,0.0,0.10594907068017584,3.0242996923976503e-5,0.0,3.1342089572015053e-5,0.0027520587298788452,0.0,0.0034158640160761185,0.00028416545504843395,0.0,0.00026708803022242554,7.121865143238131e-5,5.6823214059704344e-5,0.6897274312421063,0.2614683654785786,0.7493061708448991,0.4523242242613208,2.878973042046554,1.983716210365408,0.38369770344394444,0.0,0.0,3.2604786186271273,0.1317702220591427,2.0149004187014805,0.0,0.3512491468003108,0.005349657352633516,0.5300651448753957,0.3893864646888429,0.22314648059238662,0.016989232447197668,0.05992868320347214,0.0,0.0,0.0,0.003775450522281449,0.0001759215493921924,0.0010112922649628546,0.0004092380072351218,8.955456947183018e-6,0.00011063361993808228,6.448677585700509e-5,1.7229831776632543e-5,0.3432650958573614,0.08111677147048803,0.19012223350575147,0.1513051043705791,3.39177272581829,0.5710230777535373,1.0817448161499112,0.0,0.0,2.566817453233838,0.004717822935473575,1.4003924683557594,0.0,0.33348351161692447,0.04676706703357804,0.3640350211390005,0.6580984213165705,0.2957721104050203,0.0017399329902480695,0.07249862368054745,9.178135056278099e-6,0.0,0.0,0.006340702744654879,1.5829211886591108e-6,0.004817615676178814,0.0011043974370454743,0.0,0.0007107088897804326,0.00014370511436332116,0.0002878474445551916,3.6622170521834962,0.27217330822806757,0.5611165858413034,0.3996096700420648,2.792057152756385,1.9668790828346274,0.2402622804915486,0.0,0.0,1.8488121164883302,0.006837386245775885,15.079983751155394,0.0,46.53765402095309,6.077812819191558,9.447970522595956,129.26258055306138,40.77229415842179,0.0,6.788925972981194,0.0,0.0,0.0,6.406852803301826,0.0,10.183541139776255,3.872609600099263,0.0,5.687756219495608,0.0002564180967559778,0.018863580057041033,3512.4856112144394,65.24133322996498,215.33907436730624,363.5280400496109,192.00521351933057,837.9199353690901,190.242642754669,0.0,0.0,339.4740672466807,25.036526964559883,6311.808036604823,66.15878736779894,5.454976841230458,1.1804484309650825,3.47674986211146,4.4124154799501705,1.8615988080109704,0.07196189272823958,1.405090274211382,5.861394669738452e-5,0.0,0.000456382446245981,0.05888708587638543,0.00471440129700415,0.1269747689574931,0.006009515841928198,0.0004716143230132003,0.031754188550812155,7.841725742997795e-5,0.0005853743061732705,46.149909716883975,7.288523455016132,6.691655386011889,7.594381547511838,36.34120998295158,27.209338143216616,4.617931118002747,0.0,0.0,14.392187678704213,0.8737120918771542,26.215192685544352,0.0,0.0
IND_SK_UTIL_WASTE,0.5072955961252726,0.06003898028137362,4.987549076239903,16.26521966616959,0.6067223454769132,0.0,0.1178831578358709,0.0,0.0,7.421254764372752e-6,0.005409684322893442,0.0,0.0045047393291299115,0.0007605124446266677,0.0,0.0010744439547697112,0.04056013717077832,0.008155827118653097,0.7940125808447123,18.132190791437147,0.5665732652277299,0.5237380904134262,18.45365147275124,2.6292603939822854,0.7628455889548776,0.0,0.0,4.0630558916998964,0.08261107572940977,2.124863221726848,0.0,0.3630606219834047,0.003534821573551712,0.6629792720645157,0.17855850202063178,0.08662615167003727,0.0,0.05946595462137912,8.804238908576554e-6,0.0,9.118852267819318e-6,0.0011256943881317837,0.0,0.0013490319415665971,0.00012121945878608565,0.0,0.00011087887325466688,2.0846982177476933e-5,1.6633178508182894e-5,0.505615197645416,2.7021710840815794,0.550741808195496,0.21422113266651086,1.749992144224047,1.555448306961431,0.6946484969516626,0.0,0.0,2.52828557610492,0.013382081799598227,0.7591874122371443,0.0,0.5349275449613357,0.009433753445269566,54.16596106692088,0.14929646597687468,0.2065760636746624,0.008778257972673871,0.04500344530874159,0.0,0.0,0.0,0.0014178013022762691,8.07569423382697e-5,0.0004075789337065455,0.00017718680462114399,2.621423516267057e-6,4.752816518854159e-5,0.06119550325035856,0.022345964827728177,0.09698117921301877,7.411302041220722,0.46852992430986373,0.34247008530991363,7.176935109119787,1.0241935224399275,0.3944114870685354,0.0,0.0,2.57722389903467,0.0014073841006276024,0.5095459322530285,0.0,8.071605687850157,3.117202816078193,12.947652274051059,1.9312786932921986,1.5791491299718559,0.0011209606799006209,0.28462076800779684,2.686605423377882e-6,0.0,0.0,0.045976093253276284,4.6334954384519596e-7,0.05594973912442271,0.00880326099384933,0.0,0.004411598307928869,0.06154750868350163,0.11063771170059407,2.114860377353127,34.30168876703097,5.084418531683968,5.807745083113432,29.15247220425613,15.643292200354347,6.417807386968264,0.0,0.0,39.011916317393506,0.002004880403845349,1.4831662430624815,0.0,154.5808492390992,19.1804846822791,301.36114957041167,58.487993011614854,11.441385526851748,0.0,8.475483610385755,0.0,0.0,0.0,3.320958376675924,0.0,5.311872180431962,3.3945837654108,0.0,5.087478186764451,0.02161387229038911,0.19244354952740592,42.53708477946969,4384.546744491373,166.97341725230777,97.17130085754475,595.523251066539,835.4067153925959,606.3224238801662,0.0,0.0,2908.0009094146535,92.95100804382582,7.889938788580203,86.13827297622683,18.80314428412331,2.0059489892828988,70.61166981605061,9.044111961084258,2.4364160506268684,0.10513220912671449,1.9667424283485764,2.259241336746471e-5,0.0,0.00018960465868375317,0.0882861312506618,0.007777273059660689,0.24680686841267174,0.043300355900842816,0.000220930453582827,0.06033743417605637,0.031823810218745925,0.129040994603577,8.976183715483726,103.33655354337702,17.340683262867305,11.731938187158425,87.93835575370973,31.555266344168896,16.58439388152653,0.0,0.0,58.165255123125014,0.28679513902382814,9.475839756963753,0.0,0.0
IND_SK_TRADE,10.563332661890474,0.6753773706050954,5.973301795725006,6.365578701237141,4.287124332683574,0.0,3.844565154983004,0.0,0.0,0.000281728891722978,0.34660128954997005,0.0,0.33569181747197874,0.0566807339095009,0.0,0.08730717151746807,0.0008848797604231276,0.00016077273113664466,6.1370096917452965,6.467855087466522,15.979616250165744,9.188858323738643,72.01538517691597,22.228265201334498,4.345832451911725,0.0,0.0,23.028680602241625,0.9237412132128908,26.525199459061852,0.0,5.373396719677561,0.2205243075043952,1.0504658902209367,2.11946635896051,0.8185789776480837,0.0,0.8093254944573214,0.00011415521917341753,0.0,0.00012069455154271541,0.03989040419788385,0.0,0.04570716136826682,0.0009743788614629773,0.0,0.0009174048731543909,0.00021786546674373446,0.00017382828425310348,5.868351767030392,1.6187219680689293,6.4334854005684985,2.697795097129851,17.816999651985878,14.093302770218123,3.6823614479584745,0.0,0.0,11.809304867576664,0.5881844109553902,7.218270948169764,0.0,6.456751982859457,0.14543375941463368,2.5400025683360963,2.721117803786815,1.1349176767648081,0.18533345660133424,0.6635669536612964,0.0,0.0,0.0,0.06920788130315218,0.0013280643486193303,0.023245421236664402,0.0057351405709080835,2.7395699810162728e-5,0.00038007633772988597,0.0005105383279488731,0.0001564327479345026,1.3272023206164887,0.7768167925683559,5.866993552441901,2.7732168125433883,21.358210632885623,10.152945472444074,1.3901612921182644,0.0,0.0,10.898119084434063,0.19679285642201808,5.867700947046245,0.0,5.800504719396786,0.16082989017784263,1.4390781730376252,2.7781570889267093,0.9644219390182237,0.01226516607282502,0.4950314667894633,2.8076895899354872e-5,0.0,0.0,0.14164628078173022,4.8423250514967794e-6,0.18443140378044418,0.04458212903279807,0.0,0.03210951012839582,0.0008173238562889261,0.0015783464547570762,2.6558045166737143,0.8493041543468955,15.888018980049678,1.7045141609923262,9.554638534186704,2.8081497179868196,0.7655617207698837,0.0,0.0,12.592046772146663,0.020976695355778358,4.022341236899743,0.0,441.2488486579991,12.914802341873164,184.47440262413392,303.7329848496826,227.66047136050034,0.0,347.27350470472834,0.0,0.0,0.0,34.297373469923755,0.0,54.85381363362288,14.055610265747408,0.0,20.356489804019436,0.001289511377465841,0.055595931683049785,364.56553595762995,281.94816218473136,1076.278924656249,343.3156530371778,2902.0901589654923,798.0555609964085,262.57699618487374,0.0,0.0,3978.082614261026,229.4081876543292,1172.9592236287585,351.22424645788095,57.821211938338905,3.899120672842638,19.780343654138324,22.46218136586726,11.27906362098129,1.0167560458186338,18.28369472939744,0.0003161266188248603,0.0,0.013761458433977997,0.9305818656496647,0.1370040883993635,2.595437748159526,0.0975079513044343,0.006560191393374591,0.24618465078966462,0.00039430749241248534,0.005357788393462147,20.88297834532782,15.518721901432626,96.49365260274705,32.95823630418759,192.72083377132955,112.65748684274647,21.58447119200996,0.0,0.0,99.85826214843748,3.652307407008239,58.640664160968875,0.0,0.0
IND_SK_TRANSPORT,11.38787570986931,0.4458200015471207,12.812308963587226,3.758938707193263,6.346869958922913,0.0,2.177360141195067,0.0,0.0,9.079777869543057e-6,0.35478766837370956,0.0,0.34849798962918654,0.0468822639613387,0.0,0.08044805970420767,0.00010039901512180366,1.7254944271375967e-5,9.361012503216434,6.53451850460791,16.38750095328958,80.40092242532779,118.82133095506774,14.124327929284007,2.4827073836765443,0.0,0.0,16.59241745764427,0.06618372115818671,18.33152698322623,0.0,2.3815507136873,0.03081619856629341,0.21645772600416704,0.405382570075891,0.18142178297693207,0.0,0.15607709889790045,8.121445553791933e-6,0.0,8.410941440640908e-6,0.07965056855080982,0.0,0.08180501870536802,0.0022204785781904128,0.0,0.00190281996770518,1.9245551199720076e-5,1.535544503456693e-5,1.7700492799400505,1.0236759610136292,12.365954537036913,12.582458433826778,8.700285138356579,4.689167520856219,2.468548226100395,0.0,0.0,5.777482658863354,0.21964368008558413,9.162772401176666,0.0,13.80621034554186,0.0026018658691603623,6.701634935934346,3.050470237047096,1.7624681840949146,0.2597091184893046,0.916072446903302,0.0,0.0,0.0,0.028382778867134358,8.314729255209206e-5,0.00867165360690475,0.0002124083214140331,2.4200500557781845e-6,4.4323113846204174e-5,3.0169215350699735e-5,5.6043587696392065e-6,5.6709263379162085,3.4333668900010497,3.2090750700792383,9.110993606796411,36.26817871581054,3.361317830718653,7.063243840403565,0.0,0.0,53.211844498472566,0.0032870874002730137,13.734413875033665,0.0,3.104552038944263,0.46842456928051046,0.6204823718982586,0.646407018050615,0.3490402300462178,0.00030422620265979167,0.08889559174712047,2.480224797145359e-6,0.0,0.0,0.036111935852771324,4.2775579167940374e-7,0.044440890226682774,0.008551603683995448,0.0,0.002807300334221841,1.9566495269484863e-5,3.867511461737614e-5,1.2096928288752757,1.0208204397294869,3.7260573062231552,14.973909333004517,8.9581091807505,2.2739786338381553,0.28818193130689446,0.0,0.0,2.364055099773158,0.0018470900470899103,0.6741767166196315,0.0,222.1134303283746,22.694700036669552,174.37903383551557,101.27516798379635,47.630739972998995,0.0,64.14455727787777,0.0,0.0,0.0,22.62904808323969,0.0,36.23944880515517,5.688284396829892,0.0,8.00082334875192,0.00021079919930440356,0.06329086219788915,252.99201808113438,177.338667955648,564.8747717750998,2442.363360560644,952.1040928779539,457.8211444104539,144.57452353670695,0.0,0.0,1066.3751797370132,1276.274151158826,302.5652284624158,686.2064514663001,69.23972862871796,14.67348443022884,27.027950617754417,15.830572799547484,7.731002640756562,0.2881914402882453,5.214828287981081,2.0988751635147846e-5,0.0,0.00029177721749038053,0.9632095229902797,0.14817559540901518,2.731159437365023,0.14202342011660135,0.006650770499622679,0.23270446194652744,2.1307346075868535e-5,0.01265024103673818,36.38949654476827,24.520630339302123,109.99956262984844,264.5344963437795,223.44211901279118,66.29475303304464,26.97316711046545,0.0,0.0,94.74018811722598,5.851804142820577,14.24889676697236,0.0,0.0
IND_SK_OTHER_MANUFACTURING,77.14760987649625,3.678980687259975,23.745663390758633,52.56875646188653,59.66503243659966,0.0,34.23042787653498,0.0,0.0,0.008566487708606994,1.0922344503748296,0.0,0.8053112147527812,0.13868909093333426,0.0,0.227293634851531,0.025561905496653745,0.004904239051913822,215.859863515905,36.73606138792982,93.96065728277337,60.142099934546465,2739.2767157643916,75.74345453640835,55.212313065456264,0.0,0.0,1484.155948957494,19.846026109375305,1907.428590479785,0.0,43.16971339632339,2.0249088507899615,6.210009022977372,19.063864939381347,14.498225057762475,0.0,14.797362545635366,0.011680345043614856,0.0,0.012106428824180808,0.4401238513008843,0.0,0.5857897723388201,0.07965888905548424,0.0,0.07611691387557698,0.027471852285229085,0.021918958419567716,107.6313165706327,23.570280513587136,141.2413504660457,32.228954741921775,597.1763601483224,148.47972102915736,33.80092505338273,0.0,0.0,1083.6054662840625,13.976741106046543,590.1539642801788,0.0,41.267455622466734,0.8947366836803752,19.058587381138516,21.143016166733492,25.446892852251302,3.5594055931970003,12.4022548078386,0.0,0.0,0.0,0.792505232873429,0.0456845173088037,0.17041251619341427,0.09777713772121215,0.003454467699775339,0.03327498005336906,0.0004905471116279829,0.0001547153016765585,15.62228011821339,2.7941331408864816,8.556118961627543,5.918508520264875,800.1107667479496,76.84685226223803,21.618777200110443,0.0,0.0,743.1626782615051,0.7724619909992437,451.01432646191677,0.0,55.97290438350787,5.472990753393513,7.484201750936599,23.621622913032965,28.450636661505552,0.4283829307218383,16.550035532934405,0.003540363317117879,0.0,0.0,0.7153913726393972,0.0006105941992264509,0.2808875204245823,0.09042818991081376,0.0,0.05542536763738151,0.006915641708806564,0.017553470270721846,122.0960776070238,9.599259348417533,26.09225352369333,59.80399212742828,540.3230938073488,60.07274702663128,30.0115914634442,0.0,0.0,446.0219058363959,2.6368735618848147,252.19432191119375,0.0,191.81530278034785,8.91272854021658,95.28359729462507,99.9104478627762,78.47231705874492,0.0,74.6111586206323,0.0,0.0,0.0,10.367559542524889,0.0,16.58207019201952,6.160474244705808,0.0,9.051558950116245,0.001076007716125076,0.020015098512700426,389.58193672583036,88.68218017847678,443.38727962070806,303.0131738743657,5457.1800027811105,522.678167445783,76.2901827195255,0.0,0.0,1345.1280020869701,41.65169396370273,866.1787925738194,7074.5097109497565,363.58948033915914,39.929083085016764,109.34315878188237,123.38853605320926,168.63408203613344,11.924217737744224,212.50885550016415,0.01914834788266714,0.0,0.07228831697631521,2.425974164691658,0.2906570596636009,5.252229458957041,0.49821947455634824,0.07961400072073946,1.4993665318503424,0.01882375260075008,0.077095495755178,617.0224046208328,91.74518251719924,521.1876887467226,492.0909560452515,6493.536185302904,589.3774129986102,307.5562676449208,0.0,0.0,4081.2361599700203,58.61844699373319,3414.5937915588065,0.0,0.0
IND_SK_OTHER_SERVICES,15.02250235707343,0.6057323719587953,8.418794334529474,8.965032878018786,7.006036773791096,0.0,5.088286926532371,0.0,0.0,0.00013831160574883148,0.19855663275995433,0.0,0.17345708467095086,0.07976001791730102,0.0,0.09886482830243709,0.018546129360098067,0.0031316902339959983,11.395804543178153,13.87162763211237,11.745697193360062,17.525107427560503,109.0945556927212,182.58741092847058,21.425407792258333,0.0,0.0,66.83675176252066,0.4264341251934145,85.62192533038203,0.0,4.611743702956182,0.09268634361053492,0.9003493896375525,1.8288372991643473,0.809256757551925,0.0,0.9267682272048603,0.00021343769023815008,0.0,0.00022651146694440262,0.06679760016094599,0.0,0.0722892308576898,0.01210070552496424,0.0,0.011303241950144703,0.00038929096702709234,0.00031060351973153207,8.069839151643045,2.0911095226528666,11.758385275460945,3.916613623161641,19.69681154760297,45.453762107098164,5.530978607256711,0.0,0.0,38.227091697498594,0.2796494095327575,45.058184016180796,0.0,7.697281006686598,0.03955517502991645,6.689689112531992,3.778764948033452,2.31432755822376,0.29287781931224927,1.025182534812119,0.0,0.0,0.0,0.108391802493553,0.009391504925438431,0.04022665381492054,0.018652692893484438,4.895176139493198e-5,0.004982375208156322,0.007127646256162636,0.0014442309729900875,4.781100365780345,3.6038418122992084,8.68530672522261,2.762518613306925,41.03165501055254,31.687106424231935,7.08838685848241,0.0,0.0,22.552977790117765,0.0260414126205867,15.10356657468416,0.0,8.94320024669277,0.7714052619720956,3.2003049758797286,5.362812704708373,2.360816869271696,0.029611691475663175,1.295673643061342,5.0168950523377216e-5,0.0,0.0,0.0942335116192549,8.652465238864179e-6,0.09071480928265092,0.03294260151503157,0.0,0.02072082953099323,0.0044830551848090575,0.0082156608698042,7.605089477042319,4.493168112252237,8.550917620859021,5.751076044044116,24.96981571173036,39.47345688915558,5.176641814221992,0.0,0.0,41.3914499313518,0.037517578662469055,18.598003299397032,0.0,598.4533335001724,25.73641341424469,200.99737184041717,267.91709253106455,124.06933582005072,0.0,91.89065747014371,0.0,0.0,0.0,78.93734296411701,0.0,125.95993673688722,52.94360781162176,0.0,76.78378403281161,0.04535853665363071,0.27418085814796,634.0121598921785,775.8615152951467,2892.7301525411576,838.3314352723231,2610.635685948412,10329.029512888868,1224.0186904570853,0.0,0.0,16064.439046047686,1126.8352763896546,2669.5725259790943,849.2667870085047,70.00010180491371,7.309218978971564,25.36563360736611,27.494714142806643,17.873436933410172,1.8583771415841996,33.17579850410073,0.002239292491298102,0.0,0.016881771617073084,1.0494063813481378,0.15451154823172536,2.812701157977826,0.2367938155573121,0.0277646738107562,0.5542770580267921,0.002416634021783158,0.019046798985426664,79.97362556179876,41.88440062552074,127.76411079573407,61.41875919504556,310.3479322496271,739.869734176756,69.11466422079717,0.0,0.0,239.6287675065523,2.9788477825778217,264.96411079850714,0.0,0.0
IND_SK_PUBLIC_SOCIAL,0.4032880625032613,0.014417029397023882,0.14861991286154316,0.1935123765263878,0.15940291297944464,0.0,0.13020832577131522,0.0,0.0,9.025732636701507e-6,0.00462840816327057,0.0,0.0039807385644456475,0.001662058448909219,0.0,0.0021082908516274392,0.00041560829965919067,7.19087685093511e-5,0.3512301820844572,0.3868627904750232,0.2993960398495779,0.3963707201383521,4.1080834433856275,3.65821738152065,0.603732347545715,0.0,0.0,2.8088798087963007,0.23125576728045535,3.0238522831162884,0.0,0.1267028504820739,0.003261796773251236,0.018886081839176373,0.03908998700357933,0.023881351760711458,0.0,0.029201222079069694,1.3113772902668138e-5,0.0,1.3744341003491169e-5,0.0016172074375922036,0.0,0.0018200956087500069,0.00029110893685406876,0.0,0.00027328738831308166,2.759922672671716e-5,2.202059076791397e-5,0.2182696072214338,0.0590511742946942,0.33153932129204144,0.10437815658817123,0.83920673920281,1.0324118959886064,0.13725709607423384,0.0,0.0,1.5559216980583832,0.039565290418534904,1.3008053839195752,0.0,0.267236238253978,0.0014224110787607813,0.1790122477205672,0.07157185722857451,0.05374222865565314,0.008874424829522986,0.03102943096408754,0.0,0.0,0.0,0.002696448446789579,0.0002143887954621324,0.0009083209655911075,0.00043230109378345226,3.4704909254522127e-6,0.00012018127505514254,0.0001982446519030129,5.009860323791692e-5,0.10313079596319936,0.07970562366069893,0.1911691425251648,0.07361264986220381,1.4148376835082073,0.7600721949817038,0.18216632065975505,0.0,0.0,1.044449842094334,0.0011503949448960504,0.6398886896547659,0.0,0.3527182215028259,0.02123922930767548,0.06240239360422079,0.0886263583474942,0.05241465464245965,0.0009860891242159887,0.04097229795995818,3.556784955450718e-6,0.0,0.0,0.0023474553159057365,6.134263955799301e-7,0.002087397854628743,0.0007387014042521625,0.0,0.0004644739803928406,0.0001477534560276847,0.00027140482917448975,0.21621460650779725,0.12765777149128985,0.19926207875318377,0.1603492954506639,0.8832653219258337,0.8474549644847674,0.12887181241436385,0.0,0.0,3.5813852150759606,0.0026532133678563493,0.5240888453680732,0.0,50.34140782438614,1.3001081211310999,5.183546448839808,7.760674925132424,3.60612188306983,0.0,2.716191323418441,0.0,0.0,0.0,2.4579717414939903,0.0,3.933105810362938,1.8497316093193492,0.0,2.6392971436456474,0.0008943817845787088,0.023028073435656868,18.34830032848651,34.464916828780396,94.61267845475919,29.815669577859442,85.19694856648698,384.6397320353741,704.4001599394436,0.0,0.0,2057.23936771239,11885.52064439776,46.79647025378738,29.231905877826982,2.514931291851496,0.21804562213063633,0.5946008065263481,0.5347203421877166,0.4869840917640674,0.04719088812631073,0.8915333015731209,5.964634434899216e-5,0.0,0.0003937573434895822,0.02246970174056793,0.003274472991964096,0.05959448449616524,0.005051069922152882,0.0005953734573024999,0.011960937242943673,9.156095603000708e-5,0.0005474637313768303,2.0582399813619148,1.245823005876877,3.281099379203866,2.048779948691055,11.8040007794155,17.003642659557435,3.8175194016402836,0.0,0.0,9.894901560741108,2.626550304103194,7.795492297397504,0.0,0.0
FAC_SK_LAB,0.0,0.0,0.0,0.0,0.0,0.0,0.0,0.0,0.0,0.0,0.0,0.0,0.0,0.0,0.0,0.0,0.0,0.0,0.0,0.0,0.0,0.0,0.0,0.0,0.0,0.0,0.0,0.0,0.0,0.0,0.0,0.0,0.0,0.0,0.0,0.0,0.0,0.0,0.0,0.0,0.0,0.0,0.0,0.0,0.0,0.0,0.0,0.0,0.0,0.0,0.0,0.0,0.0,0.0,0.0,0.0,0.0,0.0,0.0,0.0,0.0,0.0,0.0,0.0,0.0,0.0,0.0,0.0,0.0,0.0,0.0,0.0,0.0,0.0,0.0,0.0,0.0,0.0,0.0,0.0,0.0,0.0,0.0,0.0,0.0,0.0,0.0,0.0,0.0,0.0,0.0,0.0,0.0,0.0,0.0,0.0,0.0,0.0,0.0,0.0,0.0,0.0,0.0,0.0,0.0,0.0,0.0,0.0,0.0,0.0,0.0,0.0,0.0,0.0,0.0,0.0,0.0,0.0,0.0,0.0,0.0,0.0,0.0,0.0,1207.8110000000001,99.289,517.704,838.04,368.5507,0.001916967549048532,157.51208303245096,0.08486331248300245,8.856380549803482e-7,0.07277050408182537,107.97496608873895,0.0020981022378603795,172.39543468769932,73.05275206759283,0.0013216310323083975,108.59487788541267,0.199508744644267,0.6897525856242468,1434.328,854.9217386697314,4194.072680528576,1992.4720000000002,4762.820299999999,7127.278234306508,7986.579,0.0,0.0,0.0,0.0,0.0,0.0,0.0,0.0,0.0,0.0,0.0,0.0,0.0,0.0,0.0,0.0,0.0,0.0,0.0,0.0,0.0,0.0,0.0,0.0,0.0,0.0,0.0,0.0,0.0,0.0,0.0,0.0,0.0,0.0,0.0,0.0,0.0,0.0
FAC_SK_CAP,0.0,0.0,0.0,0.0,0.0,0.0,0.0,0.0,0.0,0.0,0.0,0.0,0.0,0.0,0.0,0.0,0.0,0.0,0.0,0.0,0.0,0.0,0.0,0.0,0.0,0.0,0.0,0.0,0.0,0.0,0.0,0.0,0.0,0.0,0.0,0.0,0.0,0.0,0.0,0.0,0.0,0.0,0.0,0.0,0.0,0.0,0.0,0.0,0.0,0.0,0.0,0.0,0.0,0.0,0.0,0.0,0.0,0.0,0.0,0.0,0.0,0.0,0.0,0.0,0.0,0.0,0.0,0.0,0.0,0.0,0.0,0.0,0.0,0.0,0.0,0.0,0.0,0.0,0.0,0.0,0.0,0.0,0.0,0.0,0.0,0.0,0.0,0.0,0.0,0.0,0.0,0.0,0.0,0.0,0.0,0.0,0.0,0.0,0.0,0.0,0.0,0.0,0.0,0.0,0.0,0.0,0.0,0.0,0.0,0.0,0.0,0.0,0.0,0.0,0.0,0.0,0.0,0.0,0.0,0.0,0.0,0.0,0.0,0.0,1907.739,70.865,410.947,1143.388,239.37759999999997,0.003576070504984674,293.83612392949505,0.2531712498543067,2.6421086655416772e-6,0.21709498406173736,67.35388556384545,0.001308927968001422,107.55110115539969,49.362951012000515,0.0006370848075804936,52.3475502546398,0.17517709319111774,0.6056318643383594,4409.551,1951.0381910424703,2259.186826781197,2687.757,4365.341700000001,18711.944470344115,2840.205,0.0,0.0,0.0,0.0,0.0,0.0,0.0,0.0,0.0,0.0,0.0,0.0,0.0,0.0,0.0,0.0,0.0,0.0,0.0,0.0,0.0,0.0,0.0,0.0,0.0,0.0,0.0,0.0,0.0,0.0,0.0,0.0,0.0,0.0,0.0,0.0,0.0,0.0
INS_SK_HH,0.0,0.0,0.0,0.0,0.0,0.0,0.0,0.0,0.0,0.0,0.0,0.0,0.0,0.0,0.0,0.0,0.0,0.0,0.0,0.0,0.0,0.0,0.0,0.0,0.0,0.0,0.0,0.0,0.0,0.0,0.0,0.0,0.0,0.0,0.0,0.0,0.0,0.0,0.0,0.0,0.0,0.0,0.0,0.0,0.0,0.0,0.0,0.0,0.0,0.0,0.0,0.0,0.0,0.0,0.0,0.0,0.0,0.0,0.0,0.0,0.0,0.0,0.0,0.0,0.0,0.0,0.0,0.0,0.0,0.0,0.0,0.0,0.0,0.0,0.0,0.0,0.0,0.0,0.0,0.0,0.0,0.0,0.0,0.0,0.0,0.0,0.0,0.0,0.0,0.0,0.0,0.0,0.0,0.0,0.0,0.0,0.0,0.0,0.0,0.0,0.0,0.0,0.0,0.0,0.0,0.0,0.0,0.0,0.0,0.0,0.0,0.0,0.0,0.0,0.0,0.0,0.0,0.0,0.0,0.0,0.0,0.0,0.0,0.0,0.0,0.0,0.0,0.0,0.0,0.0,0.0,0.0,0.0,0.0,0.0,0.0,0.0,0.0,0.0,0.0,0.0,0.0,0.0,0.0,0.0,0.0,0.0,0.0,0.0,32004.448999999997,41569.049,0.0,0.0,0.0,-2600.632,0.0,0.0,0.0,0.0,0.0,0.0,0.0,0.0,0.0,0.0,0.0,0.0,0.0,0.0,0.0,0.0,0.0,0.0,0.0,0.0,0.0,0.0,0.0,0.0,0.0,0.0,0.0,0.0,0.0,0.0,0.0,0.0
INS_SK_GOV,0.0,0.0,0.0,0.0,0.0,0.0,0.0,0.0,0.0,0.0,0.0,0.0,0.0,0.0,0.0,0.0,0.0,0.0,0.0,0.0,0.0,0.0,0.0,0.0,0.0,0.0,0.0,0.0,0.0,0.0,0.0,0.0,0.0,0.0,0.0,0.0,0.0,0.0,0.0,0.0,0.0,0.0,0.0,0.0,0.0,0.0,0.0,0.0,0.0,0.0,0.0,0.0,0.0,0.0,0.0,0.0,0.0,0.0,0.0,0.0,0.0,0.0,0.0,0.0,0.0,0.0,0.0,0.0,0.0,0.0,0.0,0.0,0.0,0.0,0.0,0.0,0.0,0.0,0.0,0.0,0.0,0.0,0.0,0.0,0.0,0.0,0.0,0.0,0.0,0.0,0.0,0.0,0.0,0.0,0.0,0.0,0.0,0.0,0.0,0.0,0.0,0.0,0.0,0.0,0.0,0.0,0.0,0.0,0.0,0.0,0.0,0.0,0.0,0.0,0.0,0.0,0.0,0.0,0.0,0.0,0.0,0.0,0.0,0.0,-513.893,8.309000000000001,48.596999999999994,47.734,7.137899999999999,0.00026393871035739765,21.687136061289646,0.006097657251641478,6.363547627677415e-8,0.00522875644300385,7.772048301037147,0.00015133737910951668,12.434986620427242,3.2021296860550637,5.030651799168214e-5,4.1335516831843435,0.0400352032052949,0.13841190257641073,115.375,134.3385528942183,234.21907397349355,515.7819999999999,237.6877,819.3256816145756,501.274,0.0,0.0,0.0,0.0,13530.348521382406,0.0,0.0,0.0,0.0,0.0,0.0,0.0,0.0,0.0,0.0,0.0,0.0,0.0,0.0,0.0,0.0,0.0,0.0,0.0,0.0,0.0,0.0,0.0,0.0,0.0,0.0,0.0,0.0,0.0,0.0,0.0,0.0,0.0
INS_SK_INV,0.0,0.0,0.0,0.0,0.0,0.0,0.0,0.0,0.0,0.0,0.0,0.0,0.0,0.0,0.0,0.0,0.0,0.0,0.0,0.0,0.0,0.0,0.0,0.0,0.0,0.0,0.0,0.0,0.0,0.0,0.0,0.0,0.0,0.0,0.0,0.0,0.0,0.0,0.0,0.0,0.0,0.0,0.0,0.0,0.0,0.0,0.0,0.0,0.0,0.0,0.0,0.0,0.0,0.0,0.0,0.0,0.0,0.0,0.0,0.0,0.0,0.0,0.0,0.0,0.0,0.0,0.0,0.0,0.0,0.0,0.0,0.0,0.0,0.0,0.0,0.0,0.0,0.0,0.0,0.0,0.0,0.0,0.0,0.0,0.0,0.0,0.0,0.0,0.0,0.0,0.0,0.0,0.0,0.0,0.0,0.0,0.0,0.0,0.0,0.0,0.0,0.0,0.0,0.0,0.0,0.0,0.0,0.0,0.0,0.0,0.0,0.0,0.0,0.0,0.0,0.0,0.0,0.0,0.0,0.0,0.0,0.0,0.0,0.0,0.0,0.0,0.0,0.0,0.0,0.0,0.0,0.0,0.0,0.0,0.0,0.0,0.0,0.0,0.0,0.0,0.0,0.0,0.0,0.0,0.0,0.0,0.0,0.0,0.0,0.0,0.0,29331.316256098915,0.0,0.0,10461.017046875606,0.0,0.0,0.0,0.0,0.0,0.0,0.0,0.0,0.0,0.0,0.0,0.0,0.0,0.0,0.0,0.0,0.0,0.0,0.0,0.0,0.0,0.0,0.0,0.0,0.0,0.0,0.0,0.0,0.0,0.0,0.0,0.0
EXT_SK_EXT,0.0,0.0,0.0,0.0,0.0,0.0,0.0,0.0,0.0,0.0,0.0,0.0,0.0,0.0,0.0,0.0,0.0,0.0,0.0,0.0,0.0,0.0,0.0,0.0,0.0,0.0,0.0,0.0,0.0,0.0,0.0,0.0,0.0,0.0,0.0,0.0,0.0,0.0,0.0,0.0,0.0,0.0,0.0,0.0,0.0,0.0,0.0,0.0,0.0,0.0,0.0,0.0,0.0,0.0,0.0,0.0,0.0,0.0,0.0,0.0,0.0,0.0,0.0,0.0,0.0,0.0,0.0,0.0,0.0,0.0,0.0,0.0,0.0,0.0,0.0,0.0,0.0,0.0,0.0,0.0,0.0,0.0,0.0,0.0,0.0,0.0,0.0,0.0,0.0,0.0,0.0,0.0,0.0,0.0,0.0,0.0,0.0,0.0,0.0,0.0,0.0,0.0,0.0,0.0,0.0,0.0,0.0,0.0,0.0,0.0,0.0,0.0,0.0,0.0,0.0,0.0,0.0,0.0,0.0,0.0,0.0,0.0,0.0,0.0,329.4944617833061,11.87874443796611,221.52781705448444,325.5003890311882,385.6085950931174,0.0,1889.7070152374708,0.01772146197141739,0.0,0.00879805999078374,18.379229410780656,0.0,29.143811420531854,7.399506217704213,0.0,10.654740110446829,0.045598577479497346,0.11073692189864903,213.88032082631656,456.31318038674283,536.108475010435,150.3703891465247,5037.55234586336,850.3289459166829,224.8700848971326,0.0,0.0,4886.992267550495,136.8253023817716,2596.418248285091,0.0,0.0,0.0,0.0,0.0,0.0,0.0,0.0,0.0,0.0,0.0,0.0,0.0,0.0,0.0,0.0,0.0,0.0,0.0,0.0,0.0,0.0,0.0,0.0,0.0,0.0,0.0,0.0,0.0,0.0,0.0,0.0,0.0
IND_REU_AGRI_FOOD,8612.489337656527,2.0685219035286746,16.606344238139815,19.345834234396122,18.599452977187646,0.010603749859914647,16.037643146555908,0.006044683509342559,4.224894233892797e-6,0.0135556285376072,1.5040891316705254,0.0005141578855787979,1.4657384137573852,0.2971815563071392,0.0002569701392512612,0.4418222635309849,0.03137451682772724,0.012201381449739401,29.633669682829293,33.418153470473655,67.27881232239466,160.37828575946622,1014.0547503048136,1773.5340815274221,1189.7125946362232,0.0,0.0,16887.783692449997,71.73437486042022,1243.6341392748513,0.0,4266.576432654792,3.706123278034857,13.842375724965363,21.87859115894293,8.67402853063768,0.006036983053586077,7.578140630393103,0.042724764010858333,3.968228806940262e-6,0.043216832491156924,1.4420903742214572,0.0002811530800871795,1.525050720920286,0.29835389235436843,3.741720658379936e-5,0.28412266106891576,0.07602319624030827,0.06698467680859213,138.12196383180242,39.34287001498481,216.7569724254438,72.05652659398565,473.60619990179515,2329.97142451278,494.33196434790347,0.0,0.0,14177.427453854574,55.4702568678278,442.74106129277664,0.0,7497.585357888779,2.351115352096097,6.122085123221844,8.968874571252169,4.9787345754476835,2.802071571169204,9.691678286157005,0.002235260910511993,0.0011439577751166472,0.002053654281382548,2.0368823213785348,0.268495413237273,0.8764643981749376,0.09945913909080599,0.028727922618073012,0.053050173250800775,0.05794976281619745,0.037864337723400095,14.62616724723024,73.78607176514878,139.48041943346956,65.0545757661435,1258.6230754822038,165.5676405506642,22.578676637722136,0.0,0.0,6314.033585969538,5.121339492913372,242.12358548698734,0.0,2586.1025371801993,1.3488607977977545,0.8897241301903984,2.1233109939565873,1.9947944048714992,0.04247902517216616,0.7719348234015517,0.002083784386797027,4.90866195704596e-5,0.0008879010534745343,1.1122204441415566,0.059518430498164944,1.4849258716190403,0.44879245587859323,0.01903118680022372,0.3504313833538829,0.025661413355965952,0.030111587689933217,11.153200610987238,20.140858332080757,122.2986677764439,10.7642720743674,163.0691989304581,202.9303244205083,41.68144400039939,0.0,0.0,3074.860204865551,1.2397658002233494,124.12175193143052,0.0,380.6255473852441,0.417317212980397,0.7594277286149387,2.2036852547272425,0.8864119762375289,0.0001514562587995665,0.608131122320402,0.0005766468380873966,6.950937571666019e-9,0.0005183006480031647,0.891428884096348,1.7241769951445655e-5,1.4133702661800656,0.33165127947437967,7.844757551735241e-6,0.4855209247703284,0.0007626288154048842,0.008567468596067185,2.626218912408419,3.4255226540710244,24.177832726169033,2.2728110397017915,68.35789478524201,78.50184347585578,17.469102881137182,0.0,0.0,1597.7467827559278,1.7647651678336214,46.53705675921328,0.0,380189.6498787826,454.967258885417,406.0802976371947,479.61433805745594,320.0619143600064,23.389369626598274,416.2661018255775,0.6497678143395343,0.12269040389926315,1.9314861102258025,106.1055980102587,17.025762096405117,302.708430995013,22.749985091760085,2.0683449076742484,36.427914485282805,0.5753540266420275,1.880734586926797,3550.6425273573777,3154.53890208566,13006.094161860776,5093.189800822965,32962.268892352346,88652.23726941066,19076.135420001094,0.0,0.0,480340.44621981826,2562.41437574632,15815.285956473275,102635.4935090108,0.0
IND_REU_EXTRACTIVE,256.17495208407456,35.292762150950026,2335.1927185274217,97.75623805570018,27.092942825331967,0.0009418023124570476,16.314321201302747,0.006628107869326334,1.3124281992097644e-6,0.017596566708419137,1.0357901240854401,0.00036667050834338397,0.8677977777911727,0.5622077646767719,0.0001172347858189367,0.9026118282814267,0.024120756318050905,0.010211745590739623,81.83812397099584,3326.7913812355173,71.00443390361296,64.21935553817057,10284.43332861707,123.78246082346855,207.70208849606786,0.0,0.0,1708.4387975022232,96.79545384103129,-312.9324128263355,0.0,53.416628657119205,2.5739421275138277,160.9952525580017,15.425652873414991,4.500049393906599,0.00082433640757533,3.785422771981898,0.010052678908253652,1.2327063313644703e-6,0.010223009236968682,0.1849210675974021,0.00014019729910538445,0.22134846643076425,0.03741389285478069,1.162324442753475e-5,0.03579825875943319,0.017249013389720364,0.014906928002992969,72.15333038862543,1641.478843965099,30.858404182195816,20.22291296655491,3271.832478932768,77.51285371568389,28.713403485101228,0.0,0.0,149.2694766542234,32.6046680142974,-304.28743632717743,0.0,75.95864637875712,18.32165903883449,315.4578484014562,35.74091035134386,10.282585497152576,0.9941240644258568,3.442946912301248,0.0009931756139564011,0.000765841672335331,0.0009584636999151122,2.101188653140493,0.256934677384029,0.8821341939472028,0.04777250387563921,0.00679146835955463,0.022010770563507573,0.05056135983333754,0.02446312925096971,19.18389267691833,485.65577555197035,142.52452047823556,75.89142626141309,2762.2956032795255,68.25842698496699,96.9206498008286,0.0,0.0,891.9895422167248,8.105743281921477,50.90925555617513,0.0,22.203179594923853,83.43246290442956,212.92569513996185,18.100358404655708,11.334053947900946,0.03342232692795726,1.1203065522182307,0.0018690757190249528,1.5248216741947408e-5,0.0007293061913547996,0.1391497497045375,0.005462264462527655,0.10849769797197051,0.025589461699535243,0.0009714151038396798,0.018113700598518436,0.010983559725048941,0.01795258615364417,52.119591945291454,633.9573031576144,6.575671906027322,11.213589362309243,2835.64558155429,15.294800185517522,6.4643592400670995,0.0,0.0,160.58759110207254,2.0842375787205327,-251.96912275530528,0.0,7.944737125153178,3.269714305404625,286.06472685688897,7.607562371723828,1.2645340861817715,4.70482138291846e-5,0.8999978830144254,0.00040606258909066015,2.159231975325458e-9,0.0003527754627411893,0.3163948314750278,5.355965563187111e-6,0.5024182202782282,0.028403470387896687,2.436887589835758e-6,0.03775724281109358,0.0006026133915885863,0.0010072761418761687,13.391822069134985,851.2873888351571,6.255758651848698,9.923359313523003,1127.427657100549,3.8214398038228126,1.7270272089640903,0.0,0.0,45.714976354038534,2.8615820374212735,-25.918947196140607,0.0,2117.3323528888527,18862.867380529886,15009.618536122856,994.130580143293,182.23213630529565,7.446440610577021,132.53590709479687,0.2165805104432047,0.033888373922595895,0.6520450551711913,40.22580618842583,6.376281470442258,113.41187617708125,2.827070492933834,0.3254451614088532,5.70680105308107,0.21638462655514445,0.7182499927564879,12940.620788257456,30391.115948628503,3567.7753267145445,2131.7494560317855,102933.85784568821,4593.657162155767,1561.8538049414271,0.0,0.0,9295.92628274613,517.7355651454543,13022.515394764967,53840.0132680998,0.0
IND_REU_BASIC_METALS,67.18143387793232,17.91061963619513,7689.697760684056,2461.0231782192022,475.0490695797386,0.000566157994189931,99.0949533792455,0.001846310796559013,9.42203429885253e-7,0.003970332313392623,8.601043341809827,0.0002221703626971922,6.0815444237823275,0.18394800494133234,7.674111172903201e-5,0.2832821899869142,0.024303227346464278,0.008923669910645663,499.6165433053418,122.04021622152429,43.10171401222767,64.84425089822166,4226.797993598249,292.91734713603915,23.59868652056127,0.0,0.0,116.20040289660105,25.013496968030623,-2537.7656137700246,0.0,34.982222571433525,3.2992805910279914,1119.5960254602949,1255.0571667319446,233.98566677585865,0.0004828762800234007,99.85443125330826,0.11747614347278826,8.836298997050017e-7,0.12013317533115991,1.1490439399712082,9.002464900519167e-5,2.235132263122872,0.10902689544371878,8.331979136222041e-6,0.10158217364788463,0.702086563960452,0.5857220373929639,766.2200416925002,208.47175729064352,48.50412704111921,20.57301621703363,1437.6852201076913,603.9810744369049,15.653640281141307,0.0,0.0,105.72437330895158,18.097910177451528,87.94694907654683,0.0,78.95801293702753,9.968147302160911,3534.968536094709,1002.9279850021201,378.3457327127466,12.511043021567913,43.54983091862899,0.0006933792311246943,0.00046449089704622167,0.0006567131024189581,0.169831319091506,0.018996295669074383,0.05884269158438514,0.016007880035974857,0.0022416711207316193,0.006658169272913664,0.14826703707009814,0.06846215857122233,44.52400489213886,17.285806641505843,7.883163618774022,16.3905635137039,2588.5445077800996,46.01879201534505,13.71823333518611,0.0,0.0,67.02961144665235,4.498758567706402,33.199756495513206,0.0,34.07713475331989,12.17768485637427,610.8365801327417,989.7902722779504,246.07913276574902,0.6975525779329824,26.469874611272566,0.006184761044001427,1.095981566166441e-5,0.0004223867134068038,1.790422042735898,0.023803336487339777,0.8866246058207393,0.15310169484916195,0.0005842827433812269,0.09285448485049362,0.25075415728836487,0.4179757771581435,176.9040771116742,114.66016819535851,43.413291510061875,27.63323867839895,895.5289806062698,75.12290240769599,8.328424071031893,0.0,0.0,43.29677177254438,1.1519472108091444,88.87914008935294,0.0,4.6925061831506545,0.2819359913072156,397.3201994439776,238.70175022508406,30.112355082071957,3.3851727791986756e-5,7.4777141414162065,0.00024703277852100217,1.5538289716940115e-9,0.0002156854127053621,0.8964181973253876,3.85367828367559e-6,1.415022899952634,0.12743032470728605,1.7533681652789458e-6,0.1790719462393986,0.000360852428991086,0.0006841407029291153,64.78910547935396,18.7419433183316,17.97444060837399,2.6673309187519894,421.06101783805525,67.84845824671108,0.8676025990558818,0.0,0.0,6.405082545466668,1.587446332502634,-29.08822402077942,0.0,899.8123167841936,1569.7242382101,38258.056560732235,28134.57042669957,7162.367832464686,84.12518183967316,1498.7149485843552,0.22785877361175755,0.033895810819349594,0.6906438432972163,39.96079723012032,3.3056063774474502,58.77511853667116,2.348148387312721,0.3113977262279747,5.491617912106951,1.717669198373898,5.766424931592248,26651.699208301507,4415.185750102763,1504.406957814015,1758.4187959275796,45871.384257813195,5519.641733180123,875.577985227518,0.0,0.0,4452.272548370054,296.63998801686023,6951.630052920331,51644.20589359327,0.0
IND_REU_METAL_COMPONENTS,256.3249750751954,14.301450594411698,406.3273473901078,1441.0470484522452,191.54174447708394,0.0012252050129958167,99.93555596838564,0.02424509391715896,2.1729450500079313e-6,0.06277862505821848,6.01862597701255,0.00048588376324013927,4.347094262674385,0.306060208554781,0.00017219342963512856,0.47978707895748735,0.17523398444496271,0.06585789920031782,1311.2001859721252,144.64866939086176,146.36674800867576,113.17499306426801,3064.619158419826,358.4227470465688,132.30977632489194,0.0,0.0,812.1740531396817,52.801204257040716,3095.786885084476,0.0,166.6275077456154,4.948018840788138,118.68024665752073,532.1084448025453,83.79164331064064,0.0010267195782874305,55.76953069049069,0.07074544544746797,2.0409434602916562e-6,0.07231860528448376,0.8902403341378569,0.00020116328350454102,1.5707121060689828,0.15739101782067322,1.9244325264181163e-5,0.14763239328171127,0.14975734096272297,0.12523105937455684,823.6893747553224,91.12643677628763,90.21081485498837,54.90804147351702,1184.9575109742184,606.7753067223442,124.66138401398193,0.0,0.0,742.9066320175699,38.36089358757719,354.27998751681014,0.0,60.04835161072509,0.6134289320908671,141.91280031504908,662.8042196622883,125.965011799823,4.129472412253776,14.362994333599074,0.001704835930043295,0.0009608273886773116,0.0015767153680686758,0.9220897757038693,0.08189875174602135,0.2755369446176663,0.03613581258265679,0.004858810248890562,0.01487725068892675,0.11771115709145022,0.05494652805269072,87.85833879218629,19.24015884185248,34.22947871036564,43.61808594225212,1452.6416024435641,88.81259268342714,29.333714960054056,0.0,0.0,377.7021497586471,9.507248340928298,209.82166312536043,0.0,77.04961143382359,12.854473861051089,36.82288896685294,214.7745124696444,58.278634729827395,0.23210329789726927,8.721272269569088,0.004553489020600484,2.5246107014747543e-5,0.0009102336778443305,2.3316088264872095,0.024325957168408883,0.8697059242936683,0.11903170589103564,0.0012250596262895794,0.07441293158496054,0.05093301053336405,0.08507193202854868,351.74493464224,26.178235870698163,40.1766841312567,16.416276546413116,677.5619235030061,113.35387402396847,39.97014670402891,0.0,0.0,147.41254064958744,2.432376778514698,234.574216224181,0.0,5.285383112522999,0.2946963026979143,25.721043886591307,232.2670449859154,13.321261745081943,7.789660169244462e-5,2.805571752409138,0.0005394024918058181,3.574988712265978e-9,0.0004717695072958478,0.9635398664766501,8.867743843031214e-6,1.4854254390213475,0.24532876766451625,4.034696173256771e-6,0.36517792183672704,0.0007835506864222771,0.0012138707568114602,42.90414854590568,5.317894614120425,20.164162645748878,2.8955118920428764,723.809722072531,38.93589516607231,2.08269381072755,0.0,0.0,35.009669083737855,3.3538336126518113,56.54928552820725,0.0,5367.303724876398,1503.0622587581302,5742.443143219749,25334.62700430539,3191.059572204268,107.73845408094921,1919.4030379466406,0.43165215926768924,0.06964377801669208,1.3082015384134982,77.73235882330017,7.552873133340115,134.37987872844263,6.640700857525261,0.890265199074526,15.78236481180413,1.6852542762526845,5.654941518260958,39748.85200429142,4143.923145600123,4465.376760716507,2850.3437110780346,48316.29771054277,13525.66447587463,5323.328798700869,0.0,0.0,16166.956723156925,606.0042667809304,32023.09254326443,34969.05085567574,0.0
IND_REU_NEW_ELMA,30.12513787857562,3.3950569422467067,58.5818477441326,78.96801825891795,1111.2365356720518,0.0006067173691552427,98.08986807756905,0.02957288668510141,1.2744236766495065e-6,0.07949850634432552,4.739789471751585,0.00019632392075402802,3.3955558885534374,0.10364016950812488,8.496659426598962e-5,0.15606507407321388,0.014488180763648752,0.004394849912162433,1134.5825722210425,304.70940856858726,60.6850633172926,45.33983913261287,2032.7371252404173,285.7256205484769,44.53283862342101,0.0,0.0,1009.8083056858846,15.687552808902334,2064.8756606429583,0.0,36.471009627492066,1.5568469600331567,27.503468975296155,84.38582655395858,136.4082139841625,0.0003914006203103514,68.25940839539452,0.06770855764942428,1.197010730317625e-6,0.06927043280251663,0.8811970924715368,9.53394148668976e-5,1.0947272816321723,0.18270437179468899,1.1286661200438764e-5,0.17312737448346216,0.02715848043638395,0.022562197977649072,437.93574370559804,53.34748713978021,131.71599603180357,51.30092876948706,644.4465518278831,472.87228397624745,24.872460811871395,0.0,0.0,672.30427720545,11.453565625155687,336.75049266358485,0.0,10.754118402733678,0.887499839380464,25.957130448678555,44.26554416930444,470.91968188678106,14.130964617593682,49.195318164425565,0.02418348555885688,0.0003864267618639333,0.019832057411281034,0.5042746274710065,0.04896876444166242,0.16755577348564696,0.05245468863911163,0.003744514019518961,0.019976083164646163,0.004774327144161538,0.002408207220372624,69.73437820887256,23.375339365054355,23.960652270061065,10.695941845133369,799.6204633747644,63.77059654142309,12.114611610189861,0.0,0.0,496.1409517523109,2.783821278202048,365.03121553600306,0.0,8.956904665115012,3.7622087973863074,11.468285261614048,13.507747403634214,234.90355835919905,1.099044324414564,41.80726618033112,0.11811994238220816,1.4806662289986074e-5,0.0003463644609205393,0.6152624369684708,0.007064715685006341,0.30480066188766763,0.10118822925119147,0.0005230206564175692,0.06543981192850357,0.0049927340500969175,0.010256496352991468,104.18185060674027,8.468368724690263,20.100313335542918,31.031340598368907,253.86861942247967,49.20899202767111,24.738068138968778,0.0,0.0,212.12563660940955,0.8165785761875111,218.40144006590498,0.0,1.5983964592964164,0.3184182780053068,1.0180790769122003,17.94339921577992,101.06930003871918,4.568580209778378e-5,23.248960298693902,0.00021915406548701663,2.0967054149174377e-9,0.0001945488394303836,0.3341301228143599,5.2008687086073455e-6,0.5024409872639565,0.1714175280410124,2.366320752821818e-6,0.25916698396924054,0.0003029031556070165,0.0004556184870142837,23.63496093746002,90.7626932709046,8.754579901918449,2.139296410338648,180.4656069423142,42.637276911683266,1.233341435369257,0.0,0.0,58.55732112240999,0.9791597501657953,104.26445204448325,0.0,653.2439896451692,317.95447348491564,342.568059497285,699.8171344703342,3584.0768384101093,93.18460392513975,1660.1545293714837,0.5119070458625986,0.08167775229013856,1.557329101136943,24.435465728144187,2.63220710308957,46.81656288482765,3.9735294806968757,0.6165291563735182,10.954086950640365,0.12604601212691124,0.42351297479958566,10969.644908468019,1442.6089201801667,1878.6496411949818,1025.3259136930048,10837.095806623172,6444.035254679588,1443.1893270478208,0.0,0.0,13980.474557493402,223.62512281584844,11887.268090669402,21766.5760903158,0.0
IND_REU_NEW_OFMA,1.246005997917341,0.06702675858367285,1.1233252934505982,2.0270953648103776,15.015144605873157,4.428743945728354e-5,42.795145171724535,0.00019711250624790763,1.626682583552718e-7,0.0004511520127631284,0.2776508693375347,1.954544564422126e-5,0.21645104756931777,0.011434527362626082,9.84798590791489e-6,0.016628398089533147,0.0008451911321687075,0.0003310506588876685,3.8844474877320128,2.953989226956084,3.646027732977122,2.0891790086503574,69.08653821021673,27.077213058279124,8.073981673881452,0.0,0.0,118.23246823046203,3.79796806782136,299.3266033195944,0.0,1.8815264904285374,0.07847726630865766,1.0113993593370476,2.895440449869077,7.006366330279313,3.637420283202928e-5,12.472504645732911,0.008315453337635037,1.5279874711498806e-7,0.008670561937862226,0.05310971661158868,1.0760413195569326e-5,0.07228971402738193,0.005470771059254092,1.4405112900001953e-6,0.0047941225504632805,0.0005177539113353743,0.0004362921122399308,12.793302085860374,2.6998018501048042,6.87993898072359,2.4985685314655663,79.98433094073435,43.25020940929952,9.45478182465427,0.0,0.0,70.33486557863465,1.6264577164755138,51.456540260523816,0.0,0.6104463432021875,0.011346364032909407,0.18805603557290004,1.9907054381009166,3.897908287564581,3.702998283470435,12.90016683343765,0.00010191089704268722,3.702233574145922e-5,9.042484045437187e-5,0.07078436619323678,0.00126862509331304,0.012852868619470628,0.002054650394340854,0.0002583248039330576,0.0008446231360655607,0.000469786896580244,0.00023587877036185714,1.6355946833035544,1.1768442617489279,1.0240233658807398,1.02900661982213,48.299539385253794,30.29284534247014,5.594639628896712,0.0,0.0,89.60232723057105,0.1796939487907732,94.3826576141505,0.0,0.3642352092209065,0.06945559311457096,0.08703241071691527,0.6019695793185272,1.9408092768359972,0.34541416997534274,13.360517869392705,0.00028110840093848756,1.8897639491688817e-6,3.2585199704505984e-5,0.028513401308845145,0.0002852395438624799,0.016299251478572193,0.0013406775273527157,5.150879417973484e-5,0.0009471247427944245,0.00010050215622926449,0.0001482041496882815,1.4056373213241045,0.1758647570264417,1.1748543732137844,0.5438579024779155,11.005972255139643,6.272343091933668,1.7838603325073281,0.0,0.0,29.984744240533477,0.0468218485423751,18.944653773065934,0.0,0.06139568812780859,0.002474674414761819,0.022335769392325563,0.11584821317797528,0.6531702436430223,5.83084478824705e-6,8.503794198469876,2.1927150349740587e-5,2.676009391319041e-10,1.9723193745971805e-5,0.019381673619302223,6.637832037156058e-7,0.03300236849842183,0.002249972735048357,3.020121360067438e-7,0.004426441321183026,2.892029084381296e-5,4.2118321477753996e-5,0.1751792915885548,0.2277539799319258,0.5390687240206882,0.040809482492980116,6.110610785000206,0.9712069695469207,0.2709411196329868,0.0,0.0,2.777613799136684,0.06328048559652732,5.0804510904669495,0.0,54.005538535332285,20.024194958762934,16.967859506552436,36.97547722640068,69.95785866391145,31.42987400448408,560.005063432339,0.04146514846669358,0.0007294171560091806,0.13981485615894565,1.6100876773725143,0.19981129066649578,3.6099290495408,0.2978902135632484,0.03588559785716466,0.7179167551770608,0.003743405053658251,0.018228431171239283,151.03861715840003,45.20602973818288,150.11906031672706,67.71616167018107,651.9885078203589,749.0057012229754,419.41715754174936,0.0,0.0,1294.6347897237838,41.36260318493227,1559.2772550026211,2696.605339426799,0.0
IND_REU_NEW_RATV,22.22246589571467,1.194194743872635,20.026595603981782,36.130572467067246,267.5553428961189,0.01808466157213864,762.5263870646921,0.039450891425576,2.8983317997234573e-6,0.10442165116642103,5.00064142059291,0.00034829842178069206,3.911636493567525,0.2615681443477467,0.00017548554670991924,0.35031420987981937,0.04491425111932218,0.01566089364536361,69.23777501701568,52.64016634390101,64.97917650059303,37.25440606618195,1230.934936147316,482.433374064098,143.87379606035404,0.0,0.0,2106.6066487476346,67.73399856343059,5333.288379439124,0.0,33.53080580050235,1.4381643419269563,18.045972916851518,51.61230671193944,124.86517204882647,0.0006481941092558389,222.25730847845273,0.2516819390286402,2.7222601636288874e-6,0.25741745538668165,1.0030820598386136,0.0001917453544250823,1.3436679642803262,0.17261567707334466,2.5668639967932664e-5,0.16186113151889156,0.027737772521745075,0.023039296601215845,227.96065485367774,48.11695704297384,122.59411114512838,44.53232816218405,1425.0866134156877,770.541487925201,168.4719773904489,0.0,0.0,1253.2029350184023,29.05890701664727,916.9061284976672,0.0,10.87809746890754,0.20214533351925829,3.369378648855393,35.50329326828008,69.48308555868438,66.0247671470168,229.88864320617876,0.0018157840276841533,0.000659732022626583,0.0016111499864396295,1.3171420460519987,0.08548744428821181,0.29441254142897794,0.04782692625199885,0.004602970465657774,0.018661445509143466,0.008371106559334884,0.004203168777456285,29.172393271478047,20.983572885537043,18.26598879666936,18.358364850925792,860.5635236644315,539.7110195109731,99.7148249800207,0.0,0.0,1596.5190377352142,3.2024397787992562,1681.6833099702544,0.0,6.507541504609706,1.2785605361218861,1.5833316256766392,10.76841820734886,34.62378118106317,6.258342141108129,238.11384569732604,0.09106328319204986,3.3673992095980415e-5,0.0005806761676636407,0.5667156951514589,0.008167053185584009,0.34938036273580947,0.06914716207797912,0.0009178619111396907,0.04800856773610684,0.0017908425493905053,0.003534841636152164,25.08105016834195,3.1489891205920806,20.95332196705205,9.703774379641493,196.07629158738095,111.66529464667575,31.807308974109862,0.0,0.0,534.4175637130442,0.9529344230772097,337.6301527217688,0.0,1.1048226676550514,0.05524071574966762,0.44221333216222786,2.1049709556357237,11.68932510888716,0.00010390075465742229,151.57339524033713,0.0003907398475858719,4.768424002746815e-9,0.0003514646437488412,0.4103852837423529,1.1828054765208587e-5,0.649563138962788,0.10140505009249214,5.3815950444638535e-6,0.14775275061764034,0.0005153617944770465,0.0007505691464501839,3.1594105613590338,4.070330919110384,9.626989585315256,0.7336511428466682,108.81757744442024,17.146657247465484,4.825442154212784,0.0,0.0,49.526243634003755,1.127770749726123,90.66085099045753,0.0,961.6813147290729,356.59684832828526,302.06011436033515,658.6134269390914,1246.3503598545176,560.0284775555565,9977.65928142709,0.844545920604106,0.13802306772269493,2.5685512634958387,28.724213121750154,3.6170390011414986,64.3467784936665,5.359719722175443,0.721922942703111,12.828624653616869,0.11812543113770264,0.3969472140339862,2690.8730106970697,804.8725916856553,2674.304090507111,1205.796426994165,11614.758261998948,13341.6231122322,7472.14631874456,0.0,0.0,23066.482170338862,736.980500780885,27781.995330623144,48043.53672146554,0.0
IND_REU_REP_ELMA,0.0061324310961487945,0.0004169016562436393,0.002386565345064202,0.0029244730114114346,0.0035203317994353363,3.022784054394443e-7,0.003788542008600589,1.0004237725375108e-6,1.4649013637382379e-9,2.1791263659814023e-6,0.00022874602925766508,1.3342402929638878e-7,0.00022215635181097441,5.5913172753825044e-5,8.099247785654419e-8,7.794570611576501e-5,6.091645673434524e-6,2.3725692007945178e-6,0.003782877598588287,0.0052685452955984705,0.011531746552134368,0.012625009895628784,0.05723332233230988,0.06231808190689232,0.009927344433241229,0.0,0.0,0.15519957824673875,0.0013456426673844524,0.025165017151005553,0.0,0.008868845634729897,0.0002735208465133231,0.001223235365999501,0.0022073754492387882,0.0010698710087625762,2.2126410721859875e-7,0.0012727873107500737,2.7513101190184486e-6,1.3759029486650631e-9,2.80997349337673e-6,9.902699601354242e-5,8.602905066236934e-8,0.00010666838964409238,1.4303855623340085e-5,1.2977406259567499e-8,1.3529198032017924e-5,2.8552064886688905e-6,2.4071215474711986e-6,0.009381103233252756,0.0026936638352085683,0.013155118205654789,0.0050358013268377135,0.030511217972953166,0.053456296296896785,0.00857483471359538,0.0,0.0,0.015755872475480766,0.0012990363380307498,0.020048190333912475,0.0,0.0032059582492533238,5.1332123093802826e-5,0.000627913809022723,0.00142994161881828,0.0008336632183341839,0.00022147468803038518,0.0007711614136109015,3.910309987723311e-7,2.356056457263726e-7,3.6515774594006453e-7,7.151685882853734e-5,8.397238262474445e-6,2.9029805842570894e-5,1.4314156677262512e-5,1.8091694948040726e-6,5.915415061531493e-6,3.6634337662464517e-6,1.8100831571910722e-6,0.003252543804386467,0.005392866022384998,0.006019617604358537,0.003989293818455227,0.02614093596180218,0.024468948095948653,0.016453167966518013,0.0,0.0,0.006689680321868291,0.00025507527333921536,0.007347329436221012,0.0,0.0005981805852644074,8.682104097787933e-5,9.929228669315419e-5,0.00026076186978728373,0.0002118284751992836,1.3209565562590358e-5,0.0004951137141201306,5.773722958371203e-7,1.7020773199023164e-8,2.0403617364426944e-7,5.171701021584252e-5,1.8965872658551217e-6,6.726291274688772e-5,8.200011424557212e-6,3.358711721280253e-7,5.865240515385588e-6,5.162245480584573e-7,7.156536070297503e-7,0.0007675797479693772,0.0002677874394960153,0.0038430147084168955,0.0009175952331223992,0.002759885310375195,0.004392195407801092,0.000712196336167398,0.0,0.0,0.07944687294437135,5.7610779150263086e-5,-0.12380119686894477,0.0,0.00020033233042510897,1.1608122738904511e-5,6.719966165011986e-5,0.00010839856554638368,0.00010164626287740902,5.2514932220118606e-8,0.00032142839093632434,1.5076071747362876e-7,0.0,1.3815069788091261e-7,2.836067733406411e-5,5.978277806559392e-9,4.5303114964679286e-5,1.3835531588915116e-5,2.7200303755551605e-9,1.9858089373058872e-5,1.8517055377330135e-7,2.59950733844396e-7,0.00013193287862387892,0.00018961096626730174,0.0008857233392332799,0.00014096816940325783,0.015476605880403657,0.020133030612608092,0.0011765701292676767,0.0,0.0,0.000498799813139289,9.227786669993901e-5,0.0006219902668696465,0.0,1.036131525823621,0.4877475242293693,0.34450089970395364,0.3190418536533098,0.15868531852607465,0.02124315190344253,0.4505514979187564,2.703331359837986e-5,4.664484637561221e-6,0.013723503730599818,0.02524384319409724,0.0007618961995001549,0.07827810614270121,0.006640439970550635,0.00017475894454821548,0.017170447621774464,2.6047120594608443e-5,8.763669113309231e-5,0.9731276107631914,0.8589251792075542,4.322402401592364,1.814198364081339,3.6108187581425297,14.096244286725678,9.617898570257125,0.0,0.0,37.32791955275356,0.454847303068252,1.3477417102591962,3.3350057462822114,0.0
IND_REU_REP_OFMA,0.0010734403117028128,7.11351160088707e-5,0.00041276782993158074,0.0005629990012286922,0.0008118991445911959,4.691110521842682e-8,0.0008266336399069492,1.6869190996557905e-7,2.2872341379127734e-10,3.761376367926024e-7,4.468342600400911e-5,1.9873080298744928e-8,4.3375980770978616e-5,1.0336663417650533e-5,1.2472555660523223e-8,1.4513261366560537e-5,9.962192094156467e-7,3.759197854857591e-7,0.0007220693319579881,0.0009683652098867635,0.002011640425071882,0.0011265552219772899,0.007625470718508343,0.007158731666083334,0.0010861579502202397,0.0,0.0,0.021443654274254837,5.6077574273414546e-5,0.004713400490856887,0.0,0.001603197734208924,4.8118537865987686e-5,0.00023066041397031494,0.00043538490148705187,0.00022756869279540724,3.237229110316158e-8,0.00027151134655835883,4.902172675393825e-7,2.148275831084499e-10,5.012366553194431e-7,1.8050848737979625e-5,1.3187322831566123e-8,1.9492898579293384e-5,2.401759302996932e-6,2.0256658822230656e-9,2.267171265394284e-6,4.60653923325673e-7,3.852229950438929e-7,0.0017607637041421546,0.0004732218918577864,0.002351034872747455,0.0008636761461622117,0.004165323869100791,0.007776791850079843,0.0015391971547223295,0.0,0.0,0.0023100149639745495,9.27102690232019e-5,0.0031635514503388995,0.0,0.0005283544830350078,8.779314676569099e-6,9.09896465782264e-5,0.0002724538518874824,0.00020396329824191162,5.088594616849333e-5,0.0001775640913701006,6.422059602061302e-8,3.5213755202599764e-8,5.93246601776587e-8,1.2766390388186753e-5,1.4470393478005403e-6,5.180876701795351e-6,2.4178657203452184e-6,2.879002204504017e-7,9.812415310110803e-7,5.805409477705011e-7,2.837749045226196e-7,0.0005349651809480138,0.00044022125011933716,0.001096340251175522,0.0006728735953173757,0.0029915452045327926,0.002861434024151991,0.0004538171595979027,0.0,0.0,0.0010375191509477172,1.110603447002357e-5,0.0013825679789689536,0.0,8.2407530597104e-5,1.4322557036597417e-5,1.7161341103422618e-5,4.734415806256635e-5,6.372331996478287e-5,3.442612489850552e-6,0.00013038704332537344,1.0853415483117016e-7,2.657416402465816e-9,2.9770591818207398e-8,9.918390062950332e-6,3.3347387995887176e-7,1.3045350575210185e-5,1.4265131244266731e-6,5.112014059816062e-8,1.0107618460729528e-6,7.64912920036226e-8,1.0673574926156616e-7,0.00013702036889756894,4.555745997014766e-5,0.0007336988052459842,0.00015135854231357633,0.00034255533863418247,0.000720007516613877,0.00011233441279558714,0.0,0.0,0.008570619088239473,1.1663963183369808e-6,-0.023646359511239615,0.0,2.9431503176153033e-5,1.8831793138544672e-6,9.781023206207167e-6,2.747780536556109e-5,2.780831138593258e-5,8.199431046016456e-9,8.270640649825096e-5,2.2487322508448336e-8,0.0,2.068143808714995e-8,5.283238999108611e-6,9.334226469825503e-10,8.475312305371344e-6,2.5792404094839385e-6,4.246938725794751e-10,3.7406688294360567e-6,2.721665454324911e-8,3.7884516455421905e-8,2.2421065323481963e-5,4.1179115734919735e-5,0.00016545216125964622,2.2020910378862264e-5,0.0011514950113984622,0.005762275403981029,4.085545209011221e-5,0.0,0.0,6.120593495980814e-5,3.857403637771705e-6,9.337393407663164e-5,0.0,0.19267061459603532,0.08416499823295469,0.0592720280056138,0.05617792827768596,0.026940180419397667,0.0007248808084260773,0.07726758204676559,4.602419381726501e-6,7.569356906242474e-7,1.4234517804382028e-5,0.0008507823581050706,0.0001298870045860474,0.008422603302296244,0.00022647114720116581,3.0032590544577045e-5,0.0005394157418543094,4.354855747679844e-6,1.5030854389005439e-5,0.16746944034353836,0.15770522263986544,0.7299599107082881,0.32679538326868635,0.6685836923161272,2.4714708604623277,1.6190716984843079,0.0,0.0,6.211152152888298,0.0746013758126044,0.22740774055756172,0.6452454837754591,0.0
IND_REU_REP_RATV,0.021942488817300265,0.0012675859325694174,0.012226586775730307,0.009071001829303522,0.011980333134002496,9.320974791705162e-7,0.014139375866656985,3.0470467929402685e-6,4.504632131270119e-9,6.612366176934666e-6,0.0006800402199327548,4.1350007160199196e-7,0.0006604631915801268,0.0001677508056357288,2.496361903156533e-7,0.000233608220382706,1.862692602611965e-5,7.28832932635784e-6,0.015968924231328313,0.021162157766980078,0.04218931289478405,0.04711753602623555,0.1812928737763915,0.19476658284065215,0.03760403720362332,0.0,0.0,0.4813604481334366,0.00466466815111648,0.07566276213784284,0.0,0.03018697369705093,0.0008280812106684211,0.003659700338562893,0.006552035664312778,0.003130947761907107,6.879878710443254e-7,0.0037221643701285697,8.307247801886744e-6,4.2309583330918715e-9,8.482815109246681e-6,0.0002979510273669214,2.6536396255352906e-7,0.0003208382590074685,4.3591319888006136e-5,3.989847570701851e-8,4.124368778365774e-5,8.75927053948563e-6,7.3932160563213165e-6,0.028115192989246984,0.010870576597872505,0.042721173558849836,0.021143127411315934,0.09673054613191928,0.1624039795583328,0.030749843604204668,0.0,0.0,0.04944134178110309,0.004372644595239422,0.061696174011773124,0.0,0.00982185262956514,0.00015629917803805206,0.0019616570186210967,0.005374712399410797,0.002365571658663795,0.0006379881853645919,0.0022203978276684262,1.195789671466186e-6,7.303525472378553e-7,1.1185051495178208e-6,0.00021597596701502516,2.5490083019265675e-5,8.76349364282083e-5,4.358086628422759e-5,5.55677234672856e-6,1.805843697378485e-5,1.1250181843059791e-5,5.567626354813857e-6,0.016003349738865174,0.02360833876936504,0.022320671371541412,0.012444738875236491,0.0852676235137156,0.07754584315365451,0.05906533652713506,0.0,0.0,0.02087138810916972,0.0008822137445133526,0.022063429461862384,0.0,0.001885240522400667,0.0002662772566112079,0.0003024710470546168,0.0007868114102823272,0.0005691095206492545,3.6905592712979635e-5,0.0013795622968104022,1.7274117659779635e-6,5.2337797664610565e-8,6.345203100765264e-7,0.0001543080394542673,5.739119496810715e-6,0.00020020754217087614,2.4859280984320182e-5,1.03837761938154e-6,1.7806983569835866e-5,1.603286198633949e-6,2.2212416304164175e-6,0.00232994339523926,0.0008161885678066845,0.01147167176183689,0.002821774780721887,0.008849033432970027,0.013427584189923396,0.0021965366008777384,0.0,0.0,0.25075286508358463,0.00020350529796789733,-0.3731834914462302,0.0,0.0065800901582931245,3.560219532730964e-5,0.00021035868004426887,0.0003044842795855076,0.0002811529210155134,1.6148524887330083e-7,0.000901454878321691,4.671216363416688e-7,0.0,4.2779889324906465e-7,8.502552482861054e-5,1.8383717063731712e-8,0.00013572058309298525,4.1460971462073775e-5,8.364205625755657e-9,5.940441146687436e-5,5.75089835353842e-7,8.086746402731919e-7,0.0004037334514544715,0.005892203447838591,0.0050233335869453,0.004971701448733243,0.047516852790479666,0.05190476963146556,0.009025039880636842,0.0,0.0,0.0017991778103765628,0.0003193746140107774,0.0019442582368160112,0.0,3.1054454653904977,1.4765605413820193,1.0423175757156364,0.9613734170423858,0.47905379408511495,0.07336835816009696,1.364295091154172,0.013341792535022996,1.4278279535515257e-5,0.0549234662859689,0.08613159857022062,0.009935174700081574,0.24700111180566503,0.030880331093539156,0.0005303971298283395,0.06155165578213111,7.939915293335392e-5,0.00026611273118417483,2.9502957045128113,2.5784705761755817,13.152026790672723,5.468857210187294,10.841478864346737,42.66399309733491,29.280146471633802,0.0,0.0,113.82986225809437,1.3951878582882753,4.101449006104612,9.93485913094449,0.0
IND_REU_REF_ELMA,21.153424014060366,1.578363743058297,7.085166584665868,9.203811759743592,10.756297558029969,4.731837413865448e-5,9.731278246760564,0.00011885614604292737,1.609025141937924e-7,0.00024125671452829338,1.170451639539525,1.991507661725861e-5,1.173847560633313,0.18096176565519484,9.84624822779232e-6,0.29903591084689507,0.0035285837723286174,0.0003513199368959216,5.666679766019203,14.730494569063291,48.61051646389526,11.987274896884298,130.44276556881286,7.949877385033247,2.2187932472067,0.0,0.0,7.8969341703917895,1.0740479974431647,9.695669737918017,0.0,40.128026452866735,0.6537441324855137,4.41140292969925,9.090573683843864,3.278503223744928,3.8571671524202964e-5,3.276231714575299,0.00033952997144461196,1.5114027873033345e-7,0.00034631958152265467,0.3656242070882456,1.0792206457678117e-5,0.39861263673942504,0.024377195543591777,1.4248731546438004e-6,0.023241704401805032,0.0017081518430808525,0.0004098589506821686,36.22249822642858,6.281533052475789,41.279896270827635,10.23428626896455,78.96257211583675,63.71388976664649,22.38381191206638,0.0,0.0,6.338594371828206,0.808651368414359,8.380222059859353,0.0,10.42918525617837,0.008638672871240753,0.4625420487756961,3.745500079056826,1.5868046022981983,0.311291901193123,1.0899788773412062,5.565114952490547e-5,3.765952007086557e-5,5.271792365261483e-5,0.25471618645442023,0.027450972445894183,0.1068617301163494,0.03251995328964829,0.0002241004340485675,0.009542481788176372,0.0005247057431425451,0.00026429815053343044,1.9531601734587098,0.43211145415739277,21.847939279541087,7.737512585676675,35.106873690163106,24.75831546921768,1.0399982998457142,0.0,0.0,3.869387000717549,0.19519813511423612,3.6018801780631153,0.0,0.5918379530333562,0.09662249045284826,0.08357635835044996,0.263810542770922,0.12537776167111905,0.0016214829688651652,0.0601339910173247,0.00010898138321986551,1.8692487014350122e-6,3.479586104703712e-5,0.2907454596885764,0.004108481629538341,0.40025978991377376,0.0010291917652084054,5.187502840421047e-5,0.0007164588147759863,0.00014713528017109106,0.0002185327416062375,0.4265622761316849,0.11602975613463831,16.936047379235212,0.7658678069742945,2.1911464217056196,0.8590994616624436,0.2891659000362696,0.0,0.0,1.7960697829288534,0.05019869964810974,0.7229254958622084,0.0,0.5300924408882712,0.016395349741393717,0.1590448508944936,0.24682172926214577,0.1281865959190503,5.767545201841293e-6,0.05844199276776156,2.232709783329186e-5,2.6469586622189426e-10,2.0048213411696398e-5,0.13084682281810875,6.565771833019224e-7,0.21187396519341992,0.06704094388824837,2.987335004117788e-7,0.10062732412442432,2.9634472270223123e-5,4.84438005024119e-5,0.1287146928253893,0.180593011337002,4.228744525391946,0.1451394761760272,2.004126730765042,1.0165885586982095,0.12493707864507783,0.0,0.0,0.4382610377002181,0.09261426109912298,0.3120288121956641,0.0,906.6823190145187,120.86199584904486,179.89079159040043,189.7544823067741,80.37654942629527,7.986861256960387,142.3327698811972,0.028469962413526725,0.0005947938423100373,0.09922882241655517,10.280088285779728,1.5162895424257894,27.04677087955993,1.1036067830966567,0.1417662767244686,2.597503806745161,0.0400697937056403,0.14802569595921353,727.317044306411,345.98281798122014,919.1487265530839,446.410014348923,1822.3969407160773,1545.2712140008587,527.9919989369073,0.0,0.0,2664.544352825205,100.63441901439552,1153.5549068690912,2032.404770738409,0.0
IND_REU_REF_OFMA,3.4958116972726585,0.1028339119227913,1.1451457703744852,1.4592095720424578,1.7007057028859816,6.934496657496363e-6,1.6048511841447497,1.6698436133498943e-5,2.5611024488050717e-8,3.3358793252004456e-5,0.19171369407717012,2.9868400254899905e-6,0.1925343858898209,0.02714150160520031,1.5336030292453671e-6,0.04702112425588686,0.00013331252627113262,5.298574342069604e-5,0.8871218284689082,2.333908761630286,8.109920302033562,0.9010439436759954,21.09701108623225,1.237389257143633,0.2375559595623933,0.0,0.0,1.1090697833354835,0.13852830034091196,1.0468701226332788,0.0,6.6051878965295945,0.10471121769918441,0.7297095386546955,1.4953207286383812,0.5385883341079656,5.6860988205120145e-6,0.536573213738463,4.7908664798874725e-5,2.4068269499358223e-8,4.885819820409017e-5,0.057444419515076214,1.6705523651724985e-6,0.06256123269427136,0.0002797743216469235,2.2667769966403622e-7,0.0002649721341895508,6.970531062522938e-5,5.91249477365464e-5,5.961019162877321,1.0348932195481975,6.827689605548927,1.6731696518936578,12.763937326131906,10.392786859529256,3.678228045280202,0.0,0.0,0.8903946688378157,0.10536431605668527,0.7444447724751483,0.0,1.695488019108459,0.0011928009466652422,0.06252233136412504,0.601667679481565,0.24827012396227652,0.04850966066176202,0.17649701956105976,7.955249705613982e-6,5.570583076406007e-6,7.57150205840106e-6,0.039304897128119035,0.0004136505688373854,0.014384513250774566,0.0009695644915160936,3.345284926979377e-5,0.0001023629472718131,8.070989784426666e-5,4.0550289847729364e-5,0.26343730648340086,0.057804031889825074,3.636972975481176,1.2680685110436865,5.643950767227687,4.074237734878857,0.12352596961518827,0.0,0.0,0.5326824265424629,0.02524271619427289,0.32607087925077244,0.0,0.07747446875261803,0.0047308506342571026,0.00999910887408544,0.02322139853465487,0.014412933379576094,0.00020528495460856661,0.007577818156996559,1.4882885156462867e-5,2.9736842079916374e-7,5.156350603150399e-6,0.0448596297235247,2.5750175611526605e-5,0.0635727871567594,0.00015111971789643424,7.708014211661729e-6,0.00010507407231014289,2.18661104775258e-5,3.243224131761674e-5,0.045255915947538417,0.013004222254402528,2.8182785667390684,0.06556259927571928,0.24217472794575254,0.1131900713878189,0.02847269384580686,0.0,0.0,0.253973022174469,0.006510053993690986,0.09212055387905692,0.0,0.08066458443561786,0.00029827444574214286,0.020945182968424923,0.03413771997715014,0.014972222200367941,9.175247226616967e-7,0.00523577335047579,3.3530472488738655e-6,0.0,3.0213223285766057e-6,0.01839426618914994,1.0445119697578975e-7,0.032039549884345826,0.007506962491611481,4.752412163509285e-8,0.0132034215410799,4.393937685987548e-6,7.20660002403638e-6,0.015473909143287728,0.022386857271756162,0.7007783736101958,0.018322771818706656,0.2658719765972372,0.14569484710148775,0.013196922930378411,0.0,0.0,0.060228793061733475,0.009036385485248601,0.03677225968383508,0.0,139.9210499200222,13.266359814390768,26.40104386238473,28.20263465899152,12.581892485075041,1.2884067216246373,22.99986065299901,0.0005056921744616491,8.922232869639156e-5,0.01160665340908435,1.5691580002890337,0.23695767365637063,4.2789514324923985,0.15307843768468754,0.013492861101079025,0.32466028271693875,0.0007315629850627883,0.01591174441626687,113.07045857385916,45.73221804021382,144.9197078980468,50.6291492096444,276.64361619522845,223.63140450571615,79.97387497351934,0.0,0.0,436.94359899122037,16.330231049940497,165.85418891424428,330.7172596502763,0.0
IND_REU_REF_RATV,62.28035292182628,1.8808142869847624,20.41013819951409,26.0042733794294,30.318031065225274,0.00012359671264639945,28.614083595914572,0.00029744262508061246,4.5615688126841854e-7,0.0005940469548348485,3.470064013611893,5.3247743051569276e-5,3.4859760620274973,0.5432079025070287,2.7334705084522207e-5,0.8937288437878417,0.02039542631762091,0.0030515449258023504,15.831673899395408,41.57659386116863,144.4438557102814,16.081252970163536,375.7088843315422,22.0356092524051,4.253466653332238,0.0,0.0,19.782271455506663,2.4715085859812485,18.692348936195035,0.0,117.63860581297027,1.9080729887737844,13.02479096319799,26.656910003517435,9.62581108816891,0.00010137442639692249,9.58935311290175,0.010406747289323972,4.2845680277775836e-7,0.010796050523327268,1.0818999878549378,2.977664122306711e-5,1.1719615417828393,0.0792372008642108,4.039763725077974e-6,0.07603466509596454,0.013988857393808481,0.010637520064001553,106.17849369104451,18.448803418171792,121.60595572293342,29.816090178434433,227.290556766322,185.02769998331357,65.52105806738403,0.0,0.0,15.889163824582669,1.8797190655990537,13.354897806243077,0.0,30.225949822424536,0.02123214973404285,1.1369499169188884,10.752757964107854,4.458555807083889,0.9129194582778366,3.1846167169225086,0.00014173672769408197,9.930823876903766e-5,0.00013491057128916451,0.7580837928462854,0.08954788392111555,0.32300810956952664,0.10523170552871353,0.005250772274466067,0.03914199268976908,0.0014382057180511438,0.0007226400153279137,4.7262500557200795,1.0502449958806346,64.79301235348605,22.610861511112514,100.51193768737487,72.53735019357282,2.2374131876252,0.0,0.0,9.492415535517074,0.4503730652029922,5.850746036661572,0.0,1.402720903550581,0.1286649586012506,0.19206290382150784,0.4596798589414271,0.2638391542954901,0.003635609572795762,0.1341679087584349,0.0002649250565134659,5.299653070441274e-6,9.193095572021028e-5,0.859514143000013,0.024916931196545644,1.1930223496548467,0.0026908798659771855,0.0001373974275278739,0.0018711413944773716,0.00038958561576418407,0.0005777894918806232,0.8462838669784046,0.25245189093223513,50.21357646525115,1.186858248142693,4.301371423164112,1.9387872515319107,0.5356048250578059,0.0,0.0,4.525051531580407,0.11615619760143067,1.6685141843817954,0.0,1.4531391591976524,0.031849877212538714,0.42033458127642387,0.6521896216055084,0.3208892512750057,1.635202268813991e-5,0.12685188548859816,5.977585204996008e-5,7.50460158821125e-10,5.38610648297984e-5,0.3940886106466592,1.8615133473774077e-6,0.633854428289358,0.20528238649056443,8.469621162339461e-7,0.30517733323790236,7.833762498760413e-5,0.00012848216023327304,0.31738057671355124,0.4167600503121211,12.506575341978273,0.3389166335108482,4.689535420712247,2.4560233895776635,0.23977833933367573,0.0,0.0,1.0887501587281712,0.18132582921576207,0.6791385642237125,0.0,2491.2093464266713,236.08940457853947,469.91136084746944,502.0654750542865,223.9683369086219,22.980378595543208,409.4631718083734,0.08940675998262149,0.005099823729533901,0.2846074488176928,27.984223543564624,4.278815251311706,76.23198389011243,2.7806843572498487,0.32291643994674835,5.822613121304969,0.10209482266226313,0.3564161061510553,2013.3852760075256,813.8728034183932,2580.38012678133,900.9532584451894,4924.758330006827,3979.1795803086334,1423.5133177535279,0.0,0.0,7780.923739667163,290.83687196767,2953.5182210001085,5887.081040421995,0.0
IND_REU_REU_ELMA,2.0207267740359183,0.26704146329215267,0.720605720826188,0.5881396248910337,1.1101284038403518,9.600559548942097e-6,0.6128255677754902,3.374472417333905e-5,4.4771726289869065e-8,7.323167174031846e-5,0.030240289037938274,4.220787410128325e-6,0.027442134636077444,0.022112239735099126,2.5005605932385816e-6,0.02306313615850361,0.0001992312953536947,7.819068644404995e-5,0.8955379494796282,1.6209508886010164,2.348073511500253,3.890371201705612,16.798775009237534,11.86682386050482,1.7245910633401464,0.0,0.0,2.3677691619486567,0.3905889574784697,1.4867624632457734,0.0,1.9384880439059338,0.17783828544622138,0.47807281700674786,0.5948842882947887,0.2789833825824934,7.508955601852636e-6,0.26959308059026627,8.328529482688183e-5,4.2064884671037066e-8,8.500773453339337e-5,0.01775078671264422,2.665221995780942e-6,0.0192244568111252,0.001516782639960998,3.963725257205771e-7,0.0009749133014795081,0.000102949212390663,8.699799587326805e-5,1.9088657165076717,1.3004548537258807,3.2439032763534614,2.584348350080806,5.777998450117346,15.707057955832445,3.5589936207301966,0.0,0.0,1.3434873081314065,0.5777899251239504,1.2863408253513005,0.0,0.8383395646958791,0.10726200127060716,0.1987697678186592,0.2988597237775669,0.2066693662263491,0.037061780116308396,0.13599174850427137,1.3508006325428449e-5,7.92440822818539e-6,1.2581659571080714e-5,0.007514266803079726,0.0002909901398868599,0.000996418201465785,0.0008097114478446279,6.258583397698365e-5,0.00020177089416389092,0.00012147814626803159,6.0368458839815944e-5,0.49908426483581486,0.7044890691614305,1.0018702142270404,1.0414794211584943,4.350841110490498,4.9078975002229805,0.7384475535127774,0.0,0.0,0.548322850311119,0.16208501722275254,0.4910343299354256,0.0,0.3045096890853611,0.04983068871660936,0.057277597795520906,0.07301490636841927,0.01776945075829647,0.00010575017435816057,0.0037200822078075056,1.487459234044529e-5,5.199864833993892e-7,6.706787617214442e-6,0.0018258477527601162,6.884791723670885e-5,0.0023711782115382572,0.010170410515254647,1.1967214966228607e-5,0.0059516704092021835,1.9409443934786176e-5,2.7162172866200082e-5,0.5588489386287021,0.1557958939728213,2.0852723050045463,0.8326714558914681,0.5735203184934702,0.8499333248358352,0.20182657414619412,0.0,0.0,0.46497384919489093,0.0030615270152026374,0.07117907486119039,0.0,0.07892103608971156,0.004684508286004588,0.01762505734894929,0.028068374977308755,0.020914834823647324,1.6044104708611243e-6,0.010443450648054433,4.764400036641609e-6,0.0,4.354596783587151e-6,0.0009902250357304034,1.826462216872342e-7,0.0015798868266633413,0.000480717863248253,8.310173266563166e-8,0.000690279968898636,5.9125559985437805e-6,8.877846038018106e-6,0.05277108488496717,0.06015193145806493,0.08229248285590325,0.12895014245826786,0.5100865259373435,0.2938932637242775,0.07093590170508561,0.0,0.0,0.06550202354372231,0.013609923489723254,0.031125838402290374,0.0,117.5509964811701,28.114478389765743,13.253937406297627,17.814308750047154,9.40781710769486,0.9460513450065261,16.8956644198342,0.0031221708203152962,0.000150808397116644,0.023426729016065382,1.0242459853863706,0.15101398431890095,2.744804218775843,0.3371315957985507,0.07664441106820129,1.4462216779971042,0.004075897423050476,0.028507738377516037,130.16914447989726,36.15294444723609,120.78344514044636,144.93599830743906,250.79949572632697,386.75591779955437,108.16287922435843,0.0,0.0,2374.420911304597,51.179294362477,86.91263378979188,222.40796583739737,0.0
IND_REU_REU_OFMA,0.32264644811006604,0.014077867756727501,0.09326716620810858,0.07817537681776536,0.33723175702343106,9.305155433591044e-7,0.14614390908616645,3.4384137000482264e-6,4.1930794641916445e-9,7.527152187372774e-6,0.0038915520380443853,3.9840925504275386e-7,0.0037563826426232007,0.0045450747863130655,2.3481244801227614e-7,0.00495934523890698,1.943607368009785e-5,7.622187660015131e-6,0.20315471255637652,0.29638642973459883,0.6413292959273427,0.7365331406626454,4.713973358208276,2.0227410148857166,0.18149075487569344,0.0,0.0,0.4550796903030352,0.019710894787544,0.10266959581098481,0.0,0.3738119780329306,0.010739564761404191,0.06404318675096439,0.10226572987038073,0.02478263564725279,7.179869443368732e-7,0.02286614054098998,8.442490796492121e-6,3.9383336937073905e-9,8.618730436916694e-6,0.0030394260382740706,2.504608992431844e-7,0.0033134789699645725,4.7397891449682634e-5,3.713924088374175e-8,4.495050067959501e-5,1.026806905524679e-5,8.668929486237043e-6,0.5608256923244628,0.23989694864502903,0.8887705792236935,0.5621686200358463,0.7477671263500875,3.9582499716802215,0.9650440886475136,0.0,0.0,0.13895768540004896,0.027948791752904694,0.0876418036872931,0.0,0.09858056829702176,0.002587957841844378,0.010260095581766599,0.053643460015841506,0.035500091570103434,0.003740063798730111,0.019973596976402868,1.349276602857327e-6,7.686268749454707e-7,1.2528372756316296e-6,0.00024428764419340737,2.9114378973260223e-5,9.99314666292938e-5,4.837901705391262e-5,6.182918868835768e-6,2.0032062292548236e-5,1.171042982367579e-5,5.810891091567415e-6,0.1343049144707835,0.14962519056690612,0.2668850038156033,0.22302106184429613,0.8633625166023613,1.1560184774309248,0.1335249728419078,0.0,0.0,0.04075015774172882,0.0034944451652229964,0.027388967978034584,0.0,0.0911134270738457,0.01720333050569375,0.019681494364523648,0.023876096289008417,0.0036201746408446255,1.3586296087695274e-5,0.0004887571238252251,1.4872874836449768e-6,4.8718031965865787e-8,6.402551742994902e-7,0.00018882923263407008,7.027830097706926e-6,0.0002450436586286907,2.992806657268527e-5,1.1589365826457607e-6,2.1661855750268497e-5,1.8725933023994585e-6,2.633161166670618e-6,0.21103613248024986,0.057326255210284324,0.1498377621744717,0.31628789580047817,0.19064237972481501,0.29561712354380326,0.07156922073635621,0.0,0.0,0.10558509674358302,0.00031564757390515545,0.008144131786645808,0.0,0.016884790062428604,4.306624294460109e-5,0.0005032604295203366,0.004960091458191794,0.0034064427683613684,1.5031649894698677e-7,0.00032938554417905237,4.49626350600881e-7,0.0,4.107281933709895e-7,0.0001009401568467117,1.7112267366590483e-8,0.0001610952200020627,4.9033741210679466e-5,7.785714309537522e-9,7.055715899124935e-5,5.591852818023153e-7,8.45664446128424e-7,0.015006892294030008,0.012931076652687437,0.01740014247600847,0.041718107221014704,0.1363415422956592,0.061716991337683914,0.01504626571360762,0.0,0.0,0.004255146017618425,0.0004723291046857291,0.0021314350119442313,0.0,12.981841944470489,8.842528754697357,1.8724315681786747,2.6761087110590096,1.000772165776488,0.22040949302060805,3.9683726811396247,8.560937827751989e-5,1.4669891109637478e-5,0.0005959595663270802,0.23515826557937985,0.033264991906791636,0.6468819474661872,0.09697075741764608,0.02300461489864542,0.4856716139466754,9.16793696182829e-5,0.004030163316365429,28.07457639626917,6.9507517193593555,28.579230455496358,42.93025219208121,41.99418770680381,88.87374840420517,16.78390417987441,0.0,0.0,165.27316666802753,2.982050456814263,9.867859804157764,45.67044155017994,0.0
IND_REU_REU_RATV,5.7750597399766415,0.29666531873811824,1.6786797308509331,1.4109694645381048,6.038307671365937,1.6698777460936313e-5,2.636468669209089,6.135216404446516e-5,7.511357481563501e-8,0.00013412284245008878,0.12085853491932072,7.161560566997102e-6,0.11959037687488051,0.1358861238802105,4.2101539397300465e-6,0.1401941534943408,0.008809183811368086,0.00013663401839163108,3.651862586811995,5.294990495657954,11.448089237592015,13.157076404220206,84.00541842881346,36.04220861649477,3.256757670647102,0.0,0.0,8.142052555244518,0.4130314485006389,1.9317961991894583,0.0,6.674553251806792,0.23175487877972087,1.169649593956697,1.8490292112237237,0.4742109874074056,1.2920541359160962e-5,0.4395475034919123,0.00015016468949706176,7.056334872325331e-8,0.0001532885795397766,0.10823409571545536,4.492366599681229e-6,0.1121862544787565,0.02821332586960917,6.650920518228835e-7,0.02544763812952082,0.0006169254183943149,0.00015484879488199794,10.016077978656762,4.29345600080215,15.853564176071297,10.03630000852565,13.317921648749424,70.48356958746128,17.212976777680115,0.0,0.0,2.5106222842033326,0.5718257671166354,1.653795841224964,0.0,1.7880299985222132,0.0974066439490142,0.20525697971224602,0.9916360492537605,0.6675494161863408,0.11202248683909498,0.39461010952654835,2.4119488119880772e-5,1.3810943531282362e-5,2.240876451877233e-5,0.04118385601183983,0.0016115385333139109,0.014873421564704819,0.020473852061629043,0.00011062651158236616,0.005162375227218073,0.002094210798941585,0.00010411606672197646,2.425991686495639,2.686459034559961,4.779915406001374,4.001502519425695,15.391132185195245,20.583967014620534,2.414841284549154,0.0,0.0,0.7764812052118502,0.15763633930742604,0.6050621857011884,0.0,1.646128003977895,0.347831883917652,0.38507701029383773,0.4682077239621514,0.10826936349362364,0.00022247623042825055,0.026303124160755722,2.642072160523003e-5,8.725123775234075e-7,1.1523530834571935e-5,0.00831611538160519,0.0001250574411963708,0.005373581944198602,0.024782026523720826,2.079455947692886e-5,0.013691116068305951,3.36074308871502e-5,4.7226391586264863e-5,3.7977801748495303,1.0418481785818254,2.6943501157919845,5.654508038140966,3.3897224020660377,5.201756881873203,1.3025827751820618,0.0,0.0,1.9140212146302493,0.005866771319228337,0.14543443788875732,0.0,0.31780654979113276,0.01697035647955196,0.05283811135126074,0.12954907319396966,0.11066762483675509,2.6921255004379387e-6,0.048405273744709564,8.08137102499244e-6,1.2355247226295393e-10,7.380270720148767e-6,0.009649947675922041,3.064716232756124e-7,0.017113306291380314,0.00486955263141223,1.3944050856120282e-7,0.004464803196195847,1.0061084196873243e-5,1.5227735502542138e-5,0.30643067234223514,0.24852450174182053,0.3361274947572082,0.7566686404714698,2.3924063980697308,0.9801191447070646,0.27455302997185727,0.0,0.0,0.08443942610990197,0.017491252697459454,0.048994882397616166,0.0,230.87337220415347,157.4062009463858,33.13898748500605,47.53159813061726,17.752653954104407,3.961003753387314,70.5963618647671,0.0232595769628682,0.00026229924756380124,0.08137271817808342,4.2278533695507665,0.6468998995596142,11.556301532738683,1.7780528196762229,0.4847844048073972,8.691345582025225,0.03782110743978414,0.1382779391297678,500.0469925010838,123.3752906581673,508.89477857736824,764.3135484581006,746.7162655067236,1580.6291886300837,298.44985523004675,0.0,0.0,2944.522808074627,53.1642202645974,175.83402661973446,811.6228907375596,0.0
IND_REU_REC_EE,0.008074136514450856,0.002084514834186272,0.722127774149766,0.30673496921200766,0.06526268423321935,0.0,0.019861412255610604,7.325494262274792e-6,5.072866604330034e-10,1.8844806726485284e-5,0.0017245971733651224,0.0,0.0012418657528402354,6.122867337067441e-5,0.0,9.174439828300385e-5,6.6933648574154816e-6,2.40384798946022e-6,0.0643409498711128,0.018263172607637573,0.020482899439987084,0.009274654192279947,0.7331013121947799,0.0648661696841214,0.0062897488632329196,0.0,0.0,0.0,0.0,-0.010223070396991654,0.0,0.002139077675224981,0.00025165627012395955,0.08430102618006075,0.09775826837857965,0.01736574145549967,0.0,0.007407642847717332,8.556475815908518e-6,4.764670367478361e-10,8.76870339045862e-6,0.00010638769726630094,0.0,0.00021307571859562752,6.954859352479761e-6,4.49273322530831e-9,6.426336189764587e-6,5.428436257136243e-5,4.511532917755443e-5,0.07032506132901142,0.01638919281296453,0.0033743996842054585,0.001448671895348787,0.146902462852001,0.054553298145724814,0.0008824271779434908,0.0,0.0,0.0,0.0,0.0008528995637069796,0.0,0.007465913991128945,0.0007416055363626856,0.24343530052620352,0.13361855501859007,0.03796191423133098,0.0014697041847349772,0.005118788520595411,3.7716858330132705e-6,6.371937839202651e-7,3.232234041075836e-6,0.0002035499099521221,1.7171895869549648e-5,6.0311484621745e-5,2.867183743482088e-5,3.1467678449310285e-6,1.149685906730678e-5,4.8768789135050374e-5,2.2106798020318766e-5,0.03389264968517331,0.01645153155186826,0.011098377714543941,0.005116447771211738,0.21234615204205373,0.03835559661905135,0.012470405749613098,0.0,0.0,0.0,0.0,0.00020407127431360016,0.0,0.00355040042790373,0.004241344192684226,0.05050277270480787,0.08037667045389613,0.019021462878070345,8.627483997324043e-5,0.0033258414965208678,2.3117220093289044e-7,5.893895468948184e-9,0.0,0.00017274019794663977,1.6538035678604183e-6,9.440638208902567e-5,1.46679698225259e-5,1.9583609279254904e-8,8.982283427184733e-6,2.0477810443498065e-5,3.519339129626713e-5,0.02075284405507816,0.0105535114754269,0.005016231503730763,0.002895189173034478,0.08057404919328917,0.008233638699940739,0.0011533385078469991,0.0,0.0,0.0,0.0,0.0029080550632778423,0.0,0.00025646794347335,1.5527457000279483e-5,0.020132799303646056,0.01242526577635938,0.001583273239939828,0.0,0.0004652285952318116,0.0,0.0,0.0,5.1372529382919115e-5,2.0702421737742105e-9,8.18027715081934e-5,7.517029364646893e-6,9.419303986246185e-10,1.1146783583725632e-5,0.0,0.0,0.0033981484601227443,0.001168678543024281,0.0010861742056392449,0.00015611936699640278,0.022191914490069523,0.0037103229701747377,9.229268688401834e-5,0.0,0.0,0.0,0.0,-3.044603276186786e-5,0.0,0.5300146782514981,0.8252831896188811,23.17682946560407,18.00706905286274,5.172919734395245,0.09041338198382913,1.6109924165912062,0.00011430612896037158,1.4206104687287694e-5,0.00036559730026887325,0.02273113294928495,0.0019713088755932725,0.03529342974801577,0.00112487445508623,0.0001531400207252826,0.0028402355458748635,0.0008455836721611946,0.0028887644238594313,14.996012191761634,2.3249669500435486,0.9412046474528548,0.9447838602433746,30.1011828166183,2.8685672032536393,0.4526358451772554,0.0,0.0,0.0,0.0,-1.6651640769949192,5.458314828222411,0.0
IND_REU_INC_EE,0.03678257040684793,0.0012821822709419123,0.6963348763389426,2.052948210982343,0.013189675441890262,5.559847438044222e-7,0.005731209671672452,1.637869875331822e-6,1.7658091286304064e-9,3.330215617855862e-6,0.00046851165369811616,2.0292170235292104e-7,0.0004109173869079076,8.266725394867937e-5,1.0523778929232786e-7,0.00011839289213530849,2.9382305443714888e-5,1.1253623455182377e-5,0.022561211250116724,1.643127935363331,0.03762614197059014,0.03511198220486668,1.9162776310199467,0.19624678612139712,0.05501961684123715,0.0,0.0,0.0904120903730593,0.009333289295368925,0.02237345800352574,0.0,0.059271768329769915,0.0005233779960930425,0.1389270214211367,0.04206987856568002,0.005592246782167488,4.2877696553922563e-7,0.0033419833636181757,6.064994653327843e-6,1.6585294047800494e-9,6.1901593396607726e-6,0.00017268899026826834,1.1445128161685087e-7,0.0002048757673079554,2.508149716813609e-5,1.5642365558353835e-8,2.3792632718348525e-5,2.0420257721115046e-5,1.7122467216174508e-5,0.06543226919687616,0.30516179025599394,0.06729980322545454,0.024213754041944476,0.23497481487735758,0.24558936798011194,0.12805463715251805,0.0,0.0,0.3353982078123975,0.00719438003031547,0.03376642687764245,0.0,0.021440714510552086,0.0003230849813371582,1.8810495882696396,0.020468990057298325,0.00811323505258735,0.00046717561396539503,0.001625264367174179,7.587664953418113e-7,4.7092154521209565e-7,7.151213097516763e-7,0.0001199200100824968,1.3741912214959463e-5,4.645635225197762e-5,2.2088214327075377e-5,3.0193609683210883e-6,9.287753978296397e-6,1.600837123323287e-5,7.705385585552025e-6,0.005515574580750667,0.2361808212603275,0.010711496401521758,0.00833402988048797,0.2657452521198008,0.026225551152331796,0.008740803068590416,0.0,0.0,0.04374257553689885,0.001691998114541629,0.015039465010864133,0.0,0.0072094403786657196,0.0007214185888051365,0.15554494528637747,0.017495242269785393,0.009816944890433365,2.061667968409603e-5,0.0007607966262930399,1.09917091832627e-6,2.0516861387784822e-8,3.6015325722044786e-7,0.00011168521198147354,3.400422700365578e-6,0.00011026886089533894,1.643441016376661e-5,6.643345350207104e-7,1.1500069638189416e-5,9.20284459280419e-6,1.495919879699676e-5,0.0059815503025086895,0.49491622201539287,0.031822378786355354,0.003901733303080258,0.20346519541972508,0.018223510901125856,0.0018376368605308713,0.0,0.0,0.019537621730381316,0.0004305882083461936,0.015126943037913444,0.0,0.0024977763035978246,3.812619317581381e-5,0.007851094245754552,0.0046057673931909566,0.0007992677206050964,6.330207650037556e-8,0.00035160729932986817,2.2788327403688947e-7,0.0,2.0553152827393464e-7,6.02267530335718e-5,7.206285546333529e-9,9.551470003975817e-5,2.2518848976790233e-5,3.27875622632402e-9,3.222326894335518e-5,2.975863687414621e-7,8.146616534060671e-7,0.001769518301355991,0.029040812541282546,0.008439802087944788,0.0007589170928061226,0.04366329678960756,0.01894209161533175,0.048075220421519634,0.0,0.0,0.0555530871028374,0.0005997694162156686,0.0016771378660538658,0.0,6.457871058604964,1.1271294801218381,46.652303776140585,4.72406478663637,0.5143908403579295,0.017054483898499517,0.4260885962970817,5.0457944865606425e-5,8.592456653010217e-6,0.00015801410955804083,0.09133913412664528,0.007863993543596381,0.25930095873799436,0.020427559963807105,0.0003187983479576473,0.04419718120047376,0.032518961699801945,0.1406501920041264,9.520520936215705,64.75377181743725,13.307518453466816,4.46988199201228,19.262562817895255,38.547001529147494,26.048307244823818,0.0,0.0,55.15071663823298,47.99317866545382,-2.1864456169366013,18.33848034994827,0.0
IND_REU_CONSTRUCTION,56.457296317131124,3.479788050064952,51.781617895243734,30.832368773166507,23.01600777565338,0.0015066195474877254,13.724885541983765,0.00370346489119738,7.563057880166701e-6,0.007406729429839548,0.7572450608253163,0.0007491974664965321,0.7011428984602984,0.3411501465255688,0.0004290593243548549,0.4516275493565303,0.2311444740783377,0.0866828366060886,169.93455081786917,158.79090167240656,49.27674776275569,113.91902071850872,442.1467121643089,540.8230155745065,183.1428362160651,0.0,0.0,243.46714482904596,17.17769914629889,1860.7775585981221,0.0,96.51506566456669,13.98764362294772,33.09868354226757,37.986707591817435,22.37070516678959,0.0012730292148100191,21.49081697598366,0.09547147518026335,7.1035861202231725e-6,0.09760355941070281,0.6293667622996924,0.00045956800796070034,0.724955527769428,0.1614920421362068,6.69813167701966e-5,0.1517850244894822,0.09829464397794821,0.08231902326692142,67.67328234287727,84.4783808334766,114.32046499023194,120.33408715127528,444.08263942617015,618.6320887267311,119.06534650476597,0.0,0.0,148.59723594516439,55.728696047399964,164.94601355568366,0.0,21.593586731974725,0.34874288917489965,12.357536057185598,13.180198237108007,7.557464253342481,0.6979197294708843,2.4267894047991896,0.001799133975903145,0.001269361478546046,0.001711938294009356,0.3054119140900838,0.03796948458247912,0.12218967469322731,0.06294127776890045,0.00784687449530034,0.02687938633744319,0.020193568224446554,0.010039107119354337,52.49344288392756,19.014131852043274,23.8649338240757,21.46810957399548,157.8208750102323,75.96969992235644,189.11760196918678,0.0,0.0,66.37630826512186,3.096211872231726,39.19118732374164,0.0,6.824560581225953,1.4705386030061154,3.305189607356638,4.40942412596136,3.2559916345114996,0.034247837819318803,1.185881350680897,0.00338237004085905,8.78709778514109e-5,0.0012013741481028857,0.20820948214354287,0.00743224305962497,0.22514846631076527,0.03910125568933084,0.0016857385026766906,0.027074135153555327,0.004206015310677213,0.007344740812010781,54.94112919417214,8.263112973888127,12.950464242836645,8.167737160246372,56.256095230546435,46.80130077121632,6.413795138083733,0.0,0.0,43.8554169192473,0.8041638497239906,229.79609949017583,0.0,1.699920176329488,0.1258400336384756,3.3383886272695054,7.661959660101322,4.2274873405234175,0.0002711249991816706,0.7677964468252806,0.0008445307897498214,1.245330435016561e-8,0.0007691731717365787,0.14507639292076385,3.086485075072622e-5,0.2244234066961685,0.06267471848362485,1.4043063281527282e-5,0.08858018736479159,0.0010626536709271216,0.0015781732120938626,92.58867863106249,10.421956690833333,3.939115317054617,16.900988552395923,36.89916996251336,15.362762865634082,9.92611198968199,0.0,0.0,5.96647469537422,1.1418815566917047,5.350457458069147,0.0,6504.832667737546,3960.3113370472583,1914.2977211337084,2531.2509329611894,586.9781401144415,32.40090598307774,577.1518431701451,0.6322477958603765,0.10354771092779419,1.9183252448011898,150.65091014133432,21.714861056868298,386.527102776845,47.35429621081203,4.566165462005947,81.2297969180265,2.5289250572390496,8.488855137956634,268824.70313886896,18953.657770234684,19224.409555817427,13511.686134173748,14948.961496736512,116435.61586630523,40714.79806257006,0.0,0.0,31266.025299788016,6204.101894392533,861504.4300905206,15177.528879441408,0.0
IND_REU_UTIL_WASTE,53.63833050815409,6.190916835565266,345.4131916941265,860.5130683622152,15.137003460795308,0.007959075333090825,8.92072882878322,0.020288408392093147,2.5891532816557174e-6,0.02804880839498934,0.699963556971938,0.00025391365901748043,0.6526228596511978,0.4143956527713343,0.00014642041510596037,0.6246126776540243,2.5565134616107668,0.9643462782182564,24.843342068076964,1536.9088862089448,53.03130438818031,70.2630550292737,1038.4806037583708,211.4157109350854,75.09599405348618,0.0,0.0,449.9935714952075,13.657043091184505,-19.354160450398012,0.0,79.3737595287596,1.8127931382330653,85.06808551225109,29.06203504007534,6.660810140430906,0.0037078038359817404,6.916598228654187,0.02846778248173399,2.431865434533712e-6,0.02869321357714079,0.4546261880613623,0.00015667312773690078,0.49103574280036716,0.13639045147247095,2.2930431556418228e-5,0.13179675357094411,0.4545546325056122,0.3822894971757446,43.370477248137,765.7196416938823,85.24455286630364,52.09917716903773,224.00112583385237,239.19928419534,95.08686599531728,0.0,0.0,162.0572851589381,5.317410827908649,37.421491943410814,0.0,57.3292497766442,2.0469584034142363,835.4104492595811,22.01013643966183,7.0895808500930535,1.0888731689474285,3.7325320396470123,0.01747628162262915,0.008866381336229927,0.016454819077270522,0.4191356839829181,0.058616403133627606,0.15154993964798114,0.12315745212364534,0.03073687601064312,0.06595578094366647,1.0309270405797282,0.4863102039526783,9.756910685947059,160.63274149644116,41.760179546140975,47.204178594310676,291.0450534107174,106.34360519212348,50.76062859918589,0.0,0.0,239.32706880438758,1.068740892862842,13.345293069963107,0.0,17.47474466742484,6.547620267174909,73.45727685976853,10.212490739207619,8.19005822455973,0.05149024986082908,1.2118392211767923,0.020689066013221673,3.0081810379349897e-5,0.0008095329574904678,0.3775963100497465,0.030665730855441515,0.47517385557687075,0.06653175649367883,0.00892998571566918,0.05415542716114767,0.49320723356118645,0.8089787800697513,8.077383441711643,215.03956201285848,25.138528574327918,13.343129523801199,130.64452036609754,37.08823075196058,12.562646457299287,0.0,0.0,79.60524066943196,0.3285618150232255,10.788913023818644,0.0,4.9851924973857935,0.26366650460428415,12.340184844572919,3.6366589502733198,1.2157486706841851,9.281711481198518e-5,0.45184409472235904,0.0002863022883540804,4.259751140086882e-9,0.000260940476888892,0.22314110031609324,1.0566293995131178e-5,0.34258615593564956,0.1583173899805815,4.80751205060373e-6,0.2274063939366169,0.0003592531852908107,0.04224580162685059,2.8442846203343395,112.68940072774562,7.664823071831769,1.9116491242794966,34.84320250319446,14.70260884855543,28.36275774623183,0.0,0.0,75.97956445876972,0.41069702215474896,2.0088895587880837,0.0,19994.07764089267,8401.738210728643,32614.540369272287,7122.8228678239,1359.7838867861603,74.16759371002408,1321.001895921559,0.8569938113345699,0.1561810853394235,2.566056372467216,167.98639390676348,25.417165986994405,452.1620992244085,88.37748091451625,7.28957892452179,129.43170391585514,20.62962662681375,69.25656933362328,13309.19621245584,242105.79204422387,30567.894138856034,15938.71547219373,55520.335338405705,71174.27876758126,39049.2486524551,0.0,0.0,174010.0865494537,24935.657439462,5930.923546075999,10917.794795210373,0.0
IND_REU_TRADE,1985.7558516164556,72.76934601598369,666.9041690389092,791.7743073277505,871.3193147411744,0.03091558859470432,836.9865949261377,0.37040862211644143,2.111972963156939e-5,0.9106661030356529,98.49783747864463,0.002263393054312249,98.38449775533621,16.67910537449525,0.0012291027238931654,26.33575170482771,1.0368538196315156,0.391665612234404,536.375134365738,1332.5745725745123,4287.420665848128,925.153716487502,11510.361810387589,2236.6113615288473,416.78859279779925,0.0,0.0,1442.9791450336654,145.94152553443345,725.8619699957796,0.0,3475.6181028729434,97.1691611341093,449.8157895761089,823.1822442361839,326.63043245370795,0.012374736606798815,323.8993877539051,0.7332594574926151,1.983663770892546e-5,0.7496844433692171,30.953736935457478,0.0013270840641199314,33.571984907346064,2.668166814167412,0.0001870446241369204,2.558084852190627,0.8087818753705152,0.6761524736947169,3017.375214577877,713.0713300015777,3593.547609969697,1161.7401515088739,7305.119988081026,6716.344257038221,2111.1032705823704,0.0,0.0,683.1092546554323,204.4346262718548,544.2924945442435,0.0,968.0238002211497,23.106147234790065,74.88718522660002,342.2992644451805,150.33034876927027,31.34416135169236,109.10530728731587,0.10588939634896177,0.024221310634981272,0.09197614321500087,22.106708419176336,2.6902553374769695,9.33888416217359,3.6540274761333538,0.4310094072330672,1.4829698949896075,0.40064435182800856,0.19001056493249213,232.7285972207579,122.06045953558811,1857.2172479046,747.0189593951526,3303.5553566719927,2517.6399784137548,210.04844183501766,0.0,0.0,360.3543611009888,46.302016703379664,211.44634391892785,0.0,59.07165562775857,3.386151839209011,5.8873451135676325,13.484322433916015,8.077158464568404,0.12469892858848722,4.3357971459591536,0.01367501478790793,0.00024537878286447895,0.0037922961442610308,23.79585460338791,0.8783333937463145,33.07607812249636,2.7984679657710463,0.055278679295940755,2.145302575804845,0.03120695559784609,0.0470011219042092,33.9960333456149,14.232690113803326,1788.1673387381984,73.80394305843461,142.37525839659943,98.18543320662295,27.53754276289105,0.0,0.0,169.02935068812917,3.70136208235983,56.54093177217714,0.0,48.73773656853945,2.4191454998635455,14.857598955772978,20.6777120437122,10.788690564528544,0.0007571137103419699,5.324985842886859,0.0025461455701684525,3.475728287737859e-8,0.0023066109539744057,11.0969893980982,8.618977014011363e-5,17.775001674857005,5.865115161438519,3.92151054872543e-5,8.611159329668707,0.0032700988012745644,0.00788407378207899,11.6848084592996,18.31660659352952,350.2644213452693,15.427909981775,171.88433370063026,107.65921148309008,15.501489626735149,0.0,0.0,42.4394876280302,9.689580344246236,26.81194222931456,0.0,87856.71174553367,6918.966140419483,14380.929699725175,16033.802805253094,7823.31073162886,720.1735022269224,12830.7566895602,4.005380525048597,0.6851700799536614,12.162983736183708,905.9365413014332,139.88014892782147,2490.3361653712072,128.2540183163657,22.50508943686755,400.522986634681,4.265619412342422,14.306535916515367,71350.53992509698,25577.088680772053,100320.89746194705,42613.25435942229,179008.51105389063,153558.59190822815,57146.18629017546,0.0,0.0,770271.2286621149,18307.91543860238,112058.41040505668,189083.5555104459,0.0
IND_REU_TRANSPORT,567.7570104707955,19.28289295995854,706.6497271086828,223.1724320803963,167.24546567350748,0.021659646873852197,108.38140137385254,0.03818554190189561,5.345729647221007e-6,0.057815850116562054,11.945201132503781,0.0004974099732054949,11.614899483948,3.032024361794249,0.00029745849075804527,4.875069942828353,0.1190855526875787,0.06174392375844075,257.5068791082627,399.3871214141673,595.4218732302953,10541.467390524236,3793.4845169446676,2139.1782985460654,184.3916051615302,0.0,0.0,2129.4321786748596,69.8609706403258,990.5174573823806,0.0,568.4213930500199,11.125995540448827,105.59162410271932,135.22867666381305,50.35973805443087,0.015831560982593307,47.68725424183658,0.10297322864567644,5.020969140413009e-6,0.10466557138013353,11.205472344219272,0.0003166233364363164,11.644566186946815,1.310484839491849,4.734377255591685e-5,1.260596637614946,0.20400438409272387,0.17494749037374327,519.3174027742539,323.7484351811121,1535.5534360067672,3247.2165474373164,1751.1126773955448,1662.3359983920084,527.5576478265202,0.0,0.0,2804.356827594841,117.02220848021983,631.4517014547969,0.0,895.488781528912,0.25566679442208573,472.411612454786,209.51679580614368,116.97459139350057,15.660147309547137,54.4455919642653,0.026421861591955285,0.01849289951535668,0.0255223271072557,3.2294171084333354,0.4251266559578753,1.4036305431011973,1.0236249465481837,0.1416737630185405,0.4279018678033557,0.2633856955089246,0.13673876220467598,189.34737297056557,205.52495929910125,295.50183827898525,1222.863163185042,2869.935297305721,318.128670570709,381.18257431407767,0.0,0.0,4139.745071745651,29.066438899098344,734.957869876124,0.0,274.9193747816652,34.83227147844536,71.0493370853227,70.90596800228734,51.588253785813514,0.788219626089599,28.880153707671326,0.06962482672513128,6.210901357233452e-5,0.013985996512550995,2.505919314469621,0.09995775008596133,2.7479376017340016,0.8988403835959378,0.0335832082158267,0.6271765692963963,0.10001736658434006,0.14887441962192732,113.36402956114449,128.5272247457978,220.3632830010067,840.2333078094805,917.8301489047698,330.4109839993191,42.30765989641689,0.0,0.0,357.20077595401483,11.062165393430773,118.73908382815816,0.0,38.03925981088655,2.17904341372643,60.574491936706764,20.045322457434104,9.19793154049333,0.0001916367221110716,7.559637303921291,0.000561690697675489,8.794980818410727e-9,0.0005138868508172838,1.6775418326466804,2.181591101116069e-5,2.6620319139266093,0.381210553500137,9.925925912771673e-6,0.5290055237901687,0.0006943133604956266,0.025472974173675014,24.173151889233566,110.75094020703237,41.298113783342,201.07424425392287,319.7691485898603,56.231622898458895,20.571898055188715,0.0,0.0,61.74974305165703,10.922597122392274,22.96010486526659,0.0,34849.33708104506,15692.586090981218,11094.07588583405,6861.71286364965,2670.153416202906,148.48154708917696,2644.846656141746,1.5299238230642767,0.2791995433526184,4.591968297916944,1306.6046982734458,210.34674955229812,3744.6138148000673,175.01728904252678,17.585126135982232,312.5779368179144,3.200448568659147,10.681294034982184,21307.184106956578,13085.234657717949,134583.7253960059,231390.28754084435,89727.20651201332,89519.0094065621,36698.45860112133,0.0,0.0,212667.23019677092,46147.20676522018,14540.726219704551,156803.52731638507,0.0
IND_REU_OTHER_MANUFACTURING,2606.7311756900817,120.52760493695519,1282.566692938664,1303.8051504710636,1381.6204815991634,0.1219957981050471,843.9366157019616,0.24850278481771287,2.1953550635429788e-5,0.4723066758937063,34.27727594468494,0.04591451675380827,26.443452513255036,4.702311556157876,0.009152064996201173,7.336808222274812,1.0551836168543829,0.4563254094630344,5489.780886228191,1294.7970256915462,1686.6327637746583,4373.314214400476,64665.19318987016,3159.943829283222,3639.9138403976026,0.0,0.0,27942.913951492756,7779.302643812973,34457.045626838044,0.0,3570.987995170983,85.27254404926799,296.0356135108919,812.8339815886778,478.42630849908085,0.10939725285183671,440.0520056925595,0.7134079859653764,2.0619800866711513e-5,0.7272950981868774,15.238229629838955,0.012506074606930186,19.393999436203504,3.1068618332700852,0.00019442927692298815,2.971927830323259,1.1485607997433842,0.9748299675500357,4739.94397542173,1433.803356326758,3202.931420959056,1745.595394680684,22876.25962300503,6203.569905778221,2842.1986958601165,0.0,0.0,23271.758011027097,5576.583762866052,10353.963704330567,0.0,1852.3753818820248,32.65633336182026,566.8007865099545,739.830605956279,708.8244912063121,98.76585950996864,343.63506555054994,0.12081131734040211,0.09630269756683592,0.11699272905374478,19.993987897893923,1.5530773271275873,5.149355886786804,2.4857471907265247,0.36291559116270544,1.0185744632045575,0.4052389414190767,0.24191936647194967,484.7224930076638,233.93151790790236,446.3737124991347,765.8061488118911,27819.494141723455,1983.946896048148,3765.12980480034,0.0,0.0,18091.11792321217,1396.8050695827624,8204.27654605926,0.0,998.8980286279078,89.16944928588953,107.90473739534161,311.27634520306873,362.09270466560235,4.653625223826785,173.22359929674462,0.2562038254185205,0.00025506650862411264,0.09542702637399052,11.439510829352775,0.2513308359710727,5.816083017751326,1.568854586833416,0.11575985571071663,1.0552300404983852,0.30110742210335684,0.43476983404365377,1442.1536870476134,170.55707829980201,439.03061356418914,939.0382191041678,8984.191294374838,969.0751912410207,718.3428053546398,0.0,0.0,7036.522753992534,358.31258520547095,3365.1504706582305,0.0,286.49731110332954,5.432420880429845,107.33467861096469,141.7323884361605,197.72298325033987,0.0007870050882408628,154.08789095848064,0.05041416144554337,3.612911853872923e-8,0.042763772129470044,5.488472869480806,8.959260238903974e-5,8.586164547462255,1.7608667093769912,4.0763345194321826e-5,2.5102110718508968,0.08037813283721655,0.12536841139538865,257.3989941345295,138.04414361573635,207.64403527165743,157.2119161120976,7032.349941513042,283.0175624171871,147.25434052576918,0.0,0.0,1585.6291857822935,491.9142763090091,1702.008091789523,0.0,61079.84741425503,13930.428784093256,12509.340858794354,13732.549751094672,9977.25768153119,609.1922007140456,10851.827756196511,3.727853887868025,0.7126917102422468,11.125606157544706,468.9336529288743,65.4363653013384,1163.2805397871089,109.8150847869293,15.330091487202559,271.19830154959465,4.111223835483222,13.569621741006646,158174.61636488367,23257.033818771568,64418.41257029497,64706.07381947262,437747.25875523646,134352.09974822745,81794.5878941212,0.0,0.0,369402.17162374826,33757.334444438944,223619.41909306476,520568.0134767272,0.0
IND_REU_OTHER_SERVICES,1866.864604319176,199.9850250747192,839.6944108707974,983.8134239087431,884.1999644462863,0.15847433828998805,637.3598939222453,0.2487779205869946,0.0010592433309351253,0.40720140158708606,30.58410247605109,0.09238679770507006,27.93201216457853,18.595205683137706,0.05782476866430401,21.891476654183606,3.121651353443366,1.2539189134478723,1454.097290077395,1993.780080677473,2011.0385035423383,3799.880179816536,12467.03126806448,27090.20681727733,4242.319149054263,0.0,0.0,10843.733637517707,75.31238741167763,7770.5398394869,0.0,1752.2351585671408,71.34152557489169,282.0431543257128,421.6143312562297,158.53240241744018,0.14048205696010807,194.50236976511954,0.7955145559573257,0.0009948913091744475,0.8102762088997028,29.988494881331256,0.061161316974630585,31.406062221857187,6.696933937620941,0.009381097521037085,6.296833836805583,1.0226579627250252,0.877046909632966,2240.9471506995706,906.7926152642325,4567.4399489876505,1982.8235744022827,4275.789507701169,20195.304863138015,3101.0703578718053,0.0,0.0,7524.1464843357735,212.97271178894653,12158.324596068913,0.0,1086.6306561812291,7.804479838156129,353.1122494399277,502.8650256273541,234.01686079047903,28.608762469009125,99.24409273939037,0.15304372776625472,0.13810901664696906,0.15090444129421127,20.83330843878533,2.5681246568735983,8.577471179318621,5.695836966247906,0.799180155707063,2.4284651405593918,2.215795458704686,1.1023662114018629,2031.5390943092534,1816.1420096504833,1956.0353448143674,1887.3058432286848,6660.853299345707,7816.420503737295,1675.1174457489426,0.0,0.0,1028.4094051979175,16.43010318908121,2303.052799058119,0.0,316.6257409825853,49.452859653142085,58.48841788253998,137.80488813185977,52.533630993366096,1.0482062368493887,34.43993605991937,0.2755437110504256,0.012306779474411741,0.13866338919569876,5.423808799120862,0.2876456947797311,5.570634478176623,2.542375153452621,0.1753926390003788,1.6801135280400183,0.3235083675494678,0.44277039136256086,344.5513050704233,164.93610942906838,485.39221909888664,463.7038591643851,871.9975591529102,2891.9338415324264,387.490736109842,0.0,0.0,2834.006422923106,7.839263649817483,882.6288703884362,0.0,66.54851907955626,5.123389586548428,26.325629662425417,36.111089476541025,21.098735136397757,0.03797242490263507,20.162444690686506,0.1045278035895146,1.7427167034568317e-6,0.09610456697830165,5.543402861394967,0.00432277600229763,8.761188695464753,2.3599078267251685,0.001966800825239131,3.094392652562315,0.12666657491510708,0.17321193142934588,50.7266938133503,100.1774140649888,166.68866459937402,65.52654055250703,449.58311257901187,949.5984973125651,155.71523087124513,0.0,0.0,149.26431776298796,15.482191825327181,164.32480940562573,0.0,86483.44130827229,29085.776380838353,14689.529210104085,23289.53312923927,9348.485046022035,788.6518542470914,14048.494252660465,13.611050047140411,2.436658778606494,41.08365032944014,2400.244217345391,369.41821924975477,6574.91489678047,828.297649180093,97.48582450167348,1733.2677682115468,13.385866820257048,44.6250043488764,136168.38987995114,71154.56957021313,339014.65327694017,159793.59208222048,213751.05429445594,1.4246564043505494e6,248487.2912333168,0.0,0.0,2.1806264824738223e6,106407.24454773434,449165.47198574914,410221.3768355297,0.0
IND_REU_PUBLIC_SOCIAL,52.634421815980694,4.214335708825816,28.62089035100845,32.01565795175505,21.221598316689033,0.004752925513196053,13.591384372601143,0.017182506533659762,1.7566632847430385e-5,0.024761618183268125,0.7983991856798219,0.0015485004058785733,0.7413366021072226,0.4045642916416251,0.0009619282772279384,0.49352426164198093,0.10480910346013543,0.04853465568510421,42.749750518942044,98.98720652232664,47.209243438808215,180.26725318700704,323.6170912747283,528.8971539351079,212.33274434322917,0.0,0.0,506.0375096506887,267.98121445286614,159.533773953465,0.0,62.15565333199614,5.662534323372442,15.710263547337968,18.47176581133375,9.504717046674928,0.0025636209642417793,9.844538707653843,0.05700553126892953,1.6499405275941827e-5,0.0579419856643474,0.7497317164860025,0.0010184823278489093,0.8026348973462291,0.1754714603855611,0.00015557697631791558,0.16610103251447506,0.0670044198431066,0.05860597751470493,55.889589041055245,47.08919646241927,116.2048423799108,97.44266103194433,206.65092877408117,503.7992522974001,94.82136996394809,0.0,0.0,214.23781605978485,154.35780997560408,229.00277705302148,0.0,46.50142072155619,2.0575213110951522,22.055546781978546,18.87716340485212,9.54759902660855,1.538558049880482,5.304725303282983,0.017504272611886078,0.006253384231728085,0.0160452930240526,0.7129329422375106,0.09686677719137159,0.2913816854324109,0.21036921129873332,0.03699617484090412,0.09489174701003691,0.09499213494869736,0.05206751157069727,45.17517872431383,42.019451667501606,60.44729266553033,66.41808139093109,216.6624507600096,224.5354301727722,84.21357741923809,0.0,0.0,71.4428416728207,3.2154593168601355,52.66024837095311,0.0,11.595208216572752,1.8627251517533439,3.1970536501963345,3.928190811531735,2.1304805922370766,0.05076559206993064,1.2863320492327504,0.023831288352893807,0.00020409722851153942,0.0024682630783089262,0.1856472366901804,0.020366172199268107,0.18577200366150382,0.08360613041174995,0.005767065584745646,0.059465977926522966,0.025394274091454408,0.033312940999466724,8.528079226777688,8.366384705718092,13.573655775501797,18.550213439299842,37.74783909331959,63.533243011875015,9.406449055646814,0.0,0.0,200.45256632726063,1.4414532501567219,19.14324967389642,0.0,2.159171396255246,0.14344991391134426,1.3806846139878195,1.2559080710392152,0.6604412378573062,0.0006297398999854639,0.513462975134238,0.0017514267903800636,2.8911585951890075e-8,0.0016089574860813048,0.16467063331392917,7.168954495432292e-5,0.2511274511986636,0.07604203843659546,3.2617711683562976e-5,0.09590416405465652,0.0021295402503498564,0.0036201840250560564,2.07232754018635,4.594210490761955,4.372708007304925,3.4303185984367057,15.374994374374657,23.119514403189356,20.95922998384064,0.0,0.0,5.099423752854883,0.569373755836799,3.675808416632659,0.0,5435.353553059538,3595.449013317286,1517.2465010729845,1657.763485558633,612.1114351628463,54.40274325417546,968.9058115596645,0.6511338381772814,0.11851252990134523,1.9459816869526172,136.27648972688908,21.048090386448493,374.4151872691324,37.33729699051751,4.518196822749119,80.13285277545643,1.4688666877928749,4.895275062155459,10193.537332092237,8248.470387702531,17370.32523943571,14912.09993810967,14434.107078506453,74101.56145778812,91856.33239962117,0.0,0.0,427784.6357165898,1.7329420947075295e6,13700.665237306994,23334.25829963624,0.0
FAC_REU_LAB,0.0,0.0,0.0,0.0,0.0,0.0,0.0,0.0,0.0,0.0,0.0,0.0,0.0,0.0,0.0,0.0,0.0,0.0,0.0,0.0,0.0,0.0,0.0,0.0,0.0,0.0,0.0,0.0,0.0,0.0,0.0,0.0,0.0,0.0,0.0,0.0,0.0,0.0,0.0,0.0,0.0,0.0,0.0,0.0,0.0,0.0,0.0,0.0,0.0,0.0,0.0,0.0,0.0,0.0,0.0,0.0,0.0,0.0,0.0,0.0,0.0,0.0,0.0,0.0,0.0,0.0,0.0,0.0,0.0,0.0,0.0,0.0,0.0,0.0,0.0,0.0,0.0,0.0,0.0,0.0,0.0,0.0,0.0,0.0,0.0,0.0,0.0,0.0,0.0,0.0,0.0,0.0,0.0,0.0,0.0,0.0,0.0,0.0,0.0,0.0,0.0,0.0,0.0,0.0,0.0,0.0,0.0,0.0,0.0,0.0,0.0,0.0,0.0,0.0,0.0,0.0,0.0,0.0,0.0,0.0,0.0,0.0,0.0,0.0,0.0,0.0,0.0,0.0,0.0,0.0,0.0,0.0,0.0,0.0,0.0,0.0,0.0,0.0,0.0,0.0,0.0,0.0,0.0,0.0,0.0,0.0,0.0,0.0,0.0,0.0,0.0,0.0,0.0,0.0,0.0,140172.95,45386.409,30486.495999999996,65146.408,20585.665929612667,1578.1076807682928,28116.289480826832,21.900418864205825,3.7389196986019773,66.57027010041813,3923.6791561549526,599.5153484741787,10674.17914650457,1355.7779624596958,122.02032241983594,2172.532837296783,21.37168986553145,71.78743759980065,278084.317,92171.64687253468,590045.8880264497,264763.217,398186.0909087922,1.472705907591577e6,1.3376957460000003e6,0.0,0.0,0.0,0.0,0.0,0.0,0.0
FAC_REU_CAP,0.0,0.0,0.0,0.0,0.0,0.0,0.0,0.0,0.0,0.0,0.0,0.0,0.0,0.0,0.0,0.0,0.0,0.0,0.0,0.0,0.0,0.0,0.0,0.0,0.0,0.0,0.0,0.0,0.0,0.0,0.0,0.0,0.0,0.0,0.0,0.0,0.0,0.0,0.0,0.0,0.0,0.0,0.0,0.0,0.0,0.0,0.0,0.0,0.0,0.0,0.0,0.0,0.0,0.0,0.0,0.0,0.0,0.0,0.0,0.0,0.0,0.0,0.0,0.0,0.0,0.0,0.0,0.0,0.0,0.0,0.0,0.0,0.0,0.0,0.0,0.0,0.0,0.0,0.0,0.0,0.0,0.0,0.0,0.0,0.0,0.0,0.0,0.0,0.0,0.0,0.0,0.0,0.0,0.0,0.0,0.0,0.0,0.0,0.0,0.0,0.0,0.0,0.0,0.0,0.0,0.0,0.0,0.0,0.0,0.0,0.0,0.0,0.0,0.0,0.0,0.0,0.0,0.0,0.0,0.0,0.0,0.0,0.0,0.0,0.0,0.0,0.0,0.0,0.0,0.0,0.0,0.0,0.0,0.0,0.0,0.0,0.0,0.0,0.0,0.0,0.0,0.0,0.0,0.0,0.0,0.0,0.0,0.0,0.0,0.0,0.0,0.0,0.0,0.0,0.0,304473.726,179084.622,39884.109000000004,35091.687000000005,11958.777311582611,2731.5531896756743,48666.60314067221,23.975154665637483,4.093126191430574,72.87680348430925,3569.894429683419,520.2211357029523,9262.371034243079,1150.4428653393434,200.94848199987436,3577.8234894968537,29.69473194770654,99.74450921528852,259646.45500000002,166450.59175883702,437457.3273021553,242697.74899999998,405714.22835806955,1.965711518177038e6,304211.95700000005,0.0,0.0,0.0,0.0,0.0,0.0,0.0
INS_REU_HH,0.0,0.0,0.0,0.0,0.0,0.0,0.0,0.0,0.0,0.0,0.0,0.0,0.0,0.0,0.0,0.0,0.0,0.0,0.0,0.0,0.0,0.0,0.0,0.0,0.0,0.0,0.0,0.0,0.0,0.0,0.0,0.0,0.0,0.0,0.0,0.0,0.0,0.0,0.0,0.0,0.0,0.0,0.0,0.0,0.0,0.0,0.0,0.0,0.0,0.0,0.0,0.0,0.0,0.0,0.0,0.0,0.0,0.0,0.0,0.0,0.0,0.0,0.0,0.0,0.0,0.0,0.0,0.0,0.0,0.0,0.0,0.0,0.0,0.0,0.0,0.0,0.0,0.0,0.0,0.0,0.0,0.0,0.0,0.0,0.0,0.0,0.0,0.0,0.0,0.0,0.0,0.0,0.0,0.0,0.0,0.0,0.0,0.0,0.0,0.0,0.0,0.0,0.0,0.0,0.0,0.0,0.0,0.0,0.0,0.0,0.0,0.0,0.0,0.0,0.0,0.0,0.0,0.0,0.0,0.0,0.0,0.0,0.0,0.0,0.0,0.0,0.0,0.0,0.0,0.0,0.0,0.0,0.0,0.0,0.0,0.0,0.0,0.0,0.0,0.0,0.0,0.0,0.0,0.0,0.0,0.0,0.0,0.0,0.0,0.0,0.0,0.0,0.0,0.0,0.0,0.0,0.0,0.0,0.0,0.0,0.0,0.0,0.0,0.0,0.0,0.0,0.0,0.0,0.0,0.0,0.0,0.0,0.0,0.0,0.0,0.0,0.0,0.0,0.0,0.0,4.784158213000001e6,4.422292990000002e6,0.0,0.0,0.0,-267817.031,0.0
INS_REU_GOV,0.0,0.0,0.0,0.0,0.0,0.0,0.0,0.0,0.0,0.0,0.0,0.0,0.0,0.0,0.0,0.0,0.0,0.0,0.0,0.0,0.0,0.0,0.0,0.0,0.0,0.0,0.0,0.0,0.0,0.0,0.0,0.0,0.0,0.0,0.0,0.0,0.0,0.0,0.0,0.0,0.0,0.0,0.0,0.0,0.0,0.0,0.0,0.0,0.0,0.0,0.0,0.0,0.0,0.0,0.0,0.0,0.0,0.0,0.0,0.0,0.0,0.0,0.0,0.0,0.0,0.0,0.0,0.0,0.0,0.0,0.0,0.0,0.0,0.0,0.0,0.0,0.0,0.0,0.0,0.0,0.0,0.0,0.0,0.0,0.0,0.0,0.0,0.0,0.0,0.0,0.0,0.0,0.0,0.0,0.0,0.0,0.0,0.0,0.0,0.0,0.0,0.0,0.0,0.0,0.0,0.0,0.0,0.0,0.0,0.0,0.0,0.0,0.0,0.0,0.0,0.0,0.0,0.0,0.0,0.0,0.0,0.0,0.0,0.0,0.0,0.0,0.0,0.0,0.0,0.0,0.0,0.0,0.0,0.0,0.0,0.0,0.0,0.0,0.0,0.0,0.0,0.0,0.0,0.0,0.0,0.0,0.0,0.0,0.0,0.0,0.0,0.0,0.0,0.0,0.0,-14292.372,-32447.136999999995,-1717.2329999999984,5183.754000000001,2047.7094340209808,-63.661140604674486,-1134.2160485837303,1.5798748354223133,0.26972201673916485,4.802314292299309,288.9426967299017,86.49655524553535,1540.0435178118546,124.07213258238315,14.345884720868803,255.4238918409471,-2.353254078051579,-7.904572888130071,35628.797,10341.169826966183,74073.64725775972,26987.823999999993,35026.685755167426,152479.40615216436,103981.36,0.0,0.0,0.0,0.0,1.5914732004485242e6,0.0,0.0
INS_REU_INV,0.0,0.0,0.0,0.0,0.0,0.0,0.0,0.0,0.0,0.0,0.0,0.0,0.0,0.0,0.0,0.0,0.0,0.0,0.0,0.0,0.0,0.0,0.0,0.0,0.0,0.0,0.0,0.0,0.0,0.0,0.0,0.0,0.0,0.0,0.0,0.0,0.0,0.0,0.0,0.0,0.0,0.0,0.0,0.0,0.0,0.0,0.0,0.0,0.0,0.0,0.0,0.0,0.0,0.0,0.0,0.0,0.0,0.0,0.0,0.0,0.0,0.0,0.0,0.0,0.0,0.0,0.0,0.0,0.0,0.0,0.0,0.0,0.0,0.0,0.0,0.0,0.0,0.0,0.0,0.0,0.0,0.0,0.0,0.0,0.0,0.0,0.0,0.0,0.0,0.0,0.0,0.0,0.0,0.0,0.0,0.0,0.0,0.0,0.0,0.0,0.0,0.0,0.0,0.0,0.0,0.0,0.0,0.0,0.0,0.0,0.0,0.0,0.0,0.0,0.0,0.0,0.0,0.0,0.0,0.0,0.0,0.0,0.0,0.0,0.0,0.0,0.0,0.0,0.0,0.0,0.0,0.0,0.0,0.0,0.0,0.0,0.0,0.0,0.0,0.0,0.0,0.0,0.0,0.0,0.0,0.0,0.0,0.0,0.0,0.0,0.0,0.0,0.0,0.0,0.0,0.0,0.0,0.0,0.0,0.0,0.0,0.0,0.0,0.0,0.0,0.0,0.0,0.0,0.0,0.0,0.0,0.0,0.0,0.0,0.0,0.0,0.0,0.0,0.0,0.0,0.0,0.0,3.5301977726033563e6,0.0,0.0,147504.8119838289,60680.04346484784
EXT_REU_EXT,0.0,0.0,0.0,0.0,0.0,0.0,0.0,0.0,0.0,0.0,0.0,0.0,0.0,0.0,0.0,0.0,0.0,0.0,0.0,0.0,0.0,0.0,0.0,0.0,0.0,0.0,0.0,0.0,0.0,0.0,0.0,0.0,0.0,0.0,0.0,0.0,0.0,0.0,0.0,0.0,0.0,0.0,0.0,0.0,0.0,0.0,0.0,0.0,0.0,0.0,0.0,0.0,0.0,0.0,0.0,0.0,0.0,0.0,0.0,0.0,0.0,0.0,0.0,0.0,0.0,0.0,0.0,0.0,0.0,0.0,0.0,0.0,0.0,0.0,0.0,0.0,0.0,0.0,0.0,0.0,0.0,0.0,0.0,0.0,0.0,0.0,0.0,0.0,0.0,0.0,0.0,0.0,0.0,0.0,0.0,0.0,0.0,0.0,0.0,0.0,0.0,0.0,0.0,0.0,0.0,0.0,0.0,0.0,0.0,0.0,0.0,0.0,0.0,0.0,0.0,0.0,0.0,0.0,0.0,0.0,0.0,0.0,0.0,0.0,0.0,0.0,0.0,0.0,0.0,0.0,0.0,0.0,0.0,0.0,0.0,0.0,0.0,0.0,0.0,0.0,0.0,0.0,0.0,0.0,0.0,0.0,0.0,0.0,0.0,0.0,0.0,0.0,0.0,0.0,0.0,60568.16266119747,6603.286779533731,24983.83471719833,18403.652349595886,11985.37956936962,1536.9802258806503,27381.766986126753,4.160088853869179,0.7068864324526525,12.557648893237886,670.428360131425,98.18164712644261,1746.6317568304491,87.32550103075678,13.658036185278357,242.25355424602037,3.2878041818117256,10.91529149582279,41253.8717356722,34336.72008802891,64155.552534175076,54390.129925566645,270721.78862291586,205810.55154918903,41445.023946634385,0.0,0.0,472135.22497105645,8774.314944649423,183380.58586706966,0.0,0.0
INV_POOL,0.0,0.0,0.0,0.0,0.0,0.0,0.0,0.0,0.0,0.0,0.0,0.0,0.0,0.0,0.0,0.0,0.0,0.0,0.0,0.0,0.0,0.0,0.0,0.0,0.0,0.0,0.0,0.0,0.0,124694.63509212318,0.0,0.0,0.0,0.0,0.0,0.0,0.0,0.0,0.0,0.0,0.0,0.0,0.0,0.0,0.0,0.0,0.0,0.0,0.0,0.0,0.0,0.0,0.0,0.0,0.0,0.0,0.0,0.0,0.0,0.0,0.0,0.0,0.0,0.0,0.0,0.0,0.0,0.0,0.0,0.0,0.0,0.0,0.0,0.0,0.0,0.0,0.0,0.0,0.0,0.0,0.0,0.0,0.0,0.0,0.0,0.0,0.0,0.0,0.0,0.0,0.0,0.0,0.0,0.0,0.0,0.0,0.0,0.0,0.0,0.0,0.0,0.0,0.0,0.0,0.0,0.0,0.0,0.0,0.0,0.0,0.0,0.0,0.0,0.0,0.0,0.0,0.0,0.0,0.0,0.0,0.0,0.0,17772.15275421986,0.0,0.0,0.0,0.0,0.0,0.0,0.0,0.0,0.0,0.0,0.0,0.0,0.0,0.0,0.0,0.0,0.0,0.0,0.0,0.0,0.0,0.0,0.0,0.0,0.0,0.0,0.0,0.0,0.0,0.0,6782.973799598061,0.0,0.0,0.0,0.0,0.0,0.0,0.0,0.0,0.0,0.0,0.0,0.0,0.0,0.0,0.0,0.0,0.0,0.0,0.0,0.0,0.0,0.0,0.0,0.0,0.0,0.0,0.0,0.0,0.0,0.0,0.0,0.0,0.0
