region	household_consumption	government_consumption	investment_demand	tourism_in	tourism_out	household_saving	government_saving	external_balance	activity_residual_positive	activity_residual_negative
DE	1.47263054826319e6	625689.7749777479	571975.0237279886	-23325.697	54088.6	1.1330873177368098e6	-316862.42497774796	-60783.44195377652	8.149072527885437e-10	4.199948069882886e-9
FR	1.0843691834199314e6	537112.4014507366	451385.63706941344	-47412.313	38510.485	618921.1905800691	-239454.90345073654	43400.410517318116	0.0	2.3960407811475515e-9
IT	911285.9115739926	325281.5586244874	288040.0257211472	-36367.038	17660.539	397437.206426007	-114247.82062448739	-10712.061759358592	1.076841726899147e-9	2.7328503904300305e-9
PL	223593.676427424	75981.93188328407	82292.44020580142	-7439.448	5635.12	109944.02557257598	-26315.993883283998	20047.02563526368	0.0	2.086469101658661e-9
SK	38794.15298269142	15735.728804221582	19479.02499553402	-2600.632	2847.535	24143.756017308602	-7792.723804221586	10464.892885768611	0.0	2.0798314633733428e-9
REU	5.196838592599986e6	1.989890958699329e6	2.1468994737237217e6	-267817.031	211701.65199999997	2.8981600824000174e6	-824808.3376993283	147688.05482543632	6.402842700481415e-10	1.1130005361792428e-8
