region	household_consumption	government_consumption	investment_demand	tourism_in	tourism_out	household_saving	government_saving	external_balance	activity_residual_positive	activity_residual_negative
DE	1.472631274817529e6	625690.0836754192	571975.3107075725	-23325.697	54088.6	1.1330826075811414e6	-316862.73367541924	-60792.86765840114	0.0009526509432436457	3.984553980232841
FR	1.0843697184170745e6	537112.666446832	451385.8597703442	-47412.313	38510.485	618918.9563254807	-239455.168446832	43390.96958143261	0.0324021044066992	1.7316595436732298
IT	911286.3611767358	325281.7191092254	288040.1678319648	-36367.038	17660.539	397435.14408600214	-114247.9811092254	-10721.725863787986	0.018928665242190945	1.6316659274002632
PL	223593.78674223146	75981.96937062423	82292.48080656835	-7439.448	5635.12	109945.54125706005	-26316.031370624216	20036.95137649557	1.7214368937783129	0.09543760207500185
SK	38794.17212263133	15735.73656778595	19479.034605935067	-2600.632	2847.535	24147.48385192939	-7792.731567785949	10455.44375265784	3.7469745655469655	0.0
REU	5.196841156573438e6	1.9898919404553524e6	2.146900532943313e6	-267817.031	211701.65199999997	2.898239187796603e6	-824809.3194553531	147664.28920433205	81.74861724441438	0.07924720831215382
