region	household_consumption	government_consumption	investment_demand	tourism_in	tourism_out	household_saving	government_saving	external_balance	activity_residual_positive	activity_residual_negative
DE	1.472631274817529e6	625690.0836754192	571975.3107075725	-23325.697	54088.6	1.1330826075811414e6	-316862.73367541935	-185471.5941981495	0.0009526509432578566	3.984553979957747
FR	1.0843697184170745e6	537112.666446832	451385.8597703442	-47412.313	38510.485	618918.9563254805	-239455.168446832	102561.64989169536	0.03240210441123957	1.7316595438698512
IT	911286.3611767358	325281.7191092254	288040.1678319648	-36367.038	17660.539	397435.1440860019	-114247.9811092254	18774.870855188055	0.018928665244915877	1.63166592734936
PL	223593.78674223146	75981.96937062423	82292.48080656835	-7439.448	5635.12	109945.54125706007	-26316.031370624216	2275.587920132457	1.7214368937163498	0.0954376020020149
REU	5.196841156573438e6	1.9898919404553524e6	2.146900532943313e6	-267817.031	211701.65199999997	2.898239187796604e6	-824809.3194553531	208217.98760206066	81.74861724283403	0.07924720854498446
ROW	2.8367980092783403e7	7.907315842371316e6	1.365526418601131e7	-568355.731	622873.9569999998	1.6206887187775332e7	-4.040940442371318e6	1.7566027176072933e6	0.007977249288990684	47.19341853630431
SK	38794.17212263133	15735.73656778595	19479.034605935067	-2600.632	2847.535	24147.483851929384	-7792.731567785949	3674.558321791621	3.7469745655470508	0.0
