region	household_consumption	government_consumption	investment_demand	tourism_in	tourism_out	household_saving	government_saving	external_balance	activity_residual_positive	activity_residual_negative
DE	1.4726312748175287e6	625690.0836754184	571975.3107075721	-23325.697	54088.6	1.1330826075811486e6	-316862.73367541924	-185471.5941981572	0.0009526517756082804	3.9845539748581547
FR	1.084369718417073e6	537112.666446832	451385.8597703437	-47412.313	38510.485	618918.9563254861	-239455.16844683234	102561.64989169012	0.032402106072373774	1.7316595397357448
IT	911286.3611767354	325281.71910922526	288040.1678319643	-36367.038	17660.539	397435.1440860082	-114247.98110922528	18774.870855181245	0.018928666353880352	1.6316659224729904
PL	223593.78674223143	75981.96937062405	82292.48080656811	-7439.448	5635.12	109945.54125706738	-26316.03137062407	2275.5879201248026	1.7214368994255085	0.09543760066085838
ROW	3.3564821249356836e7	9.89720778282667e6	1.5802164718954619e7	-836172.762	834575.6089999998	1.91051263755719e7	-4.865749761826669e6	1.964820705209393e6	48.2387471170324	13.754818376324693
SK	38794.172122631055	15735.736567785814	19479.034605934787	-2600.632	2847.535	24147.48385193602	-7792.731567785814	3674.558321784574	3.7469745724595698	0.0
