sensitivity_profile,stage,scenario,instrument,wedge,termination_status,primal_status,solver_valid,solver_elapsed_seconds,max_scaled_residual,scaled_residuals_above_tolerance,max_bound_violation,bound_violations_above_tolerance,worst_equation_block,worst_equation_tag,worst_equation_indices,worst_equation_scaled_residual,worst_bound_variable,worst_bound_violation,solver_message,armington_elasticity,cet_transformation_elasticity,service_elasticity,eol_allocation_elasticity,eol_productivity_elasticity,material_substitution_elasticity,source_profile,changed_parameter,parameter_distance,source_baseline_valid,source_tax_valid,continuation_error
sensitivity_052,policy,virgin_metal_tax_0_02,virgin_metal_tax,0.02,,,false,,,,,,,,,,,,"Policy solve failed at virgin_metal_tax_tax_0_02: status LOCALLY_INFEASIBLE, scaled residuals above tolerance 1, bound violations above tolerance 0.",0.5,2.0,2.0,1.0,0.5,0.5,sensitivity_295,circular_metal.material_substitution_elasticity,0.6931471805599453,,,"Policy solve failed at virgin_metal_tax_tax_0_02: status LOCALLY_INFEASIBLE, scaled residuals above tolerance 1, bound violations above tolerance 0."
sensitivity_052,policy,virgin_metal_tax_0_02,virgin_metal_tax,0.02,LOCALLY_INFEASIBLE,INFEASIBLE_POINT,true,8.594470283,0.0008390031792951946,0,0.0,0,material_composite_production_SK,eqpzs,IND_SK_NEW_ELMA,0.0008390031792951946,EOL_FLOW_EOL_DE_ELMA_INC,0.0,,0.5,2.0,2.0,1.0,0.5,0.5,sensitivity_025,circular_routes.eol_allocation_elasticity,0.6931471805599453,true,true,
sensitivity_081,policy,virgin_metal_tax_0_02,virgin_metal_tax,0.02,,,false,,,,,,,,,,,,"Policy solve failed at virgin_metal_tax_tax_0_005: status OTHER_ERROR, scaled residuals above tolerance 0, bound violations above tolerance 0.",2.0,2.0,2.0,2.0,0.5,0.5,sensitivity_324,circular_metal.material_substitution_elasticity,0.6931471805599453,,,"Policy solve failed at virgin_metal_tax_tax_0_005: status OTHER_ERROR, scaled residuals above tolerance 0, bound violations above tolerance 0."
sensitivity_081,policy,virgin_metal_tax_0_02,virgin_metal_tax,0.02,,,false,,,,,,,,,,,,"Policy solve failed at virgin_metal_tax_tax_0_02: status LOCALLY_INFEASIBLE, scaled residuals above tolerance 1, bound violations above tolerance 0.",2.0,2.0,2.0,2.0,0.5,0.5,sensitivity_054,circular_routes.eol_allocation_elasticity,0.6931471805599453,,,"Policy solve failed at virgin_metal_tax_tax_0_02: status LOCALLY_INFEASIBLE, scaled residuals above tolerance 1, bound violations above tolerance 0."
sensitivity_081,policy,virgin_metal_tax_0_02,virgin_metal_tax,0.02,,,false,,,,,,,,,,,,"Policy solve failed at virgin_metal_tax_tax_0_02: status LOCALLY_INFEASIBLE, scaled residuals above tolerance 1, bound violations above tolerance 0.",2.0,2.0,2.0,2.0,0.5,0.5,sensitivity_072,circular_routes.service_elasticity,0.6931471805599453,,,"Policy solve failed at virgin_metal_tax_tax_0_02: status LOCALLY_INFEASIBLE, scaled residuals above tolerance 1, bound violations above tolerance 0."
sensitivity_081,policy,virgin_metal_tax_0_02,virgin_metal_tax,0.02,,,false,,,,,,,,,,,,"Policy solve failed at virgin_metal_tax_tax_0_02: status LOCALLY_INFEASIBLE, scaled residuals above tolerance 1, bound violations above tolerance 0.",2.0,2.0,2.0,2.0,0.5,0.5,sensitivity_080,trade.armington_elasticity,0.6931471805599453,,,"Policy solve failed at virgin_metal_tax_tax_0_02: status LOCALLY_INFEASIBLE, scaled residuals above tolerance 1, bound violations above tolerance 0."
sensitivity_081,policy,virgin_metal_tax_0_02,virgin_metal_tax,0.02,,,false,,,,,,,,,,,,"Policy solve failed at virgin_metal_tax_tax_0_02: status LOCALLY_INFEASIBLE, scaled residuals above tolerance 1, bound violations above tolerance 0.",2.0,2.0,2.0,2.0,0.5,0.5,sensitivity_078,trade.cet_transformation_elasticity,0.6931471805599453,,,"Policy solve failed at virgin_metal_tax_tax_0_02: status LOCALLY_INFEASIBLE, scaled residuals above tolerance 1, bound violations above tolerance 0."
sensitivity_081,policy,virgin_metal_tax_0_02,virgin_metal_tax,0.02,,,false,,,,,,,,,,,,"Policy solve failed at virgin_metal_tax_tax_0_02: status LOCALLY_INFEASIBLE, scaled residuals above tolerance 1, bound violations above tolerance 0.",2.0,2.0,2.0,2.0,0.5,0.5,sensitivity_567,circular_metal.material_substitution_elasticity,1.3862943611198906,,,"Policy solve failed at virgin_metal_tax_tax_0_02: status LOCALLY_INFEASIBLE, scaled residuals above tolerance 1, bound violations above tolerance 0."
sensitivity_081,policy,virgin_metal_tax_0_02,virgin_metal_tax,0.02,LOCALLY_INFEASIBLE,INFEASIBLE_POINT,true,5.646561553,0.0008869052228309693,0,0.0,0,material_composite_production_REU,eqpzs,IND_REU_NEW_ELMA,0.0008869052228309693,EOL_FLOW_EOL_DE_ELMA_INC,0.0,,2.0,2.0,2.0,2.0,0.5,0.5,sensitivity_027,circular_routes.eol_allocation_elasticity,1.3862943611198906,true,true,
sensitivity_115,policy,virgin_metal_tax_0_02,virgin_metal_tax,0.02,,,false,,,,,,,,,,,,"Policy solve failed at virgin_metal_tax_tax_0_0125: status LOCALLY_INFEASIBLE, scaled residuals above tolerance 11, bound violations above tolerance 0.",0.5,2.0,0.5,1.0,1.0,0.5,sensitivity_358,circular_metal.material_substitution_elasticity,0.6931471805599453,,,"Policy solve failed at virgin_metal_tax_tax_0_0125: status LOCALLY_INFEASIBLE, scaled residuals above tolerance 11, bound violations above tolerance 0."
sensitivity_115,policy,virgin_metal_tax_0_02,virgin_metal_tax,0.02,,,false,,,,,,,,,,,,"Policy solve failed at virgin_metal_tax_tax_0_005: status OTHER_ERROR, scaled residuals above tolerance 0, bound violations above tolerance 0.",0.5,2.0,0.5,1.0,1.0,0.5,sensitivity_088,circular_routes.eol_allocation_elasticity,0.6931471805599453,,,"Policy solve failed at virgin_metal_tax_tax_0_005: status OTHER_ERROR, scaled residuals above tolerance 0, bound violations above tolerance 0."
sensitivity_115,policy,virgin_metal_tax_0_02,virgin_metal_tax,0.02,,,false,,,,,,,,,,,,"Policy solve failed at virgin_metal_tax_tax_0_02: status LOCALLY_INFEASIBLE, scaled residuals above tolerance 1, bound violations above tolerance 0.",0.5,2.0,0.5,1.0,1.0,0.5,sensitivity_034,circular_routes.eol_productivity_elasticity,0.6931471805599453,,,"Policy solve failed at virgin_metal_tax_tax_0_02: status LOCALLY_INFEASIBLE, scaled residuals above tolerance 1, bound violations above tolerance 0."
sensitivity_115,policy,virgin_metal_tax_0_02,virgin_metal_tax,0.02,,,false,,,,,,,,,,,,"Policy solve failed at virgin_metal_tax_tax_0_02: status LOCALLY_INFEASIBLE, scaled residuals above tolerance 1, bound violations above tolerance 0.",0.5,2.0,0.5,1.0,1.0,0.5,sensitivity_196,circular_routes.eol_productivity_elasticity,0.6931471805599453,,,"Policy solve failed at virgin_metal_tax_tax_0_02: status LOCALLY_INFEASIBLE, scaled residuals above tolerance 1, bound violations above tolerance 0."
sensitivity_115,policy,virgin_metal_tax_0_02,virgin_metal_tax,0.02,,,false,,,,,,,,,,,,"Policy solve failed at virgin_metal_tax_tax_0_02: status LOCALLY_INFEASIBLE, scaled residuals above tolerance 1, bound violations above tolerance 0.",0.5,2.0,0.5,1.0,1.0,0.5,sensitivity_124,circular_routes.service_elasticity,0.6931471805599453,,,"Policy solve failed at virgin_metal_tax_tax_0_02: status LOCALLY_INFEASIBLE, scaled residuals above tolerance 1, bound violations above tolerance 0."
sensitivity_115,policy,virgin_metal_tax_0_02,virgin_metal_tax,0.02,,,false,,,,,,,,,,,,"Policy solve failed at virgin_metal_tax_tax_0_0075: status LOCALLY_INFEASIBLE, scaled residuals above tolerance 1, bound violations above tolerance 0.",0.5,2.0,0.5,1.0,1.0,0.5,sensitivity_116,trade.armington_elasticity,0.6931471805599453,,,"Policy solve failed at virgin_metal_tax_tax_0_0075: status LOCALLY_INFEASIBLE, scaled residuals above tolerance 1, bound violations above tolerance 0."
sensitivity_115,policy,virgin_metal_tax_0_02,virgin_metal_tax,0.02,LOCALLY_INFEASIBLE,INFEASIBLE_POINT,true,9.608628974,0.0009563975814249615,0,0.0,0,material_composite_production_REU,eqpzs,IND_REU_NEW_ELMA,0.0009563975814249615,EOL_FLOW_EOL_DE_ELMA_INC,0.0,,0.5,2.0,0.5,1.0,1.0,0.5,sensitivity_112,trade.cet_transformation_elasticity,0.6931471805599453,true,true,
sensitivity_142,policy,virgin_metal_tax_0_02,virgin_metal_tax,0.02,,,false,,,,,,,,,,,,"Policy solve failed at virgin_metal_tax_tax_0_02: status LOCALLY_INFEASIBLE, scaled residuals above tolerance 1, bound violations above tolerance 0.",0.5,2.0,0.5,2.0,1.0,0.5,sensitivity_061,circular_routes.eol_productivity_elasticity,0.6931471805599453,,,"Policy solve failed at virgin_metal_tax_tax_0_02: status LOCALLY_INFEASIBLE, scaled residuals above tolerance 1, bound violations above tolerance 0."
sensitivity_142,policy,virgin_metal_tax_0_02,virgin_metal_tax,0.02,,,false,,,,,,,,,,,,"Policy solve failed at virgin_metal_tax_tax_0_0175: status LOCALLY_INFEASIBLE, scaled residuals above tolerance 1, bound violations above tolerance 0.",0.5,2.0,0.5,2.0,1.0,0.5,sensitivity_151,circular_routes.service_elasticity,0.6931471805599453,,,"Policy solve failed at virgin_metal_tax_tax_0_0175: status LOCALLY_INFEASIBLE, scaled residuals above tolerance 1, bound violations above tolerance 0."
sensitivity_142,policy,virgin_metal_tax_0_02,virgin_metal_tax,0.02,,,false,,,,,,,,,,,,"Policy solve failed at virgin_metal_tax_tax_0_0175: status LOCALLY_INFEASIBLE, scaled residuals above tolerance 1, bound violations above tolerance 0.",0.5,2.0,0.5,2.0,1.0,0.5,sensitivity_139,trade.cet_transformation_elasticity,0.6931471805599453,,,"Policy solve failed at virgin_metal_tax_tax_0_0175: status LOCALLY_INFEASIBLE, scaled residuals above tolerance 1, bound violations above tolerance 0."
sensitivity_142,policy,virgin_metal_tax_0_02,virgin_metal_tax,0.02,,,false,,,,,,,,,,,,"Policy solve failed at virgin_metal_tax_tax_0_0125: status LOCALLY_INFEASIBLE, scaled residuals above tolerance 1, bound violations above tolerance 0.",0.5,2.0,0.5,2.0,1.0,0.5,sensitivity_628,circular_metal.material_substitution_elasticity,1.3862943611198906,,,"Policy solve failed at virgin_metal_tax_tax_0_0125: status LOCALLY_INFEASIBLE, scaled residuals above tolerance 1, bound violations above tolerance 0."
sensitivity_142,policy,virgin_metal_tax_0_02,virgin_metal_tax,0.02,,,false,,,,,,,,,,,,"Policy solve failed at virgin_metal_tax_tax_0_005: status OTHER_ERROR, scaled residuals above tolerance 0, bound violations above tolerance 0.",0.5,2.0,0.5,2.0,1.0,0.5,sensitivity_088,circular_routes.eol_allocation_elasticity,1.3862943611198906,,,"Policy solve failed at virgin_metal_tax_tax_0_005: status OTHER_ERROR, scaled residuals above tolerance 0, bound violations above tolerance 0."
sensitivity_142,policy,virgin_metal_tax_0_02,virgin_metal_tax,0.02,,,false,,,,,,,,,,,,"Policy solve failed at virgin_metal_tax_tax_0_0125: status LOCALLY_INFEASIBLE, scaled residuals above tolerance 1, bound violations above tolerance 0.",0.5,2.0,0.5,2.0,1.0,0.5,sensitivity_160,circular_routes.service_elasticity,1.3862943611198906,,,"Policy solve failed at virgin_metal_tax_tax_0_0125: status LOCALLY_INFEASIBLE, scaled residuals above tolerance 1, bound violations above tolerance 0."
sensitivity_142,policy,virgin_metal_tax_0_02,virgin_metal_tax,0.02,,,false,,,,,,,,,,,,"Policy solve failed at virgin_metal_tax_tax_0_0125: status LOCALLY_INFEASIBLE, scaled residuals above tolerance 3, bound violations above tolerance 0.",0.5,2.0,0.5,2.0,1.0,0.5,sensitivity_136,trade.cet_transformation_elasticity,1.3862943611198906,,,"Policy solve failed at virgin_metal_tax_tax_0_0125: status LOCALLY_INFEASIBLE, scaled residuals above tolerance 3, bound violations above tolerance 0."
sensitivity_143,policy,virgin_metal_tax_0_02,virgin_metal_tax,0.02,,,false,,,,,,,,,,,,"Policy solve failed at virgin_metal_tax_tax_0_0075: status LOCALLY_INFEASIBLE, scaled residuals above tolerance 1, bound violations above tolerance 0.",1.0,2.0,0.5,2.0,1.0,0.5,sensitivity_116,circular_routes.eol_allocation_elasticity,0.6931471805599453,,,"Policy solve failed at virgin_metal_tax_tax_0_0075: status LOCALLY_INFEASIBLE, scaled residuals above tolerance 1, bound violations above tolerance 0."
sensitivity_143,policy,virgin_metal_tax_0_02,virgin_metal_tax,0.02,,,false,,,,,,,,,,,,"Policy solve failed at virgin_metal_tax_tax_0_02: status LOCALLY_INFEASIBLE, scaled residuals above tolerance 1, bound violations above tolerance 0.",1.0,2.0,0.5,2.0,1.0,0.5,sensitivity_062,circular_routes.eol_productivity_elasticity,0.6931471805599453,,,"Policy solve failed at virgin_metal_tax_tax_0_02: status LOCALLY_INFEASIBLE, scaled residuals above tolerance 1, bound violations above tolerance 0."
sensitivity_143,policy,virgin_metal_tax_0_02,virgin_metal_tax,0.02,,,false,,,,,,,,,,,,"Policy solve failed at virgin_metal_tax_tax_0_01: status LOCALLY_INFEASIBLE, scaled residuals above tolerance 1, bound violations above tolerance 0.",1.0,2.0,0.5,2.0,1.0,0.5,sensitivity_224,circular_routes.eol_productivity_elasticity,0.6931471805599453,,,"Policy solve failed at virgin_metal_tax_tax_0_01: status LOCALLY_INFEASIBLE, scaled residuals above tolerance 1, bound violations above tolerance 0."
sensitivity_143,policy,virgin_metal_tax_0_02,virgin_metal_tax,0.02,,,false,,,,,,,,,,,,"Policy solve failed at virgin_metal_tax_tax_0_0025: status LOCALLY_INFEASIBLE, scaled residuals above tolerance 1, bound violations above tolerance 0.",1.0,2.0,0.5,2.0,1.0,0.5,sensitivity_140,trade.cet_transformation_elasticity,0.6931471805599453,,,"Policy solve failed at virgin_metal_tax_tax_0_0025: status LOCALLY_INFEASIBLE, scaled residuals above tolerance 1, bound violations above tolerance 0."
sensitivity_143,policy,virgin_metal_tax_0_02,virgin_metal_tax,0.02,,,false,,,,,,,,,,,,"Policy solve failed at virgin_metal_tax_tax_0_02: status LOCALLY_INFEASIBLE, scaled residuals above tolerance 1, bound violations above tolerance 0.",1.0,2.0,0.5,2.0,1.0,0.5,sensitivity_629,circular_metal.material_substitution_elasticity,1.3862943611198906,,,"Policy solve failed at virgin_metal_tax_tax_0_02: status LOCALLY_INFEASIBLE, scaled residuals above tolerance 1, bound violations above tolerance 0."
sensitivity_143,policy,virgin_metal_tax_0_02,virgin_metal_tax,0.02,LOCALLY_INFEASIBLE,INFEASIBLE_POINT,false,18.782609308,0.0010700790883396705,1,0.0,0,material_composite_production_REU,eqpzs,IND_REU_NEW_ELMA,0.0010700790883396705,EOL_FLOW_EOL_DE_ELMA_INC,0.0,,1.0,2.0,0.5,2.0,1.0,0.5,sensitivity_089,circular_routes.eol_allocation_elasticity,1.3862943611198906,true,true,
sensitivity_143,policy,virgin_metal_tax_0_02,virgin_metal_tax,0.02,,,false,,,,,,,,,,,,"Policy solve failed at virgin_metal_tax_tax_0_015000000000000001: status LOCALLY_INFEASIBLE, scaled residuals above tolerance 1, bound violations above tolerance 0.",1.0,2.0,0.5,2.0,1.0,0.5,sensitivity_161,circular_routes.service_elasticity,1.3862943611198906,,,"Policy solve failed at virgin_metal_tax_tax_0_015000000000000001: status LOCALLY_INFEASIBLE, scaled residuals above tolerance 1, bound violations above tolerance 0."
sensitivity_143,policy,virgin_metal_tax_0_02,virgin_metal_tax,0.02,,,false,,,,,,,,,,,,"Policy solve failed at virgin_metal_tax_tax_0_0075: status LOCALLY_INFEASIBLE, scaled residuals above tolerance 1, bound violations above tolerance 0.",1.0,2.0,0.5,2.0,1.0,0.5,sensitivity_137,trade.cet_transformation_elasticity,1.3862943611198906,,,"Policy solve failed at virgin_metal_tax_tax_0_0075: status LOCALLY_INFEASIBLE, scaled residuals above tolerance 1, bound violations above tolerance 0."
sensitivity_144,policy,virgin_metal_tax_0_02,virgin_metal_tax,0.02,,,false,,,,,,,,,,,,"Policy solve failed at virgin_metal_tax_tax_0_02: status LOCALLY_INFEASIBLE, scaled residuals above tolerance 1, bound violations above tolerance 0.",2.0,2.0,0.5,2.0,1.0,0.5,sensitivity_117,circular_routes.eol_allocation_elasticity,0.6931471805599453,,,"Policy solve failed at virgin_metal_tax_tax_0_02: status LOCALLY_INFEASIBLE, scaled residuals above tolerance 1, bound violations above tolerance 0."
sensitivity_144,policy,virgin_metal_tax_0_02,virgin_metal_tax,0.02,,,false,,,,,,,,,,,,"Policy solve failed at virgin_metal_tax_tax_0_0075: status OTHER_ERROR, scaled residuals above tolerance 0, bound violations above tolerance 0.",2.0,2.0,0.5,2.0,1.0,0.5,sensitivity_063,circular_routes.eol_productivity_elasticity,0.6931471805599453,,,"Policy solve failed at virgin_metal_tax_tax_0_0075: status OTHER_ERROR, scaled residuals above tolerance 0, bound violations above tolerance 0."
sensitivity_144,policy,virgin_metal_tax_0_02,virgin_metal_tax,0.02,,,false,,,,,,,,,,,,"Policy solve failed at virgin_metal_tax_tax_0_01: status LOCALLY_INFEASIBLE, scaled residuals above tolerance 1, bound violations above tolerance 0.",2.0,2.0,0.5,2.0,1.0,0.5,sensitivity_225,circular_routes.eol_productivity_elasticity,0.6931471805599453,,,"Policy solve failed at virgin_metal_tax_tax_0_01: status LOCALLY_INFEASIBLE, scaled residuals above tolerance 1, bound violations above tolerance 0."
sensitivity_144,policy,virgin_metal_tax_0_02,virgin_metal_tax,0.02,LOCALLY_INFEASIBLE,INFEASIBLE_POINT,false,21.382961663,0.0012656985094064988,2,0.0,0,material_composite_production_SK,eqpzs,IND_SK_NEW_ELMA,0.0012656985094064988,EOL_FLOW_EOL_DE_ELMA_INC,0.0,,2.0,2.0,0.5,2.0,1.0,0.5,sensitivity_141,trade.cet_transformation_elasticity,0.6931471805599453,true,true,
sensitivity_144,policy,virgin_metal_tax_0_02,virgin_metal_tax,0.02,LOCALLY_INFEASIBLE,INFEASIBLE_POINT,false,27.127789191,0.001146812441042977,1,0.0,0,material_composite_production_SK,eqpzs,IND_SK_NEW_ELMA,0.001146812441042977,EOL_FLOW_EOL_DE_ELMA_INC,0.0,,2.0,2.0,0.5,2.0,1.0,0.5,sensitivity_090,circular_routes.eol_allocation_elasticity,1.3862943611198906,true,true,
sensitivity_144,policy,virgin_metal_tax_0_02,virgin_metal_tax,0.02,,,false,,,,,,,,,,,,"Policy solve failed at virgin_metal_tax_tax_0_0075: status LOCALLY_INFEASIBLE, scaled residuals above tolerance 3, bound violations above tolerance 0.",2.0,2.0,0.5,2.0,1.0,0.5,sensitivity_138,trade.cet_transformation_elasticity,1.3862943611198906,,,"Policy solve failed at virgin_metal_tax_tax_0_0075: status LOCALLY_INFEASIBLE, scaled residuals above tolerance 3, bound violations above tolerance 0."
sensitivity_152,policy,virgin_metal_tax_0_02,virgin_metal_tax,0.02,,,false,,,,,,,,,,,,"Policy solve failed at virgin_metal_tax_tax_0_02: status LOCALLY_INFEASIBLE, scaled residuals above tolerance 1, bound violations above tolerance 0.",1.0,2.0,1.0,2.0,1.0,0.5,sensitivity_125,circular_routes.eol_allocation_elasticity,0.6931471805599453,,,"Policy solve failed at virgin_metal_tax_tax_0_02: status LOCALLY_INFEASIBLE, scaled residuals above tolerance 1, bound violations above tolerance 0."
sensitivity_152,policy,virgin_metal_tax_0_02,virgin_metal_tax,0.02,,,false,,,,,,,,,,,,"Policy solve failed at virgin_metal_tax_tax_0_005: status LOCALLY_INFEASIBLE, scaled residuals above tolerance 1, bound violations above tolerance 0.",1.0,2.0,1.0,2.0,1.0,0.5,sensitivity_071,circular_routes.eol_productivity_elasticity,0.6931471805599453,,,"Policy solve failed at virgin_metal_tax_tax_0_005: status LOCALLY_INFEASIBLE, scaled residuals above tolerance 1, bound violations above tolerance 0."
sensitivity_152,policy,virgin_metal_tax_0_02,virgin_metal_tax,0.02,,,false,,,,,,,,,,,,"Policy solve failed at virgin_metal_tax_tax_0_02: status LOCALLY_INFEASIBLE, scaled residuals above tolerance 1, bound violations above tolerance 0.",1.0,2.0,1.0,2.0,1.0,0.5,sensitivity_233,circular_routes.eol_productivity_elasticity,0.6931471805599453,,,"Policy solve failed at virgin_metal_tax_tax_0_02: status LOCALLY_INFEASIBLE, scaled residuals above tolerance 1, bound violations above tolerance 0."
sensitivity_152,policy,virgin_metal_tax_0_02,virgin_metal_tax,0.02,,,false,,,,,,,,,,,,"Policy solve failed at virgin_metal_tax_tax_0_015000000000000001: status LOCALLY_INFEASIBLE, scaled residuals above tolerance 1, bound violations above tolerance 0.",1.0,2.0,1.0,2.0,1.0,0.5,sensitivity_161,circular_routes.service_elasticity,0.6931471805599453,,,"Policy solve failed at virgin_metal_tax_tax_0_015000000000000001: status LOCALLY_INFEASIBLE, scaled residuals above tolerance 1, bound violations above tolerance 0."
sensitivity_152,policy,virgin_metal_tax_0_02,virgin_metal_tax,0.02,,,false,,,,,,,,,,,,"Policy solve failed at virgin_metal_tax_tax_0_0175: status LOCALLY_INFEASIBLE, scaled residuals above tolerance 1, bound violations above tolerance 0.",1.0,2.0,1.0,2.0,1.0,0.5,sensitivity_151,trade.armington_elasticity,0.6931471805599453,,,"Policy solve failed at virgin_metal_tax_tax_0_0175: status LOCALLY_INFEASIBLE, scaled residuals above tolerance 1, bound violations above tolerance 0."
sensitivity_152,policy,virgin_metal_tax_0_02,virgin_metal_tax,0.02,,,false,,,,,,,,,,,,"Policy solve failed at virgin_metal_tax_tax_0_01: status LOCALLY_INFEASIBLE, scaled residuals above tolerance 1, bound violations above tolerance 0.",1.0,2.0,1.0,2.0,1.0,0.5,sensitivity_149,trade.cet_transformation_elasticity,0.6931471805599453,,,"Policy solve failed at virgin_metal_tax_tax_0_01: status LOCALLY_INFEASIBLE, scaled residuals above tolerance 1, bound violations above tolerance 0."
sensitivity_152,policy,virgin_metal_tax_0_02,virgin_metal_tax,0.02,LOCALLY_INFEASIBLE,INFEASIBLE_POINT,false,21.173675498,0.0010625325426396603,1,0.0,0,material_composite_production_REU,eqpzs,IND_REU_NEW_ELMA,0.0010625325426396603,EOL_FLOW_EOL_DE_ELMA_INC,0.0,,1.0,2.0,1.0,2.0,1.0,0.5,sensitivity_098,circular_routes.eol_allocation_elasticity,1.3862943611198906,true,true,
sensitivity_152,policy,virgin_metal_tax_0_02,virgin_metal_tax,0.02,LOCALLY_INFEASIBLE,INFEASIBLE_POINT,false,60.485449918,0.010551728889773848,1,0.0,0,observed_physical_flow_links,quantity_link,physical_SK_OFMA_REP_route_input_mass,0.010551728889773848,EOL_FLOW_EOL_DE_ELMA_INC,0.0,,1.0,2.0,1.0,2.0,1.0,0.5,sensitivity_146,trade.cet_transformation_elasticity,1.3862943611198906,true,true,
sensitivity_153,policy,virgin_metal_tax_0_02,virgin_metal_tax,0.02,,,false,,,,,,,,,,,,"Policy solve failed at virgin_metal_tax_tax_0_02: status LOCALLY_INFEASIBLE, scaled residuals above tolerance 1, bound violations above tolerance 0.",2.0,2.0,1.0,2.0,1.0,0.5,sensitivity_126,circular_routes.eol_allocation_elasticity,0.6931471805599453,,,"Policy solve failed at virgin_metal_tax_tax_0_02: status LOCALLY_INFEASIBLE, scaled residuals above tolerance 1, bound violations above tolerance 0."
sensitivity_153,policy,virgin_metal_tax_0_02,virgin_metal_tax,0.02,,,false,,,,,,,,,,,,"Policy solve failed at virgin_metal_tax_tax_0_02: status LOCALLY_INFEASIBLE, scaled residuals above tolerance 1, bound violations above tolerance 0.",2.0,2.0,1.0,2.0,1.0,0.5,sensitivity_072,circular_routes.eol_productivity_elasticity,0.6931471805599453,,,"Policy solve failed at virgin_metal_tax_tax_0_02: status LOCALLY_INFEASIBLE, scaled residuals above tolerance 1, bound violations above tolerance 0."
sensitivity_153,policy,virgin_metal_tax_0_02,virgin_metal_tax,0.02,,,false,,,,,,,,,,,,"Policy solve failed at virgin_metal_tax_tax_0_01: status LOCALLY_INFEASIBLE, scaled residuals above tolerance 1, bound violations above tolerance 0.",2.0,2.0,1.0,2.0,1.0,0.5,sensitivity_234,circular_routes.eol_productivity_elasticity,0.6931471805599453,,,"Policy solve failed at virgin_metal_tax_tax_0_01: status LOCALLY_INFEASIBLE, scaled residuals above tolerance 1, bound violations above tolerance 0."
sensitivity_153,policy,virgin_metal_tax_0_02,virgin_metal_tax,0.02,,,false,,,,,,,,,,,,"Policy solve failed at virgin_metal_tax_tax_0_0125: status LOCALLY_INFEASIBLE, scaled residuals above tolerance 1, bound violations above tolerance 0.",2.0,2.0,1.0,2.0,1.0,0.5,sensitivity_150,trade.cet_transformation_elasticity,0.6931471805599453,,,"Policy solve failed at virgin_metal_tax_tax_0_0125: status LOCALLY_INFEASIBLE, scaled residuals above tolerance 1, bound violations above tolerance 0."
sensitivity_153,policy,virgin_metal_tax_0_02,virgin_metal_tax,0.02,,,false,,,,,,,,,,,,"Policy solve failed at virgin_metal_tax_tax_0_0075: status LOCALLY_INFEASIBLE, scaled residuals above tolerance 3, bound violations above tolerance 0.",2.0,2.0,1.0,2.0,1.0,0.5,sensitivity_639,circular_metal.material_substitution_elasticity,1.3862943611198906,,,"Policy solve failed at virgin_metal_tax_tax_0_0075: status LOCALLY_INFEASIBLE, scaled residuals above tolerance 3, bound violations above tolerance 0."
sensitivity_153,policy,virgin_metal_tax_0_02,virgin_metal_tax,0.02,,,false,,,,,,,,,,,,"Policy solve failed at virgin_metal_tax_tax_0_015000000000000001: status OTHER_ERROR, scaled residuals above tolerance 0, bound violations above tolerance 0.",2.0,2.0,1.0,2.0,1.0,0.5,sensitivity_099,circular_routes.eol_allocation_elasticity,1.3862943611198906,,,"Policy solve failed at virgin_metal_tax_tax_0_015000000000000001: status OTHER_ERROR, scaled residuals above tolerance 0, bound violations above tolerance 0."
sensitivity_153,policy,virgin_metal_tax_0_02,virgin_metal_tax,0.02,,,false,,,,,,,,,,,,"Policy solve failed at virgin_metal_tax_tax_0_0175: status LOCALLY_INFEASIBLE, scaled residuals above tolerance 1, bound violations above tolerance 0.",2.0,2.0,1.0,2.0,1.0,0.5,sensitivity_151,trade.armington_elasticity,1.3862943611198906,,,"Policy solve failed at virgin_metal_tax_tax_0_0175: status LOCALLY_INFEASIBLE, scaled residuals above tolerance 1, bound violations above tolerance 0."
sensitivity_153,policy,virgin_metal_tax_0_02,virgin_metal_tax,0.02,LOCALLY_INFEASIBLE,INFEASIBLE_POINT,false,35.19067885,0.09351667572666,7,0.0,0,observed_physical_flow_links,quantity_link,physical_SK_OFMA_REP_route_input_mass,0.09351667572666,EOL_FLOW_EOL_DE_ELMA_INC,0.0,,2.0,2.0,1.0,2.0,1.0,0.5,sensitivity_147,trade.cet_transformation_elasticity,1.3862943611198906,true,true,
sensitivity_162,policy,virgin_metal_tax_0_02,virgin_metal_tax,0.02,,,false,,,,,,,,,,,,"Policy solve failed at virgin_metal_tax_tax_0_0175: status LOCALLY_INFEASIBLE, scaled residuals above tolerance 1, bound violations above tolerance 0.",2.0,2.0,2.0,2.0,1.0,0.5,sensitivity_405,circular_metal.material_substitution_elasticity,0.6931471805599453,,,"Policy solve failed at virgin_metal_tax_tax_0_0175: status LOCALLY_INFEASIBLE, scaled residuals above tolerance 1, bound violations above tolerance 0."
sensitivity_162,policy,virgin_metal_tax_0_02,virgin_metal_tax,0.02,,,false,,,,,,,,,,,,"Policy solve failed at virgin_metal_tax_tax_0_015000000000000001: status OTHER_ERROR, scaled residuals above tolerance 0, bound violations above tolerance 0.",2.0,2.0,2.0,2.0,1.0,0.5,sensitivity_135,circular_routes.eol_allocation_elasticity,0.6931471805599453,,,"Policy solve failed at virgin_metal_tax_tax_0_015000000000000001: status OTHER_ERROR, scaled residuals above tolerance 0, bound violations above tolerance 0."
sensitivity_162,policy,virgin_metal_tax_0_02,virgin_metal_tax,0.02,,,false,,,,,,,,,,,,"Policy solve failed at virgin_metal_tax_tax_0_005: status OTHER_ERROR, scaled residuals above tolerance 0, bound violations above tolerance 0.",2.0,2.0,2.0,2.0,1.0,0.5,sensitivity_243,circular_routes.eol_productivity_elasticity,0.6931471805599453,,,"Policy solve failed at virgin_metal_tax_tax_0_005: status OTHER_ERROR, scaled residuals above tolerance 0, bound violations above tolerance 0."
sensitivity_162,policy,virgin_metal_tax_0_02,virgin_metal_tax,0.02,,,false,,,,,,,,,,,,"Policy solve failed at virgin_metal_tax_tax_0_015000000000000001: status LOCALLY_INFEASIBLE, scaled residuals above tolerance 1, bound violations above tolerance 0.",2.0,2.0,2.0,2.0,1.0,0.5,sensitivity_161,trade.armington_elasticity,0.6931471805599453,,,"Policy solve failed at virgin_metal_tax_tax_0_015000000000000001: status LOCALLY_INFEASIBLE, scaled residuals above tolerance 1, bound violations above tolerance 0."
sensitivity_162,policy,virgin_metal_tax_0_02,virgin_metal_tax,0.02,,,false,,,,,,,,,,,,"Policy solve failed at virgin_metal_tax_tax_0_02: status LOCALLY_INFEASIBLE, scaled residuals above tolerance 1, bound violations above tolerance 0.",2.0,2.0,2.0,2.0,1.0,0.5,sensitivity_108,circular_routes.eol_allocation_elasticity,1.3862943611198906,,,"Policy solve failed at virgin_metal_tax_tax_0_02: status LOCALLY_INFEASIBLE, scaled residuals above tolerance 1, bound violations above tolerance 0."
sensitivity_162,policy,virgin_metal_tax_0_02,virgin_metal_tax,0.02,,,false,,,,,,,,,,,,"Policy solve failed at virgin_metal_tax_tax_0_0125: status LOCALLY_INFEASIBLE, scaled residuals above tolerance 1, bound violations above tolerance 0.",2.0,2.0,2.0,2.0,1.0,0.5,sensitivity_160,trade.armington_elasticity,1.3862943611198906,,,"Policy solve failed at virgin_metal_tax_tax_0_0125: status LOCALLY_INFEASIBLE, scaled residuals above tolerance 1, bound violations above tolerance 0."
sensitivity_162,policy,virgin_metal_tax_0_02,virgin_metal_tax,0.02,,,false,,,,,,,,,,,,"Policy solve failed at virgin_metal_tax_tax_0_0175: status LOCALLY_INFEASIBLE, scaled residuals above tolerance 6, bound violations above tolerance 0.",2.0,2.0,2.0,2.0,1.0,0.5,sensitivity_156,trade.cet_transformation_elasticity,1.3862943611198906,,,"Policy solve failed at virgin_metal_tax_tax_0_0175: status LOCALLY_INFEASIBLE, scaled residuals above tolerance 6, bound violations above tolerance 0."
sensitivity_206,policy,virgin_metal_tax_0_02,virgin_metal_tax,0.02,,,false,,,,,,,,,,,,"Policy solve failed at virgin_metal_tax_tax_0_0075: status LOCALLY_INFEASIBLE, scaled residuals above tolerance 1, bound violations above tolerance 0.",1.0,2.0,1.0,1.0,2.0,0.5,sensitivity_449,circular_metal.material_substitution_elasticity,0.6931471805599453,,,"Policy solve failed at virgin_metal_tax_tax_0_0075: status LOCALLY_INFEASIBLE, scaled residuals above tolerance 1, bound violations above tolerance 0."
sensitivity_206,policy,virgin_metal_tax_0_02,virgin_metal_tax,0.02,,,false,,,,,,,,,,,,"Policy solve failed at virgin_metal_tax_tax_0_005: status OTHER_ERROR, scaled residuals above tolerance 0, bound violations above tolerance 0.",1.0,2.0,1.0,1.0,2.0,0.5,sensitivity_179,circular_routes.eol_allocation_elasticity,0.6931471805599453,,,"Policy solve failed at virgin_metal_tax_tax_0_005: status OTHER_ERROR, scaled residuals above tolerance 0, bound violations above tolerance 0."
sensitivity_206,policy,virgin_metal_tax_0_02,virgin_metal_tax,0.02,,,false,,,,,,,,,,,,"Policy solve failed at virgin_metal_tax_tax_0_02: status LOCALLY_INFEASIBLE, scaled residuals above tolerance 1, bound violations above tolerance 0.",1.0,2.0,1.0,1.0,2.0,0.5,sensitivity_233,circular_routes.eol_allocation_elasticity,0.6931471805599453,,,"Policy solve failed at virgin_metal_tax_tax_0_02: status LOCALLY_INFEASIBLE, scaled residuals above tolerance 1, bound violations above tolerance 0."
sensitivity_206,policy,virgin_metal_tax_0_02,virgin_metal_tax,0.02,,,false,,,,,,,,,,,,"Policy solve failed at virgin_metal_tax_tax_0_02: status LOCALLY_INFEASIBLE, scaled residuals above tolerance 1, bound violations above tolerance 0.",1.0,2.0,1.0,1.0,2.0,0.5,sensitivity_125,circular_routes.eol_productivity_elasticity,0.6931471805599453,,,"Policy solve failed at virgin_metal_tax_tax_0_02: status LOCALLY_INFEASIBLE, scaled residuals above tolerance 1, bound violations above tolerance 0."
sensitivity_206,policy,virgin_metal_tax_0_02,virgin_metal_tax,0.02,,,false,,,,,,,,,,,,"Policy solve failed at virgin_metal_tax_tax_0_0175: status LOCALLY_INFEASIBLE, scaled residuals above tolerance 1, bound violations above tolerance 0.",1.0,2.0,1.0,1.0,2.0,0.5,sensitivity_197,circular_routes.service_elasticity,0.6931471805599453,,,"Policy solve failed at virgin_metal_tax_tax_0_0175: status LOCALLY_INFEASIBLE, scaled residuals above tolerance 1, bound violations above tolerance 0."
sensitivity_206,policy,virgin_metal_tax_0_02,virgin_metal_tax,0.02,,,false,,,,,,,,,,,,"Policy solve failed at virgin_metal_tax_tax_0_0075: status OTHER_ERROR, scaled residuals above tolerance 2, bound violations above tolerance 0.",1.0,2.0,1.0,1.0,2.0,0.5,sensitivity_215,circular_routes.service_elasticity,0.6931471805599453,,,"Policy solve failed at virgin_metal_tax_tax_0_0075: status OTHER_ERROR, scaled residuals above tolerance 2, bound violations above tolerance 0."
sensitivity_206,policy,virgin_metal_tax_0_02,virgin_metal_tax,0.02,,,false,,,,,,,,,,,,"Policy solve failed at virgin_metal_tax_tax_0_01: status LOCALLY_INFEASIBLE, scaled residuals above tolerance 1, bound violations above tolerance 0.",1.0,2.0,1.0,1.0,2.0,0.5,sensitivity_205,trade.armington_elasticity,0.6931471805599453,,,"Policy solve failed at virgin_metal_tax_tax_0_01: status LOCALLY_INFEASIBLE, scaled residuals above tolerance 1, bound violations above tolerance 0."
sensitivity_206,policy,virgin_metal_tax_0_02,virgin_metal_tax,0.02,,,false,,,,,,,,,,,,"Policy solve failed at virgin_metal_tax_tax_0_0125: status LOCALLY_INFEASIBLE, scaled residuals above tolerance 1, bound violations above tolerance 0.",1.0,2.0,1.0,1.0,2.0,0.5,sensitivity_203,trade.cet_transformation_elasticity,0.6931471805599453,,,"Policy solve failed at virgin_metal_tax_tax_0_0125: status LOCALLY_INFEASIBLE, scaled residuals above tolerance 1, bound violations above tolerance 0."
sensitivity_206,policy,virgin_metal_tax_0_02,virgin_metal_tax,0.02,,,false,,,,,,,,,,,,"Policy solve failed at virgin_metal_tax_tax_0_02: status LOCALLY_INFEASIBLE, scaled residuals above tolerance 1, bound violations above tolerance 0.",1.0,2.0,1.0,1.0,2.0,0.5,sensitivity_044,circular_routes.eol_productivity_elasticity,1.3862943611198906,,,"Policy solve failed at virgin_metal_tax_tax_0_02: status LOCALLY_INFEASIBLE, scaled residuals above tolerance 1, bound violations above tolerance 0."
sensitivity_206,policy,virgin_metal_tax_0_02,virgin_metal_tax,0.02,,,false,,,,,,,,,,,,"Policy solve failed at virgin_metal_tax_tax_0_02: status LOCALLY_INFEASIBLE, scaled residuals above tolerance 1, bound violations above tolerance 0.",1.0,2.0,1.0,1.0,2.0,0.5,sensitivity_200,trade.cet_transformation_elasticity,1.3862943611198906,,,"Policy solve failed at virgin_metal_tax_tax_0_02: status LOCALLY_INFEASIBLE, scaled residuals above tolerance 1, bound violations above tolerance 0."
sensitivity_207,policy,virgin_metal_tax_0_02,virgin_metal_tax,0.02,,,false,,,,,,,,,,,,"Policy solve failed at virgin_metal_tax_tax_0_02: status LOCALLY_INFEASIBLE, scaled residuals above tolerance 1, bound violations above tolerance 0.",2.0,2.0,1.0,1.0,2.0,0.5,sensitivity_180,circular_routes.eol_allocation_elasticity,0.6931471805599453,,,"Policy solve failed at virgin_metal_tax_tax_0_02: status LOCALLY_INFEASIBLE, scaled residuals above tolerance 1, bound violations above tolerance 0."
sensitivity_207,policy,virgin_metal_tax_0_02,virgin_metal_tax,0.02,,,false,,,,,,,,,,,,"Policy solve failed at virgin_metal_tax_tax_0_01: status LOCALLY_INFEASIBLE, scaled residuals above tolerance 1, bound violations above tolerance 0.",2.0,2.0,1.0,1.0,2.0,0.5,sensitivity_234,circular_routes.eol_allocation_elasticity,0.6931471805599453,,,"Policy solve failed at virgin_metal_tax_tax_0_01: status LOCALLY_INFEASIBLE, scaled residuals above tolerance 1, bound violations above tolerance 0."
sensitivity_207,policy,virgin_metal_tax_0_02,virgin_metal_tax,0.02,,,false,,,,,,,,,,,,"Policy solve failed at virgin_metal_tax_tax_0_02: status LOCALLY_INFEASIBLE, scaled residuals above tolerance 1, bound violations above tolerance 0.",2.0,2.0,1.0,1.0,2.0,0.5,sensitivity_126,circular_routes.eol_productivity_elasticity,0.6931471805599453,,,"Policy solve failed at virgin_metal_tax_tax_0_02: status LOCALLY_INFEASIBLE, scaled residuals above tolerance 1, bound violations above tolerance 0."
sensitivity_207,policy,virgin_metal_tax_0_02,virgin_metal_tax,0.02,,,false,,,,,,,,,,,,"Policy solve failed at virgin_metal_tax_tax_0_0175: status LOCALLY_INFEASIBLE, scaled residuals above tolerance 1, bound violations above tolerance 0.",2.0,2.0,1.0,1.0,2.0,0.5,sensitivity_198,circular_routes.service_elasticity,0.6931471805599453,,,"Policy solve failed at virgin_metal_tax_tax_0_0175: status LOCALLY_INFEASIBLE, scaled residuals above tolerance 1, bound violations above tolerance 0."
sensitivity_207,policy,virgin_metal_tax_0_02,virgin_metal_tax,0.02,,,false,,,,,,,,,,,,"Policy solve failed at virgin_metal_tax_tax_0_0175: status LOCALLY_INFEASIBLE, scaled residuals above tolerance 1, bound violations above tolerance 0.",2.0,2.0,1.0,1.0,2.0,0.5,sensitivity_216,circular_routes.service_elasticity,0.6931471805599453,,,"Policy solve failed at virgin_metal_tax_tax_0_0175: status LOCALLY_INFEASIBLE, scaled residuals above tolerance 1, bound violations above tolerance 0."
sensitivity_207,policy,virgin_metal_tax_0_02,virgin_metal_tax,0.02,,,false,,,,,,,,,,,,"Policy solve failed at virgin_metal_tax_tax_0_0025: status LOCALLY_INFEASIBLE, scaled residuals above tolerance 1, bound violations above tolerance 0.",2.0,2.0,1.0,1.0,2.0,0.5,sensitivity_204,trade.cet_transformation_elasticity,0.6931471805599453,,,"Policy solve failed at virgin_metal_tax_tax_0_0025: status LOCALLY_INFEASIBLE, scaled residuals above tolerance 1, bound violations above tolerance 0."
sensitivity_207,policy,virgin_metal_tax_0_02,virgin_metal_tax,0.02,LOCALLY_INFEASIBLE,INFEASIBLE_POINT,false,11.629219992,0.0011445032098228447,1,0.0,0,material_composite_production_SK,eqpzs,IND_SK_NEW_ELMA,0.0011445032098228447,EOL_FLOW_EOL_DE_ELMA_INC,0.0,,2.0,2.0,1.0,1.0,2.0,0.5,sensitivity_045,circular_routes.eol_productivity_elasticity,1.3862943611198906,true,true,
sensitivity_207,policy,virgin_metal_tax_0_02,virgin_metal_tax,0.02,,,false,,,,,,,,,,,,"Policy solve failed at virgin_metal_tax_tax_0_01: status LOCALLY_INFEASIBLE, scaled residuals above tolerance 1, bound violations above tolerance 0.",2.0,2.0,1.0,1.0,2.0,0.5,sensitivity_205,trade.armington_elasticity,1.3862943611198906,,,"Policy solve failed at virgin_metal_tax_tax_0_01: status LOCALLY_INFEASIBLE, scaled residuals above tolerance 1, bound violations above tolerance 0."
sensitivity_207,policy,virgin_metal_tax_0_02,virgin_metal_tax,0.02,,,false,,,,,,,,,,,,"Policy solve failed at virgin_metal_tax_tax_0_0075: status LOCALLY_INFEASIBLE, scaled residuals above tolerance 1, bound violations above tolerance 0.",2.0,2.0,1.0,1.0,2.0,0.5,sensitivity_201,trade.cet_transformation_elasticity,1.3862943611198906,,,"Policy solve failed at virgin_metal_tax_tax_0_0075: status LOCALLY_INFEASIBLE, scaled residuals above tolerance 1, bound violations above tolerance 0."
sensitivity_223,policy,virgin_metal_tax_0_02,virgin_metal_tax,0.02,LOCALLY_INFEASIBLE,INFEASIBLE_POINT,false,12.533493148,0.0010150342300005999,1,0.0,0,material_composite_production_REU,eqpzs,IND_REU_NEW_ELMA,0.0010150342300005999,EOL_FLOW_EOL_DE_ELMA_INC,0.0,,0.5,2.0,0.5,2.0,2.0,0.5,sensitivity_466,circular_metal.material_substitution_elasticity,0.6931471805599453,true,true,
sensitivity_223,policy,virgin_metal_tax_0_02,virgin_metal_tax,0.02,,,false,,,,,,,,,,,,"Policy solve failed at virgin_metal_tax_tax_0_02: status LOCALLY_INFEASIBLE, scaled residuals above tolerance 1, bound violations above tolerance 0.",0.5,2.0,0.5,2.0,2.0,0.5,sensitivity_196,circular_routes.eol_allocation_elasticity,0.6931471805599453,,,"Policy solve failed at virgin_metal_tax_tax_0_02: status LOCALLY_INFEASIBLE, scaled residuals above tolerance 1, bound violations above tolerance 0."
sensitivity_223,policy,virgin_metal_tax_0_02,virgin_metal_tax,0.02,,,false,,,,,,,,,,,,"Policy solve failed at virgin_metal_tax_tax_0_02: status LOCALLY_INFEASIBLE, scaled residuals above tolerance 1, bound violations above tolerance 0.",0.5,2.0,0.5,2.0,2.0,0.5,sensitivity_232,circular_routes.service_elasticity,0.6931471805599453,,,"Policy solve failed at virgin_metal_tax_tax_0_02: status LOCALLY_INFEASIBLE, scaled residuals above tolerance 1, bound violations above tolerance 0."
sensitivity_223,policy,virgin_metal_tax_0_02,virgin_metal_tax,0.02,,,false,,,,,,,,,,,,"Policy solve failed at virgin_metal_tax_tax_0_01: status LOCALLY_INFEASIBLE, scaled residuals above tolerance 1, bound violations above tolerance 0.",0.5,2.0,0.5,2.0,2.0,0.5,sensitivity_224,trade.armington_elasticity,0.6931471805599453,,,"Policy solve failed at virgin_metal_tax_tax_0_01: status LOCALLY_INFEASIBLE, scaled residuals above tolerance 1, bound violations above tolerance 0."
sensitivity_223,policy,virgin_metal_tax_0_02,virgin_metal_tax,0.02,,,false,,,,,,,,,,,,"Policy solve failed at virgin_metal_tax_tax_0_0175: status LOCALLY_INFEASIBLE, scaled residuals above tolerance 3, bound violations above tolerance 0.",0.5,2.0,0.5,2.0,2.0,0.5,sensitivity_220,trade.cet_transformation_elasticity,0.6931471805599453,,,"Policy solve failed at virgin_metal_tax_tax_0_0175: status LOCALLY_INFEASIBLE, scaled residuals above tolerance 3, bound violations above tolerance 0."
sensitivity_223,policy,virgin_metal_tax_0_02,virgin_metal_tax,0.02,,,false,,,,,,,,,,,,"Policy solve failed at virgin_metal_tax_tax_0_02: status LOCALLY_INFEASIBLE, scaled residuals above tolerance 1, bound violations above tolerance 0.",0.5,2.0,0.5,2.0,2.0,0.5,sensitivity_169,circular_routes.eol_allocation_elasticity,1.3862943611198906,,,"Policy solve failed at virgin_metal_tax_tax_0_02: status LOCALLY_INFEASIBLE, scaled residuals above tolerance 1, bound violations above tolerance 0."
sensitivity_223,policy,virgin_metal_tax_0_02,virgin_metal_tax,0.02,,,false,,,,,,,,,,,,"Policy solve failed at virgin_metal_tax_tax_0_02: status LOCALLY_INFEASIBLE, scaled residuals above tolerance 1, bound violations above tolerance 0.",0.5,2.0,0.5,2.0,2.0,0.5,sensitivity_061,circular_routes.eol_productivity_elasticity,1.3862943611198906,,,"Policy solve failed at virgin_metal_tax_tax_0_02: status LOCALLY_INFEASIBLE, scaled residuals above tolerance 1, bound violations above tolerance 0."
sensitivity_223,policy,virgin_metal_tax_0_02,virgin_metal_tax,0.02,,,false,,,,,,,,,,,,"Policy solve failed at virgin_metal_tax_tax_0_02: status LOCALLY_INFEASIBLE, scaled residuals above tolerance 1, bound violations above tolerance 0.",0.5,2.0,0.5,2.0,2.0,0.5,sensitivity_241,circular_routes.service_elasticity,1.3862943611198906,,,"Policy solve failed at virgin_metal_tax_tax_0_02: status LOCALLY_INFEASIBLE, scaled residuals above tolerance 1, bound violations above tolerance 0."
sensitivity_223,policy,virgin_metal_tax_0_02,virgin_metal_tax,0.02,,,false,,,,,,,,,,,,"Policy solve failed at virgin_metal_tax_tax_0_01: status LOCALLY_INFEASIBLE, scaled residuals above tolerance 1, bound violations above tolerance 0.",0.5,2.0,0.5,2.0,2.0,0.5,sensitivity_225,trade.armington_elasticity,1.3862943611198906,,,"Policy solve failed at virgin_metal_tax_tax_0_01: status LOCALLY_INFEASIBLE, scaled residuals above tolerance 1, bound violations above tolerance 0."
sensitivity_223,policy,virgin_metal_tax_0_02,virgin_metal_tax,0.02,LOCALLY_INFEASIBLE,INFEASIBLE_POINT,false,19.326837843,0.0010668923548844411,1,0.0,0,material_composite_production_REU,eqpzs,IND_REU_NEW_ELMA,0.0010668923548844411,EOL_FLOW_EOL_DE_ELMA_INC,0.0,,0.5,2.0,0.5,2.0,2.0,0.5,sensitivity_217,trade.cet_transformation_elasticity,1.3862943611198906,true,true,
sensitivity_346,policy,virgin_metal_tax_0_02,virgin_metal_tax,0.02,LOCALLY_INFEASIBLE,INFEASIBLE_POINT,true,15.581303639,0.0008453254303687035,0,0.0,0,common_eu_trade,eu_cet_quantity,NEW_ELMA|SK,0.0008453254303687035,EOL_FLOW_EOL_DE_ELMA_INC,0.0,,0.5,1.0,2.0,0.5,1.0,1.0,sensitivity_103,circular_metal.material_substitution_elasticity,0.6931471805599453,true,true,
sensitivity_357,policy,virgin_metal_tax_0_02,virgin_metal_tax,0.02,,,false,,,,,,,,,,,,"Policy solve failed at virgin_metal_tax_tax_0_0125: status LOCALLY_INFEASIBLE, scaled residuals above tolerance 1, bound violations above tolerance 0.",2.0,1.0,0.5,1.0,1.0,1.0,sensitivity_114,circular_metal.material_substitution_elasticity,0.6931471805599453,,,"Policy solve failed at virgin_metal_tax_tax_0_0125: status LOCALLY_INFEASIBLE, scaled residuals above tolerance 1, bound violations above tolerance 0."
sensitivity_357,policy,virgin_metal_tax_0_02,virgin_metal_tax,0.02,,,false,,,,,,,,,,,,"Policy solve failed at virgin_metal_tax_tax_0_015000000000000001: status LOCALLY_INFEASIBLE, scaled residuals above tolerance 1, bound violations above tolerance 0.",2.0,1.0,0.5,1.0,1.0,1.0,sensitivity_600,circular_metal.material_substitution_elasticity,0.6931471805599453,,,"Policy solve failed at virgin_metal_tax_tax_0_015000000000000001: status LOCALLY_INFEASIBLE, scaled residuals above tolerance 1, bound violations above tolerance 0."
sensitivity_357,policy,virgin_metal_tax_0_02,virgin_metal_tax,0.02,,,false,,,,,,,,,,,,"Policy solve failed at virgin_metal_tax_tax_0_0075: status LOCALLY_INFEASIBLE, scaled residuals above tolerance 1, bound violations above tolerance 0.",2.0,1.0,0.5,1.0,1.0,1.0,sensitivity_330,circular_routes.eol_allocation_elasticity,0.6931471805599453,,,"Policy solve failed at virgin_metal_tax_tax_0_0075: status LOCALLY_INFEASIBLE, scaled residuals above tolerance 1, bound violations above tolerance 0."
sensitivity_357,policy,virgin_metal_tax_0_02,virgin_metal_tax,0.02,,,false,,,,,,,,,,,,"Policy solve failed at virgin_metal_tax_tax_0_0075: status LOCALLY_INFEASIBLE, scaled residuals above tolerance 3, bound violations above tolerance 0.",2.0,1.0,0.5,1.0,1.0,1.0,sensitivity_384,circular_routes.eol_allocation_elasticity,0.6931471805599453,,,"Policy solve failed at virgin_metal_tax_tax_0_0075: status LOCALLY_INFEASIBLE, scaled residuals above tolerance 3, bound violations above tolerance 0."
sensitivity_357,policy,virgin_metal_tax_0_02,virgin_metal_tax,0.02,,,false,,,,,,,,,,,,"Policy solve failed at virgin_metal_tax_tax_0_01: status LOCALLY_INFEASIBLE, scaled residuals above tolerance 1, bound violations above tolerance 0.",2.0,1.0,0.5,1.0,1.0,1.0,sensitivity_276,circular_routes.eol_productivity_elasticity,0.6931471805599453,,,"Policy solve failed at virgin_metal_tax_tax_0_01: status LOCALLY_INFEASIBLE, scaled residuals above tolerance 1, bound violations above tolerance 0."
sensitivity_357,policy,virgin_metal_tax_0_02,virgin_metal_tax,0.02,,,false,,,,,,,,,,,,"Policy solve failed at virgin_metal_tax_tax_0_005: status LOCALLY_INFEASIBLE, scaled residuals above tolerance 1, bound violations above tolerance 0.",2.0,1.0,0.5,1.0,1.0,1.0,sensitivity_438,circular_routes.eol_productivity_elasticity,0.6931471805599453,,,"Policy solve failed at virgin_metal_tax_tax_0_005: status LOCALLY_INFEASIBLE, scaled residuals above tolerance 1, bound violations above tolerance 0."
sensitivity_357,policy,virgin_metal_tax_0_02,virgin_metal_tax,0.02,LOCALLY_INFEASIBLE,INFEASIBLE_POINT,true,12.602270628,0.0008365809215587149,0,0.0,0,common_eu_trade,eu_cet_quantity,NEW_ELMA|SK,0.0008365809215587149,EOL_FLOW_EOL_DE_ELMA_INC,0.0,,2.0,1.0,0.5,1.0,1.0,1.0,sensitivity_366,circular_routes.service_elasticity,0.6931471805599453,true,true,
sensitivity_383,policy,virgin_metal_tax_0_02,virgin_metal_tax,0.02,,,false,,,,,,,,,,,,"Policy solve failed at virgin_metal_tax_tax_0_0025: status LOCALLY_INFEASIBLE, scaled residuals above tolerance 1, bound violations above tolerance 0.",1.0,1.0,0.5,2.0,1.0,1.0,sensitivity_140,circular_metal.material_substitution_elasticity,0.6931471805599453,,,"Policy solve failed at virgin_metal_tax_tax_0_0025: status LOCALLY_INFEASIBLE, scaled residuals above tolerance 1, bound violations above tolerance 0."
sensitivity_383,policy,virgin_metal_tax_0_02,virgin_metal_tax,0.02,,,false,,,,,,,,,,,,"Policy solve failed at virgin_metal_tax_tax_0_0075: status LOCALLY_INFEASIBLE, scaled residuals above tolerance 1, bound violations above tolerance 0.",1.0,1.0,0.5,2.0,1.0,1.0,sensitivity_626,circular_metal.material_substitution_elasticity,0.6931471805599453,,,"Policy solve failed at virgin_metal_tax_tax_0_0075: status LOCALLY_INFEASIBLE, scaled residuals above tolerance 1, bound violations above tolerance 0."
sensitivity_383,policy,virgin_metal_tax_0_02,virgin_metal_tax,0.02,LOCALLY_INFEASIBLE,INFEASIBLE_POINT,false,26.667713341,0.00522845120704063,1,0.0,0,observed_physical_flow_links,quantity_link,physical_SK_OFMA_REP_route_input_mass,0.00522845120704063,EOL_FLOW_EOL_DE_ELMA_INC,0.0,,1.0,1.0,0.5,2.0,1.0,1.0,sensitivity_356,circular_routes.eol_allocation_elasticity,0.6931471805599453,true,true,
sensitivity_383,policy,virgin_metal_tax_0_02,virgin_metal_tax,0.02,LOCALLY_INFEASIBLE,INFEASIBLE_POINT,true,15.267530696,0.000750956069549264,0,0.0,0,common_eu_trade,eu_cet_quantity,NEW_ELMA|SK,0.000750956069549264,EOL_FLOW_EOL_DE_ELMA_INC,0.0,,1.0,1.0,0.5,2.0,1.0,1.0,sensitivity_302,circular_routes.eol_productivity_elasticity,0.6931471805599453,true,true,
sensitivity_385,policy,virgin_metal_tax_0_02,virgin_metal_tax,0.02,,,false,,,,,,,,,,,,"Policy solve failed at virgin_metal_tax_tax_0_005: status TIME_LIMIT, scaled residuals above tolerance 1, bound violations above tolerance 0.",0.5,2.0,0.5,2.0,1.0,1.0,sensitivity_628,circular_metal.material_substitution_elasticity,0.6931471805599453,,,"Policy solve failed at virgin_metal_tax_tax_0_005: status TIME_LIMIT, scaled residuals above tolerance 1, bound violations above tolerance 0."
sensitivity_385,policy,virgin_metal_tax_0_02,virgin_metal_tax,0.02,,,false,,,,,,,,,,,,"Policy solve failed at virgin_metal_tax_tax_0_0125: status LOCALLY_INFEASIBLE, scaled residuals above tolerance 11, bound violations above tolerance 0.",0.5,2.0,0.5,2.0,1.0,1.0,sensitivity_358,circular_routes.eol_allocation_elasticity,0.6931471805599453,,,"Policy solve failed at virgin_metal_tax_tax_0_0125: status LOCALLY_INFEASIBLE, scaled residuals above tolerance 11, bound violations above tolerance 0."
sensitivity_385,policy,virgin_metal_tax_0_02,virgin_metal_tax,0.02,,,false,,,,,,,,,,,,"Policy solve failed at virgin_metal_tax_tax_0_02: status LOCALLY_INFEASIBLE, scaled residuals above tolerance 1, bound violations above tolerance 0.",0.5,2.0,0.5,2.0,1.0,1.0,sensitivity_304,circular_routes.eol_productivity_elasticity,0.6931471805599453,,,"Policy solve failed at virgin_metal_tax_tax_0_02: status LOCALLY_INFEASIBLE, scaled residuals above tolerance 1, bound violations above tolerance 0."
sensitivity_385,policy,virgin_metal_tax_0_02,virgin_metal_tax,0.02,LOCALLY_INFEASIBLE,INFEASIBLE_POINT,false,4.896500615,0.001008736839620994,1,0.0,0,material_composite_production_REU,eqpzs,IND_REU_NEW_ELMA,0.001008736839620994,EOL_FLOW_EOL_DE_ELMA_INC,0.0,,0.5,2.0,0.5,2.0,1.0,1.0,sensitivity_466,circular_routes.eol_productivity_elasticity,0.6931471805599453,true,true,
sensitivity_385,policy,virgin_metal_tax_0_02,virgin_metal_tax,0.02,,,false,,,,,,,,,,,,"Policy solve failed at virgin_metal_tax_tax_0_02: status LOCALLY_INFEASIBLE, scaled residuals above tolerance 2, bound violations above tolerance 0.",0.5,2.0,0.5,2.0,1.0,1.0,sensitivity_382,trade.cet_transformation_elasticity,0.6931471805599453,,,"Policy solve failed at virgin_metal_tax_tax_0_02: status LOCALLY_INFEASIBLE, scaled residuals above tolerance 2, bound violations above tolerance 0."
sensitivity_385,policy,virgin_metal_tax_0_02,virgin_metal_tax,0.02,,,false,,,,,,,,,,,,"Policy solve failed at virgin_metal_tax_tax_0_02: status LOCALLY_INFEASIBLE, scaled residuals above tolerance 1, bound violations above tolerance 0.",0.5,2.0,0.5,2.0,1.0,1.0,sensitivity_331,circular_routes.eol_allocation_elasticity,1.3862943611198906,,,"Policy solve failed at virgin_metal_tax_tax_0_02: status LOCALLY_INFEASIBLE, scaled residuals above tolerance 1, bound violations above tolerance 0."
sensitivity_385,policy,virgin_metal_tax_0_02,virgin_metal_tax,0.02,,,false,,,,,,,,,,,,"Policy solve failed at virgin_metal_tax_tax_0_005: status LOCALLY_INFEASIBLE, scaled residuals above tolerance 1, bound violations above tolerance 0.",0.5,2.0,0.5,2.0,1.0,1.0,sensitivity_403,circular_routes.service_elasticity,1.3862943611198906,,,"Policy solve failed at virgin_metal_tax_tax_0_005: status LOCALLY_INFEASIBLE, scaled residuals above tolerance 1, bound violations above tolerance 0."
sensitivity_385,policy,virgin_metal_tax_0_02,virgin_metal_tax,0.02,,,false,,,,,,,,,,,,"Policy solve failed at virgin_metal_tax_tax_0_02: status LOCALLY_INFEASIBLE, scaled residuals above tolerance 1, bound violations above tolerance 0.",0.5,2.0,0.5,2.0,1.0,1.0,sensitivity_379,trade.cet_transformation_elasticity,1.3862943611198906,,,"Policy solve failed at virgin_metal_tax_tax_0_02: status LOCALLY_INFEASIBLE, scaled residuals above tolerance 1, bound violations above tolerance 0."
sensitivity_386,policy,virgin_metal_tax_0_02,virgin_metal_tax,0.02,,,false,,,,,,,,,,,,"Policy solve failed at virgin_metal_tax_tax_0_02: status LOCALLY_INFEASIBLE, scaled residuals above tolerance 1, bound violations above tolerance 0.",1.0,2.0,0.5,2.0,1.0,1.0,sensitivity_629,circular_metal.material_substitution_elasticity,0.6931471805599453,,,"Policy solve failed at virgin_metal_tax_tax_0_02: status LOCALLY_INFEASIBLE, scaled residuals above tolerance 1, bound violations above tolerance 0."
sensitivity_386,policy,virgin_metal_tax_0_02,virgin_metal_tax,0.02,,,false,,,,,,,,,,,,"Policy solve failed at virgin_metal_tax_tax_0_0025: status LOCALLY_INFEASIBLE, scaled residuals above tolerance 1, bound violations above tolerance 0.",1.0,2.0,0.5,2.0,1.0,1.0,sensitivity_359,circular_routes.eol_allocation_elasticity,0.6931471805599453,,,"Policy solve failed at virgin_metal_tax_tax_0_0025: status LOCALLY_INFEASIBLE, scaled residuals above tolerance 1, bound violations above tolerance 0."
sensitivity_386,policy,virgin_metal_tax_0_02,virgin_metal_tax,0.02,LOCALLY_INFEASIBLE,INFEASIBLE_POINT,false,38.721661663,0.0010383957033757163,1,0.0,0,material_composite_production_REU,eqpzs,IND_REU_NEW_ELMA,0.0010383957033757163,EOL_FLOW_EOL_DE_ELMA_INC,0.0,,1.0,2.0,0.5,2.0,1.0,1.0,sensitivity_332,circular_routes.eol_allocation_elasticity,1.3862943611198906,true,true,
sensitivity_386,policy,virgin_metal_tax_0_02,virgin_metal_tax,0.02,,,false,,,,,,,,,,,,"Policy solve failed at virgin_metal_tax_tax_0_015000000000000001: status LOCALLY_INFEASIBLE, scaled residuals above tolerance 1, bound violations above tolerance 0.",1.0,2.0,0.5,2.0,1.0,1.0,sensitivity_404,circular_routes.service_elasticity,1.3862943611198906,,,"Policy solve failed at virgin_metal_tax_tax_0_015000000000000001: status LOCALLY_INFEASIBLE, scaled residuals above tolerance 1, bound violations above tolerance 0."
sensitivity_386,policy,virgin_metal_tax_0_02,virgin_metal_tax,0.02,LOCALLY_INFEASIBLE,INFEASIBLE_POINT,false,45.612479363,0.007596511160904096,1,0.0,0,observed_physical_flow_links,quantity_link,physical_SK_OFMA_REP_route_input_mass,0.007596511160904096,EOL_FLOW_EOL_DE_ELMA_INC,0.0,,1.0,2.0,0.5,2.0,1.0,1.0,sensitivity_380,trade.cet_transformation_elasticity,1.3862943611198906,true,true,
sensitivity_387,policy,virgin_metal_tax_0_02,virgin_metal_tax,0.02,,,false,,,,,,,,,,,,"Policy solve failed at virgin_metal_tax_tax_0_0175: status LOCALLY_INFEASIBLE, scaled residuals above tolerance 1, bound violations above tolerance 0.",2.0,2.0,0.5,2.0,1.0,1.0,sensitivity_360,circular_routes.eol_allocation_elasticity,0.6931471805599453,,,"Policy solve failed at virgin_metal_tax_tax_0_0175: status LOCALLY_INFEASIBLE, scaled residuals above tolerance 1, bound violations above tolerance 0."
sensitivity_387,policy,virgin_metal_tax_0_02,virgin_metal_tax,0.02,,,false,,,,,,,,,,,,"Policy solve failed at virgin_metal_tax_tax_0_0075: status LOCALLY_INFEASIBLE, scaled residuals above tolerance 1, bound violations above tolerance 0.",2.0,2.0,0.5,2.0,1.0,1.0,sensitivity_306,circular_routes.eol_productivity_elasticity,0.6931471805599453,,,"Policy solve failed at virgin_metal_tax_tax_0_0075: status LOCALLY_INFEASIBLE, scaled residuals above tolerance 1, bound violations above tolerance 0."
sensitivity_387,policy,virgin_metal_tax_0_02,virgin_metal_tax,0.02,,,false,,,,,,,,,,,,"Policy solve failed at virgin_metal_tax_tax_0_0125: status LOCALLY_INFEASIBLE, scaled residuals above tolerance 1, bound violations above tolerance 0.",2.0,2.0,0.5,2.0,1.0,1.0,sensitivity_468,circular_routes.eol_productivity_elasticity,0.6931471805599453,,,"Policy solve failed at virgin_metal_tax_tax_0_0125: status LOCALLY_INFEASIBLE, scaled residuals above tolerance 1, bound violations above tolerance 0."
sensitivity_387,policy,virgin_metal_tax_0_02,virgin_metal_tax,0.02,,,false,,,,,,,,,,,,"Policy solve failed at virgin_metal_tax_tax_0_0075: status LOCALLY_INFEASIBLE, scaled residuals above tolerance 3, bound violations above tolerance 0.",2.0,2.0,0.5,2.0,1.0,1.0,sensitivity_384,trade.cet_transformation_elasticity,0.6931471805599453,,,"Policy solve failed at virgin_metal_tax_tax_0_0075: status LOCALLY_INFEASIBLE, scaled residuals above tolerance 3, bound violations above tolerance 0."
sensitivity_387,policy,virgin_metal_tax_0_02,virgin_metal_tax,0.02,,,false,,,,,,,,,,,,"Policy solve failed at virgin_metal_tax_tax_0_0125: status LOCALLY_INFEASIBLE, scaled residuals above tolerance 1, bound violations above tolerance 0.",2.0,2.0,0.5,2.0,1.0,1.0,sensitivity_333,circular_routes.eol_allocation_elasticity,1.3862943611198906,,,"Policy solve failed at virgin_metal_tax_tax_0_0125: status LOCALLY_INFEASIBLE, scaled residuals above tolerance 1, bound violations above tolerance 0."
sensitivity_387,policy,virgin_metal_tax_0_02,virgin_metal_tax,0.02,,,false,,,,,,,,,,,,"Policy solve failed at virgin_metal_tax_tax_0_0175: status LOCALLY_INFEASIBLE, scaled residuals above tolerance 1, bound violations above tolerance 0.",2.0,2.0,0.5,2.0,1.0,1.0,sensitivity_405,circular_routes.service_elasticity,1.3862943611198906,,,"Policy solve failed at virgin_metal_tax_tax_0_0175: status LOCALLY_INFEASIBLE, scaled residuals above tolerance 1, bound violations above tolerance 0."
sensitivity_387,policy,virgin_metal_tax_0_02,virgin_metal_tax,0.02,LOCALLY_INFEASIBLE,INFEASIBLE_POINT,false,5.453853924,0.0010000302543221595,1,0.0,0,material_composite_production_SK,eqpzs,IND_SK_NEW_ELMA,0.0010000302543221595,EOL_FLOW_EOL_DE_ELMA_INC,0.0,,2.0,2.0,0.5,2.0,1.0,1.0,sensitivity_381,trade.cet_transformation_elasticity,1.3862943611198906,true,true,
sensitivity_394,policy,virgin_metal_tax_0_02,virgin_metal_tax,0.02,,,false,,,,,,,,,,,,"Policy solve failed at virgin_metal_tax_tax_0_0175: status LOCALLY_INFEASIBLE, scaled residuals above tolerance 1, bound violations above tolerance 0.",0.5,2.0,1.0,2.0,1.0,1.0,sensitivity_151,circular_metal.material_substitution_elasticity,0.6931471805599453,,,"Policy solve failed at virgin_metal_tax_tax_0_0175: status LOCALLY_INFEASIBLE, scaled residuals above tolerance 1, bound violations above tolerance 0."
sensitivity_394,policy,virgin_metal_tax_0_02,virgin_metal_tax,0.02,,,false,,,,,,,,,,,,"Policy solve failed at virgin_metal_tax_tax_0_0125: status LOCALLY_INFEASIBLE, scaled residuals above tolerance 1, bound violations above tolerance 0.",0.5,2.0,1.0,2.0,1.0,1.0,sensitivity_367,circular_routes.eol_allocation_elasticity,0.6931471805599453,,,"Policy solve failed at virgin_metal_tax_tax_0_0125: status LOCALLY_INFEASIBLE, scaled residuals above tolerance 1, bound violations above tolerance 0."
sensitivity_394,policy,virgin_metal_tax_0_02,virgin_metal_tax,0.02,LOCALLY_INFEASIBLE,INFEASIBLE_POINT,true,6.096887905,0.0009843956565807055,0,0.0,0,material_composite_production_REU,eqpzs,IND_REU_NEW_ELMA,0.0009843956565807055,EOL_FLOW_EOL_DE_ELMA_INC,0.0,,0.5,2.0,1.0,2.0,1.0,1.0,sensitivity_313,circular_routes.eol_productivity_elasticity,0.6931471805599453,true,true,
sensitivity_395,policy,virgin_metal_tax_0_02,virgin_metal_tax,0.02,,,false,,,,,,,,,,,,"Policy solve failed at virgin_metal_tax_tax_0_02: status LOCALLY_INFEASIBLE, scaled residuals above tolerance 25, bound violations above tolerance 0.",1.0,2.0,1.0,2.0,1.0,1.0,sensitivity_368,circular_routes.eol_allocation_elasticity,0.6931471805599453,,,"Policy solve failed at virgin_metal_tax_tax_0_02: status LOCALLY_INFEASIBLE, scaled residuals above tolerance 25, bound violations above tolerance 0."
sensitivity_395,policy,virgin_metal_tax_0_02,virgin_metal_tax,0.02,,,false,,,,,,,,,,,,"Policy solve failed at virgin_metal_tax_tax_0_0125: status LOCALLY_INFEASIBLE, scaled residuals above tolerance 1, bound violations above tolerance 0.",1.0,2.0,1.0,2.0,1.0,1.0,sensitivity_314,circular_routes.eol_productivity_elasticity,0.6931471805599453,,,"Policy solve failed at virgin_metal_tax_tax_0_0125: status LOCALLY_INFEASIBLE, scaled residuals above tolerance 1, bound violations above tolerance 0."
sensitivity_395,policy,virgin_metal_tax_0_02,virgin_metal_tax,0.02,LOCALLY_INFEASIBLE,INFEASIBLE_POINT,false,39.966256682,0.0021714977114428713,1,0.0,0,observed_physical_flow_links,quantity_link,physical_SK_OFMA_REP_route_input_mass,0.0021714977114428713,EOL_FLOW_EOL_DE_ELMA_INC,0.0,,1.0,2.0,1.0,2.0,1.0,1.0,sensitivity_476,circular_routes.eol_productivity_elasticity,0.6931471805599453,true,true,
sensitivity_395,policy,virgin_metal_tax_0_02,virgin_metal_tax,0.02,,,false,,,,,,,,,,,,"Policy solve failed at virgin_metal_tax_tax_0_015000000000000001: status LOCALLY_INFEASIBLE, scaled residuals above tolerance 1, bound violations above tolerance 0.",1.0,2.0,1.0,2.0,1.0,1.0,sensitivity_404,circular_routes.service_elasticity,0.6931471805599453,,,"Policy solve failed at virgin_metal_tax_tax_0_015000000000000001: status LOCALLY_INFEASIBLE, scaled residuals above tolerance 1, bound violations above tolerance 0."
sensitivity_395,policy,virgin_metal_tax_0_02,virgin_metal_tax,0.02,LOCALLY_INFEASIBLE,INFEASIBLE_POINT,false,21.236678789,0.0010627546037038638,1,0.0,0,material_composite_production_REU,eqpzs,IND_REU_NEW_ELMA,0.0010627546037038638,EOL_FLOW_EOL_DE_ELMA_INC,0.0,,1.0,2.0,1.0,2.0,1.0,1.0,sensitivity_392,trade.cet_transformation_elasticity,0.6931471805599453,true,true,
sensitivity_395,policy,virgin_metal_tax_0_02,virgin_metal_tax,0.02,,,false,,,,,,,,,,,,"Policy solve failed at virgin_metal_tax_tax_0_0075: status OTHER_ERROR, scaled residuals above tolerance 0, bound violations above tolerance 0.",1.0,2.0,1.0,2.0,1.0,1.0,sensitivity_341,circular_routes.eol_allocation_elasticity,1.3862943611198906,,,"Policy solve failed at virgin_metal_tax_tax_0_0075: status OTHER_ERROR, scaled residuals above tolerance 0, bound violations above tolerance 0."
sensitivity_395,policy,virgin_metal_tax_0_02,virgin_metal_tax,0.02,,,false,,,,,,,,,,,,"Policy solve failed at virgin_metal_tax_tax_0_0125: status LOCALLY_INFEASIBLE, scaled residuals above tolerance 1, bound violations above tolerance 0.",1.0,2.0,1.0,2.0,1.0,1.0,sensitivity_389,trade.cet_transformation_elasticity,1.3862943611198906,,,"Policy solve failed at virgin_metal_tax_tax_0_0125: status LOCALLY_INFEASIBLE, scaled residuals above tolerance 1, bound violations above tolerance 0."
sensitivity_396,policy,virgin_metal_tax_0_02,virgin_metal_tax,0.02,,,false,,,,,,,,,,,,"Policy solve failed at virgin_metal_tax_tax_0_0075: status LOCALLY_INFEASIBLE, scaled residuals above tolerance 3, bound violations above tolerance 0.",2.0,2.0,1.0,2.0,1.0,1.0,sensitivity_639,circular_metal.material_substitution_elasticity,0.6931471805599453,,,"Policy solve failed at virgin_metal_tax_tax_0_0075: status LOCALLY_INFEASIBLE, scaled residuals above tolerance 3, bound violations above tolerance 0."
sensitivity_396,policy,virgin_metal_tax_0_02,virgin_metal_tax,0.02,,,false,,,,,,,,,,,,"Policy solve failed at virgin_metal_tax_tax_0_0075: status LOCALLY_INFEASIBLE, scaled residuals above tolerance 1, bound violations above tolerance 0.",2.0,2.0,1.0,2.0,1.0,1.0,sensitivity_369,circular_routes.eol_allocation_elasticity,0.6931471805599453,,,"Policy solve failed at virgin_metal_tax_tax_0_0075: status LOCALLY_INFEASIBLE, scaled residuals above tolerance 1, bound violations above tolerance 0."
sensitivity_396,policy,virgin_metal_tax_0_02,virgin_metal_tax,0.02,,,false,,,,,,,,,,,,"Policy solve failed at virgin_metal_tax_tax_0_01: status LOCALLY_INFEASIBLE, scaled residuals above tolerance 3, bound violations above tolerance 0.",2.0,2.0,1.0,2.0,1.0,1.0,sensitivity_315,circular_routes.eol_productivity_elasticity,0.6931471805599453,,,"Policy solve failed at virgin_metal_tax_tax_0_01: status LOCALLY_INFEASIBLE, scaled residuals above tolerance 3, bound violations above tolerance 0."
sensitivity_396,policy,virgin_metal_tax_0_02,virgin_metal_tax,0.02,,,false,,,,,,,,,,,,"Policy solve failed at virgin_metal_tax_tax_0_0175: status LOCALLY_INFEASIBLE, scaled residuals above tolerance 1, bound violations above tolerance 0.",2.0,2.0,1.0,2.0,1.0,1.0,sensitivity_405,circular_routes.service_elasticity,0.6931471805599453,,,"Policy solve failed at virgin_metal_tax_tax_0_0175: status LOCALLY_INFEASIBLE, scaled residuals above tolerance 1, bound violations above tolerance 0."
sensitivity_396,policy,virgin_metal_tax_0_02,virgin_metal_tax,0.02,,,false,,,,,,,,,,,,"Policy solve failed at virgin_metal_tax_tax_0_02: status LOCALLY_INFEASIBLE, scaled residuals above tolerance 1, bound violations above tolerance 0.",2.0,2.0,1.0,2.0,1.0,1.0,sensitivity_393,trade.cet_transformation_elasticity,0.6931471805599453,,,"Policy solve failed at virgin_metal_tax_tax_0_02: status LOCALLY_INFEASIBLE, scaled residuals above tolerance 1, bound violations above tolerance 0."
sensitivity_396,policy,virgin_metal_tax_0_02,virgin_metal_tax,0.02,,,false,,,,,,,,,,,,"Policy solve failed at virgin_metal_tax_tax_0_0175: status LOCALLY_INFEASIBLE, scaled residuals above tolerance 1, bound violations above tolerance 0.",2.0,2.0,1.0,2.0,1.0,1.0,sensitivity_342,circular_routes.eol_allocation_elasticity,1.3862943611198906,,,"Policy solve failed at virgin_metal_tax_tax_0_0175: status LOCALLY_INFEASIBLE, scaled residuals above tolerance 1, bound violations above tolerance 0."
sensitivity_396,policy,virgin_metal_tax_0_02,virgin_metal_tax,0.02,,,false,,,,,,,,,,,,"Policy solve failed at virgin_metal_tax_tax_0_02: status LOCALLY_INFEASIBLE, scaled residuals above tolerance 1, bound violations above tolerance 0.",2.0,2.0,1.0,2.0,1.0,1.0,sensitivity_390,trade.cet_transformation_elasticity,1.3862943611198906,,,"Policy solve failed at virgin_metal_tax_tax_0_02: status LOCALLY_INFEASIBLE, scaled residuals above tolerance 1, bound violations above tolerance 0."
sensitivity_439,policy,virgin_metal_tax_0_02,virgin_metal_tax,0.02,,,false,,,,,,,,,,,,"Policy solve failed at virgin_metal_tax_tax_0_02: status LOCALLY_INFEASIBLE, scaled residuals above tolerance 1, bound violations above tolerance 0.",0.5,2.0,0.5,1.0,2.0,1.0,sensitivity_196,circular_metal.material_substitution_elasticity,0.6931471805599453,,,"Policy solve failed at virgin_metal_tax_tax_0_02: status LOCALLY_INFEASIBLE, scaled residuals above tolerance 1, bound violations above tolerance 0."
sensitivity_439,policy,virgin_metal_tax_0_02,virgin_metal_tax,0.02,,,false,,,,,,,,,,,,"Policy solve failed at virgin_metal_tax_tax_0_005: status LOCALLY_INFEASIBLE, scaled residuals above tolerance 1, bound violations above tolerance 0.",0.5,2.0,0.5,1.0,2.0,1.0,sensitivity_682,circular_metal.material_substitution_elasticity,0.6931471805599453,,,"Policy solve failed at virgin_metal_tax_tax_0_005: status LOCALLY_INFEASIBLE, scaled residuals above tolerance 1, bound violations above tolerance 0."
sensitivity_439,policy,virgin_metal_tax_0_02,virgin_metal_tax,0.02,,,false,,,,,,,,,,,,"Policy solve failed at virgin_metal_tax_tax_0_01: status LOCALLY_INFEASIBLE, scaled residuals above tolerance 1, bound violations above tolerance 0.",0.5,2.0,0.5,1.0,2.0,1.0,sensitivity_412,circular_routes.eol_allocation_elasticity,0.6931471805599453,,,"Policy solve failed at virgin_metal_tax_tax_0_01: status LOCALLY_INFEASIBLE, scaled residuals above tolerance 1, bound violations above tolerance 0."
sensitivity_439,policy,virgin_metal_tax_0_02,virgin_metal_tax,0.02,LOCALLY_INFEASIBLE,INFEASIBLE_POINT,false,13.520478056,0.0010602115016199454,1,0.0,0,material_composite_production_REU,eqpzs,IND_REU_NEW_ELMA,0.0010602115016199454,EOL_FLOW_EOL_DE_ELMA_INC,0.0,,0.5,2.0,0.5,1.0,2.0,1.0,sensitivity_466,circular_routes.eol_allocation_elasticity,0.6931471805599453,true,true,
sensitivity_439,policy,virgin_metal_tax_0_02,virgin_metal_tax,0.02,,,false,,,,,,,,,,,,"Policy solve failed at virgin_metal_tax_tax_0_0125: status LOCALLY_INFEASIBLE, scaled residuals above tolerance 11, bound violations above tolerance 0.",0.5,2.0,0.5,1.0,2.0,1.0,sensitivity_358,circular_routes.eol_productivity_elasticity,0.6931471805599453,,,"Policy solve failed at virgin_metal_tax_tax_0_0125: status LOCALLY_INFEASIBLE, scaled residuals above tolerance 11, bound violations above tolerance 0."
sensitivity_439,policy,virgin_metal_tax_0_02,virgin_metal_tax,0.02,,,false,,,,,,,,,,,,"Policy solve failed at virgin_metal_tax_tax_0_01: status LOCALLY_INFEASIBLE, scaled residuals above tolerance 1, bound violations above tolerance 0.",0.5,2.0,0.5,1.0,2.0,1.0,sensitivity_436,trade.cet_transformation_elasticity,0.6931471805599453,,,"Policy solve failed at virgin_metal_tax_tax_0_01: status LOCALLY_INFEASIBLE, scaled residuals above tolerance 1, bound violations above tolerance 0."
sensitivity_439,policy,virgin_metal_tax_0_02,virgin_metal_tax,0.02,LOCALLY_INFEASIBLE,INFEASIBLE_POINT,false,5.817505636,0.0010376527590238993,1,0.0,0,material_composite_production_REU,eqpzs,IND_REU_NEW_ELMA,0.0010376527590238993,EOL_FLOW_EOL_DE_ELMA_INC,0.0,,0.5,2.0,0.5,1.0,2.0,1.0,sensitivity_277,circular_routes.eol_productivity_elasticity,1.3862943611198906,true,true,
sensitivity_439,policy,virgin_metal_tax_0_02,virgin_metal_tax,0.02,,,false,,,,,,,,,,,,"Policy solve failed at virgin_metal_tax_tax_0_0175: status LOCALLY_INFEASIBLE, scaled residuals above tolerance 1, bound violations above tolerance 0.",0.5,2.0,0.5,1.0,2.0,1.0,sensitivity_433,trade.cet_transformation_elasticity,1.3862943611198906,,,"Policy solve failed at virgin_metal_tax_tax_0_0175: status LOCALLY_INFEASIBLE, scaled residuals above tolerance 1, bound violations above tolerance 0."
sensitivity_440,policy,virgin_metal_tax_0_02,virgin_metal_tax,0.02,,,false,,,,,,,,,,,,"Policy solve failed at virgin_metal_tax_tax_0_0175: status LOCALLY_INFEASIBLE, scaled residuals above tolerance 1, bound violations above tolerance 0.",1.0,2.0,0.5,1.0,2.0,1.0,sensitivity_197,circular_metal.material_substitution_elasticity,0.6931471805599453,,,"Policy solve failed at virgin_metal_tax_tax_0_0175: status LOCALLY_INFEASIBLE, scaled residuals above tolerance 1, bound violations above tolerance 0."
sensitivity_440,policy,virgin_metal_tax_0_02,virgin_metal_tax,0.02,LOCALLY_INFEASIBLE,INFEASIBLE_POINT,false,11.884917193,0.0010564958181458195,1,0.0,0,material_composite_production_REU,eqpzs,IND_REU_NEW_ELMA,0.0010564958181458195,EOL_FLOW_EOL_DE_ELMA_INC,0.0,,1.0,2.0,0.5,1.0,2.0,1.0,sensitivity_413,circular_routes.eol_allocation_elasticity,0.6931471805599453,true,true,
sensitivity_440,policy,virgin_metal_tax_0_02,virgin_metal_tax,0.02,,,false,,,,,,,,,,,,"Policy solve failed at virgin_metal_tax_tax_0_0025: status LOCALLY_INFEASIBLE, scaled residuals above tolerance 1, bound violations above tolerance 0.",1.0,2.0,0.5,1.0,2.0,1.0,sensitivity_359,circular_routes.eol_productivity_elasticity,0.6931471805599453,,,"Policy solve failed at virgin_metal_tax_tax_0_0025: status LOCALLY_INFEASIBLE, scaled residuals above tolerance 1, bound violations above tolerance 0."
sensitivity_440,policy,virgin_metal_tax_0_02,virgin_metal_tax,0.02,,,false,,,,,,,,,,,,"Policy solve failed at virgin_metal_tax_tax_0_0075: status LOCALLY_INFEASIBLE, scaled residuals above tolerance 1, bound violations above tolerance 0.",1.0,2.0,0.5,1.0,2.0,1.0,sensitivity_449,circular_routes.service_elasticity,0.6931471805599453,,,"Policy solve failed at virgin_metal_tax_tax_0_0075: status LOCALLY_INFEASIBLE, scaled residuals above tolerance 1, bound violations above tolerance 0."
sensitivity_440,policy,virgin_metal_tax_0_02,virgin_metal_tax,0.02,,,false,,,,,,,,,,,,"Policy solve failed at virgin_metal_tax_tax_0_005: status LOCALLY_INFEASIBLE, scaled residuals above tolerance 1, bound violations above tolerance 0.",1.0,2.0,0.5,1.0,2.0,1.0,sensitivity_437,trade.cet_transformation_elasticity,0.6931471805599453,,,"Policy solve failed at virgin_metal_tax_tax_0_005: status LOCALLY_INFEASIBLE, scaled residuals above tolerance 1, bound violations above tolerance 0."
sensitivity_440,policy,virgin_metal_tax_0_02,virgin_metal_tax,0.02,LOCALLY_INFEASIBLE,INFEASIBLE_POINT,false,13.927980896,0.0010616845796594943,1,0.0,0,material_composite_production_REU,eqpzs,IND_REU_NEW_ELMA,0.0010616845796594943,EOL_FLOW_EOL_DE_ELMA_INC,0.0,,1.0,2.0,0.5,1.0,2.0,1.0,sensitivity_278,circular_routes.eol_productivity_elasticity,1.3862943611198906,true,true,
sensitivity_440,policy,virgin_metal_tax_0_02,virgin_metal_tax,0.02,,,false,,,,,,,,,,,,"Policy solve failed at virgin_metal_tax_tax_0_01: status LOCALLY_INFEASIBLE, scaled residuals above tolerance 1, bound violations above tolerance 0.",1.0,2.0,0.5,1.0,2.0,1.0,sensitivity_458,circular_routes.service_elasticity,1.3862943611198906,,,"Policy solve failed at virgin_metal_tax_tax_0_01: status LOCALLY_INFEASIBLE, scaled residuals above tolerance 1, bound violations above tolerance 0."
sensitivity_440,policy,virgin_metal_tax_0_02,virgin_metal_tax,0.02,,,false,,,,,,,,,,,,"Policy solve failed at virgin_metal_tax_tax_0_0175: status LOCALLY_INFEASIBLE, scaled residuals above tolerance 1, bound violations above tolerance 0.",1.0,2.0,0.5,1.0,2.0,1.0,sensitivity_434,trade.cet_transformation_elasticity,1.3862943611198906,,,"Policy solve failed at virgin_metal_tax_tax_0_0175: status LOCALLY_INFEASIBLE, scaled residuals above tolerance 1, bound violations above tolerance 0."
sensitivity_441,policy,virgin_metal_tax_0_02,virgin_metal_tax,0.02,,,false,,,,,,,,,,,,"Policy solve failed at virgin_metal_tax_tax_0_0175: status LOCALLY_INFEASIBLE, scaled residuals above tolerance 1, bound violations above tolerance 0.",2.0,2.0,0.5,1.0,2.0,1.0,sensitivity_198,circular_metal.material_substitution_elasticity,0.6931471805599453,,,"Policy solve failed at virgin_metal_tax_tax_0_0175: status LOCALLY_INFEASIBLE, scaled residuals above tolerance 1, bound violations above tolerance 0."
sensitivity_441,policy,virgin_metal_tax_0_02,virgin_metal_tax,0.02,,,false,,,,,,,,,,,,"Policy solve failed at virgin_metal_tax_tax_0_02: status LOCALLY_INFEASIBLE, scaled residuals above tolerance 1, bound violations above tolerance 0.",2.0,2.0,0.5,1.0,2.0,1.0,sensitivity_414,circular_routes.eol_allocation_elasticity,0.6931471805599453,,,"Policy solve failed at virgin_metal_tax_tax_0_02: status LOCALLY_INFEASIBLE, scaled residuals above tolerance 1, bound violations above tolerance 0."
sensitivity_441,policy,virgin_metal_tax_0_02,virgin_metal_tax,0.02,,,false,,,,,,,,,,,,"Policy solve failed at virgin_metal_tax_tax_0_0125: status LOCALLY_INFEASIBLE, scaled residuals above tolerance 1, bound violations above tolerance 0.",2.0,2.0,0.5,1.0,2.0,1.0,sensitivity_468,circular_routes.eol_allocation_elasticity,0.6931471805599453,,,"Policy solve failed at virgin_metal_tax_tax_0_0125: status LOCALLY_INFEASIBLE, scaled residuals above tolerance 1, bound violations above tolerance 0."
sensitivity_441,policy,virgin_metal_tax_0_02,virgin_metal_tax,0.02,,,false,,,,,,,,,,,,"Policy solve failed at virgin_metal_tax_tax_0_0175: status LOCALLY_INFEASIBLE, scaled residuals above tolerance 1, bound violations above tolerance 0.",2.0,2.0,0.5,1.0,2.0,1.0,sensitivity_360,circular_routes.eol_productivity_elasticity,0.6931471805599453,,,"Policy solve failed at virgin_metal_tax_tax_0_0175: status LOCALLY_INFEASIBLE, scaled residuals above tolerance 1, bound violations above tolerance 0."
sensitivity_441,policy,virgin_metal_tax_0_02,virgin_metal_tax,0.02,,,false,,,,,,,,,,,,"Policy solve failed at virgin_metal_tax_tax_0_005: status LOCALLY_INFEASIBLE, scaled residuals above tolerance 1, bound violations above tolerance 0.",2.0,2.0,0.5,1.0,2.0,1.0,sensitivity_438,trade.cet_transformation_elasticity,0.6931471805599453,,,"Policy solve failed at virgin_metal_tax_tax_0_005: status LOCALLY_INFEASIBLE, scaled residuals above tolerance 1, bound violations above tolerance 0."
sensitivity_441,policy,virgin_metal_tax_0_02,virgin_metal_tax,0.02,,,false,,,,,,,,,,,,"Policy solve failed at virgin_metal_tax_tax_0_015000000000000001: status LOCALLY_INFEASIBLE, scaled residuals above tolerance 1, bound violations above tolerance 0.",2.0,2.0,0.5,1.0,2.0,1.0,sensitivity_279,circular_routes.eol_productivity_elasticity,1.3862943611198906,,,"Policy solve failed at virgin_metal_tax_tax_0_015000000000000001: status LOCALLY_INFEASIBLE, scaled residuals above tolerance 1, bound violations above tolerance 0."
sensitivity_441,policy,virgin_metal_tax_0_02,virgin_metal_tax,0.02,,,false,,,,,,,,,,,,"Policy solve failed at virgin_metal_tax_tax_0_0125: status LOCALLY_INFEASIBLE, scaled residuals above tolerance 1, bound violations above tolerance 0.",2.0,2.0,0.5,1.0,2.0,1.0,sensitivity_435,trade.cet_transformation_elasticity,1.3862943611198906,,,"Policy solve failed at virgin_metal_tax_tax_0_0125: status LOCALLY_INFEASIBLE, scaled residuals above tolerance 1, bound violations above tolerance 0."
sensitivity_448,policy,virgin_metal_tax_0_02,virgin_metal_tax,0.02,,,false,,,,,,,,,,,,"Policy solve failed at virgin_metal_tax_tax_0_01: status LOCALLY_INFEASIBLE, scaled residuals above tolerance 1, bound violations above tolerance 0.",0.5,2.0,1.0,1.0,2.0,1.0,sensitivity_205,circular_metal.material_substitution_elasticity,0.6931471805599453,,,"Policy solve failed at virgin_metal_tax_tax_0_01: status LOCALLY_INFEASIBLE, scaled residuals above tolerance 1, bound violations above tolerance 0."
sensitivity_448,policy,virgin_metal_tax_0_02,virgin_metal_tax,0.02,,,false,,,,,,,,,,,,"Policy solve failed at virgin_metal_tax_tax_0_01: status LOCALLY_INFEASIBLE, scaled residuals above tolerance 3, bound violations above tolerance 0.",0.5,2.0,1.0,1.0,2.0,1.0,sensitivity_691,circular_metal.material_substitution_elasticity,0.6931471805599453,,,"Policy solve failed at virgin_metal_tax_tax_0_01: status LOCALLY_INFEASIBLE, scaled residuals above tolerance 3, bound violations above tolerance 0."
sensitivity_448,policy,virgin_metal_tax_0_02,virgin_metal_tax,0.02,,,false,,,,,,,,,,,,"Policy solve failed at virgin_metal_tax_tax_0_02: status LOCALLY_INFEASIBLE, scaled residuals above tolerance 1, bound violations above tolerance 0.",0.5,2.0,1.0,1.0,2.0,1.0,sensitivity_421,circular_routes.eol_allocation_elasticity,0.6931471805599453,,,"Policy solve failed at virgin_metal_tax_tax_0_02: status LOCALLY_INFEASIBLE, scaled residuals above tolerance 1, bound violations above tolerance 0."
sensitivity_448,policy,virgin_metal_tax_0_02,virgin_metal_tax,0.02,,,false,,,,,,,,,,,,"Policy solve failed at virgin_metal_tax_tax_0_0125: status LOCALLY_INFEASIBLE, scaled residuals above tolerance 1, bound violations above tolerance 0.",0.5,2.0,1.0,1.0,2.0,1.0,sensitivity_367,circular_routes.eol_productivity_elasticity,0.6931471805599453,,,"Policy solve failed at virgin_metal_tax_tax_0_0125: status LOCALLY_INFEASIBLE, scaled residuals above tolerance 1, bound violations above tolerance 0."
sensitivity_448,policy,virgin_metal_tax_0_02,virgin_metal_tax,0.02,,,false,,,,,,,,,,,,"Policy solve failed at virgin_metal_tax_tax_0_0075: status LOCALLY_INFEASIBLE, scaled residuals above tolerance 1, bound violations above tolerance 0.",0.5,2.0,1.0,1.0,2.0,1.0,sensitivity_449,trade.armington_elasticity,0.6931471805599453,,,"Policy solve failed at virgin_metal_tax_tax_0_0075: status LOCALLY_INFEASIBLE, scaled residuals above tolerance 1, bound violations above tolerance 0."
sensitivity_448,policy,virgin_metal_tax_0_02,virgin_metal_tax,0.02,,,false,,,,,,,,,,,,"Policy solve failed at virgin_metal_tax_tax_0_02: status LOCALLY_INFEASIBLE, scaled residuals above tolerance 2, bound violations above tolerance 0.",0.5,2.0,1.0,1.0,2.0,1.0,sensitivity_445,trade.cet_transformation_elasticity,0.6931471805599453,,,"Policy solve failed at virgin_metal_tax_tax_0_02: status LOCALLY_INFEASIBLE, scaled residuals above tolerance 2, bound violations above tolerance 0."
sensitivity_448,policy,virgin_metal_tax_0_02,virgin_metal_tax,0.02,,,false,,,,,,,,,,,,"Policy solve failed at virgin_metal_tax_tax_0_02: status LOCALLY_INFEASIBLE, scaled residuals above tolerance 1, bound violations above tolerance 0.",0.5,2.0,1.0,1.0,2.0,1.0,sensitivity_286,circular_routes.eol_productivity_elasticity,1.3862943611198906,,,"Policy solve failed at virgin_metal_tax_tax_0_02: status LOCALLY_INFEASIBLE, scaled residuals above tolerance 1, bound violations above tolerance 0."
sensitivity_448,policy,virgin_metal_tax_0_02,virgin_metal_tax,0.02,,,false,,,,,,,,,,,,"Policy solve failed at virgin_metal_tax_tax_0_0125: status LOCALLY_INFEASIBLE, scaled residuals above tolerance 1, bound violations above tolerance 0.",0.5,2.0,1.0,1.0,2.0,1.0,sensitivity_442,trade.cet_transformation_elasticity,1.3862943611198906,,,"Policy solve failed at virgin_metal_tax_tax_0_0125: status LOCALLY_INFEASIBLE, scaled residuals above tolerance 1, bound violations above tolerance 0."
sensitivity_450,policy,virgin_metal_tax_0_02,virgin_metal_tax,0.02,,,false,,,,,,,,,,,,"Policy solve failed at virgin_metal_tax_tax_0_005: status LOCALLY_INFEASIBLE, scaled residuals above tolerance 1, bound violations above tolerance 0.",2.0,2.0,1.0,1.0,2.0,1.0,sensitivity_423,circular_routes.eol_allocation_elasticity,0.6931471805599453,,,"Policy solve failed at virgin_metal_tax_tax_0_005: status LOCALLY_INFEASIBLE, scaled residuals above tolerance 1, bound violations above tolerance 0."
sensitivity_450,policy,virgin_metal_tax_0_02,virgin_metal_tax,0.02,,,false,,,,,,,,,,,,"Policy solve failed at virgin_metal_tax_tax_0_0075: status LOCALLY_INFEASIBLE, scaled residuals above tolerance 1, bound violations above tolerance 0.",2.0,2.0,1.0,1.0,2.0,1.0,sensitivity_369,circular_routes.eol_productivity_elasticity,0.6931471805599453,,,"Policy solve failed at virgin_metal_tax_tax_0_0075: status LOCALLY_INFEASIBLE, scaled residuals above tolerance 1, bound violations above tolerance 0."
sensitivity_450,policy,virgin_metal_tax_0_02,virgin_metal_tax,0.02,,,false,,,,,,,,,,,,"Policy solve failed at virgin_metal_tax_tax_0_0075: status LOCALLY_INFEASIBLE, scaled residuals above tolerance 1, bound violations above tolerance 0.",2.0,2.0,1.0,1.0,2.0,1.0,sensitivity_449,trade.armington_elasticity,0.6931471805599453,,,"Policy solve failed at virgin_metal_tax_tax_0_0075: status LOCALLY_INFEASIBLE, scaled residuals above tolerance 1, bound violations above tolerance 0."
sensitivity_450,policy,virgin_metal_tax_0_02,virgin_metal_tax,0.02,,,false,,,,,,,,,,,,"Policy solve failed at virgin_metal_tax_tax_0_015000000000000001: status LOCALLY_INFEASIBLE, scaled residuals above tolerance 1, bound violations above tolerance 0.",2.0,2.0,1.0,1.0,2.0,1.0,sensitivity_447,trade.cet_transformation_elasticity,0.6931471805599453,,,"Policy solve failed at virgin_metal_tax_tax_0_015000000000000001: status LOCALLY_INFEASIBLE, scaled residuals above tolerance 1, bound violations above tolerance 0."
sensitivity_450,policy,virgin_metal_tax_0_02,virgin_metal_tax,0.02,,,false,,,,,,,,,,,,"Policy solve failed at virgin_metal_tax_tax_0_01: status OTHER_ERROR, scaled residuals above tolerance 0, bound violations above tolerance 0.",2.0,2.0,1.0,1.0,2.0,1.0,sensitivity_288,circular_routes.eol_productivity_elasticity,1.3862943611198906,,,"Policy solve failed at virgin_metal_tax_tax_0_01: status OTHER_ERROR, scaled residuals above tolerance 0, bound violations above tolerance 0."
sensitivity_450,policy,virgin_metal_tax_0_02,virgin_metal_tax,0.02,,,false,,,,,,,,,,,,"Policy solve failed at virgin_metal_tax_tax_0_02: status LOCALLY_INFEASIBLE, scaled residuals above tolerance 1, bound violations above tolerance 0.",2.0,2.0,1.0,1.0,2.0,1.0,sensitivity_444,trade.cet_transformation_elasticity,1.3862943611198906,,,"Policy solve failed at virgin_metal_tax_tax_0_02: status LOCALLY_INFEASIBLE, scaled residuals above tolerance 1, bound violations above tolerance 0."
sensitivity_455,policy,virgin_metal_tax_0_02,virgin_metal_tax,0.02,LOCALLY_INFEASIBLE,INFEASIBLE_POINT,true,18.367493288,0.0007878519149162599,0,0.0,0,material_composite_production_REU,eqpzs,IND_REU_NEW_ELMA,0.0007878519149162599,EOL_FLOW_EOL_DE_ELMA_INC,0.0,,1.0,1.0,2.0,1.0,2.0,1.0,sensitivity_212,circular_metal.material_substitution_elasticity,0.6931471805599453,true,true,
sensitivity_457,policy,virgin_metal_tax_0_02,virgin_metal_tax,0.02,,,false,,,,,,,,,,,,"Policy solve failed at virgin_metal_tax_tax_0_015000000000000001: status LOCALLY_INFEASIBLE, scaled residuals above tolerance 1, bound violations above tolerance 0.",0.5,2.0,2.0,1.0,2.0,1.0,sensitivity_214,circular_metal.material_substitution_elasticity,0.6931471805599453,,,"Policy solve failed at virgin_metal_tax_tax_0_015000000000000001: status LOCALLY_INFEASIBLE, scaled residuals above tolerance 1, bound violations above tolerance 0."
sensitivity_457,policy,virgin_metal_tax_0_02,virgin_metal_tax,0.02,LOCALLY_INFEASIBLE,INFEASIBLE_POINT,false,25.712318828,0.001766164883042154,1,0.0,0,observed_physical_flow_links,quantity_link,physical_SK_OFMA_REP_route_input_mass,0.001766164883042154,EOL_FLOW_EOL_DE_ELMA_INC,0.0,,0.5,2.0,2.0,1.0,2.0,1.0,sensitivity_430,circular_routes.eol_allocation_elasticity,0.6931471805599453,true,true,
sensitivity_457,policy,virgin_metal_tax_0_02,virgin_metal_tax,0.02,,,false,,,,,,,,,,,,"Policy solve failed at virgin_metal_tax_tax_0_02: status LOCALLY_INFEASIBLE, scaled residuals above tolerance 6, bound violations above tolerance 0.",0.5,2.0,2.0,1.0,2.0,1.0,sensitivity_484,circular_routes.eol_allocation_elasticity,0.6931471805599453,,,"Policy solve failed at virgin_metal_tax_tax_0_02: status LOCALLY_INFEASIBLE, scaled residuals above tolerance 6, bound violations above tolerance 0."
sensitivity_457,policy,virgin_metal_tax_0_02,virgin_metal_tax,0.02,,,false,,,,,,,,,,,,"Policy solve failed at virgin_metal_tax_tax_0_02: status LOCALLY_INFEASIBLE, scaled residuals above tolerance 1, bound violations above tolerance 0.",0.5,2.0,2.0,1.0,2.0,1.0,sensitivity_376,circular_routes.eol_productivity_elasticity,0.6931471805599453,,,"Policy solve failed at virgin_metal_tax_tax_0_02: status LOCALLY_INFEASIBLE, scaled residuals above tolerance 1, bound violations above tolerance 0."
sensitivity_457,policy,virgin_metal_tax_0_02,virgin_metal_tax,0.02,,,false,,,,,,,,,,,,"Policy solve failed at virgin_metal_tax_tax_0_01: status LOCALLY_INFEASIBLE, scaled residuals above tolerance 1, bound violations above tolerance 0.",0.5,2.0,2.0,1.0,2.0,1.0,sensitivity_458,trade.armington_elasticity,0.6931471805599453,,,"Policy solve failed at virgin_metal_tax_tax_0_01: status LOCALLY_INFEASIBLE, scaled residuals above tolerance 1, bound violations above tolerance 0."
sensitivity_457,policy,virgin_metal_tax_0_02,virgin_metal_tax,0.02,,,false,,,,,,,,,,,,"Policy solve failed at virgin_metal_tax_tax_0_02: status LOCALLY_INFEASIBLE, scaled residuals above tolerance 1, bound violations above tolerance 0.",0.5,2.0,2.0,1.0,2.0,1.0,sensitivity_454,trade.cet_transformation_elasticity,0.6931471805599453,,,"Policy solve failed at virgin_metal_tax_tax_0_02: status LOCALLY_INFEASIBLE, scaled residuals above tolerance 1, bound violations above tolerance 0."
sensitivity_457,policy,virgin_metal_tax_0_02,virgin_metal_tax,0.02,,,false,,,,,,,,,,,,"Policy solve failed at virgin_metal_tax_tax_0_02: status LOCALLY_INFEASIBLE, scaled residuals above tolerance 1, bound violations above tolerance 0.",0.5,2.0,2.0,1.0,2.0,1.0,sensitivity_295,circular_routes.eol_productivity_elasticity,1.3862943611198906,,,"Policy solve failed at virgin_metal_tax_tax_0_02: status LOCALLY_INFEASIBLE, scaled residuals above tolerance 1, bound violations above tolerance 0."
sensitivity_457,policy,virgin_metal_tax_0_02,virgin_metal_tax,0.02,LOCALLY_INFEASIBLE,INFEASIBLE_POINT,false,39.27062975,0.0010805428412220541,1,0.0,0,material_composite_production_REU,eqpzs,IND_REU_NEW_ELMA,0.0010805428412220541,EOL_FLOW_EOL_DE_ELMA_INC,0.0,,0.5,2.0,2.0,1.0,2.0,1.0,sensitivity_451,trade.cet_transformation_elasticity,1.3862943611198906,true,true,
sensitivity_459,policy,virgin_metal_tax_0_02,virgin_metal_tax,0.02,,,false,,,,,,,,,,,,"Policy solve failed at virgin_metal_tax_tax_0_0175: status LOCALLY_INFEASIBLE, scaled residuals above tolerance 1, bound violations above tolerance 0.",2.0,2.0,2.0,1.0,2.0,1.0,sensitivity_216,circular_metal.material_substitution_elasticity,0.6931471805599453,,,"Policy solve failed at virgin_metal_tax_tax_0_0175: status LOCALLY_INFEASIBLE, scaled residuals above tolerance 1, bound violations above tolerance 0."
sensitivity_459,policy,virgin_metal_tax_0_02,virgin_metal_tax,0.02,,,false,,,,,,,,,,,,"Policy solve failed at virgin_metal_tax_tax_0_0075: status LOCALLY_INFEASIBLE, scaled residuals above tolerance 1, bound violations above tolerance 0.",2.0,2.0,2.0,1.0,2.0,1.0,sensitivity_702,circular_metal.material_substitution_elasticity,0.6931471805599453,,,"Policy solve failed at virgin_metal_tax_tax_0_0075: status LOCALLY_INFEASIBLE, scaled residuals above tolerance 1, bound violations above tolerance 0."
sensitivity_459,policy,virgin_metal_tax_0_02,virgin_metal_tax,0.02,,,false,,,,,,,,,,,,"Policy solve failed at virgin_metal_tax_tax_0_0175: status LOCALLY_INFEASIBLE, scaled residuals above tolerance 1, bound violations above tolerance 0.",2.0,2.0,2.0,1.0,2.0,1.0,sensitivity_432,circular_routes.eol_allocation_elasticity,0.6931471805599453,,,"Policy solve failed at virgin_metal_tax_tax_0_0175: status LOCALLY_INFEASIBLE, scaled residuals above tolerance 1, bound violations above tolerance 0."
sensitivity_459,policy,virgin_metal_tax_0_02,virgin_metal_tax,0.02,,,false,,,,,,,,,,,,"Policy solve failed at virgin_metal_tax_tax_0_005: status OTHER_ERROR, scaled residuals above tolerance 0, bound violations above tolerance 0.",2.0,2.0,2.0,1.0,2.0,1.0,sensitivity_486,circular_routes.eol_allocation_elasticity,0.6931471805599453,,,"Policy solve failed at virgin_metal_tax_tax_0_005: status OTHER_ERROR, scaled residuals above tolerance 0, bound violations above tolerance 0."
sensitivity_459,policy,virgin_metal_tax_0_02,virgin_metal_tax,0.02,,,false,,,,,,,,,,,,"Policy solve failed at virgin_metal_tax_tax_0_0075: status LOCALLY_INFEASIBLE, scaled residuals above tolerance 1, bound violations above tolerance 0.",2.0,2.0,2.0,1.0,2.0,1.0,sensitivity_378,circular_routes.eol_productivity_elasticity,0.6931471805599453,,,"Policy solve failed at virgin_metal_tax_tax_0_0075: status LOCALLY_INFEASIBLE, scaled residuals above tolerance 1, bound violations above tolerance 0."
sensitivity_459,policy,virgin_metal_tax_0_02,virgin_metal_tax,0.02,,,false,,,,,,,,,,,,"Policy solve failed at virgin_metal_tax_tax_0_01: status LOCALLY_INFEASIBLE, scaled residuals above tolerance 1, bound violations above tolerance 0.",2.0,2.0,2.0,1.0,2.0,1.0,sensitivity_458,trade.armington_elasticity,0.6931471805599453,,,"Policy solve failed at virgin_metal_tax_tax_0_01: status LOCALLY_INFEASIBLE, scaled residuals above tolerance 1, bound violations above tolerance 0."
sensitivity_459,policy,virgin_metal_tax_0_02,virgin_metal_tax,0.02,,,false,,,,,,,,,,,,"Policy solve failed at virgin_metal_tax_tax_0_02: status LOCALLY_INFEASIBLE, scaled residuals above tolerance 1, bound violations above tolerance 0.",2.0,2.0,2.0,1.0,2.0,1.0,sensitivity_456,trade.cet_transformation_elasticity,0.6931471805599453,,,"Policy solve failed at virgin_metal_tax_tax_0_02: status LOCALLY_INFEASIBLE, scaled residuals above tolerance 1, bound violations above tolerance 0."
sensitivity_459,policy,virgin_metal_tax_0_02,virgin_metal_tax,0.02,,,false,,,,,,,,,,,,"Policy solve failed at virgin_metal_tax_tax_0_0125: status LOCALLY_INFEASIBLE, scaled residuals above tolerance 3, bound violations above tolerance 0.",2.0,2.0,2.0,1.0,2.0,1.0,sensitivity_297,circular_routes.eol_productivity_elasticity,1.3862943611198906,,,"Policy solve failed at virgin_metal_tax_tax_0_0125: status LOCALLY_INFEASIBLE, scaled residuals above tolerance 3, bound violations above tolerance 0."
sensitivity_459,policy,virgin_metal_tax_0_02,virgin_metal_tax,0.02,,,false,,,,,,,,,,,,"Policy solve failed at virgin_metal_tax_tax_0_0075: status LOCALLY_INFEASIBLE, scaled residuals above tolerance 6, bound violations above tolerance 0.",2.0,2.0,2.0,1.0,2.0,1.0,sensitivity_453,trade.cet_transformation_elasticity,1.3862943611198906,,,"Policy solve failed at virgin_metal_tax_tax_0_0075: status LOCALLY_INFEASIBLE, scaled residuals above tolerance 6, bound violations above tolerance 0."
sensitivity_475,policy,virgin_metal_tax_0_02,virgin_metal_tax,0.02,,,false,,,,,,,,,,,,"Policy solve failed at virgin_metal_tax_tax_0_02: status LOCALLY_INFEASIBLE, scaled residuals above tolerance 1, bound violations above tolerance 0.",0.5,2.0,1.0,2.0,2.0,1.0,sensitivity_232,circular_metal.material_substitution_elasticity,0.6931471805599453,,,"Policy solve failed at virgin_metal_tax_tax_0_02: status LOCALLY_INFEASIBLE, scaled residuals above tolerance 1, bound violations above tolerance 0."
sensitivity_475,policy,virgin_metal_tax_0_02,virgin_metal_tax,0.02,LOCALLY_INFEASIBLE,INFEASIBLE_POINT,true,11.90065714,0.0009476549383398147,0,0.0,0,material_composite_production_REU,eqpzs,IND_REU_NEW_ELMA,0.0009476549383398147,EOL_FLOW_EOL_DE_ELMA_INC,0.0,,0.5,2.0,1.0,2.0,2.0,1.0,sensitivity_466,circular_routes.service_elasticity,0.6931471805599453,true,true,
sensitivity_477,policy,virgin_metal_tax_0_02,virgin_metal_tax,0.02,,,false,,,,,,,,,,,,"Policy solve failed at virgin_metal_tax_tax_0_01: status LOCALLY_INFEASIBLE, scaled residuals above tolerance 1, bound violations above tolerance 0.",2.0,2.0,1.0,2.0,2.0,1.0,sensitivity_234,circular_metal.material_substitution_elasticity,0.6931471805599453,,,"Policy solve failed at virgin_metal_tax_tax_0_01: status LOCALLY_INFEASIBLE, scaled residuals above tolerance 1, bound violations above tolerance 0."
sensitivity_477,policy,virgin_metal_tax_0_02,virgin_metal_tax,0.02,,,false,,,,,,,,,,,,"Policy solve failed at virgin_metal_tax_tax_0_0025: status LOCALLY_INFEASIBLE, scaled residuals above tolerance 4, bound violations above tolerance 0.",2.0,2.0,1.0,2.0,2.0,1.0,sensitivity_720,circular_metal.material_substitution_elasticity,0.6931471805599453,,,"Policy solve failed at virgin_metal_tax_tax_0_0025: status LOCALLY_INFEASIBLE, scaled residuals above tolerance 4, bound violations above tolerance 0."
sensitivity_477,policy,virgin_metal_tax_0_02,virgin_metal_tax,0.02,,,false,,,,,,,,,,,,"Policy solve failed at virgin_metal_tax_tax_0_0125: status LOCALLY_INFEASIBLE, scaled residuals above tolerance 1, bound violations above tolerance 0.",2.0,2.0,1.0,2.0,2.0,1.0,sensitivity_468,circular_routes.service_elasticity,0.6931471805599453,,,"Policy solve failed at virgin_metal_tax_tax_0_0125: status LOCALLY_INFEASIBLE, scaled residuals above tolerance 1, bound violations above tolerance 0."
sensitivity_477,policy,virgin_metal_tax_0_02,virgin_metal_tax,0.02,,,false,,,,,,,,,,,,"Policy solve failed at virgin_metal_tax_tax_0_005: status OTHER_ERROR, scaled residuals above tolerance 0, bound violations above tolerance 0.",2.0,2.0,1.0,2.0,2.0,1.0,sensitivity_486,circular_routes.service_elasticity,0.6931471805599453,,,"Policy solve failed at virgin_metal_tax_tax_0_005: status OTHER_ERROR, scaled residuals above tolerance 0, bound violations above tolerance 0."
sensitivity_477,policy,virgin_metal_tax_0_02,virgin_metal_tax,0.02,LOCALLY_INFEASIBLE,INFEASIBLE_POINT,false,15.656517734,0.001018033064772328,1,0.0,0,material_composite_production_SK,eqpzs,IND_SK_NEW_ELMA,0.001018033064772328,EOL_FLOW_EOL_DE_ELMA_INC,0.0,,2.0,2.0,1.0,2.0,2.0,1.0,sensitivity_476,trade.armington_elasticity,0.6931471805599453,true,true,
sensitivity_477,policy,virgin_metal_tax_0_02,virgin_metal_tax,0.02,,,false,,,,,,,,,,,,"Policy solve failed at virgin_metal_tax_tax_0_02: status LOCALLY_INFEASIBLE, scaled residuals above tolerance 1, bound violations above tolerance 0.",2.0,2.0,1.0,2.0,2.0,1.0,sensitivity_474,trade.cet_transformation_elasticity,0.6931471805599453,,,"Policy solve failed at virgin_metal_tax_tax_0_02: status LOCALLY_INFEASIBLE, scaled residuals above tolerance 1, bound violations above tolerance 0."
sensitivity_477,policy,virgin_metal_tax_0_02,virgin_metal_tax,0.02,,,false,,,,,,,,,,,,"Policy solve failed at virgin_metal_tax_tax_0_005: status LOCALLY_INFEASIBLE, scaled residuals above tolerance 1, bound violations above tolerance 0.",2.0,2.0,1.0,2.0,2.0,1.0,sensitivity_423,circular_routes.eol_allocation_elasticity,1.3862943611198906,,,"Policy solve failed at virgin_metal_tax_tax_0_005: status LOCALLY_INFEASIBLE, scaled residuals above tolerance 1, bound violations above tolerance 0."
sensitivity_477,policy,virgin_metal_tax_0_02,virgin_metal_tax,0.02,,,false,,,,,,,,,,,,"Policy solve failed at virgin_metal_tax_tax_0_01: status LOCALLY_INFEASIBLE, scaled residuals above tolerance 3, bound violations above tolerance 0.",2.0,2.0,1.0,2.0,2.0,1.0,sensitivity_315,circular_routes.eol_productivity_elasticity,1.3862943611198906,,,"Policy solve failed at virgin_metal_tax_tax_0_01: status LOCALLY_INFEASIBLE, scaled residuals above tolerance 3, bound violations above tolerance 0."
sensitivity_477,policy,virgin_metal_tax_0_02,virgin_metal_tax,0.02,OTHER_ERROR,NEARLY_FEASIBLE_POINT,false,70.256407792,0.0005007727565517705,0,9.982322229991144e-9,0,common_eu_trade,eu_cet_allocation,NEW_ELMA|REU|ROW,0.0005007727565517705,Z_IND_FR_NEW_OFMA,9.982322229991144e-9,,2.0,2.0,1.0,2.0,2.0,1.0,sensitivity_471,trade.cet_transformation_elasticity,1.3862943611198906,true,true,
sensitivity_493,policy,virgin_metal_tax_0_02,virgin_metal_tax,0.02,,,false,,,,,,,,,,,,"Policy solve failed at virgin_metal_tax_tax_0_02: status LOCALLY_INFEASIBLE, scaled residuals above tolerance 1, bound violations above tolerance 0.",0.5,2.0,0.5,0.5,0.5,2.0,sensitivity_250,circular_metal.material_substitution_elasticity,0.6931471805599453,,,"Policy solve failed at virgin_metal_tax_tax_0_02: status LOCALLY_INFEASIBLE, scaled residuals above tolerance 1, bound violations above tolerance 0."
sensitivity_493,policy,virgin_metal_tax_0_02,virgin_metal_tax,0.02,,,false,,,,,,,,,,,,"Policy solve failed at virgin_metal_tax_tax_0_02: status LOCALLY_INFEASIBLE, scaled residuals above tolerance 1, bound violations above tolerance 0.",0.5,2.0,0.5,0.5,0.5,2.0,sensitivity_520,circular_routes.eol_allocation_elasticity,0.6931471805599453,,,"Policy solve failed at virgin_metal_tax_tax_0_02: status LOCALLY_INFEASIBLE, scaled residuals above tolerance 1, bound violations above tolerance 0."
sensitivity_493,policy,virgin_metal_tax_0_02,virgin_metal_tax,0.02,,,false,,,,,,,,,,,,"Policy solve failed at virgin_metal_tax_tax_0_005: status LOCALLY_INFEASIBLE, scaled residuals above tolerance 1, bound violations above tolerance 0.",0.5,2.0,0.5,0.5,0.5,2.0,sensitivity_574,circular_routes.eol_productivity_elasticity,0.6931471805599453,,,"Policy solve failed at virgin_metal_tax_tax_0_005: status LOCALLY_INFEASIBLE, scaled residuals above tolerance 1, bound violations above tolerance 0."
sensitivity_493,policy,virgin_metal_tax_0_02,virgin_metal_tax,0.02,,,false,,,,,,,,,,,,"Policy solve failed at virgin_metal_tax_tax_0_02: status LOCALLY_INFEASIBLE, scaled residuals above tolerance 1, bound violations above tolerance 0.",0.5,2.0,0.5,0.5,0.5,2.0,sensitivity_494,trade.armington_elasticity,0.6931471805599453,,,"Policy solve failed at virgin_metal_tax_tax_0_02: status LOCALLY_INFEASIBLE, scaled residuals above tolerance 1, bound violations above tolerance 0."
sensitivity_493,policy,virgin_metal_tax_0_02,virgin_metal_tax,0.02,,,false,,,,,,,,,,,,"Policy solve failed at virgin_metal_tax_tax_0_02: status LOCALLY_INFEASIBLE, scaled residuals above tolerance 1, bound violations above tolerance 0.",0.5,2.0,0.5,0.5,0.5,2.0,sensitivity_490,trade.cet_transformation_elasticity,0.6931471805599453,,,"Policy solve failed at virgin_metal_tax_tax_0_02: status LOCALLY_INFEASIBLE, scaled residuals above tolerance 1, bound violations above tolerance 0."
sensitivity_493,policy,virgin_metal_tax_0_02,virgin_metal_tax,0.02,,,false,,,,,,,,,,,,"Policy solve failed at virgin_metal_tax_tax_0_02: status LOCALLY_INFEASIBLE, scaled residuals above tolerance 1, bound violations above tolerance 0.",0.5,2.0,0.5,0.5,0.5,2.0,sensitivity_007,circular_metal.material_substitution_elasticity,1.3862943611198906,,,"Policy solve failed at virgin_metal_tax_tax_0_02: status LOCALLY_INFEASIBLE, scaled residuals above tolerance 1, bound violations above tolerance 0."
sensitivity_493,policy,virgin_metal_tax_0_02,virgin_metal_tax,0.02,,,false,,,,,,,,,,,,"Policy solve failed at virgin_metal_tax_tax_0_0075: status LOCALLY_INFEASIBLE, scaled residuals above tolerance 3, bound violations above tolerance 0.",0.5,2.0,0.5,0.5,0.5,2.0,sensitivity_655,circular_routes.eol_productivity_elasticity,1.3862943611198906,,,"Policy solve failed at virgin_metal_tax_tax_0_0075: status LOCALLY_INFEASIBLE, scaled residuals above tolerance 3, bound violations above tolerance 0."
sensitivity_493,policy,virgin_metal_tax_0_02,virgin_metal_tax,0.02,,,false,,,,,,,,,,,,"Policy solve failed at virgin_metal_tax_tax_0_015000000000000001: status LOCALLY_INFEASIBLE, scaled residuals above tolerance 1, bound violations above tolerance 0.",0.5,2.0,0.5,0.5,0.5,2.0,sensitivity_495,trade.armington_elasticity,1.3862943611198906,,,"Policy solve failed at virgin_metal_tax_tax_0_015000000000000001: status LOCALLY_INFEASIBLE, scaled residuals above tolerance 1, bound violations above tolerance 0."
sensitivity_493,policy,virgin_metal_tax_0_02,virgin_metal_tax,0.02,LOCALLY_INFEASIBLE,INFEASIBLE_POINT,false,7.090197305,0.0010053822070648089,1,0.0,0,material_composite_production_REU,eqpzs,IND_REU_NEW_ELMA,0.0010053822070648089,EOL_FLOW_EOL_DE_ELMA_INC,0.0,,0.5,2.0,0.5,0.5,0.5,2.0,sensitivity_487,trade.cet_transformation_elasticity,1.3862943611198906,true,true,
sensitivity_502,policy,virgin_metal_tax_0_02,virgin_metal_tax,0.02,LOCALLY_INFEASIBLE,INFEASIBLE_POINT,false,43.603416603,0.29435861588192846,55,0.0,0,observed_physical_flow_links,quantity_link,physical_SK_OFMA_REP_route_input_mass,0.29435861588192846,EOL_FLOW_EOL_DE_ELMA_INC,0.0,,0.5,2.0,1.0,0.5,0.5,2.0,sensitivity_259,circular_metal.material_substitution_elasticity,0.6931471805599453,true,true,
sensitivity_502,policy,virgin_metal_tax_0_02,virgin_metal_tax,0.02,,,false,,,,,,,,,,,,"Policy solve failed at virgin_metal_tax_tax_0_005: status TIME_LIMIT, scaled residuals above tolerance 2, bound violations above tolerance 0.",0.5,2.0,1.0,0.5,0.5,2.0,sensitivity_583,circular_routes.eol_productivity_elasticity,0.6931471805599453,,,"Policy solve failed at virgin_metal_tax_tax_0_005: status TIME_LIMIT, scaled residuals above tolerance 2, bound violations above tolerance 0."
sensitivity_502,policy,virgin_metal_tax_0_02,virgin_metal_tax,0.02,,,false,,,,,,,,,,,,"Policy solve failed at virgin_metal_tax_tax_0_02: status LOCALLY_INFEASIBLE, scaled residuals above tolerance 1, bound violations above tolerance 0.",0.5,2.0,1.0,0.5,0.5,2.0,sensitivity_503,trade.armington_elasticity,0.6931471805599453,,,"Policy solve failed at virgin_metal_tax_tax_0_02: status LOCALLY_INFEASIBLE, scaled residuals above tolerance 1, bound violations above tolerance 0."
sensitivity_502,policy,virgin_metal_tax_0_02,virgin_metal_tax,0.02,,,false,,,,,,,,,,,,"Policy solve failed at virgin_metal_tax_tax_0_0075: status LOCALLY_INFEASIBLE, scaled residuals above tolerance 1, bound violations above tolerance 0.",0.5,2.0,1.0,0.5,0.5,2.0,sensitivity_499,trade.cet_transformation_elasticity,0.6931471805599453,,,"Policy solve failed at virgin_metal_tax_tax_0_0075: status LOCALLY_INFEASIBLE, scaled residuals above tolerance 1, bound violations above tolerance 0."
sensitivity_502,policy,virgin_metal_tax_0_02,virgin_metal_tax,0.02,LOCALLY_INFEASIBLE,INFEASIBLE_POINT,false,34.214441913,0.0013486121054948675,2,0.0,0,regional_composite_market,regional_composite_market,IND_IT_OTHER_SERVICES|IT,0.0013486121054948675,EOL_FLOW_EOL_DE_ELMA_INC,0.0,,0.5,2.0,1.0,0.5,0.5,2.0,sensitivity_016,circular_metal.material_substitution_elasticity,1.3862943611198906,true,true,
sensitivity_502,policy,virgin_metal_tax_0_02,virgin_metal_tax,0.02,,,false,,,,,,,,,,,,"Policy solve failed at virgin_metal_tax_tax_0_0125: status OTHER_ERROR, scaled residuals above tolerance 0, bound violations above tolerance 0.",0.5,2.0,1.0,0.5,0.5,2.0,sensitivity_664,circular_routes.eol_productivity_elasticity,1.3862943611198906,,,"Policy solve failed at virgin_metal_tax_tax_0_0125: status OTHER_ERROR, scaled residuals above tolerance 0, bound violations above tolerance 0."
sensitivity_502,policy,virgin_metal_tax_0_02,virgin_metal_tax,0.02,,,false,,,,,,,,,,,,"Policy solve failed at virgin_metal_tax_tax_0_0175: status LOCALLY_INFEASIBLE, scaled residuals above tolerance 1, bound violations above tolerance 0.",0.5,2.0,1.0,0.5,0.5,2.0,sensitivity_504,trade.armington_elasticity,1.3862943611198906,,,"Policy solve failed at virgin_metal_tax_tax_0_0175: status LOCALLY_INFEASIBLE, scaled residuals above tolerance 1, bound violations above tolerance 0."
sensitivity_502,policy,virgin_metal_tax_0_02,virgin_metal_tax,0.02,,,false,,,,,,,,,,,,"Policy solve failed at virgin_metal_tax_tax_0_005: status LOCALLY_INFEASIBLE, scaled residuals above tolerance 1, bound violations above tolerance 0.",0.5,2.0,1.0,0.5,0.5,2.0,sensitivity_496,trade.cet_transformation_elasticity,1.3862943611198906,,,"Policy solve failed at virgin_metal_tax_tax_0_005: status LOCALLY_INFEASIBLE, scaled residuals above tolerance 1, bound violations above tolerance 0."
sensitivity_511,policy,virgin_metal_tax_0_02,virgin_metal_tax,0.02,,,false,,,,,,,,,,,,"Policy solve failed at virgin_metal_tax_tax_0_0175: status LOCALLY_INFEASIBLE, scaled residuals above tolerance 78, bound violations above tolerance 0.",0.5,2.0,2.0,0.5,0.5,2.0,sensitivity_268,circular_metal.material_substitution_elasticity,0.6931471805599453,,,"Policy solve failed at virgin_metal_tax_tax_0_0175: status LOCALLY_INFEASIBLE, scaled residuals above tolerance 78, bound violations above tolerance 0."
sensitivity_511,policy,virgin_metal_tax_0_02,virgin_metal_tax,0.02,,,false,,,,,,,,,,,,"Policy solve failed at virgin_metal_tax_tax_0_005: status LOCALLY_INFEASIBLE, scaled residuals above tolerance 6, bound violations above tolerance 0.",0.5,2.0,2.0,0.5,0.5,2.0,sensitivity_538,circular_routes.eol_allocation_elasticity,0.6931471805599453,,,"Policy solve failed at virgin_metal_tax_tax_0_005: status LOCALLY_INFEASIBLE, scaled residuals above tolerance 6, bound violations above tolerance 0."
sensitivity_511,policy,virgin_metal_tax_0_02,virgin_metal_tax,0.02,,,false,,,,,,,,,,,,"Policy solve failed at virgin_metal_tax_tax_0_005: status LOCALLY_INFEASIBLE, scaled residuals above tolerance 1, bound violations above tolerance 0.",0.5,2.0,2.0,0.5,0.5,2.0,sensitivity_592,circular_routes.eol_productivity_elasticity,0.6931471805599453,,,"Policy solve failed at virgin_metal_tax_tax_0_005: status LOCALLY_INFEASIBLE, scaled residuals above tolerance 1, bound violations above tolerance 0."
sensitivity_511,policy,virgin_metal_tax_0_02,virgin_metal_tax,0.02,,,false,,,,,,,,,,,,"Policy solve failed at virgin_metal_tax_tax_0_0125: status LOCALLY_INFEASIBLE, scaled residuals above tolerance 4, bound violations above tolerance 0.",0.5,2.0,2.0,0.5,0.5,2.0,sensitivity_512,trade.armington_elasticity,0.6931471805599453,,,"Policy solve failed at virgin_metal_tax_tax_0_0125: status LOCALLY_INFEASIBLE, scaled residuals above tolerance 4, bound violations above tolerance 0."
sensitivity_511,policy,virgin_metal_tax_0_02,virgin_metal_tax,0.02,,,false,,,,,,,,,,,,"Policy solve failed at virgin_metal_tax_tax_0_0075: status LOCALLY_INFEASIBLE, scaled residuals above tolerance 1, bound violations above tolerance 0.",0.5,2.0,2.0,0.5,0.5,2.0,sensitivity_508,trade.cet_transformation_elasticity,0.6931471805599453,,,"Policy solve failed at virgin_metal_tax_tax_0_0075: status LOCALLY_INFEASIBLE, scaled residuals above tolerance 1, bound violations above tolerance 0."
sensitivity_511,policy,virgin_metal_tax_0_02,virgin_metal_tax,0.02,LOCALLY_INFEASIBLE,INFEASIBLE_POINT,false,21.140377829,0.0010747180556215374,1,0.0,0,material_composite_production_REU,eqpzs,IND_REU_NEW_ELMA,0.0010747180556215374,EOL_FLOW_EOL_DE_ELMA_INC,0.0,,0.5,2.0,2.0,0.5,0.5,2.0,sensitivity_025,circular_metal.material_substitution_elasticity,1.3862943611198906,true,true,
sensitivity_511,policy,virgin_metal_tax_0_02,virgin_metal_tax,0.02,,,false,,,,,,,,,,,,"Policy solve failed at virgin_metal_tax_tax_0_01: status LOCALLY_INFEASIBLE, scaled residuals above tolerance 1, bound violations above tolerance 0.",0.5,2.0,2.0,0.5,0.5,2.0,sensitivity_673,circular_routes.eol_productivity_elasticity,1.3862943611198906,,,"Policy solve failed at virgin_metal_tax_tax_0_01: status LOCALLY_INFEASIBLE, scaled residuals above tolerance 1, bound violations above tolerance 0."
sensitivity_511,policy,virgin_metal_tax_0_02,virgin_metal_tax,0.02,,,false,,,,,,,,,,,,"Policy solve failed at virgin_metal_tax_tax_0_005: status LOCALLY_INFEASIBLE, scaled residuals above tolerance 2, bound violations above tolerance 0.",0.5,2.0,2.0,0.5,0.5,2.0,sensitivity_513,trade.armington_elasticity,1.3862943611198906,,,"Policy solve failed at virgin_metal_tax_tax_0_005: status LOCALLY_INFEASIBLE, scaled residuals above tolerance 2, bound violations above tolerance 0."
sensitivity_511,policy,virgin_metal_tax_0_02,virgin_metal_tax,0.02,,,false,,,,,,,,,,,,"Policy solve failed at virgin_metal_tax_tax_0_01: status LOCALLY_INFEASIBLE, scaled residuals above tolerance 2, bound violations above tolerance 0.",0.5,2.0,2.0,0.5,0.5,2.0,sensitivity_505,trade.cet_transformation_elasticity,1.3862943611198906,,,"Policy solve failed at virgin_metal_tax_tax_0_01: status LOCALLY_INFEASIBLE, scaled residuals above tolerance 2, bound violations above tolerance 0."
sensitivity_517,policy,virgin_metal_tax_0_02,virgin_metal_tax,0.02,,,false,,,,,,,,,,,,"Policy solve failed at virgin_metal_tax_tax_0_0125: status LOCALLY_INFEASIBLE, scaled residuals above tolerance 490, bound violations above tolerance 0.",0.5,1.0,0.5,1.0,0.5,2.0,sensitivity_274,circular_metal.material_substitution_elasticity,0.6931471805599453,,,"Policy solve failed at virgin_metal_tax_tax_0_0125: status LOCALLY_INFEASIBLE, scaled residuals above tolerance 490, bound violations above tolerance 0."
sensitivity_517,policy,virgin_metal_tax_0_02,virgin_metal_tax,0.02,,,false,,,,,,,,,,,,"Policy solve failed at virgin_metal_tax_tax_0_02: status LOCALLY_INFEASIBLE, scaled residuals above tolerance 1, bound violations above tolerance 0.",0.5,1.0,0.5,1.0,0.5,2.0,sensitivity_490,circular_routes.eol_allocation_elasticity,0.6931471805599453,,,"Policy solve failed at virgin_metal_tax_tax_0_02: status LOCALLY_INFEASIBLE, scaled residuals above tolerance 1, bound violations above tolerance 0."
sensitivity_517,policy,virgin_metal_tax_0_02,virgin_metal_tax,0.02,,,false,,,,,,,,,,,,"Policy solve failed at virgin_metal_tax_tax_0_005: status LOCALLY_INFEASIBLE, scaled residuals above tolerance 6, bound violations above tolerance 0.",0.5,1.0,0.5,1.0,0.5,2.0,sensitivity_544,circular_routes.eol_allocation_elasticity,0.6931471805599453,,,"Policy solve failed at virgin_metal_tax_tax_0_005: status LOCALLY_INFEASIBLE, scaled residuals above tolerance 6, bound violations above tolerance 0."
sensitivity_517,policy,virgin_metal_tax_0_02,virgin_metal_tax,0.02,,,false,,,,,,,,,,,,"Policy solve failed at virgin_metal_tax_tax_0_0075: status LOCALLY_INFEASIBLE, scaled residuals above tolerance 1, bound violations above tolerance 0.",0.5,1.0,0.5,1.0,0.5,2.0,sensitivity_598,circular_routes.eol_productivity_elasticity,0.6931471805599453,,,"Policy solve failed at virgin_metal_tax_tax_0_0075: status LOCALLY_INFEASIBLE, scaled residuals above tolerance 1, bound violations above tolerance 0."
sensitivity_517,policy,virgin_metal_tax_0_02,virgin_metal_tax,0.02,,,false,,,,,,,,,,,,"Policy solve failed at virgin_metal_tax_tax_0_0175: status TIME_LIMIT, scaled residuals above tolerance 283, bound violations above tolerance 0.",0.5,1.0,0.5,1.0,0.5,2.0,sensitivity_526,circular_routes.service_elasticity,0.6931471805599453,,,"Policy solve failed at virgin_metal_tax_tax_0_0175: status TIME_LIMIT, scaled residuals above tolerance 283, bound violations above tolerance 0."
sensitivity_517,policy,virgin_metal_tax_0_02,virgin_metal_tax,0.02,,,false,,,,,,,,,,,,"Policy solve failed at virgin_metal_tax_tax_0_0075: status LOCALLY_INFEASIBLE, scaled residuals above tolerance 2, bound violations above tolerance 0.",0.5,1.0,0.5,1.0,0.5,2.0,sensitivity_518,trade.armington_elasticity,0.6931471805599453,,,"Policy solve failed at virgin_metal_tax_tax_0_0075: status LOCALLY_INFEASIBLE, scaled residuals above tolerance 2, bound violations above tolerance 0."
sensitivity_517,policy,virgin_metal_tax_0_02,virgin_metal_tax,0.02,,,false,,,,,,,,,,,,"Policy solve failed at virgin_metal_tax_tax_0_005: status TIME_LIMIT, scaled residuals above tolerance 9, bound violations above tolerance 0.",0.5,1.0,0.5,1.0,0.5,2.0,sensitivity_514,trade.cet_transformation_elasticity,0.6931471805599453,,,"Policy solve failed at virgin_metal_tax_tax_0_005: status TIME_LIMIT, scaled residuals above tolerance 9, bound violations above tolerance 0."
sensitivity_517,policy,virgin_metal_tax_0_02,virgin_metal_tax,0.02,,,false,,,,,,,,,,,,"Policy solve failed at virgin_metal_tax_tax_0_02: status LOCALLY_INFEASIBLE, scaled residuals above tolerance 1, bound violations above tolerance 0.",0.5,1.0,0.5,1.0,0.5,2.0,sensitivity_520,trade.cet_transformation_elasticity,0.6931471805599453,,,"Policy solve failed at virgin_metal_tax_tax_0_02: status LOCALLY_INFEASIBLE, scaled residuals above tolerance 1, bound violations above tolerance 0."
sensitivity_517,policy,virgin_metal_tax_0_02,virgin_metal_tax,0.02,LOCALLY_INFEASIBLE,INFEASIBLE_POINT,false,39.835685591,0.08550360589856287,1,0.0,0,observed_physical_flow_links,quantity_link,physical_SK_OFMA_REP_route_input_mass,0.08550360589856287,EOL_FLOW_EOL_DE_ELMA_INC,0.0,,0.5,1.0,0.5,1.0,0.5,2.0,sensitivity_031,circular_metal.material_substitution_elasticity,1.3862943611198906,true,true,
sensitivity_517,policy,virgin_metal_tax_0_02,virgin_metal_tax,0.02,,,false,,,,,,,,,,,,"Policy solve failed at virgin_metal_tax_tax_0_02: status LOCALLY_INFEASIBLE, scaled residuals above tolerance 1, bound violations above tolerance 0.",0.5,1.0,0.5,1.0,0.5,2.0,sensitivity_679,circular_routes.eol_productivity_elasticity,1.3862943611198906,,,"Policy solve failed at virgin_metal_tax_tax_0_02: status LOCALLY_INFEASIBLE, scaled residuals above tolerance 1, bound violations above tolerance 0."
sensitivity_517,policy,virgin_metal_tax_0_02,virgin_metal_tax,0.02,,,false,,,,,,,,,,,,"Policy solve failed at virgin_metal_tax_tax_0_0075: status TIME_LIMIT, scaled residuals above tolerance 3, bound violations above tolerance 0.",0.5,1.0,0.5,1.0,0.5,2.0,sensitivity_535,circular_routes.service_elasticity,1.3862943611198906,,,"Policy solve failed at virgin_metal_tax_tax_0_0075: status TIME_LIMIT, scaled residuals above tolerance 3, bound violations above tolerance 0."
sensitivity_517,policy,virgin_metal_tax_0_02,virgin_metal_tax,0.02,,,false,,,,,,,,,,,,"Policy solve failed at virgin_metal_tax_tax_0_015000000000000001: status LOCALLY_INFEASIBLE, scaled residuals above tolerance 1, bound violations above tolerance 0.",0.5,1.0,0.5,1.0,0.5,2.0,sensitivity_519,trade.armington_elasticity,1.3862943611198906,,,"Policy solve failed at virgin_metal_tax_tax_0_015000000000000001: status LOCALLY_INFEASIBLE, scaled residuals above tolerance 1, bound violations above tolerance 0."
sensitivity_522,policy,virgin_metal_tax_0_02,virgin_metal_tax,0.02,,,false,,,,,,,,,,,,"Policy solve failed at virgin_metal_tax_tax_0_015000000000000001: status LOCALLY_INFEASIBLE, scaled residuals above tolerance 1, bound violations above tolerance 0.",2.0,2.0,0.5,1.0,0.5,2.0,sensitivity_279,circular_metal.material_substitution_elasticity,0.6931471805599453,,,"Policy solve failed at virgin_metal_tax_tax_0_015000000000000001: status LOCALLY_INFEASIBLE, scaled residuals above tolerance 1, bound violations above tolerance 0."
sensitivity_522,policy,virgin_metal_tax_0_02,virgin_metal_tax,0.02,,,false,,,,,,,,,,,,"Policy solve failed at virgin_metal_tax_tax_0_015000000000000001: status LOCALLY_INFEASIBLE, scaled residuals above tolerance 1, bound violations above tolerance 0.",2.0,2.0,0.5,1.0,0.5,2.0,sensitivity_495,circular_routes.eol_allocation_elasticity,0.6931471805599453,,,"Policy solve failed at virgin_metal_tax_tax_0_015000000000000001: status LOCALLY_INFEASIBLE, scaled residuals above tolerance 1, bound violations above tolerance 0."
sensitivity_522,policy,virgin_metal_tax_0_02,virgin_metal_tax,0.02,,,false,,,,,,,,,,,,"Policy solve failed at virgin_metal_tax_tax_0_0025: status LOCALLY_INFEASIBLE, scaled residuals above tolerance 1, bound violations above tolerance 0.",2.0,2.0,0.5,1.0,0.5,2.0,sensitivity_549,circular_routes.eol_allocation_elasticity,0.6931471805599453,,,"Policy solve failed at virgin_metal_tax_tax_0_0025: status LOCALLY_INFEASIBLE, scaled residuals above tolerance 1, bound violations above tolerance 0."
sensitivity_522,policy,virgin_metal_tax_0_02,virgin_metal_tax,0.02,,,false,,,,,,,,,,,,"Policy solve failed at virgin_metal_tax_tax_0_0075: status LOCALLY_INFEASIBLE, scaled residuals above tolerance 1, bound violations above tolerance 0.",2.0,2.0,0.5,1.0,0.5,2.0,sensitivity_603,circular_routes.eol_productivity_elasticity,0.6931471805599453,,,"Policy solve failed at virgin_metal_tax_tax_0_0075: status LOCALLY_INFEASIBLE, scaled residuals above tolerance 1, bound violations above tolerance 0."
sensitivity_522,policy,virgin_metal_tax_0_02,virgin_metal_tax,0.02,,,false,,,,,,,,,,,,"Policy solve failed at virgin_metal_tax_tax_0_0125: status LOCALLY_INFEASIBLE, scaled residuals above tolerance 4, bound violations above tolerance 0.",2.0,2.0,0.5,1.0,0.5,2.0,sensitivity_531,circular_routes.service_elasticity,0.6931471805599453,,,"Policy solve failed at virgin_metal_tax_tax_0_0125: status LOCALLY_INFEASIBLE, scaled residuals above tolerance 4, bound violations above tolerance 0."
sensitivity_522,policy,virgin_metal_tax_0_02,virgin_metal_tax,0.02,,,false,,,,,,,,,,,,"Policy solve failed at virgin_metal_tax_tax_0_02: status LOCALLY_INFEASIBLE, scaled residuals above tolerance 1, bound violations above tolerance 0.",2.0,2.0,0.5,1.0,0.5,2.0,sensitivity_521,trade.armington_elasticity,0.6931471805599453,,,"Policy solve failed at virgin_metal_tax_tax_0_02: status LOCALLY_INFEASIBLE, scaled residuals above tolerance 1, bound violations above tolerance 0."
sensitivity_522,policy,virgin_metal_tax_0_02,virgin_metal_tax,0.02,,,false,,,,,,,,,,,,"Policy solve failed at virgin_metal_tax_tax_0_015000000000000001: status LOCALLY_INFEASIBLE, scaled residuals above tolerance 1, bound violations above tolerance 0.",2.0,2.0,0.5,1.0,0.5,2.0,sensitivity_519,trade.cet_transformation_elasticity,0.6931471805599453,,,"Policy solve failed at virgin_metal_tax_tax_0_015000000000000001: status LOCALLY_INFEASIBLE, scaled residuals above tolerance 1, bound violations above tolerance 0."
sensitivity_522,policy,virgin_metal_tax_0_02,virgin_metal_tax,0.02,,,false,,,,,,,,,,,,"Policy solve failed at virgin_metal_tax_tax_0_02: status LOCALLY_INFEASIBLE, scaled residuals above tolerance 1, bound violations above tolerance 0.",2.0,2.0,0.5,1.0,0.5,2.0,sensitivity_036,circular_metal.material_substitution_elasticity,1.3862943611198906,,,"Policy solve failed at virgin_metal_tax_tax_0_02: status LOCALLY_INFEASIBLE, scaled residuals above tolerance 1, bound violations above tolerance 0."
sensitivity_522,policy,virgin_metal_tax_0_02,virgin_metal_tax,0.02,,,false,,,,,,,,,,,,"Policy solve failed at virgin_metal_tax_tax_0_0175: status LOCALLY_INFEASIBLE, scaled residuals above tolerance 1, bound violations above tolerance 0.",2.0,2.0,0.5,1.0,0.5,2.0,sensitivity_540,circular_routes.service_elasticity,1.3862943611198906,,,"Policy solve failed at virgin_metal_tax_tax_0_0175: status LOCALLY_INFEASIBLE, scaled residuals above tolerance 1, bound violations above tolerance 0."
sensitivity_522,policy,virgin_metal_tax_0_02,virgin_metal_tax,0.02,,,false,,,,,,,,,,,,"Policy solve failed at virgin_metal_tax_tax_0_02: status LOCALLY_INFEASIBLE, scaled residuals above tolerance 1, bound violations above tolerance 0.",2.0,2.0,0.5,1.0,0.5,2.0,sensitivity_520,trade.armington_elasticity,1.3862943611198906,,,"Policy solve failed at virgin_metal_tax_tax_0_02: status LOCALLY_INFEASIBLE, scaled residuals above tolerance 1, bound violations above tolerance 0."
sensitivity_522,policy,virgin_metal_tax_0_02,virgin_metal_tax,0.02,,,false,,,,,,,,,,,,"Policy solve failed at virgin_metal_tax_tax_0_01: status LOCALLY_INFEASIBLE, scaled residuals above tolerance 950, bound violations above tolerance 0.",2.0,2.0,0.5,1.0,0.5,2.0,sensitivity_516,trade.cet_transformation_elasticity,1.3862943611198906,,,"Policy solve failed at virgin_metal_tax_tax_0_01: status LOCALLY_INFEASIBLE, scaled residuals above tolerance 950, bound violations above tolerance 0."
sensitivity_529,policy,virgin_metal_tax_0_02,virgin_metal_tax,0.02,,,false,,,,,,,,,,,,"Policy solve failed at virgin_metal_tax_tax_0_02: status LOCALLY_INFEASIBLE, scaled residuals above tolerance 1, bound violations above tolerance 0.",0.5,2.0,1.0,1.0,0.5,2.0,sensitivity_286,circular_metal.material_substitution_elasticity,0.6931471805599453,,,"Policy solve failed at virgin_metal_tax_tax_0_02: status LOCALLY_INFEASIBLE, scaled residuals above tolerance 1, bound violations above tolerance 0."
sensitivity_529,policy,virgin_metal_tax_0_02,virgin_metal_tax,0.02,,,false,,,,,,,,,,,,"Policy solve failed at virgin_metal_tax_tax_0_02: status LOCALLY_INFEASIBLE, scaled residuals above tolerance 1, bound violations above tolerance 0.",0.5,2.0,1.0,1.0,0.5,2.0,sensitivity_610,circular_routes.eol_productivity_elasticity,0.6931471805599453,,,"Policy solve failed at virgin_metal_tax_tax_0_02: status LOCALLY_INFEASIBLE, scaled residuals above tolerance 1, bound violations above tolerance 0."
sensitivity_529,policy,virgin_metal_tax_0_02,virgin_metal_tax,0.02,,,false,,,,,,,,,,,,"Policy solve failed at virgin_metal_tax_tax_0_02: status LOCALLY_INFEASIBLE, scaled residuals above tolerance 1, bound violations above tolerance 0.",0.5,2.0,1.0,1.0,0.5,2.0,sensitivity_520,circular_routes.service_elasticity,0.6931471805599453,,,"Policy solve failed at virgin_metal_tax_tax_0_02: status LOCALLY_INFEASIBLE, scaled residuals above tolerance 1, bound violations above tolerance 0."
sensitivity_529,policy,virgin_metal_tax_0_02,virgin_metal_tax,0.02,,,false,,,,,,,,,,,,"Policy solve failed at virgin_metal_tax_tax_0_005: status LOCALLY_INFEASIBLE, scaled residuals above tolerance 6, bound violations above tolerance 0.",0.5,2.0,1.0,1.0,0.5,2.0,sensitivity_538,circular_routes.service_elasticity,0.6931471805599453,,,"Policy solve failed at virgin_metal_tax_tax_0_005: status LOCALLY_INFEASIBLE, scaled residuals above tolerance 6, bound violations above tolerance 0."
sensitivity_529,policy,virgin_metal_tax_0_02,virgin_metal_tax,0.02,,,false,,,,,,,,,,,,"Policy solve failed at virgin_metal_tax_tax_0_015000000000000001: status LOCALLY_INFEASIBLE, scaled residuals above tolerance 4, bound violations above tolerance 0.",0.5,2.0,1.0,1.0,0.5,2.0,sensitivity_530,trade.armington_elasticity,0.6931471805599453,,,"Policy solve failed at virgin_metal_tax_tax_0_015000000000000001: status LOCALLY_INFEASIBLE, scaled residuals above tolerance 4, bound violations above tolerance 0."
sensitivity_529,policy,virgin_metal_tax_0_02,virgin_metal_tax,0.02,,,false,,,,,,,,,,,,"Policy solve failed at virgin_metal_tax_tax_0_0175: status TIME_LIMIT, scaled residuals above tolerance 284, bound violations above tolerance 0.",0.5,2.0,1.0,1.0,0.5,2.0,sensitivity_526,trade.cet_transformation_elasticity,0.6931471805599453,,,"Policy solve failed at virgin_metal_tax_tax_0_0175: status TIME_LIMIT, scaled residuals above tolerance 284, bound violations above tolerance 0."
sensitivity_529,policy,virgin_metal_tax_0_02,virgin_metal_tax,0.02,,,false,,,,,,,,,,,,"Policy solve failed at virgin_metal_tax_tax_0_02: status LOCALLY_INFEASIBLE, scaled residuals above tolerance 1, bound violations above tolerance 0.",0.5,2.0,1.0,1.0,0.5,2.0,sensitivity_043,circular_metal.material_substitution_elasticity,1.3862943611198906,,,"Policy solve failed at virgin_metal_tax_tax_0_02: status LOCALLY_INFEASIBLE, scaled residuals above tolerance 1, bound violations above tolerance 0."
sensitivity_529,policy,virgin_metal_tax_0_02,virgin_metal_tax,0.02,,,false,,,,,,,,,,,,"Policy solve failed at virgin_metal_tax_tax_0_01: status LOCALLY_INFEASIBLE, scaled residuals above tolerance 3, bound violations above tolerance 0.",0.5,2.0,1.0,1.0,0.5,2.0,sensitivity_691,circular_routes.eol_productivity_elasticity,1.3862943611198906,,,"Policy solve failed at virgin_metal_tax_tax_0_01: status LOCALLY_INFEASIBLE, scaled residuals above tolerance 3, bound violations above tolerance 0."
sensitivity_529,policy,virgin_metal_tax_0_02,virgin_metal_tax,0.02,,,false,,,,,,,,,,,,"Policy solve failed at virgin_metal_tax_tax_0_0125: status LOCALLY_INFEASIBLE, scaled residuals above tolerance 4, bound violations above tolerance 0.",0.5,2.0,1.0,1.0,0.5,2.0,sensitivity_531,trade.armington_elasticity,1.3862943611198906,,,"Policy solve failed at virgin_metal_tax_tax_0_0125: status LOCALLY_INFEASIBLE, scaled residuals above tolerance 4, bound violations above tolerance 0."
sensitivity_529,policy,virgin_metal_tax_0_02,virgin_metal_tax,0.02,,,false,,,,,,,,,,,,"Policy solve failed at virgin_metal_tax_tax_0_005: status LOCALLY_INFEASIBLE, scaled residuals above tolerance 65, bound violations above tolerance 0.",0.5,2.0,1.0,1.0,0.5,2.0,sensitivity_523,trade.cet_transformation_elasticity,1.3862943611198906,,,"Policy solve failed at virgin_metal_tax_tax_0_005: status LOCALLY_INFEASIBLE, scaled residuals above tolerance 65, bound violations above tolerance 0."
sensitivity_536,policy,virgin_metal_tax_0_02,virgin_metal_tax,0.02,LOCALLY_INFEASIBLE,INFEASIBLE_POINT,true,17.143061551,0.0008658875891598277,0,0.0,0,common_eu_trade,eu_cet_quantity,NEW_ELMA|SK,0.0008658875891598277,EOL_FLOW_EOL_DE_ELMA_INC,0.0,,1.0,1.0,2.0,1.0,0.5,2.0,sensitivity_293,circular_metal.material_substitution_elasticity,0.6931471805599453,true,true,
sensitivity_547,policy,virgin_metal_tax_0_02,virgin_metal_tax,0.02,,,false,,,,,,,,,,,,"Policy solve failed at virgin_metal_tax_tax_0_02: status LOCALLY_INFEASIBLE, scaled residuals above tolerance 1, bound violations above tolerance 0.",0.5,2.0,0.5,2.0,0.5,2.0,sensitivity_304,circular_metal.material_substitution_elasticity,0.6931471805599453,,,"Policy solve failed at virgin_metal_tax_tax_0_02: status LOCALLY_INFEASIBLE, scaled residuals above tolerance 1, bound violations above tolerance 0."
sensitivity_547,policy,virgin_metal_tax_0_02,virgin_metal_tax,0.02,,,false,,,,,,,,,,,,"Policy solve failed at virgin_metal_tax_tax_0_02: status LOCALLY_INFEASIBLE, scaled residuals above tolerance 1, bound violations above tolerance 0.",0.5,2.0,0.5,2.0,0.5,2.0,sensitivity_520,circular_routes.eol_allocation_elasticity,0.6931471805599453,,,"Policy solve failed at virgin_metal_tax_tax_0_02: status LOCALLY_INFEASIBLE, scaled residuals above tolerance 1, bound violations above tolerance 0."
sensitivity_547,policy,virgin_metal_tax_0_02,virgin_metal_tax,0.02,,,false,,,,,,,,,,,,"Policy solve failed at virgin_metal_tax_tax_0_0125: status LOCALLY_INFEASIBLE, scaled residuals above tolerance 1, bound violations above tolerance 0.",0.5,2.0,0.5,2.0,0.5,2.0,sensitivity_628,circular_routes.eol_productivity_elasticity,0.6931471805599453,,,"Policy solve failed at virgin_metal_tax_tax_0_0125: status LOCALLY_INFEASIBLE, scaled residuals above tolerance 1, bound violations above tolerance 0."
sensitivity_547,policy,virgin_metal_tax_0_02,virgin_metal_tax,0.02,,,false,,,,,,,,,,,,"Policy solve failed at virgin_metal_tax_tax_0_005: status LOCALLY_INFEASIBLE, scaled residuals above tolerance 6, bound violations above tolerance 0.",0.5,2.0,0.5,2.0,0.5,2.0,sensitivity_544,trade.cet_transformation_elasticity,0.6931471805599453,,,"Policy solve failed at virgin_metal_tax_tax_0_005: status LOCALLY_INFEASIBLE, scaled residuals above tolerance 6, bound violations above tolerance 0."
sensitivity_547,policy,virgin_metal_tax_0_02,virgin_metal_tax,0.02,,,false,,,,,,,,,,,,"Policy solve failed at virgin_metal_tax_tax_0_02: status LOCALLY_INFEASIBLE, scaled residuals above tolerance 1, bound violations above tolerance 0.",0.5,2.0,0.5,2.0,0.5,2.0,sensitivity_061,circular_metal.material_substitution_elasticity,1.3862943611198906,,,"Policy solve failed at virgin_metal_tax_tax_0_02: status LOCALLY_INFEASIBLE, scaled residuals above tolerance 1, bound violations above tolerance 0."
sensitivity_547,policy,virgin_metal_tax_0_02,virgin_metal_tax,0.02,,,false,,,,,,,,,,,,"Policy solve failed at virgin_metal_tax_tax_0_0025: status LOCALLY_INFEASIBLE, scaled residuals above tolerance 1, bound violations above tolerance 0.",0.5,2.0,0.5,2.0,0.5,2.0,sensitivity_549,trade.armington_elasticity,1.3862943611198906,,,"Policy solve failed at virgin_metal_tax_tax_0_0025: status LOCALLY_INFEASIBLE, scaled residuals above tolerance 1, bound violations above tolerance 0."
sensitivity_547,policy,virgin_metal_tax_0_02,virgin_metal_tax,0.02,,,false,,,,,,,,,,,,"Policy solve failed at virgin_metal_tax_tax_0_005: status LOCALLY_INFEASIBLE, scaled residuals above tolerance 7, bound violations above tolerance 0.",0.5,2.0,0.5,2.0,0.5,2.0,sensitivity_541,trade.cet_transformation_elasticity,1.3862943611198906,,,"Policy solve failed at virgin_metal_tax_tax_0_005: status LOCALLY_INFEASIBLE, scaled residuals above tolerance 7, bound violations above tolerance 0."
sensitivity_548,policy,virgin_metal_tax_0_02,virgin_metal_tax,0.02,,,false,,,,,,,,,,,,"Policy solve failed at virgin_metal_tax_tax_0_02: status LOCALLY_INFEASIBLE, scaled residuals above tolerance 1, bound violations above tolerance 0.",1.0,2.0,0.5,2.0,0.5,2.0,sensitivity_521,circular_routes.eol_allocation_elasticity,0.6931471805599453,,,"Policy solve failed at virgin_metal_tax_tax_0_02: status LOCALLY_INFEASIBLE, scaled residuals above tolerance 1, bound violations above tolerance 0."
sensitivity_548,policy,virgin_metal_tax_0_02,virgin_metal_tax,0.02,,,false,,,,,,,,,,,,"Policy solve failed at virgin_metal_tax_tax_0_02: status LOCALLY_INFEASIBLE, scaled residuals above tolerance 1, bound violations above tolerance 0.",1.0,2.0,0.5,2.0,0.5,2.0,sensitivity_629,circular_routes.eol_productivity_elasticity,0.6931471805599453,,,"Policy solve failed at virgin_metal_tax_tax_0_02: status LOCALLY_INFEASIBLE, scaled residuals above tolerance 1, bound violations above tolerance 0."
sensitivity_548,policy,virgin_metal_tax_0_02,virgin_metal_tax,0.02,,,false,,,,,,,,,,,,"Policy solve failed at virgin_metal_tax_tax_0_005: status TIME_LIMIT, scaled residuals above tolerance 0, bound violations above tolerance 0.",1.0,2.0,0.5,2.0,0.5,2.0,sensitivity_557,circular_routes.service_elasticity,0.6931471805599453,,,"Policy solve failed at virgin_metal_tax_tax_0_005: status TIME_LIMIT, scaled residuals above tolerance 0, bound violations above tolerance 0."
sensitivity_548,policy,virgin_metal_tax_0_02,virgin_metal_tax,0.02,,,false,,,,,,,,,,,,"Policy solve failed at virgin_metal_tax_tax_0_0025: status LOCALLY_INFEASIBLE, scaled residuals above tolerance 1, bound violations above tolerance 0.",1.0,2.0,0.5,2.0,0.5,2.0,sensitivity_549,trade.armington_elasticity,0.6931471805599453,,,"Policy solve failed at virgin_metal_tax_tax_0_0025: status LOCALLY_INFEASIBLE, scaled residuals above tolerance 1, bound violations above tolerance 0."
sensitivity_548,policy,virgin_metal_tax_0_02,virgin_metal_tax,0.02,,,false,,,,,,,,,,,,"Policy solve failed at virgin_metal_tax_tax_0_01: status LOCALLY_INFEASIBLE, scaled residuals above tolerance 1, bound violations above tolerance 0.",1.0,2.0,0.5,2.0,0.5,2.0,sensitivity_545,trade.cet_transformation_elasticity,0.6931471805599453,,,"Policy solve failed at virgin_metal_tax_tax_0_01: status LOCALLY_INFEASIBLE, scaled residuals above tolerance 1, bound violations above tolerance 0."
sensitivity_548,policy,virgin_metal_tax_0_02,virgin_metal_tax,0.02,,,false,,,,,,,,,,,,"Policy solve failed at virgin_metal_tax_tax_0_02: status LOCALLY_INFEASIBLE, scaled residuals above tolerance 1, bound violations above tolerance 0.",1.0,2.0,0.5,2.0,0.5,2.0,sensitivity_062,circular_metal.material_substitution_elasticity,1.3862943611198906,,,"Policy solve failed at virgin_metal_tax_tax_0_02: status LOCALLY_INFEASIBLE, scaled residuals above tolerance 1, bound violations above tolerance 0."
sensitivity_548,policy,virgin_metal_tax_0_02,virgin_metal_tax,0.02,,,false,,,,,,,,,,,,"Policy solve failed at virgin_metal_tax_tax_0_02: status LOCALLY_INFEASIBLE, scaled residuals above tolerance 1, bound violations above tolerance 0.",1.0,2.0,0.5,2.0,0.5,2.0,sensitivity_494,circular_routes.eol_allocation_elasticity,1.3862943611198906,,,"Policy solve failed at virgin_metal_tax_tax_0_02: status LOCALLY_INFEASIBLE, scaled residuals above tolerance 1, bound violations above tolerance 0."
sensitivity_548,policy,virgin_metal_tax_0_02,virgin_metal_tax,0.02,,,false,,,,,,,,,,,,"Policy solve failed at virgin_metal_tax_tax_0_02: status LOCALLY_INFEASIBLE, scaled residuals above tolerance 1, bound violations above tolerance 0.",1.0,2.0,0.5,2.0,0.5,2.0,sensitivity_566,circular_routes.service_elasticity,1.3862943611198906,,,"Policy solve failed at virgin_metal_tax_tax_0_02: status LOCALLY_INFEASIBLE, scaled residuals above tolerance 1, bound violations above tolerance 0."
sensitivity_548,policy,virgin_metal_tax_0_02,virgin_metal_tax,0.02,,,false,,,,,,,,,,,,"Policy solve failed at virgin_metal_tax_tax_0_015000000000000001: status LOCALLY_INFEASIBLE, scaled residuals above tolerance 1, bound violations above tolerance 0.",1.0,2.0,0.5,2.0,0.5,2.0,sensitivity_542,trade.cet_transformation_elasticity,1.3862943611198906,,,"Policy solve failed at virgin_metal_tax_tax_0_015000000000000001: status LOCALLY_INFEASIBLE, scaled residuals above tolerance 1, bound violations above tolerance 0."
sensitivity_556,policy,virgin_metal_tax_0_02,virgin_metal_tax,0.02,LOCALLY_INFEASIBLE,INFEASIBLE_POINT,false,40.616671386,0.0013217239003246773,1,0.0,0,regional_composite_market,regional_composite_market,IND_IT_OTHER_SERVICES|IT,0.0013217239003246773,EOL_FLOW_EOL_DE_ELMA_INC,0.0,,0.5,2.0,1.0,2.0,0.5,2.0,sensitivity_313,circular_metal.material_substitution_elasticity,0.6931471805599453,true,true,
sensitivity_556,policy,virgin_metal_tax_0_02,virgin_metal_tax,0.02,,,false,,,,,,,,,,,,"Policy solve failed at virgin_metal_tax_tax_0_005: status TIME_LIMIT, scaled residuals above tolerance 0, bound violations above tolerance 0.",0.5,2.0,1.0,2.0,0.5,2.0,sensitivity_557,trade.armington_elasticity,0.6931471805599453,,,"Policy solve failed at virgin_metal_tax_tax_0_005: status TIME_LIMIT, scaled residuals above tolerance 0, bound violations above tolerance 0."
sensitivity_556,policy,virgin_metal_tax_0_02,virgin_metal_tax,0.02,LOCALLY_INFEASIBLE,INFEASIBLE_POINT,true,17.559229325,0.0009509961641800402,0,0.0,0,material_composite_production_REU,eqpzs,IND_REU_NEW_ELMA,0.0009509961641800402,EOL_FLOW_EOL_DE_ELMA_INC,0.0,,0.5,2.0,1.0,2.0,0.5,2.0,sensitivity_553,trade.cet_transformation_elasticity,0.6931471805599453,true,true,
sensitivity_565,policy,virgin_metal_tax_0_02,virgin_metal_tax,0.02,,,false,,,,,,,,,,,,"Policy solve failed at virgin_metal_tax_tax_0_02: status LOCALLY_INFEASIBLE, scaled residuals above tolerance 1, bound violations above tolerance 0.",0.5,2.0,2.0,2.0,0.5,2.0,sensitivity_322,circular_metal.material_substitution_elasticity,0.6931471805599453,,,"Policy solve failed at virgin_metal_tax_tax_0_02: status LOCALLY_INFEASIBLE, scaled residuals above tolerance 1, bound violations above tolerance 0."
sensitivity_565,policy,virgin_metal_tax_0_02,virgin_metal_tax,0.02,,,false,,,,,,,,,,,,"Policy solve failed at virgin_metal_tax_tax_0_005: status LOCALLY_INFEASIBLE, scaled residuals above tolerance 6, bound violations above tolerance 0.",0.5,2.0,2.0,2.0,0.5,2.0,sensitivity_538,circular_routes.eol_allocation_elasticity,0.6931471805599453,,,"Policy solve failed at virgin_metal_tax_tax_0_005: status LOCALLY_INFEASIBLE, scaled residuals above tolerance 6, bound violations above tolerance 0."
sensitivity_565,policy,virgin_metal_tax_0_02,virgin_metal_tax,0.02,,,false,,,,,,,,,,,,"Policy solve failed at virgin_metal_tax_tax_0_02: status LOCALLY_INFEASIBLE, scaled residuals above tolerance 1, bound violations above tolerance 0.",0.5,2.0,2.0,2.0,0.5,2.0,sensitivity_566,trade.armington_elasticity,0.6931471805599453,,,"Policy solve failed at virgin_metal_tax_tax_0_02: status LOCALLY_INFEASIBLE, scaled residuals above tolerance 1, bound violations above tolerance 0."
sensitivity_565,policy,virgin_metal_tax_0_02,virgin_metal_tax,0.02,,,false,,,,,,,,,,,,"Policy solve failed at virgin_metal_tax_tax_0_0125: status LOCALLY_INFEASIBLE, scaled residuals above tolerance 1, bound violations above tolerance 0.",0.5,2.0,2.0,2.0,0.5,2.0,sensitivity_562,trade.cet_transformation_elasticity,0.6931471805599453,,,"Policy solve failed at virgin_metal_tax_tax_0_0125: status LOCALLY_INFEASIBLE, scaled residuals above tolerance 1, bound violations above tolerance 0."
sensitivity_565,policy,virgin_metal_tax_0_02,virgin_metal_tax,0.02,,,false,,,,,,,,,,,,"Policy solve failed at virgin_metal_tax_tax_0_02: status LOCALLY_INFEASIBLE, scaled residuals above tolerance 1, bound violations above tolerance 0.",0.5,2.0,2.0,2.0,0.5,2.0,sensitivity_079,circular_metal.material_substitution_elasticity,1.3862943611198906,,,"Policy solve failed at virgin_metal_tax_tax_0_02: status LOCALLY_INFEASIBLE, scaled residuals above tolerance 1, bound violations above tolerance 0."
sensitivity_565,policy,virgin_metal_tax_0_02,virgin_metal_tax,0.02,,,false,,,,,,,,,,,,"Policy solve failed at virgin_metal_tax_tax_0_02: status LOCALLY_INFEASIBLE, scaled residuals above tolerance 1, bound violations above tolerance 0.",0.5,2.0,2.0,2.0,0.5,2.0,sensitivity_567,trade.armington_elasticity,1.3862943611198906,,,"Policy solve failed at virgin_metal_tax_tax_0_02: status LOCALLY_INFEASIBLE, scaled residuals above tolerance 1, bound violations above tolerance 0."
sensitivity_565,policy,virgin_metal_tax_0_02,virgin_metal_tax,0.02,,,false,,,,,,,,,,,,"Policy solve failed at virgin_metal_tax_tax_0_0075: status LOCALLY_INFEASIBLE, scaled residuals above tolerance 1, bound violations above tolerance 0.",0.5,2.0,2.0,2.0,0.5,2.0,sensitivity_559,trade.cet_transformation_elasticity,1.3862943611198906,,,"Policy solve failed at virgin_metal_tax_tax_0_0075: status LOCALLY_INFEASIBLE, scaled residuals above tolerance 1, bound violations above tolerance 0."
sensitivity_597,policy,virgin_metal_tax_0_02,virgin_metal_tax,0.02,LOCALLY_INFEASIBLE,INFEASIBLE_POINT,false,12.039620048,0.0024861944585990816,1,0.0,0,material_composite_production_IT,material_composite_demand,IND_IT_NEW_ELMA|IND_IT_REC_EE,0.0024861944585990816,EOL_FLOW_EOL_DE_ELMA_INC,0.0,,2.0,0.5,0.5,1.0,1.0,2.0,sensitivity_354,circular_metal.material_substitution_elasticity,0.6931471805599453,true,true,
sensitivity_597,policy,virgin_metal_tax_0_02,virgin_metal_tax,0.02,,,false,,,,,,,,,,,,"Policy solve failed at virgin_metal_tax_tax_0_0175: status LOCALLY_INFEASIBLE, scaled residuals above tolerance 2, bound violations above tolerance 0.",2.0,0.5,0.5,1.0,1.0,2.0,sensitivity_570,circular_routes.eol_allocation_elasticity,0.6931471805599453,,,"Policy solve failed at virgin_metal_tax_tax_0_0175: status LOCALLY_INFEASIBLE, scaled residuals above tolerance 2, bound violations above tolerance 0."
sensitivity_597,policy,virgin_metal_tax_0_02,virgin_metal_tax,0.02,,,false,,,,,,,,,,,,"Policy solve failed at virgin_metal_tax_tax_0_0175: status LOCALLY_INFEASIBLE, scaled residuals above tolerance 1, bound violations above tolerance 0.",2.0,0.5,0.5,1.0,1.0,2.0,sensitivity_624,circular_routes.eol_allocation_elasticity,0.6931471805599453,,,"Policy solve failed at virgin_metal_tax_tax_0_0175: status LOCALLY_INFEASIBLE, scaled residuals above tolerance 1, bound violations above tolerance 0."
sensitivity_597,policy,virgin_metal_tax_0_02,virgin_metal_tax,0.02,,,false,,,,,,,,,,,,"Policy solve failed at virgin_metal_tax_tax_0_01: status LOCALLY_INFEASIBLE, scaled residuals above tolerance 950, bound violations above tolerance 0.",2.0,0.5,0.5,1.0,1.0,2.0,sensitivity_516,circular_routes.eol_productivity_elasticity,0.6931471805599453,,,"Policy solve failed at virgin_metal_tax_tax_0_01: status LOCALLY_INFEASIBLE, scaled residuals above tolerance 950, bound violations above tolerance 0."
sensitivity_597,policy,virgin_metal_tax_0_02,virgin_metal_tax,0.02,,,false,,,,,,,,,,,,"Policy solve failed at virgin_metal_tax_tax_0_01: status LOCALLY_INFEASIBLE, scaled residuals above tolerance 2, bound violations above tolerance 0.",2.0,0.5,0.5,1.0,1.0,2.0,sensitivity_678,circular_routes.eol_productivity_elasticity,0.6931471805599453,,,"Policy solve failed at virgin_metal_tax_tax_0_01: status LOCALLY_INFEASIBLE, scaled residuals above tolerance 2, bound violations above tolerance 0."
sensitivity_597,policy,virgin_metal_tax_0_02,virgin_metal_tax,0.02,,,false,,,,,,,,,,,,"Policy solve failed at virgin_metal_tax_tax_0_005: status LOCALLY_INFEASIBLE, scaled residuals above tolerance 1, bound violations above tolerance 0.",2.0,0.5,0.5,1.0,1.0,2.0,sensitivity_606,circular_routes.service_elasticity,0.6931471805599453,,,"Policy solve failed at virgin_metal_tax_tax_0_005: status LOCALLY_INFEASIBLE, scaled residuals above tolerance 1, bound violations above tolerance 0."
sensitivity_597,policy,virgin_metal_tax_0_02,virgin_metal_tax,0.02,,,false,,,,,,,,,,,,"Policy solve failed at virgin_metal_tax_tax_0_01: status LOCALLY_INFEASIBLE, scaled residuals above tolerance 1, bound violations above tolerance 0.",2.0,0.5,0.5,1.0,1.0,2.0,sensitivity_596,trade.armington_elasticity,0.6931471805599453,,,"Policy solve failed at virgin_metal_tax_tax_0_01: status LOCALLY_INFEASIBLE, scaled residuals above tolerance 1, bound violations above tolerance 0."
sensitivity_597,policy,virgin_metal_tax_0_02,virgin_metal_tax,0.02,,,false,,,,,,,,,,,,"Policy solve failed at virgin_metal_tax_tax_0_015000000000000001: status LOCALLY_INFEASIBLE, scaled residuals above tolerance 1, bound violations above tolerance 0.",2.0,0.5,0.5,1.0,1.0,2.0,sensitivity_600,trade.cet_transformation_elasticity,0.6931471805599453,,,"Policy solve failed at virgin_metal_tax_tax_0_015000000000000001: status LOCALLY_INFEASIBLE, scaled residuals above tolerance 1, bound violations above tolerance 0."
sensitivity_597,policy,virgin_metal_tax_0_02,virgin_metal_tax,0.02,,,false,,,,,,,,,,,,"Policy solve failed at virgin_metal_tax_tax_0_01: status LOCALLY_INFEASIBLE, scaled residuals above tolerance 1, bound violations above tolerance 0.",2.0,0.5,0.5,1.0,1.0,2.0,sensitivity_111,circular_metal.material_substitution_elasticity,1.3862943611198906,,,"Policy solve failed at virgin_metal_tax_tax_0_01: status LOCALLY_INFEASIBLE, scaled residuals above tolerance 1, bound violations above tolerance 0."
sensitivity_597,policy,virgin_metal_tax_0_02,virgin_metal_tax,0.02,LOCALLY_INFEASIBLE,INFEASIBLE_POINT,true,13.876037471,0.00046854997106247616,0,0.0,0,common_eu_trade,eu_cet_quantity,NEW_ELMA|REU,0.00046854997106247616,EOL_FLOW_EOL_DE_ELMA_INC,0.0,,2.0,0.5,0.5,1.0,1.0,2.0,sensitivity_615,circular_routes.service_elasticity,1.3862943611198906,true,true,
sensitivity_601,policy,virgin_metal_tax_0_02,virgin_metal_tax,0.02,,,false,,,,,,,,,,,,"Policy solve failed at virgin_metal_tax_tax_0_0125: status LOCALLY_INFEASIBLE, scaled residuals above tolerance 11, bound violations above tolerance 0.",0.5,2.0,0.5,1.0,1.0,2.0,sensitivity_358,circular_metal.material_substitution_elasticity,0.6931471805599453,,,"Policy solve failed at virgin_metal_tax_tax_0_0125: status LOCALLY_INFEASIBLE, scaled residuals above tolerance 11, bound violations above tolerance 0."
sensitivity_601,policy,virgin_metal_tax_0_02,virgin_metal_tax,0.02,,,false,,,,,,,,,,,,"Policy solve failed at virgin_metal_tax_tax_0_005: status LOCALLY_INFEASIBLE, scaled residuals above tolerance 1, bound violations above tolerance 0.",0.5,2.0,0.5,1.0,1.0,2.0,sensitivity_574,circular_routes.eol_allocation_elasticity,0.6931471805599453,,,"Policy solve failed at virgin_metal_tax_tax_0_005: status LOCALLY_INFEASIBLE, scaled residuals above tolerance 1, bound violations above tolerance 0."
sensitivity_601,policy,virgin_metal_tax_0_02,virgin_metal_tax,0.02,,,false,,,,,,,,,,,,"Policy solve failed at virgin_metal_tax_tax_0_005: status TIME_LIMIT, scaled residuals above tolerance 1, bound violations above tolerance 0.",0.5,2.0,0.5,1.0,1.0,2.0,sensitivity_628,circular_routes.eol_allocation_elasticity,0.6931471805599453,,,"Policy solve failed at virgin_metal_tax_tax_0_005: status TIME_LIMIT, scaled residuals above tolerance 1, bound violations above tolerance 0."
sensitivity_601,policy,virgin_metal_tax_0_02,virgin_metal_tax,0.02,,,false,,,,,,,,,,,,"Policy solve failed at virgin_metal_tax_tax_0_02: status LOCALLY_INFEASIBLE, scaled residuals above tolerance 1, bound violations above tolerance 0.",0.5,2.0,0.5,1.0,1.0,2.0,sensitivity_520,circular_routes.eol_productivity_elasticity,0.6931471805599453,,,"Policy solve failed at virgin_metal_tax_tax_0_02: status LOCALLY_INFEASIBLE, scaled residuals above tolerance 1, bound violations above tolerance 0."
sensitivity_601,policy,virgin_metal_tax_0_02,virgin_metal_tax,0.02,,,false,,,,,,,,,,,,"Policy solve failed at virgin_metal_tax_tax_0_005: status LOCALLY_INFEASIBLE, scaled residuals above tolerance 1, bound violations above tolerance 0.",0.5,2.0,0.5,1.0,1.0,2.0,sensitivity_682,circular_routes.eol_productivity_elasticity,0.6931471805599453,,,"Policy solve failed at virgin_metal_tax_tax_0_005: status LOCALLY_INFEASIBLE, scaled residuals above tolerance 1, bound violations above tolerance 0."
sensitivity_601,policy,virgin_metal_tax_0_02,virgin_metal_tax,0.02,,,false,,,,,,,,,,,,"Policy solve failed at virgin_metal_tax_tax_0_02: status LOCALLY_INFEASIBLE, scaled residuals above tolerance 1, bound violations above tolerance 0.",0.5,2.0,0.5,1.0,1.0,2.0,sensitivity_610,circular_routes.service_elasticity,0.6931471805599453,,,"Policy solve failed at virgin_metal_tax_tax_0_02: status LOCALLY_INFEASIBLE, scaled residuals above tolerance 1, bound violations above tolerance 0."
sensitivity_601,policy,virgin_metal_tax_0_02,virgin_metal_tax,0.02,,,false,,,,,,,,,,,,"Policy solve failed at virgin_metal_tax_tax_0_0175: status LOCALLY_INFEASIBLE, scaled residuals above tolerance 1, bound violations above tolerance 0.",0.5,2.0,0.5,1.0,1.0,2.0,sensitivity_602,trade.armington_elasticity,0.6931471805599453,,,"Policy solve failed at virgin_metal_tax_tax_0_0175: status LOCALLY_INFEASIBLE, scaled residuals above tolerance 1, bound violations above tolerance 0."
sensitivity_601,policy,virgin_metal_tax_0_02,virgin_metal_tax,0.02,,,false,,,,,,,,,,,,"Policy solve failed at virgin_metal_tax_tax_0_0075: status LOCALLY_INFEASIBLE, scaled residuals above tolerance 1, bound violations above tolerance 0.",0.5,2.0,0.5,1.0,1.0,2.0,sensitivity_598,trade.cet_transformation_elasticity,0.6931471805599453,,,"Policy solve failed at virgin_metal_tax_tax_0_0075: status LOCALLY_INFEASIBLE, scaled residuals above tolerance 1, bound violations above tolerance 0."
sensitivity_601,policy,virgin_metal_tax_0_02,virgin_metal_tax,0.02,,,false,,,,,,,,,,,,"Policy solve failed at virgin_metal_tax_tax_0_0075: status LOCALLY_INFEASIBLE, scaled residuals above tolerance 1, bound violations above tolerance 0.",0.5,2.0,0.5,1.0,1.0,2.0,sensitivity_619,circular_routes.service_elasticity,1.3862943611198906,,,"Policy solve failed at virgin_metal_tax_tax_0_0075: status LOCALLY_INFEASIBLE, scaled residuals above tolerance 1, bound violations above tolerance 0."
sensitivity_601,policy,virgin_metal_tax_0_02,virgin_metal_tax,0.02,,,false,,,,,,,,,,,,"Policy solve failed at virgin_metal_tax_tax_0_0075: status LOCALLY_INFEASIBLE, scaled residuals above tolerance 1, bound violations above tolerance 0.",0.5,2.0,0.5,1.0,1.0,2.0,sensitivity_603,trade.armington_elasticity,1.3862943611198906,,,"Policy solve failed at virgin_metal_tax_tax_0_0075: status LOCALLY_INFEASIBLE, scaled residuals above tolerance 1, bound violations above tolerance 0."
sensitivity_601,policy,virgin_metal_tax_0_02,virgin_metal_tax,0.02,,,false,,,,,,,,,,,,"Policy solve failed at virgin_metal_tax_tax_0_015000000000000001: status LOCALLY_INFEASIBLE, scaled residuals above tolerance 1, bound violations above tolerance 0.",0.5,2.0,0.5,1.0,1.0,2.0,sensitivity_595,trade.cet_transformation_elasticity,1.3862943611198906,,,"Policy solve failed at virgin_metal_tax_tax_0_015000000000000001: status LOCALLY_INFEASIBLE, scaled residuals above tolerance 1, bound violations above tolerance 0."
sensitivity_627,policy,virgin_metal_tax_0_02,virgin_metal_tax,0.02,,,false,,,,,,,,,,,,"Policy solve failed at virgin_metal_tax_tax_0_0075: status LOCALLY_INFEASIBLE, scaled residuals above tolerance 3, bound violations above tolerance 0.",2.0,1.0,0.5,2.0,1.0,2.0,sensitivity_384,circular_metal.material_substitution_elasticity,0.6931471805599453,,,"Policy solve failed at virgin_metal_tax_tax_0_0075: status LOCALLY_INFEASIBLE, scaled residuals above tolerance 3, bound violations above tolerance 0."
sensitivity_627,policy,virgin_metal_tax_0_02,virgin_metal_tax,0.02,,,false,,,,,,,,,,,,"Policy solve failed at virgin_metal_tax_tax_0_015000000000000001: status LOCALLY_INFEASIBLE, scaled residuals above tolerance 1, bound violations above tolerance 0.",2.0,1.0,0.5,2.0,1.0,2.0,sensitivity_600,circular_routes.eol_allocation_elasticity,0.6931471805599453,,,"Policy solve failed at virgin_metal_tax_tax_0_015000000000000001: status LOCALLY_INFEASIBLE, scaled residuals above tolerance 1, bound violations above tolerance 0."
sensitivity_627,policy,virgin_metal_tax_0_02,virgin_metal_tax,0.02,,,false,,,,,,,,,,,,"Policy solve failed at virgin_metal_tax_tax_0_02: status LOCALLY_INFEASIBLE, scaled residuals above tolerance 1, bound violations above tolerance 0.",2.0,1.0,0.5,2.0,1.0,2.0,sensitivity_546,circular_routes.eol_productivity_elasticity,0.6931471805599453,,,"Policy solve failed at virgin_metal_tax_tax_0_02: status LOCALLY_INFEASIBLE, scaled residuals above tolerance 1, bound violations above tolerance 0."
sensitivity_627,policy,virgin_metal_tax_0_02,virgin_metal_tax,0.02,,,false,,,,,,,,,,,,"Policy solve failed at virgin_metal_tax_tax_0_02: status LOCALLY_INFEASIBLE, scaled residuals above tolerance 1, bound violations above tolerance 0.",2.0,1.0,0.5,2.0,1.0,2.0,sensitivity_708,circular_routes.eol_productivity_elasticity,0.6931471805599453,,,"Policy solve failed at virgin_metal_tax_tax_0_02: status LOCALLY_INFEASIBLE, scaled residuals above tolerance 1, bound violations above tolerance 0."
sensitivity_627,policy,virgin_metal_tax_0_02,virgin_metal_tax,0.02,,,false,,,,,,,,,,,,"Policy solve failed at virgin_metal_tax_tax_0_005: status LOCALLY_INFEASIBLE, scaled residuals above tolerance 1, bound violations above tolerance 0.",2.0,1.0,0.5,2.0,1.0,2.0,sensitivity_636,circular_routes.service_elasticity,0.6931471805599453,,,"Policy solve failed at virgin_metal_tax_tax_0_005: status LOCALLY_INFEASIBLE, scaled residuals above tolerance 1, bound violations above tolerance 0."
sensitivity_627,policy,virgin_metal_tax_0_02,virgin_metal_tax,0.02,,,false,,,,,,,,,,,,"Policy solve failed at virgin_metal_tax_tax_0_0075: status LOCALLY_INFEASIBLE, scaled residuals above tolerance 1, bound violations above tolerance 0.",2.0,1.0,0.5,2.0,1.0,2.0,sensitivity_626,trade.armington_elasticity,0.6931471805599453,,,"Policy solve failed at virgin_metal_tax_tax_0_0075: status LOCALLY_INFEASIBLE, scaled residuals above tolerance 1, bound violations above tolerance 0."
sensitivity_627,policy,virgin_metal_tax_0_02,virgin_metal_tax,0.02,,,false,,,,,,,,,,,,"Policy solve failed at virgin_metal_tax_tax_0_0175: status LOCALLY_INFEASIBLE, scaled residuals above tolerance 1, bound violations above tolerance 0.",2.0,1.0,0.5,2.0,1.0,2.0,sensitivity_624,trade.cet_transformation_elasticity,0.6931471805599453,,,"Policy solve failed at virgin_metal_tax_tax_0_0175: status LOCALLY_INFEASIBLE, scaled residuals above tolerance 1, bound violations above tolerance 0."
sensitivity_627,policy,virgin_metal_tax_0_02,virgin_metal_tax,0.02,LOCALLY_INFEASIBLE,INFEASIBLE_POINT,false,35.992842747,0.0010264536634199128,1,0.0,0,material_composite_production_DE,eqpzs,IND_DE_NEW_ELMA,0.0010264536634199128,EOL_FLOW_EOL_DE_ELMA_INC,0.0,,2.0,1.0,0.5,2.0,1.0,2.0,sensitivity_141,circular_metal.material_substitution_elasticity,1.3862943611198906,true,true,
sensitivity_627,policy,virgin_metal_tax_0_02,virgin_metal_tax,0.02,,,false,,,,,,,,,,,,"Policy solve failed at virgin_metal_tax_tax_0_005: status LOCALLY_INFEASIBLE, scaled residuals above tolerance 1, bound violations above tolerance 0.",2.0,1.0,0.5,2.0,1.0,2.0,sensitivity_573,circular_routes.eol_allocation_elasticity,1.3862943611198906,,,"Policy solve failed at virgin_metal_tax_tax_0_005: status LOCALLY_INFEASIBLE, scaled residuals above tolerance 1, bound violations above tolerance 0."
sensitivity_627,policy,virgin_metal_tax_0_02,virgin_metal_tax,0.02,,,false,,,,,,,,,,,,"Policy solve failed at virgin_metal_tax_tax_0_0075: status LOCALLY_INFEASIBLE, scaled residuals above tolerance 2, bound violations above tolerance 0.",2.0,1.0,0.5,2.0,1.0,2.0,sensitivity_645,circular_routes.service_elasticity,1.3862943611198906,,,"Policy solve failed at virgin_metal_tax_tax_0_0075: status LOCALLY_INFEASIBLE, scaled residuals above tolerance 2, bound violations above tolerance 0."
sensitivity_627,policy,virgin_metal_tax_0_02,virgin_metal_tax,0.02,,,false,,,,,,,,,,,,"Policy solve failed at virgin_metal_tax_tax_0_01: status LOCALLY_INFEASIBLE, scaled residuals above tolerance 5, bound violations above tolerance 0.",2.0,1.0,0.5,2.0,1.0,2.0,sensitivity_625,trade.armington_elasticity,1.3862943611198906,,,"Policy solve failed at virgin_metal_tax_tax_0_01: status LOCALLY_INFEASIBLE, scaled residuals above tolerance 5, bound violations above tolerance 0."
sensitivity_630,policy,virgin_metal_tax_0_02,virgin_metal_tax,0.02,,,false,,,,,,,,,,,,"Policy solve failed at virgin_metal_tax_tax_0_0075: status LOCALLY_INFEASIBLE, scaled residuals above tolerance 1, bound violations above tolerance 0.",2.0,2.0,0.5,2.0,1.0,2.0,sensitivity_603,circular_routes.eol_allocation_elasticity,0.6931471805599453,,,"Policy solve failed at virgin_metal_tax_tax_0_0075: status LOCALLY_INFEASIBLE, scaled residuals above tolerance 1, bound violations above tolerance 0."
sensitivity_630,policy,virgin_metal_tax_0_02,virgin_metal_tax,0.02,,,false,,,,,,,,,,,,"Policy solve failed at virgin_metal_tax_tax_0_0025: status LOCALLY_INFEASIBLE, scaled residuals above tolerance 1, bound violations above tolerance 0.",2.0,2.0,0.5,2.0,1.0,2.0,sensitivity_549,circular_routes.eol_productivity_elasticity,0.6931471805599453,,,"Policy solve failed at virgin_metal_tax_tax_0_0025: status LOCALLY_INFEASIBLE, scaled residuals above tolerance 1, bound violations above tolerance 0."
sensitivity_630,policy,virgin_metal_tax_0_02,virgin_metal_tax,0.02,,,false,,,,,,,,,,,,"Policy solve failed at virgin_metal_tax_tax_0_0125: status TIME_LIMIT, scaled residuals above tolerance 0, bound violations above tolerance 0.",2.0,2.0,0.5,2.0,1.0,2.0,sensitivity_711,circular_routes.eol_productivity_elasticity,0.6931471805599453,,,"Policy solve failed at virgin_metal_tax_tax_0_0125: status TIME_LIMIT, scaled residuals above tolerance 0, bound violations above tolerance 0."
sensitivity_630,policy,virgin_metal_tax_0_02,virgin_metal_tax,0.02,,,false,,,,,,,,,,,,"Policy solve failed at virgin_metal_tax_tax_0_0075: status LOCALLY_INFEASIBLE, scaled residuals above tolerance 3, bound violations above tolerance 0.",2.0,2.0,0.5,2.0,1.0,2.0,sensitivity_639,circular_routes.service_elasticity,0.6931471805599453,,,"Policy solve failed at virgin_metal_tax_tax_0_0075: status LOCALLY_INFEASIBLE, scaled residuals above tolerance 3, bound violations above tolerance 0."
sensitivity_630,policy,virgin_metal_tax_0_02,virgin_metal_tax,0.02,,,false,,,,,,,,,,,,"Policy solve failed at virgin_metal_tax_tax_0_02: status LOCALLY_INFEASIBLE, scaled residuals above tolerance 1, bound violations above tolerance 0.",2.0,2.0,0.5,2.0,1.0,2.0,sensitivity_629,trade.armington_elasticity,0.6931471805599453,,,"Policy solve failed at virgin_metal_tax_tax_0_02: status LOCALLY_INFEASIBLE, scaled residuals above tolerance 1, bound violations above tolerance 0."
sensitivity_630,policy,virgin_metal_tax_0_02,virgin_metal_tax,0.02,,,false,,,,,,,,,,,,"Policy solve failed at virgin_metal_tax_tax_0_0175: status LOCALLY_INFEASIBLE, scaled residuals above tolerance 1, bound violations above tolerance 0.",2.0,2.0,0.5,2.0,1.0,2.0,sensitivity_576,circular_routes.eol_allocation_elasticity,1.3862943611198906,,,"Policy solve failed at virgin_metal_tax_tax_0_0175: status LOCALLY_INFEASIBLE, scaled residuals above tolerance 1, bound violations above tolerance 0."
sensitivity_630,policy,virgin_metal_tax_0_02,virgin_metal_tax,0.02,,,false,,,,,,,,,,,,"Policy solve failed at virgin_metal_tax_tax_0_005: status TIME_LIMIT, scaled residuals above tolerance 1, bound violations above tolerance 0.",2.0,2.0,0.5,2.0,1.0,2.0,sensitivity_628,trade.armington_elasticity,1.3862943611198906,,,"Policy solve failed at virgin_metal_tax_tax_0_005: status TIME_LIMIT, scaled residuals above tolerance 1, bound violations above tolerance 0."
sensitivity_630,policy,virgin_metal_tax_0_02,virgin_metal_tax,0.02,,,false,,,,,,,,,,,,"Policy solve failed at virgin_metal_tax_tax_0_0175: status LOCALLY_INFEASIBLE, scaled residuals above tolerance 1, bound violations above tolerance 0.",2.0,2.0,0.5,2.0,1.0,2.0,sensitivity_624,trade.cet_transformation_elasticity,1.3862943611198906,,,"Policy solve failed at virgin_metal_tax_tax_0_0175: status LOCALLY_INFEASIBLE, scaled residuals above tolerance 1, bound violations above tolerance 0."
sensitivity_637,policy,virgin_metal_tax_0_02,virgin_metal_tax,0.02,,,false,,,,,,,,,,,,"Policy solve failed at virgin_metal_tax_tax_0_02: status LOCALLY_INFEASIBLE, scaled residuals above tolerance 1, bound violations above tolerance 0.",0.5,2.0,1.0,2.0,1.0,2.0,sensitivity_610,circular_routes.eol_allocation_elasticity,0.6931471805599453,,,"Policy solve failed at virgin_metal_tax_tax_0_02: status LOCALLY_INFEASIBLE, scaled residuals above tolerance 1, bound violations above tolerance 0."
sensitivity_637,policy,virgin_metal_tax_0_02,virgin_metal_tax,0.02,,,false,,,,,,,,,,,,"Policy solve failed at virgin_metal_tax_tax_0_005: status TIME_LIMIT, scaled residuals above tolerance 1, bound violations above tolerance 0.",0.5,2.0,1.0,2.0,1.0,2.0,sensitivity_628,circular_routes.service_elasticity,0.6931471805599453,,,"Policy solve failed at virgin_metal_tax_tax_0_005: status TIME_LIMIT, scaled residuals above tolerance 1, bound violations above tolerance 0."
sensitivity_637,policy,virgin_metal_tax_0_02,virgin_metal_tax,0.02,,,false,,,,,,,,,,,,"Policy solve failed at virgin_metal_tax_tax_0_01: status LOCALLY_INFEASIBLE, scaled residuals above tolerance 1, bound violations above tolerance 0.",0.5,2.0,1.0,2.0,1.0,2.0,sensitivity_634,trade.cet_transformation_elasticity,0.6931471805599453,,,"Policy solve failed at virgin_metal_tax_tax_0_01: status LOCALLY_INFEASIBLE, scaled residuals above tolerance 1, bound violations above tolerance 0."
sensitivity_637,policy,virgin_metal_tax_0_02,virgin_metal_tax,0.02,,,false,,,,,,,,,,,,"Policy solve failed at virgin_metal_tax_tax_0_0175: status LOCALLY_INFEASIBLE, scaled residuals above tolerance 1, bound violations above tolerance 0.",0.5,2.0,1.0,2.0,1.0,2.0,sensitivity_151,circular_metal.material_substitution_elasticity,1.3862943611198906,,,"Policy solve failed at virgin_metal_tax_tax_0_0175: status LOCALLY_INFEASIBLE, scaled residuals above tolerance 1, bound violations above tolerance 0."
sensitivity_637,policy,virgin_metal_tax_0_02,virgin_metal_tax,0.02,,,false,,,,,,,,,,,,"Policy solve failed at virgin_metal_tax_tax_0_005: status TIME_LIMIT, scaled residuals above tolerance 2, bound violations above tolerance 0.",0.5,2.0,1.0,2.0,1.0,2.0,sensitivity_583,circular_routes.eol_allocation_elasticity,1.3862943611198906,,,"Policy solve failed at virgin_metal_tax_tax_0_005: status TIME_LIMIT, scaled residuals above tolerance 2, bound violations above tolerance 0."
sensitivity_637,policy,virgin_metal_tax_0_02,virgin_metal_tax,0.02,,,false,,,,,,,,,,,,"Policy solve failed at virgin_metal_tax_tax_0_0075: status LOCALLY_INFEASIBLE, scaled residuals above tolerance 3, bound violations above tolerance 0.",0.5,2.0,1.0,2.0,1.0,2.0,sensitivity_639,trade.armington_elasticity,1.3862943611198906,,,"Policy solve failed at virgin_metal_tax_tax_0_0075: status LOCALLY_INFEASIBLE, scaled residuals above tolerance 3, bound violations above tolerance 0."
sensitivity_637,policy,virgin_metal_tax_0_02,virgin_metal_tax,0.02,,,false,,,,,,,,,,,,"Policy solve failed at virgin_metal_tax_tax_0_0075: status LOCALLY_INFEASIBLE, scaled residuals above tolerance 1, bound violations above tolerance 0.",0.5,2.0,1.0,2.0,1.0,2.0,sensitivity_631,trade.cet_transformation_elasticity,1.3862943611198906,,,"Policy solve failed at virgin_metal_tax_tax_0_0075: status LOCALLY_INFEASIBLE, scaled residuals above tolerance 1, bound violations above tolerance 0."
sensitivity_638,policy,virgin_metal_tax_0_02,virgin_metal_tax,0.02,,,false,,,,,,,,,,,,"Policy solve failed at virgin_metal_tax_tax_0_02: status LOCALLY_INFEASIBLE, scaled residuals above tolerance 2, bound violations above tolerance 0.",1.0,2.0,1.0,2.0,1.0,2.0,sensitivity_611,circular_routes.eol_allocation_elasticity,0.6931471805599453,,,"Policy solve failed at virgin_metal_tax_tax_0_02: status LOCALLY_INFEASIBLE, scaled residuals above tolerance 2, bound violations above tolerance 0."
sensitivity_638,policy,virgin_metal_tax_0_02,virgin_metal_tax,0.02,,,false,,,,,,,,,,,,"Policy solve failed at virgin_metal_tax_tax_0_005: status TIME_LIMIT, scaled residuals above tolerance 0, bound violations above tolerance 0.",1.0,2.0,1.0,2.0,1.0,2.0,sensitivity_557,circular_routes.eol_productivity_elasticity,0.6931471805599453,,,"Policy solve failed at virgin_metal_tax_tax_0_005: status TIME_LIMIT, scaled residuals above tolerance 0, bound violations above tolerance 0."
sensitivity_638,policy,virgin_metal_tax_0_02,virgin_metal_tax,0.02,,,false,,,,,,,,,,,,"Policy solve failed at virgin_metal_tax_tax_0_02: status LOCALLY_INFEASIBLE, scaled residuals above tolerance 1, bound violations above tolerance 0.",1.0,2.0,1.0,2.0,1.0,2.0,sensitivity_629,circular_routes.service_elasticity,0.6931471805599453,,,"Policy solve failed at virgin_metal_tax_tax_0_02: status LOCALLY_INFEASIBLE, scaled residuals above tolerance 1, bound violations above tolerance 0."
sensitivity_638,policy,virgin_metal_tax_0_02,virgin_metal_tax,0.02,,,false,,,,,,,,,,,,"Policy solve failed at virgin_metal_tax_tax_0_005: status LOCALLY_INFEASIBLE, scaled residuals above tolerance 1, bound violations above tolerance 0.",1.0,2.0,1.0,2.0,1.0,2.0,sensitivity_647,circular_routes.service_elasticity,0.6931471805599453,,,"Policy solve failed at virgin_metal_tax_tax_0_005: status LOCALLY_INFEASIBLE, scaled residuals above tolerance 1, bound violations above tolerance 0."
sensitivity_638,policy,virgin_metal_tax_0_02,virgin_metal_tax,0.02,,,false,,,,,,,,,,,,"Policy solve failed at virgin_metal_tax_tax_0_0075: status LOCALLY_INFEASIBLE, scaled residuals above tolerance 3, bound violations above tolerance 0.",1.0,2.0,1.0,2.0,1.0,2.0,sensitivity_639,trade.armington_elasticity,0.6931471805599453,,,"Policy solve failed at virgin_metal_tax_tax_0_0075: status LOCALLY_INFEASIBLE, scaled residuals above tolerance 3, bound violations above tolerance 0."
sensitivity_638,policy,virgin_metal_tax_0_02,virgin_metal_tax,0.02,,,false,,,,,,,,,,,,"Policy solve failed at virgin_metal_tax_tax_0_005: status LOCALLY_INFEASIBLE, scaled residuals above tolerance 3, bound violations above tolerance 0.",1.0,2.0,1.0,2.0,1.0,2.0,sensitivity_635,trade.cet_transformation_elasticity,0.6931471805599453,,,"Policy solve failed at virgin_metal_tax_tax_0_005: status LOCALLY_INFEASIBLE, scaled residuals above tolerance 3, bound violations above tolerance 0."
sensitivity_638,policy,virgin_metal_tax_0_02,virgin_metal_tax,0.02,,,false,,,,,,,,,,,,"Policy solve failed at virgin_metal_tax_tax_0_005: status TIME_LIMIT, scaled residuals above tolerance 15, bound violations above tolerance 0.",1.0,2.0,1.0,2.0,1.0,2.0,sensitivity_584,circular_routes.eol_allocation_elasticity,1.3862943611198906,,,"Policy solve failed at virgin_metal_tax_tax_0_005: status TIME_LIMIT, scaled residuals above tolerance 15, bound violations above tolerance 0."
sensitivity_638,policy,virgin_metal_tax_0_02,virgin_metal_tax,0.02,,,false,,,,,,,,,,,,"Policy solve failed at virgin_metal_tax_tax_0_005: status TIME_LIMIT, scaled residuals above tolerance 2, bound violations above tolerance 0.",1.0,2.0,1.0,2.0,1.0,2.0,sensitivity_632,trade.cet_transformation_elasticity,1.3862943611198906,,,"Policy solve failed at virgin_metal_tax_tax_0_005: status TIME_LIMIT, scaled residuals above tolerance 2, bound violations above tolerance 0."
sensitivity_646,policy,virgin_metal_tax_0_02,virgin_metal_tax,0.02,,,false,,,,,,,,,,,,"Policy solve failed at virgin_metal_tax_tax_0_005: status LOCALLY_INFEASIBLE, scaled residuals above tolerance 1, bound violations above tolerance 0.",0.5,2.0,2.0,2.0,1.0,2.0,sensitivity_403,circular_metal.material_substitution_elasticity,0.6931471805599453,,,"Policy solve failed at virgin_metal_tax_tax_0_005: status LOCALLY_INFEASIBLE, scaled residuals above tolerance 1, bound violations above tolerance 0."
sensitivity_646,policy,virgin_metal_tax_0_02,virgin_metal_tax,0.02,,,false,,,,,,,,,,,,"Policy solve failed at virgin_metal_tax_tax_0_0075: status LOCALLY_INFEASIBLE, scaled residuals above tolerance 1, bound violations above tolerance 0.",0.5,2.0,2.0,2.0,1.0,2.0,sensitivity_619,circular_routes.eol_allocation_elasticity,0.6931471805599453,,,"Policy solve failed at virgin_metal_tax_tax_0_0075: status LOCALLY_INFEASIBLE, scaled residuals above tolerance 1, bound violations above tolerance 0."
sensitivity_646,policy,virgin_metal_tax_0_02,virgin_metal_tax,0.02,,,false,,,,,,,,,,,,"Policy solve failed at virgin_metal_tax_tax_0_005: status LOCALLY_INFEASIBLE, scaled residuals above tolerance 1, bound violations above tolerance 0.",0.5,2.0,2.0,2.0,1.0,2.0,sensitivity_647,trade.armington_elasticity,0.6931471805599453,,,"Policy solve failed at virgin_metal_tax_tax_0_005: status LOCALLY_INFEASIBLE, scaled residuals above tolerance 1, bound violations above tolerance 0."
sensitivity_646,policy,virgin_metal_tax_0_02,virgin_metal_tax,0.02,,,false,,,,,,,,,,,,"Policy solve failed at virgin_metal_tax_tax_0_02: status LOCALLY_INFEASIBLE, scaled residuals above tolerance 1, bound violations above tolerance 0.",0.5,2.0,2.0,2.0,1.0,2.0,sensitivity_643,trade.cet_transformation_elasticity,0.6931471805599453,,,"Policy solve failed at virgin_metal_tax_tax_0_02: status LOCALLY_INFEASIBLE, scaled residuals above tolerance 1, bound violations above tolerance 0."
sensitivity_646,policy,virgin_metal_tax_0_02,virgin_metal_tax,0.02,,,false,,,,,,,,,,,,"Policy solve failed at virgin_metal_tax_tax_0_0125: status LOCALLY_INFEASIBLE, scaled residuals above tolerance 1, bound violations above tolerance 0.",0.5,2.0,2.0,2.0,1.0,2.0,sensitivity_160,circular_metal.material_substitution_elasticity,1.3862943611198906,,,"Policy solve failed at virgin_metal_tax_tax_0_0125: status LOCALLY_INFEASIBLE, scaled residuals above tolerance 1, bound violations above tolerance 0."
sensitivity_646,policy,virgin_metal_tax_0_02,virgin_metal_tax,0.02,,,false,,,,,,,,,,,,"Policy solve failed at virgin_metal_tax_tax_0_005: status LOCALLY_INFEASIBLE, scaled residuals above tolerance 1, bound violations above tolerance 0.",0.5,2.0,2.0,2.0,1.0,2.0,sensitivity_592,circular_routes.eol_allocation_elasticity,1.3862943611198906,,,"Policy solve failed at virgin_metal_tax_tax_0_005: status LOCALLY_INFEASIBLE, scaled residuals above tolerance 1, bound violations above tolerance 0."
sensitivity_646,policy,virgin_metal_tax_0_02,virgin_metal_tax,0.02,,,false,,,,,,,,,,,,"Policy solve failed at virgin_metal_tax_tax_0_005: status TIME_LIMIT, scaled residuals above tolerance 1, bound violations above tolerance 0.",0.5,2.0,2.0,2.0,1.0,2.0,sensitivity_628,circular_routes.service_elasticity,1.3862943611198906,,,"Policy solve failed at virgin_metal_tax_tax_0_005: status TIME_LIMIT, scaled residuals above tolerance 1, bound violations above tolerance 0."
sensitivity_646,policy,virgin_metal_tax_0_02,virgin_metal_tax,0.02,,,false,,,,,,,,,,,,"Policy solve failed at virgin_metal_tax_tax_0_015000000000000001: status LOCALLY_INFEASIBLE, scaled residuals above tolerance 1, bound violations above tolerance 0.",0.5,2.0,2.0,2.0,1.0,2.0,sensitivity_640,trade.cet_transformation_elasticity,1.3862943611198906,,,"Policy solve failed at virgin_metal_tax_tax_0_015000000000000001: status LOCALLY_INFEASIBLE, scaled residuals above tolerance 1, bound violations above tolerance 0."
sensitivity_648,policy,virgin_metal_tax_0_02,virgin_metal_tax,0.02,,,false,,,,,,,,,,,,"Policy solve failed at virgin_metal_tax_tax_0_0175: status LOCALLY_INFEASIBLE, scaled residuals above tolerance 1, bound violations above tolerance 0.",2.0,2.0,2.0,2.0,1.0,2.0,sensitivity_405,circular_metal.material_substitution_elasticity,0.6931471805599453,,,"Policy solve failed at virgin_metal_tax_tax_0_0175: status LOCALLY_INFEASIBLE, scaled residuals above tolerance 1, bound violations above tolerance 0."
sensitivity_648,policy,virgin_metal_tax_0_02,virgin_metal_tax,0.02,,,false,,,,,,,,,,,,"Policy solve failed at virgin_metal_tax_tax_0_01: status LOCALLY_INFEASIBLE, scaled residuals above tolerance 1, bound violations above tolerance 0.",2.0,2.0,2.0,2.0,1.0,2.0,sensitivity_621,circular_routes.eol_allocation_elasticity,0.6931471805599453,,,"Policy solve failed at virgin_metal_tax_tax_0_01: status LOCALLY_INFEASIBLE, scaled residuals above tolerance 1, bound violations above tolerance 0."
sensitivity_648,policy,virgin_metal_tax_0_02,virgin_metal_tax,0.02,,,false,,,,,,,,,,,,"Policy solve failed at virgin_metal_tax_tax_0_02: status LOCALLY_INFEASIBLE, scaled residuals above tolerance 1, bound violations above tolerance 0.",2.0,2.0,2.0,2.0,1.0,2.0,sensitivity_567,circular_routes.eol_productivity_elasticity,0.6931471805599453,,,"Policy solve failed at virgin_metal_tax_tax_0_02: status LOCALLY_INFEASIBLE, scaled residuals above tolerance 1, bound violations above tolerance 0."
sensitivity_648,policy,virgin_metal_tax_0_02,virgin_metal_tax,0.02,,,false,,,,,,,,,,,,"Policy solve failed at virgin_metal_tax_tax_0_0075: status LOCALLY_INFEASIBLE, scaled residuals above tolerance 3, bound violations above tolerance 0.",2.0,2.0,2.0,2.0,1.0,2.0,sensitivity_639,circular_routes.service_elasticity,0.6931471805599453,,,"Policy solve failed at virgin_metal_tax_tax_0_0075: status LOCALLY_INFEASIBLE, scaled residuals above tolerance 3, bound violations above tolerance 0."
sensitivity_648,policy,virgin_metal_tax_0_02,virgin_metal_tax,0.02,,,false,,,,,,,,,,,,"Policy solve failed at virgin_metal_tax_tax_0_005: status LOCALLY_INFEASIBLE, scaled residuals above tolerance 1, bound violations above tolerance 0.",2.0,2.0,2.0,2.0,1.0,2.0,sensitivity_647,trade.armington_elasticity,0.6931471805599453,,,"Policy solve failed at virgin_metal_tax_tax_0_005: status LOCALLY_INFEASIBLE, scaled residuals above tolerance 1, bound violations above tolerance 0."
sensitivity_648,policy,virgin_metal_tax_0_02,virgin_metal_tax,0.02,,,false,,,,,,,,,,,,"Policy solve failed at virgin_metal_tax_tax_0_0075: status LOCALLY_INFEASIBLE, scaled residuals above tolerance 2, bound violations above tolerance 0.",2.0,2.0,2.0,2.0,1.0,2.0,sensitivity_645,trade.cet_transformation_elasticity,0.6931471805599453,,,"Policy solve failed at virgin_metal_tax_tax_0_0075: status LOCALLY_INFEASIBLE, scaled residuals above tolerance 2, bound violations above tolerance 0."
sensitivity_648,policy,virgin_metal_tax_0_02,virgin_metal_tax,0.02,,,false,,,,,,,,,,,,"Policy solve failed at virgin_metal_tax_tax_0_02: status LOCALLY_INFEASIBLE, scaled residuals above tolerance 1, bound violations above tolerance 0.",2.0,2.0,2.0,2.0,1.0,2.0,sensitivity_594,circular_routes.eol_allocation_elasticity,1.3862943611198906,,,"Policy solve failed at virgin_metal_tax_tax_0_02: status LOCALLY_INFEASIBLE, scaled residuals above tolerance 1, bound violations above tolerance 0."
sensitivity_648,policy,virgin_metal_tax_0_02,virgin_metal_tax,0.02,,,false,,,,,,,,,,,,"Policy solve failed at virgin_metal_tax_tax_0_0175: status TIME_LIMIT, scaled residuals above tolerance 2, bound violations above tolerance 0.",2.0,2.0,2.0,2.0,1.0,2.0,sensitivity_642,trade.cet_transformation_elasticity,1.3862943611198906,,,"Policy solve failed at virgin_metal_tax_tax_0_0175: status TIME_LIMIT, scaled residuals above tolerance 2, bound violations above tolerance 0."
sensitivity_654,policy,virgin_metal_tax_0_02,virgin_metal_tax,0.02,,,false,,,,,,,,,,,,"Policy solve failed at virgin_metal_tax_tax_0_0175: status LOCALLY_INFEASIBLE, scaled residuals above tolerance 1, bound violations above tolerance 0.",2.0,1.0,0.5,0.5,2.0,2.0,sensitivity_411,circular_metal.material_substitution_elasticity,0.6931471805599453,,,"Policy solve failed at virgin_metal_tax_tax_0_0175: status LOCALLY_INFEASIBLE, scaled residuals above tolerance 1, bound violations above tolerance 0."
sensitivity_654,policy,virgin_metal_tax_0_02,virgin_metal_tax,0.02,LOCALLY_INFEASIBLE,INFEASIBLE_POINT,true,18.861542455,0.0007178514961495405,0,0.0,0,common_eu_trade,eu_cet_quantity,NEW_ELMA|SK,0.0007178514961495405,EOL_FLOW_EOL_DE_ELMA_INC,0.0,,2.0,1.0,0.5,0.5,2.0,2.0,sensitivity_681,circular_routes.eol_allocation_elasticity,0.6931471805599453,true,true,
sensitivity_657,policy,virgin_metal_tax_0_02,virgin_metal_tax,0.02,,,false,,,,,,,,,,,,"Policy solve failed at virgin_metal_tax_tax_0_02: status LOCALLY_INFEASIBLE, scaled residuals above tolerance 1, bound violations above tolerance 0.",2.0,2.0,0.5,0.5,2.0,2.0,sensitivity_414,circular_metal.material_substitution_elasticity,0.6931471805599453,,,"Policy solve failed at virgin_metal_tax_tax_0_02: status LOCALLY_INFEASIBLE, scaled residuals above tolerance 1, bound violations above tolerance 0."
sensitivity_657,policy,virgin_metal_tax_0_02,virgin_metal_tax,0.02,,,false,,,,,,,,,,,,"Policy solve failed at virgin_metal_tax_tax_0_0175: status LOCALLY_INFEASIBLE, scaled residuals above tolerance 1, bound violations above tolerance 0.",2.0,2.0,0.5,0.5,2.0,2.0,sensitivity_576,circular_routes.eol_productivity_elasticity,0.6931471805599453,,,"Policy solve failed at virgin_metal_tax_tax_0_0175: status LOCALLY_INFEASIBLE, scaled residuals above tolerance 1, bound violations above tolerance 0."
sensitivity_657,policy,virgin_metal_tax_0_02,virgin_metal_tax,0.02,,,false,,,,,,,,,,,,"Policy solve failed at virgin_metal_tax_tax_0_01: status LOCALLY_INFEASIBLE, scaled residuals above tolerance 1, bound violations above tolerance 0.",2.0,2.0,0.5,0.5,2.0,2.0,sensitivity_666,circular_routes.service_elasticity,0.6931471805599453,,,"Policy solve failed at virgin_metal_tax_tax_0_01: status LOCALLY_INFEASIBLE, scaled residuals above tolerance 1, bound violations above tolerance 0."
sensitivity_657,policy,virgin_metal_tax_0_02,virgin_metal_tax,0.02,LOCALLY_INFEASIBLE,INFEASIBLE_POINT,false,20.950807114,0.0010718618693542625,1,0.0,0,material_composite_production_REU,eqpzs,IND_REU_NEW_ELMA,0.0010718618693542625,EOL_FLOW_EOL_DE_ELMA_INC,0.0,,2.0,2.0,0.5,0.5,2.0,2.0,sensitivity_656,trade.armington_elasticity,0.6931471805599453,true,true,
sensitivity_657,policy,virgin_metal_tax_0_02,virgin_metal_tax,0.02,LOCALLY_INFEASIBLE,INFEASIBLE_POINT,false,38.837575795,0.0010649078415361224,1,0.0,0,material_composite_production_REU,eqpzs,IND_REU_NEW_ELMA,0.0010649078415361224,EOL_FLOW_EOL_DE_ELMA_INC,0.0,,2.0,2.0,0.5,0.5,2.0,2.0,sensitivity_171,circular_metal.material_substitution_elasticity,1.3862943611198906,true,true,
sensitivity_657,policy,virgin_metal_tax_0_02,virgin_metal_tax,0.02,,,false,,,,,,,,,,,,"Policy solve failed at virgin_metal_tax_tax_0_0125: status TIME_LIMIT, scaled residuals above tolerance 0, bound violations above tolerance 0.",2.0,2.0,0.5,0.5,2.0,2.0,sensitivity_711,circular_routes.eol_allocation_elasticity,1.3862943611198906,,,"Policy solve failed at virgin_metal_tax_tax_0_0125: status TIME_LIMIT, scaled residuals above tolerance 0, bound violations above tolerance 0."
sensitivity_657,policy,virgin_metal_tax_0_02,virgin_metal_tax,0.02,,,false,,,,,,,,,,,,"Policy solve failed at virgin_metal_tax_tax_0_015000000000000001: status LOCALLY_INFEASIBLE, scaled residuals above tolerance 1, bound violations above tolerance 0.",2.0,2.0,0.5,0.5,2.0,2.0,sensitivity_495,circular_routes.eol_productivity_elasticity,1.3862943611198906,,,"Policy solve failed at virgin_metal_tax_tax_0_015000000000000001: status LOCALLY_INFEASIBLE, scaled residuals above tolerance 1, bound violations above tolerance 0."
sensitivity_657,policy,virgin_metal_tax_0_02,virgin_metal_tax,0.02,,,false,,,,,,,,,,,,"Policy solve failed at virgin_metal_tax_tax_0_0075: status LOCALLY_INFEASIBLE, scaled residuals above tolerance 3, bound violations above tolerance 0.",2.0,2.0,0.5,0.5,2.0,2.0,sensitivity_655,trade.armington_elasticity,1.3862943611198906,,,"Policy solve failed at virgin_metal_tax_tax_0_0075: status LOCALLY_INFEASIBLE, scaled residuals above tolerance 3, bound violations above tolerance 0."
sensitivity_657,policy,virgin_metal_tax_0_02,virgin_metal_tax,0.02,,,false,,,,,,,,,,,,"Policy solve failed at virgin_metal_tax_tax_0_005: status LOCALLY_INFEASIBLE, scaled residuals above tolerance 1, bound violations above tolerance 0.",2.0,2.0,0.5,0.5,2.0,2.0,sensitivity_651,trade.cet_transformation_elasticity,1.3862943611198906,,,"Policy solve failed at virgin_metal_tax_tax_0_005: status LOCALLY_INFEASIBLE, scaled residuals above tolerance 1, bound violations above tolerance 0."
sensitivity_661,policy,virgin_metal_tax_0_02,virgin_metal_tax,0.02,LOCALLY_INFEASIBLE,INFEASIBLE_POINT,true,55.919794974,0.0008987644559044217,0,0.0,0,material_composite_production_REU,eqpzs,IND_REU_NEW_ELMA,0.0008987644559044217,EOL_FLOW_EOL_DE_ELMA_INC,0.0,,0.5,1.0,1.0,0.5,2.0,2.0,sensitivity_418,circular_metal.material_substitution_elasticity,0.6931471805599453,true,true,
sensitivity_674,policy,virgin_metal_tax_0_02,virgin_metal_tax,0.02,,,false,,,,,,,,,,,,"Policy solve failed at virgin_metal_tax_tax_0_015000000000000001: status LOCALLY_INFEASIBLE, scaled residuals above tolerance 1, bound violations above tolerance 0.",1.0,2.0,2.0,0.5,2.0,2.0,sensitivity_431,circular_metal.material_substitution_elasticity,0.6931471805599453,,,"Policy solve failed at virgin_metal_tax_tax_0_015000000000000001: status LOCALLY_INFEASIBLE, scaled residuals above tolerance 1, bound violations above tolerance 0."
sensitivity_674,policy,virgin_metal_tax_0_02,virgin_metal_tax,0.02,,,false,,,,,,,,,,,,"Policy solve failed at virgin_metal_tax_tax_0_0125: status LOCALLY_INFEASIBLE, scaled residuals above tolerance 1, bound violations above tolerance 0.",1.0,2.0,2.0,0.5,2.0,2.0,sensitivity_701,circular_routes.eol_allocation_elasticity,0.6931471805599453,,,"Policy solve failed at virgin_metal_tax_tax_0_0125: status LOCALLY_INFEASIBLE, scaled residuals above tolerance 1, bound violations above tolerance 0."
sensitivity_674,policy,virgin_metal_tax_0_02,virgin_metal_tax,0.02,,,false,,,,,,,,,,,,"Policy solve failed at virgin_metal_tax_tax_0_01: status LOCALLY_INFEASIBLE, scaled residuals above tolerance 6, bound violations above tolerance 0.",1.0,2.0,2.0,0.5,2.0,2.0,sensitivity_593,circular_routes.eol_productivity_elasticity,0.6931471805599453,,,"Policy solve failed at virgin_metal_tax_tax_0_01: status LOCALLY_INFEASIBLE, scaled residuals above tolerance 6, bound violations above tolerance 0."
sensitivity_674,policy,virgin_metal_tax_0_02,virgin_metal_tax,0.02,,,false,,,,,,,,,,,,"Policy solve failed at virgin_metal_tax_tax_0_01: status LOCALLY_INFEASIBLE, scaled residuals above tolerance 4, bound violations above tolerance 0.",1.0,2.0,2.0,0.5,2.0,2.0,sensitivity_665,circular_routes.service_elasticity,0.6931471805599453,,,"Policy solve failed at virgin_metal_tax_tax_0_01: status LOCALLY_INFEASIBLE, scaled residuals above tolerance 4, bound violations above tolerance 0."
sensitivity_674,policy,virgin_metal_tax_0_02,virgin_metal_tax,0.02,,,false,,,,,,,,,,,,"Policy solve failed at virgin_metal_tax_tax_0_01: status LOCALLY_INFEASIBLE, scaled residuals above tolerance 1, bound violations above tolerance 0.",1.0,2.0,2.0,0.5,2.0,2.0,sensitivity_673,trade.armington_elasticity,0.6931471805599453,,,"Policy solve failed at virgin_metal_tax_tax_0_01: status LOCALLY_INFEASIBLE, scaled residuals above tolerance 1, bound violations above tolerance 0."
sensitivity_674,policy,virgin_metal_tax_0_02,virgin_metal_tax,0.02,,,false,,,,,,,,,,,,"Policy solve failed at virgin_metal_tax_tax_0_0125: status LOCALLY_INFEASIBLE, scaled residuals above tolerance 1, bound violations above tolerance 0.",1.0,2.0,2.0,0.5,2.0,2.0,sensitivity_671,trade.cet_transformation_elasticity,0.6931471805599453,,,"Policy solve failed at virgin_metal_tax_tax_0_0125: status LOCALLY_INFEASIBLE, scaled residuals above tolerance 1, bound violations above tolerance 0."
sensitivity_674,policy,virgin_metal_tax_0_02,virgin_metal_tax,0.02,,,false,,,,,,,,,,,,"Policy solve failed at virgin_metal_tax_tax_0_02: status LOCALLY_INFEASIBLE, scaled residuals above tolerance 1, bound violations above tolerance 0.",1.0,2.0,2.0,0.5,2.0,2.0,sensitivity_188,circular_metal.material_substitution_elasticity,1.3862943611198906,,,"Policy solve failed at virgin_metal_tax_tax_0_02: status LOCALLY_INFEASIBLE, scaled residuals above tolerance 1, bound violations above tolerance 0."
sensitivity_674,policy,virgin_metal_tax_0_02,virgin_metal_tax,0.02,,,false,,,,,,,,,,,,"Policy solve failed at virgin_metal_tax_tax_0_0125: status LOCALLY_INFEASIBLE, scaled residuals above tolerance 4, bound violations above tolerance 0.",1.0,2.0,2.0,0.5,2.0,2.0,sensitivity_512,circular_routes.eol_productivity_elasticity,1.3862943611198906,,,"Policy solve failed at virgin_metal_tax_tax_0_0125: status LOCALLY_INFEASIBLE, scaled residuals above tolerance 4, bound violations above tolerance 0."
sensitivity_674,policy,virgin_metal_tax_0_02,virgin_metal_tax,0.02,LOCALLY_INFEASIBLE,INFEASIBLE_POINT,false,31.761583437,0.001043943743888276,1,0.0,0,material_composite_production_REU,eqpzs,IND_REU_NEW_ELMA,0.001043943743888276,EOL_FLOW_EOL_DE_ELMA_INC,0.0,,1.0,2.0,2.0,0.5,2.0,2.0,sensitivity_656,circular_routes.service_elasticity,1.3862943611198906,true,true,
sensitivity_674,policy,virgin_metal_tax_0_02,virgin_metal_tax,0.02,,,false,,,,,,,,,,,,"Policy solve failed at virgin_metal_tax_tax_0_0075: status LOCALLY_INFEASIBLE, scaled residuals above tolerance 1, bound violations above tolerance 0.",1.0,2.0,2.0,0.5,2.0,2.0,sensitivity_668,trade.cet_transformation_elasticity,1.3862943611198906,,,"Policy solve failed at virgin_metal_tax_tax_0_0075: status LOCALLY_INFEASIBLE, scaled residuals above tolerance 1, bound violations above tolerance 0."
sensitivity_675,policy,virgin_metal_tax_0_02,virgin_metal_tax,0.02,,,false,,,,,,,,,,,,"Policy solve failed at virgin_metal_tax_tax_0_0175: status LOCALLY_INFEASIBLE, scaled residuals above tolerance 1, bound violations above tolerance 0.",2.0,2.0,2.0,0.5,2.0,2.0,sensitivity_432,circular_metal.material_substitution_elasticity,0.6931471805599453,,,"Policy solve failed at virgin_metal_tax_tax_0_0175: status LOCALLY_INFEASIBLE, scaled residuals above tolerance 1, bound violations above tolerance 0."
sensitivity_675,policy,virgin_metal_tax_0_02,virgin_metal_tax,0.02,,,false,,,,,,,,,,,,"Policy solve failed at virgin_metal_tax_tax_0_0075: status LOCALLY_INFEASIBLE, scaled residuals above tolerance 1, bound violations above tolerance 0.",2.0,2.0,2.0,0.5,2.0,2.0,sensitivity_702,circular_routes.eol_allocation_elasticity,0.6931471805599453,,,"Policy solve failed at virgin_metal_tax_tax_0_0075: status LOCALLY_INFEASIBLE, scaled residuals above tolerance 1, bound violations above tolerance 0."
sensitivity_675,policy,virgin_metal_tax_0_02,virgin_metal_tax,0.02,,,false,,,,,,,,,,,,"Policy solve failed at virgin_metal_tax_tax_0_02: status LOCALLY_INFEASIBLE, scaled residuals above tolerance 1, bound violations above tolerance 0.",2.0,2.0,2.0,0.5,2.0,2.0,sensitivity_594,circular_routes.eol_productivity_elasticity,0.6931471805599453,,,"Policy solve failed at virgin_metal_tax_tax_0_02: status LOCALLY_INFEASIBLE, scaled residuals above tolerance 1, bound violations above tolerance 0."
sensitivity_675,policy,virgin_metal_tax_0_02,virgin_metal_tax,0.02,,,false,,,,,,,,,,,,"Policy solve failed at virgin_metal_tax_tax_0_01: status LOCALLY_INFEASIBLE, scaled residuals above tolerance 1, bound violations above tolerance 0.",2.0,2.0,2.0,0.5,2.0,2.0,sensitivity_666,circular_routes.service_elasticity,0.6931471805599453,,,"Policy solve failed at virgin_metal_tax_tax_0_01: status LOCALLY_INFEASIBLE, scaled residuals above tolerance 1, bound violations above tolerance 0."
sensitivity_675,policy,virgin_metal_tax_0_02,virgin_metal_tax,0.02,LOCALLY_INFEASIBLE,INFEASIBLE_POINT,false,12.180589849,0.001228689714144915,2,0.0,0,material_composite_production_SK,eqpzs,IND_SK_NEW_ELMA,0.001228689714144915,EOL_FLOW_EOL_DE_ELMA_INC,0.0,,2.0,2.0,2.0,0.5,2.0,2.0,sensitivity_672,trade.cet_transformation_elasticity,0.6931471805599453,true,true,
sensitivity_675,policy,virgin_metal_tax_0_02,virgin_metal_tax,0.02,,,false,,,,,,,,,,,,"Policy solve failed at virgin_metal_tax_tax_0_005: status LOCALLY_INFEASIBLE, scaled residuals above tolerance 2, bound violations above tolerance 0.",2.0,2.0,2.0,0.5,2.0,2.0,sensitivity_513,circular_routes.eol_productivity_elasticity,1.3862943611198906,,,"Policy solve failed at virgin_metal_tax_tax_0_005: status LOCALLY_INFEASIBLE, scaled residuals above tolerance 2, bound violations above tolerance 0."
sensitivity_675,policy,virgin_metal_tax_0_02,virgin_metal_tax,0.02,,,false,,,,,,,,,,,,"Policy solve failed at virgin_metal_tax_tax_0_01: status LOCALLY_INFEASIBLE, scaled residuals above tolerance 1, bound violations above tolerance 0.",2.0,2.0,2.0,0.5,2.0,2.0,sensitivity_673,trade.armington_elasticity,1.3862943611198906,,,"Policy solve failed at virgin_metal_tax_tax_0_01: status LOCALLY_INFEASIBLE, scaled residuals above tolerance 1, bound violations above tolerance 0."
sensitivity_675,policy,virgin_metal_tax_0_02,virgin_metal_tax,0.02,,,false,,,,,,,,,,,,"Policy solve failed at virgin_metal_tax_tax_0_01: status LOCALLY_INFEASIBLE, scaled residuals above tolerance 1, bound violations above tolerance 0.",2.0,2.0,2.0,0.5,2.0,2.0,sensitivity_669,trade.cet_transformation_elasticity,1.3862943611198906,,,"Policy solve failed at virgin_metal_tax_tax_0_01: status LOCALLY_INFEASIBLE, scaled residuals above tolerance 1, bound violations above tolerance 0."
sensitivity_683,policy,virgin_metal_tax_0_02,virgin_metal_tax,0.02,LOCALLY_INFEASIBLE,INFEASIBLE_POINT,false,47.213991157,0.011556527656466642,3,0.0,0,observed_physical_flow_links,quantity_link,physical_SK_OFMA_REP_route_input_mass,0.011556527656466642,EOL_FLOW_EOL_DE_ELMA_INC,0.0,,1.0,2.0,0.5,1.0,2.0,2.0,sensitivity_656,circular_routes.eol_allocation_elasticity,0.6931471805599453,true,true,
sensitivity_683,policy,virgin_metal_tax_0_02,virgin_metal_tax,0.02,,,false,,,,,,,,,,,,"Policy solve failed at virgin_metal_tax_tax_0_0175: status LOCALLY_INFEASIBLE, scaled residuals above tolerance 1, bound violations above tolerance 0.",1.0,2.0,0.5,1.0,2.0,2.0,sensitivity_602,circular_routes.eol_productivity_elasticity,0.6931471805599453,,,"Policy solve failed at virgin_metal_tax_tax_0_0175: status LOCALLY_INFEASIBLE, scaled residuals above tolerance 1, bound violations above tolerance 0."
sensitivity_683,policy,virgin_metal_tax_0_02,virgin_metal_tax,0.02,,,false,,,,,,,,,,,,"Policy solve failed at virgin_metal_tax_tax_0_005: status LOCALLY_INFEASIBLE, scaled residuals above tolerance 1, bound violations above tolerance 0.",1.0,2.0,0.5,1.0,2.0,2.0,sensitivity_682,trade.armington_elasticity,0.6931471805599453,,,"Policy solve failed at virgin_metal_tax_tax_0_005: status LOCALLY_INFEASIBLE, scaled residuals above tolerance 1, bound violations above tolerance 0."
sensitivity_683,policy,virgin_metal_tax_0_02,virgin_metal_tax,0.02,,,false,,,,,,,,,,,,"Policy solve failed at virgin_metal_tax_tax_0_0125: status LOCALLY_INFEASIBLE, scaled residuals above tolerance 1, bound violations above tolerance 0.",1.0,2.0,0.5,1.0,2.0,2.0,sensitivity_680,trade.cet_transformation_elasticity,0.6931471805599453,,,"Policy solve failed at virgin_metal_tax_tax_0_0125: status LOCALLY_INFEASIBLE, scaled residuals above tolerance 1, bound violations above tolerance 0."
sensitivity_683,policy,virgin_metal_tax_0_02,virgin_metal_tax,0.02,,,false,,,,,,,,,,,,"Policy solve failed at virgin_metal_tax_tax_0_0175: status LOCALLY_INFEASIBLE, scaled residuals above tolerance 1, bound violations above tolerance 0.",1.0,2.0,0.5,1.0,2.0,2.0,sensitivity_197,circular_metal.material_substitution_elasticity,1.3862943611198906,,,"Policy solve failed at virgin_metal_tax_tax_0_0175: status LOCALLY_INFEASIBLE, scaled residuals above tolerance 1, bound violations above tolerance 0."
sensitivity_683,policy,virgin_metal_tax_0_02,virgin_metal_tax,0.02,,,false,,,,,,,,,,,,"Policy solve failed at virgin_metal_tax_tax_0_02: status LOCALLY_INFEASIBLE, scaled residuals above tolerance 1, bound violations above tolerance 0.",1.0,2.0,0.5,1.0,2.0,2.0,sensitivity_521,circular_routes.eol_productivity_elasticity,1.3862943611198906,,,"Policy solve failed at virgin_metal_tax_tax_0_02: status LOCALLY_INFEASIBLE, scaled residuals above tolerance 1, bound violations above tolerance 0."
sensitivity_683,policy,virgin_metal_tax_0_02,virgin_metal_tax,0.02,,,false,,,,,,,,,,,,"Policy solve failed at virgin_metal_tax_tax_0_0125: status LOCALLY_INFEASIBLE, scaled residuals above tolerance 1, bound violations above tolerance 0.",1.0,2.0,0.5,1.0,2.0,2.0,sensitivity_701,circular_routes.service_elasticity,1.3862943611198906,,,"Policy solve failed at virgin_metal_tax_tax_0_0125: status LOCALLY_INFEASIBLE, scaled residuals above tolerance 1, bound violations above tolerance 0."
sensitivity_683,policy,virgin_metal_tax_0_02,virgin_metal_tax,0.02,,,false,,,,,,,,,,,,"Policy solve failed at virgin_metal_tax_tax_0_005: status LOCALLY_INFEASIBLE, scaled residuals above tolerance 1, bound violations above tolerance 0.",1.0,2.0,0.5,1.0,2.0,2.0,sensitivity_677,trade.cet_transformation_elasticity,1.3862943611198906,,,"Policy solve failed at virgin_metal_tax_tax_0_005: status LOCALLY_INFEASIBLE, scaled residuals above tolerance 1, bound violations above tolerance 0."
sensitivity_684,policy,virgin_metal_tax_0_02,virgin_metal_tax,0.02,,,false,,,,,,,,,,,,"Policy solve failed at virgin_metal_tax_tax_0_0125: status TIME_LIMIT, scaled residuals above tolerance 1, bound violations above tolerance 0.",2.0,2.0,0.5,1.0,2.0,2.0,sensitivity_711,circular_routes.eol_allocation_elasticity,0.6931471805599453,,,"Policy solve failed at virgin_metal_tax_tax_0_0125: status TIME_LIMIT, scaled residuals above tolerance 1, bound violations above tolerance 0."
sensitivity_684,policy,virgin_metal_tax_0_02,virgin_metal_tax,0.02,,,false,,,,,,,,,,,,"Policy solve failed at virgin_metal_tax_tax_0_0075: status LOCALLY_INFEASIBLE, scaled residuals above tolerance 1, bound violations above tolerance 0.",2.0,2.0,0.5,1.0,2.0,2.0,sensitivity_603,circular_routes.eol_productivity_elasticity,0.6931471805599453,,,"Policy solve failed at virgin_metal_tax_tax_0_0075: status LOCALLY_INFEASIBLE, scaled residuals above tolerance 1, bound violations above tolerance 0."
sensitivity_684,policy,virgin_metal_tax_0_02,virgin_metal_tax,0.02,LOCALLY_INFEASIBLE,INFEASIBLE_POINT,false,16.392479284,0.0012380758069593378,2,0.0,0,material_composite_production_SK,eqpzs,IND_SK_NEW_ELMA,0.0012380758069593378,EOL_FLOW_EOL_DE_ELMA_INC,0.0,,2.0,2.0,0.5,1.0,2.0,2.0,sensitivity_681,trade.cet_transformation_elasticity,0.6931471805599453,true,true,
sensitivity_684,policy,virgin_metal_tax_0_02,virgin_metal_tax,0.02,,,false,,,,,,,,,,,,"Policy solve failed at virgin_metal_tax_tax_0_0175: status LOCALLY_INFEASIBLE, scaled residuals above tolerance 1, bound violations above tolerance 0.",2.0,2.0,0.5,1.0,2.0,2.0,sensitivity_198,circular_metal.material_substitution_elasticity,1.3862943611198906,,,"Policy solve failed at virgin_metal_tax_tax_0_0175: status LOCALLY_INFEASIBLE, scaled residuals above tolerance 1, bound violations above tolerance 0."
sensitivity_684,policy,virgin_metal_tax_0_02,virgin_metal_tax,0.02,,,false,,,,,,,,,,,,"Policy solve failed at virgin_metal_tax_tax_0_0075: status LOCALLY_INFEASIBLE, scaled residuals above tolerance 1, bound violations above tolerance 0.",2.0,2.0,0.5,1.0,2.0,2.0,sensitivity_702,circular_routes.service_elasticity,1.3862943611198906,,,"Policy solve failed at virgin_metal_tax_tax_0_0075: status LOCALLY_INFEASIBLE, scaled residuals above tolerance 1, bound violations above tolerance 0."
sensitivity_684,policy,virgin_metal_tax_0_02,virgin_metal_tax,0.02,,,false,,,,,,,,,,,,"Policy solve failed at virgin_metal_tax_tax_0_005: status LOCALLY_INFEASIBLE, scaled residuals above tolerance 1, bound violations above tolerance 0.",2.0,2.0,0.5,1.0,2.0,2.0,sensitivity_682,trade.armington_elasticity,1.3862943611198906,,,"Policy solve failed at virgin_metal_tax_tax_0_005: status LOCALLY_INFEASIBLE, scaled residuals above tolerance 1, bound violations above tolerance 0."
sensitivity_684,policy,virgin_metal_tax_0_02,virgin_metal_tax,0.02,,,false,,,,,,,,,,,,"Policy solve failed at virgin_metal_tax_tax_0_01: status LOCALLY_INFEASIBLE, scaled residuals above tolerance 2, bound violations above tolerance 0.",2.0,2.0,0.5,1.0,2.0,2.0,sensitivity_678,trade.cet_transformation_elasticity,1.3862943611198906,,,"Policy solve failed at virgin_metal_tax_tax_0_01: status LOCALLY_INFEASIBLE, scaled residuals above tolerance 2, bound violations above tolerance 0."
sensitivity_688,policy,virgin_metal_tax_0_02,virgin_metal_tax,0.02,,,false,,,,,,,,,,,,"Policy solve failed at virgin_metal_tax_tax_0_02: status LOCALLY_INFEASIBLE, scaled residuals above tolerance 2, bound violations above tolerance 0.",0.5,1.0,1.0,1.0,2.0,2.0,sensitivity_445,circular_metal.material_substitution_elasticity,0.6931471805599453,,,"Policy solve failed at virgin_metal_tax_tax_0_02: status LOCALLY_INFEASIBLE, scaled residuals above tolerance 2, bound violations above tolerance 0."
sensitivity_688,policy,virgin_metal_tax_0_02,virgin_metal_tax,0.02,,,false,,,,,,,,,,,,"Policy solve failed at virgin_metal_tax_tax_0_01: status LOCALLY_INFEASIBLE, scaled residuals above tolerance 1, bound violations above tolerance 0.",0.5,1.0,1.0,1.0,2.0,2.0,sensitivity_715,circular_routes.eol_allocation_elasticity,0.6931471805599453,,,"Policy solve failed at virgin_metal_tax_tax_0_01: status LOCALLY_INFEASIBLE, scaled residuals above tolerance 1, bound violations above tolerance 0."
sensitivity_688,policy,virgin_metal_tax_0_02,virgin_metal_tax,0.02,,,false,,,,,,,,,,,,"Policy solve failed at virgin_metal_tax_tax_0_02: status LOCALLY_INFEASIBLE, scaled residuals above tolerance 1, bound violations above tolerance 0.",0.5,1.0,1.0,1.0,2.0,2.0,sensitivity_607,circular_routes.eol_productivity_elasticity,0.6931471805599453,,,"Policy solve failed at virgin_metal_tax_tax_0_02: status LOCALLY_INFEASIBLE, scaled residuals above tolerance 1, bound violations above tolerance 0."
sensitivity_688,policy,virgin_metal_tax_0_02,virgin_metal_tax,0.02,,,false,,,,,,,,,,,,"Policy solve failed at virgin_metal_tax_tax_0_02: status LOCALLY_INFEASIBLE, scaled residuals above tolerance 1, bound violations above tolerance 0.",0.5,1.0,1.0,1.0,2.0,2.0,sensitivity_679,circular_routes.service_elasticity,0.6931471805599453,,,"Policy solve failed at virgin_metal_tax_tax_0_02: status LOCALLY_INFEASIBLE, scaled residuals above tolerance 1, bound violations above tolerance 0."
sensitivity_688,policy,virgin_metal_tax_0_02,virgin_metal_tax,0.02,LOCALLY_INFEASIBLE,INFEASIBLE_POINT,false,17.573315988,0.0010283390866371472,1,0.0,0,common_eu_trade,eu_cet_quantity,NEW_ELMA|SK,0.0010283390866371472,EOL_FLOW_EOL_DE_ELMA_INC,0.0,,0.5,1.0,1.0,1.0,2.0,2.0,sensitivity_697,circular_routes.service_elasticity,0.6931471805599453,true,true,
sensitivity_688,policy,virgin_metal_tax_0_02,virgin_metal_tax,0.02,,,false,,,,,,,,,,,,"Policy solve failed at virgin_metal_tax_tax_0_01: status LOCALLY_INFEASIBLE, scaled residuals above tolerance 3, bound violations above tolerance 0.",0.5,1.0,1.0,1.0,2.0,2.0,sensitivity_689,trade.armington_elasticity,0.6931471805599453,,,"Policy solve failed at virgin_metal_tax_tax_0_01: status LOCALLY_INFEASIBLE, scaled residuals above tolerance 3, bound violations above tolerance 0."
sensitivity_688,policy,virgin_metal_tax_0_02,virgin_metal_tax,0.02,,,false,,,,,,,,,,,,"Policy solve failed at virgin_metal_tax_tax_0_0075: status LOCALLY_INFEASIBLE, scaled residuals above tolerance 71, bound violations above tolerance 0.",0.5,1.0,1.0,1.0,2.0,2.0,sensitivity_685,trade.cet_transformation_elasticity,0.6931471805599453,,,"Policy solve failed at virgin_metal_tax_tax_0_0075: status LOCALLY_INFEASIBLE, scaled residuals above tolerance 71, bound violations above tolerance 0."
sensitivity_688,policy,virgin_metal_tax_0_02,virgin_metal_tax,0.02,,,false,,,,,,,,,,,,"Policy solve failed at virgin_metal_tax_tax_0_01: status LOCALLY_INFEASIBLE, scaled residuals above tolerance 3, bound violations above tolerance 0.",0.5,1.0,1.0,1.0,2.0,2.0,sensitivity_691,trade.cet_transformation_elasticity,0.6931471805599453,,,"Policy solve failed at virgin_metal_tax_tax_0_01: status LOCALLY_INFEASIBLE, scaled residuals above tolerance 3, bound violations above tolerance 0."
sensitivity_688,policy,virgin_metal_tax_0_02,virgin_metal_tax,0.02,,,false,,,,,,,,,,,,"Policy solve failed at virgin_metal_tax_tax_0_02: status LOCALLY_INFEASIBLE, scaled residuals above tolerance 1, bound violations above tolerance 0.",0.5,1.0,1.0,1.0,2.0,2.0,sensitivity_202,circular_metal.material_substitution_elasticity,1.3862943611198906,,,"Policy solve failed at virgin_metal_tax_tax_0_02: status LOCALLY_INFEASIBLE, scaled residuals above tolerance 1, bound violations above tolerance 0."
sensitivity_688,policy,virgin_metal_tax_0_02,virgin_metal_tax,0.02,,,false,,,,,,,,,,,,"Policy solve failed at virgin_metal_tax_tax_0_0175: status TIME_LIMIT, scaled residuals above tolerance 268, bound violations above tolerance 0.",0.5,1.0,1.0,1.0,2.0,2.0,sensitivity_526,circular_routes.eol_productivity_elasticity,1.3862943611198906,,,"Policy solve failed at virgin_metal_tax_tax_0_0175: status TIME_LIMIT, scaled residuals above tolerance 268, bound violations above tolerance 0."
sensitivity_688,policy,virgin_metal_tax_0_02,virgin_metal_tax,0.02,,,false,,,,,,,,,,,,"Policy solve failed at virgin_metal_tax_tax_0_02: status LOCALLY_INFEASIBLE, scaled residuals above tolerance 1, bound violations above tolerance 0.",0.5,1.0,1.0,1.0,2.0,2.0,sensitivity_690,trade.armington_elasticity,1.3862943611198906,,,"Policy solve failed at virgin_metal_tax_tax_0_02: status LOCALLY_INFEASIBLE, scaled residuals above tolerance 1, bound violations above tolerance 0."
sensitivity_692,policy,virgin_metal_tax_0_02,virgin_metal_tax,0.02,,,false,,,,,,,,,,,,"Policy solve failed at virgin_metal_tax_tax_0_0075: status LOCALLY_INFEASIBLE, scaled residuals above tolerance 1, bound violations above tolerance 0.",1.0,2.0,1.0,1.0,2.0,2.0,sensitivity_449,circular_metal.material_substitution_elasticity,0.6931471805599453,,,"Policy solve failed at virgin_metal_tax_tax_0_0075: status LOCALLY_INFEASIBLE, scaled residuals above tolerance 1, bound violations above tolerance 0."
sensitivity_692,policy,virgin_metal_tax_0_02,virgin_metal_tax,0.02,,,false,,,,,,,,,,,,"Policy solve failed at virgin_metal_tax_tax_0_01: status LOCALLY_INFEASIBLE, scaled residuals above tolerance 4, bound violations above tolerance 0.",1.0,2.0,1.0,1.0,2.0,2.0,sensitivity_665,circular_routes.eol_allocation_elasticity,0.6931471805599453,,,"Policy solve failed at virgin_metal_tax_tax_0_01: status LOCALLY_INFEASIBLE, scaled residuals above tolerance 4, bound violations above tolerance 0."
sensitivity_692,policy,virgin_metal_tax_0_02,virgin_metal_tax,0.02,,,false,,,,,,,,,,,,"Policy solve failed at virgin_metal_tax_tax_0_02: status LOCALLY_INFEASIBLE, scaled residuals above tolerance 2, bound violations above tolerance 0.",1.0,2.0,1.0,1.0,2.0,2.0,sensitivity_611,circular_routes.eol_productivity_elasticity,0.6931471805599453,,,"Policy solve failed at virgin_metal_tax_tax_0_02: status LOCALLY_INFEASIBLE, scaled residuals above tolerance 2, bound violations above tolerance 0."
sensitivity_692,policy,virgin_metal_tax_0_02,virgin_metal_tax,0.02,,,false,,,,,,,,,,,,"Policy solve failed at virgin_metal_tax_tax_0_0125: status LOCALLY_INFEASIBLE, scaled residuals above tolerance 1, bound violations above tolerance 0.",1.0,2.0,1.0,1.0,2.0,2.0,sensitivity_701,circular_routes.service_elasticity,0.6931471805599453,,,"Policy solve failed at virgin_metal_tax_tax_0_0125: status LOCALLY_INFEASIBLE, scaled residuals above tolerance 1, bound violations above tolerance 0."
sensitivity_692,policy,virgin_metal_tax_0_02,virgin_metal_tax,0.02,,,false,,,,,,,,,,,,"Policy solve failed at virgin_metal_tax_tax_0_01: status LOCALLY_INFEASIBLE, scaled residuals above tolerance 3, bound violations above tolerance 0.",1.0,2.0,1.0,1.0,2.0,2.0,sensitivity_691,trade.armington_elasticity,0.6931471805599453,,,"Policy solve failed at virgin_metal_tax_tax_0_01: status LOCALLY_INFEASIBLE, scaled residuals above tolerance 3, bound violations above tolerance 0."
sensitivity_692,policy,virgin_metal_tax_0_02,virgin_metal_tax,0.02,,,false,,,,,,,,,,,,"Policy solve failed at virgin_metal_tax_tax_0_01: status LOCALLY_INFEASIBLE, scaled residuals above tolerance 3, bound violations above tolerance 0.",1.0,2.0,1.0,1.0,2.0,2.0,sensitivity_689,trade.cet_transformation_elasticity,0.6931471805599453,,,"Policy solve failed at virgin_metal_tax_tax_0_01: status LOCALLY_INFEASIBLE, scaled residuals above tolerance 3, bound violations above tolerance 0."
sensitivity_692,policy,virgin_metal_tax_0_02,virgin_metal_tax,0.02,,,false,,,,,,,,,,,,"Policy solve failed at virgin_metal_tax_tax_0_015000000000000001: status LOCALLY_INFEASIBLE, scaled residuals above tolerance 4, bound violations above tolerance 0.",1.0,2.0,1.0,1.0,2.0,2.0,sensitivity_530,circular_routes.eol_productivity_elasticity,1.3862943611198906,,,"Policy solve failed at virgin_metal_tax_tax_0_015000000000000001: status LOCALLY_INFEASIBLE, scaled residuals above tolerance 4, bound violations above tolerance 0."
sensitivity_692,policy,virgin_metal_tax_0_02,virgin_metal_tax,0.02,,,false,,,,,,,,,,,,"Policy solve failed at virgin_metal_tax_tax_0_01: status LOCALLY_INFEASIBLE, scaled residuals above tolerance 3, bound violations above tolerance 0.",1.0,2.0,1.0,1.0,2.0,2.0,sensitivity_686,trade.cet_transformation_elasticity,1.3862943611198906,,,"Policy solve failed at virgin_metal_tax_tax_0_01: status LOCALLY_INFEASIBLE, scaled residuals above tolerance 3, bound violations above tolerance 0."
sensitivity_693,policy,virgin_metal_tax_0_02,virgin_metal_tax,0.02,,,false,,,,,,,,,,,,"Policy solve failed at virgin_metal_tax_tax_0_01: status LOCALLY_INFEASIBLE, scaled residuals above tolerance 1, bound violations above tolerance 0.",2.0,2.0,1.0,1.0,2.0,2.0,sensitivity_666,circular_routes.eol_allocation_elasticity,0.6931471805599453,,,"Policy solve failed at virgin_metal_tax_tax_0_01: status LOCALLY_INFEASIBLE, scaled residuals above tolerance 1, bound violations above tolerance 0."
sensitivity_693,policy,virgin_metal_tax_0_02,virgin_metal_tax,0.02,,,false,,,,,,,,,,,,"Policy solve failed at virgin_metal_tax_tax_0_0025: status LOCALLY_INFEASIBLE, scaled residuals above tolerance 4, bound violations above tolerance 0.",2.0,2.0,1.0,1.0,2.0,2.0,sensitivity_720,circular_routes.eol_allocation_elasticity,0.6931471805599453,,,"Policy solve failed at virgin_metal_tax_tax_0_0025: status LOCALLY_INFEASIBLE, scaled residuals above tolerance 4, bound violations above tolerance 0."
sensitivity_693,policy,virgin_metal_tax_0_02,virgin_metal_tax,0.02,,,false,,,,,,,,,,,,"Policy solve failed at virgin_metal_tax_tax_0_005: status LOCALLY_INFEASIBLE, scaled residuals above tolerance 5, bound violations above tolerance 0.",2.0,2.0,1.0,1.0,2.0,2.0,sensitivity_612,circular_routes.eol_productivity_elasticity,0.6931471805599453,,,"Policy solve failed at virgin_metal_tax_tax_0_005: status LOCALLY_INFEASIBLE, scaled residuals above tolerance 5, bound violations above tolerance 0."
sensitivity_693,policy,virgin_metal_tax_0_02,virgin_metal_tax,0.02,,,false,,,,,,,,,,,,"Policy solve failed at virgin_metal_tax_tax_0_0075: status LOCALLY_INFEASIBLE, scaled residuals above tolerance 1, bound violations above tolerance 0.",2.0,2.0,1.0,1.0,2.0,2.0,sensitivity_702,circular_routes.service_elasticity,0.6931471805599453,,,"Policy solve failed at virgin_metal_tax_tax_0_0075: status LOCALLY_INFEASIBLE, scaled residuals above tolerance 1, bound violations above tolerance 0."
sensitivity_693,policy,virgin_metal_tax_0_02,virgin_metal_tax,0.02,,,false,,,,,,,,,,,,"Policy solve failed at virgin_metal_tax_tax_0_02: status LOCALLY_INFEASIBLE, scaled residuals above tolerance 1, bound violations above tolerance 0.",2.0,2.0,1.0,1.0,2.0,2.0,sensitivity_690,trade.cet_transformation_elasticity,0.6931471805599453,,,"Policy solve failed at virgin_metal_tax_tax_0_02: status LOCALLY_INFEASIBLE, scaled residuals above tolerance 1, bound violations above tolerance 0."
sensitivity_693,policy,virgin_metal_tax_0_02,virgin_metal_tax,0.02,,,false,,,,,,,,,,,,"Policy solve failed at virgin_metal_tax_tax_0_0125: status LOCALLY_INFEASIBLE, scaled residuals above tolerance 4, bound violations above tolerance 0.",2.0,2.0,1.0,1.0,2.0,2.0,sensitivity_531,circular_routes.eol_productivity_elasticity,1.3862943611198906,,,"Policy solve failed at virgin_metal_tax_tax_0_0125: status LOCALLY_INFEASIBLE, scaled residuals above tolerance 4, bound violations above tolerance 0."
sensitivity_693,policy,virgin_metal_tax_0_02,virgin_metal_tax,0.02,,,false,,,,,,,,,,,,"Policy solve failed at virgin_metal_tax_tax_0_01: status LOCALLY_INFEASIBLE, scaled residuals above tolerance 3, bound violations above tolerance 0.",2.0,2.0,1.0,1.0,2.0,2.0,sensitivity_691,trade.armington_elasticity,1.3862943611198906,,,"Policy solve failed at virgin_metal_tax_tax_0_01: status LOCALLY_INFEASIBLE, scaled residuals above tolerance 3, bound violations above tolerance 0."
sensitivity_693,policy,virgin_metal_tax_0_02,virgin_metal_tax,0.02,,,false,,,,,,,,,,,,"Policy solve failed at virgin_metal_tax_tax_0_0175: status LOCALLY_INFEASIBLE, scaled residuals above tolerance 2, bound violations above tolerance 0.",2.0,2.0,1.0,1.0,2.0,2.0,sensitivity_687,trade.cet_transformation_elasticity,1.3862943611198906,,,"Policy solve failed at virgin_metal_tax_tax_0_0175: status LOCALLY_INFEASIBLE, scaled residuals above tolerance 2, bound violations above tolerance 0."
sensitivity_700,policy,virgin_metal_tax_0_02,virgin_metal_tax,0.02,,,false,,,,,,,,,,,,"Policy solve failed at virgin_metal_tax_tax_0_01: status LOCALLY_INFEASIBLE, scaled residuals above tolerance 1, bound violations above tolerance 0.",0.5,2.0,2.0,1.0,2.0,2.0,sensitivity_673,circular_routes.eol_allocation_elasticity,0.6931471805599453,,,"Policy solve failed at virgin_metal_tax_tax_0_01: status LOCALLY_INFEASIBLE, scaled residuals above tolerance 1, bound violations above tolerance 0."
sensitivity_700,policy,virgin_metal_tax_0_02,virgin_metal_tax,0.02,,,false,,,,,,,,,,,,"Policy solve failed at virgin_metal_tax_tax_0_0075: status LOCALLY_INFEASIBLE, scaled residuals above tolerance 1, bound violations above tolerance 0.",0.5,2.0,2.0,1.0,2.0,2.0,sensitivity_619,circular_routes.eol_productivity_elasticity,0.6931471805599453,,,"Policy solve failed at virgin_metal_tax_tax_0_0075: status LOCALLY_INFEASIBLE, scaled residuals above tolerance 1, bound violations above tolerance 0."
sensitivity_700,policy,virgin_metal_tax_0_02,virgin_metal_tax,0.02,,,false,,,,,,,,,,,,"Policy solve failed at virgin_metal_tax_tax_0_01: status LOCALLY_INFEASIBLE, scaled residuals above tolerance 3, bound violations above tolerance 0.",0.5,2.0,2.0,1.0,2.0,2.0,sensitivity_691,circular_routes.service_elasticity,0.6931471805599453,,,"Policy solve failed at virgin_metal_tax_tax_0_01: status LOCALLY_INFEASIBLE, scaled residuals above tolerance 3, bound violations above tolerance 0."
sensitivity_700,policy,virgin_metal_tax_0_02,virgin_metal_tax,0.02,,,false,,,,,,,,,,,,"Policy solve failed at virgin_metal_tax_tax_0_0125: status LOCALLY_INFEASIBLE, scaled residuals above tolerance 1, bound violations above tolerance 0.",0.5,2.0,2.0,1.0,2.0,2.0,sensitivity_701,trade.armington_elasticity,0.6931471805599453,,,"Policy solve failed at virgin_metal_tax_tax_0_0125: status LOCALLY_INFEASIBLE, scaled residuals above tolerance 1, bound violations above tolerance 0."
sensitivity_700,policy,virgin_metal_tax_0_02,virgin_metal_tax,0.02,LOCALLY_INFEASIBLE,INFEASIBLE_POINT,true,12.364164189,0.000975487818743237,0,0.0,0,material_composite_production_REU,eqpzs,IND_REU_NEW_ELMA,0.000975487818743237,EOL_FLOW_EOL_DE_ELMA_INC,0.0,,0.5,2.0,2.0,1.0,2.0,2.0,sensitivity_697,trade.cet_transformation_elasticity,0.6931471805599453,true,true,
sensitivity_709,policy,virgin_metal_tax_0_02,virgin_metal_tax,0.02,LOCALLY_INFEASIBLE,INFEASIBLE_POINT,false,57.413198656,0.1043428134768224,5,0.0,0,observed_physical_flow_links,quantity_link,physical_SK_OFMA_REP_route_input_mass,0.1043428134768224,EOL_FLOW_EOL_DE_ELMA_INC,0.0,,0.5,2.0,0.5,2.0,2.0,2.0,sensitivity_466,circular_metal.material_substitution_elasticity,0.6931471805599453,true,true,
sensitivity_709,policy,virgin_metal_tax_0_02,virgin_metal_tax,0.02,,,false,,,,,,,,,,,,"Policy solve failed at virgin_metal_tax_tax_0_005: status LOCALLY_INFEASIBLE, scaled residuals above tolerance 1, bound violations above tolerance 0.",0.5,2.0,0.5,2.0,2.0,2.0,sensitivity_682,circular_routes.eol_allocation_elasticity,0.6931471805599453,,,"Policy solve failed at virgin_metal_tax_tax_0_005: status LOCALLY_INFEASIBLE, scaled residuals above tolerance 1, bound violations above tolerance 0."
sensitivity_709,policy,virgin_metal_tax_0_02,virgin_metal_tax,0.02,,,false,,,,,,,,,,,,"Policy solve failed at virgin_metal_tax_tax_0_0125: status LOCALLY_INFEASIBLE, scaled residuals above tolerance 1, bound violations above tolerance 0.",0.5,2.0,0.5,2.0,2.0,2.0,sensitivity_628,circular_routes.eol_productivity_elasticity,0.6931471805599453,,,"Policy solve failed at virgin_metal_tax_tax_0_0125: status LOCALLY_INFEASIBLE, scaled residuals above tolerance 1, bound violations above tolerance 0."
sensitivity_709,policy,virgin_metal_tax_0_02,virgin_metal_tax,0.02,,,false,,,,,,,,,,,,"Policy solve failed at virgin_metal_tax_tax_0_0075: status TIME_LIMIT, scaled residuals above tolerance 0, bound violations above tolerance 0.",0.5,2.0,0.5,2.0,2.0,2.0,sensitivity_706,trade.cet_transformation_elasticity,0.6931471805599453,,,"Policy solve failed at virgin_metal_tax_tax_0_0075: status TIME_LIMIT, scaled residuals above tolerance 0, bound violations above tolerance 0."
sensitivity_709,policy,virgin_metal_tax_0_02,virgin_metal_tax,0.02,,,false,,,,,,,,,,,,"Policy solve failed at virgin_metal_tax_tax_0_0075: status LOCALLY_INFEASIBLE, scaled residuals above tolerance 3, bound violations above tolerance 0.",0.5,2.0,0.5,2.0,2.0,2.0,sensitivity_655,circular_routes.eol_allocation_elasticity,1.3862943611198906,,,"Policy solve failed at virgin_metal_tax_tax_0_0075: status LOCALLY_INFEASIBLE, scaled residuals above tolerance 3, bound violations above tolerance 0."
sensitivity_709,policy,virgin_metal_tax_0_02,virgin_metal_tax,0.02,,,false,,,,,,,,,,,,"Policy solve failed at virgin_metal_tax_tax_0_0125: status TIME_LIMIT, scaled residuals above tolerance 0, bound violations above tolerance 0.",0.5,2.0,0.5,2.0,2.0,2.0,sensitivity_711,trade.armington_elasticity,1.3862943611198906,,,"Policy solve failed at virgin_metal_tax_tax_0_0125: status TIME_LIMIT, scaled residuals above tolerance 0, bound violations above tolerance 0."
sensitivity_709,policy,virgin_metal_tax_0_02,virgin_metal_tax,0.02,,,false,,,,,,,,,,,,"Policy solve failed at virgin_metal_tax_tax_0_005: status LOCALLY_INFEASIBLE, scaled residuals above tolerance 1158, bound violations above tolerance 0.",0.5,2.0,0.5,2.0,2.0,2.0,sensitivity_703,trade.cet_transformation_elasticity,1.3862943611198906,,,"Policy solve failed at virgin_metal_tax_tax_0_005: status LOCALLY_INFEASIBLE, scaled residuals above tolerance 1158, bound violations above tolerance 0."
sensitivity_710,policy,virgin_metal_tax_0_02,virgin_metal_tax,0.02,,,false,,,,,,,,,,,,"Policy solve failed at virgin_metal_tax_tax_0_02: status LOCALLY_INFEASIBLE, scaled residuals above tolerance 1, bound violations above tolerance 0.",1.0,2.0,0.5,2.0,2.0,2.0,sensitivity_629,circular_routes.eol_productivity_elasticity,0.6931471805599453,,,"Policy solve failed at virgin_metal_tax_tax_0_02: status LOCALLY_INFEASIBLE, scaled residuals above tolerance 1, bound violations above tolerance 0."
sensitivity_710,policy,virgin_metal_tax_0_02,virgin_metal_tax,0.02,,,false,,,,,,,,,,,,"Policy solve failed at virgin_metal_tax_tax_0_0125: status TIME_LIMIT, scaled residuals above tolerance 0, bound violations above tolerance 0.",1.0,2.0,0.5,2.0,2.0,2.0,sensitivity_711,trade.armington_elasticity,0.6931471805599453,,,"Policy solve failed at virgin_metal_tax_tax_0_0125: status TIME_LIMIT, scaled residuals above tolerance 0, bound violations above tolerance 0."
sensitivity_710,policy,virgin_metal_tax_0_02,virgin_metal_tax,0.02,,,false,,,,,,,,,,,,"Policy solve failed at virgin_metal_tax_tax_0_01: status LOCALLY_INFEASIBLE, scaled residuals above tolerance 1, bound violations above tolerance 0.",1.0,2.0,0.5,2.0,2.0,2.0,sensitivity_224,circular_metal.material_substitution_elasticity,1.3862943611198906,,,"Policy solve failed at virgin_metal_tax_tax_0_01: status LOCALLY_INFEASIBLE, scaled residuals above tolerance 1, bound violations above tolerance 0."
sensitivity_710,policy,virgin_metal_tax_0_02,virgin_metal_tax,0.02,LOCALLY_INFEASIBLE,INFEASIBLE_POINT,false,35.601382244,0.0010692151173717912,1,0.0,0,material_composite_production_REU,eqpzs,IND_REU_NEW_ELMA,0.0010692151173717912,EOL_FLOW_EOL_DE_ELMA_INC,0.0,,1.0,2.0,0.5,2.0,2.0,2.0,sensitivity_656,circular_routes.eol_allocation_elasticity,1.3862943611198906,true,true,
sensitivity_710,policy,virgin_metal_tax_0_02,virgin_metal_tax,0.02,,,false,,,,,,,,,,,,"Policy solve failed at virgin_metal_tax_tax_0_005: status LOCALLY_INFEASIBLE, scaled residuals above tolerance 1, bound violations above tolerance 0.",1.0,2.0,0.5,2.0,2.0,2.0,sensitivity_704,trade.cet_transformation_elasticity,1.3862943611198906,,,"Policy solve failed at virgin_metal_tax_tax_0_005: status LOCALLY_INFEASIBLE, scaled residuals above tolerance 1, bound violations above tolerance 0."
sensitivity_716,policy,virgin_metal_tax_0_02,virgin_metal_tax,0.02,,,false,,,,,,,,,,,,"Policy solve failed at virgin_metal_tax_tax_0_0125: status LOCALLY_INFEASIBLE, scaled residuals above tolerance 1, bound violations above tolerance 0.",1.0,1.0,1.0,2.0,2.0,2.0,sensitivity_473,circular_metal.material_substitution_elasticity,0.6931471805599453,,,"Policy solve failed at virgin_metal_tax_tax_0_0125: status LOCALLY_INFEASIBLE, scaled residuals above tolerance 1, bound violations above tolerance 0."
sensitivity_716,policy,virgin_metal_tax_0_02,virgin_metal_tax,0.02,,,false,,,,,,,,,,,,"Policy solve failed at virgin_metal_tax_tax_0_01: status LOCALLY_INFEASIBLE, scaled residuals above tolerance 3, bound violations above tolerance 0.",1.0,1.0,1.0,2.0,2.0,2.0,sensitivity_689,circular_routes.eol_allocation_elasticity,0.6931471805599453,,,"Policy solve failed at virgin_metal_tax_tax_0_01: status LOCALLY_INFEASIBLE, scaled residuals above tolerance 3, bound violations above tolerance 0."
sensitivity_716,policy,virgin_metal_tax_0_02,virgin_metal_tax,0.02,,,false,,,,,,,,,,,,"Policy solve failed at virgin_metal_tax_tax_0_005: status LOCALLY_INFEASIBLE, scaled residuals above tolerance 3, bound violations above tolerance 0.",1.0,1.0,1.0,2.0,2.0,2.0,sensitivity_635,circular_routes.eol_productivity_elasticity,0.6931471805599453,,,"Policy solve failed at virgin_metal_tax_tax_0_005: status LOCALLY_INFEASIBLE, scaled residuals above tolerance 3, bound violations above tolerance 0."
sensitivity_716,policy,virgin_metal_tax_0_02,virgin_metal_tax,0.02,,,false,,,,,,,,,,,,"Policy solve failed at virgin_metal_tax_tax_0_015000000000000001: status LOCALLY_INFEASIBLE, scaled residuals above tolerance 687, bound violations above tolerance 0.",1.0,1.0,1.0,2.0,2.0,2.0,sensitivity_725,circular_routes.service_elasticity,0.6931471805599453,,,"Policy solve failed at virgin_metal_tax_tax_0_015000000000000001: status LOCALLY_INFEASIBLE, scaled residuals above tolerance 687, bound violations above tolerance 0."
sensitivity_716,policy,virgin_metal_tax_0_02,virgin_metal_tax,0.02,,,false,,,,,,,,,,,,"Policy solve failed at virgin_metal_tax_tax_0_01: status LOCALLY_INFEASIBLE, scaled residuals above tolerance 1, bound violations above tolerance 0.",1.0,1.0,1.0,2.0,2.0,2.0,sensitivity_715,trade.armington_elasticity,0.6931471805599453,,,"Policy solve failed at virgin_metal_tax_tax_0_01: status LOCALLY_INFEASIBLE, scaled residuals above tolerance 1, bound violations above tolerance 0."
sensitivity_716,policy,virgin_metal_tax_0_02,virgin_metal_tax,0.02,,,false,,,,,,,,,,,,"Policy solve failed at virgin_metal_tax_tax_0_02: status LOCALLY_INFEASIBLE, scaled residuals above tolerance 1, bound violations above tolerance 0.",1.0,1.0,1.0,2.0,2.0,2.0,sensitivity_717,trade.armington_elasticity,0.6931471805599453,,,"Policy solve failed at virgin_metal_tax_tax_0_02: status LOCALLY_INFEASIBLE, scaled residuals above tolerance 1, bound violations above tolerance 0."
sensitivity_716,policy,virgin_metal_tax_0_02,virgin_metal_tax,0.02,,,false,,,,,,,,,,,,"Policy solve failed at virgin_metal_tax_tax_0_0125: status LOCALLY_INFEASIBLE, scaled residuals above tolerance 1, bound violations above tolerance 0.",1.0,1.0,1.0,2.0,2.0,2.0,sensitivity_713,trade.cet_transformation_elasticity,0.6931471805599453,,,"Policy solve failed at virgin_metal_tax_tax_0_0125: status LOCALLY_INFEASIBLE, scaled residuals above tolerance 1, bound violations above tolerance 0."
sensitivity_716,policy,virgin_metal_tax_0_02,virgin_metal_tax,0.02,,,false,,,,,,,,,,,,"Policy solve failed at virgin_metal_tax_tax_0_02: status LOCALLY_INFEASIBLE, scaled residuals above tolerance 1, bound violations above tolerance 0.",1.0,1.0,1.0,2.0,2.0,2.0,sensitivity_230,circular_metal.material_substitution_elasticity,1.3862943611198906,,,"Policy solve failed at virgin_metal_tax_tax_0_02: status LOCALLY_INFEASIBLE, scaled residuals above tolerance 1, bound violations above tolerance 0."
sensitivity_716,policy,virgin_metal_tax_0_02,virgin_metal_tax,0.02,,,false,,,,,,,,,,,,"Policy solve failed at virgin_metal_tax_tax_0_005: status LOCALLY_INFEASIBLE, scaled residuals above tolerance 1, bound violations above tolerance 0.",1.0,1.0,1.0,2.0,2.0,2.0,sensitivity_662,circular_routes.eol_allocation_elasticity,1.3862943611198906,,,"Policy solve failed at virgin_metal_tax_tax_0_005: status LOCALLY_INFEASIBLE, scaled residuals above tolerance 1, bound violations above tolerance 0."
sensitivity_716,policy,virgin_metal_tax_0_02,virgin_metal_tax,0.02,,,false,,,,,,,,,,,,"Policy solve failed at virgin_metal_tax_tax_0_015000000000000001: status LOCALLY_INFEASIBLE, scaled residuals above tolerance 1, bound violations above tolerance 0.",1.0,1.0,1.0,2.0,2.0,2.0,sensitivity_554,circular_routes.eol_productivity_elasticity,1.3862943611198906,,,"Policy solve failed at virgin_metal_tax_tax_0_015000000000000001: status LOCALLY_INFEASIBLE, scaled residuals above tolerance 1, bound violations above tolerance 0."
sensitivity_718,policy,virgin_metal_tax_0_02,virgin_metal_tax,0.02,,,false,,,,,,,,,,,,"Policy solve failed at virgin_metal_tax_tax_0_01: status LOCALLY_INFEASIBLE, scaled residuals above tolerance 3, bound violations above tolerance 0.",0.5,2.0,1.0,2.0,2.0,2.0,sensitivity_691,circular_routes.eol_allocation_elasticity,0.6931471805599453,,,"Policy solve failed at virgin_metal_tax_tax_0_01: status LOCALLY_INFEASIBLE, scaled residuals above tolerance 3, bound violations above tolerance 0."
sensitivity_718,policy,virgin_metal_tax_0_02,virgin_metal_tax,0.02,,,false,,,,,,,,,,,,"Policy solve failed at virgin_metal_tax_tax_0_01: status LOCALLY_INFEASIBLE, scaled residuals above tolerance 1, bound violations above tolerance 0.",0.5,2.0,1.0,2.0,2.0,2.0,sensitivity_715,trade.cet_transformation_elasticity,0.6931471805599453,,,"Policy solve failed at virgin_metal_tax_tax_0_01: status LOCALLY_INFEASIBLE, scaled residuals above tolerance 1, bound violations above tolerance 0."
sensitivity_718,policy,virgin_metal_tax_0_02,virgin_metal_tax,0.02,,,false,,,,,,,,,,,,"Policy solve failed at virgin_metal_tax_tax_0_02: status LOCALLY_INFEASIBLE, scaled residuals above tolerance 1, bound violations above tolerance 0.",0.5,2.0,1.0,2.0,2.0,2.0,sensitivity_232,circular_metal.material_substitution_elasticity,1.3862943611198906,,,"Policy solve failed at virgin_metal_tax_tax_0_02: status LOCALLY_INFEASIBLE, scaled residuals above tolerance 1, bound violations above tolerance 0."
sensitivity_718,policy,virgin_metal_tax_0_02,virgin_metal_tax,0.02,,,false,,,,,,,,,,,,"Policy solve failed at virgin_metal_tax_tax_0_0125: status OTHER_ERROR, scaled residuals above tolerance 0, bound violations above tolerance 0.",0.5,2.0,1.0,2.0,2.0,2.0,sensitivity_664,circular_routes.eol_allocation_elasticity,1.3862943611198906,,,"Policy solve failed at virgin_metal_tax_tax_0_0125: status OTHER_ERROR, scaled residuals above tolerance 0, bound violations above tolerance 0."
sensitivity_718,policy,virgin_metal_tax_0_02,virgin_metal_tax,0.02,,,false,,,,,,,,,,,,"Policy solve failed at virgin_metal_tax_tax_0_0025: status LOCALLY_INFEASIBLE, scaled residuals above tolerance 4, bound violations above tolerance 0.",0.5,2.0,1.0,2.0,2.0,2.0,sensitivity_720,trade.armington_elasticity,1.3862943611198906,,,"Policy solve failed at virgin_metal_tax_tax_0_0025: status LOCALLY_INFEASIBLE, scaled residuals above tolerance 4, bound violations above tolerance 0."
sensitivity_718,policy,virgin_metal_tax_0_02,virgin_metal_tax,0.02,,,false,,,,,,,,,,,,"Policy solve failed at virgin_metal_tax_tax_0_0125: status LOCALLY_INFEASIBLE, scaled residuals above tolerance 736, bound violations above tolerance 0.",0.5,2.0,1.0,2.0,2.0,2.0,sensitivity_712,trade.cet_transformation_elasticity,1.3862943611198906,,,"Policy solve failed at virgin_metal_tax_tax_0_0125: status LOCALLY_INFEASIBLE, scaled residuals above tolerance 736, bound violations above tolerance 0."
sensitivity_719,policy,virgin_metal_tax_0_02,virgin_metal_tax,0.02,LOCALLY_INFEASIBLE,INFEASIBLE_POINT,false,12.038777499,0.0010029154727442258,1,0.0,0,material_composite_production_REU,eqpzs,IND_REU_NEW_ELMA,0.0010029154727442258,EOL_FLOW_EOL_DE_ELMA_INC,0.0,,1.0,2.0,1.0,2.0,2.0,2.0,sensitivity_476,circular_metal.material_substitution_elasticity,0.6931471805599453,true,true,
sensitivity_719,policy,virgin_metal_tax_0_02,virgin_metal_tax,0.02,,,false,,,,,,,,,,,,"Policy solve failed at virgin_metal_tax_tax_0_0025: status LOCALLY_INFEASIBLE, scaled residuals above tolerance 4, bound violations above tolerance 0.",1.0,2.0,1.0,2.0,2.0,2.0,sensitivity_720,trade.armington_elasticity,0.6931471805599453,,,"Policy solve failed at virgin_metal_tax_tax_0_0025: status LOCALLY_INFEASIBLE, scaled residuals above tolerance 4, bound violations above tolerance 0."
sensitivity_719,policy,virgin_metal_tax_0_02,virgin_metal_tax,0.02,,,false,,,,,,,,,,,,"Policy solve failed at virgin_metal_tax_tax_0_02: status LOCALLY_INFEASIBLE, scaled residuals above tolerance 1, bound violations above tolerance 0.",1.0,2.0,1.0,2.0,2.0,2.0,sensitivity_233,circular_metal.material_substitution_elasticity,1.3862943611198906,,,"Policy solve failed at virgin_metal_tax_tax_0_02: status LOCALLY_INFEASIBLE, scaled residuals above tolerance 1, bound violations above tolerance 0."
sensitivity_719,policy,virgin_metal_tax_0_02,virgin_metal_tax,0.02,,,false,,,,,,,,,,,,"Policy solve failed at virgin_metal_tax_tax_0_01: status LOCALLY_INFEASIBLE, scaled residuals above tolerance 4, bound violations above tolerance 0.",1.0,2.0,1.0,2.0,2.0,2.0,sensitivity_665,circular_routes.eol_allocation_elasticity,1.3862943611198906,,,"Policy solve failed at virgin_metal_tax_tax_0_01: status LOCALLY_INFEASIBLE, scaled residuals above tolerance 4, bound violations above tolerance 0."
sensitivity_719,policy,virgin_metal_tax_0_02,virgin_metal_tax,0.02,,,false,,,,,,,,,,,,"Policy solve failed at virgin_metal_tax_tax_0_02: status LOCALLY_INFEASIBLE, scaled residuals above tolerance 1, bound violations above tolerance 0.",1.0,2.0,1.0,2.0,2.0,2.0,sensitivity_557,circular_routes.eol_productivity_elasticity,1.3862943611198906,,,"Policy solve failed at virgin_metal_tax_tax_0_02: status LOCALLY_INFEASIBLE, scaled residuals above tolerance 1, bound violations above tolerance 0."
sensitivity_719,policy,virgin_metal_tax_0_02,virgin_metal_tax,0.02,,,false,,,,,,,,,,,,"Policy solve failed at virgin_metal_tax_tax_0_0125: status LOCALLY_INFEASIBLE, scaled residuals above tolerance 1, bound violations above tolerance 0.",1.0,2.0,1.0,2.0,2.0,2.0,sensitivity_713,trade.cet_transformation_elasticity,1.3862943611198906,,,"Policy solve failed at virgin_metal_tax_tax_0_0125: status LOCALLY_INFEASIBLE, scaled residuals above tolerance 1, bound violations above tolerance 0."
sensitivity_727,policy,virgin_metal_tax_0_02,virgin_metal_tax,0.02,,,false,,,,,,,,,,,,"Policy solve failed at virgin_metal_tax_tax_0_02: status LOCALLY_INFEASIBLE, scaled residuals above tolerance 6, bound violations above tolerance 0.",0.5,2.0,2.0,2.0,2.0,2.0,sensitivity_484,circular_metal.material_substitution_elasticity,0.6931471805599453,,,"Policy solve failed at virgin_metal_tax_tax_0_02: status LOCALLY_INFEASIBLE, scaled residuals above tolerance 6, bound violations above tolerance 0."
sensitivity_727,policy,virgin_metal_tax_0_02,virgin_metal_tax,0.02,,,false,,,,,,,,,,,,"Policy solve failed at virgin_metal_tax_tax_0_0175: status LOCALLY_INFEASIBLE, scaled residuals above tolerance 16, bound violations above tolerance 0.",0.5,2.0,2.0,2.0,2.0,2.0,sensitivity_724,trade.cet_transformation_elasticity,0.6931471805599453,,,"Policy solve failed at virgin_metal_tax_tax_0_0175: status LOCALLY_INFEASIBLE, scaled residuals above tolerance 16, bound violations above tolerance 0."
sensitivity_727,policy,virgin_metal_tax_0_02,virgin_metal_tax,0.02,,,false,,,,,,,,,,,,"Policy solve failed at virgin_metal_tax_tax_0_02: status LOCALLY_INFEASIBLE, scaled residuals above tolerance 1, bound violations above tolerance 0.",0.5,2.0,2.0,2.0,2.0,2.0,sensitivity_241,circular_metal.material_substitution_elasticity,1.3862943611198906,,,"Policy solve failed at virgin_metal_tax_tax_0_02: status LOCALLY_INFEASIBLE, scaled residuals above tolerance 1, bound violations above tolerance 0."
sensitivity_727,policy,virgin_metal_tax_0_02,virgin_metal_tax,0.02,,,false,,,,,,,,,,,,"Policy solve failed at virgin_metal_tax_tax_0_01: status LOCALLY_INFEASIBLE, scaled residuals above tolerance 1, bound violations above tolerance 0.",0.5,2.0,2.0,2.0,2.0,2.0,sensitivity_673,circular_routes.eol_allocation_elasticity,1.3862943611198906,,,"Policy solve failed at virgin_metal_tax_tax_0_01: status LOCALLY_INFEASIBLE, scaled residuals above tolerance 1, bound violations above tolerance 0."
sensitivity_727,policy,virgin_metal_tax_0_02,virgin_metal_tax,0.02,,,false,,,,,,,,,,,,"Policy solve failed at virgin_metal_tax_tax_0_01: status LOCALLY_INFEASIBLE, scaled residuals above tolerance 3, bound violations above tolerance 0.",0.5,2.0,2.0,2.0,2.0,2.0,sensitivity_721,trade.cet_transformation_elasticity,1.3862943611198906,,,"Policy solve failed at virgin_metal_tax_tax_0_01: status LOCALLY_INFEASIBLE, scaled residuals above tolerance 3, bound violations above tolerance 0."
sensitivity_728,policy,virgin_metal_tax_0_02,virgin_metal_tax,0.02,,,false,,,,,,,,,,,,"Policy solve failed at virgin_metal_tax_tax_0_02: status LOCALLY_INFEASIBLE, scaled residuals above tolerance 2, bound violations above tolerance 0.",1.0,2.0,2.0,2.0,2.0,2.0,sensitivity_485,circular_metal.material_substitution_elasticity,0.6931471805599453,,,"Policy solve failed at virgin_metal_tax_tax_0_02: status LOCALLY_INFEASIBLE, scaled residuals above tolerance 2, bound violations above tolerance 0."
sensitivity_728,policy,virgin_metal_tax_0_02,virgin_metal_tax,0.02,,,false,,,,,,,,,,,,"Policy solve failed at virgin_metal_tax_tax_0_0125: status LOCALLY_INFEASIBLE, scaled residuals above tolerance 1, bound violations above tolerance 0.",1.0,2.0,2.0,2.0,2.0,2.0,sensitivity_701,circular_routes.eol_allocation_elasticity,0.6931471805599453,,,"Policy solve failed at virgin_metal_tax_tax_0_0125: status LOCALLY_INFEASIBLE, scaled residuals above tolerance 1, bound violations above tolerance 0."
sensitivity_728,policy,virgin_metal_tax_0_02,virgin_metal_tax,0.02,,,false,,,,,,,,,,,,"Policy solve failed at virgin_metal_tax_tax_0_005: status LOCALLY_INFEASIBLE, scaled residuals above tolerance 1, bound violations above tolerance 0.",1.0,2.0,2.0,2.0,2.0,2.0,sensitivity_647,circular_routes.eol_productivity_elasticity,0.6931471805599453,,,"Policy solve failed at virgin_metal_tax_tax_0_005: status LOCALLY_INFEASIBLE, scaled residuals above tolerance 1, bound violations above tolerance 0."
sensitivity_728,policy,virgin_metal_tax_0_02,virgin_metal_tax,0.02,,,false,,,,,,,,,,,,"Policy solve failed at virgin_metal_tax_tax_0_015000000000000001: status LOCALLY_INFEASIBLE, scaled residuals above tolerance 687, bound violations above tolerance 0.",1.0,2.0,2.0,2.0,2.0,2.0,sensitivity_725,trade.cet_transformation_elasticity,0.6931471805599453,,,"Policy solve failed at virgin_metal_tax_tax_0_015000000000000001: status LOCALLY_INFEASIBLE, scaled residuals above tolerance 687, bound violations above tolerance 0."
sensitivity_728,policy,virgin_metal_tax_0_02,virgin_metal_tax,0.02,,,false,,,,,,,,,,,,"Policy solve failed at virgin_metal_tax_tax_0_02: status LOCALLY_INFEASIBLE, scaled residuals above tolerance 1, bound violations above tolerance 0.",1.0,2.0,2.0,2.0,2.0,2.0,sensitivity_242,circular_metal.material_substitution_elasticity,1.3862943611198906,,,"Policy solve failed at virgin_metal_tax_tax_0_02: status LOCALLY_INFEASIBLE, scaled residuals above tolerance 1, bound violations above tolerance 0."
sensitivity_728,policy,virgin_metal_tax_0_02,virgin_metal_tax,0.02,,,false,,,,,,,,,,,,"Policy solve failed at virgin_metal_tax_tax_0_02: status LOCALLY_INFEASIBLE, scaled residuals above tolerance 1, bound violations above tolerance 0.",1.0,2.0,2.0,2.0,2.0,2.0,sensitivity_566,circular_routes.eol_productivity_elasticity,1.3862943611198906,,,"Policy solve failed at virgin_metal_tax_tax_0_02: status LOCALLY_INFEASIBLE, scaled residuals above tolerance 1, bound violations above tolerance 0."
sensitivity_728,policy,virgin_metal_tax_0_02,virgin_metal_tax,0.02,,,false,,,,,,,,,,,,"Policy solve failed at virgin_metal_tax_tax_0_005: status LOCALLY_INFEASIBLE, scaled residuals above tolerance 16, bound violations above tolerance 0.",1.0,2.0,2.0,2.0,2.0,2.0,sensitivity_722,trade.cet_transformation_elasticity,1.3862943611198906,,,"Policy solve failed at virgin_metal_tax_tax_0_005: status LOCALLY_INFEASIBLE, scaled residuals above tolerance 16, bound violations above tolerance 0."
sensitivity_729,policy,virgin_metal_tax_0_02,virgin_metal_tax,0.02,,,false,,,,,,,,,,,,"Policy solve failed at virgin_metal_tax_tax_0_005: status OTHER_ERROR, scaled residuals above tolerance 0, bound violations above tolerance 0.",2.0,2.0,2.0,2.0,2.0,2.0,sensitivity_486,circular_metal.material_substitution_elasticity,0.6931471805599453,,,"Policy solve failed at virgin_metal_tax_tax_0_005: status OTHER_ERROR, scaled residuals above tolerance 0, bound violations above tolerance 0."
sensitivity_729,policy,virgin_metal_tax_0_02,virgin_metal_tax,0.02,,,false,,,,,,,,,,,,"Policy solve failed at virgin_metal_tax_tax_0_0075: status LOCALLY_INFEASIBLE, scaled residuals above tolerance 1, bound violations above tolerance 0.",2.0,2.0,2.0,2.0,2.0,2.0,sensitivity_702,circular_routes.eol_allocation_elasticity,0.6931471805599453,,,"Policy solve failed at virgin_metal_tax_tax_0_0075: status LOCALLY_INFEASIBLE, scaled residuals above tolerance 1, bound violations above tolerance 0."
sensitivity_729,policy,virgin_metal_tax_0_02,virgin_metal_tax,0.02,,,false,,,,,,,,,,,,"Policy solve failed at virgin_metal_tax_tax_0_0025: status LOCALLY_INFEASIBLE, scaled residuals above tolerance 4, bound violations above tolerance 0.",2.0,2.0,2.0,2.0,2.0,2.0,sensitivity_720,circular_routes.service_elasticity,0.6931471805599453,,,"Policy solve failed at virgin_metal_tax_tax_0_0025: status LOCALLY_INFEASIBLE, scaled residuals above tolerance 4, bound violations above tolerance 0."
sensitivity_729,policy,virgin_metal_tax_0_02,virgin_metal_tax,0.02,,,false,,,,,,,,,,,,"Policy solve failed at virgin_metal_tax_tax_0_0175: status LOCALLY_INFEASIBLE, scaled residuals above tolerance 7, bound violations above tolerance 0.",2.0,2.0,2.0,2.0,2.0,2.0,sensitivity_726,trade.cet_transformation_elasticity,0.6931471805599453,,,"Policy solve failed at virgin_metal_tax_tax_0_0175: status LOCALLY_INFEASIBLE, scaled residuals above tolerance 7, bound violations above tolerance 0."
sensitivity_729,policy,virgin_metal_tax_0_02,virgin_metal_tax,0.02,,,false,,,,,,,,,,,,"Policy solve failed at virgin_metal_tax_tax_0_005: status OTHER_ERROR, scaled residuals above tolerance 0, bound violations above tolerance 0.",2.0,2.0,2.0,2.0,2.0,2.0,sensitivity_243,circular_metal.material_substitution_elasticity,1.3862943611198906,,,"Policy solve failed at virgin_metal_tax_tax_0_005: status OTHER_ERROR, scaled residuals above tolerance 0, bound violations above tolerance 0."
sensitivity_729,policy,virgin_metal_tax_0_02,virgin_metal_tax,0.02,,,false,,,,,,,,,,,,"Policy solve failed at virgin_metal_tax_tax_0_02: status LOCALLY_INFEASIBLE, scaled residuals above tolerance 1, bound violations above tolerance 0.",2.0,2.0,2.0,2.0,2.0,2.0,sensitivity_567,circular_routes.eol_productivity_elasticity,1.3862943611198906,,,"Policy solve failed at virgin_metal_tax_tax_0_02: status LOCALLY_INFEASIBLE, scaled residuals above tolerance 1, bound violations above tolerance 0."
sensitivity_729,policy,virgin_metal_tax_0_02,virgin_metal_tax,0.02,,,false,,,,,,,,,,,,"Policy solve failed at virgin_metal_tax_tax_0_02: status LOCALLY_INFEASIBLE, scaled residuals above tolerance 1, bound violations above tolerance 0.",2.0,2.0,2.0,2.0,2.0,2.0,sensitivity_711,circular_routes.service_elasticity,1.3862943611198906,,,"Policy solve failed at virgin_metal_tax_tax_0_02: status LOCALLY_INFEASIBLE, scaled residuals above tolerance 1, bound violations above tolerance 0."
sensitivity_729,policy,virgin_metal_tax_0_02,virgin_metal_tax,0.02,,,false,,,,,,,,,,,,"Policy solve failed at virgin_metal_tax_tax_0_005: status LOCALLY_INFEASIBLE, scaled residuals above tolerance 6, bound violations above tolerance 0.",2.0,2.0,2.0,2.0,2.0,2.0,sensitivity_723,trade.cet_transformation_elasticity,1.3862943611198906,,,"Policy solve failed at virgin_metal_tax_tax_0_005: status LOCALLY_INFEASIBLE, scaled residuals above tolerance 6, bound violations above tolerance 0."
