sensitivity_profile,stage,scenario,instrument,wedge,termination_status,primal_status,solver_valid,solver_elapsed_seconds,max_scaled_residual,scaled_residuals_above_tolerance,max_bound_violation,bound_violations_above_tolerance,worst_equation_block,worst_equation_tag,worst_equation_indices,worst_equation_scaled_residual,worst_bound_variable,worst_bound_violation,solver_message,armington_elasticity,cet_transformation_elasticity,service_elasticity,eol_allocation_elasticity,eol_productivity_elasticity,material_substitution_elasticity,target_profile,source_profile,continued_parameter,source_parameter_value,target_parameter_value,trial_fraction,trial_parameter_value,continuation_phase,continuation_path,attempt,trial_accepted
sensitivity_142,policy,virgin_metal_tax_tax_0_02,virgin_metal_tax,0.02,LOCALLY_INFEASIBLE,INFEASIBLE_POINT,true,6.410481027,0.0009744045050971151,0,0.0,0,material_composite_production_REU,eqpzs,IND_REU_NEW_ELMA,0.0009744045050971151,EOL_FLOW_EOL_DE_ELMA_INC,0.0,,0.5,2.0,0.5,2.0,1.0,0.5,sensitivity_142,sensitivity_061,circular_routes.eol_productivity_elasticity,0.5,1.0,1.0,1.0,direct_target,parameter_only,1,true
sensitivity_143,policy,virgin_metal_tax_tax_0_02,virgin_metal_tax,0.02,LOCALLY_INFEASIBLE,INFEASIBLE_POINT,true,54.9391378,0.0009907629699507092,0,0.0,0,material_composite_production_REU,eqpzs,IND_REU_NEW_ELMA,0.0009907629699507092,EOL_FLOW_EOL_DE_ELMA_INC,0.0,,1.0,2.0,0.5,2.0,1.0,0.5,sensitivity_143,sensitivity_089,circular_routes.eol_allocation_elasticity,0.5,2.0,1.0,2.0,direct_target,parameter_only,1,true
sensitivity_144,policy,virgin_metal_tax_tax_0_02,virgin_metal_tax,0.02,LOCALLY_INFEASIBLE,INFEASIBLE_POINT,true,13.250658268,0.0009107384881587022,0,0.0,0,material_composite_production_SK,eqpzs,IND_SK_NEW_ELMA,0.0009107384881587022,EOL_FLOW_EOL_DE_ELMA_INC,0.0,,2.0,2.0,0.5,2.0,1.0,0.5,sensitivity_144,sensitivity_090,circular_routes.eol_allocation_elasticity,0.5,2.0,1.0,2.0,direct_target,parameter_only,1,true
sensitivity_152,policy,virgin_metal_tax_tax_0_02,virgin_metal_tax,0.02,LOCALLY_INFEASIBLE,INFEASIBLE_POINT,false,25.174263282,0.001079372629246178,1,0.0,0,material_composite_production_REU,eqpzs,IND_REU_NEW_ELMA,0.001079372629246178,EOL_FLOW_EOL_DE_ELMA_INC,0.0,,1.0,2.0,1.0,2.0,1.0,0.5,sensitivity_152,sensitivity_098,circular_routes.eol_allocation_elasticity,0.5,2.0,1.0,2.0,direct_target,parameter_only,1,false
sensitivity_152,policy,virgin_metal_tax_tax_0_02,virgin_metal_tax,0.02,LOCALLY_INFEASIBLE,INFEASIBLE_POINT,true,9.850902888,0.00089977199361857,0,0.0,0,material_composite_production_REU,eqpzs,IND_REU_NEW_ELMA,0.00089977199361857,EOL_FLOW_EOL_DE_ELMA_INC,0.0,,1.0,2.0,1.0,2.0,1.0,0.5,sensitivity_152,sensitivity_098,circular_routes.eol_allocation_elasticity,0.5,2.0,0.5,1.25,parameter_bisection,parameter_only,2,true
sensitivity_152,policy,virgin_metal_tax_tax_0_02,virgin_metal_tax,0.02,LOCALLY_INFEASIBLE,INFEASIBLE_POINT,false,16.862840382,0.0010382985616482765,1,0.0,0,material_composite_production_REU,eqpzs,IND_REU_NEW_ELMA,0.0010382985616482765,EOL_FLOW_EOL_DE_ELMA_INC,0.0,,1.0,2.0,1.0,2.0,1.0,0.5,sensitivity_152,sensitivity_098,circular_routes.eol_allocation_elasticity,0.5,2.0,1.0,2.0,parameter_bisection,parameter_only,3,false
sensitivity_152,policy,virgin_metal_tax_tax_0_02,virgin_metal_tax,0.02,LOCALLY_INFEASIBLE,INFEASIBLE_POINT,false,12.716130463,0.0010343936259323838,1,0.0,0,material_composite_production_REU,eqpzs,IND_REU_NEW_ELMA,0.0010343936259323838,EOL_FLOW_EOL_DE_ELMA_INC,0.0,,1.0,2.0,1.0,2.0,1.0,0.5,sensitivity_152,sensitivity_098,circular_routes.eol_allocation_elasticity,0.5,2.0,0.75,1.625,parameter_bisection,parameter_only,4,false
sensitivity_152,policy,virgin_metal_tax_tax_0_02,virgin_metal_tax,0.02,LOCALLY_INFEASIBLE,INFEASIBLE_POINT,true,7.776957796,0.0009426598006384568,0,0.0,0,material_composite_production_REU,eqpzs,IND_REU_NEW_ELMA,0.0009426598006384568,EOL_FLOW_EOL_DE_ELMA_INC,0.0,,1.0,2.0,1.0,2.0,1.0,0.5,sensitivity_152,sensitivity_098,circular_routes.eol_allocation_elasticity,0.5,2.0,0.625,1.4375,parameter_bisection,parameter_only,5,true
sensitivity_152,policy,virgin_metal_tax_tax_0_02,virgin_metal_tax,0.02,LOCALLY_INFEASIBLE,INFEASIBLE_POINT,false,37.497179943,0.0010235982727530013,1,0.0,0,material_composite_production_REU,eqpzs,IND_REU_NEW_ELMA,0.0010235982727530013,EOL_FLOW_EOL_DE_ELMA_INC,0.0,,1.0,2.0,1.0,2.0,1.0,0.5,sensitivity_152,sensitivity_098,circular_routes.eol_allocation_elasticity,0.5,2.0,0.875,1.8125,parameter_bisection,parameter_only,6,false
sensitivity_152,policy,virgin_metal_tax_tax_0_02,virgin_metal_tax,0.02,LOCALLY_INFEASIBLE,INFEASIBLE_POINT,false,11.528891575,0.001066077442496649,1,0.0,0,material_composite_production_REU,eqpzs,IND_REU_NEW_ELMA,0.001066077442496649,EOL_FLOW_EOL_DE_ELMA_INC,0.0,,1.0,2.0,1.0,2.0,1.0,0.5,sensitivity_152,sensitivity_098,circular_routes.eol_allocation_elasticity,0.5,2.0,0.75,1.625,parameter_bisection,parameter_only,7,false
sensitivity_152,policy,virgin_metal_tax_tax_0_02,virgin_metal_tax,0.02,LOCALLY_INFEASIBLE,INFEASIBLE_POINT,true,6.282645872,0.0009467495882368171,0,0.0,0,material_composite_production_REU,eqpzs,IND_REU_NEW_ELMA,0.0009467495882368171,EOL_FLOW_EOL_DE_ELMA_INC,0.0,,1.0,2.0,1.0,2.0,1.0,0.5,sensitivity_152,sensitivity_098,circular_routes.eol_allocation_elasticity,0.5,2.0,0.6875,1.53125,parameter_bisection,parameter_only,8,true
sensitivity_152,policy,virgin_metal_tax_tax_0_02,virgin_metal_tax,0.02,LOCALLY_INFEASIBLE,INFEASIBLE_POINT,false,14.385046018,0.001017100073435584,1,0.0,0,material_composite_production_REU,eqpzs,IND_REU_NEW_ELMA,0.001017100073435584,EOL_FLOW_EOL_DE_ELMA_INC,0.0,,1.0,2.0,1.0,2.0,1.0,0.5,sensitivity_152,sensitivity_098,circular_routes.eol_allocation_elasticity,0.5,2.0,0.8125,1.71875,parameter_bisection,parameter_only,9,false
sensitivity_152,policy,virgin_metal_tax_tax_0_02,virgin_metal_tax,0.02,LOCALLY_INFEASIBLE,INFEASIBLE_POINT,false,10.482060426,0.001067908995001532,1,0.0,0,material_composite_production_REU,eqpzs,IND_REU_NEW_ELMA,0.001067908995001532,EOL_FLOW_EOL_DE_ELMA_INC,0.0,,1.0,2.0,1.0,2.0,1.0,0.5,sensitivity_152,sensitivity_098,circular_routes.eol_allocation_elasticity,0.5,2.0,0.75,1.625,parameter_bisection,parameter_only,10,false
sensitivity_152,policy,virgin_metal_tax_tax_0_02,virgin_metal_tax,0.02,LOCALLY_INFEASIBLE,INFEASIBLE_POINT,true,5.687854189,0.0009681940209506079,0,0.0,0,material_composite_production_REU,eqpzs,IND_REU_NEW_ELMA,0.0009681940209506079,EOL_FLOW_EOL_DE_ELMA_INC,0.0,,1.0,2.0,1.0,2.0,1.0,0.5,sensitivity_152,sensitivity_098,circular_routes.eol_allocation_elasticity,0.5,2.0,0.71875,1.578125,parameter_bisection,parameter_only,11,true
sensitivity_152,policy,virgin_metal_tax_tax_0_02,virgin_metal_tax,0.02,LOCALLY_INFEASIBLE,INFEASIBLE_POINT,true,6.04999413,0.0009123960637751338,0,0.0,0,material_composite_production_REU,eqpzs,IND_REU_NEW_ELMA,0.0009123960637751338,EOL_FLOW_EOL_DE_ELMA_INC,0.0,,1.0,2.0,1.0,2.0,1.0,0.5,sensitivity_152,sensitivity_098,circular_routes.eol_allocation_elasticity,0.5,2.0,0.78125,1.671875,parameter_bisection,parameter_only,12,true
sensitivity_152,policy,virgin_metal_tax_tax_0_02,virgin_metal_tax,0.02,LOCALLY_INFEASIBLE,INFEASIBLE_POINT,false,10.609192337,0.001046471431523588,1,0.0,0,material_composite_production_REU,eqpzs,IND_REU_NEW_ELMA,0.001046471431523588,EOL_FLOW_EOL_DE_ELMA_INC,0.0,,1.0,2.0,1.0,2.0,1.0,0.5,sensitivity_152,sensitivity_098,circular_routes.eol_allocation_elasticity,0.5,2.0,0.90625,1.859375,parameter_bisection,parameter_only,13,false
sensitivity_152,policy,virgin_metal_tax_tax_0_02,virgin_metal_tax,0.02,LOCALLY_INFEASIBLE,INFEASIBLE_POINT,false,12.811332732,0.0010489578923579268,1,0.0,0,material_composite_production_REU,eqpzs,IND_REU_NEW_ELMA,0.0010489578923579268,EOL_FLOW_EOL_DE_ELMA_INC,0.0,,1.0,2.0,1.0,2.0,1.0,0.5,sensitivity_152,sensitivity_098,circular_routes.eol_allocation_elasticity,0.5,2.0,0.84375,1.765625,parameter_bisection,parameter_only,14,false
sensitivity_152,policy,virgin_metal_tax_tax_0_02,virgin_metal_tax,0.02,LOCALLY_INFEASIBLE,INFEASIBLE_POINT,false,7.596671235,0.0010083295370125755,1,0.0,0,material_composite_production_REU,eqpzs,IND_REU_NEW_ELMA,0.0010083295370125755,EOL_FLOW_EOL_DE_ELMA_INC,0.0,,1.0,2.0,1.0,2.0,1.0,0.5,sensitivity_152,sensitivity_098,circular_routes.eol_allocation_elasticity,0.5,2.0,0.8125,1.71875,parameter_bisection,parameter_only,15,false
sensitivity_152,policy,virgin_metal_tax_tax_0_02,virgin_metal_tax,0.02,LOCALLY_INFEASIBLE,INFEASIBLE_POINT,false,27.212895566,0.0010800528980079438,1,0.0,0,material_composite_production_REU,eqpzs,IND_REU_NEW_ELMA,0.0010800528980079438,EOL_FLOW_EOL_DE_ELMA_INC,0.0,,1.0,2.0,1.0,2.0,1.0,0.5,sensitivity_152,sensitivity_098,circular_routes.eol_allocation_elasticity,0.5,2.0,0.796875,1.6953125,parameter_bisection,parameter_only,16,false
sensitivity_152,policy,virgin_metal_tax_tax_0_02,virgin_metal_tax,0.02,LOCALLY_INFEASIBLE,INFEASIBLE_POINT,false,10.070084747,0.0010700209588463405,1,0.0,0,material_composite_production_REU,eqpzs,IND_REU_NEW_ELMA,0.0010700209588463405,EOL_FLOW_EOL_DE_ELMA_INC,0.0,,1.0,2.0,1.0,2.0,1.0,0.5,sensitivity_152,sensitivity_098,circular_routes.eol_allocation_elasticity,0.5,2.0,0.7890625,1.68359375,parameter_bisection,parameter_only,17,false
sensitivity_152,policy,virgin_metal_tax_tax_0_02,virgin_metal_tax,0.02,LOCALLY_INFEASIBLE,INFEASIBLE_POINT,false,9.696135827,0.0010624778687255976,1,0.0,0,material_composite_production_REU,eqpzs,IND_REU_NEW_ELMA,0.0010624778687255976,EOL_FLOW_EOL_DE_ELMA_INC,0.0,,1.0,2.0,1.0,2.0,1.0,0.5,sensitivity_152,sensitivity_098,circular_routes.eol_allocation_elasticity,0.5,2.0,0.78515625,1.677734375,parameter_bisection,parameter_only,18,false
sensitivity_152,policy,virgin_metal_tax_tax_0_02,virgin_metal_tax,0.02,LOCALLY_INFEASIBLE,INFEASIBLE_POINT,true,3.701053643,0.0009124055409835963,0,0.0,0,material_composite_production_REU,eqpzs,IND_REU_NEW_ELMA,0.0009124055409835963,EOL_FLOW_EOL_DE_ELMA_INC,0.0,,1.0,2.0,1.0,2.0,1.0,0.5,sensitivity_152,sensitivity_098,circular_routes.eol_allocation_elasticity,0.5,2.0,0.783203125,1.6748046875,parameter_bisection,parameter_only,19,true
sensitivity_152,policy,virgin_metal_tax_tax_0_02,virgin_metal_tax,0.02,LOCALLY_INFEASIBLE,INFEASIBLE_POINT,false,6.06252527,0.0010356425610620335,1,0.0,0,material_composite_production_REU,eqpzs,IND_REU_NEW_ELMA,0.0010356425610620335,EOL_FLOW_EOL_DE_ELMA_INC,0.0,,1.0,2.0,1.0,2.0,1.0,0.5,sensitivity_152,sensitivity_098,circular_routes.eol_allocation_elasticity,0.5,2.0,0.787109375,1.6806640625,parameter_bisection,parameter_only,20,false
sensitivity_152,policy,virgin_metal_tax_tax_0_02,virgin_metal_tax,0.02,LOCALLY_INFEASIBLE,INFEASIBLE_POINT,false,13.611546847,0.0010732131653329313,1,0.0,0,material_composite_production_REU,eqpzs,IND_REU_NEW_ELMA,0.0010732131653329313,EOL_FLOW_EOL_DE_ELMA_INC,0.0,,1.0,2.0,1.0,2.0,1.0,0.5,sensitivity_152,sensitivity_098,circular_routes.eol_allocation_elasticity,0.5,2.0,0.78515625,1.677734375,parameter_bisection,parameter_only,21,false
sensitivity_152,policy,virgin_metal_tax_tax_0_02,virgin_metal_tax,0.02,LOCALLY_INFEASIBLE,INFEASIBLE_POINT,true,3.585537461,0.0009124240652896853,0,0.0,0,material_composite_production_REU,eqpzs,IND_REU_NEW_ELMA,0.0009124240652896853,EOL_FLOW_EOL_DE_ELMA_INC,0.0,,1.0,2.0,1.0,2.0,1.0,0.5,sensitivity_152,sensitivity_098,circular_routes.eol_allocation_elasticity,0.5,2.0,0.7841796875,1.67626953125,parameter_bisection,parameter_only,22,true
sensitivity_152,policy,virgin_metal_tax_tax_0_02,virgin_metal_tax,0.02,LOCALLY_INFEASIBLE,INFEASIBLE_POINT,false,10.009631898,0.0010615008188888941,1,0.0,0,material_composite_production_REU,eqpzs,IND_REU_NEW_ELMA,0.0010615008188888941,EOL_FLOW_EOL_DE_ELMA_INC,0.0,,1.0,2.0,1.0,2.0,1.0,0.5,sensitivity_152,sensitivity_098,circular_routes.eol_allocation_elasticity,0.5,2.0,0.7861328125,1.67919921875,parameter_bisection,parameter_only,23,false
sensitivity_152,policy,virgin_metal_tax_tax_0_02,virgin_metal_tax,0.02,LOCALLY_INFEASIBLE,INFEASIBLE_POINT,true,4.539184556,0.0009124425533528768,0,0.0,0,material_composite_production_REU,eqpzs,IND_REU_NEW_ELMA,0.0009124425533528768,EOL_FLOW_EOL_DE_ELMA_INC,0.0,,1.0,2.0,1.0,2.0,1.0,0.5,sensitivity_152,sensitivity_098,circular_routes.eol_allocation_elasticity,0.5,2.0,0.78515625,1.677734375,parameter_bisection,parameter_only,24,true
sensitivity_152,policy,virgin_metal_tax_tax_0_02,virgin_metal_tax,0.02,LOCALLY_INFEASIBLE,INFEASIBLE_POINT,false,5.920123159,0.0010385111807579284,1,0.0,0,material_composite_production_REU,eqpzs,IND_REU_NEW_ELMA,0.0010385111807579284,EOL_FLOW_EOL_DE_ELMA_INC,0.0,,1.0,2.0,1.0,2.0,1.0,0.5,sensitivity_152,sensitivity_098,circular_routes.eol_allocation_elasticity,0.5,2.0,0.787109375,1.6806640625,parameter_bisection,parameter_only,25,false
sensitivity_152,policy,virgin_metal_tax_tax_0_02,virgin_metal_tax,0.02,LOCALLY_INFEASIBLE,INFEASIBLE_POINT,true,2.096937323,0.000912460660983383,0,0.0,0,material_composite_production_REU,eqpzs,IND_REU_NEW_ELMA,0.000912460660983383,EOL_FLOW_EOL_DE_ELMA_INC,0.0,,1.0,2.0,1.0,2.0,1.0,0.5,sensitivity_152,sensitivity_098,circular_routes.eol_allocation_elasticity,0.5,2.0,0.7861328125,1.67919921875,parameter_bisection,parameter_only,26,true
sensitivity_152,policy,virgin_metal_tax_tax_0_02,virgin_metal_tax,0.02,LOCALLY_INFEASIBLE,INFEASIBLE_POINT,false,4.256756972,0.0010354238048668751,1,0.0,0,material_composite_production_REU,eqpzs,IND_REU_NEW_ELMA,0.0010354238048668751,EOL_FLOW_EOL_DE_ELMA_INC,0.0,,1.0,2.0,1.0,2.0,1.0,0.5,sensitivity_152,sensitivity_098,circular_routes.eol_allocation_elasticity,0.5,2.0,0.7880859375,1.68212890625,parameter_bisection,parameter_only,27,false
sensitivity_152,policy,virgin_metal_tax_tax_0_02,virgin_metal_tax,0.02,LOCALLY_INFEASIBLE,INFEASIBLE_POINT,true,2.186199832,0.0009124779811415795,0,0.0,0,material_composite_production_REU,eqpzs,IND_REU_NEW_ELMA,0.0009124779811415795,EOL_FLOW_EOL_DE_ELMA_INC,0.0,,1.0,2.0,1.0,2.0,1.0,0.5,sensitivity_152,sensitivity_098,circular_routes.eol_allocation_elasticity,0.5,2.0,0.787109375,1.6806640625,parameter_bisection,parameter_only,28,true
sensitivity_152,policy,virgin_metal_tax_tax_0_02,virgin_metal_tax,0.02,LOCALLY_INFEASIBLE,INFEASIBLE_POINT,false,4.893182952,0.0010484353120083778,1,0.0,0,material_composite_production_REU,eqpzs,IND_REU_NEW_ELMA,0.0010484353120083778,EOL_FLOW_EOL_DE_ELMA_INC,0.0,,1.0,2.0,1.0,2.0,1.0,0.5,sensitivity_152,sensitivity_098,circular_routes.eol_allocation_elasticity,0.5,2.0,0.7890625,1.68359375,parameter_bisection,parameter_only,29,false
sensitivity_152,policy,virgin_metal_tax_tax_0_02,virgin_metal_tax,0.02,LOCALLY_INFEASIBLE,INFEASIBLE_POINT,false,4.407832767,0.0010649055808600316,1,0.0,0,material_composite_production_REU,eqpzs,IND_REU_NEW_ELMA,0.0010649055808600316,EOL_FLOW_EOL_DE_ELMA_INC,0.0,,1.0,2.0,1.0,2.0,1.0,0.5,sensitivity_152,sensitivity_098,circular_routes.eol_allocation_elasticity,0.5,2.0,0.7880859375,1.68212890625,parameter_bisection,parameter_only,30,false
sensitivity_153,policy,virgin_metal_tax_tax_0_02,virgin_metal_tax,0.02,LOCALLY_INFEASIBLE,INFEASIBLE_POINT,false,17.93757173,0.001239180904769821,2,0.0,0,material_composite_production_SK,eqpzs,IND_SK_NEW_ELMA,0.001239180904769821,EOL_FLOW_EOL_DE_ELMA_INC,0.0,,2.0,2.0,1.0,2.0,1.0,0.5,sensitivity_153,sensitivity_147,trade.cet_transformation_elasticity,0.5,2.0,1.0,2.0,direct_target,parameter_only,1,false
sensitivity_153,policy,virgin_metal_tax_tax_0_02,virgin_metal_tax,0.02,LOCALLY_INFEASIBLE,INFEASIBLE_POINT,false,29.204527849,0.0012185261772169609,2,0.0,0,material_composite_production_SK,eqpzs,IND_SK_NEW_ELMA,0.0012185261772169609,EOL_FLOW_EOL_DE_ELMA_INC,0.0,,2.0,2.0,1.0,2.0,1.0,0.5,sensitivity_153,sensitivity_147,trade.cet_transformation_elasticity,0.5,2.0,0.5,1.25,parameter_bisection,parameter_only,2,false
sensitivity_153,policy,virgin_metal_tax_tax_0_02,virgin_metal_tax,0.02,LOCALLY_INFEASIBLE,INFEASIBLE_POINT,true,10.022468518,0.0008245814742330994,0,0.0,0,common_eu_trade,eu_cet_quantity,NEW_ELMA|SK,0.0008245814742330994,EOL_FLOW_EOL_DE_ELMA_INC,0.0,,2.0,2.0,1.0,2.0,1.0,0.5,sensitivity_153,sensitivity_147,trade.cet_transformation_elasticity,0.5,2.0,0.25,0.875,parameter_bisection,parameter_only,3,true
sensitivity_153,policy,virgin_metal_tax_tax_0_02,virgin_metal_tax,0.02,LOCALLY_INFEASIBLE,INFEASIBLE_POINT,false,21.207024649,0.0012762190998150125,2,5.639041001871392e-9,0,material_composite_production_SK,eqpzs,IND_SK_NEW_ELMA,0.0012762190998150125,Y_IND_FR_NEW_OFMA,5.639041001871392e-9,,2.0,2.0,1.0,2.0,1.0,0.5,sensitivity_153,sensitivity_147,trade.cet_transformation_elasticity,0.5,2.0,0.75,1.625,parameter_bisection,parameter_only,4,false
sensitivity_153,policy,virgin_metal_tax_tax_0_02,virgin_metal_tax,0.02,LOCALLY_INFEASIBLE,INFEASIBLE_POINT,false,14.514901427,0.0011909640952327827,2,0.0,0,material_composite_production_SK,eqpzs,IND_SK_NEW_ELMA,0.0011909640952327827,EOL_FLOW_EOL_DE_ELMA_INC,0.0,,2.0,2.0,1.0,2.0,1.0,0.5,sensitivity_153,sensitivity_147,trade.cet_transformation_elasticity,0.5,2.0,0.5,1.25,parameter_bisection,parameter_only,5,false
sensitivity_153,policy,virgin_metal_tax_tax_0_02,virgin_metal_tax,0.02,LOCALLY_INFEASIBLE,INFEASIBLE_POINT,false,9.38102125,0.001088780826780827,2,0.0,0,common_eu_trade,eu_cet_quantity,NEW_ELMA|SK,0.001088780826780827,EOL_FLOW_EOL_DE_ELMA_INC,0.0,,2.0,2.0,1.0,2.0,1.0,0.5,sensitivity_153,sensitivity_147,trade.cet_transformation_elasticity,0.5,2.0,0.375,1.0625,parameter_bisection,parameter_only,6,false
sensitivity_153,policy,virgin_metal_tax_tax_0_02,virgin_metal_tax,0.02,LOCALLY_INFEASIBLE,INFEASIBLE_POINT,true,5.634196727,0.0009691267984782144,0,0.0,0,common_eu_trade,eu_cet_quantity,NEW_ELMA|SK,0.0009691267984782144,EOL_FLOW_EOL_DE_ELMA_INC,0.0,,2.0,2.0,1.0,2.0,1.0,0.5,sensitivity_153,sensitivity_147,trade.cet_transformation_elasticity,0.5,2.0,0.3125,0.96875,parameter_bisection,parameter_only,7,true
sensitivity_153,policy,virgin_metal_tax_tax_0_02,virgin_metal_tax,0.02,LOCALLY_INFEASIBLE,INFEASIBLE_POINT,false,36.895853184,0.0011812887344780651,2,0.0,0,common_eu_trade,eu_cet_quantity,NEW_ELMA|SK,0.0011812887344780651,EOL_FLOW_EOL_DE_ELMA_INC,0.0,,2.0,2.0,1.0,2.0,1.0,0.5,sensitivity_153,sensitivity_147,trade.cet_transformation_elasticity,0.5,2.0,0.4375,1.15625,parameter_bisection,parameter_only,8,false
sensitivity_153,policy,virgin_metal_tax_tax_0_02,virgin_metal_tax,0.02,LOCALLY_INFEASIBLE,INFEASIBLE_POINT,false,6.392364907,0.0010688033893605019,2,0.0,0,common_eu_trade,eu_cet_quantity,NEW_ELMA|SK,0.0010688033893605019,EOL_FLOW_EOL_DE_ELMA_INC,0.0,,2.0,2.0,1.0,2.0,1.0,0.5,sensitivity_153,sensitivity_147,trade.cet_transformation_elasticity,0.5,2.0,0.375,1.0625,parameter_bisection,parameter_only,9,false
sensitivity_153,policy,virgin_metal_tax_tax_0_02,virgin_metal_tax,0.02,LOCALLY_INFEASIBLE,INFEASIBLE_POINT,false,8.115210959,0.0011058028706547596,2,0.0,0,material_composite_production_DE,eqpzs,IND_DE_NEW_ELMA,0.0011058028706547596,EOL_FLOW_EOL_DE_ELMA_INC,0.0,,2.0,2.0,1.0,2.0,1.0,0.5,sensitivity_153,sensitivity_147,trade.cet_transformation_elasticity,0.5,2.0,0.34375,1.015625,parameter_bisection,parameter_only,10,false
sensitivity_153,policy,virgin_metal_tax_tax_0_02,virgin_metal_tax,0.02,LOCALLY_INFEASIBLE,INFEASIBLE_POINT,false,8.79245294,0.001046240896811981,2,0.0,0,common_eu_trade,eu_cet_quantity,NEW_ELMA|SK,0.001046240896811981,EOL_FLOW_EOL_DE_ELMA_INC,0.0,,2.0,2.0,1.0,2.0,1.0,0.5,sensitivity_153,sensitivity_147,trade.cet_transformation_elasticity,0.5,2.0,0.328125,0.9921875,parameter_bisection,parameter_only,11,false
sensitivity_153,policy,virgin_metal_tax_tax_0_02,virgin_metal_tax,0.02,LOCALLY_INFEASIBLE,INFEASIBLE_POINT,false,6.52953231,0.0010334027052699235,1,0.0,0,common_eu_trade,eu_cet_quantity,NEW_ELMA|SK,0.0010334027052699235,EOL_FLOW_EOL_DE_ELMA_INC,0.0,,2.0,2.0,1.0,2.0,1.0,0.5,sensitivity_153,sensitivity_147,trade.cet_transformation_elasticity,0.5,2.0,0.3203125,0.98046875,parameter_bisection,parameter_only,12,false
sensitivity_153,policy,virgin_metal_tax_tax_0_02,virgin_metal_tax,0.02,LOCALLY_INFEASIBLE,INFEASIBLE_POINT,false,5.380387352,0.0010223361497861986,1,0.0,0,common_eu_trade,eu_cet_quantity,NEW_ELMA|SK,0.0010223361497861986,EOL_FLOW_EOL_DE_ELMA_INC,0.0,,2.0,2.0,1.0,2.0,1.0,0.5,sensitivity_153,sensitivity_147,trade.cet_transformation_elasticity,0.5,2.0,0.31640625,0.974609375,parameter_bisection,parameter_only,13,false
sensitivity_153,policy,virgin_metal_tax_tax_0_02,virgin_metal_tax,0.02,LOCALLY_INFEASIBLE,INFEASIBLE_POINT,false,21.361402304,0.0010244925934043202,1,0.0,0,common_eu_trade,eu_cet_quantity,NEW_ELMA|SK,0.0010244925934043202,EOL_FLOW_EOL_DE_ELMA_INC,0.0,,2.0,2.0,1.0,2.0,1.0,0.5,sensitivity_153,sensitivity_147,trade.cet_transformation_elasticity,0.5,2.0,0.314453125,0.9716796875,parameter_bisection,parameter_only,14,false
sensitivity_153,policy,virgin_metal_tax_tax_0_02,virgin_metal_tax,0.02,LOCALLY_INFEASIBLE,INFEASIBLE_POINT,true,3.502207211,0.0009694545793221492,0,0.0,0,common_eu_trade,eu_cet_quantity,NEW_ELMA|SK,0.0009694545793221492,EOL_FLOW_EOL_DE_ELMA_INC,0.0,,2.0,2.0,1.0,2.0,1.0,0.5,sensitivity_153,sensitivity_147,trade.cet_transformation_elasticity,0.5,2.0,0.3134765625,0.97021484375,parameter_bisection,parameter_only,15,true
sensitivity_153,policy,virgin_metal_tax_tax_0_02,virgin_metal_tax,0.02,LOCALLY_INFEASIBLE,INFEASIBLE_POINT,false,7.340341101,0.0010245729645410805,1,0.0,0,common_eu_trade,eu_cet_quantity,NEW_ELMA|SK,0.0010245729645410805,EOL_FLOW_EOL_DE_ELMA_INC,0.0,,2.0,2.0,1.0,2.0,1.0,0.5,sensitivity_153,sensitivity_147,trade.cet_transformation_elasticity,0.5,2.0,0.3154296875,0.97314453125,parameter_bisection,parameter_only,16,false
sensitivity_153,policy,virgin_metal_tax_tax_0_02,virgin_metal_tax,0.02,LOCALLY_INFEASIBLE,INFEASIBLE_POINT,false,8.889699915,0.0010252273397767576,1,0.0,0,common_eu_trade,eu_cet_quantity,NEW_ELMA|SK,0.0010252273397767576,EOL_FLOW_EOL_DE_ELMA_INC,0.0,,2.0,2.0,1.0,2.0,1.0,0.5,sensitivity_153,sensitivity_147,trade.cet_transformation_elasticity,0.5,2.0,0.314453125,0.9716796875,parameter_bisection,parameter_only,17,false
sensitivity_162,policy,virgin_metal_tax_tax_0_02,virgin_metal_tax,0.02,LOCALLY_INFEASIBLE,INFEASIBLE_POINT,false,17.313891736,0.0012347575517477338,1,0.0,0,material_composite_production_SK,eqpzs,IND_SK_NEW_ELMA,0.0012347575517477338,EOL_FLOW_EOL_DE_ELMA_INC,0.0,,2.0,2.0,2.0,2.0,1.0,0.5,sensitivity_162,sensitivity_135,circular_routes.eol_allocation_elasticity,1.0,2.0,1.0,2.0,direct_target,parameter_only,1,false
sensitivity_162,policy,virgin_metal_tax_tax_0_02,virgin_metal_tax,0.02,LOCALLY_INFEASIBLE,INFEASIBLE_POINT,false,18.738145923,0.00792022069240228,1,0.0,0,observed_physical_flow_links,quantity_link,physical_SK_OFMA_REP_route_input_mass,0.00792022069240228,EOL_FLOW_EOL_DE_ELMA_INC,0.0,,2.0,2.0,2.0,2.0,1.0,0.5,sensitivity_162,sensitivity_135,circular_routes.eol_allocation_elasticity,1.0,2.0,0.5,1.5,parameter_bisection,parameter_only,2,false
sensitivity_162,policy,virgin_metal_tax_tax_0_02,virgin_metal_tax,0.02,LOCALLY_INFEASIBLE,INFEASIBLE_POINT,false,12.118624605,0.0012038125974982439,1,0.0,0,material_composite_production_SK,eqpzs,IND_SK_NEW_ELMA,0.0012038125974982439,EOL_FLOW_EOL_DE_ELMA_INC,0.0,,2.0,2.0,2.0,2.0,1.0,0.5,sensitivity_162,sensitivity_135,circular_routes.eol_allocation_elasticity,1.0,2.0,0.25,1.25,parameter_bisection,parameter_only,3,false
sensitivity_162,policy,virgin_metal_tax_tax_0_02,virgin_metal_tax,0.02,LOCALLY_INFEASIBLE,INFEASIBLE_POINT,false,7.983296926,0.0012143791807368576,1,0.0,0,material_composite_production_SK,eqpzs,IND_SK_NEW_ELMA,0.0012143791807368576,EOL_FLOW_EOL_DE_ELMA_INC,0.0,,2.0,2.0,2.0,2.0,1.0,0.5,sensitivity_162,sensitivity_135,circular_routes.eol_allocation_elasticity,1.0,2.0,0.125,1.125,parameter_bisection,parameter_only,4,false
sensitivity_162,policy,virgin_metal_tax_tax_0_02,virgin_metal_tax,0.02,LOCALLY_INFEASIBLE,INFEASIBLE_POINT,true,10.468015465,0.000999825728757786,0,0.0,0,material_composite_production_SK,eqpzs,IND_SK_NEW_ELMA,0.000999825728757786,EOL_FLOW_EOL_DE_ELMA_INC,0.0,,2.0,2.0,2.0,2.0,1.0,0.5,sensitivity_162,sensitivity_135,circular_routes.eol_allocation_elasticity,1.0,2.0,0.0625,1.0625,parameter_bisection,parameter_only,5,true
sensitivity_162,policy,virgin_metal_tax_tax_0_02,virgin_metal_tax,0.02,LOCALLY_INFEASIBLE,INFEASIBLE_POINT,false,9.379030931,0.0012271035120625662,1,0.0,0,material_composite_production_SK,eqpzs,IND_SK_NEW_ELMA,0.0012271035120625662,EOL_FLOW_EOL_DE_ELMA_INC,0.0,,2.0,2.0,2.0,2.0,1.0,0.5,sensitivity_162,sensitivity_135,circular_routes.eol_allocation_elasticity,1.0,2.0,0.1875,1.1875,parameter_bisection,parameter_only,6,false
sensitivity_162,policy,virgin_metal_tax_tax_0_02,virgin_metal_tax,0.02,LOCALLY_INFEASIBLE,INFEASIBLE_POINT,false,7.528822772,0.0010299725801468096,1,0.0,0,material_composite_production_SK,eqpzs,IND_SK_NEW_ELMA,0.0010299725801468096,EOL_FLOW_EOL_DE_ELMA_INC,0.0,,2.0,2.0,2.0,2.0,1.0,0.5,sensitivity_162,sensitivity_135,circular_routes.eol_allocation_elasticity,1.0,2.0,0.125,1.125,parameter_bisection,parameter_only,7,false
sensitivity_162,policy,virgin_metal_tax_tax_0_02,virgin_metal_tax,0.02,LOCALLY_INFEASIBLE,INFEASIBLE_POINT,false,12.969772308,0.001265418687301012,1,0.0,0,material_composite_production_SK,eqpzs,IND_SK_NEW_ELMA,0.001265418687301012,EOL_FLOW_EOL_DE_ELMA_INC,0.0,,2.0,2.0,2.0,2.0,1.0,0.5,sensitivity_162,sensitivity_135,circular_routes.eol_allocation_elasticity,1.0,2.0,0.09375,1.09375,parameter_bisection,parameter_only,8,false
sensitivity_162,policy,virgin_metal_tax_tax_0_02,virgin_metal_tax,0.02,LOCALLY_INFEASIBLE,INFEASIBLE_POINT,false,16.344314473,0.0012679204739214356,2,0.0,0,material_composite_production_SK,eqpzs,IND_SK_NEW_ELMA,0.0012679204739214356,EOL_FLOW_EOL_DE_ELMA_INC,0.0,,2.0,2.0,2.0,2.0,1.0,0.5,sensitivity_162,sensitivity_135,circular_routes.eol_allocation_elasticity,1.0,2.0,0.078125,1.078125,parameter_bisection,parameter_only,9,false
sensitivity_162,policy,virgin_metal_tax_tax_0_02,virgin_metal_tax,0.02,LOCALLY_INFEASIBLE,INFEASIBLE_POINT,false,22.275531035,0.0012640365937264253,2,0.0,0,material_composite_production_SK,eqpzs,IND_SK_NEW_ELMA,0.0012640365937264253,EOL_FLOW_EOL_DE_ELMA_INC,0.0,,2.0,2.0,2.0,2.0,1.0,0.5,sensitivity_162,sensitivity_135,circular_routes.eol_allocation_elasticity,1.0,2.0,0.0703125,1.0703125,parameter_bisection,parameter_only,10,false
sensitivity_162,policy,virgin_metal_tax_tax_0_02,virgin_metal_tax,0.02,LOCALLY_INFEASIBLE,INFEASIBLE_POINT,false,8.811698513,0.001041119219044373,1,0.0,0,material_composite_production_SK,eqpzs,IND_SK_NEW_ELMA,0.001041119219044373,EOL_FLOW_EOL_DE_ELMA_INC,0.0,,2.0,2.0,2.0,2.0,1.0,0.5,sensitivity_162,sensitivity_135,circular_routes.eol_allocation_elasticity,1.0,2.0,0.06640625,1.06640625,parameter_bisection,parameter_only,11,false
sensitivity_162,policy,virgin_metal_tax_tax_0_02,virgin_metal_tax,0.02,LOCALLY_INFEASIBLE,INFEASIBLE_POINT,false,6.500668682,0.0010079462764792657,1,0.0,0,material_composite_production_SK,eqpzs,IND_SK_NEW_ELMA,0.0010079462764792657,EOL_FLOW_EOL_DE_ELMA_INC,0.0,,2.0,2.0,2.0,2.0,1.0,0.5,sensitivity_162,sensitivity_135,circular_routes.eol_allocation_elasticity,1.0,2.0,0.064453125,1.064453125,parameter_bisection,parameter_only,12,false
sensitivity_162,policy,virgin_metal_tax_tax_0_02,virgin_metal_tax,0.02,LOCALLY_INFEASIBLE,INFEASIBLE_POINT,false,13.309052866,0.001264546568102487,2,0.0,0,material_composite_production_SK,eqpzs,IND_SK_NEW_ELMA,0.001264546568102487,EOL_FLOW_EOL_DE_ELMA_INC,0.0,,2.0,2.0,2.0,2.0,1.0,0.5,sensitivity_162,sensitivity_135,circular_routes.eol_allocation_elasticity,1.0,2.0,0.0634765625,1.0634765625,parameter_bisection,parameter_only,13,false
sensitivity_206,policy,virgin_metal_tax_tax_0_02,virgin_metal_tax,0.02,LOCALLY_INFEASIBLE,INFEASIBLE_POINT,false,7.465579472,0.001046055390684919,1,0.0,0,material_composite_production_REU,eqpzs,IND_REU_NEW_ELMA,0.001046055390684919,EOL_FLOW_EOL_DE_ELMA_INC,0.0,,1.0,2.0,1.0,1.0,2.0,0.5,sensitivity_206,sensitivity_125,circular_routes.eol_productivity_elasticity,1.0,2.0,1.0,2.0,direct_target,parameter_only,1,false
sensitivity_206,policy,virgin_metal_tax_tax_0_02,virgin_metal_tax,0.02,LOCALLY_INFEASIBLE,INFEASIBLE_POINT,false,16.353075108,0.0010617772369611034,1,0.0,0,material_composite_production_REU,eqpzs,IND_REU_NEW_ELMA,0.0010617772369611034,EOL_FLOW_EOL_DE_ELMA_INC,0.0,,1.0,2.0,1.0,1.0,2.0,0.5,sensitivity_206,sensitivity_125,circular_routes.eol_productivity_elasticity,1.0,2.0,0.5,1.5,parameter_bisection,parameter_only,2,false
sensitivity_206,policy,virgin_metal_tax_tax_0_02,virgin_metal_tax,0.02,LOCALLY_INFEASIBLE,INFEASIBLE_POINT,false,19.74982714,0.0010765118324113088,1,0.0,0,material_composite_production_REU,eqpzs,IND_REU_NEW_ELMA,0.0010765118324113088,EOL_FLOW_EOL_DE_ELMA_INC,0.0,,1.0,2.0,1.0,1.0,2.0,0.5,sensitivity_206,sensitivity_125,circular_routes.eol_productivity_elasticity,1.0,2.0,0.25,1.25,parameter_bisection,parameter_only,3,false
sensitivity_206,policy,virgin_metal_tax_tax_0_02,virgin_metal_tax,0.02,LOCALLY_INFEASIBLE,INFEASIBLE_POINT,false,15.996080996,0.0010802057197986104,1,0.0,0,material_composite_production_REU,eqpzs,IND_REU_NEW_ELMA,0.0010802057197986104,EOL_FLOW_EOL_DE_ELMA_INC,0.0,,1.0,2.0,1.0,1.0,2.0,0.5,sensitivity_206,sensitivity_125,circular_routes.eol_productivity_elasticity,1.0,2.0,0.125,1.125,parameter_bisection,parameter_only,4,false
sensitivity_206,policy,virgin_metal_tax_tax_0_02,virgin_metal_tax,0.02,LOCALLY_INFEASIBLE,INFEASIBLE_POINT,false,11.988148795,0.0010772601388272518,1,0.0,0,material_composite_production_REU,eqpzs,IND_REU_NEW_ELMA,0.0010772601388272518,EOL_FLOW_EOL_DE_ELMA_INC,0.0,,1.0,2.0,1.0,1.0,2.0,0.5,sensitivity_206,sensitivity_125,circular_routes.eol_productivity_elasticity,1.0,2.0,0.0625,1.0625,parameter_bisection,parameter_only,5,false
sensitivity_206,policy,virgin_metal_tax_tax_0_02,virgin_metal_tax,0.02,LOCALLY_INFEASIBLE,INFEASIBLE_POINT,false,5.632643887,0.0010057337371518482,1,0.0,0,material_composite_production_REU,eqpzs,IND_REU_NEW_ELMA,0.0010057337371518482,EOL_FLOW_EOL_DE_ELMA_INC,0.0,,1.0,2.0,1.0,1.0,2.0,0.5,sensitivity_206,sensitivity_125,circular_routes.eol_productivity_elasticity,1.0,2.0,0.03125,1.03125,parameter_bisection,parameter_only,6,false
sensitivity_206,policy,virgin_metal_tax_tax_0_02,virgin_metal_tax,0.02,LOCALLY_INFEASIBLE,INFEASIBLE_POINT,true,6.103506168,0.0009555953240786286,0,0.0,0,material_composite_production_REU,eqpzs,IND_REU_NEW_ELMA,0.0009555953240786286,EOL_FLOW_EOL_DE_ELMA_INC,0.0,,1.0,2.0,1.0,1.0,2.0,0.5,sensitivity_206,sensitivity_125,circular_routes.eol_productivity_elasticity,1.0,2.0,0.015625,1.015625,parameter_bisection,parameter_only,7,true
sensitivity_206,policy,virgin_metal_tax_tax_0_02,virgin_metal_tax,0.02,LOCALLY_INFEASIBLE,INFEASIBLE_POINT,false,6.851686185,0.0010473768341634493,1,0.0,0,material_composite_production_REU,eqpzs,IND_REU_NEW_ELMA,0.0010473768341634493,EOL_FLOW_EOL_DE_ELMA_INC,0.0,,1.0,2.0,1.0,1.0,2.0,0.5,sensitivity_206,sensitivity_125,circular_routes.eol_productivity_elasticity,1.0,2.0,0.046875,1.046875,parameter_bisection,parameter_only,8,false
sensitivity_206,policy,virgin_metal_tax_tax_0_02,virgin_metal_tax,0.02,LOCALLY_INFEASIBLE,INFEASIBLE_POINT,true,5.263132602,0.0009511126579024864,0,0.0,0,material_composite_production_REU,eqpzs,IND_REU_NEW_ELMA,0.0009511126579024864,EOL_FLOW_EOL_DE_ELMA_INC,0.0,,1.0,2.0,1.0,1.0,2.0,0.5,sensitivity_206,sensitivity_125,circular_routes.eol_productivity_elasticity,1.0,2.0,0.03125,1.03125,parameter_bisection,parameter_only,9,true
sensitivity_206,policy,virgin_metal_tax_tax_0_02,virgin_metal_tax,0.02,LOCALLY_INFEASIBLE,INFEASIBLE_POINT,true,6.224164203,0.0009485030051802346,0,0.0,0,material_composite_production_REU,eqpzs,IND_REU_NEW_ELMA,0.0009485030051802346,EOL_FLOW_EOL_DE_ELMA_INC,0.0,,1.0,2.0,1.0,1.0,2.0,0.5,sensitivity_206,sensitivity_125,circular_routes.eol_productivity_elasticity,1.0,2.0,0.0625,1.0625,parameter_bisection,parameter_only,10,true
sensitivity_206,policy,virgin_metal_tax_tax_0_02,virgin_metal_tax,0.02,LOCALLY_INFEASIBLE,INFEASIBLE_POINT,false,10.255172344,0.0010413485397143818,1,0.0,0,material_composite_production_REU,eqpzs,IND_REU_NEW_ELMA,0.0010413485397143818,EOL_FLOW_EOL_DE_ELMA_INC,0.0,,1.0,2.0,1.0,1.0,2.0,0.5,sensitivity_206,sensitivity_125,circular_routes.eol_productivity_elasticity,1.0,2.0,0.125,1.125,parameter_bisection,parameter_only,11,false
sensitivity_206,policy,virgin_metal_tax_tax_0_02,virgin_metal_tax,0.02,LOCALLY_INFEASIBLE,INFEASIBLE_POINT,false,8.62561426,0.0010564092849509876,1,0.0,0,material_composite_production_REU,eqpzs,IND_REU_NEW_ELMA,0.0010564092849509876,EOL_FLOW_EOL_DE_ELMA_INC,0.0,,1.0,2.0,1.0,1.0,2.0,0.5,sensitivity_206,sensitivity_125,circular_routes.eol_productivity_elasticity,1.0,2.0,0.09375,1.09375,parameter_bisection,parameter_only,12,false
sensitivity_206,policy,virgin_metal_tax_tax_0_02,virgin_metal_tax,0.02,LOCALLY_INFEASIBLE,INFEASIBLE_POINT,true,7.220706913,0.0009766122024263968,0,0.0,0,material_composite_production_REU,eqpzs,IND_REU_NEW_ELMA,0.0009766122024263968,EOL_FLOW_EOL_DE_ELMA_INC,0.0,,1.0,2.0,1.0,1.0,2.0,0.5,sensitivity_206,sensitivity_125,circular_routes.eol_productivity_elasticity,1.0,2.0,0.078125,1.078125,parameter_bisection,parameter_only,13,true
sensitivity_206,policy,virgin_metal_tax_tax_0_02,virgin_metal_tax,0.02,LOCALLY_INFEASIBLE,INFEASIBLE_POINT,true,10.035323169,0.000867361442604575,0,0.0,0,material_composite_production_REU,eqpzs,IND_REU_NEW_ELMA,0.000867361442604575,EOL_FLOW_EOL_DE_ELMA_INC,0.0,,1.0,2.0,1.0,1.0,2.0,0.5,sensitivity_206,sensitivity_125,circular_routes.eol_productivity_elasticity,1.0,2.0,0.109375,1.109375,parameter_bisection,parameter_only,14,true
sensitivity_206,policy,virgin_metal_tax_tax_0_02,virgin_metal_tax,0.02,LOCALLY_INFEASIBLE,INFEASIBLE_POINT,false,8.702620243,0.0010562687676053395,1,0.0,0,material_composite_production_REU,eqpzs,IND_REU_NEW_ELMA,0.0010562687676053395,EOL_FLOW_EOL_DE_ELMA_INC,0.0,,1.0,2.0,1.0,1.0,2.0,0.5,sensitivity_206,sensitivity_125,circular_routes.eol_productivity_elasticity,1.0,2.0,0.171875,1.171875,parameter_bisection,parameter_only,15,false
sensitivity_206,policy,virgin_metal_tax_tax_0_02,virgin_metal_tax,0.02,LOCALLY_INFEASIBLE,INFEASIBLE_POINT,false,17.786511744,0.0010777338886791554,1,0.0,0,material_composite_production_REU,eqpzs,IND_REU_NEW_ELMA,0.0010777338886791554,EOL_FLOW_EOL_DE_ELMA_INC,0.0,,1.0,2.0,1.0,1.0,2.0,0.5,sensitivity_206,sensitivity_125,circular_routes.eol_productivity_elasticity,1.0,2.0,0.140625,1.140625,parameter_bisection,parameter_only,16,false
sensitivity_206,policy,virgin_metal_tax_tax_0_02,virgin_metal_tax,0.02,LOCALLY_INFEASIBLE,INFEASIBLE_POINT,false,10.56919464,0.0010652660293291039,1,0.0,0,material_composite_production_REU,eqpzs,IND_REU_NEW_ELMA,0.0010652660293291039,EOL_FLOW_EOL_DE_ELMA_INC,0.0,,1.0,2.0,1.0,1.0,2.0,0.5,sensitivity_206,sensitivity_125,circular_routes.eol_productivity_elasticity,1.0,2.0,0.125,1.125,parameter_bisection,parameter_only,17,false
sensitivity_206,policy,virgin_metal_tax_tax_0_02,virgin_metal_tax,0.02,LOCALLY_INFEASIBLE,INFEASIBLE_POINT,false,4.504086954,0.0010485601960178448,1,0.0,0,material_composite_production_REU,eqpzs,IND_REU_NEW_ELMA,0.0010485601960178448,EOL_FLOW_EOL_DE_ELMA_INC,0.0,,1.0,2.0,1.0,1.0,2.0,0.5,sensitivity_206,sensitivity_125,circular_routes.eol_productivity_elasticity,1.0,2.0,0.1171875,1.1171875,parameter_bisection,parameter_only,18,false
sensitivity_206,policy,virgin_metal_tax_tax_0_02,virgin_metal_tax,0.02,LOCALLY_INFEASIBLE,INFEASIBLE_POINT,false,8.063318129,0.0010403868631410074,1,0.0,0,material_composite_production_REU,eqpzs,IND_REU_NEW_ELMA,0.0010403868631410074,EOL_FLOW_EOL_DE_ELMA_INC,0.0,,1.0,2.0,1.0,1.0,2.0,0.5,sensitivity_206,sensitivity_125,circular_routes.eol_productivity_elasticity,1.0,2.0,0.11328125,1.11328125,parameter_bisection,parameter_only,19,false
sensitivity_206,policy,virgin_metal_tax_tax_0_02,virgin_metal_tax,0.02,LOCALLY_INFEASIBLE,INFEASIBLE_POINT,false,7.871230382,0.0010454515847803103,1,0.0,0,material_composite_production_REU,eqpzs,IND_REU_NEW_ELMA,0.0010454515847803103,EOL_FLOW_EOL_DE_ELMA_INC,0.0,,1.0,2.0,1.0,1.0,2.0,0.5,sensitivity_206,sensitivity_125,circular_routes.eol_productivity_elasticity,1.0,2.0,0.111328125,1.111328125,parameter_bisection,parameter_only,20,false
sensitivity_206,policy,virgin_metal_tax_tax_0_02,virgin_metal_tax,0.02,LOCALLY_INFEASIBLE,INFEASIBLE_POINT,false,9.825102019,0.0010617700905475314,1,0.0,0,material_composite_production_REU,eqpzs,IND_REU_NEW_ELMA,0.0010617700905475314,EOL_FLOW_EOL_DE_ELMA_INC,0.0,,1.0,2.0,1.0,1.0,2.0,0.5,sensitivity_206,sensitivity_125,circular_routes.eol_productivity_elasticity,1.0,2.0,0.1103515625,1.1103515625,parameter_bisection,parameter_only,21,false
sensitivity_207,policy,virgin_metal_tax_tax_0_02,virgin_metal_tax,0.02,LOCALLY_INFEASIBLE,INFEASIBLE_POINT,false,5.479009805,0.0010289201360401679,1,0.0,0,material_composite_production_REU,eqpzs,IND_REU_NEW_ELMA,0.0010289201360401679,EOL_FLOW_EOL_DE_ELMA_INC,0.0,,2.0,2.0,1.0,1.0,2.0,0.5,sensitivity_207,sensitivity_045,circular_routes.eol_productivity_elasticity,0.5,2.0,1.0,2.0,direct_target,parameter_only,1,false
sensitivity_207,policy,virgin_metal_tax_tax_0_02,virgin_metal_tax,0.02,LOCALLY_INFEASIBLE,INFEASIBLE_POINT,false,7.312917605,0.0010556650527141498,1,0.0,0,material_composite_production_REU,eqpzs,IND_REU_NEW_ELMA,0.0010556650527141498,EOL_FLOW_EOL_DE_ELMA_INC,0.0,,2.0,2.0,1.0,1.0,2.0,0.5,sensitivity_207,sensitivity_045,circular_routes.eol_productivity_elasticity,0.5,2.0,0.5,1.25,parameter_bisection,parameter_only,2,false
sensitivity_207,policy,virgin_metal_tax_tax_0_02,virgin_metal_tax,0.02,LOCALLY_INFEASIBLE,INFEASIBLE_POINT,false,7.465461333,0.0010110111101915287,1,0.0,0,material_composite_production_REU,eqpzs,IND_REU_NEW_ELMA,0.0010110111101915287,EOL_FLOW_EOL_DE_ELMA_INC,0.0,,2.0,2.0,1.0,1.0,2.0,0.5,sensitivity_207,sensitivity_045,circular_routes.eol_productivity_elasticity,0.5,2.0,0.25,0.875,parameter_bisection,parameter_only,3,false
sensitivity_207,policy,virgin_metal_tax_tax_0_02,virgin_metal_tax,0.02,LOCALLY_INFEASIBLE,INFEASIBLE_POINT,true,4.576162554,0.000957022541293151,0,0.0,0,material_composite_production_REU,eqpzs,IND_REU_NEW_ELMA,0.000957022541293151,EOL_FLOW_EOL_DE_ELMA_INC,0.0,,2.0,2.0,1.0,1.0,2.0,0.5,sensitivity_207,sensitivity_045,circular_routes.eol_productivity_elasticity,0.5,2.0,0.125,0.6875,parameter_bisection,parameter_only,4,true
sensitivity_207,policy,virgin_metal_tax_tax_0_02,virgin_metal_tax,0.02,LOCALLY_INFEASIBLE,INFEASIBLE_POINT,false,6.721318741,0.0010176706202362773,1,0.0,0,material_composite_production_REU,eqpzs,IND_REU_NEW_ELMA,0.0010176706202362773,EOL_FLOW_EOL_DE_ELMA_INC,0.0,,2.0,2.0,1.0,1.0,2.0,0.5,sensitivity_207,sensitivity_045,circular_routes.eol_productivity_elasticity,0.5,2.0,0.375,1.0625,parameter_bisection,parameter_only,5,false
sensitivity_207,policy,virgin_metal_tax_tax_0_02,virgin_metal_tax,0.02,LOCALLY_INFEASIBLE,INFEASIBLE_POINT,false,6.557089086,0.001011755920210522,1,0.0,0,material_composite_production_REU,eqpzs,IND_REU_NEW_ELMA,0.001011755920210522,EOL_FLOW_EOL_DE_ELMA_INC,0.0,,2.0,2.0,1.0,1.0,2.0,0.5,sensitivity_207,sensitivity_045,circular_routes.eol_productivity_elasticity,0.5,2.0,0.25,0.875,parameter_bisection,parameter_only,6,false
sensitivity_207,policy,virgin_metal_tax_tax_0_02,virgin_metal_tax,0.02,LOCALLY_INFEASIBLE,INFEASIBLE_POINT,true,3.169371351,0.0009570310080121436,0,0.0,0,material_composite_production_REU,eqpzs,IND_REU_NEW_ELMA,0.0009570310080121436,EOL_FLOW_EOL_DE_ELMA_INC,0.0,,2.0,2.0,1.0,1.0,2.0,0.5,sensitivity_207,sensitivity_045,circular_routes.eol_productivity_elasticity,0.5,2.0,0.1875,0.78125,parameter_bisection,parameter_only,7,true
sensitivity_207,policy,virgin_metal_tax_tax_0_02,virgin_metal_tax,0.02,LOCALLY_INFEASIBLE,INFEASIBLE_POINT,false,7.324885002,0.0010684274881742617,1,0.0,0,material_composite_production_REU,eqpzs,IND_REU_NEW_ELMA,0.0010684274881742617,EOL_FLOW_EOL_DE_ELMA_INC,0.0,,2.0,2.0,1.0,1.0,2.0,0.5,sensitivity_207,sensitivity_045,circular_routes.eol_productivity_elasticity,0.5,2.0,0.3125,0.96875,parameter_bisection,parameter_only,8,false
sensitivity_207,policy,virgin_metal_tax_tax_0_02,virgin_metal_tax,0.02,LOCALLY_INFEASIBLE,INFEASIBLE_POINT,true,4.777359629,0.0009645220111947905,0,0.0,0,material_composite_production_REU,eqpzs,IND_REU_NEW_ELMA,0.0009645220111947905,EOL_FLOW_EOL_DE_ELMA_INC,0.0,,2.0,2.0,1.0,1.0,2.0,0.5,sensitivity_207,sensitivity_045,circular_routes.eol_productivity_elasticity,0.5,2.0,0.25,0.875,parameter_bisection,parameter_only,9,true
sensitivity_207,policy,virgin_metal_tax_tax_0_02,virgin_metal_tax,0.02,LOCALLY_INFEASIBLE,INFEASIBLE_POINT,true,4.634404555,0.000964791303428858,0,0.0,0,material_composite_production_REU,eqpzs,IND_REU_NEW_ELMA,0.000964791303428858,EOL_FLOW_EOL_DE_ELMA_INC,0.0,,2.0,2.0,1.0,1.0,2.0,0.5,sensitivity_207,sensitivity_045,circular_routes.eol_productivity_elasticity,0.5,2.0,0.375,1.0625,parameter_bisection,parameter_only,10,true
sensitivity_207,policy,virgin_metal_tax_tax_0_02,virgin_metal_tax,0.02,LOCALLY_INFEASIBLE,INFEASIBLE_POINT,false,8.473635416,0.0010280485944894613,1,0.0,0,material_composite_production_REU,eqpzs,IND_REU_NEW_ELMA,0.0010280485944894613,EOL_FLOW_EOL_DE_ELMA_INC,0.0,,2.0,2.0,1.0,1.0,2.0,0.5,sensitivity_207,sensitivity_045,circular_routes.eol_productivity_elasticity,0.5,2.0,0.625,1.4375,parameter_bisection,parameter_only,11,false
sensitivity_207,policy,virgin_metal_tax_tax_0_02,virgin_metal_tax,0.02,LOCALLY_INFEASIBLE,INFEASIBLE_POINT,false,9.145660826,0.0010681173044461145,1,0.0,0,material_composite_production_REU,eqpzs,IND_REU_NEW_ELMA,0.0010681173044461145,EOL_FLOW_EOL_DE_ELMA_INC,0.0,,2.0,2.0,1.0,1.0,2.0,0.5,sensitivity_207,sensitivity_045,circular_routes.eol_productivity_elasticity,0.5,2.0,0.5,1.25,parameter_bisection,parameter_only,12,false
sensitivity_207,policy,virgin_metal_tax_tax_0_02,virgin_metal_tax,0.02,LOCALLY_INFEASIBLE,INFEASIBLE_POINT,true,4.011738951,0.0009650767845794661,0,0.0,0,material_composite_production_REU,eqpzs,IND_REU_NEW_ELMA,0.0009650767845794661,EOL_FLOW_EOL_DE_ELMA_INC,0.0,,2.0,2.0,1.0,1.0,2.0,0.5,sensitivity_207,sensitivity_045,circular_routes.eol_productivity_elasticity,0.5,2.0,0.4375,1.15625,parameter_bisection,parameter_only,13,true
sensitivity_207,policy,virgin_metal_tax_tax_0_02,virgin_metal_tax,0.02,LOCALLY_INFEASIBLE,INFEASIBLE_POINT,false,6.816455868,0.0010649819114261216,1,0.0,0,material_composite_production_REU,eqpzs,IND_REU_NEW_ELMA,0.0010649819114261216,EOL_FLOW_EOL_DE_ELMA_INC,0.0,,2.0,2.0,1.0,1.0,2.0,0.5,sensitivity_207,sensitivity_045,circular_routes.eol_productivity_elasticity,0.5,2.0,0.5625,1.34375,parameter_bisection,parameter_only,14,false
sensitivity_207,policy,virgin_metal_tax_tax_0_02,virgin_metal_tax,0.02,LOCALLY_INFEASIBLE,INFEASIBLE_POINT,false,3.412233158,0.001002517534727243,1,0.0,0,material_composite_production_REU,eqpzs,IND_REU_NEW_ELMA,0.001002517534727243,EOL_FLOW_EOL_DE_ELMA_INC,0.0,,2.0,2.0,1.0,1.0,2.0,0.5,sensitivity_207,sensitivity_045,circular_routes.eol_productivity_elasticity,0.5,2.0,0.5,1.25,parameter_bisection,parameter_only,15,false
sensitivity_207,policy,virgin_metal_tax_tax_0_02,virgin_metal_tax,0.02,LOCALLY_INFEASIBLE,INFEASIBLE_POINT,true,3.061462593,0.0009717825079439413,0,0.0,0,material_composite_production_REU,eqpzs,IND_REU_NEW_ELMA,0.0009717825079439413,EOL_FLOW_EOL_DE_ELMA_INC,0.0,,2.0,2.0,1.0,1.0,2.0,0.5,sensitivity_207,sensitivity_045,circular_routes.eol_productivity_elasticity,0.5,2.0,0.46875,1.203125,parameter_bisection,parameter_only,16,true
sensitivity_207,policy,virgin_metal_tax_tax_0_02,virgin_metal_tax,0.02,LOCALLY_INFEASIBLE,INFEASIBLE_POINT,false,7.422650189,0.001069046274912444,1,0.0,0,material_composite_production_REU,eqpzs,IND_REU_NEW_ELMA,0.001069046274912444,EOL_FLOW_EOL_DE_ELMA_INC,0.0,,2.0,2.0,1.0,1.0,2.0,0.5,sensitivity_207,sensitivity_045,circular_routes.eol_productivity_elasticity,0.5,2.0,0.53125,1.296875,parameter_bisection,parameter_only,17,false
sensitivity_207,policy,virgin_metal_tax_tax_0_02,virgin_metal_tax,0.02,LOCALLY_INFEASIBLE,INFEASIBLE_POINT,false,5.373008491,0.0010375351498168595,1,0.0,0,material_composite_production_REU,eqpzs,IND_REU_NEW_ELMA,0.0010375351498168595,EOL_FLOW_EOL_DE_ELMA_INC,0.0,,2.0,2.0,1.0,1.0,2.0,0.5,sensitivity_207,sensitivity_045,circular_routes.eol_productivity_elasticity,0.5,2.0,0.5,1.25,parameter_bisection,parameter_only,18,false
sensitivity_207,policy,virgin_metal_tax_tax_0_02,virgin_metal_tax,0.02,LOCALLY_INFEASIBLE,INFEASIBLE_POINT,true,3.389886597,0.0009718006630763387,0,0.0,0,material_composite_production_REU,eqpzs,IND_REU_NEW_ELMA,0.0009718006630763387,EOL_FLOW_EOL_DE_ELMA_INC,0.0,,2.0,2.0,1.0,1.0,2.0,0.5,sensitivity_207,sensitivity_045,circular_routes.eol_productivity_elasticity,0.5,2.0,0.484375,1.2265625,parameter_bisection,parameter_only,19,true
sensitivity_207,policy,virgin_metal_tax_tax_0_02,virgin_metal_tax,0.02,LOCALLY_INFEASIBLE,INFEASIBLE_POINT,false,7.67245295,0.0010732527178821671,1,0.0,0,material_composite_production_REU,eqpzs,IND_REU_NEW_ELMA,0.0010732527178821671,EOL_FLOW_EOL_DE_ELMA_INC,0.0,,2.0,2.0,1.0,1.0,2.0,0.5,sensitivity_207,sensitivity_045,circular_routes.eol_productivity_elasticity,0.5,2.0,0.515625,1.2734375,parameter_bisection,parameter_only,20,false
sensitivity_207,policy,virgin_metal_tax_tax_0_02,virgin_metal_tax,0.02,LOCALLY_INFEASIBLE,INFEASIBLE_POINT,false,5.668669585,0.0010511805517907646,1,0.0,0,material_composite_production_REU,eqpzs,IND_REU_NEW_ELMA,0.0010511805517907646,EOL_FLOW_EOL_DE_ELMA_INC,0.0,,2.0,2.0,1.0,1.0,2.0,0.5,sensitivity_207,sensitivity_045,circular_routes.eol_productivity_elasticity,0.5,2.0,0.5,1.25,parameter_bisection,parameter_only,21,false
sensitivity_207,policy,virgin_metal_tax_tax_0_02,virgin_metal_tax,0.02,LOCALLY_INFEASIBLE,INFEASIBLE_POINT,true,3.439674964,0.0009718357086866414,0,0.0,0,material_composite_production_REU,eqpzs,IND_REU_NEW_ELMA,0.0009718357086866414,EOL_FLOW_EOL_DE_ELMA_INC,0.0,,2.0,2.0,1.0,1.0,2.0,0.5,sensitivity_207,sensitivity_045,circular_routes.eol_productivity_elasticity,0.5,2.0,0.4921875,1.23828125,parameter_bisection,parameter_only,22,true
sensitivity_207,policy,virgin_metal_tax_tax_0_02,virgin_metal_tax,0.02,LOCALLY_INFEASIBLE,INFEASIBLE_POINT,false,6.40489034,0.0010708095313516353,1,0.0,0,material_composite_production_REU,eqpzs,IND_REU_NEW_ELMA,0.0010708095313516353,EOL_FLOW_EOL_DE_ELMA_INC,0.0,,2.0,2.0,1.0,1.0,2.0,0.5,sensitivity_207,sensitivity_045,circular_routes.eol_productivity_elasticity,0.5,2.0,0.5078125,1.26171875,parameter_bisection,parameter_only,23,false
sensitivity_207,policy,virgin_metal_tax_tax_0_02,virgin_metal_tax,0.02,LOCALLY_INFEASIBLE,INFEASIBLE_POINT,true,4.117402642,0.0009718223270452908,0,0.0,0,material_composite_production_REU,eqpzs,IND_REU_NEW_ELMA,0.0009718223270452908,EOL_FLOW_EOL_DE_ELMA_INC,0.0,,2.0,2.0,1.0,1.0,2.0,0.5,sensitivity_207,sensitivity_045,circular_routes.eol_productivity_elasticity,0.5,2.0,0.5,1.25,parameter_bisection,parameter_only,24,true
sensitivity_207,policy,virgin_metal_tax_tax_0_02,virgin_metal_tax,0.02,LOCALLY_INFEASIBLE,INFEASIBLE_POINT,true,4.042149139,0.000971785410621484,0,0.0,0,material_composite_production_REU,eqpzs,IND_REU_NEW_ELMA,0.000971785410621484,EOL_FLOW_EOL_DE_ELMA_INC,0.0,,2.0,2.0,1.0,1.0,2.0,0.5,sensitivity_207,sensitivity_045,circular_routes.eol_productivity_elasticity,0.5,2.0,0.515625,1.2734375,parameter_bisection,parameter_only,25,true
sensitivity_207,policy,virgin_metal_tax_tax_0_02,virgin_metal_tax,0.02,LOCALLY_INFEASIBLE,INFEASIBLE_POINT,false,8.884322807,0.0010740648457709945,1,0.0,0,material_composite_production_REU,eqpzs,IND_REU_NEW_ELMA,0.0010740648457709945,EOL_FLOW_EOL_DE_ELMA_INC,0.0,,2.0,2.0,1.0,1.0,2.0,0.5,sensitivity_207,sensitivity_045,circular_routes.eol_productivity_elasticity,0.5,2.0,0.546875,1.3203125,parameter_bisection,parameter_only,26,false
sensitivity_207,policy,virgin_metal_tax_tax_0_02,virgin_metal_tax,0.02,LOCALLY_INFEASIBLE,INFEASIBLE_POINT,true,3.701445418,0.0009750282749025896,0,0.0,0,material_composite_production_REU,eqpzs,IND_REU_NEW_ELMA,0.0009750282749025896,EOL_FLOW_EOL_DE_ELMA_INC,0.0,,2.0,2.0,1.0,1.0,2.0,0.5,sensitivity_207,sensitivity_045,circular_routes.eol_productivity_elasticity,0.5,2.0,0.53125,1.296875,parameter_bisection,parameter_only,27,true
sensitivity_207,policy,virgin_metal_tax_tax_0_02,virgin_metal_tax,0.02,LOCALLY_INFEASIBLE,INFEASIBLE_POINT,false,5.943473091,0.0010692153908744562,1,0.0,0,material_composite_production_REU,eqpzs,IND_REU_NEW_ELMA,0.0010692153908744562,EOL_FLOW_EOL_DE_ELMA_INC,0.0,,2.0,2.0,1.0,1.0,2.0,0.5,sensitivity_207,sensitivity_045,circular_routes.eol_productivity_elasticity,0.5,2.0,0.5625,1.34375,parameter_bisection,parameter_only,28,false
sensitivity_207,policy,virgin_metal_tax_tax_0_02,virgin_metal_tax,0.02,LOCALLY_INFEASIBLE,INFEASIBLE_POINT,true,3.70192109,0.0009750295829535904,0,0.0,0,material_composite_production_REU,eqpzs,IND_REU_NEW_ELMA,0.0009750295829535904,EOL_FLOW_EOL_DE_ELMA_INC,0.0,,2.0,2.0,1.0,1.0,2.0,0.5,sensitivity_207,sensitivity_045,circular_routes.eol_productivity_elasticity,0.5,2.0,0.546875,1.3203125,parameter_bisection,parameter_only,29,true
sensitivity_207,policy,virgin_metal_tax_tax_0_02,virgin_metal_tax,0.02,LOCALLY_INFEASIBLE,INFEASIBLE_POINT,false,6.164950666,0.0010367245342385312,1,0.0,0,material_composite_production_REU,eqpzs,IND_REU_NEW_ELMA,0.0010367245342385312,EOL_FLOW_EOL_DE_ELMA_INC,0.0,,2.0,2.0,1.0,1.0,2.0,0.5,sensitivity_207,sensitivity_045,circular_routes.eol_productivity_elasticity,0.5,2.0,0.578125,1.3671875,parameter_bisection,parameter_only,30,false
sensitivity_207,policy,virgin_metal_tax_tax_0_02,virgin_metal_tax,0.02,LOCALLY_INFEASIBLE,INFEASIBLE_POINT,false,14.327165966,0.001075198055766502,1,0.0,0,material_composite_production_REU,eqpzs,IND_REU_NEW_ELMA,0.001075198055766502,EOL_FLOW_EOL_DE_ELMA_INC,0.0,,2.0,2.0,1.0,1.0,2.0,0.5,sensitivity_207,sensitivity_045,circular_routes.eol_productivity_elasticity,0.5,2.0,0.5625,1.34375,parameter_bisection,parameter_only,31,false
sensitivity_207,policy,virgin_metal_tax_tax_0_02,virgin_metal_tax,0.02,LOCALLY_INFEASIBLE,INFEASIBLE_POINT,true,4.003810135,0.0009750591967814248,0,0.0,0,material_composite_production_REU,eqpzs,IND_REU_NEW_ELMA,0.0009750591967814248,EOL_FLOW_EOL_DE_ELMA_INC,0.0,,2.0,2.0,1.0,1.0,2.0,0.5,sensitivity_207,sensitivity_045,circular_routes.eol_productivity_elasticity,0.5,2.0,0.5546875,1.33203125,parameter_bisection,parameter_only,32,true
sensitivity_207,policy,virgin_metal_tax_tax_0_02,virgin_metal_tax,0.02,LOCALLY_INFEASIBLE,INFEASIBLE_POINT,true,4.195514889,0.0009852108698596984,0,0.0,0,material_composite_production_REU,eqpzs,IND_REU_NEW_ELMA,0.0009852108698596984,EOL_FLOW_EOL_DE_ELMA_INC,0.0,,2.0,2.0,1.0,1.0,2.0,0.5,sensitivity_207,sensitivity_045,circular_routes.eol_productivity_elasticity,0.5,2.0,0.5703125,1.35546875,parameter_bisection,parameter_only,33,true
sensitivity_207,policy,virgin_metal_tax_tax_0_02,virgin_metal_tax,0.02,LOCALLY_INFEASIBLE,INFEASIBLE_POINT,true,5.522717546,0.000993378581078841,0,0.0,0,material_composite_production_REU,eqpzs,IND_REU_NEW_ELMA,0.000993378581078841,EOL_FLOW_EOL_DE_ELMA_INC,0.0,,2.0,2.0,1.0,1.0,2.0,0.5,sensitivity_207,sensitivity_045,circular_routes.eol_productivity_elasticity,0.5,2.0,0.6015625,1.40234375,parameter_bisection,parameter_only,34,true
sensitivity_207,policy,virgin_metal_tax_tax_0_02,virgin_metal_tax,0.02,LOCALLY_INFEASIBLE,INFEASIBLE_POINT,false,6.073212097,0.001039259769953893,1,0.0,0,material_composite_production_REU,eqpzs,IND_REU_NEW_ELMA,0.001039259769953893,EOL_FLOW_EOL_DE_ELMA_INC,0.0,,2.0,2.0,1.0,1.0,2.0,0.5,sensitivity_207,sensitivity_045,circular_routes.eol_productivity_elasticity,0.5,2.0,0.6640625,1.49609375,parameter_bisection,parameter_only,35,false
sensitivity_207,policy,virgin_metal_tax_tax_0_02,virgin_metal_tax,0.02,LOCALLY_INFEASIBLE,INFEASIBLE_POINT,true,5.419803035,0.0009947790675617352,0,0.0,0,material_composite_production_REU,eqpzs,IND_REU_NEW_ELMA,0.0009947790675617352,EOL_FLOW_EOL_DE_ELMA_INC,0.0,,2.0,2.0,1.0,1.0,2.0,0.5,sensitivity_207,sensitivity_045,circular_routes.eol_productivity_elasticity,0.5,2.0,0.6328125,1.44921875,parameter_bisection,parameter_only,36,true
sensitivity_207,policy,virgin_metal_tax_tax_0_02,virgin_metal_tax,0.02,LOCALLY_INFEASIBLE,INFEASIBLE_POINT,false,12.252527442,0.001079217985379688,1,0.0,0,material_composite_production_REU,eqpzs,IND_REU_NEW_ELMA,0.001079217985379688,EOL_FLOW_EOL_DE_ELMA_INC,0.0,,2.0,2.0,1.0,1.0,2.0,0.5,sensitivity_207,sensitivity_045,circular_routes.eol_productivity_elasticity,0.5,2.0,0.6953125,1.54296875,parameter_bisection,parameter_only,37,false
sensitivity_207,policy,virgin_metal_tax_tax_0_02,virgin_metal_tax,0.02,LOCALLY_INFEASIBLE,INFEASIBLE_POINT,false,9.267910021,0.0010765348148347176,1,0.0,0,material_composite_production_REU,eqpzs,IND_REU_NEW_ELMA,0.0010765348148347176,EOL_FLOW_EOL_DE_ELMA_INC,0.0,,2.0,2.0,1.0,1.0,2.0,0.5,sensitivity_207,sensitivity_045,circular_routes.eol_productivity_elasticity,0.5,2.0,0.6640625,1.49609375,parameter_bisection,parameter_only,38,false
sensitivity_207,policy,virgin_metal_tax_tax_0_02,virgin_metal_tax,0.02,LOCALLY_INFEASIBLE,INFEASIBLE_POINT,false,8.98503003,0.0010740171696905776,1,0.0,0,material_composite_production_REU,eqpzs,IND_REU_NEW_ELMA,0.0010740171696905776,EOL_FLOW_EOL_DE_ELMA_INC,0.0,,2.0,2.0,1.0,1.0,2.0,0.5,sensitivity_207,sensitivity_045,circular_routes.eol_productivity_elasticity,0.5,2.0,0.6484375,1.47265625,parameter_bisection,parameter_only,39,false
sensitivity_207,policy,virgin_metal_tax_tax_0_02,virgin_metal_tax,0.02,LOCALLY_INFEASIBLE,INFEASIBLE_POINT,true,3.815888167,0.0009947827077831928,0,0.0,0,material_composite_production_REU,eqpzs,IND_REU_NEW_ELMA,0.0009947827077831928,EOL_FLOW_EOL_DE_ELMA_INC,0.0,,2.0,2.0,1.0,1.0,2.0,0.5,sensitivity_207,sensitivity_045,circular_routes.eol_productivity_elasticity,0.5,2.0,0.640625,1.4609375,parameter_bisection,parameter_only,40,true
sensitivity_207,policy,virgin_metal_tax_tax_0_02,virgin_metal_tax,0.02,LOCALLY_INFEASIBLE,INFEASIBLE_POINT,false,8.682427242,0.0010755535483090162,1,0.0,0,material_composite_production_REU,eqpzs,IND_REU_NEW_ELMA,0.0010755535483090162,EOL_FLOW_EOL_DE_ELMA_INC,0.0,,2.0,2.0,1.0,1.0,2.0,0.5,sensitivity_207,sensitivity_045,circular_routes.eol_productivity_elasticity,0.5,2.0,0.65625,1.484375,parameter_bisection,parameter_only,41,false
sensitivity_207,policy,virgin_metal_tax_tax_0_02,virgin_metal_tax,0.02,LOCALLY_INFEASIBLE,INFEASIBLE_POINT,true,6.607144185,0.0009958815093472628,0,0.0,0,material_composite_production_REU,eqpzs,IND_REU_NEW_ELMA,0.0009958815093472628,EOL_FLOW_EOL_DE_ELMA_INC,0.0,,2.0,2.0,1.0,1.0,2.0,0.5,sensitivity_207,sensitivity_045,circular_routes.eol_productivity_elasticity,0.5,2.0,0.6484375,1.47265625,parameter_bisection,parameter_only,42,true
sensitivity_207,policy,virgin_metal_tax_tax_0_02,virgin_metal_tax,0.02,LOCALLY_INFEASIBLE,INFEASIBLE_POINT,false,9.41065431,0.0010338864249834767,1,0.0,0,material_composite_production_REU,eqpzs,IND_REU_NEW_ELMA,0.0010338864249834767,EOL_FLOW_EOL_DE_ELMA_INC,0.0,,2.0,2.0,1.0,1.0,2.0,0.5,sensitivity_207,sensitivity_045,circular_routes.eol_productivity_elasticity,0.5,2.0,0.6640625,1.49609375,parameter_bisection,parameter_only,43,false
sensitivity_207,policy,virgin_metal_tax_tax_0_02,virgin_metal_tax,0.02,LOCALLY_INFEASIBLE,INFEASIBLE_POINT,false,11.085466806,0.0010683540669946812,1,0.0,0,material_composite_production_REU,eqpzs,IND_REU_NEW_ELMA,0.0010683540669946812,EOL_FLOW_EOL_DE_ELMA_INC,0.0,,2.0,2.0,1.0,1.0,2.0,0.5,sensitivity_207,sensitivity_045,circular_routes.eol_productivity_elasticity,0.5,2.0,0.65625,1.484375,parameter_bisection,parameter_only,44,false
sensitivity_207,policy,virgin_metal_tax_tax_0_02,virgin_metal_tax,0.02,LOCALLY_INFEASIBLE,INFEASIBLE_POINT,false,10.106196184,0.0010348758829953342,1,0.0,0,material_composite_production_REU,eqpzs,IND_REU_NEW_ELMA,0.0010348758829953342,EOL_FLOW_EOL_DE_ELMA_INC,0.0,,2.0,2.0,1.0,1.0,2.0,0.5,sensitivity_207,sensitivity_045,circular_routes.eol_productivity_elasticity,0.5,2.0,0.65234375,1.478515625,parameter_bisection,parameter_only,45,false
sensitivity_207,policy,virgin_metal_tax_tax_0_02,virgin_metal_tax,0.02,LOCALLY_INFEASIBLE,INFEASIBLE_POINT,false,13.432368278,0.0010733231124259168,1,0.0,0,material_composite_production_REU,eqpzs,IND_REU_NEW_ELMA,0.0010733231124259168,EOL_FLOW_EOL_DE_ELMA_INC,0.0,,2.0,2.0,1.0,1.0,2.0,0.5,sensitivity_207,sensitivity_045,circular_routes.eol_productivity_elasticity,0.5,2.0,0.650390625,1.4755859375,parameter_bisection,parameter_only,46,false
sensitivity_207,policy,virgin_metal_tax_tax_0_02,virgin_metal_tax,0.02,LOCALLY_INFEASIBLE,INFEASIBLE_POINT,true,9.630149649,0.000993748854771881,0,0.0,0,material_composite_production_REU,eqpzs,IND_REU_NEW_ELMA,0.000993748854771881,EOL_FLOW_EOL_DE_ELMA_INC,0.0,,2.0,2.0,1.0,1.0,2.0,0.5,sensitivity_207,sensitivity_045,circular_routes.eol_productivity_elasticity,0.5,2.0,0.6494140625,1.47412109375,parameter_bisection,parameter_only,47,true
sensitivity_207,policy,virgin_metal_tax_tax_0_02,virgin_metal_tax,0.02,LOCALLY_INFEASIBLE,INFEASIBLE_POINT,false,5.796004427,0.001066767685377057,1,0.0,0,material_composite_production_REU,eqpzs,IND_REU_NEW_ELMA,0.001066767685377057,EOL_FLOW_EOL_DE_ELMA_INC,0.0,,2.0,2.0,1.0,1.0,2.0,0.5,sensitivity_207,sensitivity_045,circular_routes.eol_productivity_elasticity,0.5,2.0,0.6513671875,1.47705078125,parameter_bisection,parameter_only,48,false
sensitivity_207,policy,virgin_metal_tax_tax_0_02,virgin_metal_tax,0.02,LOCALLY_INFEASIBLE,INFEASIBLE_POINT,false,5.828885317,0.0010709857783116616,1,0.0,0,material_composite_production_REU,eqpzs,IND_REU_NEW_ELMA,0.0010709857783116616,EOL_FLOW_EOL_DE_ELMA_INC,0.0,,2.0,2.0,1.0,1.0,2.0,0.5,sensitivity_207,sensitivity_045,circular_routes.eol_productivity_elasticity,0.5,2.0,0.650390625,1.4755859375,parameter_bisection,parameter_only,49,false
sensitivity_223,policy,virgin_metal_tax_tax_0_02,virgin_metal_tax,0.02,LOCALLY_INFEASIBLE,INFEASIBLE_POINT,false,12.331616904,0.001078652314788875,1,0.0,0,material_composite_production_REU,eqpzs,IND_REU_NEW_ELMA,0.001078652314788875,EOL_FLOW_EOL_DE_ELMA_INC,0.0,,0.5,2.0,0.5,2.0,2.0,0.5,sensitivity_223,sensitivity_466,circular_metal.material_substitution_elasticity,1.0,0.5,1.0,0.5,direct_target,parameter_only,1,false
sensitivity_223,policy,virgin_metal_tax_tax_0_02,virgin_metal_tax,0.02,LOCALLY_INFEASIBLE,INFEASIBLE_POINT,false,9.932859564,0.0010564436288478252,1,0.0,0,material_composite_production_REU,eqpzs,IND_REU_NEW_ELMA,0.0010564436288478252,EOL_FLOW_EOL_DE_ELMA_INC,0.0,,0.5,2.0,0.5,2.0,2.0,0.5,sensitivity_223,sensitivity_466,circular_metal.material_substitution_elasticity,1.0,0.5,0.5,0.75,parameter_bisection,parameter_only,2,false
sensitivity_223,policy,virgin_metal_tax_tax_0_02,virgin_metal_tax,0.02,LOCALLY_INFEASIBLE,INFEASIBLE_POINT,true,6.058929239,0.0008474817933903367,0,0.0,0,material_composite_production_SK,eqpzs,IND_SK_NEW_ELMA,0.0008474817933903367,EOL_FLOW_EOL_DE_ELMA_INC,0.0,,0.5,2.0,0.5,2.0,2.0,0.5,sensitivity_223,sensitivity_466,circular_metal.material_substitution_elasticity,1.0,0.5,0.25,0.875,parameter_bisection,parameter_only,3,true
sensitivity_223,policy,virgin_metal_tax_tax_0_02,virgin_metal_tax,0.02,LOCALLY_INFEASIBLE,INFEASIBLE_POINT,false,8.442138576,0.0010497190543020674,1,0.0,0,material_composite_production_REU,eqpzs,IND_REU_NEW_ELMA,0.0010497190543020674,EOL_FLOW_EOL_DE_ELMA_INC,0.0,,0.5,2.0,0.5,2.0,2.0,0.5,sensitivity_223,sensitivity_466,circular_metal.material_substitution_elasticity,1.0,0.5,0.75,0.625,parameter_bisection,parameter_only,4,false
sensitivity_223,policy,virgin_metal_tax_tax_0_02,virgin_metal_tax,0.02,LOCALLY_INFEASIBLE,INFEASIBLE_POINT,true,5.17480258,0.0009311241420614236,0,0.0,0,material_composite_production_REU,eqpzs,IND_REU_NEW_ELMA,0.0009311241420614236,EOL_FLOW_EOL_DE_ELMA_INC,0.0,,0.5,2.0,0.5,2.0,2.0,0.5,sensitivity_223,sensitivity_466,circular_metal.material_substitution_elasticity,1.0,0.5,0.5,0.75,parameter_bisection,parameter_only,5,true
sensitivity_223,policy,virgin_metal_tax_tax_0_02,virgin_metal_tax,0.02,LOCALLY_INFEASIBLE,INFEASIBLE_POINT,false,12.956858471,0.001058617581090715,1,0.0,0,material_composite_production_REU,eqpzs,IND_REU_NEW_ELMA,0.001058617581090715,EOL_FLOW_EOL_DE_ELMA_INC,0.0,,0.5,2.0,0.5,2.0,2.0,0.5,sensitivity_223,sensitivity_466,circular_metal.material_substitution_elasticity,1.0,0.5,1.0,0.5,parameter_bisection,parameter_only,6,false
sensitivity_223,policy,virgin_metal_tax_tax_0_02,virgin_metal_tax,0.02,LOCALLY_INFEASIBLE,INFEASIBLE_POINT,true,5.661254839,0.0009685540112037705,0,0.0,0,material_composite_production_REU,eqpzs,IND_REU_NEW_ELMA,0.0009685540112037705,EOL_FLOW_EOL_DE_ELMA_INC,0.0,,0.5,2.0,0.5,2.0,2.0,0.5,sensitivity_223,sensitivity_466,circular_metal.material_substitution_elasticity,1.0,0.5,0.75,0.625,parameter_bisection,parameter_only,7,true
sensitivity_223,policy,virgin_metal_tax_tax_0_02,virgin_metal_tax,0.02,LOCALLY_INFEASIBLE,INFEASIBLE_POINT,false,22.000061746,0.0010585209488527259,1,0.0,0,material_composite_production_REU,eqpzs,IND_REU_NEW_ELMA,0.0010585209488527259,EOL_FLOW_EOL_DE_ELMA_INC,0.0,,0.5,2.0,0.5,2.0,2.0,0.5,sensitivity_223,sensitivity_466,circular_metal.material_substitution_elasticity,1.0,0.5,1.0,0.5,parameter_bisection,parameter_only,8,false
sensitivity_223,policy,virgin_metal_tax_tax_0_02,virgin_metal_tax,0.02,LOCALLY_INFEASIBLE,INFEASIBLE_POINT,true,4.878494506,0.0009675165608035163,0,0.0,0,material_composite_production_REU,eqpzs,IND_REU_NEW_ELMA,0.0009675165608035163,EOL_FLOW_EOL_DE_ELMA_INC,0.0,,0.5,2.0,0.5,2.0,2.0,0.5,sensitivity_223,sensitivity_466,circular_metal.material_substitution_elasticity,1.0,0.5,0.875,0.5625,parameter_bisection,parameter_only,9,true
sensitivity_223,policy,virgin_metal_tax_tax_0_02,virgin_metal_tax,0.02,LOCALLY_INFEASIBLE,INFEASIBLE_POINT,false,19.684826174,0.001066554966184352,1,0.0,0,material_composite_production_REU,eqpzs,IND_REU_NEW_ELMA,0.001066554966184352,EOL_FLOW_EOL_DE_ELMA_INC,0.0,,0.5,2.0,0.5,2.0,2.0,0.5,sensitivity_223,sensitivity_466,circular_metal.material_substitution_elasticity,1.0,0.5,1.0,0.5,parameter_bisection,parameter_only,10,false
sensitivity_223,policy,virgin_metal_tax_tax_0_02,virgin_metal_tax,0.02,LOCALLY_INFEASIBLE,INFEASIBLE_POINT,false,16.180295348,0.0010567659764741943,1,0.0,0,material_composite_production_REU,eqpzs,IND_REU_NEW_ELMA,0.0010567659764741943,EOL_FLOW_EOL_DE_ELMA_INC,0.0,,0.5,2.0,0.5,2.0,2.0,0.5,sensitivity_223,sensitivity_466,circular_metal.material_substitution_elasticity,1.0,0.5,0.9375,0.53125,parameter_bisection,parameter_only,11,false
sensitivity_223,policy,virgin_metal_tax_tax_0_02,virgin_metal_tax,0.02,LOCALLY_INFEASIBLE,INFEASIBLE_POINT,true,7.259378332,0.0009791144346770198,0,0.0,0,material_composite_production_REU,eqpzs,IND_REU_NEW_ELMA,0.0009791144346770198,EOL_FLOW_EOL_DE_ELMA_INC,0.0,,0.5,2.0,0.5,2.0,2.0,0.5,sensitivity_223,sensitivity_466,circular_metal.material_substitution_elasticity,1.0,0.5,0.90625,0.546875,parameter_bisection,parameter_only,12,true
sensitivity_223,policy,virgin_metal_tax_tax_0_02,virgin_metal_tax,0.02,LOCALLY_INFEASIBLE,INFEASIBLE_POINT,false,39.482443332,0.0010803977124215214,1,0.0,0,material_composite_production_REU,eqpzs,IND_REU_NEW_ELMA,0.0010803977124215214,EOL_FLOW_EOL_DE_ELMA_INC,0.0,,0.5,2.0,0.5,2.0,2.0,0.5,sensitivity_223,sensitivity_466,circular_metal.material_substitution_elasticity,1.0,0.5,0.96875,0.515625,parameter_bisection,parameter_only,13,false
sensitivity_223,policy,virgin_metal_tax_tax_0_02,virgin_metal_tax,0.02,LOCALLY_INFEASIBLE,INFEASIBLE_POINT,true,9.236649673,0.0008932615680565803,0,0.0,0,material_composite_production_REU,eqpzs,IND_REU_NEW_ELMA,0.0008932615680565803,EOL_FLOW_EOL_DE_ELMA_INC,0.0,,0.5,2.0,0.5,2.0,2.0,0.5,sensitivity_223,sensitivity_466,circular_metal.material_substitution_elasticity,1.0,0.5,0.9375,0.53125,parameter_bisection,parameter_only,14,true
sensitivity_223,policy,virgin_metal_tax_tax_0_02,virgin_metal_tax,0.02,LOCALLY_INFEASIBLE,INFEASIBLE_POINT,true,6.41549291,0.0009289680017131596,0,0.0,0,material_composite_production_REU,eqpzs,IND_REU_NEW_ELMA,0.0009289680017131596,EOL_FLOW_EOL_DE_ELMA_INC,0.0,,0.5,2.0,0.5,2.0,2.0,0.5,sensitivity_223,sensitivity_466,circular_metal.material_substitution_elasticity,1.0,0.5,1.0,0.5,parameter_bisection,parameter_only,15,true
sensitivity_385,policy,virgin_metal_tax_tax_0_02,virgin_metal_tax,0.02,LOCALLY_INFEASIBLE,INFEASIBLE_POINT,true,4.199167986,0.0009249226078481554,0,0.0,0,material_composite_production_REU,eqpzs,IND_REU_NEW_ELMA,0.0009249226078481554,EOL_FLOW_EOL_DE_ELMA_INC,0.0,,0.5,2.0,0.5,2.0,1.0,1.0,sensitivity_385,sensitivity_466,circular_routes.eol_productivity_elasticity,2.0,1.0,1.0,1.0,direct_target,parameter_only,1,true
sensitivity_386,policy,virgin_metal_tax_tax_0_02,virgin_metal_tax,0.02,LOCALLY_INFEASIBLE,INFEASIBLE_POINT,false,34.8859187,0.0010697758160487236,1,0.0,0,material_composite_production_REU,eqpzs,IND_REU_NEW_ELMA,0.0010697758160487236,EOL_FLOW_EOL_DE_ELMA_INC,0.0,,1.0,2.0,0.5,2.0,1.0,1.0,sensitivity_386,sensitivity_332,circular_routes.eol_allocation_elasticity,0.5,2.0,1.0,2.0,direct_target,parameter_only,1,false
sensitivity_386,policy,virgin_metal_tax_tax_0_02,virgin_metal_tax,0.02,LOCALLY_INFEASIBLE,INFEASIBLE_POINT,true,9.806919399,0.0009013229204580808,0,0.0,0,material_composite_production_SK,eqpzs,IND_SK_NEW_ELMA,0.0009013229204580808,EOL_FLOW_EOL_DE_ELMA_INC,0.0,,1.0,2.0,0.5,2.0,1.0,1.0,sensitivity_386,sensitivity_332,circular_routes.eol_allocation_elasticity,0.5,2.0,0.5,1.25,parameter_bisection,parameter_only,2,true
sensitivity_386,policy,virgin_metal_tax_tax_0_02,virgin_metal_tax,0.02,LOCALLY_INFEASIBLE,INFEASIBLE_POINT,false,38.2569627,0.0010737338957319542,1,0.0,0,material_composite_production_REU,eqpzs,IND_REU_NEW_ELMA,0.0010737338957319542,EOL_FLOW_EOL_DE_ELMA_INC,0.0,,1.0,2.0,0.5,2.0,1.0,1.0,sensitivity_386,sensitivity_332,circular_routes.eol_allocation_elasticity,0.5,2.0,1.0,2.0,parameter_bisection,parameter_only,3,false
sensitivity_386,policy,virgin_metal_tax_tax_0_02,virgin_metal_tax,0.02,LOCALLY_INFEASIBLE,INFEASIBLE_POINT,false,12.33568938,0.0010390391591202919,1,0.0,0,material_composite_production_REU,eqpzs,IND_REU_NEW_ELMA,0.0010390391591202919,EOL_FLOW_EOL_DE_ELMA_INC,0.0,,1.0,2.0,0.5,2.0,1.0,1.0,sensitivity_386,sensitivity_332,circular_routes.eol_allocation_elasticity,0.5,2.0,0.75,1.625,parameter_bisection,parameter_only,4,false
sensitivity_386,policy,virgin_metal_tax_tax_0_02,virgin_metal_tax,0.02,LOCALLY_INFEASIBLE,INFEASIBLE_POINT,false,7.942015299,0.0010346049858390716,1,0.0,0,material_composite_production_REU,eqpzs,IND_REU_NEW_ELMA,0.0010346049858390716,EOL_FLOW_EOL_DE_ELMA_INC,0.0,,1.0,2.0,0.5,2.0,1.0,1.0,sensitivity_386,sensitivity_332,circular_routes.eol_allocation_elasticity,0.5,2.0,0.625,1.4375,parameter_bisection,parameter_only,5,false
sensitivity_386,policy,virgin_metal_tax_tax_0_02,virgin_metal_tax,0.02,LOCALLY_INFEASIBLE,INFEASIBLE_POINT,false,9.233363529,0.0019454685222013435,1,0.0,0,observed_physical_flow_links,quantity_link,physical_SK_OFMA_REP_route_input_mass,0.0019454685222013435,EOL_FLOW_EOL_DE_ELMA_INC,0.0,,1.0,2.0,0.5,2.0,1.0,1.0,sensitivity_386,sensitivity_332,circular_routes.eol_allocation_elasticity,0.5,2.0,0.5625,1.34375,parameter_bisection,parameter_only,6,false
sensitivity_386,policy,virgin_metal_tax_tax_0_02,virgin_metal_tax,0.02,LOCALLY_INFEASIBLE,INFEASIBLE_POINT,false,9.712190215,0.0010280087781402436,1,0.0,0,material_composite_production_REU,eqpzs,IND_REU_NEW_ELMA,0.0010280087781402436,EOL_FLOW_EOL_DE_ELMA_INC,0.0,,1.0,2.0,0.5,2.0,1.0,1.0,sensitivity_386,sensitivity_332,circular_routes.eol_allocation_elasticity,0.5,2.0,0.53125,1.296875,parameter_bisection,parameter_only,7,false
sensitivity_386,policy,virgin_metal_tax_tax_0_02,virgin_metal_tax,0.02,LOCALLY_INFEASIBLE,INFEASIBLE_POINT,true,6.743523736,0.0009304781081941327,0,0.0,0,material_composite_production_REU,eqpzs,IND_REU_NEW_ELMA,0.0009304781081941327,EOL_FLOW_EOL_DE_ELMA_INC,0.0,,1.0,2.0,0.5,2.0,1.0,1.0,sensitivity_386,sensitivity_332,circular_routes.eol_allocation_elasticity,0.5,2.0,0.515625,1.2734375,parameter_bisection,parameter_only,8,true
sensitivity_386,policy,virgin_metal_tax_tax_0_02,virgin_metal_tax,0.02,LOCALLY_INFEASIBLE,INFEASIBLE_POINT,true,3.960006435,0.0009695450901995306,0,0.0,0,material_composite_production_REU,eqpzs,IND_REU_NEW_ELMA,0.0009695450901995306,EOL_FLOW_EOL_DE_ELMA_INC,0.0,,1.0,2.0,0.5,2.0,1.0,1.0,sensitivity_386,sensitivity_332,circular_routes.eol_allocation_elasticity,0.5,2.0,0.546875,1.3203125,parameter_bisection,parameter_only,9,true
sensitivity_386,policy,virgin_metal_tax_tax_0_02,virgin_metal_tax,0.02,LOCALLY_INFEASIBLE,INFEASIBLE_POINT,false,27.10303665,0.013238817108779388,1,0.0,0,observed_physical_flow_links,quantity_link,physical_SK_OFMA_REP_route_input_mass,0.013238817108779388,EOL_FLOW_EOL_DE_ELMA_INC,0.0,,1.0,2.0,0.5,2.0,1.0,1.0,sensitivity_386,sensitivity_332,circular_routes.eol_allocation_elasticity,0.5,2.0,0.609375,1.4140625,parameter_bisection,parameter_only,10,false
sensitivity_386,policy,virgin_metal_tax_tax_0_02,virgin_metal_tax,0.02,LOCALLY_INFEASIBLE,INFEASIBLE_POINT,true,6.888380127,0.0008540035548693092,0,0.0,0,material_composite_production_SK,eqpzs,IND_SK_NEW_ELMA,0.0008540035548693092,EOL_FLOW_EOL_DE_ELMA_INC,0.0,,1.0,2.0,0.5,2.0,1.0,1.0,sensitivity_386,sensitivity_332,circular_routes.eol_allocation_elasticity,0.5,2.0,0.578125,1.3671875,parameter_bisection,parameter_only,11,true
sensitivity_386,policy,virgin_metal_tax_tax_0_02,virgin_metal_tax,0.02,LOCALLY_INFEASIBLE,INFEASIBLE_POINT,false,32.364236782,0.0010789765813427055,1,0.0,0,material_composite_production_REU,eqpzs,IND_REU_NEW_ELMA,0.0010789765813427055,EOL_FLOW_EOL_DE_ELMA_INC,0.0,,1.0,2.0,0.5,2.0,1.0,1.0,sensitivity_386,sensitivity_332,circular_routes.eol_allocation_elasticity,0.5,2.0,0.640625,1.4609375,parameter_bisection,parameter_only,12,false
sensitivity_386,policy,virgin_metal_tax_tax_0_02,virgin_metal_tax,0.02,LOCALLY_INFEASIBLE,INFEASIBLE_POINT,false,11.178100724,0.014014403642241713,1,0.0,0,observed_physical_flow_links,quantity_link,physical_SK_OFMA_REP_route_input_mass,0.014014403642241713,EOL_FLOW_EOL_DE_ELMA_INC,0.0,,1.0,2.0,0.5,2.0,1.0,1.0,sensitivity_386,sensitivity_332,circular_routes.eol_allocation_elasticity,0.5,2.0,0.609375,1.4140625,parameter_bisection,parameter_only,13,false
sensitivity_386,policy,virgin_metal_tax_tax_0_02,virgin_metal_tax,0.02,TIME_LIMIT,NEARLY_FEASIBLE_POINT,false,123.951044758,0.0010807246972771578,1,0.0,0,material_composite_production_REU,eqpzs,IND_REU_NEW_ELMA,0.0010807246972771578,EOL_FLOW_EOL_DE_ELMA_INC,0.0,,1.0,2.0,0.5,2.0,1.0,1.0,sensitivity_386,sensitivity_332,circular_routes.eol_allocation_elasticity,0.5,2.0,0.59375,1.390625,parameter_bisection,parameter_only,14,false
sensitivity_386,policy,virgin_metal_tax_tax_0_02,virgin_metal_tax,0.02,LOCALLY_INFEASIBLE,INFEASIBLE_POINT,true,9.515175097,0.0008846187954769658,0,0.0,0,material_composite_production_SK,eqpzs,IND_SK_NEW_ELMA,0.0008846187954769658,EOL_FLOW_EOL_DE_ELMA_INC,0.0,,1.0,2.0,0.5,2.0,1.0,1.0,sensitivity_386,sensitivity_332,circular_routes.eol_allocation_elasticity,0.5,2.0,0.5859375,1.37890625,parameter_bisection,parameter_only,15,true
sensitivity_386,policy,virgin_metal_tax_tax_0_02,virgin_metal_tax,0.02,LOCALLY_INFEASIBLE,INFEASIBLE_POINT,false,9.325103114,0.001017761483563584,1,0.0,0,material_composite_production_REU,eqpzs,IND_REU_NEW_ELMA,0.001017761483563584,EOL_FLOW_EOL_DE_ELMA_INC,0.0,,1.0,2.0,0.5,2.0,1.0,1.0,sensitivity_386,sensitivity_332,circular_routes.eol_allocation_elasticity,0.5,2.0,0.6015625,1.40234375,parameter_bisection,parameter_only,16,false
sensitivity_386,policy,virgin_metal_tax_tax_0_02,virgin_metal_tax,0.02,LOCALLY_INFEASIBLE,INFEASIBLE_POINT,false,18.263770885,0.0010650662694579038,1,0.0,0,material_composite_production_REU,eqpzs,IND_REU_NEW_ELMA,0.0010650662694579038,EOL_FLOW_EOL_DE_ELMA_INC,0.0,,1.0,2.0,0.5,2.0,1.0,1.0,sensitivity_386,sensitivity_332,circular_routes.eol_allocation_elasticity,0.5,2.0,0.59375,1.390625,parameter_bisection,parameter_only,17,false
sensitivity_386,policy,virgin_metal_tax_tax_0_02,virgin_metal_tax,0.02,LOCALLY_INFEASIBLE,INFEASIBLE_POINT,false,28.861837537,0.001074764294433539,1,0.0,0,material_composite_production_REU,eqpzs,IND_REU_NEW_ELMA,0.001074764294433539,EOL_FLOW_EOL_DE_ELMA_INC,0.0,,1.0,2.0,0.5,2.0,1.0,1.0,sensitivity_386,sensitivity_332,circular_routes.eol_allocation_elasticity,0.5,2.0,0.58984375,1.384765625,parameter_bisection,parameter_only,18,false
sensitivity_386,policy,virgin_metal_tax_tax_0_02,virgin_metal_tax,0.02,LOCALLY_INFEASIBLE,INFEASIBLE_POINT,false,28.556400394,0.001078524425648264,1,0.0,0,material_composite_production_REU,eqpzs,IND_REU_NEW_ELMA,0.001078524425648264,EOL_FLOW_EOL_DE_ELMA_INC,0.0,,1.0,2.0,0.5,2.0,1.0,1.0,sensitivity_386,sensitivity_332,circular_routes.eol_allocation_elasticity,0.5,2.0,0.587890625,1.3818359375,parameter_bisection,parameter_only,19,false
sensitivity_386,policy,virgin_metal_tax_tax_0_02,virgin_metal_tax,0.02,LOCALLY_INFEASIBLE,INFEASIBLE_POINT,false,30.528896938,0.00107826547874168,1,0.0,0,material_composite_production_REU,eqpzs,IND_REU_NEW_ELMA,0.00107826547874168,EOL_FLOW_EOL_DE_ELMA_INC,0.0,,1.0,2.0,0.5,2.0,1.0,1.0,sensitivity_386,sensitivity_332,circular_routes.eol_allocation_elasticity,0.5,2.0,0.5869140625,1.38037109375,parameter_bisection,parameter_only,20,false
sensitivity_387,policy,virgin_metal_tax_tax_0_02,virgin_metal_tax,0.02,LOCALLY_INFEASIBLE,INFEASIBLE_POINT,false,30.845579781,0.29656968016104024,6,0.0,0,observed_physical_flow_links,quantity_link,physical_SK_OFMA_REP_route_input_mass,0.29656968016104024,EOL_FLOW_EOL_DE_ELMA_INC,0.0,,2.0,2.0,0.5,2.0,1.0,1.0,sensitivity_387,sensitivity_381,trade.cet_transformation_elasticity,0.5,2.0,1.0,2.0,direct_target,parameter_only,1,false
sensitivity_387,policy,virgin_metal_tax_tax_0_02,virgin_metal_tax,0.02,LOCALLY_INFEASIBLE,INFEASIBLE_POINT,false,33.833167479,0.008104470195801405,3,0.0,0,observed_physical_flow_links,quantity_link,physical_SK_OFMA_REP_route_input_mass,0.008104470195801405,EOL_FLOW_EOL_DE_ELMA_INC,0.0,,2.0,2.0,0.5,2.0,1.0,1.0,sensitivity_387,sensitivity_381,trade.cet_transformation_elasticity,0.5,2.0,0.5,1.25,parameter_bisection,parameter_only,2,false
sensitivity_387,policy,virgin_metal_tax_tax_0_02,virgin_metal_tax,0.02,LOCALLY_INFEASIBLE,INFEASIBLE_POINT,true,76.977117175,0.0009845446902419397,0,0.0,0,regional_composite_market,regional_composite_market,IND_IT_OTHER_SERVICES|IT,0.0009845446902419397,EOL_FLOW_EOL_DE_ELMA_INC,0.0,,2.0,2.0,0.5,2.0,1.0,1.0,sensitivity_387,sensitivity_381,trade.cet_transformation_elasticity,0.5,2.0,0.25,0.875,parameter_bisection,parameter_only,3,true
sensitivity_387,policy,virgin_metal_tax_tax_0_02,virgin_metal_tax,0.02,LOCALLY_INFEASIBLE,INFEASIBLE_POINT,false,22.65204766,0.0012009495821878602,2,0.0,0,material_composite_production_SK,eqpzs,IND_SK_NEW_ELMA,0.0012009495821878602,EOL_FLOW_EOL_DE_ELMA_INC,0.0,,2.0,2.0,0.5,2.0,1.0,1.0,sensitivity_387,sensitivity_381,trade.cet_transformation_elasticity,0.5,2.0,0.75,1.625,parameter_bisection,parameter_only,4,false
sensitivity_387,policy,virgin_metal_tax_tax_0_02,virgin_metal_tax,0.02,LOCALLY_INFEASIBLE,INFEASIBLE_POINT,false,26.198743369,0.0010812245038016588,2,0.0,0,material_composite_production_DE,eqpzs,IND_DE_NEW_ELMA,0.0010812245038016588,EOL_FLOW_EOL_DE_ELMA_INC,0.0,,2.0,2.0,0.5,2.0,1.0,1.0,sensitivity_387,sensitivity_381,trade.cet_transformation_elasticity,0.5,2.0,0.5,1.25,parameter_bisection,parameter_only,5,false
sensitivity_387,policy,virgin_metal_tax_tax_0_02,virgin_metal_tax,0.02,LOCALLY_INFEASIBLE,INFEASIBLE_POINT,false,20.874324861,0.0010628501886883468,1,0.0,0,material_composite_production_DE,eqpzs,IND_DE_NEW_ELMA,0.0010628501886883468,EOL_FLOW_EOL_DE_ELMA_INC,0.0,,2.0,2.0,0.5,2.0,1.0,1.0,sensitivity_387,sensitivity_381,trade.cet_transformation_elasticity,0.5,2.0,0.375,1.0625,parameter_bisection,parameter_only,6,false
sensitivity_387,policy,virgin_metal_tax_tax_0_02,virgin_metal_tax,0.02,LOCALLY_INFEASIBLE,INFEASIBLE_POINT,true,34.389135915,0.0009784773358481147,0,0.0,0,regional_composite_market,regional_composite_market,IND_IT_OTHER_SERVICES|IT,0.0009784773358481147,EOL_FLOW_EOL_DE_ELMA_INC,0.0,,2.0,2.0,0.5,2.0,1.0,1.0,sensitivity_387,sensitivity_381,trade.cet_transformation_elasticity,0.5,2.0,0.3125,0.96875,parameter_bisection,parameter_only,7,true
sensitivity_387,policy,virgin_metal_tax_tax_0_02,virgin_metal_tax,0.02,LOCALLY_INFEASIBLE,INFEASIBLE_POINT,false,18.630971332,0.006543662491696367,3,0.0,0,regional_composite_market,regional_composite_market,IND_IT_OTHER_SERVICES|IT,0.006543662491696367,EOL_FLOW_EOL_DE_ELMA_INC,0.0,,2.0,2.0,0.5,2.0,1.0,1.0,sensitivity_387,sensitivity_381,trade.cet_transformation_elasticity,0.5,2.0,0.4375,1.15625,parameter_bisection,parameter_only,8,false
sensitivity_387,policy,virgin_metal_tax_tax_0_02,virgin_metal_tax,0.02,LOCALLY_INFEASIBLE,INFEASIBLE_POINT,false,8.662800991,0.001068493687332972,2,0.0,0,material_composite_production_DE,eqpzs,IND_DE_NEW_ELMA,0.001068493687332972,EOL_FLOW_EOL_DE_ELMA_INC,0.0,,2.0,2.0,0.5,2.0,1.0,1.0,sensitivity_387,sensitivity_381,trade.cet_transformation_elasticity,0.5,2.0,0.375,1.0625,parameter_bisection,parameter_only,9,false
sensitivity_387,policy,virgin_metal_tax_tax_0_02,virgin_metal_tax,0.02,LOCALLY_INFEASIBLE,INFEASIBLE_POINT,false,22.3276476,0.001036871211834156,1,0.0,0,material_composite_production_DE,eqpzs,IND_DE_NEW_ELMA,0.001036871211834156,EOL_FLOW_EOL_DE_ELMA_INC,0.0,,2.0,2.0,0.5,2.0,1.0,1.0,sensitivity_387,sensitivity_381,trade.cet_transformation_elasticity,0.5,2.0,0.34375,1.015625,parameter_bisection,parameter_only,10,false
sensitivity_387,policy,virgin_metal_tax_tax_0_02,virgin_metal_tax,0.02,LOCALLY_INFEASIBLE,INFEASIBLE_POINT,false,13.444590399,0.0011067650506778604,1,9.08682479920464e-9,0,material_composite_production_DE,eqpzs,IND_DE_NEW_ELMA,0.0011067650506778604,F_FAC_SK_CAP_IND_SK_REP_OFMA,9.08682479920464e-9,,2.0,2.0,0.5,2.0,1.0,1.0,sensitivity_387,sensitivity_381,trade.cet_transformation_elasticity,0.5,2.0,0.328125,0.9921875,parameter_bisection,parameter_only,11,false
sensitivity_387,policy,virgin_metal_tax_tax_0_02,virgin_metal_tax,0.02,LOCALLY_INFEASIBLE,INFEASIBLE_POINT,true,11.329603237,0.0009763775026134206,0,0.0,0,regional_composite_market,regional_composite_market,IND_IT_OTHER_SERVICES|IT,0.0009763775026134206,EOL_FLOW_EOL_DE_ELMA_INC,0.0,,2.0,2.0,0.5,2.0,1.0,1.0,sensitivity_387,sensitivity_381,trade.cet_transformation_elasticity,0.5,2.0,0.3203125,0.98046875,parameter_bisection,parameter_only,12,true
sensitivity_387,policy,virgin_metal_tax_tax_0_02,virgin_metal_tax,0.02,LOCALLY_INFEASIBLE,INFEASIBLE_POINT,false,14.706775354,0.0011028332408078434,1,0.0,0,material_composite_production_DE,eqpzs,IND_DE_NEW_ELMA,0.0011028332408078434,EOL_FLOW_EOL_DE_ELMA_INC,0.0,,2.0,2.0,0.5,2.0,1.0,1.0,sensitivity_387,sensitivity_381,trade.cet_transformation_elasticity,0.5,2.0,0.3359375,1.00390625,parameter_bisection,parameter_only,13,false
sensitivity_387,policy,virgin_metal_tax_tax_0_02,virgin_metal_tax,0.02,LOCALLY_INFEASIBLE,INFEASIBLE_POINT,true,5.276935531,0.0009764835701298709,0,0.0,0,regional_composite_market,regional_composite_market,IND_IT_OTHER_SERVICES|IT,0.0009764835701298709,EOL_FLOW_EOL_DE_ELMA_INC,0.0,,2.0,2.0,0.5,2.0,1.0,1.0,sensitivity_387,sensitivity_381,trade.cet_transformation_elasticity,0.5,2.0,0.328125,0.9921875,parameter_bisection,parameter_only,14,true
sensitivity_387,policy,virgin_metal_tax_tax_0_02,virgin_metal_tax,0.02,LOCALLY_INFEASIBLE,INFEASIBLE_POINT,false,16.294252794,0.0011082449069427236,1,6.590518647754359e-9,0,material_composite_production_DE,eqpzs,IND_DE_NEW_ELMA,0.0011082449069427236,F_FAC_SK_CAP_IND_SK_REP_OFMA,6.590518647754359e-9,,2.0,2.0,0.5,2.0,1.0,1.0,sensitivity_387,sensitivity_381,trade.cet_transformation_elasticity,0.5,2.0,0.34375,1.015625,parameter_bisection,parameter_only,15,false
sensitivity_387,policy,virgin_metal_tax_tax_0_02,virgin_metal_tax,0.02,LOCALLY_INFEASIBLE,INFEASIBLE_POINT,false,13.442873531,0.0010404362555163083,1,0.0,0,material_composite_production_DE,eqpzs,IND_DE_NEW_ELMA,0.0010404362555163083,EOL_FLOW_EOL_DE_ELMA_INC,0.0,,2.0,2.0,0.5,2.0,1.0,1.0,sensitivity_387,sensitivity_381,trade.cet_transformation_elasticity,0.5,2.0,0.3359375,1.00390625,parameter_bisection,parameter_only,16,false
sensitivity_387,policy,virgin_metal_tax_tax_0_02,virgin_metal_tax,0.02,LOCALLY_INFEASIBLE,INFEASIBLE_POINT,true,7.968547458,0.0009764750834701638,0,0.0,0,regional_composite_market,regional_composite_market,IND_IT_OTHER_SERVICES|IT,0.0009764750834701638,EOL_FLOW_EOL_DE_ELMA_INC,0.0,,2.0,2.0,0.5,2.0,1.0,1.0,sensitivity_387,sensitivity_381,trade.cet_transformation_elasticity,0.5,2.0,0.33203125,0.998046875,parameter_bisection,parameter_only,17,true
sensitivity_387,policy,virgin_metal_tax_tax_0_02,virgin_metal_tax,0.02,LOCALLY_INFEASIBLE,INFEASIBLE_POINT,false,41.801805081,0.0010535310748709392,1,0.0,0,material_composite_production_DE,eqpzs,IND_DE_NEW_ELMA,0.0010535310748709392,EOL_FLOW_EOL_DE_ELMA_INC,0.0,,2.0,2.0,0.5,2.0,1.0,1.0,sensitivity_387,sensitivity_381,trade.cet_transformation_elasticity,0.5,2.0,0.33984375,1.009765625,parameter_bisection,parameter_only,18,false
sensitivity_387,policy,virgin_metal_tax_tax_0_02,virgin_metal_tax,0.02,LOCALLY_INFEASIBLE,INFEASIBLE_POINT,true,11.478987185,0.0009768111924412974,0,0.0,0,regional_composite_market,regional_composite_market,IND_IT_OTHER_SERVICES|IT,0.0009768111924412974,EOL_FLOW_EOL_DE_ELMA_INC,0.0,,2.0,2.0,0.5,2.0,1.0,1.0,sensitivity_387,sensitivity_381,trade.cet_transformation_elasticity,0.5,2.0,0.3359375,1.00390625,parameter_bisection,parameter_only,19,true
sensitivity_387,policy,virgin_metal_tax_tax_0_02,virgin_metal_tax,0.02,LOCALLY_INFEASIBLE,INFEASIBLE_POINT,false,8.299374318,0.001065109554913679,1,0.0,0,material_composite_production_DE,eqpzs,IND_DE_NEW_ELMA,0.001065109554913679,EOL_FLOW_EOL_DE_ELMA_INC,0.0,,2.0,2.0,0.5,2.0,1.0,1.0,sensitivity_387,sensitivity_381,trade.cet_transformation_elasticity,0.5,2.0,0.34375,1.015625,parameter_bisection,parameter_only,20,false
sensitivity_387,policy,virgin_metal_tax_tax_0_02,virgin_metal_tax,0.02,LOCALLY_INFEASIBLE,INFEASIBLE_POINT,false,24.334591756,0.0011060959352935384,1,0.0,0,material_composite_production_DE,eqpzs,IND_DE_NEW_ELMA,0.0011060959352935384,EOL_FLOW_EOL_DE_ELMA_INC,0.0,,2.0,2.0,0.5,2.0,1.0,1.0,sensitivity_387,sensitivity_381,trade.cet_transformation_elasticity,0.5,2.0,0.33984375,1.009765625,parameter_bisection,parameter_only,21,false
sensitivity_387,policy,virgin_metal_tax_tax_0_02,virgin_metal_tax,0.02,LOCALLY_INFEASIBLE,INFEASIBLE_POINT,false,11.33079149,0.0011078919202865967,1,6.170431857027112e-9,0,material_composite_production_DE,eqpzs,IND_DE_NEW_ELMA,0.0011078919202865967,F_FAC_SK_CAP_IND_SK_REP_OFMA,6.170431857027112e-9,,2.0,2.0,0.5,2.0,1.0,1.0,sensitivity_387,sensitivity_381,trade.cet_transformation_elasticity,0.5,2.0,0.337890625,1.0068359375,parameter_bisection,parameter_only,22,false
sensitivity_387,policy,virgin_metal_tax_tax_0_02,virgin_metal_tax,0.02,LOCALLY_INFEASIBLE,INFEASIBLE_POINT,true,4.0987751,0.000976811103041232,0,0.0,0,regional_composite_market,regional_composite_market,IND_IT_OTHER_SERVICES|IT,0.000976811103041232,EOL_FLOW_EOL_DE_ELMA_INC,0.0,,2.0,2.0,0.5,2.0,1.0,1.0,sensitivity_387,sensitivity_381,trade.cet_transformation_elasticity,0.5,2.0,0.3369140625,1.00537109375,parameter_bisection,parameter_only,23,true
sensitivity_387,policy,virgin_metal_tax_tax_0_02,virgin_metal_tax,0.02,LOCALLY_INFEASIBLE,INFEASIBLE_POINT,false,12.008412861,0.0011088164314103643,1,9.593514402479997e-9,0,material_composite_production_DE,eqpzs,IND_DE_NEW_ELMA,0.0011088164314103643,F_FAC_SK_CAP_IND_SK_REP_OFMA,9.593514402479997e-9,,2.0,2.0,0.5,2.0,1.0,1.0,sensitivity_387,sensitivity_381,trade.cet_transformation_elasticity,0.5,2.0,0.3388671875,1.00830078125,parameter_bisection,parameter_only,24,false
sensitivity_387,policy,virgin_metal_tax_tax_0_02,virgin_metal_tax,0.02,LOCALLY_INFEASIBLE,INFEASIBLE_POINT,false,9.811147471,0.0010615802383552309,1,0.0,0,material_composite_production_DE,eqpzs,IND_DE_NEW_ELMA,0.0010615802383552309,EOL_FLOW_EOL_DE_ELMA_INC,0.0,,2.0,2.0,0.5,2.0,1.0,1.0,sensitivity_387,sensitivity_381,trade.cet_transformation_elasticity,0.5,2.0,0.337890625,1.0068359375,parameter_bisection,parameter_only,25,false
sensitivity_395,policy,virgin_metal_tax_tax_0_02,virgin_metal_tax,0.02,LOCALLY_INFEASIBLE,INFEASIBLE_POINT,false,7.499040648,0.0010518776530468177,1,0.0,0,material_composite_production_REU,eqpzs,IND_REU_NEW_ELMA,0.0010518776530468177,EOL_FLOW_EOL_DE_ELMA_INC,0.0,,1.0,2.0,1.0,2.0,1.0,1.0,sensitivity_395,sensitivity_392,trade.cet_transformation_elasticity,1.0,2.0,1.0,2.0,direct_target,parameter_only,1,false
sensitivity_395,policy,virgin_metal_tax_tax_0_02,virgin_metal_tax,0.02,LOCALLY_INFEASIBLE,INFEASIBLE_POINT,true,36.017516569,0.0008991694131180727,0,0.0,0,material_composite_production_REU,eqpzs,IND_REU_NEW_ELMA,0.0008991694131180727,EOL_FLOW_EOL_DE_ELMA_INC,0.0,,1.0,2.0,1.0,2.0,1.0,1.0,sensitivity_395,sensitivity_392,trade.cet_transformation_elasticity,1.0,2.0,0.5,1.5,parameter_bisection,parameter_only,2,true
sensitivity_395,policy,virgin_metal_tax_tax_0_02,virgin_metal_tax,0.02,LOCALLY_INFEASIBLE,INFEASIBLE_POINT,false,10.320306116,0.0010310761202330099,1,0.0,0,material_composite_production_REU,eqpzs,IND_REU_NEW_ELMA,0.0010310761202330099,EOL_FLOW_EOL_DE_ELMA_INC,0.0,,1.0,2.0,1.0,2.0,1.0,1.0,sensitivity_395,sensitivity_392,trade.cet_transformation_elasticity,1.0,2.0,1.0,2.0,parameter_bisection,parameter_only,3,false
sensitivity_395,policy,virgin_metal_tax_tax_0_02,virgin_metal_tax,0.02,LOCALLY_INFEASIBLE,INFEASIBLE_POINT,false,12.615781193,0.0010747633175675064,1,0.0,0,material_composite_production_REU,eqpzs,IND_REU_NEW_ELMA,0.0010747633175675064,EOL_FLOW_EOL_DE_ELMA_INC,0.0,,1.0,2.0,1.0,2.0,1.0,1.0,sensitivity_395,sensitivity_392,trade.cet_transformation_elasticity,1.0,2.0,0.75,1.75,parameter_bisection,parameter_only,4,false
sensitivity_395,policy,virgin_metal_tax_tax_0_02,virgin_metal_tax,0.02,LOCALLY_INFEASIBLE,INFEASIBLE_POINT,true,7.25840669,0.0008563166006151368,0,0.0,0,material_composite_production_REU,eqpzs,IND_REU_NEW_ELMA,0.0008563166006151368,EOL_FLOW_EOL_DE_ELMA_INC,0.0,,1.0,2.0,1.0,2.0,1.0,1.0,sensitivity_395,sensitivity_392,trade.cet_transformation_elasticity,1.0,2.0,0.625,1.625,parameter_bisection,parameter_only,5,true
sensitivity_395,policy,virgin_metal_tax_tax_0_02,virgin_metal_tax,0.02,LOCALLY_INFEASIBLE,INFEASIBLE_POINT,false,31.964732873,0.0010855914636150876,1,0.0,0,material_composite_production_REU,eqpzs,IND_REU_NEW_ELMA,0.0010855914636150876,EOL_FLOW_EOL_DE_ELMA_INC,0.0,,1.0,2.0,1.0,2.0,1.0,1.0,sensitivity_395,sensitivity_392,trade.cet_transformation_elasticity,1.0,2.0,0.875,1.875,parameter_bisection,parameter_only,6,false
sensitivity_395,policy,virgin_metal_tax_tax_0_02,virgin_metal_tax,0.02,LOCALLY_INFEASIBLE,INFEASIBLE_POINT,false,32.900042191,0.0010858176373541584,1,0.0,0,material_composite_production_REU,eqpzs,IND_REU_NEW_ELMA,0.0010858176373541584,EOL_FLOW_EOL_DE_ELMA_INC,0.0,,1.0,2.0,1.0,2.0,1.0,1.0,sensitivity_395,sensitivity_392,trade.cet_transformation_elasticity,1.0,2.0,0.75,1.75,parameter_bisection,parameter_only,7,false
sensitivity_395,policy,virgin_metal_tax_tax_0_02,virgin_metal_tax,0.02,LOCALLY_INFEASIBLE,INFEASIBLE_POINT,false,20.326887709,0.0010859247598020705,1,0.0,0,material_composite_production_REU,eqpzs,IND_REU_NEW_ELMA,0.0010859247598020705,EOL_FLOW_EOL_DE_ELMA_INC,0.0,,1.0,2.0,1.0,2.0,1.0,1.0,sensitivity_395,sensitivity_392,trade.cet_transformation_elasticity,1.0,2.0,0.6875,1.6875,parameter_bisection,parameter_only,8,false
sensitivity_395,policy,virgin_metal_tax_tax_0_02,virgin_metal_tax,0.02,LOCALLY_INFEASIBLE,INFEASIBLE_POINT,false,34.061052917,0.0010841044870328886,1,0.0,0,material_composite_production_REU,eqpzs,IND_REU_NEW_ELMA,0.0010841044870328886,EOL_FLOW_EOL_DE_ELMA_INC,0.0,,1.0,2.0,1.0,2.0,1.0,1.0,sensitivity_395,sensitivity_392,trade.cet_transformation_elasticity,1.0,2.0,0.65625,1.65625,parameter_bisection,parameter_only,9,false
sensitivity_395,policy,virgin_metal_tax_tax_0_02,virgin_metal_tax,0.02,LOCALLY_INFEASIBLE,INFEASIBLE_POINT,false,17.613661446,0.001084464858806422,1,0.0,0,material_composite_production_REU,eqpzs,IND_REU_NEW_ELMA,0.001084464858806422,EOL_FLOW_EOL_DE_ELMA_INC,0.0,,1.0,2.0,1.0,2.0,1.0,1.0,sensitivity_395,sensitivity_392,trade.cet_transformation_elasticity,1.0,2.0,0.640625,1.640625,parameter_bisection,parameter_only,10,false
sensitivity_395,policy,virgin_metal_tax_tax_0_02,virgin_metal_tax,0.02,LOCALLY_INFEASIBLE,INFEASIBLE_POINT,false,26.722907078,0.0010849297490639342,1,0.0,0,material_composite_production_REU,eqpzs,IND_REU_NEW_ELMA,0.0010849297490639342,EOL_FLOW_EOL_DE_ELMA_INC,0.0,,1.0,2.0,1.0,2.0,1.0,1.0,sensitivity_395,sensitivity_392,trade.cet_transformation_elasticity,1.0,2.0,0.6328125,1.6328125,parameter_bisection,parameter_only,11,false
sensitivity_395,policy,virgin_metal_tax_tax_0_02,virgin_metal_tax,0.02,LOCALLY_INFEASIBLE,INFEASIBLE_POINT,false,49.43985239,0.001086490603286916,1,0.0,0,material_composite_production_REU,eqpzs,IND_REU_NEW_ELMA,0.001086490603286916,EOL_FLOW_EOL_DE_ELMA_INC,0.0,,1.0,2.0,1.0,2.0,1.0,1.0,sensitivity_395,sensitivity_392,trade.cet_transformation_elasticity,1.0,2.0,0.62890625,1.62890625,parameter_bisection,parameter_only,12,false
sensitivity_395,policy,virgin_metal_tax_tax_0_02,virgin_metal_tax,0.02,LOCALLY_INFEASIBLE,INFEASIBLE_POINT,false,17.648003465,0.0010843228746891809,1,0.0,0,material_composite_production_REU,eqpzs,IND_REU_NEW_ELMA,0.0010843228746891809,EOL_FLOW_EOL_DE_ELMA_INC,0.0,,1.0,2.0,1.0,2.0,1.0,1.0,sensitivity_395,sensitivity_392,trade.cet_transformation_elasticity,1.0,2.0,0.626953125,1.626953125,parameter_bisection,parameter_only,13,false
sensitivity_395,policy,virgin_metal_tax_tax_0_02,virgin_metal_tax,0.02,LOCALLY_INFEASIBLE,INFEASIBLE_POINT,false,17.673978401,0.0010856075921924502,1,0.0,0,material_composite_production_REU,eqpzs,IND_REU_NEW_ELMA,0.0010856075921924502,EOL_FLOW_EOL_DE_ELMA_INC,0.0,,1.0,2.0,1.0,2.0,1.0,1.0,sensitivity_395,sensitivity_392,trade.cet_transformation_elasticity,1.0,2.0,0.6259765625,1.6259765625,parameter_bisection,parameter_only,14,false
sensitivity_396,policy,virgin_metal_tax_tax_0_02,virgin_metal_tax,0.02,LOCALLY_INFEASIBLE,INFEASIBLE_POINT,false,5.073878474,0.001001663219812099,1,0.0,0,material_composite_production_REU,eqpzs,IND_REU_NEW_ELMA,0.001001663219812099,EOL_FLOW_EOL_DE_ELMA_INC,0.0,,2.0,2.0,1.0,2.0,1.0,1.0,sensitivity_396,sensitivity_315,circular_routes.eol_productivity_elasticity,0.5,1.0,1.0,1.0,direct_target,parameter_only,1,false
sensitivity_396,policy,virgin_metal_tax_tax_0_02,virgin_metal_tax,0.02,LOCALLY_INFEASIBLE,INFEASIBLE_POINT,false,7.481814396,0.0010258247181069713,1,0.0,0,material_composite_production_REU,eqpzs,IND_REU_NEW_ELMA,0.0010258247181069713,EOL_FLOW_EOL_DE_ELMA_INC,0.0,,2.0,2.0,1.0,2.0,1.0,1.0,sensitivity_396,sensitivity_315,circular_routes.eol_productivity_elasticity,0.5,1.0,0.5,0.75,parameter_bisection,parameter_only,2,false
sensitivity_396,policy,virgin_metal_tax_tax_0_02,virgin_metal_tax,0.02,LOCALLY_INFEASIBLE,INFEASIBLE_POINT,false,8.215298447,0.0010305856368297839,1,0.0,0,material_composite_production_REU,eqpzs,IND_REU_NEW_ELMA,0.0010305856368297839,EOL_FLOW_EOL_DE_ELMA_INC,0.0,,2.0,2.0,1.0,2.0,1.0,1.0,sensitivity_396,sensitivity_315,circular_routes.eol_productivity_elasticity,0.5,1.0,0.25,0.625,parameter_bisection,parameter_only,3,false
sensitivity_396,policy,virgin_metal_tax_tax_0_02,virgin_metal_tax,0.02,LOCALLY_INFEASIBLE,INFEASIBLE_POINT,true,3.498038371,0.000981804136409803,0,0.0,0,material_composite_production_REU,eqpzs,IND_REU_NEW_ELMA,0.000981804136409803,EOL_FLOW_EOL_DE_ELMA_INC,0.0,,2.0,2.0,1.0,2.0,1.0,1.0,sensitivity_396,sensitivity_315,circular_routes.eol_productivity_elasticity,0.5,1.0,0.125,0.5625,parameter_bisection,parameter_only,4,true
sensitivity_396,policy,virgin_metal_tax_tax_0_02,virgin_metal_tax,0.02,LOCALLY_INFEASIBLE,INFEASIBLE_POINT,false,7.373806193,0.0010331730596315758,1,0.0,0,material_composite_production_REU,eqpzs,IND_REU_NEW_ELMA,0.0010331730596315758,EOL_FLOW_EOL_DE_ELMA_INC,0.0,,2.0,2.0,1.0,2.0,1.0,1.0,sensitivity_396,sensitivity_315,circular_routes.eol_productivity_elasticity,0.5,1.0,0.375,0.6875,parameter_bisection,parameter_only,5,false
sensitivity_396,policy,virgin_metal_tax_tax_0_02,virgin_metal_tax,0.02,LOCALLY_INFEASIBLE,INFEASIBLE_POINT,false,6.376108069,0.0010260513867381693,1,0.0,0,material_composite_production_REU,eqpzs,IND_REU_NEW_ELMA,0.0010260513867381693,EOL_FLOW_EOL_DE_ELMA_INC,0.0,,2.0,2.0,1.0,2.0,1.0,1.0,sensitivity_396,sensitivity_315,circular_routes.eol_productivity_elasticity,0.5,1.0,0.25,0.625,parameter_bisection,parameter_only,6,false
sensitivity_396,policy,virgin_metal_tax_tax_0_02,virgin_metal_tax,0.02,LOCALLY_INFEASIBLE,INFEASIBLE_POINT,false,7.710605992,0.0010521284225550875,1,0.0,0,material_composite_production_REU,eqpzs,IND_REU_NEW_ELMA,0.0010521284225550875,EOL_FLOW_EOL_DE_ELMA_INC,0.0,,2.0,2.0,1.0,2.0,1.0,1.0,sensitivity_396,sensitivity_315,circular_routes.eol_productivity_elasticity,0.5,1.0,0.1875,0.59375,parameter_bisection,parameter_only,7,false
sensitivity_396,policy,virgin_metal_tax_tax_0_02,virgin_metal_tax,0.02,LOCALLY_INFEASIBLE,INFEASIBLE_POINT,false,7.34777828,0.001047631361927981,1,0.0,0,material_composite_production_REU,eqpzs,IND_REU_NEW_ELMA,0.001047631361927981,EOL_FLOW_EOL_DE_ELMA_INC,0.0,,2.0,2.0,1.0,2.0,1.0,1.0,sensitivity_396,sensitivity_315,circular_routes.eol_productivity_elasticity,0.5,1.0,0.15625,0.578125,parameter_bisection,parameter_only,8,false
sensitivity_396,policy,virgin_metal_tax_tax_0_02,virgin_metal_tax,0.02,LOCALLY_INFEASIBLE,INFEASIBLE_POINT,true,3.426980336,0.0009817992087809424,0,0.0,0,material_composite_production_REU,eqpzs,IND_REU_NEW_ELMA,0.0009817992087809424,EOL_FLOW_EOL_DE_ELMA_INC,0.0,,2.0,2.0,1.0,2.0,1.0,1.0,sensitivity_396,sensitivity_315,circular_routes.eol_productivity_elasticity,0.5,1.0,0.140625,0.5703125,parameter_bisection,parameter_only,9,true
sensitivity_396,policy,virgin_metal_tax_tax_0_02,virgin_metal_tax,0.02,LOCALLY_INFEASIBLE,INFEASIBLE_POINT,true,3.480282383,0.0009817963139975294,0,0.0,0,material_composite_production_REU,eqpzs,IND_REU_NEW_ELMA,0.0009817963139975294,EOL_FLOW_EOL_DE_ELMA_INC,0.0,,2.0,2.0,1.0,2.0,1.0,1.0,sensitivity_396,sensitivity_315,circular_routes.eol_productivity_elasticity,0.5,1.0,0.171875,0.5859375,parameter_bisection,parameter_only,10,true
sensitivity_396,policy,virgin_metal_tax_tax_0_02,virgin_metal_tax,0.02,LOCALLY_INFEASIBLE,INFEASIBLE_POINT,false,6.394458067,0.0010338091979121833,1,0.0,0,material_composite_production_REU,eqpzs,IND_REU_NEW_ELMA,0.0010338091979121833,EOL_FLOW_EOL_DE_ELMA_INC,0.0,,2.0,2.0,1.0,2.0,1.0,1.0,sensitivity_396,sensitivity_315,circular_routes.eol_productivity_elasticity,0.5,1.0,0.234375,0.6171875,parameter_bisection,parameter_only,11,false
sensitivity_396,policy,virgin_metal_tax_tax_0_02,virgin_metal_tax,0.02,LOCALLY_INFEASIBLE,INFEASIBLE_POINT,true,4.044161123,0.0009829191931624015,0,0.0,0,material_composite_production_REU,eqpzs,IND_REU_NEW_ELMA,0.0009829191931624015,EOL_FLOW_EOL_DE_ELMA_INC,0.0,,2.0,2.0,1.0,2.0,1.0,1.0,sensitivity_396,sensitivity_315,circular_routes.eol_productivity_elasticity,0.5,1.0,0.203125,0.6015625,parameter_bisection,parameter_only,12,true
sensitivity_396,policy,virgin_metal_tax_tax_0_02,virgin_metal_tax,0.02,LOCALLY_INFEASIBLE,INFEASIBLE_POINT,true,2.865139406,0.0009829383994233165,0,0.0,0,material_composite_production_REU,eqpzs,IND_REU_NEW_ELMA,0.0009829383994233165,EOL_FLOW_EOL_DE_ELMA_INC,0.0,,2.0,2.0,1.0,2.0,1.0,1.0,sensitivity_396,sensitivity_315,circular_routes.eol_productivity_elasticity,0.5,1.0,0.265625,0.6328125,parameter_bisection,parameter_only,13,true
sensitivity_396,policy,virgin_metal_tax_tax_0_02,virgin_metal_tax,0.02,LOCALLY_INFEASIBLE,INFEASIBLE_POINT,false,4.411590858,0.0010258070339986824,1,0.0,0,material_composite_production_REU,eqpzs,IND_REU_NEW_ELMA,0.0010258070339986824,EOL_FLOW_EOL_DE_ELMA_INC,0.0,,2.0,2.0,1.0,2.0,1.0,1.0,sensitivity_396,sensitivity_315,circular_routes.eol_productivity_elasticity,0.5,1.0,0.390625,0.6953125,parameter_bisection,parameter_only,14,false
sensitivity_396,policy,virgin_metal_tax_tax_0_02,virgin_metal_tax,0.02,LOCALLY_INFEASIBLE,INFEASIBLE_POINT,true,2.819835002,0.0009829674137044053,0,0.0,0,material_composite_production_REU,eqpzs,IND_REU_NEW_ELMA,0.0009829674137044053,EOL_FLOW_EOL_DE_ELMA_INC,0.0,,2.0,2.0,1.0,2.0,1.0,1.0,sensitivity_396,sensitivity_315,circular_routes.eol_productivity_elasticity,0.5,1.0,0.328125,0.6640625,parameter_bisection,parameter_only,15,true
sensitivity_396,policy,virgin_metal_tax_tax_0_02,virgin_metal_tax,0.02,LOCALLY_INFEASIBLE,INFEASIBLE_POINT,false,4.653813034,0.0010278866381733254,1,0.0,0,material_composite_production_REU,eqpzs,IND_REU_NEW_ELMA,0.0010278866381733254,EOL_FLOW_EOL_DE_ELMA_INC,0.0,,2.0,2.0,1.0,2.0,1.0,1.0,sensitivity_396,sensitivity_315,circular_routes.eol_productivity_elasticity,0.5,1.0,0.453125,0.7265625,parameter_bisection,parameter_only,16,false
sensitivity_396,policy,virgin_metal_tax_tax_0_02,virgin_metal_tax,0.02,LOCALLY_INFEASIBLE,INFEASIBLE_POINT,false,3.985715104,0.0010303359191305983,1,0.0,0,material_composite_production_REU,eqpzs,IND_REU_NEW_ELMA,0.0010303359191305983,EOL_FLOW_EOL_DE_ELMA_INC,0.0,,2.0,2.0,1.0,2.0,1.0,1.0,sensitivity_396,sensitivity_315,circular_routes.eol_productivity_elasticity,0.5,1.0,0.390625,0.6953125,parameter_bisection,parameter_only,17,false
sensitivity_396,policy,virgin_metal_tax_tax_0_02,virgin_metal_tax,0.02,LOCALLY_INFEASIBLE,INFEASIBLE_POINT,false,3.958268278,0.0010251280099405902,1,0.0,0,material_composite_production_REU,eqpzs,IND_REU_NEW_ELMA,0.0010251280099405902,EOL_FLOW_EOL_DE_ELMA_INC,0.0,,2.0,2.0,1.0,2.0,1.0,1.0,sensitivity_396,sensitivity_315,circular_routes.eol_productivity_elasticity,0.5,1.0,0.359375,0.6796875,parameter_bisection,parameter_only,18,false
sensitivity_396,policy,virgin_metal_tax_tax_0_02,virgin_metal_tax,0.02,LOCALLY_INFEASIBLE,INFEASIBLE_POINT,false,3.468803941,0.0010196959860305777,1,0.0,0,material_composite_production_REU,eqpzs,IND_REU_NEW_ELMA,0.0010196959860305777,EOL_FLOW_EOL_DE_ELMA_INC,0.0,,2.0,2.0,1.0,2.0,1.0,1.0,sensitivity_396,sensitivity_315,circular_routes.eol_productivity_elasticity,0.5,1.0,0.34375,0.671875,parameter_bisection,parameter_only,19,false
sensitivity_396,policy,virgin_metal_tax_tax_0_02,virgin_metal_tax,0.02,LOCALLY_INFEASIBLE,INFEASIBLE_POINT,true,2.066885682,0.0009829768372986436,0,0.0,0,material_composite_production_REU,eqpzs,IND_REU_NEW_ELMA,0.0009829768372986436,EOL_FLOW_EOL_DE_ELMA_INC,0.0,,2.0,2.0,1.0,2.0,1.0,1.0,sensitivity_396,sensitivity_315,circular_routes.eol_productivity_elasticity,0.5,1.0,0.3359375,0.66796875,parameter_bisection,parameter_only,20,true
sensitivity_396,policy,virgin_metal_tax_tax_0_02,virgin_metal_tax,0.02,LOCALLY_INFEASIBLE,INFEASIBLE_POINT,false,3.642191119,0.001021732642412676,1,0.0,0,material_composite_production_REU,eqpzs,IND_REU_NEW_ELMA,0.001021732642412676,EOL_FLOW_EOL_DE_ELMA_INC,0.0,,2.0,2.0,1.0,2.0,1.0,1.0,sensitivity_396,sensitivity_315,circular_routes.eol_productivity_elasticity,0.5,1.0,0.3515625,0.67578125,parameter_bisection,parameter_only,21,false
sensitivity_396,policy,virgin_metal_tax_tax_0_02,virgin_metal_tax,0.02,LOCALLY_INFEASIBLE,INFEASIBLE_POINT,true,2.593654643,0.0009829818507069987,0,0.0,0,material_composite_production_REU,eqpzs,IND_REU_NEW_ELMA,0.0009829818507069987,EOL_FLOW_EOL_DE_ELMA_INC,0.0,,2.0,2.0,1.0,2.0,1.0,1.0,sensitivity_396,sensitivity_315,circular_routes.eol_productivity_elasticity,0.5,1.0,0.34375,0.671875,parameter_bisection,parameter_only,22,true
sensitivity_396,policy,virgin_metal_tax_tax_0_02,virgin_metal_tax,0.02,LOCALLY_INFEASIBLE,INFEASIBLE_POINT,true,2.09950248,0.0009830565648478728,0,0.0,0,material_composite_production_REU,eqpzs,IND_REU_NEW_ELMA,0.0009830565648478728,EOL_FLOW_EOL_DE_ELMA_INC,0.0,,2.0,2.0,1.0,2.0,1.0,1.0,sensitivity_396,sensitivity_315,circular_routes.eol_productivity_elasticity,0.5,1.0,0.359375,0.6796875,parameter_bisection,parameter_only,23,true
sensitivity_396,policy,virgin_metal_tax_tax_0_02,virgin_metal_tax,0.02,LOCALLY_INFEASIBLE,INFEASIBLE_POINT,false,4.873066459,0.0010272991786696162,1,0.0,0,material_composite_production_REU,eqpzs,IND_REU_NEW_ELMA,0.0010272991786696162,EOL_FLOW_EOL_DE_ELMA_INC,0.0,,2.0,2.0,1.0,2.0,1.0,1.0,sensitivity_396,sensitivity_315,circular_routes.eol_productivity_elasticity,0.5,1.0,0.390625,0.6953125,parameter_bisection,parameter_only,24,false
sensitivity_396,policy,virgin_metal_tax_tax_0_02,virgin_metal_tax,0.02,LOCALLY_INFEASIBLE,INFEASIBLE_POINT,true,3.950297209,0.0009831364265084908,0,0.0,0,material_composite_production_REU,eqpzs,IND_REU_NEW_ELMA,0.0009831364265084908,EOL_FLOW_EOL_DE_ELMA_INC,0.0,,2.0,2.0,1.0,2.0,1.0,1.0,sensitivity_396,sensitivity_315,circular_routes.eol_productivity_elasticity,0.5,1.0,0.375,0.6875,parameter_bisection,parameter_only,25,true
sensitivity_396,policy,virgin_metal_tax_tax_0_02,virgin_metal_tax,0.02,LOCALLY_INFEASIBLE,INFEASIBLE_POINT,false,11.08591705,0.001035851257991105,1,0.0,0,material_composite_production_REU,eqpzs,IND_REU_NEW_ELMA,0.001035851257991105,EOL_FLOW_EOL_DE_ELMA_INC,0.0,,2.0,2.0,1.0,2.0,1.0,1.0,sensitivity_396,sensitivity_315,circular_routes.eol_productivity_elasticity,0.5,1.0,0.40625,0.703125,parameter_bisection,parameter_only,26,false
sensitivity_396,policy,virgin_metal_tax_tax_0_02,virgin_metal_tax,0.02,LOCALLY_INFEASIBLE,INFEASIBLE_POINT,false,6.445543354,0.0010211413538863123,1,0.0,0,material_composite_production_REU,eqpzs,IND_REU_NEW_ELMA,0.0010211413538863123,EOL_FLOW_EOL_DE_ELMA_INC,0.0,,2.0,2.0,1.0,2.0,1.0,1.0,sensitivity_396,sensitivity_315,circular_routes.eol_productivity_elasticity,0.5,1.0,0.390625,0.6953125,parameter_bisection,parameter_only,27,false
sensitivity_396,policy,virgin_metal_tax_tax_0_02,virgin_metal_tax,0.02,LOCALLY_INFEASIBLE,INFEASIBLE_POINT,false,4.983446895,0.0010239738088817507,1,0.0,0,material_composite_production_REU,eqpzs,IND_REU_NEW_ELMA,0.0010239738088817507,EOL_FLOW_EOL_DE_ELMA_INC,0.0,,2.0,2.0,1.0,2.0,1.0,1.0,sensitivity_396,sensitivity_315,circular_routes.eol_productivity_elasticity,0.5,1.0,0.3828125,0.69140625,parameter_bisection,parameter_only,28,false
sensitivity_396,policy,virgin_metal_tax_tax_0_02,virgin_metal_tax,0.02,LOCALLY_INFEASIBLE,INFEASIBLE_POINT,false,6.86516029,0.0010330315614348606,1,0.0,0,material_composite_production_REU,eqpzs,IND_REU_NEW_ELMA,0.0010330315614348606,EOL_FLOW_EOL_DE_ELMA_INC,0.0,,2.0,2.0,1.0,2.0,1.0,1.0,sensitivity_396,sensitivity_315,circular_routes.eol_productivity_elasticity,0.5,1.0,0.37890625,0.689453125,parameter_bisection,parameter_only,29,false
sensitivity_396,policy,virgin_metal_tax_tax_0_02,virgin_metal_tax,0.02,LOCALLY_INFEASIBLE,INFEASIBLE_POINT,false,5.997388683,0.0010389480551112884,1,0.0,0,material_composite_production_REU,eqpzs,IND_REU_NEW_ELMA,0.0010389480551112884,EOL_FLOW_EOL_DE_ELMA_INC,0.0,,2.0,2.0,1.0,2.0,1.0,1.0,sensitivity_396,sensitivity_315,circular_routes.eol_productivity_elasticity,0.5,1.0,0.376953125,0.6884765625,parameter_bisection,parameter_only,30,false
sensitivity_396,policy,virgin_metal_tax_tax_0_02,virgin_metal_tax,0.02,LOCALLY_INFEASIBLE,INFEASIBLE_POINT,false,6.166833725,0.0010235040017732011,1,0.0,0,material_composite_production_REU,eqpzs,IND_REU_NEW_ELMA,0.0010235040017732011,EOL_FLOW_EOL_DE_ELMA_INC,0.0,,2.0,2.0,1.0,2.0,1.0,1.0,sensitivity_396,sensitivity_315,circular_routes.eol_productivity_elasticity,0.5,1.0,0.3759765625,0.68798828125,parameter_bisection,parameter_only,31,false
sensitivity_439,policy,virgin_metal_tax_tax_0_02,virgin_metal_tax,0.02,LOCALLY_INFEASIBLE,INFEASIBLE_POINT,false,8.148399339,0.0010017694204339511,1,0.0,0,material_composite_production_REU,eqpzs,IND_REU_NEW_ELMA,0.0010017694204339511,EOL_FLOW_EOL_DE_ELMA_INC,0.0,,0.5,2.0,0.5,1.0,2.0,1.0,sensitivity_439,sensitivity_277,circular_routes.eol_productivity_elasticity,0.5,2.0,1.0,2.0,direct_target,parameter_only,1,false
sensitivity_439,policy,virgin_metal_tax_tax_0_02,virgin_metal_tax,0.02,LOCALLY_INFEASIBLE,INFEASIBLE_POINT,false,10.783126653,0.001050244311918802,1,0.0,0,material_composite_production_REU,eqpzs,IND_REU_NEW_ELMA,0.001050244311918802,EOL_FLOW_EOL_DE_ELMA_INC,0.0,,0.5,2.0,0.5,1.0,2.0,1.0,sensitivity_439,sensitivity_277,circular_routes.eol_productivity_elasticity,0.5,2.0,0.5,1.25,parameter_bisection,parameter_only,2,false
sensitivity_439,policy,virgin_metal_tax_tax_0_02,virgin_metal_tax,0.02,LOCALLY_INFEASIBLE,INFEASIBLE_POINT,true,7.372356777,0.0009981816577492308,0,0.0,0,material_composite_production_REU,eqpzs,IND_REU_NEW_ELMA,0.0009981816577492308,EOL_FLOW_EOL_DE_ELMA_INC,0.0,,0.5,2.0,0.5,1.0,2.0,1.0,sensitivity_439,sensitivity_277,circular_routes.eol_productivity_elasticity,0.5,2.0,0.25,0.875,parameter_bisection,parameter_only,3,true
sensitivity_439,policy,virgin_metal_tax_tax_0_02,virgin_metal_tax,0.02,LOCALLY_INFEASIBLE,INFEASIBLE_POINT,false,10.878402423,0.0010571116122615187,1,0.0,0,material_composite_production_REU,eqpzs,IND_REU_NEW_ELMA,0.0010571116122615187,EOL_FLOW_EOL_DE_ELMA_INC,0.0,,0.5,2.0,0.5,1.0,2.0,1.0,sensitivity_439,sensitivity_277,circular_routes.eol_productivity_elasticity,0.5,2.0,0.75,1.625,parameter_bisection,parameter_only,4,false
sensitivity_439,policy,virgin_metal_tax_tax_0_02,virgin_metal_tax,0.02,LOCALLY_INFEASIBLE,INFEASIBLE_POINT,false,9.893260401,0.001068090443845593,1,0.0,0,material_composite_production_REU,eqpzs,IND_REU_NEW_ELMA,0.001068090443845593,EOL_FLOW_EOL_DE_ELMA_INC,0.0,,0.5,2.0,0.5,1.0,2.0,1.0,sensitivity_439,sensitivity_277,circular_routes.eol_productivity_elasticity,0.5,2.0,0.5,1.25,parameter_bisection,parameter_only,5,false
sensitivity_439,policy,virgin_metal_tax_tax_0_02,virgin_metal_tax,0.02,LOCALLY_INFEASIBLE,INFEASIBLE_POINT,true,3.746843107,0.0009950096065577396,0,0.0,0,material_composite_production_REU,eqpzs,IND_REU_NEW_ELMA,0.0009950096065577396,EOL_FLOW_EOL_DE_ELMA_INC,0.0,,0.5,2.0,0.5,1.0,2.0,1.0,sensitivity_439,sensitivity_277,circular_routes.eol_productivity_elasticity,0.5,2.0,0.375,1.0625,parameter_bisection,parameter_only,6,true
sensitivity_439,policy,virgin_metal_tax_tax_0_02,virgin_metal_tax,0.02,LOCALLY_INFEASIBLE,INFEASIBLE_POINT,true,4.545010802,0.0009970899794461419,0,0.0,0,material_composite_production_REU,eqpzs,IND_REU_NEW_ELMA,0.0009970899794461419,EOL_FLOW_EOL_DE_ELMA_INC,0.0,,0.5,2.0,0.5,1.0,2.0,1.0,sensitivity_439,sensitivity_277,circular_routes.eol_productivity_elasticity,0.5,2.0,0.625,1.4375,parameter_bisection,parameter_only,7,true
sensitivity_439,policy,virgin_metal_tax_tax_0_02,virgin_metal_tax,0.02,LOCALLY_INFEASIBLE,INFEASIBLE_POINT,false,41.237754359,0.0010570505957582244,1,0.0,0,material_composite_production_REU,eqpzs,IND_REU_NEW_ELMA,0.0010570505957582244,EOL_FLOW_EOL_DE_ELMA_INC,0.0,,0.5,2.0,0.5,1.0,2.0,1.0,sensitivity_439,sensitivity_277,circular_routes.eol_productivity_elasticity,0.5,2.0,1.0,2.0,parameter_bisection,parameter_only,8,false
sensitivity_439,policy,virgin_metal_tax_tax_0_02,virgin_metal_tax,0.02,LOCALLY_INFEASIBLE,INFEASIBLE_POINT,false,9.679492533,0.0010326184263013127,1,0.0,0,material_composite_production_REU,eqpzs,IND_REU_NEW_ELMA,0.0010326184263013127,EOL_FLOW_EOL_DE_ELMA_INC,0.0,,0.5,2.0,0.5,1.0,2.0,1.0,sensitivity_439,sensitivity_277,circular_routes.eol_productivity_elasticity,0.5,2.0,0.8125,1.71875,parameter_bisection,parameter_only,9,false
sensitivity_439,policy,virgin_metal_tax_tax_0_02,virgin_metal_tax,0.02,LOCALLY_INFEASIBLE,INFEASIBLE_POINT,false,4.241121464,0.0010048493131729064,1,0.0,0,material_composite_production_REU,eqpzs,IND_REU_NEW_ELMA,0.0010048493131729064,EOL_FLOW_EOL_DE_ELMA_INC,0.0,,0.5,2.0,0.5,1.0,2.0,1.0,sensitivity_439,sensitivity_277,circular_routes.eol_productivity_elasticity,0.5,2.0,0.71875,1.578125,parameter_bisection,parameter_only,10,false
sensitivity_439,policy,virgin_metal_tax_tax_0_02,virgin_metal_tax,0.02,LOCALLY_INFEASIBLE,INFEASIBLE_POINT,false,23.14674026,0.0010622415273552344,1,0.0,0,material_composite_production_REU,eqpzs,IND_REU_NEW_ELMA,0.0010622415273552344,EOL_FLOW_EOL_DE_ELMA_INC,0.0,,0.5,2.0,0.5,1.0,2.0,1.0,sensitivity_439,sensitivity_277,circular_routes.eol_productivity_elasticity,0.5,2.0,0.671875,1.5078125,parameter_bisection,parameter_only,11,false
sensitivity_439,policy,virgin_metal_tax_tax_0_02,virgin_metal_tax,0.02,LOCALLY_INFEASIBLE,INFEASIBLE_POINT,true,4.708981686,0.000993964847044837,0,0.0,0,material_composite_production_REU,eqpzs,IND_REU_NEW_ELMA,0.000993964847044837,EOL_FLOW_EOL_DE_ELMA_INC,0.0,,0.5,2.0,0.5,1.0,2.0,1.0,sensitivity_439,sensitivity_277,circular_routes.eol_productivity_elasticity,0.5,2.0,0.6484375,1.47265625,parameter_bisection,parameter_only,12,true
sensitivity_439,policy,virgin_metal_tax_tax_0_02,virgin_metal_tax,0.02,LOCALLY_INFEASIBLE,INFEASIBLE_POINT,false,8.364584807,0.0010130862005672814,1,0.0,0,material_composite_production_REU,eqpzs,IND_REU_NEW_ELMA,0.0010130862005672814,EOL_FLOW_EOL_DE_ELMA_INC,0.0,,0.5,2.0,0.5,1.0,2.0,1.0,sensitivity_439,sensitivity_277,circular_routes.eol_productivity_elasticity,0.5,2.0,0.6953125,1.54296875,parameter_bisection,parameter_only,13,false
sensitivity_439,policy,virgin_metal_tax_tax_0_02,virgin_metal_tax,0.02,LOCALLY_INFEASIBLE,INFEASIBLE_POINT,false,28.121346085,0.0010793929001253755,1,0.0,0,material_composite_production_REU,eqpzs,IND_REU_NEW_ELMA,0.0010793929001253755,EOL_FLOW_EOL_DE_ELMA_INC,0.0,,0.5,2.0,0.5,1.0,2.0,1.0,sensitivity_439,sensitivity_277,circular_routes.eol_productivity_elasticity,0.5,2.0,0.671875,1.5078125,parameter_bisection,parameter_only,14,false
sensitivity_439,policy,virgin_metal_tax_tax_0_02,virgin_metal_tax,0.02,LOCALLY_INFEASIBLE,INFEASIBLE_POINT,false,43.952934721,0.0010801202324594028,1,0.0,0,material_composite_production_REU,eqpzs,IND_REU_NEW_ELMA,0.0010801202324594028,EOL_FLOW_EOL_DE_ELMA_INC,0.0,,0.5,2.0,0.5,1.0,2.0,1.0,sensitivity_439,sensitivity_277,circular_routes.eol_productivity_elasticity,0.5,2.0,0.66015625,1.490234375,parameter_bisection,parameter_only,15,false
sensitivity_439,policy,virgin_metal_tax_tax_0_02,virgin_metal_tax,0.02,LOCALLY_INFEASIBLE,INFEASIBLE_POINT,false,17.812753386,0.0010705225543998775,1,0.0,0,material_composite_production_REU,eqpzs,IND_REU_NEW_ELMA,0.0010705225543998775,EOL_FLOW_EOL_DE_ELMA_INC,0.0,,0.5,2.0,0.5,1.0,2.0,1.0,sensitivity_439,sensitivity_277,circular_routes.eol_productivity_elasticity,0.5,2.0,0.654296875,1.4814453125,parameter_bisection,parameter_only,16,false
sensitivity_439,policy,virgin_metal_tax_tax_0_02,virgin_metal_tax,0.02,LOCALLY_INFEASIBLE,INFEASIBLE_POINT,false,27.139981793,0.0010832128662682239,1,0.0,0,material_composite_production_REU,eqpzs,IND_REU_NEW_ELMA,0.0010832128662682239,EOL_FLOW_EOL_DE_ELMA_INC,0.0,,0.5,2.0,0.5,1.0,2.0,1.0,sensitivity_439,sensitivity_277,circular_routes.eol_productivity_elasticity,0.5,2.0,0.6513671875,1.47705078125,parameter_bisection,parameter_only,17,false
sensitivity_439,policy,virgin_metal_tax_tax_0_02,virgin_metal_tax,0.02,LOCALLY_INFEASIBLE,INFEASIBLE_POINT,false,32.401022692,0.0010748484227869337,1,0.0,0,material_composite_production_REU,eqpzs,IND_REU_NEW_ELMA,0.0010748484227869337,EOL_FLOW_EOL_DE_ELMA_INC,0.0,,0.5,2.0,0.5,1.0,2.0,1.0,sensitivity_439,sensitivity_277,circular_routes.eol_productivity_elasticity,0.5,2.0,0.64990234375,1.474853515625,parameter_bisection,parameter_only,18,false
sensitivity_440,policy,virgin_metal_tax_tax_0_02,virgin_metal_tax,0.02,LOCALLY_INFEASIBLE,INFEASIBLE_POINT,true,10.894734528,0.0009027584435199465,0,0.0,0,material_composite_production_SK,eqpzs,IND_SK_NEW_ELMA,0.0009027584435199465,EOL_FLOW_EOL_DE_ELMA_INC,0.0,,1.0,2.0,0.5,1.0,2.0,1.0,sensitivity_440,sensitivity_413,circular_routes.eol_allocation_elasticity,0.5,1.0,1.0,1.0,direct_target,parameter_only,1,true
sensitivity_441,policy,virgin_metal_tax_tax_0_02,virgin_metal_tax,0.02,LOCALLY_INFEASIBLE,INFEASIBLE_POINT,false,31.960310496,0.19510550859749276,3,0.0,0,observed_physical_flow_links,quantity_link,physical_SK_OFMA_REP_route_input_mass,0.19510550859749276,EOL_FLOW_EOL_DE_ELMA_INC,0.0,,2.0,2.0,0.5,1.0,2.0,1.0,sensitivity_441,sensitivity_198,circular_metal.material_substitution_elasticity,0.5,1.0,1.0,1.0,direct_target,parameter_only,1,false
sensitivity_441,policy,virgin_metal_tax_tax_0_02,virgin_metal_tax,0.02,LOCALLY_INFEASIBLE,INFEASIBLE_POINT,false,13.670104276,0.0010068895557059365,1,0.0,0,material_composite_production_REU,eqpzs,IND_REU_NEW_ELMA,0.0010068895557059365,EOL_FLOW_EOL_DE_ELMA_INC,0.0,,2.0,2.0,0.5,1.0,2.0,1.0,sensitivity_441,sensitivity_198,circular_metal.material_substitution_elasticity,0.5,1.0,0.5,0.75,parameter_bisection,parameter_only,2,false
sensitivity_441,policy,virgin_metal_tax_tax_0_02,virgin_metal_tax,0.02,LOCALLY_INFEASIBLE,INFEASIBLE_POINT,false,45.813552447,0.0010815544321711723,1,0.0,0,material_composite_production_REU,eqpzs,IND_REU_NEW_ELMA,0.0010815544321711723,EOL_FLOW_EOL_DE_ELMA_INC,0.0,,2.0,2.0,0.5,1.0,2.0,1.0,sensitivity_441,sensitivity_198,circular_metal.material_substitution_elasticity,0.5,1.0,0.25,0.625,parameter_bisection,parameter_only,3,false
sensitivity_441,policy,virgin_metal_tax_tax_0_02,virgin_metal_tax,0.02,LOCALLY_INFEASIBLE,INFEASIBLE_POINT,true,7.118110187,0.0009187658054328196,0,0.0,0,material_composite_production_SK,eqpzs,IND_SK_NEW_ELMA,0.0009187658054328196,EOL_FLOW_EOL_DE_ELMA_INC,0.0,,2.0,2.0,0.5,1.0,2.0,1.0,sensitivity_441,sensitivity_198,circular_metal.material_substitution_elasticity,0.5,1.0,0.125,0.5625,parameter_bisection,parameter_only,4,true
sensitivity_441,policy,virgin_metal_tax_tax_0_02,virgin_metal_tax,0.02,LOCALLY_INFEASIBLE,INFEASIBLE_POINT,true,13.626526755,0.0009216877525894951,0,0.0,0,material_composite_production_REU,eqpzs,IND_REU_NEW_ELMA,0.0009216877525894951,EOL_FLOW_EOL_DE_ELMA_INC,0.0,,2.0,2.0,0.5,1.0,2.0,1.0,sensitivity_441,sensitivity_198,circular_metal.material_substitution_elasticity,0.5,1.0,0.375,0.6875,parameter_bisection,parameter_only,5,true
sensitivity_441,policy,virgin_metal_tax_tax_0_02,virgin_metal_tax,0.02,LOCALLY_INFEASIBLE,INFEASIBLE_POINT,true,13.551035029,0.0008796928376718638,0,0.0,0,material_composite_production_REU,eqpzs,IND_REU_NEW_ELMA,0.0008796928376718638,EOL_FLOW_EOL_DE_ELMA_INC,0.0,,2.0,2.0,0.5,1.0,2.0,1.0,sensitivity_441,sensitivity_198,circular_metal.material_substitution_elasticity,0.5,1.0,0.875,0.9375,parameter_bisection,parameter_only,6,true
sensitivity_441,policy,virgin_metal_tax_tax_0_02,virgin_metal_tax,0.02,LOCALLY_INFEASIBLE,INFEASIBLE_POINT,false,19.875716837,0.02541462589511223,1,0.0,0,observed_physical_flow_links,quantity_link,physical_SK_OFMA_REP_route_input_mass,0.02541462589511223,EOL_FLOW_EOL_DE_ELMA_INC,0.0,,2.0,2.0,0.5,1.0,2.0,1.0,sensitivity_441,sensitivity_198,circular_metal.material_substitution_elasticity,0.5,1.0,1.0,1.0,parameter_bisection,parameter_only,7,false
sensitivity_441,policy,virgin_metal_tax_tax_0_02,virgin_metal_tax,0.02,LOCALLY_INFEASIBLE,INFEASIBLE_POINT,false,19.460132052,0.0010817286223275824,1,0.0,0,material_composite_production_SK,eqpzs,IND_SK_NEW_ELMA,0.0010817286223275824,EOL_FLOW_EOL_DE_ELMA_INC,0.0,,2.0,2.0,0.5,1.0,2.0,1.0,sensitivity_441,sensitivity_198,circular_metal.material_substitution_elasticity,0.5,1.0,0.9375,0.96875,parameter_bisection,parameter_only,8,false
sensitivity_441,policy,virgin_metal_tax_tax_0_02,virgin_metal_tax,0.02,LOCALLY_INFEASIBLE,INFEASIBLE_POINT,true,28.894214049,0.0009445934480091234,0,0.0,0,material_composite_production_REU,eqpzs,IND_REU_NEW_ELMA,0.0009445934480091234,EOL_FLOW_EOL_DE_ELMA_INC,0.0,,2.0,2.0,0.5,1.0,2.0,1.0,sensitivity_441,sensitivity_198,circular_metal.material_substitution_elasticity,0.5,1.0,0.90625,0.953125,parameter_bisection,parameter_only,9,true
sensitivity_441,policy,virgin_metal_tax_tax_0_02,virgin_metal_tax,0.02,LOCALLY_INFEASIBLE,INFEASIBLE_POINT,true,7.01904214,0.0009451586211411955,0,0.0,0,material_composite_production_REU,eqpzs,IND_REU_NEW_ELMA,0.0009451586211411955,EOL_FLOW_EOL_DE_ELMA_INC,0.0,,2.0,2.0,0.5,1.0,2.0,1.0,sensitivity_441,sensitivity_198,circular_metal.material_substitution_elasticity,0.5,1.0,0.96875,0.984375,parameter_bisection,parameter_only,10,true
sensitivity_441,policy,virgin_metal_tax_tax_0_02,virgin_metal_tax,0.02,LOCALLY_INFEASIBLE,INFEASIBLE_POINT,true,15.922751885,0.0009647207808241021,0,0.0,0,material_composite_production_REU,eqpzs,IND_REU_NEW_ELMA,0.0009647207808241021,EOL_FLOW_EOL_DE_ELMA_INC,0.0,,2.0,2.0,0.5,1.0,2.0,1.0,sensitivity_441,sensitivity_198,circular_metal.material_substitution_elasticity,0.5,1.0,1.0,1.0,parameter_bisection,parameter_only,11,true
sensitivity_448,policy,virgin_metal_tax_tax_0_02,virgin_metal_tax,0.02,LOCALLY_INFEASIBLE,INFEASIBLE_POINT,false,38.003820124,0.0010637419687059557,1,0.0,0,material_composite_production_REU,eqpzs,IND_REU_NEW_ELMA,0.0010637419687059557,EOL_FLOW_EOL_DE_ELMA_INC,0.0,,0.5,2.0,1.0,1.0,2.0,1.0,sensitivity_448,sensitivity_205,circular_metal.material_substitution_elasticity,0.5,1.0,1.0,1.0,direct_target,parameter_only,1,false
sensitivity_448,policy,virgin_metal_tax_tax_0_02,virgin_metal_tax,0.02,LOCALLY_INFEASIBLE,INFEASIBLE_POINT,true,54.398576351,0.000913992259740537,0,0.0,0,material_composite_production_REU,eqpzs,IND_REU_NEW_ELMA,0.000913992259740537,EOL_FLOW_EOL_DE_ELMA_INC,0.0,,0.5,2.0,1.0,1.0,2.0,1.0,sensitivity_448,sensitivity_205,circular_metal.material_substitution_elasticity,0.5,1.0,0.5,0.75,parameter_bisection,parameter_only,2,true
sensitivity_448,policy,virgin_metal_tax_tax_0_02,virgin_metal_tax,0.02,LOCALLY_INFEASIBLE,INFEASIBLE_POINT,false,11.75905931,0.0010095235513769563,1,0.0,0,material_composite_production_REU,eqpzs,IND_REU_NEW_ELMA,0.0010095235513769563,EOL_FLOW_EOL_DE_ELMA_INC,0.0,,0.5,2.0,1.0,1.0,2.0,1.0,sensitivity_448,sensitivity_205,circular_metal.material_substitution_elasticity,0.5,1.0,1.0,1.0,parameter_bisection,parameter_only,3,false
sensitivity_448,policy,virgin_metal_tax_tax_0_02,virgin_metal_tax,0.02,LOCALLY_INFEASIBLE,INFEASIBLE_POINT,true,7.973331825,0.0009921481122135978,0,0.0,0,material_composite_production_REU,eqpzs,IND_REU_NEW_ELMA,0.0009921481122135978,EOL_FLOW_EOL_DE_ELMA_INC,0.0,,0.5,2.0,1.0,1.0,2.0,1.0,sensitivity_448,sensitivity_205,circular_metal.material_substitution_elasticity,0.5,1.0,0.75,0.875,parameter_bisection,parameter_only,4,true
sensitivity_448,policy,virgin_metal_tax_tax_0_02,virgin_metal_tax,0.02,LOCALLY_INFEASIBLE,INFEASIBLE_POINT,false,20.949121386,0.0017538443177016582,2,0.0,0,regional_composite_market,regional_composite_market,IND_IT_OTHER_SERVICES|IT,0.0017538443177016582,EOL_FLOW_EOL_DE_ELMA_INC,0.0,,0.5,2.0,1.0,1.0,2.0,1.0,sensitivity_448,sensitivity_205,circular_metal.material_substitution_elasticity,0.5,1.0,1.0,1.0,parameter_bisection,parameter_only,5,false
sensitivity_448,policy,virgin_metal_tax_tax_0_02,virgin_metal_tax,0.02,LOCALLY_INFEASIBLE,INFEASIBLE_POINT,false,10.397115885,0.0010126100347714884,1,0.0,0,material_composite_production_REU,eqpzs,IND_REU_NEW_ELMA,0.0010126100347714884,EOL_FLOW_EOL_DE_ELMA_INC,0.0,,0.5,2.0,1.0,1.0,2.0,1.0,sensitivity_448,sensitivity_205,circular_metal.material_substitution_elasticity,0.5,1.0,0.875,0.9375,parameter_bisection,parameter_only,6,false
sensitivity_448,policy,virgin_metal_tax_tax_0_02,virgin_metal_tax,0.02,LOCALLY_INFEASIBLE,INFEASIBLE_POINT,false,27.914305446,0.001043113039625676,1,0.0,0,material_composite_production_REU,eqpzs,IND_REU_NEW_ELMA,0.001043113039625676,EOL_FLOW_EOL_DE_ELMA_INC,0.0,,0.5,2.0,1.0,1.0,2.0,1.0,sensitivity_448,sensitivity_205,circular_metal.material_substitution_elasticity,0.5,1.0,0.8125,0.90625,parameter_bisection,parameter_only,7,false
sensitivity_448,policy,virgin_metal_tax_tax_0_02,virgin_metal_tax,0.02,LOCALLY_INFEASIBLE,INFEASIBLE_POINT,false,10.192236544,0.0010096736466510547,1,0.0,0,material_composite_production_REU,eqpzs,IND_REU_NEW_ELMA,0.0010096736466510547,EOL_FLOW_EOL_DE_ELMA_INC,0.0,,0.5,2.0,1.0,1.0,2.0,1.0,sensitivity_448,sensitivity_205,circular_metal.material_substitution_elasticity,0.5,1.0,0.78125,0.890625,parameter_bisection,parameter_only,8,false
sensitivity_448,policy,virgin_metal_tax_tax_0_02,virgin_metal_tax,0.02,LOCALLY_INFEASIBLE,INFEASIBLE_POINT,false,29.153446986,0.0010665409935167736,1,0.0,0,material_composite_production_REU,eqpzs,IND_REU_NEW_ELMA,0.0010665409935167736,EOL_FLOW_EOL_DE_ELMA_INC,0.0,,0.5,2.0,1.0,1.0,2.0,1.0,sensitivity_448,sensitivity_205,circular_metal.material_substitution_elasticity,0.5,1.0,0.765625,0.8828125,parameter_bisection,parameter_only,9,false
sensitivity_448,policy,virgin_metal_tax_tax_0_02,virgin_metal_tax,0.02,LOCALLY_INFEASIBLE,INFEASIBLE_POINT,false,20.149519258,0.0010272557805534044,1,0.0,0,material_composite_production_REU,eqpzs,IND_REU_NEW_ELMA,0.0010272557805534044,EOL_FLOW_EOL_DE_ELMA_INC,0.0,,0.5,2.0,1.0,1.0,2.0,1.0,sensitivity_448,sensitivity_205,circular_metal.material_substitution_elasticity,0.5,1.0,0.7578125,0.87890625,parameter_bisection,parameter_only,10,false
sensitivity_448,policy,virgin_metal_tax_tax_0_02,virgin_metal_tax,0.02,LOCALLY_INFEASIBLE,INFEASIBLE_POINT,false,21.766486235,0.0010292050334860248,1,0.0,0,material_composite_production_REU,eqpzs,IND_REU_NEW_ELMA,0.0010292050334860248,EOL_FLOW_EOL_DE_ELMA_INC,0.0,,0.5,2.0,1.0,1.0,2.0,1.0,sensitivity_448,sensitivity_205,circular_metal.material_substitution_elasticity,0.5,1.0,0.75390625,0.876953125,parameter_bisection,parameter_only,11,false
sensitivity_448,policy,virgin_metal_tax_tax_0_02,virgin_metal_tax,0.02,LOCALLY_INFEASIBLE,INFEASIBLE_POINT,false,21.80549354,0.0010530505167710702,1,0.0,0,material_composite_production_REU,eqpzs,IND_REU_NEW_ELMA,0.0010530505167710702,EOL_FLOW_EOL_DE_ELMA_INC,0.0,,0.5,2.0,1.0,1.0,2.0,1.0,sensitivity_448,sensitivity_205,circular_metal.material_substitution_elasticity,0.5,1.0,0.751953125,0.8759765625,parameter_bisection,parameter_only,12,false
sensitivity_448,policy,virgin_metal_tax_tax_0_02,virgin_metal_tax,0.02,LOCALLY_INFEASIBLE,INFEASIBLE_POINT,false,24.347811204,0.0010319391428419422,1,0.0,0,material_composite_production_REU,eqpzs,IND_REU_NEW_ELMA,0.0010319391428419422,EOL_FLOW_EOL_DE_ELMA_INC,0.0,,0.5,2.0,1.0,1.0,2.0,1.0,sensitivity_448,sensitivity_205,circular_metal.material_substitution_elasticity,0.5,1.0,0.7509765625,0.87548828125,parameter_bisection,parameter_only,13,false
sensitivity_450,policy,virgin_metal_tax_tax_0_02,virgin_metal_tax,0.02,LOCALLY_INFEASIBLE,INFEASIBLE_POINT,false,17.79762475,0.0010813715226440923,1,0.0,0,material_composite_production_REU,eqpzs,IND_REU_NEW_ELMA,0.0010813715226440923,EOL_FLOW_EOL_DE_ELMA_INC,0.0,,2.0,2.0,1.0,1.0,2.0,1.0,sensitivity_450,sensitivity_369,circular_routes.eol_productivity_elasticity,1.0,2.0,1.0,2.0,direct_target,parameter_only,1,false
sensitivity_450,policy,virgin_metal_tax_tax_0_02,virgin_metal_tax,0.02,LOCALLY_INFEASIBLE,INFEASIBLE_POINT,true,4.398660578,0.0009634871715401561,0,0.0,0,material_composite_production_REU,eqpzs,IND_REU_NEW_ELMA,0.0009634871715401561,EOL_FLOW_EOL_DE_ELMA_INC,0.0,,2.0,2.0,1.0,1.0,2.0,1.0,sensitivity_450,sensitivity_369,circular_routes.eol_productivity_elasticity,1.0,2.0,0.5,1.5,parameter_bisection,parameter_only,2,true
sensitivity_450,policy,virgin_metal_tax_tax_0_02,virgin_metal_tax,0.02,LOCALLY_INFEASIBLE,INFEASIBLE_POINT,true,6.852944669,0.0009646914366772119,0,0.0,0,material_composite_production_REU,eqpzs,IND_REU_NEW_ELMA,0.0009646914366772119,EOL_FLOW_EOL_DE_ELMA_INC,0.0,,2.0,2.0,1.0,1.0,2.0,1.0,sensitivity_450,sensitivity_369,circular_routes.eol_productivity_elasticity,1.0,2.0,1.0,2.0,parameter_bisection,parameter_only,3,true
sensitivity_457,policy,virgin_metal_tax_tax_0_02,virgin_metal_tax,0.02,LOCALLY_INFEASIBLE,INFEASIBLE_POINT,false,34.87499534,0.0010658728151178298,1,0.0,0,material_composite_production_REU,eqpzs,IND_REU_NEW_ELMA,0.0010658728151178298,EOL_FLOW_EOL_DE_ELMA_INC,0.0,,0.5,2.0,2.0,1.0,2.0,1.0,sensitivity_457,sensitivity_451,trade.cet_transformation_elasticity,0.5,2.0,1.0,2.0,direct_target,parameter_only,1,false
sensitivity_457,policy,virgin_metal_tax_tax_0_02,virgin_metal_tax,0.02,LOCALLY_INFEASIBLE,INFEASIBLE_POINT,true,21.858553792,0.0009060310768873592,0,0.0,0,material_composite_production_SK,eqpzs,IND_SK_NEW_ELMA,0.0009060310768873592,EOL_FLOW_EOL_DE_ELMA_INC,0.0,,0.5,2.0,2.0,1.0,2.0,1.0,sensitivity_457,sensitivity_451,trade.cet_transformation_elasticity,0.5,2.0,0.5,1.25,parameter_bisection,parameter_only,2,true
sensitivity_457,policy,virgin_metal_tax_tax_0_02,virgin_metal_tax,0.02,LOCALLY_INFEASIBLE,INFEASIBLE_POINT,false,29.821140197,0.0010651123792905226,1,0.0,0,material_composite_production_REU,eqpzs,IND_REU_NEW_ELMA,0.0010651123792905226,EOL_FLOW_EOL_DE_ELMA_INC,0.0,,0.5,2.0,2.0,1.0,2.0,1.0,sensitivity_457,sensitivity_451,trade.cet_transformation_elasticity,0.5,2.0,1.0,2.0,parameter_bisection,parameter_only,3,false
sensitivity_457,policy,virgin_metal_tax_tax_0_02,virgin_metal_tax,0.02,LOCALLY_INFEASIBLE,INFEASIBLE_POINT,true,16.412410059,0.0008444530775761905,0,0.0,0,material_composite_production_SK,eqpzs,IND_SK_NEW_ELMA,0.0008444530775761905,EOL_FLOW_EOL_DE_ELMA_INC,0.0,,0.5,2.0,2.0,1.0,2.0,1.0,sensitivity_457,sensitivity_451,trade.cet_transformation_elasticity,0.5,2.0,0.75,1.625,parameter_bisection,parameter_only,4,true
sensitivity_457,policy,virgin_metal_tax_tax_0_02,virgin_metal_tax,0.02,LOCALLY_INFEASIBLE,INFEASIBLE_POINT,false,17.788357617,0.0010393171574787363,1,0.0,0,material_composite_production_REU,eqpzs,IND_REU_NEW_ELMA,0.0010393171574787363,EOL_FLOW_EOL_DE_ELMA_INC,0.0,,0.5,2.0,2.0,1.0,2.0,1.0,sensitivity_457,sensitivity_451,trade.cet_transformation_elasticity,0.5,2.0,1.0,2.0,parameter_bisection,parameter_only,5,false
sensitivity_457,policy,virgin_metal_tax_tax_0_02,virgin_metal_tax,0.02,LOCALLY_INFEASIBLE,INFEASIBLE_POINT,true,9.636141305,0.0008513318589991048,0,0.0,0,material_composite_production_REU,eqpzs,IND_REU_NEW_ELMA,0.0008513318589991048,EOL_FLOW_EOL_DE_ELMA_INC,0.0,,0.5,2.0,2.0,1.0,2.0,1.0,sensitivity_457,sensitivity_451,trade.cet_transformation_elasticity,0.5,2.0,0.875,1.8125,parameter_bisection,parameter_only,6,true
sensitivity_457,policy,virgin_metal_tax_tax_0_02,virgin_metal_tax,0.02,LOCALLY_INFEASIBLE,INFEASIBLE_POINT,false,51.619901228,0.0010820368801770508,1,0.0,0,material_composite_production_REU,eqpzs,IND_REU_NEW_ELMA,0.0010820368801770508,EOL_FLOW_EOL_DE_ELMA_INC,0.0,,0.5,2.0,2.0,1.0,2.0,1.0,sensitivity_457,sensitivity_451,trade.cet_transformation_elasticity,0.5,2.0,1.0,2.0,parameter_bisection,parameter_only,7,false
sensitivity_457,policy,virgin_metal_tax_tax_0_02,virgin_metal_tax,0.02,LOCALLY_INFEASIBLE,INFEASIBLE_POINT,false,12.688917085,0.001032344267758445,1,0.0,0,material_composite_production_REU,eqpzs,IND_REU_NEW_ELMA,0.001032344267758445,EOL_FLOW_EOL_DE_ELMA_INC,0.0,,0.5,2.0,2.0,1.0,2.0,1.0,sensitivity_457,sensitivity_451,trade.cet_transformation_elasticity,0.5,2.0,0.9375,1.90625,parameter_bisection,parameter_only,8,false
sensitivity_457,policy,virgin_metal_tax_tax_0_02,virgin_metal_tax,0.02,LOCALLY_INFEASIBLE,INFEASIBLE_POINT,true,7.871572888,0.0009435301511996341,0,0.0,0,material_composite_production_REU,eqpzs,IND_REU_NEW_ELMA,0.0009435301511996341,EOL_FLOW_EOL_DE_ELMA_INC,0.0,,0.5,2.0,2.0,1.0,2.0,1.0,sensitivity_457,sensitivity_451,trade.cet_transformation_elasticity,0.5,2.0,0.90625,1.859375,parameter_bisection,parameter_only,9,true
sensitivity_457,policy,virgin_metal_tax_tax_0_02,virgin_metal_tax,0.02,LOCALLY_INFEASIBLE,INFEASIBLE_POINT,true,3.705155853,0.00098165993825583,0,0.0,0,material_composite_production_REU,eqpzs,IND_REU_NEW_ELMA,0.00098165993825583,EOL_FLOW_EOL_DE_ELMA_INC,0.0,,0.5,2.0,2.0,1.0,2.0,1.0,sensitivity_457,sensitivity_451,trade.cet_transformation_elasticity,0.5,2.0,0.96875,1.953125,parameter_bisection,parameter_only,10,true
sensitivity_457,policy,virgin_metal_tax_tax_0_02,virgin_metal_tax,0.02,LOCALLY_INFEASIBLE,INFEASIBLE_POINT,false,4.403098507,0.0010001784000319702,1,0.0,0,material_composite_production_REU,eqpzs,IND_REU_NEW_ELMA,0.0010001784000319702,EOL_FLOW_EOL_DE_ELMA_INC,0.0,,0.5,2.0,2.0,1.0,2.0,1.0,sensitivity_457,sensitivity_451,trade.cet_transformation_elasticity,0.5,2.0,1.0,2.0,parameter_bisection,parameter_only,11,false
sensitivity_457,policy,virgin_metal_tax_tax_0_02,virgin_metal_tax,0.02,LOCALLY_INFEASIBLE,INFEASIBLE_POINT,true,4.683414312,0.0009878784281491804,0,0.0,0,material_composite_production_REU,eqpzs,IND_REU_NEW_ELMA,0.0009878784281491804,EOL_FLOW_EOL_DE_ELMA_INC,0.0,,0.5,2.0,2.0,1.0,2.0,1.0,sensitivity_457,sensitivity_451,trade.cet_transformation_elasticity,0.5,2.0,0.984375,1.9765625,parameter_bisection,parameter_only,12,true
sensitivity_457,policy,virgin_metal_tax_tax_0_02,virgin_metal_tax,0.02,LOCALLY_INFEASIBLE,INFEASIBLE_POINT,false,10.611148815,0.0010493468157783958,1,0.0,0,material_composite_production_REU,eqpzs,IND_REU_NEW_ELMA,0.0010493468157783958,EOL_FLOW_EOL_DE_ELMA_INC,0.0,,0.5,2.0,2.0,1.0,2.0,1.0,sensitivity_457,sensitivity_451,trade.cet_transformation_elasticity,0.5,2.0,1.0,2.0,parameter_bisection,parameter_only,13,false
sensitivity_457,policy,virgin_metal_tax_tax_0_02,virgin_metal_tax,0.02,LOCALLY_INFEASIBLE,INFEASIBLE_POINT,false,26.363448054,0.00107068332756044,1,0.0,0,material_composite_production_REU,eqpzs,IND_REU_NEW_ELMA,0.00107068332756044,EOL_FLOW_EOL_DE_ELMA_INC,0.0,,0.5,2.0,2.0,1.0,2.0,1.0,sensitivity_457,sensitivity_451,trade.cet_transformation_elasticity,0.5,2.0,0.9921875,1.98828125,parameter_bisection,parameter_only,14,false
sensitivity_457,policy,virgin_metal_tax_tax_0_02,virgin_metal_tax,0.02,LOCALLY_INFEASIBLE,INFEASIBLE_POINT,false,5.248062653,0.0010229456580319596,1,0.0,0,material_composite_production_REU,eqpzs,IND_REU_NEW_ELMA,0.0010229456580319596,EOL_FLOW_EOL_DE_ELMA_INC,0.0,,0.5,2.0,2.0,1.0,2.0,1.0,sensitivity_457,sensitivity_451,trade.cet_transformation_elasticity,0.5,2.0,0.98828125,1.982421875,parameter_bisection,parameter_only,15,false
sensitivity_457,policy,virgin_metal_tax_tax_0_02,virgin_metal_tax,0.02,LOCALLY_INFEASIBLE,INFEASIBLE_POINT,false,35.407935755,0.0010741633489648184,1,0.0,0,material_composite_production_REU,eqpzs,IND_REU_NEW_ELMA,0.0010741633489648184,EOL_FLOW_EOL_DE_ELMA_INC,0.0,,0.5,2.0,2.0,1.0,2.0,1.0,sensitivity_457,sensitivity_451,trade.cet_transformation_elasticity,0.5,2.0,0.986328125,1.9794921875,parameter_bisection,parameter_only,16,false
sensitivity_457,policy,virgin_metal_tax_tax_0_02,virgin_metal_tax,0.02,LOCALLY_INFEASIBLE,INFEASIBLE_POINT,false,54.292832741,0.001080439581594872,1,0.0,0,material_composite_production_REU,eqpzs,IND_REU_NEW_ELMA,0.001080439581594872,EOL_FLOW_EOL_DE_ELMA_INC,0.0,,0.5,2.0,2.0,1.0,2.0,1.0,sensitivity_457,sensitivity_451,trade.cet_transformation_elasticity,0.5,2.0,0.9853515625,1.97802734375,parameter_bisection,parameter_only,17,false
sensitivity_459,policy,virgin_metal_tax_tax_0_02,virgin_metal_tax,0.02,LOCALLY_INFEASIBLE,INFEASIBLE_POINT,false,30.382495982,0.0010023825713681989,1,0.0,0,material_composite_production_REU,eqpzs,IND_REU_NEW_ELMA,0.0010023825713681989,EOL_FLOW_EOL_DE_ELMA_INC,0.0,,2.0,2.0,2.0,1.0,2.0,1.0,sensitivity_459,sensitivity_216,circular_metal.material_substitution_elasticity,0.5,1.0,1.0,1.0,direct_target,parameter_only,1,false
sensitivity_459,policy,virgin_metal_tax_tax_0_02,virgin_metal_tax,0.02,LOCALLY_INFEASIBLE,INFEASIBLE_POINT,false,21.80798522,0.0010038338198453678,1,0.0,0,material_composite_production_SK,eqpzs,IND_SK_NEW_ELMA,0.0010038338198453678,EOL_FLOW_EOL_DE_ELMA_INC,0.0,,2.0,2.0,2.0,1.0,2.0,1.0,sensitivity_459,sensitivity_216,circular_metal.material_substitution_elasticity,0.5,1.0,0.5,0.75,parameter_bisection,parameter_only,2,false
sensitivity_459,policy,virgin_metal_tax_tax_0_02,virgin_metal_tax,0.02,LOCALLY_INFEASIBLE,INFEASIBLE_POINT,false,57.207348203,0.005522237413393749,3,0.0,0,observed_physical_flow_links,quantity_link,physical_SK_OFMA_REP_route_input_mass,0.005522237413393749,EOL_FLOW_EOL_DE_ELMA_INC,0.0,,2.0,2.0,2.0,1.0,2.0,1.0,sensitivity_459,sensitivity_216,circular_metal.material_substitution_elasticity,0.5,1.0,0.25,0.625,parameter_bisection,parameter_only,3,false
sensitivity_459,policy,virgin_metal_tax_tax_0_02,virgin_metal_tax,0.02,LOCALLY_INFEASIBLE,INFEASIBLE_POINT,false,28.745280151,0.001020332853790995,1,0.0,0,material_composite_production_REU,eqpzs,IND_REU_NEW_ELMA,0.001020332853790995,EOL_FLOW_EOL_DE_ELMA_INC,0.0,,2.0,2.0,2.0,1.0,2.0,1.0,sensitivity_459,sensitivity_216,circular_metal.material_substitution_elasticity,0.5,1.0,0.125,0.5625,parameter_bisection,parameter_only,4,false
sensitivity_459,policy,virgin_metal_tax_tax_0_02,virgin_metal_tax,0.02,LOCALLY_INFEASIBLE,INFEASIBLE_POINT,false,21.533891408,0.0010787797829648893,1,0.0,0,material_composite_production_REU,eqpzs,IND_REU_NEW_ELMA,0.0010787797829648893,EOL_FLOW_EOL_DE_ELMA_INC,0.0,,2.0,2.0,2.0,1.0,2.0,1.0,sensitivity_459,sensitivity_216,circular_metal.material_substitution_elasticity,0.5,1.0,0.0625,0.53125,parameter_bisection,parameter_only,5,false
sensitivity_459,policy,virgin_metal_tax_tax_0_02,virgin_metal_tax,0.02,LOCALLY_INFEASIBLE,INFEASIBLE_POINT,false,22.130510905,0.0010776001985655093,1,0.0,0,material_composite_production_REU,eqpzs,IND_REU_NEW_ELMA,0.0010776001985655093,EOL_FLOW_EOL_DE_ELMA_INC,0.0,,2.0,2.0,2.0,1.0,2.0,1.0,sensitivity_459,sensitivity_216,circular_metal.material_substitution_elasticity,0.5,1.0,0.03125,0.515625,parameter_bisection,parameter_only,6,false
sensitivity_459,policy,virgin_metal_tax_tax_0_02,virgin_metal_tax,0.02,LOCALLY_INFEASIBLE,INFEASIBLE_POINT,true,6.037133697,0.0009016329552904434,0,0.0,0,material_composite_production_SK,eqpzs,IND_SK_NEW_ELMA,0.0009016329552904434,EOL_FLOW_EOL_DE_ELMA_INC,0.0,,2.0,2.0,2.0,1.0,2.0,1.0,sensitivity_459,sensitivity_216,circular_metal.material_substitution_elasticity,0.5,1.0,0.015625,0.5078125,parameter_bisection,parameter_only,7,true
sensitivity_459,policy,virgin_metal_tax_tax_0_02,virgin_metal_tax,0.02,LOCALLY_INFEASIBLE,INFEASIBLE_POINT,true,20.733620391,0.0009714889603057442,0,0.0,0,material_composite_production_SK,eqpzs,IND_SK_NEW_ELMA,0.0009714889603057442,EOL_FLOW_EOL_DE_ELMA_INC,0.0,,2.0,2.0,2.0,1.0,2.0,1.0,sensitivity_459,sensitivity_216,circular_metal.material_substitution_elasticity,0.5,1.0,0.046875,0.5234375,parameter_bisection,parameter_only,8,true
sensitivity_459,policy,virgin_metal_tax_tax_0_02,virgin_metal_tax,0.02,LOCALLY_INFEASIBLE,INFEASIBLE_POINT,true,17.841258138,0.000969547969194795,0,0.0,0,material_composite_production_REU,eqpzs,IND_REU_NEW_ELMA,0.000969547969194795,EOL_FLOW_EOL_DE_ELMA_INC,0.0,,2.0,2.0,2.0,1.0,2.0,1.0,sensitivity_459,sensitivity_216,circular_metal.material_substitution_elasticity,0.5,1.0,0.109375,0.5546875,parameter_bisection,parameter_only,9,true
sensitivity_459,policy,virgin_metal_tax_tax_0_02,virgin_metal_tax,0.02,OTHER_ERROR,NEARLY_FEASIBLE_POINT,false,79.317599794,0.000462973959208246,0,0.0,0,material_composite_production_REU,eqpzs,IND_REU_NEW_ELMA,0.000462973959208246,EOL_FLOW_EOL_DE_ELMA_INC,0.0,,2.0,2.0,2.0,1.0,2.0,1.0,sensitivity_459,sensitivity_216,circular_metal.material_substitution_elasticity,0.5,1.0,0.234375,0.6171875,parameter_bisection,parameter_only,10,false
sensitivity_459,policy,virgin_metal_tax_tax_0_02,virgin_metal_tax,0.02,LOCALLY_INFEASIBLE,INFEASIBLE_POINT,false,13.329918712,0.001078913983105223,1,0.0,0,material_composite_production_REU,eqpzs,IND_REU_NEW_ELMA,0.001078913983105223,EOL_FLOW_EOL_DE_ELMA_INC,0.0,,2.0,2.0,2.0,1.0,2.0,1.0,sensitivity_459,sensitivity_216,circular_metal.material_substitution_elasticity,0.5,1.0,0.171875,0.5859375,parameter_bisection,parameter_only,11,false
sensitivity_459,policy,virgin_metal_tax_tax_0_02,virgin_metal_tax,0.02,LOCALLY_INFEASIBLE,INFEASIBLE_POINT,false,9.5003225,0.0010792949729967471,1,9.992593293810141e-9,0,material_composite_production_REU,eqpzs,IND_REU_NEW_ELMA,0.0010792949729967471,F_FAC_SK_LAB_IND_SK_REP_OFMA,9.992593293810141e-9,,2.0,2.0,2.0,1.0,2.0,1.0,sensitivity_459,sensitivity_216,circular_metal.material_substitution_elasticity,0.5,1.0,0.140625,0.5703125,parameter_bisection,parameter_only,12,false
sensitivity_459,policy,virgin_metal_tax_tax_0_02,virgin_metal_tax,0.02,LOCALLY_INFEASIBLE,INFEASIBLE_POINT,true,6.173204295,0.0009726986905256307,0,0.0,0,material_composite_production_REU,eqpzs,IND_REU_NEW_ELMA,0.0009726986905256307,EOL_FLOW_EOL_DE_ELMA_INC,0.0,,2.0,2.0,2.0,1.0,2.0,1.0,sensitivity_459,sensitivity_216,circular_metal.material_substitution_elasticity,0.5,1.0,0.125,0.5625,parameter_bisection,parameter_only,13,true
sensitivity_459,policy,virgin_metal_tax_tax_0_02,virgin_metal_tax,0.02,LOCALLY_INFEASIBLE,INFEASIBLE_POINT,false,35.701876897,0.005348538774876399,1,0.0,0,observed_physical_flow_links,quantity_link,physical_SK_OFMA_REP_route_input_mass,0.005348538774876399,EOL_FLOW_EOL_DE_ELMA_INC,0.0,,2.0,2.0,2.0,1.0,2.0,1.0,sensitivity_459,sensitivity_216,circular_metal.material_substitution_elasticity,0.5,1.0,0.15625,0.578125,parameter_bisection,parameter_only,14,false
sensitivity_459,policy,virgin_metal_tax_tax_0_02,virgin_metal_tax,0.02,LOCALLY_INFEASIBLE,INFEASIBLE_POINT,false,20.730353616,0.0010362591526750231,1,0.0,0,material_composite_production_REU,eqpzs,IND_REU_NEW_ELMA,0.0010362591526750231,EOL_FLOW_EOL_DE_ELMA_INC,0.0,,2.0,2.0,2.0,1.0,2.0,1.0,sensitivity_459,sensitivity_216,circular_metal.material_substitution_elasticity,0.5,1.0,0.140625,0.5703125,parameter_bisection,parameter_only,15,false
sensitivity_459,policy,virgin_metal_tax_tax_0_02,virgin_metal_tax,0.02,LOCALLY_INFEASIBLE,INFEASIBLE_POINT,false,26.923513217,0.002149088128819754,1,0.0,0,observed_physical_flow_links,quantity_link,physical_SK_OFMA_REP_route_input_mass,0.002149088128819754,EOL_FLOW_EOL_DE_ELMA_INC,0.0,,2.0,2.0,2.0,1.0,2.0,1.0,sensitivity_459,sensitivity_216,circular_metal.material_substitution_elasticity,0.5,1.0,0.1328125,0.56640625,parameter_bisection,parameter_only,16,false
sensitivity_459,policy,virgin_metal_tax_tax_0_02,virgin_metal_tax,0.02,LOCALLY_INFEASIBLE,INFEASIBLE_POINT,true,22.400112027,0.000939477559299462,0,0.0,0,material_composite_production_REU,eqpzs,IND_REU_NEW_ELMA,0.000939477559299462,EOL_FLOW_EOL_DE_ELMA_INC,0.0,,2.0,2.0,2.0,1.0,2.0,1.0,sensitivity_459,sensitivity_216,circular_metal.material_substitution_elasticity,0.5,1.0,0.12890625,0.564453125,parameter_bisection,parameter_only,17,true
sensitivity_459,policy,virgin_metal_tax_tax_0_02,virgin_metal_tax,0.02,LOCALLY_INFEASIBLE,INFEASIBLE_POINT,false,19.233624044,0.00106921907661639,1,0.0,0,material_composite_production_REU,eqpzs,IND_REU_NEW_ELMA,0.00106921907661639,EOL_FLOW_EOL_DE_ELMA_INC,0.0,,2.0,2.0,2.0,1.0,2.0,1.0,sensitivity_459,sensitivity_216,circular_metal.material_substitution_elasticity,0.5,1.0,0.13671875,0.568359375,parameter_bisection,parameter_only,18,false
sensitivity_459,policy,virgin_metal_tax_tax_0_02,virgin_metal_tax,0.02,LOCALLY_INFEASIBLE,INFEASIBLE_POINT,true,13.979013521,0.0009443501189304593,0,0.0,0,material_composite_production_REU,eqpzs,IND_REU_NEW_ELMA,0.0009443501189304593,EOL_FLOW_EOL_DE_ELMA_INC,0.0,,2.0,2.0,2.0,1.0,2.0,1.0,sensitivity_459,sensitivity_216,circular_metal.material_substitution_elasticity,0.5,1.0,0.1328125,0.56640625,parameter_bisection,parameter_only,19,true
sensitivity_459,policy,virgin_metal_tax_tax_0_02,virgin_metal_tax,0.02,LOCALLY_INFEASIBLE,INFEASIBLE_POINT,true,4.661570265,0.0009446598927483896,0,0.0,0,material_composite_production_REU,eqpzs,IND_REU_NEW_ELMA,0.0009446598927483896,EOL_FLOW_EOL_DE_ELMA_INC,0.0,,2.0,2.0,2.0,1.0,2.0,1.0,sensitivity_459,sensitivity_216,circular_metal.material_substitution_elasticity,0.5,1.0,0.140625,0.5703125,parameter_bisection,parameter_only,20,true
sensitivity_459,policy,virgin_metal_tax_tax_0_02,virgin_metal_tax,0.02,LOCALLY_INFEASIBLE,INFEASIBLE_POINT,false,11.128970893,0.0010783724900281788,1,0.0,0,material_composite_production_REU,eqpzs,IND_REU_NEW_ELMA,0.0010783724900281788,EOL_FLOW_EOL_DE_ELMA_INC,0.0,,2.0,2.0,2.0,1.0,2.0,1.0,sensitivity_459,sensitivity_216,circular_metal.material_substitution_elasticity,0.5,1.0,0.15625,0.578125,parameter_bisection,parameter_only,21,false
sensitivity_459,policy,virgin_metal_tax_tax_0_02,virgin_metal_tax,0.02,LOCALLY_INFEASIBLE,INFEASIBLE_POINT,false,11.507630042,0.0010785751297760493,1,6.053627172650242e-9,0,material_composite_production_REU,eqpzs,IND_REU_NEW_ELMA,0.0010785751297760493,F_FAC_SK_LAB_IND_SK_REP_OFMA,6.053627172650242e-9,,2.0,2.0,2.0,1.0,2.0,1.0,sensitivity_459,sensitivity_216,circular_metal.material_substitution_elasticity,0.5,1.0,0.1484375,0.57421875,parameter_bisection,parameter_only,22,false
sensitivity_459,policy,virgin_metal_tax_tax_0_02,virgin_metal_tax,0.02,LOCALLY_INFEASIBLE,INFEASIBLE_POINT,false,10.996650196,0.0010782401030140498,1,0.0,0,material_composite_production_REU,eqpzs,IND_REU_NEW_ELMA,0.0010782401030140498,EOL_FLOW_EOL_DE_ELMA_INC,0.0,,2.0,2.0,2.0,1.0,2.0,1.0,sensitivity_459,sensitivity_216,circular_metal.material_substitution_elasticity,0.5,1.0,0.14453125,0.572265625,parameter_bisection,parameter_only,23,false
sensitivity_459,policy,virgin_metal_tax_tax_0_02,virgin_metal_tax,0.02,LOCALLY_INFEASIBLE,INFEASIBLE_POINT,false,11.122662037,0.0010785846560128487,1,0.0,0,material_composite_production_REU,eqpzs,IND_REU_NEW_ELMA,0.0010785846560128487,EOL_FLOW_EOL_DE_ELMA_INC,0.0,,2.0,2.0,2.0,1.0,2.0,1.0,sensitivity_459,sensitivity_216,circular_metal.material_substitution_elasticity,0.5,1.0,0.142578125,0.5712890625,parameter_bisection,parameter_only,24,false
sensitivity_459,policy,virgin_metal_tax_tax_0_02,virgin_metal_tax,0.02,LOCALLY_INFEASIBLE,INFEASIBLE_POINT,true,5.07819549,0.0009505341207222129,0,0.0,0,material_composite_production_REU,eqpzs,IND_REU_NEW_ELMA,0.0009505341207222129,EOL_FLOW_EOL_DE_ELMA_INC,0.0,,2.0,2.0,2.0,1.0,2.0,1.0,sensitivity_459,sensitivity_216,circular_metal.material_substitution_elasticity,0.5,1.0,0.1416015625,0.57080078125,parameter_bisection,parameter_only,25,true
sensitivity_459,policy,virgin_metal_tax_tax_0_02,virgin_metal_tax,0.02,LOCALLY_INFEASIBLE,INFEASIBLE_POINT,true,3.717963486,0.0009505096213252573,0,0.0,0,material_composite_production_REU,eqpzs,IND_REU_NEW_ELMA,0.0009505096213252573,EOL_FLOW_EOL_DE_ELMA_INC,0.0,,2.0,2.0,2.0,1.0,2.0,1.0,sensitivity_459,sensitivity_216,circular_metal.material_substitution_elasticity,0.5,1.0,0.1435546875,0.57177734375,parameter_bisection,parameter_only,26,true
sensitivity_459,policy,virgin_metal_tax_tax_0_02,virgin_metal_tax,0.02,LOCALLY_INFEASIBLE,INFEASIBLE_POINT,true,5.969399164,0.0009466314550103938,0,0.0,0,material_composite_production_REU,eqpzs,IND_REU_NEW_ELMA,0.0009466314550103938,EOL_FLOW_EOL_DE_ELMA_INC,0.0,,2.0,2.0,2.0,1.0,2.0,1.0,sensitivity_459,sensitivity_216,circular_metal.material_substitution_elasticity,0.5,1.0,0.1474609375,0.57373046875,parameter_bisection,parameter_only,27,true
sensitivity_459,policy,virgin_metal_tax_tax_0_02,virgin_metal_tax,0.02,LOCALLY_INFEASIBLE,INFEASIBLE_POINT,true,7.520889509,0.0009615833621928749,0,0.0,0,material_composite_production_REU,eqpzs,IND_REU_NEW_ELMA,0.0009615833621928749,EOL_FLOW_EOL_DE_ELMA_INC,0.0,,2.0,2.0,2.0,1.0,2.0,1.0,sensitivity_459,sensitivity_216,circular_metal.material_substitution_elasticity,0.5,1.0,0.1552734375,0.57763671875,parameter_bisection,parameter_only,28,true
sensitivity_459,policy,virgin_metal_tax_tax_0_02,virgin_metal_tax,0.02,LOCALLY_INFEASIBLE,INFEASIBLE_POINT,true,7.901926138,0.000964565385081606,0,0.0,0,material_composite_production_REU,eqpzs,IND_REU_NEW_ELMA,0.000964565385081606,EOL_FLOW_EOL_DE_ELMA_INC,0.0,,2.0,2.0,2.0,1.0,2.0,1.0,sensitivity_459,sensitivity_216,circular_metal.material_substitution_elasticity,0.5,1.0,0.1708984375,0.58544921875,parameter_bisection,parameter_only,29,true
sensitivity_459,policy,virgin_metal_tax_tax_0_02,virgin_metal_tax,0.02,LOCALLY_INFEASIBLE,INFEASIBLE_POINT,false,12.145932391,0.0010788235984728889,1,0.0,0,material_composite_production_REU,eqpzs,IND_REU_NEW_ELMA,0.0010788235984728889,EOL_FLOW_EOL_DE_ELMA_INC,0.0,,2.0,2.0,2.0,1.0,2.0,1.0,sensitivity_459,sensitivity_216,circular_metal.material_substitution_elasticity,0.5,1.0,0.2021484375,0.60107421875,parameter_bisection,parameter_only,30,false
sensitivity_459,policy,virgin_metal_tax_tax_0_02,virgin_metal_tax,0.02,LOCALLY_INFEASIBLE,INFEASIBLE_POINT,false,11.232598715,0.0010216054881810877,1,7.220429611613842e-10,0,material_composite_production_REU,eqpzs,IND_REU_NEW_ELMA,0.0010216054881810877,X_IND_SK_REP_OFMA_IND_SK_REP_OFMA,7.220429611613842e-10,,2.0,2.0,2.0,1.0,2.0,1.0,sensitivity_459,sensitivity_216,circular_metal.material_substitution_elasticity,0.5,1.0,0.1865234375,0.59326171875,parameter_bisection,parameter_only,31,false
sensitivity_459,policy,virgin_metal_tax_tax_0_02,virgin_metal_tax,0.02,LOCALLY_INFEASIBLE,INFEASIBLE_POINT,false,10.704695016,0.001078610135258229,1,0.0,0,material_composite_production_REU,eqpzs,IND_REU_NEW_ELMA,0.001078610135258229,EOL_FLOW_EOL_DE_ELMA_INC,0.0,,2.0,2.0,2.0,1.0,2.0,1.0,sensitivity_459,sensitivity_216,circular_metal.material_substitution_elasticity,0.5,1.0,0.1787109375,0.58935546875,parameter_bisection,parameter_only,32,false
sensitivity_459,policy,virgin_metal_tax_tax_0_02,virgin_metal_tax,0.02,LOCALLY_INFEASIBLE,INFEASIBLE_POINT,true,7.107414759,0.0009665846238277043,0,0.0,0,material_composite_production_REU,eqpzs,IND_REU_NEW_ELMA,0.0009665846238277043,EOL_FLOW_EOL_DE_ELMA_INC,0.0,,2.0,2.0,2.0,1.0,2.0,1.0,sensitivity_459,sensitivity_216,circular_metal.material_substitution_elasticity,0.5,1.0,0.1748046875,0.58740234375,parameter_bisection,parameter_only,33,true
sensitivity_459,policy,virgin_metal_tax_tax_0_02,virgin_metal_tax,0.02,LOCALLY_INFEASIBLE,INFEASIBLE_POINT,false,8.984411624,0.001061749966634995,1,0.0,0,material_composite_production_REU,eqpzs,IND_REU_NEW_ELMA,0.001061749966634995,EOL_FLOW_EOL_DE_ELMA_INC,0.0,,2.0,2.0,2.0,1.0,2.0,1.0,sensitivity_459,sensitivity_216,circular_metal.material_substitution_elasticity,0.5,1.0,0.1826171875,0.59130859375,parameter_bisection,parameter_only,34,false
sensitivity_459,policy,virgin_metal_tax_tax_0_02,virgin_metal_tax,0.02,LOCALLY_INFEASIBLE,INFEASIBLE_POINT,false,8.857858869,0.0010303020223410009,1,0.0,0,material_composite_production_REU,eqpzs,IND_REU_NEW_ELMA,0.0010303020223410009,EOL_FLOW_EOL_DE_ELMA_INC,0.0,,2.0,2.0,2.0,1.0,2.0,1.0,sensitivity_459,sensitivity_216,circular_metal.material_substitution_elasticity,0.5,1.0,0.1787109375,0.58935546875,parameter_bisection,parameter_only,35,false
sensitivity_459,policy,virgin_metal_tax_tax_0_02,virgin_metal_tax,0.02,LOCALLY_INFEASIBLE,INFEASIBLE_POINT,false,11.228007296,0.0010782393377414268,1,0.0,0,material_composite_production_REU,eqpzs,IND_REU_NEW_ELMA,0.0010782393377414268,EOL_FLOW_EOL_DE_ELMA_INC,0.0,,2.0,2.0,2.0,1.0,2.0,1.0,sensitivity_459,sensitivity_216,circular_metal.material_substitution_elasticity,0.5,1.0,0.1767578125,0.58837890625,parameter_bisection,parameter_only,36,false
sensitivity_459,policy,virgin_metal_tax_tax_0_02,virgin_metal_tax,0.02,LOCALLY_INFEASIBLE,INFEASIBLE_POINT,true,8.857394615,0.0009899279590483978,0,0.0,0,material_composite_production_REU,eqpzs,IND_REU_NEW_ELMA,0.0009899279590483978,EOL_FLOW_EOL_DE_ELMA_INC,0.0,,2.0,2.0,2.0,1.0,2.0,1.0,sensitivity_459,sensitivity_216,circular_metal.material_substitution_elasticity,0.5,1.0,0.17578125,0.587890625,parameter_bisection,parameter_only,37,true
sensitivity_459,policy,virgin_metal_tax_tax_0_02,virgin_metal_tax,0.02,LOCALLY_INFEASIBLE,INFEASIBLE_POINT,false,11.120472072,0.001006636474123579,1,0.0,0,material_composite_production_REU,eqpzs,IND_REU_NEW_ELMA,0.001006636474123579,EOL_FLOW_EOL_DE_ELMA_INC,0.0,,2.0,2.0,2.0,1.0,2.0,1.0,sensitivity_459,sensitivity_216,circular_metal.material_substitution_elasticity,0.5,1.0,0.177734375,0.5888671875,parameter_bisection,parameter_only,38,false
sensitivity_459,policy,virgin_metal_tax_tax_0_02,virgin_metal_tax,0.02,LOCALLY_INFEASIBLE,INFEASIBLE_POINT,false,9.461819339,0.001078610185452411,1,0.0,0,material_composite_production_REU,eqpzs,IND_REU_NEW_ELMA,0.001078610185452411,EOL_FLOW_EOL_DE_ELMA_INC,0.0,,2.0,2.0,2.0,1.0,2.0,1.0,sensitivity_459,sensitivity_216,circular_metal.material_substitution_elasticity,0.5,1.0,0.1767578125,0.58837890625,parameter_bisection,parameter_only,39,false
sensitivity_477,policy,virgin_metal_tax_tax_0_02,virgin_metal_tax,0.02,LOCALLY_INFEASIBLE,INFEASIBLE_POINT,false,38.877556277,0.0011125902539973476,1,0.0,0,material_composite_production_SK,eqpzs,IND_SK_NEW_ELMA,0.0011125902539973476,EOL_FLOW_EOL_DE_ELMA_INC,0.0,,2.0,2.0,1.0,2.0,2.0,1.0,sensitivity_477,sensitivity_471,trade.cet_transformation_elasticity,0.5,2.0,1.0,2.0,direct_target,parameter_only,1,false
sensitivity_477,policy,virgin_metal_tax_tax_0_02,virgin_metal_tax,0.02,LOCALLY_INFEASIBLE,INFEASIBLE_POINT,false,5.357860325,0.0011788394791848456,1,0.0,0,material_composite_production_SK,eqpzs,IND_SK_NEW_ELMA,0.0011788394791848456,EOL_FLOW_EOL_DE_ELMA_INC,0.0,,2.0,2.0,1.0,2.0,2.0,1.0,sensitivity_477,sensitivity_471,trade.cet_transformation_elasticity,0.5,2.0,0.5,1.25,parameter_bisection,parameter_only,2,false
sensitivity_477,policy,virgin_metal_tax_tax_0_02,virgin_metal_tax,0.02,LOCALLY_INFEASIBLE,INFEASIBLE_POINT,true,19.765768431,0.0009049588677820524,0,0.0,0,common_eu_trade,eu_cet_quantity,NEW_ELMA|REU,0.0009049588677820524,EOL_FLOW_EOL_DE_ELMA_INC,0.0,,2.0,2.0,1.0,2.0,2.0,1.0,sensitivity_477,sensitivity_471,trade.cet_transformation_elasticity,0.5,2.0,0.25,0.875,parameter_bisection,parameter_only,3,true
sensitivity_477,policy,virgin_metal_tax_tax_0_02,virgin_metal_tax,0.02,LOCALLY_INFEASIBLE,INFEASIBLE_POINT,false,42.737946972,0.0012636075969405525,2,0.0,0,material_composite_production_SK,eqpzs,IND_SK_NEW_ELMA,0.0012636075969405525,EOL_FLOW_EOL_DE_ELMA_INC,0.0,,2.0,2.0,1.0,2.0,2.0,1.0,sensitivity_477,sensitivity_471,trade.cet_transformation_elasticity,0.5,2.0,0.75,1.625,parameter_bisection,parameter_only,4,false
sensitivity_477,policy,virgin_metal_tax_tax_0_02,virgin_metal_tax,0.02,LOCALLY_INFEASIBLE,INFEASIBLE_POINT,true,8.312897645,0.0009603849333539305,0,0.0,0,material_composite_production_SK,eqpzs,IND_SK_NEW_ELMA,0.0009603849333539305,EOL_FLOW_EOL_DE_ELMA_INC,0.0,,2.0,2.0,1.0,2.0,2.0,1.0,sensitivity_477,sensitivity_471,trade.cet_transformation_elasticity,0.5,2.0,0.5,1.25,parameter_bisection,parameter_only,5,true
sensitivity_477,policy,virgin_metal_tax_tax_0_02,virgin_metal_tax,0.02,LOCALLY_INFEASIBLE,INFEASIBLE_POINT,false,10.077988818,0.0010267419981070391,1,0.0,0,material_composite_production_SK,eqpzs,IND_SK_NEW_ELMA,0.0010267419981070391,EOL_FLOW_EOL_DE_ELMA_INC,0.0,,2.0,2.0,1.0,2.0,2.0,1.0,sensitivity_477,sensitivity_471,trade.cet_transformation_elasticity,0.5,2.0,1.0,2.0,parameter_bisection,parameter_only,6,false
sensitivity_477,policy,virgin_metal_tax_tax_0_02,virgin_metal_tax,0.02,LOCALLY_INFEASIBLE,INFEASIBLE_POINT,false,23.97591291,0.012069759125575535,1,0.0,0,observed_physical_flow_links,quantity_link,physical_SK_OFMA_REP_route_input_mass,0.012069759125575535,EOL_FLOW_EOL_DE_ELMA_INC,0.0,,2.0,2.0,1.0,2.0,2.0,1.0,sensitivity_477,sensitivity_471,trade.cet_transformation_elasticity,0.5,2.0,0.75,1.625,parameter_bisection,parameter_only,7,false
sensitivity_477,policy,virgin_metal_tax_tax_0_02,virgin_metal_tax,0.02,LOCALLY_INFEASIBLE,INFEASIBLE_POINT,false,15.22343802,0.0010213026721779261,1,0.0,0,material_composite_production_REU,eqpzs,IND_REU_NEW_ELMA,0.0010213026721779261,EOL_FLOW_EOL_DE_ELMA_INC,0.0,,2.0,2.0,1.0,2.0,2.0,1.0,sensitivity_477,sensitivity_471,trade.cet_transformation_elasticity,0.5,2.0,0.625,1.4375,parameter_bisection,parameter_only,8,false
sensitivity_477,policy,virgin_metal_tax_tax_0_02,virgin_metal_tax,0.02,LOCALLY_INFEASIBLE,INFEASIBLE_POINT,true,6.872586186,0.0009736208317764339,0,0.0,0,material_composite_production_SK,eqpzs,IND_SK_NEW_ELMA,0.0009736208317764339,EOL_FLOW_EOL_DE_ELMA_INC,0.0,,2.0,2.0,1.0,2.0,2.0,1.0,sensitivity_477,sensitivity_471,trade.cet_transformation_elasticity,0.5,2.0,0.5625,1.34375,parameter_bisection,parameter_only,9,true
sensitivity_477,policy,virgin_metal_tax_tax_0_02,virgin_metal_tax,0.02,LOCALLY_INFEASIBLE,INFEASIBLE_POINT,false,13.151828398,0.001264987809924123,2,0.0,0,material_composite_production_SK,eqpzs,IND_SK_NEW_ELMA,0.001264987809924123,EOL_FLOW_EOL_DE_ELMA_INC,0.0,,2.0,2.0,1.0,2.0,2.0,1.0,sensitivity_477,sensitivity_471,trade.cet_transformation_elasticity,0.5,2.0,0.6875,1.53125,parameter_bisection,parameter_only,10,false
sensitivity_477,policy,virgin_metal_tax_tax_0_02,virgin_metal_tax,0.02,LOCALLY_INFEASIBLE,INFEASIBLE_POINT,false,10.931247869,0.001148196797122636,1,0.0,0,material_composite_production_SK,eqpzs,IND_SK_NEW_ELMA,0.001148196797122636,EOL_FLOW_EOL_DE_ELMA_INC,0.0,,2.0,2.0,1.0,2.0,2.0,1.0,sensitivity_477,sensitivity_471,trade.cet_transformation_elasticity,0.5,2.0,0.625,1.4375,parameter_bisection,parameter_only,11,false
sensitivity_477,policy,virgin_metal_tax_tax_0_02,virgin_metal_tax,0.02,LOCALLY_INFEASIBLE,INFEASIBLE_POINT,false,10.807255793,0.0011030268990991354,1,0.0,0,material_composite_production_SK,eqpzs,IND_SK_NEW_ELMA,0.0011030268990991354,EOL_FLOW_EOL_DE_ELMA_INC,0.0,,2.0,2.0,1.0,2.0,2.0,1.0,sensitivity_477,sensitivity_471,trade.cet_transformation_elasticity,0.5,2.0,0.59375,1.390625,parameter_bisection,parameter_only,12,false
sensitivity_477,policy,virgin_metal_tax_tax_0_02,virgin_metal_tax,0.02,LOCALLY_INFEASIBLE,INFEASIBLE_POINT,false,11.600541768,0.0010835066936438764,1,0.0,0,material_composite_production_SK,eqpzs,IND_SK_NEW_ELMA,0.0010835066936438764,EOL_FLOW_EOL_DE_ELMA_INC,0.0,,2.0,2.0,1.0,2.0,2.0,1.0,sensitivity_477,sensitivity_471,trade.cet_transformation_elasticity,0.5,2.0,0.578125,1.3671875,parameter_bisection,parameter_only,13,false
sensitivity_477,policy,virgin_metal_tax_tax_0_02,virgin_metal_tax,0.02,LOCALLY_INFEASIBLE,INFEASIBLE_POINT,false,13.570674723,0.0010998482810880006,1,0.0,0,material_composite_production_SK,eqpzs,IND_SK_NEW_ELMA,0.0010998482810880006,EOL_FLOW_EOL_DE_ELMA_INC,0.0,,2.0,2.0,1.0,2.0,2.0,1.0,sensitivity_477,sensitivity_471,trade.cet_transformation_elasticity,0.5,2.0,0.5703125,1.35546875,parameter_bisection,parameter_only,14,false
sensitivity_477,policy,virgin_metal_tax_tax_0_02,virgin_metal_tax,0.02,LOCALLY_INFEASIBLE,INFEASIBLE_POINT,false,13.184998141,0.0010905281694977287,1,0.0,0,material_composite_production_SK,eqpzs,IND_SK_NEW_ELMA,0.0010905281694977287,EOL_FLOW_EOL_DE_ELMA_INC,0.0,,2.0,2.0,1.0,2.0,2.0,1.0,sensitivity_477,sensitivity_471,trade.cet_transformation_elasticity,0.5,2.0,0.56640625,1.349609375,parameter_bisection,parameter_only,15,false
sensitivity_477,policy,virgin_metal_tax_tax_0_02,virgin_metal_tax,0.02,LOCALLY_INFEASIBLE,INFEASIBLE_POINT,false,9.209888664,0.0010076788591324437,1,0.0,0,material_composite_production_SK,eqpzs,IND_SK_NEW_ELMA,0.0010076788591324437,EOL_FLOW_EOL_DE_ELMA_INC,0.0,,2.0,2.0,1.0,2.0,2.0,1.0,sensitivity_477,sensitivity_471,trade.cet_transformation_elasticity,0.5,2.0,0.564453125,1.3466796875,parameter_bisection,parameter_only,16,false
sensitivity_477,policy,virgin_metal_tax_tax_0_02,virgin_metal_tax,0.02,LOCALLY_INFEASIBLE,INFEASIBLE_POINT,false,7.478768299,0.0010100694964862988,1,0.0,0,material_composite_production_SK,eqpzs,IND_SK_NEW_ELMA,0.0010100694964862988,EOL_FLOW_EOL_DE_ELMA_INC,0.0,,2.0,2.0,1.0,2.0,2.0,1.0,sensitivity_477,sensitivity_471,trade.cet_transformation_elasticity,0.5,2.0,0.5634765625,1.34521484375,parameter_bisection,parameter_only,17,false
sensitivity_493,policy,virgin_metal_tax_tax_0_02,virgin_metal_tax,0.02,LOCALLY_INFEASIBLE,INFEASIBLE_POINT,true,9.637757809,0.0009278494855956554,0,0.0,0,material_composite_production_REU,eqpzs,IND_REU_NEW_ELMA,0.0009278494855956554,EOL_FLOW_EOL_DE_ELMA_INC,0.0,,0.5,2.0,0.5,0.5,0.5,2.0,sensitivity_493,sensitivity_487,trade.cet_transformation_elasticity,0.5,2.0,1.0,2.0,direct_target,parameter_only,1,true
sensitivity_502,policy,virgin_metal_tax_tax_0_02,virgin_metal_tax,0.02,LOCALLY_INFEASIBLE,INFEASIBLE_POINT,false,18.472361062,0.00309579414504748,1,2.3550667455122085e-9,0,material_composite_production_IT,material_composite_demand,IND_IT_NEW_ELMA|IND_IT_REC_EE,0.00309579414504748,F_FAC_SK_CAP_IND_SK_NEW_OFMA,2.3550667455122085e-9,,0.5,2.0,1.0,0.5,0.5,2.0,sensitivity_502,sensitivity_016,circular_metal.material_substitution_elasticity,0.5,2.0,1.0,2.0,direct_target,parameter_only,1,false
sensitivity_502,policy,virgin_metal_tax_tax_0_02,virgin_metal_tax,0.02,LOCALLY_INFEASIBLE,INFEASIBLE_POINT,false,22.073567864,0.0010802925784577644,1,0.0,0,material_composite_production_REU,eqpzs,IND_REU_NEW_ELMA,0.0010802925784577644,EOL_FLOW_EOL_DE_ELMA_INC,0.0,,0.5,2.0,1.0,0.5,0.5,2.0,sensitivity_502,sensitivity_016,circular_metal.material_substitution_elasticity,0.5,2.0,0.5,1.25,parameter_bisection,parameter_only,2,false
sensitivity_502,policy,virgin_metal_tax_tax_0_02,virgin_metal_tax,0.02,LOCALLY_INFEASIBLE,INFEASIBLE_POINT,false,17.137716447,0.0010765996765244035,1,0.0,0,material_composite_production_REU,eqpzs,IND_REU_NEW_ELMA,0.0010765996765244035,EOL_FLOW_EOL_DE_ELMA_INC,0.0,,0.5,2.0,1.0,0.5,0.5,2.0,sensitivity_502,sensitivity_016,circular_metal.material_substitution_elasticity,0.5,2.0,0.25,0.875,parameter_bisection,parameter_only,3,false
sensitivity_502,policy,virgin_metal_tax_tax_0_02,virgin_metal_tax,0.02,LOCALLY_INFEASIBLE,INFEASIBLE_POINT,false,14.258338755,0.001029924118420178,1,0.0,0,material_composite_production_REU,eqpzs,IND_REU_NEW_ELMA,0.001029924118420178,EOL_FLOW_EOL_DE_ELMA_INC,0.0,,0.5,2.0,1.0,0.5,0.5,2.0,sensitivity_502,sensitivity_016,circular_metal.material_substitution_elasticity,0.5,2.0,0.125,0.6875,parameter_bisection,parameter_only,4,false
sensitivity_502,policy,virgin_metal_tax_tax_0_02,virgin_metal_tax,0.02,LOCALLY_INFEASIBLE,INFEASIBLE_POINT,true,14.647590554,0.0009943264973392152,0,0.0,0,material_composite_production_REU,eqpzs,IND_REU_NEW_ELMA,0.0009943264973392152,EOL_FLOW_EOL_DE_ELMA_INC,0.0,,0.5,2.0,1.0,0.5,0.5,2.0,sensitivity_502,sensitivity_016,circular_metal.material_substitution_elasticity,0.5,2.0,0.0625,0.59375,parameter_bisection,parameter_only,5,true
sensitivity_502,policy,virgin_metal_tax_tax_0_02,virgin_metal_tax,0.02,LOCALLY_INFEASIBLE,INFEASIBLE_POINT,false,15.223628044,0.0010782209448836344,1,0.0,0,material_composite_production_REU,eqpzs,IND_REU_NEW_ELMA,0.0010782209448836344,EOL_FLOW_EOL_DE_ELMA_INC,0.0,,0.5,2.0,1.0,0.5,0.5,2.0,sensitivity_502,sensitivity_016,circular_metal.material_substitution_elasticity,0.5,2.0,0.1875,0.78125,parameter_bisection,parameter_only,6,false
sensitivity_502,policy,virgin_metal_tax_tax_0_02,virgin_metal_tax,0.02,LOCALLY_INFEASIBLE,INFEASIBLE_POINT,true,12.628654988,0.0009729137065475069,0,0.0,0,material_composite_production_REU,eqpzs,IND_REU_NEW_ELMA,0.0009729137065475069,EOL_FLOW_EOL_DE_ELMA_INC,0.0,,0.5,2.0,1.0,0.5,0.5,2.0,sensitivity_502,sensitivity_016,circular_metal.material_substitution_elasticity,0.5,2.0,0.125,0.6875,parameter_bisection,parameter_only,7,true
sensitivity_502,policy,virgin_metal_tax_tax_0_02,virgin_metal_tax,0.02,LOCALLY_INFEASIBLE,INFEASIBLE_POINT,true,20.181872133,0.0009486165621267473,0,0.0,0,material_composite_production_REU,eqpzs,IND_REU_NEW_ELMA,0.0009486165621267473,EOL_FLOW_EOL_DE_ELMA_INC,0.0,,0.5,2.0,1.0,0.5,0.5,2.0,sensitivity_502,sensitivity_016,circular_metal.material_substitution_elasticity,0.5,2.0,0.25,0.875,parameter_bisection,parameter_only,8,true
sensitivity_502,policy,virgin_metal_tax_tax_0_02,virgin_metal_tax,0.02,LOCALLY_INFEASIBLE,INFEASIBLE_POINT,false,27.591971611,0.010408413222587232,1,0.0,0,observed_physical_flow_links,quantity_link,physical_SK_OFMA_REP_route_input_mass,0.010408413222587232,EOL_FLOW_EOL_DE_ELMA_INC,0.0,,0.5,2.0,1.0,0.5,0.5,2.0,sensitivity_502,sensitivity_016,circular_metal.material_substitution_elasticity,0.5,2.0,0.5,1.25,parameter_bisection,parameter_only,9,false
sensitivity_502,policy,virgin_metal_tax_tax_0_02,virgin_metal_tax,0.02,LOCALLY_INFEASIBLE,INFEASIBLE_POINT,true,11.613169801,0.0009737002185807864,0,0.0,0,material_composite_production_REU,eqpzs,IND_REU_NEW_ELMA,0.0009737002185807864,EOL_FLOW_EOL_DE_ELMA_INC,0.0,,0.5,2.0,1.0,0.5,0.5,2.0,sensitivity_502,sensitivity_016,circular_metal.material_substitution_elasticity,0.5,2.0,0.375,1.0625,parameter_bisection,parameter_only,10,true
sensitivity_502,policy,virgin_metal_tax_tax_0_02,virgin_metal_tax,0.02,LOCALLY_INFEASIBLE,INFEASIBLE_POINT,false,8.840412169,0.0036905527405024998,1,0.0,0,material_composite_production_IT,material_composite_demand,IND_IT_NEW_ELMA|IND_IT_REC_EE,0.0036905527405024998,EOL_FLOW_EOL_DE_ELMA_INC,0.0,,0.5,2.0,1.0,0.5,0.5,2.0,sensitivity_502,sensitivity_016,circular_metal.material_substitution_elasticity,0.5,2.0,0.625,1.4375,parameter_bisection,parameter_only,11,false
sensitivity_502,policy,virgin_metal_tax_tax_0_02,virgin_metal_tax,0.02,LOCALLY_INFEASIBLE,INFEASIBLE_POINT,true,9.500914015,0.0009516142419387918,0,0.0,0,material_composite_production_REU,eqpzs,IND_REU_NEW_ELMA,0.0009516142419387918,EOL_FLOW_EOL_DE_ELMA_INC,0.0,,0.5,2.0,1.0,0.5,0.5,2.0,sensitivity_502,sensitivity_016,circular_metal.material_substitution_elasticity,0.5,2.0,0.5,1.25,parameter_bisection,parameter_only,12,true
sensitivity_502,policy,virgin_metal_tax_tax_0_02,virgin_metal_tax,0.02,LOCALLY_INFEASIBLE,INFEASIBLE_POINT,true,5.086167149,0.0009481088289834405,0,0.0,0,material_composite_production_REU,eqpzs,IND_REU_NEW_ELMA,0.0009481088289834405,EOL_FLOW_EOL_DE_ELMA_INC,0.0,,0.5,2.0,1.0,0.5,0.5,2.0,sensitivity_502,sensitivity_016,circular_metal.material_substitution_elasticity,0.5,2.0,0.75,1.625,parameter_bisection,parameter_only,13,true
sensitivity_502,policy,virgin_metal_tax_tax_0_02,virgin_metal_tax,0.02,LOCALLY_INFEASIBLE,INFEASIBLE_POINT,false,13.433877979,0.0010174597396549467,1,0.0,0,material_composite_production_REU,eqpzs,IND_REU_NEW_ELMA,0.0010174597396549467,EOL_FLOW_EOL_DE_ELMA_INC,0.0,,0.5,2.0,1.0,0.5,0.5,2.0,sensitivity_502,sensitivity_016,circular_metal.material_substitution_elasticity,0.5,2.0,1.0,2.0,parameter_bisection,parameter_only,14,false
sensitivity_502,policy,virgin_metal_tax_tax_0_02,virgin_metal_tax,0.02,LOCALLY_INFEASIBLE,INFEASIBLE_POINT,true,5.416504092,0.0009460195381157943,0,0.0,0,material_composite_production_REU,eqpzs,IND_REU_NEW_ELMA,0.0009460195381157943,EOL_FLOW_EOL_DE_ELMA_INC,0.0,,0.5,2.0,1.0,0.5,0.5,2.0,sensitivity_502,sensitivity_016,circular_metal.material_substitution_elasticity,0.5,2.0,0.875,1.8125,parameter_bisection,parameter_only,15,true
sensitivity_502,policy,virgin_metal_tax_tax_0_02,virgin_metal_tax,0.02,LOCALLY_INFEASIBLE,INFEASIBLE_POINT,false,16.336934875,0.001015867533721293,1,0.0,0,material_composite_production_REU,eqpzs,IND_REU_NEW_ELMA,0.001015867533721293,EOL_FLOW_EOL_DE_ELMA_INC,0.0,,0.5,2.0,1.0,0.5,0.5,2.0,sensitivity_502,sensitivity_016,circular_metal.material_substitution_elasticity,0.5,2.0,1.0,2.0,parameter_bisection,parameter_only,16,false
sensitivity_502,policy,virgin_metal_tax_tax_0_02,virgin_metal_tax,0.02,LOCALLY_INFEASIBLE,INFEASIBLE_POINT,false,7.313087736,0.001023985954999862,1,0.0,0,material_composite_production_REU,eqpzs,IND_REU_NEW_ELMA,0.001023985954999862,EOL_FLOW_EOL_DE_ELMA_INC,0.0,,0.5,2.0,1.0,0.5,0.5,2.0,sensitivity_502,sensitivity_016,circular_metal.material_substitution_elasticity,0.5,2.0,0.9375,1.90625,parameter_bisection,parameter_only,17,false
sensitivity_502,policy,virgin_metal_tax_tax_0_02,virgin_metal_tax,0.02,LOCALLY_INFEASIBLE,INFEASIBLE_POINT,false,13.731933316,0.0010773077155149524,1,0.0,0,material_composite_production_REU,eqpzs,IND_REU_NEW_ELMA,0.0010773077155149524,EOL_FLOW_EOL_DE_ELMA_INC,0.0,,0.5,2.0,1.0,0.5,0.5,2.0,sensitivity_502,sensitivity_016,circular_metal.material_substitution_elasticity,0.5,2.0,0.90625,1.859375,parameter_bisection,parameter_only,18,false
sensitivity_502,policy,virgin_metal_tax_tax_0_02,virgin_metal_tax,0.02,LOCALLY_INFEASIBLE,INFEASIBLE_POINT,false,11.610201778,0.0010639197081563356,1,0.0,0,material_composite_production_REU,eqpzs,IND_REU_NEW_ELMA,0.0010639197081563356,EOL_FLOW_EOL_DE_ELMA_INC,0.0,,0.5,2.0,1.0,0.5,0.5,2.0,sensitivity_502,sensitivity_016,circular_metal.material_substitution_elasticity,0.5,2.0,0.890625,1.8359375,parameter_bisection,parameter_only,19,false
sensitivity_502,policy,virgin_metal_tax_tax_0_02,virgin_metal_tax,0.02,LOCALLY_INFEASIBLE,INFEASIBLE_POINT,false,5.394708168,0.0010220007858976476,1,0.0,0,material_composite_production_REU,eqpzs,IND_REU_NEW_ELMA,0.0010220007858976476,EOL_FLOW_EOL_DE_ELMA_INC,0.0,,0.5,2.0,1.0,0.5,0.5,2.0,sensitivity_502,sensitivity_016,circular_metal.material_substitution_elasticity,0.5,2.0,0.8828125,1.82421875,parameter_bisection,parameter_only,20,false
sensitivity_502,policy,virgin_metal_tax_tax_0_02,virgin_metal_tax,0.02,LOCALLY_INFEASIBLE,INFEASIBLE_POINT,false,10.368959663,0.0010575847962550622,1,0.0,0,material_composite_production_REU,eqpzs,IND_REU_NEW_ELMA,0.0010575847962550622,EOL_FLOW_EOL_DE_ELMA_INC,0.0,,0.5,2.0,1.0,0.5,0.5,2.0,sensitivity_502,sensitivity_016,circular_metal.material_substitution_elasticity,0.5,2.0,0.87890625,1.818359375,parameter_bisection,parameter_only,21,false
sensitivity_502,policy,virgin_metal_tax_tax_0_02,virgin_metal_tax,0.02,LOCALLY_INFEASIBLE,INFEASIBLE_POINT,false,9.424276437,0.0010532194358290337,1,0.0,0,material_composite_production_REU,eqpzs,IND_REU_NEW_ELMA,0.0010532194358290337,EOL_FLOW_EOL_DE_ELMA_INC,0.0,,0.5,2.0,1.0,0.5,0.5,2.0,sensitivity_502,sensitivity_016,circular_metal.material_substitution_elasticity,0.5,2.0,0.876953125,1.8154296875,parameter_bisection,parameter_only,22,false
sensitivity_502,policy,virgin_metal_tax_tax_0_02,virgin_metal_tax,0.02,LOCALLY_INFEASIBLE,INFEASIBLE_POINT,false,4.688532255,0.0010337304814270754,1,0.0,0,material_composite_production_REU,eqpzs,IND_REU_NEW_ELMA,0.0010337304814270754,EOL_FLOW_EOL_DE_ELMA_INC,0.0,,0.5,2.0,1.0,0.5,0.5,2.0,sensitivity_502,sensitivity_016,circular_metal.material_substitution_elasticity,0.5,2.0,0.8759765625,1.81396484375,parameter_bisection,parameter_only,23,false
sensitivity_511,policy,virgin_metal_tax_tax_0_02,virgin_metal_tax,0.02,LOCALLY_INFEASIBLE,INFEASIBLE_POINT,true,47.151808853,0.00098597592779337,0,0.0,0,material_composite_production_REU,eqpzs,IND_REU_NEW_ELMA,0.00098597592779337,EOL_FLOW_EOL_DE_ELMA_INC,0.0,,0.5,2.0,2.0,0.5,0.5,2.0,sensitivity_511,sensitivity_025,circular_metal.material_substitution_elasticity,0.5,2.0,1.0,2.0,direct_target,parameter_only,1,true
sensitivity_517,policy,virgin_metal_tax_tax_0_02,virgin_metal_tax,0.02,LOCALLY_INFEASIBLE,INFEASIBLE_POINT,false,12.379885039,0.010449127302713027,3,0.0,0,material_composite_production_IT,material_composite_demand,IND_IT_NEW_ELMA|IND_IT_REC_EE,0.010449127302713027,EOL_FLOW_EOL_DE_ELMA_INC,0.0,,0.5,1.0,0.5,1.0,0.5,2.0,sensitivity_517,sensitivity_031,circular_metal.material_substitution_elasticity,0.5,2.0,1.0,2.0,direct_target,parameter_only,1,false
sensitivity_517,policy,virgin_metal_tax_tax_0_02,virgin_metal_tax,0.02,LOCALLY_INFEASIBLE,INFEASIBLE_POINT,true,22.57689124,0.000714991672352289,0,0.0,0,common_eu_trade,eu_cet_quantity,NEW_ELMA|SK,0.000714991672352289,EOL_FLOW_EOL_DE_ELMA_INC,0.0,,0.5,1.0,0.5,1.0,0.5,2.0,sensitivity_517,sensitivity_031,circular_metal.material_substitution_elasticity,0.5,2.0,0.5,1.25,parameter_bisection,parameter_only,2,true
sensitivity_517,policy,virgin_metal_tax_tax_0_02,virgin_metal_tax,0.02,LOCALLY_INFEASIBLE,INFEASIBLE_POINT,true,31.336306339,0.0007457355233244645,0,0.0,0,material_composite_production_REU,eqpzs,IND_REU_NEW_ELMA,0.0007457355233244645,EOL_FLOW_EOL_DE_ELMA_INC,0.0,,0.5,1.0,0.5,1.0,0.5,2.0,sensitivity_517,sensitivity_031,circular_metal.material_substitution_elasticity,0.5,2.0,1.0,2.0,parameter_bisection,parameter_only,3,true
sensitivity_522,policy,virgin_metal_tax_tax_0_02,virgin_metal_tax,0.02,LOCALLY_INFEASIBLE,INFEASIBLE_POINT,false,33.26267569,0.0012478413917962339,2,0.0,0,material_composite_production_SK,eqpzs,IND_SK_NEW_ELMA,0.0012478413917962339,EOL_FLOW_EOL_DE_ELMA_INC,0.0,,2.0,2.0,0.5,1.0,0.5,2.0,sensitivity_522,sensitivity_279,circular_metal.material_substitution_elasticity,1.0,2.0,1.0,2.0,direct_target,parameter_only,1,false
sensitivity_522,policy,virgin_metal_tax_tax_0_02,virgin_metal_tax,0.02,LOCALLY_INFEASIBLE,INFEASIBLE_POINT,false,45.868167582,0.0010796529431988944,1,0.0,0,material_composite_production_SK,eqpzs,IND_SK_NEW_ELMA,0.0010796529431988944,EOL_FLOW_EOL_DE_ELMA_INC,0.0,,2.0,2.0,0.5,1.0,0.5,2.0,sensitivity_522,sensitivity_279,circular_metal.material_substitution_elasticity,1.0,2.0,0.5,1.5,parameter_bisection,parameter_only,2,false
sensitivity_522,policy,virgin_metal_tax_tax_0_02,virgin_metal_tax,0.02,LOCALLY_INFEASIBLE,INFEASIBLE_POINT,false,6.753766141,0.0027598619805455004,1,0.0,0,material_composite_production_IT,material_composite_demand,IND_IT_NEW_ELMA|IND_IT_REC_EE,0.0027598619805455004,EOL_FLOW_EOL_DE_ELMA_INC,0.0,,2.0,2.0,0.5,1.0,0.5,2.0,sensitivity_522,sensitivity_279,circular_metal.material_substitution_elasticity,1.0,2.0,0.25,1.25,parameter_bisection,parameter_only,3,false
sensitivity_522,policy,virgin_metal_tax_tax_0_02,virgin_metal_tax,0.02,LOCALLY_INFEASIBLE,INFEASIBLE_POINT,false,20.71744138,0.001265225527937619,2,0.0,0,material_composite_production_SK,eqpzs,IND_SK_NEW_ELMA,0.001265225527937619,EOL_FLOW_EOL_DE_ELMA_INC,0.0,,2.0,2.0,0.5,1.0,0.5,2.0,sensitivity_522,sensitivity_279,circular_metal.material_substitution_elasticity,1.0,2.0,0.125,1.125,parameter_bisection,parameter_only,4,false
sensitivity_522,policy,virgin_metal_tax_tax_0_02,virgin_metal_tax,0.02,LOCALLY_INFEASIBLE,INFEASIBLE_POINT,false,21.896230709,0.0011397428630285367,1,0.0,0,material_composite_production_SK,eqpzs,IND_SK_NEW_ELMA,0.0011397428630285367,EOL_FLOW_EOL_DE_ELMA_INC,0.0,,2.0,2.0,0.5,1.0,0.5,2.0,sensitivity_522,sensitivity_279,circular_metal.material_substitution_elasticity,1.0,2.0,0.0625,1.0625,parameter_bisection,parameter_only,5,false
sensitivity_522,policy,virgin_metal_tax_tax_0_02,virgin_metal_tax,0.02,LOCALLY_INFEASIBLE,INFEASIBLE_POINT,false,20.626093648,0.27650229332852194,6,0.0,0,observed_physical_flow_links,quantity_link,physical_SK_OFMA_REP_route_input_mass,0.27650229332852194,EOL_FLOW_EOL_DE_ELMA_INC,0.0,,2.0,2.0,0.5,1.0,0.5,2.0,sensitivity_522,sensitivity_279,circular_metal.material_substitution_elasticity,1.0,2.0,0.03125,1.03125,parameter_bisection,parameter_only,6,false
sensitivity_522,policy,virgin_metal_tax_tax_0_02,virgin_metal_tax,0.02,LOCALLY_INFEASIBLE,INFEASIBLE_POINT,false,12.877687578,0.001267912650821268,2,0.0,0,material_composite_production_SK,eqpzs,IND_SK_NEW_ELMA,0.001267912650821268,EOL_FLOW_EOL_DE_ELMA_INC,0.0,,2.0,2.0,0.5,1.0,0.5,2.0,sensitivity_522,sensitivity_279,circular_metal.material_substitution_elasticity,1.0,2.0,0.015625,1.015625,parameter_bisection,parameter_only,7,false
sensitivity_522,policy,virgin_metal_tax_tax_0_02,virgin_metal_tax,0.02,LOCALLY_INFEASIBLE,INFEASIBLE_POINT,false,17.689066198,0.001079066524097727,1,0.0,0,material_composite_production_REU,eqpzs,IND_REU_NEW_ELMA,0.001079066524097727,EOL_FLOW_EOL_DE_ELMA_INC,0.0,,2.0,2.0,0.5,1.0,0.5,2.0,sensitivity_522,sensitivity_279,circular_metal.material_substitution_elasticity,1.0,2.0,0.0078125,1.0078125,parameter_bisection,parameter_only,8,false
sensitivity_522,policy,virgin_metal_tax_tax_0_02,virgin_metal_tax,0.02,LOCALLY_INFEASIBLE,INFEASIBLE_POINT,false,7.194365056,0.0011828701049058088,1,0.0,0,material_composite_production_SK,eqpzs,IND_SK_NEW_ELMA,0.0011828701049058088,EOL_FLOW_EOL_DE_ELMA_INC,0.0,,2.0,2.0,0.5,1.0,0.5,2.0,sensitivity_522,sensitivity_279,circular_metal.material_substitution_elasticity,1.0,2.0,0.00390625,1.00390625,parameter_bisection,parameter_only,9,false
sensitivity_522,policy,virgin_metal_tax_tax_0_02,virgin_metal_tax,0.02,LOCALLY_INFEASIBLE,INFEASIBLE_POINT,true,2.959648175,0.0008922993925889466,0,0.0,0,material_composite_production_REU,eqpzs,IND_REU_NEW_ELMA,0.0008922993925889466,EOL_FLOW_EOL_DE_ELMA_INC,0.0,,2.0,2.0,0.5,1.0,0.5,2.0,sensitivity_522,sensitivity_279,circular_metal.material_substitution_elasticity,1.0,2.0,0.001953125,1.001953125,parameter_bisection,parameter_only,10,true
sensitivity_522,policy,virgin_metal_tax_tax_0_02,virgin_metal_tax,0.02,LOCALLY_INFEASIBLE,INFEASIBLE_POINT,false,4.890562172,0.0010116542057638789,1,0.0,0,material_composite_production_SK,eqpzs,IND_SK_NEW_ELMA,0.0010116542057638789,EOL_FLOW_EOL_DE_ELMA_INC,0.0,,2.0,2.0,0.5,1.0,0.5,2.0,sensitivity_522,sensitivity_279,circular_metal.material_substitution_elasticity,1.0,2.0,0.005859375,1.005859375,parameter_bisection,parameter_only,11,false
sensitivity_522,policy,virgin_metal_tax_tax_0_02,virgin_metal_tax,0.02,LOCALLY_INFEASIBLE,INFEASIBLE_POINT,true,3.482257128,0.0008898347677298579,0,0.0,0,material_composite_production_REU,eqpzs,IND_REU_NEW_ELMA,0.0008898347677298579,EOL_FLOW_EOL_DE_ELMA_INC,0.0,,2.0,2.0,0.5,1.0,0.5,2.0,sensitivity_522,sensitivity_279,circular_metal.material_substitution_elasticity,1.0,2.0,0.00390625,1.00390625,parameter_bisection,parameter_only,12,true
sensitivity_522,policy,virgin_metal_tax_tax_0_02,virgin_metal_tax,0.02,LOCALLY_INFEASIBLE,INFEASIBLE_POINT,true,3.80813641,0.0008819100153550918,0,0.0,0,material_composite_production_REU,eqpzs,IND_REU_NEW_ELMA,0.0008819100153550918,EOL_FLOW_EOL_DE_ELMA_INC,0.0,,2.0,2.0,0.5,1.0,0.5,2.0,sensitivity_522,sensitivity_279,circular_metal.material_substitution_elasticity,1.0,2.0,0.0078125,1.0078125,parameter_bisection,parameter_only,13,true
sensitivity_522,policy,virgin_metal_tax_tax_0_02,virgin_metal_tax,0.02,LOCALLY_INFEASIBLE,INFEASIBLE_POINT,false,12.304481687,0.0010786532668461968,1,0.0,0,material_composite_production_REU,eqpzs,IND_REU_NEW_ELMA,0.0010786532668461968,EOL_FLOW_EOL_DE_ELMA_INC,0.0,,2.0,2.0,0.5,1.0,0.5,2.0,sensitivity_522,sensitivity_279,circular_metal.material_substitution_elasticity,1.0,2.0,0.015625,1.015625,parameter_bisection,parameter_only,14,false
sensitivity_522,policy,virgin_metal_tax_tax_0_02,virgin_metal_tax,0.02,LOCALLY_INFEASIBLE,INFEASIBLE_POINT,false,6.998465216,0.0011795966926065882,1,0.0,0,material_composite_production_SK,eqpzs,IND_SK_NEW_ELMA,0.0011795966926065882,EOL_FLOW_EOL_DE_ELMA_INC,0.0,,2.0,2.0,0.5,1.0,0.5,2.0,sensitivity_522,sensitivity_279,circular_metal.material_substitution_elasticity,1.0,2.0,0.01171875,1.01171875,parameter_bisection,parameter_only,15,false
sensitivity_522,policy,virgin_metal_tax_tax_0_02,virgin_metal_tax,0.02,LOCALLY_INFEASIBLE,INFEASIBLE_POINT,true,3.414109986,0.0008742747095903391,0,0.0,0,material_composite_production_REU,eqpzs,IND_REU_NEW_ELMA,0.0008742747095903391,EOL_FLOW_EOL_DE_ELMA_INC,0.0,,2.0,2.0,0.5,1.0,0.5,2.0,sensitivity_522,sensitivity_279,circular_metal.material_substitution_elasticity,1.0,2.0,0.009765625,1.009765625,parameter_bisection,parameter_only,16,true
sensitivity_522,policy,virgin_metal_tax_tax_0_02,virgin_metal_tax,0.02,LOCALLY_INFEASIBLE,INFEASIBLE_POINT,true,3.725143467,0.0008794962645956028,0,0.0,0,material_composite_production_SK,eqpzs,IND_SK_NEW_ELMA,0.0008794962645956028,EOL_FLOW_EOL_DE_ELMA_INC,0.0,,2.0,2.0,0.5,1.0,0.5,2.0,sensitivity_522,sensitivity_279,circular_metal.material_substitution_elasticity,1.0,2.0,0.013671875,1.013671875,parameter_bisection,parameter_only,17,true
sensitivity_522,policy,virgin_metal_tax_tax_0_02,virgin_metal_tax,0.02,LOCALLY_INFEASIBLE,INFEASIBLE_POINT,true,5.162362897,0.0009475671202128222,0,0.0,0,material_composite_production_SK,eqpzs,IND_SK_NEW_ELMA,0.0009475671202128222,EOL_FLOW_EOL_DE_ELMA_INC,0.0,,2.0,2.0,0.5,1.0,0.5,2.0,sensitivity_522,sensitivity_279,circular_metal.material_substitution_elasticity,1.0,2.0,0.021484375,1.021484375,parameter_bisection,parameter_only,18,true
sensitivity_522,policy,virgin_metal_tax_tax_0_02,virgin_metal_tax,0.02,LOCALLY_INFEASIBLE,INFEASIBLE_POINT,false,44.369710583,0.0010790240112266147,1,0.0,0,material_composite_production_REU,eqpzs,IND_REU_NEW_ELMA,0.0010790240112266147,EOL_FLOW_EOL_DE_ELMA_INC,0.0,,2.0,2.0,0.5,1.0,0.5,2.0,sensitivity_522,sensitivity_279,circular_metal.material_substitution_elasticity,1.0,2.0,0.037109375,1.037109375,parameter_bisection,parameter_only,19,false
sensitivity_522,policy,virgin_metal_tax_tax_0_02,virgin_metal_tax,0.02,LOCALLY_INFEASIBLE,INFEASIBLE_POINT,true,4.821700681,0.0009346252840448654,0,0.0,0,material_composite_production_SK,eqpzs,IND_SK_NEW_ELMA,0.0009346252840448654,EOL_FLOW_EOL_DE_ELMA_INC,0.0,,2.0,2.0,0.5,1.0,0.5,2.0,sensitivity_522,sensitivity_279,circular_metal.material_substitution_elasticity,1.0,2.0,0.029296875,1.029296875,parameter_bisection,parameter_only,20,true
sensitivity_522,policy,virgin_metal_tax_tax_0_02,virgin_metal_tax,0.02,LOCALLY_INFEASIBLE,INFEASIBLE_POINT,true,5.598266946,0.0009047016342129677,0,0.0,0,material_composite_production_SK,eqpzs,IND_SK_NEW_ELMA,0.0009047016342129677,EOL_FLOW_EOL_DE_ELMA_INC,0.0,,2.0,2.0,0.5,1.0,0.5,2.0,sensitivity_522,sensitivity_279,circular_metal.material_substitution_elasticity,1.0,2.0,0.044921875,1.044921875,parameter_bisection,parameter_only,21,true
sensitivity_522,policy,virgin_metal_tax_tax_0_02,virgin_metal_tax,0.02,LOCALLY_INFEASIBLE,INFEASIBLE_POINT,true,3.405860833,0.0009045453264926451,0,0.0,0,material_composite_production_SK,eqpzs,IND_SK_NEW_ELMA,0.0009045453264926451,EOL_FLOW_EOL_DE_ELMA_INC,0.0,,2.0,2.0,0.5,1.0,0.5,2.0,sensitivity_522,sensitivity_279,circular_metal.material_substitution_elasticity,1.0,2.0,0.076171875,1.076171875,parameter_bisection,parameter_only,22,true
sensitivity_522,policy,virgin_metal_tax_tax_0_02,virgin_metal_tax,0.02,LOCALLY_INFEASIBLE,INFEASIBLE_POINT,true,28.311732412,0.0009414356488358644,0,0.0,0,material_composite_production_SK,eqpzs,IND_SK_NEW_ELMA,0.0009414356488358644,EOL_FLOW_EOL_DE_ELMA_INC,0.0,,2.0,2.0,0.5,1.0,0.5,2.0,sensitivity_522,sensitivity_279,circular_metal.material_substitution_elasticity,1.0,2.0,0.138671875,1.138671875,parameter_bisection,parameter_only,23,true
sensitivity_522,policy,virgin_metal_tax_tax_0_02,virgin_metal_tax,0.02,LOCALLY_INFEASIBLE,INFEASIBLE_POINT,false,33.898833894,0.0010791967905714461,1,8.91956992143541e-9,0,material_composite_production_REU,eqpzs,IND_REU_NEW_ELMA,0.0010791967905714461,F_FAC_SK_LAB_IND_SK_REP_OFMA,8.91956992143541e-9,,2.0,2.0,0.5,1.0,0.5,2.0,sensitivity_522,sensitivity_279,circular_metal.material_substitution_elasticity,1.0,2.0,0.263671875,1.263671875,parameter_bisection,parameter_only,24,false
sensitivity_522,policy,virgin_metal_tax_tax_0_02,virgin_metal_tax,0.02,LOCALLY_INFEASIBLE,INFEASIBLE_POINT,true,11.869592904,0.0009223258404955637,0,0.0,0,material_composite_production_REU,eqpzs,IND_REU_NEW_ELMA,0.0009223258404955637,EOL_FLOW_EOL_DE_ELMA_INC,0.0,,2.0,2.0,0.5,1.0,0.5,2.0,sensitivity_522,sensitivity_279,circular_metal.material_substitution_elasticity,1.0,2.0,0.201171875,1.201171875,parameter_bisection,parameter_only,25,true
sensitivity_522,policy,virgin_metal_tax_tax_0_02,virgin_metal_tax,0.02,LOCALLY_INFEASIBLE,INFEASIBLE_POINT,false,13.93938741,0.0010588895230099205,1,0.0,0,material_composite_production_SK,eqpzs,IND_SK_NEW_ELMA,0.0010588895230099205,EOL_FLOW_EOL_DE_ELMA_INC,0.0,,2.0,2.0,0.5,1.0,0.5,2.0,sensitivity_522,sensitivity_279,circular_metal.material_substitution_elasticity,1.0,2.0,0.326171875,1.326171875,parameter_bisection,parameter_only,26,false
sensitivity_522,policy,virgin_metal_tax_tax_0_02,virgin_metal_tax,0.02,LOCALLY_INFEASIBLE,INFEASIBLE_POINT,true,10.503063119,0.0007560902019171367,0,0.0,0,material_composite_production_SK,eqpzs,IND_SK_NEW_ELMA,0.0007560902019171367,EOL_FLOW_EOL_DE_ELMA_INC,0.0,,2.0,2.0,0.5,1.0,0.5,2.0,sensitivity_522,sensitivity_279,circular_metal.material_substitution_elasticity,1.0,2.0,0.263671875,1.263671875,parameter_bisection,parameter_only,27,true
sensitivity_522,policy,virgin_metal_tax_tax_0_02,virgin_metal_tax,0.02,LOCALLY_INFEASIBLE,INFEASIBLE_POINT,false,15.594148813,0.0012511255969979151,1,0.0,0,material_composite_production_SK,eqpzs,IND_SK_NEW_ELMA,0.0012511255969979151,EOL_FLOW_EOL_DE_ELMA_INC,0.0,,2.0,2.0,0.5,1.0,0.5,2.0,sensitivity_522,sensitivity_279,circular_metal.material_substitution_elasticity,1.0,2.0,0.388671875,1.388671875,parameter_bisection,parameter_only,28,false
sensitivity_522,policy,virgin_metal_tax_tax_0_02,virgin_metal_tax,0.02,LOCALLY_INFEASIBLE,INFEASIBLE_POINT,false,18.118816243,0.0010860225985828142,1,0.0,0,material_composite_production_SK,eqpzs,IND_SK_NEW_ELMA,0.0010860225985828142,EOL_FLOW_EOL_DE_ELMA_INC,0.0,,2.0,2.0,0.5,1.0,0.5,2.0,sensitivity_522,sensitivity_279,circular_metal.material_substitution_elasticity,1.0,2.0,0.326171875,1.326171875,parameter_bisection,parameter_only,29,false
sensitivity_522,policy,virgin_metal_tax_tax_0_02,virgin_metal_tax,0.02,LOCALLY_INFEASIBLE,INFEASIBLE_POINT,false,12.821528806,0.001135016296128999,1,0.0,0,material_composite_production_SK,eqpzs,IND_SK_NEW_ELMA,0.001135016296128999,EOL_FLOW_EOL_DE_ELMA_INC,0.0,,2.0,2.0,0.5,1.0,0.5,2.0,sensitivity_522,sensitivity_279,circular_metal.material_substitution_elasticity,1.0,2.0,0.294921875,1.294921875,parameter_bisection,parameter_only,30,false
sensitivity_522,policy,virgin_metal_tax_tax_0_02,virgin_metal_tax,0.02,LOCALLY_INFEASIBLE,INFEASIBLE_POINT,false,11.501220792,0.0010088710445460558,1,0.0,0,material_composite_production_SK,eqpzs,IND_SK_NEW_ELMA,0.0010088710445460558,EOL_FLOW_EOL_DE_ELMA_INC,0.0,,2.0,2.0,0.5,1.0,0.5,2.0,sensitivity_522,sensitivity_279,circular_metal.material_substitution_elasticity,1.0,2.0,0.279296875,1.279296875,parameter_bisection,parameter_only,31,false
sensitivity_522,policy,virgin_metal_tax_tax_0_02,virgin_metal_tax,0.02,LOCALLY_INFEASIBLE,INFEASIBLE_POINT,false,9.838732378,0.0010090154524934336,1,0.0,0,material_composite_production_SK,eqpzs,IND_SK_NEW_ELMA,0.0010090154524934336,EOL_FLOW_EOL_DE_ELMA_INC,0.0,,2.0,2.0,0.5,1.0,0.5,2.0,sensitivity_522,sensitivity_279,circular_metal.material_substitution_elasticity,1.0,2.0,0.271484375,1.271484375,parameter_bisection,parameter_only,32,false
sensitivity_522,policy,virgin_metal_tax_tax_0_02,virgin_metal_tax,0.02,LOCALLY_INFEASIBLE,INFEASIBLE_POINT,true,15.546429284,0.0009299439316785563,0,0.0,0,material_composite_production_REU,eqpzs,IND_REU_NEW_ELMA,0.0009299439316785563,EOL_FLOW_EOL_DE_ELMA_INC,0.0,,2.0,2.0,0.5,1.0,0.5,2.0,sensitivity_522,sensitivity_279,circular_metal.material_substitution_elasticity,1.0,2.0,0.267578125,1.267578125,parameter_bisection,parameter_only,33,true
sensitivity_522,policy,virgin_metal_tax_tax_0_02,virgin_metal_tax,0.02,LOCALLY_INFEASIBLE,INFEASIBLE_POINT,true,4.676898933,0.0009301038903647418,0,0.0,0,material_composite_production_REU,eqpzs,IND_REU_NEW_ELMA,0.0009301038903647418,EOL_FLOW_EOL_DE_ELMA_INC,0.0,,2.0,2.0,0.5,1.0,0.5,2.0,sensitivity_522,sensitivity_279,circular_metal.material_substitution_elasticity,1.0,2.0,0.275390625,1.275390625,parameter_bisection,parameter_only,34,true
sensitivity_522,policy,virgin_metal_tax_tax_0_02,virgin_metal_tax,0.02,LOCALLY_INFEASIBLE,INFEASIBLE_POINT,true,5.157842014,0.0009321987062147485,0,0.0,0,material_composite_production_REU,eqpzs,IND_REU_NEW_ELMA,0.0009321987062147485,EOL_FLOW_EOL_DE_ELMA_INC,0.0,,2.0,2.0,0.5,1.0,0.5,2.0,sensitivity_522,sensitivity_279,circular_metal.material_substitution_elasticity,1.0,2.0,0.291015625,1.291015625,parameter_bisection,parameter_only,35,true
sensitivity_522,policy,virgin_metal_tax_tax_0_02,virgin_metal_tax,0.02,LOCALLY_INFEASIBLE,INFEASIBLE_POINT,true,7.287732138,0.0009334921678625374,0,0.0,0,material_composite_production_REU,eqpzs,IND_REU_NEW_ELMA,0.0009334921678625374,EOL_FLOW_EOL_DE_ELMA_INC,0.0,,2.0,2.0,0.5,1.0,0.5,2.0,sensitivity_522,sensitivity_279,circular_metal.material_substitution_elasticity,1.0,2.0,0.322265625,1.322265625,parameter_bisection,parameter_only,36,true
sensitivity_522,policy,virgin_metal_tax_tax_0_02,virgin_metal_tax,0.02,LOCALLY_INFEASIBLE,INFEASIBLE_POINT,false,36.020302668,0.0010816652572883667,1,0.0,0,material_composite_production_REU,eqpzs,IND_REU_NEW_ELMA,0.0010816652572883667,EOL_FLOW_EOL_DE_ELMA_INC,0.0,,2.0,2.0,0.5,1.0,0.5,2.0,sensitivity_522,sensitivity_279,circular_metal.material_substitution_elasticity,1.0,2.0,0.384765625,1.384765625,parameter_bisection,parameter_only,37,false
sensitivity_522,policy,virgin_metal_tax_tax_0_02,virgin_metal_tax,0.02,LOCALLY_INFEASIBLE,INFEASIBLE_POINT,true,8.248990208,0.0009333581589243689,0,0.0,0,material_composite_production_REU,eqpzs,IND_REU_NEW_ELMA,0.0009333581589243689,EOL_FLOW_EOL_DE_ELMA_INC,0.0,,2.0,2.0,0.5,1.0,0.5,2.0,sensitivity_522,sensitivity_279,circular_metal.material_substitution_elasticity,1.0,2.0,0.353515625,1.353515625,parameter_bisection,parameter_only,38,true
sensitivity_522,policy,virgin_metal_tax_tax_0_02,virgin_metal_tax,0.02,LOCALLY_INFEASIBLE,INFEASIBLE_POINT,false,18.468586207,0.0010226187350530491,1,0.0,0,material_composite_production_REU,eqpzs,IND_REU_NEW_ELMA,0.0010226187350530491,EOL_FLOW_EOL_DE_ELMA_INC,0.0,,2.0,2.0,0.5,1.0,0.5,2.0,sensitivity_522,sensitivity_279,circular_metal.material_substitution_elasticity,1.0,2.0,0.416015625,1.416015625,parameter_bisection,parameter_only,39,false
sensitivity_522,policy,virgin_metal_tax_tax_0_02,virgin_metal_tax,0.02,LOCALLY_INFEASIBLE,INFEASIBLE_POINT,true,7.62310779,0.0009355314781319679,0,0.0,0,material_composite_production_REU,eqpzs,IND_REU_NEW_ELMA,0.0009355314781319679,EOL_FLOW_EOL_DE_ELMA_INC,0.0,,2.0,2.0,0.5,1.0,0.5,2.0,sensitivity_522,sensitivity_279,circular_metal.material_substitution_elasticity,1.0,2.0,0.384765625,1.384765625,parameter_bisection,parameter_only,40,true
sensitivity_522,policy,virgin_metal_tax_tax_0_02,virgin_metal_tax,0.02,LOCALLY_INFEASIBLE,INFEASIBLE_POINT,true,11.201129612,0.0009273215694185488,0,0.0,0,material_composite_production_REU,eqpzs,IND_REU_NEW_ELMA,0.0009273215694185488,EOL_FLOW_EOL_DE_ELMA_INC,0.0,,2.0,2.0,0.5,1.0,0.5,2.0,sensitivity_522,sensitivity_279,circular_metal.material_substitution_elasticity,1.0,2.0,0.447265625,1.447265625,parameter_bisection,parameter_only,41,true
sensitivity_522,policy,virgin_metal_tax_tax_0_02,virgin_metal_tax,0.02,LOCALLY_INFEASIBLE,INFEASIBLE_POINT,true,19.483222818,0.0009344901814515305,0,0.0,0,material_composite_production_REU,eqpzs,IND_REU_NEW_ELMA,0.0009344901814515305,EOL_FLOW_EOL_DE_ELMA_INC,0.0,,2.0,2.0,0.5,1.0,0.5,2.0,sensitivity_522,sensitivity_279,circular_metal.material_substitution_elasticity,1.0,2.0,0.572265625,1.572265625,parameter_bisection,parameter_only,42,true
sensitivity_522,policy,virgin_metal_tax_tax_0_02,virgin_metal_tax,0.02,LOCALLY_INFEASIBLE,INFEASIBLE_POINT,false,24.074471914,0.0010824634127221122,1,0.0,0,material_composite_production_REU,eqpzs,IND_REU_NEW_ELMA,0.0010824634127221122,EOL_FLOW_EOL_DE_ELMA_INC,0.0,,2.0,2.0,0.5,1.0,0.5,2.0,sensitivity_522,sensitivity_279,circular_metal.material_substitution_elasticity,1.0,2.0,0.822265625,1.822265625,parameter_bisection,parameter_only,43,false
sensitivity_522,policy,virgin_metal_tax_tax_0_02,virgin_metal_tax,0.02,LOCALLY_INFEASIBLE,INFEASIBLE_POINT,true,11.416802017,0.0009617599549047728,0,0.0,0,material_composite_production_REU,eqpzs,IND_REU_NEW_ELMA,0.0009617599549047728,EOL_FLOW_EOL_DE_ELMA_INC,0.0,,2.0,2.0,0.5,1.0,0.5,2.0,sensitivity_522,sensitivity_279,circular_metal.material_substitution_elasticity,1.0,2.0,0.697265625,1.697265625,parameter_bisection,parameter_only,44,true
sensitivity_522,policy,virgin_metal_tax_tax_0_02,virgin_metal_tax,0.02,LOCALLY_INFEASIBLE,INFEASIBLE_POINT,false,17.2748203,0.0011051578101619608,1,0.0,0,material_composite_production_SK,eqpzs,IND_SK_NEW_ELMA,0.0011051578101619608,EOL_FLOW_EOL_DE_ELMA_INC,0.0,,2.0,2.0,0.5,1.0,0.5,2.0,sensitivity_522,sensitivity_279,circular_metal.material_substitution_elasticity,1.0,2.0,0.947265625,1.947265625,parameter_bisection,parameter_only,45,false
sensitivity_522,policy,virgin_metal_tax_tax_0_02,virgin_metal_tax,0.02,LOCALLY_INFEASIBLE,INFEASIBLE_POINT,true,14.160335184,0.0009648675878072277,0,0.0,0,material_composite_production_REU,eqpzs,IND_REU_NEW_ELMA,0.0009648675878072277,EOL_FLOW_EOL_DE_ELMA_INC,0.0,,2.0,2.0,0.5,1.0,0.5,2.0,sensitivity_522,sensitivity_279,circular_metal.material_substitution_elasticity,1.0,2.0,0.822265625,1.822265625,parameter_bisection,parameter_only,46,true
sensitivity_522,policy,virgin_metal_tax_tax_0_02,virgin_metal_tax,0.02,LOCALLY_INFEASIBLE,INFEASIBLE_POINT,false,14.607513331,0.0010802800748046515,1,0.0,0,material_composite_production_SK,eqpzs,IND_SK_NEW_ELMA,0.0010802800748046515,EOL_FLOW_EOL_DE_ELMA_INC,0.0,,2.0,2.0,0.5,1.0,0.5,2.0,sensitivity_522,sensitivity_279,circular_metal.material_substitution_elasticity,1.0,2.0,1.0,2.0,parameter_bisection,parameter_only,47,false
sensitivity_522,policy,virgin_metal_tax_tax_0_02,virgin_metal_tax,0.02,LOCALLY_INFEASIBLE,INFEASIBLE_POINT,true,18.35067518,0.000988917127369704,0,0.0,0,material_composite_production_REU,eqpzs,IND_REU_NEW_ELMA,0.000988917127369704,EOL_FLOW_EOL_DE_ELMA_INC,0.0,,2.0,2.0,0.5,1.0,0.5,2.0,sensitivity_522,sensitivity_279,circular_metal.material_substitution_elasticity,1.0,2.0,0.9111328125,1.9111328125,parameter_bisection,parameter_only,48,true
sensitivity_522,policy,virgin_metal_tax_tax_0_02,virgin_metal_tax,0.02,LOCALLY_INFEASIBLE,INFEASIBLE_POINT,false,13.767565608,0.001005082399680779,1,0.0,0,material_composite_production_REU,eqpzs,IND_REU_NEW_ELMA,0.001005082399680779,EOL_FLOW_EOL_DE_ELMA_INC,0.0,,2.0,2.0,0.5,1.0,0.5,2.0,sensitivity_522,sensitivity_279,circular_metal.material_substitution_elasticity,1.0,2.0,1.0,2.0,parameter_bisection,parameter_only,49,false
sensitivity_522,policy,virgin_metal_tax_tax_0_02,virgin_metal_tax,0.02,LOCALLY_INFEASIBLE,INFEASIBLE_POINT,false,18.729508807,0.0010815003395006073,1,0.0,0,material_composite_production_REU,eqpzs,IND_REU_NEW_ELMA,0.0010815003395006073,EOL_FLOW_EOL_DE_ELMA_INC,0.0,,2.0,2.0,0.5,1.0,0.5,2.0,sensitivity_522,sensitivity_279,circular_metal.material_substitution_elasticity,1.0,2.0,0.95556640625,1.95556640625,parameter_bisection,parameter_only,50,false
sensitivity_522,policy,virgin_metal_tax_tax_0_02,virgin_metal_tax,0.02,LOCALLY_INFEASIBLE,INFEASIBLE_POINT,true,7.389995218,0.0009961189602877285,0,0.0,0,material_composite_production_REU,eqpzs,IND_REU_NEW_ELMA,0.0009961189602877285,EOL_FLOW_EOL_DE_ELMA_INC,0.0,,2.0,2.0,0.5,1.0,0.5,2.0,sensitivity_522,sensitivity_279,circular_metal.material_substitution_elasticity,1.0,2.0,0.933349609375,1.933349609375,parameter_bisection,parameter_only,51,true
sensitivity_522,policy,virgin_metal_tax_tax_0_02,virgin_metal_tax,0.02,LOCALLY_INFEASIBLE,INFEASIBLE_POINT,false,67.529714546,0.0010807785759890942,1,0.0,0,material_composite_production_REU,eqpzs,IND_REU_NEW_ELMA,0.0010807785759890942,EOL_FLOW_EOL_DE_ELMA_INC,0.0,,2.0,2.0,0.5,1.0,0.5,2.0,sensitivity_522,sensitivity_279,circular_metal.material_substitution_elasticity,1.0,2.0,0.977783203125,1.977783203125,parameter_bisection,parameter_only,52,false
sensitivity_522,policy,virgin_metal_tax_tax_0_02,virgin_metal_tax,0.02,LOCALLY_INFEASIBLE,INFEASIBLE_POINT,true,8.901289836,0.000997797829356828,0,0.0,0,material_composite_production_REU,eqpzs,IND_REU_NEW_ELMA,0.000997797829356828,EOL_FLOW_EOL_DE_ELMA_INC,0.0,,2.0,2.0,0.5,1.0,0.5,2.0,sensitivity_522,sensitivity_279,circular_metal.material_substitution_elasticity,1.0,2.0,0.95556640625,1.95556640625,parameter_bisection,parameter_only,53,true
sensitivity_522,policy,virgin_metal_tax_tax_0_02,virgin_metal_tax,0.02,LOCALLY_INFEASIBLE,INFEASIBLE_POINT,false,11.680940788,0.001019760275318915,1,0.0,0,material_composite_production_REU,eqpzs,IND_REU_NEW_ELMA,0.001019760275318915,EOL_FLOW_EOL_DE_ELMA_INC,0.0,,2.0,2.0,0.5,1.0,0.5,2.0,sensitivity_522,sensitivity_279,circular_metal.material_substitution_elasticity,1.0,2.0,1.0,2.0,parameter_bisection,parameter_only,54,false
sensitivity_522,policy,virgin_metal_tax_tax_0_02,virgin_metal_tax,0.02,LOCALLY_INFEASIBLE,INFEASIBLE_POINT,false,6.62063524,0.001000292160247107,1,0.0,0,material_composite_production_REU,eqpzs,IND_REU_NEW_ELMA,0.001000292160247107,EOL_FLOW_EOL_DE_ELMA_INC,0.0,,2.0,2.0,0.5,1.0,0.5,2.0,sensitivity_522,sensitivity_279,circular_metal.material_substitution_elasticity,1.0,2.0,0.977783203125,1.977783203125,parameter_bisection,parameter_only,55,false
sensitivity_522,policy,virgin_metal_tax_tax_0_02,virgin_metal_tax,0.02,LOCALLY_INFEASIBLE,INFEASIBLE_POINT,false,6.065524124,0.0010033180038656608,1,0.0,0,material_composite_production_REU,eqpzs,IND_REU_NEW_ELMA,0.0010033180038656608,EOL_FLOW_EOL_DE_ELMA_INC,0.0,,2.0,2.0,0.5,1.0,0.5,2.0,sensitivity_522,sensitivity_279,circular_metal.material_substitution_elasticity,1.0,2.0,0.9666748046875,1.9666748046875,parameter_bisection,parameter_only,56,false
sensitivity_522,policy,virgin_metal_tax_tax_0_02,virgin_metal_tax,0.02,LOCALLY_INFEASIBLE,INFEASIBLE_POINT,false,6.480372876,0.0010004321373449088,1,0.0,0,material_composite_production_REU,eqpzs,IND_REU_NEW_ELMA,0.0010004321373449088,EOL_FLOW_EOL_DE_ELMA_INC,0.0,,2.0,2.0,0.5,1.0,0.5,2.0,sensitivity_522,sensitivity_279,circular_metal.material_substitution_elasticity,1.0,2.0,0.96112060546875,1.96112060546875,parameter_bisection,parameter_only,57,false
sensitivity_522,policy,virgin_metal_tax_tax_0_02,virgin_metal_tax,0.02,LOCALLY_INFEASIBLE,INFEASIBLE_POINT,false,5.19577808,0.001004892550378833,1,0.0,0,material_composite_production_REU,eqpzs,IND_REU_NEW_ELMA,0.001004892550378833,EOL_FLOW_EOL_DE_ELMA_INC,0.0,,2.0,2.0,0.5,1.0,0.5,2.0,sensitivity_522,sensitivity_279,circular_metal.material_substitution_elasticity,1.0,2.0,0.958343505859375,1.958343505859375,parameter_bisection,parameter_only,58,false
sensitivity_522,policy,virgin_metal_tax_tax_0_02,virgin_metal_tax,0.02,LOCALLY_INFEASIBLE,INFEASIBLE_POINT,false,5.578341879,0.0010036422903365594,1,0.0,0,material_composite_production_REU,eqpzs,IND_REU_NEW_ELMA,0.0010036422903365594,EOL_FLOW_EOL_DE_ELMA_INC,0.0,,2.0,2.0,0.5,1.0,0.5,2.0,sensitivity_522,sensitivity_279,circular_metal.material_substitution_elasticity,1.0,2.0,0.9569549560546875,1.9569549560546875,parameter_bisection,parameter_only,59,false
sensitivity_529,policy,virgin_metal_tax_tax_0_02,virgin_metal_tax,0.02,LOCALLY_INFEASIBLE,INFEASIBLE_POINT,false,8.576449765,0.007964490715472722,1,0.0,0,material_composite_production_IT,material_composite_demand,IND_IT_NEW_ELMA|IND_IT_REC_EE,0.007964490715472722,EOL_FLOW_EOL_DE_ELMA_INC,0.0,,0.5,2.0,1.0,1.0,0.5,2.0,sensitivity_529,sensitivity_286,circular_metal.material_substitution_elasticity,1.0,2.0,1.0,2.0,direct_target,parameter_only,1,false
sensitivity_529,policy,virgin_metal_tax_tax_0_02,virgin_metal_tax,0.02,LOCALLY_INFEASIBLE,INFEASIBLE_POINT,false,37.60956558,0.0010678943473975133,1,0.0,0,material_composite_production_REU,eqpzs,IND_REU_NEW_ELMA,0.0010678943473975133,EOL_FLOW_EOL_DE_ELMA_INC,0.0,,0.5,2.0,1.0,1.0,0.5,2.0,sensitivity_529,sensitivity_286,circular_metal.material_substitution_elasticity,1.0,2.0,0.5,1.5,parameter_bisection,parameter_only,2,false
sensitivity_529,policy,virgin_metal_tax_tax_0_02,virgin_metal_tax,0.02,LOCALLY_INFEASIBLE,INFEASIBLE_POINT,true,11.775817281,0.000995580925799322,0,0.0,0,material_composite_production_REU,eqpzs,IND_REU_NEW_ELMA,0.000995580925799322,EOL_FLOW_EOL_DE_ELMA_INC,0.0,,0.5,2.0,1.0,1.0,0.5,2.0,sensitivity_529,sensitivity_286,circular_metal.material_substitution_elasticity,1.0,2.0,0.25,1.25,parameter_bisection,parameter_only,3,true
sensitivity_529,policy,virgin_metal_tax_tax_0_02,virgin_metal_tax,0.02,LOCALLY_INFEASIBLE,INFEASIBLE_POINT,true,6.230218581,0.0009743448355032935,0,0.0,0,material_composite_production_REU,eqpzs,IND_REU_NEW_ELMA,0.0009743448355032935,EOL_FLOW_EOL_DE_ELMA_INC,0.0,,0.5,2.0,1.0,1.0,0.5,2.0,sensitivity_529,sensitivity_286,circular_metal.material_substitution_elasticity,1.0,2.0,0.75,1.75,parameter_bisection,parameter_only,4,true
sensitivity_529,policy,virgin_metal_tax_tax_0_02,virgin_metal_tax,0.02,LOCALLY_INFEASIBLE,INFEASIBLE_POINT,false,10.087297357,0.0010154003009875678,1,0.0,0,material_composite_production_REU,eqpzs,IND_REU_NEW_ELMA,0.0010154003009875678,EOL_FLOW_EOL_DE_ELMA_INC,0.0,,0.5,2.0,1.0,1.0,0.5,2.0,sensitivity_529,sensitivity_286,circular_metal.material_substitution_elasticity,1.0,2.0,1.0,2.0,parameter_bisection,parameter_only,5,false
sensitivity_529,policy,virgin_metal_tax_tax_0_02,virgin_metal_tax,0.02,LOCALLY_INFEASIBLE,INFEASIBLE_POINT,true,9.014629872,0.0009788230329880188,0,0.0,0,material_composite_production_REU,eqpzs,IND_REU_NEW_ELMA,0.0009788230329880188,EOL_FLOW_EOL_DE_ELMA_INC,0.0,,0.5,2.0,1.0,1.0,0.5,2.0,sensitivity_529,sensitivity_286,circular_metal.material_substitution_elasticity,1.0,2.0,0.875,1.875,parameter_bisection,parameter_only,6,true
sensitivity_529,policy,virgin_metal_tax_tax_0_02,virgin_metal_tax,0.02,LOCALLY_INFEASIBLE,INFEASIBLE_POINT,false,19.423596041,0.0010701771967579488,1,0.0,0,material_composite_production_REU,eqpzs,IND_REU_NEW_ELMA,0.0010701771967579488,EOL_FLOW_EOL_DE_ELMA_INC,0.0,,0.5,2.0,1.0,1.0,0.5,2.0,sensitivity_529,sensitivity_286,circular_metal.material_substitution_elasticity,1.0,2.0,1.0,2.0,parameter_bisection,parameter_only,7,false
sensitivity_529,policy,virgin_metal_tax_tax_0_02,virgin_metal_tax,0.02,LOCALLY_INFEASIBLE,INFEASIBLE_POINT,false,26.8797954,0.0010779191236142127,1,0.0,0,material_composite_production_REU,eqpzs,IND_REU_NEW_ELMA,0.0010779191236142127,EOL_FLOW_EOL_DE_ELMA_INC,0.0,,0.5,2.0,1.0,1.0,0.5,2.0,sensitivity_529,sensitivity_286,circular_metal.material_substitution_elasticity,1.0,2.0,0.9375,1.9375,parameter_bisection,parameter_only,8,false
sensitivity_529,policy,virgin_metal_tax_tax_0_02,virgin_metal_tax,0.02,LOCALLY_INFEASIBLE,INFEASIBLE_POINT,true,4.044937902,0.0009675414471655985,0,0.0,0,material_composite_production_REU,eqpzs,IND_REU_NEW_ELMA,0.0009675414471655985,EOL_FLOW_EOL_DE_ELMA_INC,0.0,,0.5,2.0,1.0,1.0,0.5,2.0,sensitivity_529,sensitivity_286,circular_metal.material_substitution_elasticity,1.0,2.0,0.90625,1.90625,parameter_bisection,parameter_only,9,true
sensitivity_529,policy,virgin_metal_tax_tax_0_02,virgin_metal_tax,0.02,LOCALLY_INFEASIBLE,INFEASIBLE_POINT,false,9.549596175,0.0010705831287532996,1,0.0,0,material_composite_production_REU,eqpzs,IND_REU_NEW_ELMA,0.0010705831287532996,EOL_FLOW_EOL_DE_ELMA_INC,0.0,,0.5,2.0,1.0,1.0,0.5,2.0,sensitivity_529,sensitivity_286,circular_metal.material_substitution_elasticity,1.0,2.0,0.96875,1.96875,parameter_bisection,parameter_only,10,false
sensitivity_529,policy,virgin_metal_tax_tax_0_02,virgin_metal_tax,0.02,LOCALLY_INFEASIBLE,INFEASIBLE_POINT,true,3.490104325,0.0009683364164007058,0,0.0,0,material_composite_production_REU,eqpzs,IND_REU_NEW_ELMA,0.0009683364164007058,EOL_FLOW_EOL_DE_ELMA_INC,0.0,,0.5,2.0,1.0,1.0,0.5,2.0,sensitivity_529,sensitivity_286,circular_metal.material_substitution_elasticity,1.0,2.0,0.9375,1.9375,parameter_bisection,parameter_only,11,true
sensitivity_529,policy,virgin_metal_tax_tax_0_02,virgin_metal_tax,0.02,LOCALLY_INFEASIBLE,INFEASIBLE_POINT,false,20.450834766,0.0010800455509089035,1,0.0,0,material_composite_production_REU,eqpzs,IND_REU_NEW_ELMA,0.0010800455509089035,EOL_FLOW_EOL_DE_ELMA_INC,0.0,,0.5,2.0,1.0,1.0,0.5,2.0,sensitivity_529,sensitivity_286,circular_metal.material_substitution_elasticity,1.0,2.0,1.0,2.0,parameter_bisection,parameter_only,12,false
sensitivity_529,policy,virgin_metal_tax_tax_0_02,virgin_metal_tax,0.02,LOCALLY_INFEASIBLE,INFEASIBLE_POINT,true,4.104875559,0.000989106382668914,0,0.0,0,material_composite_production_REU,eqpzs,IND_REU_NEW_ELMA,0.000989106382668914,EOL_FLOW_EOL_DE_ELMA_INC,0.0,,0.5,2.0,1.0,1.0,0.5,2.0,sensitivity_529,sensitivity_286,circular_metal.material_substitution_elasticity,1.0,2.0,0.96875,1.96875,parameter_bisection,parameter_only,13,true
sensitivity_529,policy,virgin_metal_tax_tax_0_02,virgin_metal_tax,0.02,LOCALLY_INFEASIBLE,INFEASIBLE_POINT,true,6.170222186,0.0009949148848277245,0,0.0,0,material_composite_production_REU,eqpzs,IND_REU_NEW_ELMA,0.0009949148848277245,EOL_FLOW_EOL_DE_ELMA_INC,0.0,,0.5,2.0,1.0,1.0,0.5,2.0,sensitivity_529,sensitivity_286,circular_metal.material_substitution_elasticity,1.0,2.0,1.0,2.0,parameter_bisection,parameter_only,14,true
sensitivity_547,policy,virgin_metal_tax_tax_0_02,virgin_metal_tax,0.02,LOCALLY_INFEASIBLE,INFEASIBLE_POINT,false,28.453623996,0.0010759791323780021,1,0.0,0,material_composite_production_REU,eqpzs,IND_REU_NEW_ELMA,0.0010759791323780021,EOL_FLOW_EOL_DE_ELMA_INC,0.0,,0.5,2.0,0.5,2.0,0.5,2.0,sensitivity_547,sensitivity_304,circular_metal.material_substitution_elasticity,1.0,2.0,1.0,2.0,direct_target,parameter_only,1,false
sensitivity_547,policy,virgin_metal_tax_tax_0_02,virgin_metal_tax,0.02,LOCALLY_INFEASIBLE,INFEASIBLE_POINT,false,33.606759889,0.001048676671863924,1,0.0,0,material_composite_production_REU,eqpzs,IND_REU_NEW_ELMA,0.001048676671863924,EOL_FLOW_EOL_DE_ELMA_INC,0.0,,0.5,2.0,0.5,2.0,0.5,2.0,sensitivity_547,sensitivity_304,circular_metal.material_substitution_elasticity,1.0,2.0,0.5,1.5,parameter_bisection,parameter_only,2,false
sensitivity_547,policy,virgin_metal_tax_tax_0_02,virgin_metal_tax,0.02,LOCALLY_INFEASIBLE,INFEASIBLE_POINT,false,32.578001392,0.0010721400094643174,1,0.0,0,material_composite_production_REU,eqpzs,IND_REU_NEW_ELMA,0.0010721400094643174,EOL_FLOW_EOL_DE_ELMA_INC,0.0,,0.5,2.0,0.5,2.0,0.5,2.0,sensitivity_547,sensitivity_304,circular_metal.material_substitution_elasticity,1.0,2.0,0.25,1.25,parameter_bisection,parameter_only,3,false
sensitivity_547,policy,virgin_metal_tax_tax_0_02,virgin_metal_tax,0.02,LOCALLY_INFEASIBLE,INFEASIBLE_POINT,true,7.571142234,0.0009433512508425501,0,0.0,0,material_composite_production_REU,eqpzs,IND_REU_NEW_ELMA,0.0009433512508425501,EOL_FLOW_EOL_DE_ELMA_INC,0.0,,0.5,2.0,0.5,2.0,0.5,2.0,sensitivity_547,sensitivity_304,circular_metal.material_substitution_elasticity,1.0,2.0,0.125,1.125,parameter_bisection,parameter_only,4,true
sensitivity_547,policy,virgin_metal_tax_tax_0_02,virgin_metal_tax,0.02,LOCALLY_INFEASIBLE,INFEASIBLE_POINT,false,44.854369514,0.0010772542367707416,1,0.0,0,material_composite_production_REU,eqpzs,IND_REU_NEW_ELMA,0.0010772542367707416,EOL_FLOW_EOL_DE_ELMA_INC,0.0,,0.5,2.0,0.5,2.0,0.5,2.0,sensitivity_547,sensitivity_304,circular_metal.material_substitution_elasticity,1.0,2.0,0.375,1.375,parameter_bisection,parameter_only,5,false
sensitivity_547,policy,virgin_metal_tax_tax_0_02,virgin_metal_tax,0.02,LOCALLY_INFEASIBLE,INFEASIBLE_POINT,true,9.453659098,0.0009428474766487449,0,0.0,0,material_composite_production_REU,eqpzs,IND_REU_NEW_ELMA,0.0009428474766487449,EOL_FLOW_EOL_DE_ELMA_INC,0.0,,0.5,2.0,0.5,2.0,0.5,2.0,sensitivity_547,sensitivity_304,circular_metal.material_substitution_elasticity,1.0,2.0,0.25,1.25,parameter_bisection,parameter_only,6,true
sensitivity_547,policy,virgin_metal_tax_tax_0_02,virgin_metal_tax,0.02,LOCALLY_INFEASIBLE,INFEASIBLE_POINT,true,13.115146304,0.0009259199000489771,0,0.0,0,material_composite_production_REU,eqpzs,IND_REU_NEW_ELMA,0.0009259199000489771,EOL_FLOW_EOL_DE_ELMA_INC,0.0,,0.5,2.0,0.5,2.0,0.5,2.0,sensitivity_547,sensitivity_304,circular_metal.material_substitution_elasticity,1.0,2.0,0.5,1.5,parameter_bisection,parameter_only,7,true
sensitivity_547,policy,virgin_metal_tax_tax_0_02,virgin_metal_tax,0.02,LOCALLY_INFEASIBLE,INFEASIBLE_POINT,true,10.197781948,0.0009429606257883583,0,0.0,0,material_composite_production_REU,eqpzs,IND_REU_NEW_ELMA,0.0009429606257883583,EOL_FLOW_EOL_DE_ELMA_INC,0.0,,0.5,2.0,0.5,2.0,0.5,2.0,sensitivity_547,sensitivity_304,circular_metal.material_substitution_elasticity,1.0,2.0,1.0,2.0,parameter_bisection,parameter_only,8,true
sensitivity_548,policy,virgin_metal_tax_tax_0_02,virgin_metal_tax,0.02,LOCALLY_INFEASIBLE,INFEASIBLE_POINT,false,15.781887718,0.0010782534345540329,1,0.0,0,material_composite_production_REU,eqpzs,IND_REU_NEW_ELMA,0.0010782534345540329,EOL_FLOW_EOL_DE_ELMA_INC,0.0,,1.0,2.0,0.5,2.0,0.5,2.0,sensitivity_548,sensitivity_521,circular_routes.eol_allocation_elasticity,1.0,2.0,1.0,2.0,direct_target,parameter_only,1,false
sensitivity_548,policy,virgin_metal_tax_tax_0_02,virgin_metal_tax,0.02,LOCALLY_INFEASIBLE,INFEASIBLE_POINT,false,76.683356809,0.0010484793889548039,1,0.0,0,material_composite_production_REU,eqpzs,IND_REU_NEW_ELMA,0.0010484793889548039,EOL_FLOW_EOL_DE_ELMA_INC,0.0,,1.0,2.0,0.5,2.0,0.5,2.0,sensitivity_548,sensitivity_521,circular_routes.eol_allocation_elasticity,1.0,2.0,0.5,1.5,parameter_bisection,parameter_only,2,false
sensitivity_548,policy,virgin_metal_tax_tax_0_02,virgin_metal_tax,0.02,LOCALLY_INFEASIBLE,INFEASIBLE_POINT,false,26.623007693,0.0010734459335696167,1,0.0,0,material_composite_production_REU,eqpzs,IND_REU_NEW_ELMA,0.0010734459335696167,EOL_FLOW_EOL_DE_ELMA_INC,0.0,,1.0,2.0,0.5,2.0,0.5,2.0,sensitivity_548,sensitivity_521,circular_routes.eol_allocation_elasticity,1.0,2.0,0.25,1.25,parameter_bisection,parameter_only,3,false
sensitivity_548,policy,virgin_metal_tax_tax_0_02,virgin_metal_tax,0.02,LOCALLY_INFEASIBLE,INFEASIBLE_POINT,false,32.72623274,0.0010587948208993225,1,0.0,0,material_composite_production_REU,eqpzs,IND_REU_NEW_ELMA,0.0010587948208993225,EOL_FLOW_EOL_DE_ELMA_INC,0.0,,1.0,2.0,0.5,2.0,0.5,2.0,sensitivity_548,sensitivity_521,circular_routes.eol_allocation_elasticity,1.0,2.0,0.125,1.125,parameter_bisection,parameter_only,4,false
sensitivity_548,policy,virgin_metal_tax_tax_0_02,virgin_metal_tax,0.02,LOCALLY_INFEASIBLE,INFEASIBLE_POINT,false,11.951714357,0.0010558784406063948,1,0.0,0,material_composite_production_REU,eqpzs,IND_REU_NEW_ELMA,0.0010558784406063948,EOL_FLOW_EOL_DE_ELMA_INC,0.0,,1.0,2.0,0.5,2.0,0.5,2.0,sensitivity_548,sensitivity_521,circular_routes.eol_allocation_elasticity,1.0,2.0,0.0625,1.0625,parameter_bisection,parameter_only,5,false
sensitivity_548,policy,virgin_metal_tax_tax_0_02,virgin_metal_tax,0.02,LOCALLY_INFEASIBLE,INFEASIBLE_POINT,true,8.323073312,0.0009935149443555114,0,0.0,0,material_composite_production_REU,eqpzs,IND_REU_NEW_ELMA,0.0009935149443555114,EOL_FLOW_EOL_DE_ELMA_INC,0.0,,1.0,2.0,0.5,2.0,0.5,2.0,sensitivity_548,sensitivity_521,circular_routes.eol_allocation_elasticity,1.0,2.0,0.03125,1.03125,parameter_bisection,parameter_only,6,true
sensitivity_548,policy,virgin_metal_tax_tax_0_02,virgin_metal_tax,0.02,LOCALLY_INFEASIBLE,INFEASIBLE_POINT,true,9.912346874,0.0008731145144369457,0,0.0,0,material_composite_production_SK,eqpzs,IND_SK_NEW_ELMA,0.0008731145144369457,EOL_FLOW_EOL_DE_ELMA_INC,0.0,,1.0,2.0,0.5,2.0,0.5,2.0,sensitivity_548,sensitivity_521,circular_routes.eol_allocation_elasticity,1.0,2.0,0.09375,1.09375,parameter_bisection,parameter_only,7,true
sensitivity_548,policy,virgin_metal_tax_tax_0_02,virgin_metal_tax,0.02,LOCALLY_INFEASIBLE,INFEASIBLE_POINT,false,16.967266486,0.0010587457680945045,1,0.0,0,material_composite_production_REU,eqpzs,IND_REU_NEW_ELMA,0.0010587457680945045,EOL_FLOW_EOL_DE_ELMA_INC,0.0,,1.0,2.0,0.5,2.0,0.5,2.0,sensitivity_548,sensitivity_521,circular_routes.eol_allocation_elasticity,1.0,2.0,0.21875,1.21875,parameter_bisection,parameter_only,8,false
sensitivity_548,policy,virgin_metal_tax_tax_0_02,virgin_metal_tax,0.02,LOCALLY_INFEASIBLE,INFEASIBLE_POINT,true,4.442246854,0.0008730654105191249,0,0.0,0,material_composite_production_SK,eqpzs,IND_SK_NEW_ELMA,0.0008730654105191249,EOL_FLOW_EOL_DE_ELMA_INC,0.0,,1.0,2.0,0.5,2.0,0.5,2.0,sensitivity_548,sensitivity_521,circular_routes.eol_allocation_elasticity,1.0,2.0,0.15625,1.15625,parameter_bisection,parameter_only,9,true
sensitivity_548,policy,virgin_metal_tax_tax_0_02,virgin_metal_tax,0.02,LOCALLY_INFEASIBLE,INFEASIBLE_POINT,true,6.522279609,0.0008891278893555787,0,0.0,0,material_composite_production_REU,eqpzs,IND_REU_NEW_ELMA,0.0008891278893555787,EOL_FLOW_EOL_DE_ELMA_INC,0.0,,1.0,2.0,0.5,2.0,0.5,2.0,sensitivity_548,sensitivity_521,circular_routes.eol_allocation_elasticity,1.0,2.0,0.28125,1.28125,parameter_bisection,parameter_only,10,true
sensitivity_548,policy,virgin_metal_tax_tax_0_02,virgin_metal_tax,0.02,LOCALLY_INFEASIBLE,INFEASIBLE_POINT,true,8.092408607,0.0009076151469071814,0,0.0,0,material_composite_production_REU,eqpzs,IND_REU_NEW_ELMA,0.0009076151469071814,EOL_FLOW_EOL_DE_ELMA_INC,0.0,,1.0,2.0,0.5,2.0,0.5,2.0,sensitivity_548,sensitivity_521,circular_routes.eol_allocation_elasticity,1.0,2.0,0.53125,1.53125,parameter_bisection,parameter_only,11,true
sensitivity_548,policy,virgin_metal_tax_tax_0_02,virgin_metal_tax,0.02,LOCALLY_INFEASIBLE,INFEASIBLE_POINT,true,5.833443759,0.0008312693357542811,0,0.0,0,material_composite_production_SK,eqpzs,IND_SK_NEW_ELMA,0.0008312693357542811,EOL_FLOW_EOL_DE_ELMA_INC,0.0,,1.0,2.0,0.5,2.0,0.5,2.0,sensitivity_548,sensitivity_521,circular_routes.eol_allocation_elasticity,1.0,2.0,1.0,2.0,parameter_bisection,parameter_only,12,true
sensitivity_565,policy,virgin_metal_tax_tax_0_02,virgin_metal_tax,0.02,LOCALLY_INFEASIBLE,INFEASIBLE_POINT,false,31.903978354,0.0010633864898647039,1,0.0,0,material_composite_production_REU,eqpzs,IND_REU_NEW_ELMA,0.0010633864898647039,EOL_FLOW_EOL_DE_ELMA_INC,0.0,,0.5,2.0,2.0,2.0,0.5,2.0,sensitivity_565,sensitivity_322,circular_metal.material_substitution_elasticity,1.0,2.0,1.0,2.0,direct_target,parameter_only,1,false
sensitivity_565,policy,virgin_metal_tax_tax_0_02,virgin_metal_tax,0.02,LOCALLY_INFEASIBLE,INFEASIBLE_POINT,false,34.426012752,0.0010571713435975072,1,0.0,0,material_composite_production_REU,eqpzs,IND_REU_NEW_ELMA,0.0010571713435975072,EOL_FLOW_EOL_DE_ELMA_INC,0.0,,0.5,2.0,2.0,2.0,0.5,2.0,sensitivity_565,sensitivity_322,circular_metal.material_substitution_elasticity,1.0,2.0,0.5,1.5,parameter_bisection,parameter_only,2,false
sensitivity_565,policy,virgin_metal_tax_tax_0_02,virgin_metal_tax,0.02,LOCALLY_INFEASIBLE,INFEASIBLE_POINT,false,33.974844861,0.0012868612325469542,1,0.0,0,observed_physical_flow_links,quantity_link,physical_SK_OFMA_REP_route_input_mass,0.0012868612325469542,EOL_FLOW_EOL_DE_ELMA_INC,0.0,,0.5,2.0,2.0,2.0,0.5,2.0,sensitivity_565,sensitivity_322,circular_metal.material_substitution_elasticity,1.0,2.0,0.25,1.25,parameter_bisection,parameter_only,3,false
sensitivity_565,policy,virgin_metal_tax_tax_0_02,virgin_metal_tax,0.02,LOCALLY_INFEASIBLE,INFEASIBLE_POINT,true,11.032847274,0.0008824518901080491,0,0.0,0,material_composite_production_REU,eqpzs,IND_REU_NEW_ELMA,0.0008824518901080491,EOL_FLOW_EOL_DE_ELMA_INC,0.0,,0.5,2.0,2.0,2.0,0.5,2.0,sensitivity_565,sensitivity_322,circular_metal.material_substitution_elasticity,1.0,2.0,0.125,1.125,parameter_bisection,parameter_only,4,true
sensitivity_565,policy,virgin_metal_tax_tax_0_02,virgin_metal_tax,0.02,LOCALLY_INFEASIBLE,INFEASIBLE_POINT,true,10.843311868,0.0009004388263958996,0,0.0,0,material_composite_production_REU,eqpzs,IND_REU_NEW_ELMA,0.0009004388263958996,EOL_FLOW_EOL_DE_ELMA_INC,0.0,,0.5,2.0,2.0,2.0,0.5,2.0,sensitivity_565,sensitivity_322,circular_metal.material_substitution_elasticity,1.0,2.0,0.375,1.375,parameter_bisection,parameter_only,5,true
sensitivity_565,policy,virgin_metal_tax_tax_0_02,virgin_metal_tax,0.02,LOCALLY_INFEASIBLE,INFEASIBLE_POINT,true,68.585031523,0.0009775442670254542,0,0.0,0,material_composite_production_REU,eqpzs,IND_REU_NEW_ELMA,0.0009775442670254542,EOL_FLOW_EOL_DE_ELMA_INC,0.0,,0.5,2.0,2.0,2.0,0.5,2.0,sensitivity_565,sensitivity_322,circular_metal.material_substitution_elasticity,1.0,2.0,0.875,1.875,parameter_bisection,parameter_only,6,true
sensitivity_565,policy,virgin_metal_tax_tax_0_02,virgin_metal_tax,0.02,LOCALLY_INFEASIBLE,INFEASIBLE_POINT,false,22.597865477,0.0010744427599157502,1,0.0,0,material_composite_production_REU,eqpzs,IND_REU_NEW_ELMA,0.0010744427599157502,EOL_FLOW_EOL_DE_ELMA_INC,0.0,,0.5,2.0,2.0,2.0,0.5,2.0,sensitivity_565,sensitivity_322,circular_metal.material_substitution_elasticity,1.0,2.0,1.0,2.0,parameter_bisection,parameter_only,7,false
sensitivity_565,policy,virgin_metal_tax_tax_0_02,virgin_metal_tax,0.02,LOCALLY_INFEASIBLE,INFEASIBLE_POINT,true,6.611666502,0.0009900185692536256,0,0.0,0,material_composite_production_REU,eqpzs,IND_REU_NEW_ELMA,0.0009900185692536256,EOL_FLOW_EOL_DE_ELMA_INC,0.0,,0.5,2.0,2.0,2.0,0.5,2.0,sensitivity_565,sensitivity_322,circular_metal.material_substitution_elasticity,1.0,2.0,0.9375,1.9375,parameter_bisection,parameter_only,8,true
sensitivity_565,policy,virgin_metal_tax_tax_0_02,virgin_metal_tax,0.02,LOCALLY_INFEASIBLE,INFEASIBLE_POINT,true,6.511049652,0.0008576859992479591,0,0.0,0,material_composite_production_REU,eqpzs,IND_REU_NEW_ELMA,0.0008576859992479591,EOL_FLOW_EOL_DE_ELMA_INC,0.0,,0.5,2.0,2.0,2.0,0.5,2.0,sensitivity_565,sensitivity_322,circular_metal.material_substitution_elasticity,1.0,2.0,1.0,2.0,parameter_bisection,parameter_only,9,true
sensitivity_601,policy,virgin_metal_tax_tax_0_02,virgin_metal_tax,0.02,LOCALLY_INFEASIBLE,INFEASIBLE_POINT,false,40.609059037,0.007179526542949954,1,0.0,0,observed_physical_flow_links,quantity_link,physical_SK_OFMA_REP_route_input_mass,0.007179526542949954,EOL_FLOW_EOL_DE_ELMA_INC,0.0,,0.5,2.0,0.5,1.0,1.0,2.0,sensitivity_601,sensitivity_358,circular_metal.material_substitution_elasticity,1.0,2.0,1.0,2.0,direct_target,parameter_only,1,false
sensitivity_601,policy,virgin_metal_tax_tax_0_02,virgin_metal_tax,0.02,LOCALLY_INFEASIBLE,INFEASIBLE_POINT,true,24.332687057,0.0009126386929320107,0,0.0,0,material_composite_production_REU,eqpzs,IND_REU_NEW_ELMA,0.0009126386929320107,EOL_FLOW_EOL_DE_ELMA_INC,0.0,,0.5,2.0,0.5,1.0,1.0,2.0,sensitivity_601,sensitivity_358,circular_metal.material_substitution_elasticity,1.0,2.0,0.5,1.5,parameter_bisection,parameter_only,2,true
sensitivity_601,policy,virgin_metal_tax_tax_0_02,virgin_metal_tax,0.02,LOCALLY_INFEASIBLE,INFEASIBLE_POINT,true,12.478294831,0.0009238541834774017,0,0.0,0,material_composite_production_REU,eqpzs,IND_REU_NEW_ELMA,0.0009238541834774017,EOL_FLOW_EOL_DE_ELMA_INC,0.0,,0.5,2.0,0.5,1.0,1.0,2.0,sensitivity_601,sensitivity_358,circular_metal.material_substitution_elasticity,1.0,2.0,1.0,2.0,parameter_bisection,parameter_only,3,true
sensitivity_627,policy,virgin_metal_tax_tax_0_02,virgin_metal_tax,0.02,LOCALLY_INFEASIBLE,INFEASIBLE_POINT,false,45.947563817,0.001050870056169357,1,0.0,0,common_eu_trade,eu_cet_quantity,NEW_ELMA|SK,0.001050870056169357,EOL_FLOW_EOL_DE_ELMA_INC,0.0,,2.0,1.0,0.5,2.0,1.0,2.0,sensitivity_627,sensitivity_141,circular_metal.material_substitution_elasticity,0.5,2.0,1.0,2.0,direct_target,parameter_only,1,false
sensitivity_627,policy,virgin_metal_tax_tax_0_02,virgin_metal_tax,0.02,LOCALLY_INFEASIBLE,INFEASIBLE_POINT,false,44.47859703,0.006227536941084355,1,0.0,0,observed_physical_flow_links,quantity_link,physical_SK_OFMA_REP_route_input_mass,0.006227536941084355,EOL_FLOW_EOL_DE_ELMA_INC,0.0,,2.0,1.0,0.5,2.0,1.0,2.0,sensitivity_627,sensitivity_141,circular_metal.material_substitution_elasticity,0.5,2.0,0.5,1.25,parameter_bisection,parameter_only,2,false
sensitivity_627,policy,virgin_metal_tax_tax_0_02,virgin_metal_tax,0.02,LOCALLY_INFEASIBLE,INFEASIBLE_POINT,false,6.447582262,0.0010138077321192325,1,0.0,0,common_eu_trade,eu_cet_quantity,NEW_ELMA|SK,0.0010138077321192325,EOL_FLOW_EOL_DE_ELMA_INC,0.0,,2.0,1.0,0.5,2.0,1.0,2.0,sensitivity_627,sensitivity_141,circular_metal.material_substitution_elasticity,0.5,2.0,0.25,0.875,parameter_bisection,parameter_only,3,false
sensitivity_627,policy,virgin_metal_tax_tax_0_02,virgin_metal_tax,0.02,LOCALLY_INFEASIBLE,INFEASIBLE_POINT,true,5.305224577,0.0009281323471401337,0,0.0,0,common_eu_trade,eu_cet_quantity,NEW_ELMA|SK,0.0009281323471401337,EOL_FLOW_EOL_DE_ELMA_INC,0.0,,2.0,1.0,0.5,2.0,1.0,2.0,sensitivity_627,sensitivity_141,circular_metal.material_substitution_elasticity,0.5,2.0,0.125,0.6875,parameter_bisection,parameter_only,4,true
sensitivity_627,policy,virgin_metal_tax_tax_0_02,virgin_metal_tax,0.02,LOCALLY_INFEASIBLE,INFEASIBLE_POINT,true,5.973947073,0.0009986032038951987,0,0.0,0,common_eu_trade,eu_cet_quantity,NEW_ELMA|SK,0.0009986032038951987,EOL_FLOW_EOL_DE_ELMA_INC,0.0,,2.0,1.0,0.5,2.0,1.0,2.0,sensitivity_627,sensitivity_141,circular_metal.material_substitution_elasticity,0.5,2.0,0.375,1.0625,parameter_bisection,parameter_only,5,true
sensitivity_627,policy,virgin_metal_tax_tax_0_02,virgin_metal_tax,0.02,LOCALLY_INFEASIBLE,INFEASIBLE_POINT,false,13.621358188,0.001046735997277272,1,0.0,0,common_eu_trade,eu_cet_quantity,NEW_ELMA|SK,0.001046735997277272,EOL_FLOW_EOL_DE_ELMA_INC,0.0,,2.0,1.0,0.5,2.0,1.0,2.0,sensitivity_627,sensitivity_141,circular_metal.material_substitution_elasticity,0.5,2.0,0.875,1.8125,parameter_bisection,parameter_only,6,false
sensitivity_627,policy,virgin_metal_tax_tax_0_02,virgin_metal_tax,0.02,LOCALLY_INFEASIBLE,INFEASIBLE_POINT,false,32.781951138,0.001019384718469699,1,0.0,0,common_eu_trade,eu_cet_quantity,NEW_ELMA|SK,0.001019384718469699,EOL_FLOW_EOL_DE_ELMA_INC,0.0,,2.0,1.0,0.5,2.0,1.0,2.0,sensitivity_627,sensitivity_141,circular_metal.material_substitution_elasticity,0.5,2.0,0.625,1.4375,parameter_bisection,parameter_only,7,false
sensitivity_627,policy,virgin_metal_tax_tax_0_02,virgin_metal_tax,0.02,LOCALLY_INFEASIBLE,INFEASIBLE_POINT,false,22.862652385,0.0010482699621081426,1,0.0,0,common_eu_trade,eu_cet_quantity,NEW_ELMA|SK,0.0010482699621081426,EOL_FLOW_EOL_DE_ELMA_INC,0.0,,2.0,1.0,0.5,2.0,1.0,2.0,sensitivity_627,sensitivity_141,circular_metal.material_substitution_elasticity,0.5,2.0,0.5,1.25,parameter_bisection,parameter_only,8,false
sensitivity_627,policy,virgin_metal_tax_tax_0_02,virgin_metal_tax,0.02,LOCALLY_INFEASIBLE,INFEASIBLE_POINT,false,28.096351135,0.07157893266631654,1,0.0,0,observed_physical_flow_links,quantity_link,physical_SK_OFMA_REP_route_input_mass,0.07157893266631654,EOL_FLOW_EOL_DE_ELMA_INC,0.0,,2.0,1.0,0.5,2.0,1.0,2.0,sensitivity_627,sensitivity_141,circular_metal.material_substitution_elasticity,0.5,2.0,0.4375,1.15625,parameter_bisection,parameter_only,9,false
sensitivity_627,policy,virgin_metal_tax_tax_0_02,virgin_metal_tax,0.02,LOCALLY_INFEASIBLE,INFEASIBLE_POINT,false,27.530005827,0.013756050317063395,1,0.0,0,observed_physical_flow_links,quantity_link,physical_SK_OFMA_REP_route_input_mass,0.013756050317063395,EOL_FLOW_EOL_DE_ELMA_INC,0.0,,2.0,1.0,0.5,2.0,1.0,2.0,sensitivity_627,sensitivity_141,circular_metal.material_substitution_elasticity,0.5,2.0,0.40625,1.109375,parameter_bisection,parameter_only,10,false
sensitivity_627,policy,virgin_metal_tax_tax_0_02,virgin_metal_tax,0.02,LOCALLY_INFEASIBLE,INFEASIBLE_POINT,false,13.847181539,0.0010176573405147903,1,0.0,0,common_eu_trade,eu_cet_quantity,NEW_ELMA|SK,0.0010176573405147903,EOL_FLOW_EOL_DE_ELMA_INC,0.0,,2.0,1.0,0.5,2.0,1.0,2.0,sensitivity_627,sensitivity_141,circular_metal.material_substitution_elasticity,0.5,2.0,0.390625,1.0859375,parameter_bisection,parameter_only,11,false
sensitivity_627,policy,virgin_metal_tax_tax_0_02,virgin_metal_tax,0.02,LOCALLY_INFEASIBLE,INFEASIBLE_POINT,false,12.246328092,0.0010592264277254281,1,0.0,0,common_eu_trade,eu_cet_quantity,NEW_ELMA|SK,0.0010592264277254281,EOL_FLOW_EOL_DE_ELMA_INC,0.0,,2.0,1.0,0.5,2.0,1.0,2.0,sensitivity_627,sensitivity_141,circular_metal.material_substitution_elasticity,0.5,2.0,0.3828125,1.07421875,parameter_bisection,parameter_only,12,false
sensitivity_627,policy,virgin_metal_tax_tax_0_02,virgin_metal_tax,0.02,LOCALLY_INFEASIBLE,INFEASIBLE_POINT,false,17.04496975,0.0010647553048770558,1,0.0,0,common_eu_trade,eu_cet_quantity,NEW_ELMA|SK,0.0010647553048770558,EOL_FLOW_EOL_DE_ELMA_INC,0.0,,2.0,1.0,0.5,2.0,1.0,2.0,sensitivity_627,sensitivity_141,circular_metal.material_substitution_elasticity,0.5,2.0,0.37890625,1.068359375,parameter_bisection,parameter_only,13,false
sensitivity_627,policy,virgin_metal_tax_tax_0_02,virgin_metal_tax,0.02,LOCALLY_INFEASIBLE,INFEASIBLE_POINT,true,5.777407549,0.0009981161715945312,0,0.0,0,common_eu_trade,eu_cet_quantity,NEW_ELMA|SK,0.0009981161715945312,EOL_FLOW_EOL_DE_ELMA_INC,0.0,,2.0,1.0,0.5,2.0,1.0,2.0,sensitivity_627,sensitivity_141,circular_metal.material_substitution_elasticity,0.5,2.0,0.376953125,1.0654296875,parameter_bisection,parameter_only,14,true
sensitivity_627,policy,virgin_metal_tax_tax_0_02,virgin_metal_tax,0.02,LOCALLY_INFEASIBLE,INFEASIBLE_POINT,false,24.845731814,0.0010307431325600356,1,0.0,0,common_eu_trade,eu_cet_quantity,NEW_ELMA|SK,0.0010307431325600356,EOL_FLOW_EOL_DE_ELMA_INC,0.0,,2.0,1.0,0.5,2.0,1.0,2.0,sensitivity_627,sensitivity_141,circular_metal.material_substitution_elasticity,0.5,2.0,0.380859375,1.0712890625,parameter_bisection,parameter_only,15,false
sensitivity_627,policy,virgin_metal_tax_tax_0_02,virgin_metal_tax,0.02,LOCALLY_INFEASIBLE,INFEASIBLE_POINT,false,15.312473539,0.001031685570196875,1,0.0,0,common_eu_trade,eu_cet_quantity,NEW_ELMA|SK,0.001031685570196875,EOL_FLOW_EOL_DE_ELMA_INC,0.0,,2.0,1.0,0.5,2.0,1.0,2.0,sensitivity_627,sensitivity_141,circular_metal.material_substitution_elasticity,0.5,2.0,0.37890625,1.068359375,parameter_bisection,parameter_only,16,false
sensitivity_627,policy,virgin_metal_tax_tax_0_02,virgin_metal_tax,0.02,LOCALLY_INFEASIBLE,INFEASIBLE_POINT,false,14.302335689,0.0010638850859703449,1,0.0,0,common_eu_trade,eu_cet_quantity,NEW_ELMA|SK,0.0010638850859703449,EOL_FLOW_EOL_DE_ELMA_INC,0.0,,2.0,1.0,0.5,2.0,1.0,2.0,sensitivity_627,sensitivity_141,circular_metal.material_substitution_elasticity,0.5,2.0,0.3779296875,1.06689453125,parameter_bisection,parameter_only,17,false
sensitivity_630,policy,virgin_metal_tax_tax_0_02,virgin_metal_tax,0.02,LOCALLY_INFEASIBLE,INFEASIBLE_POINT,false,19.78947677,0.0010616836716623723,1,0.0,0,material_composite_production_REU,eqpzs,IND_REU_NEW_ELMA,0.0010616836716623723,EOL_FLOW_EOL_DE_ELMA_INC,0.0,,2.0,2.0,0.5,2.0,1.0,2.0,sensitivity_630,sensitivity_549,circular_routes.eol_productivity_elasticity,0.5,1.0,1.0,1.0,direct_target,parameter_only,1,false
sensitivity_630,policy,virgin_metal_tax_tax_0_02,virgin_metal_tax,0.02,LOCALLY_INFEASIBLE,INFEASIBLE_POINT,false,6.181604679,0.0010477390351241178,1,0.0,0,material_composite_production_REU,eqpzs,IND_REU_NEW_ELMA,0.0010477390351241178,EOL_FLOW_EOL_DE_ELMA_INC,0.0,,2.0,2.0,0.5,2.0,1.0,2.0,sensitivity_630,sensitivity_549,circular_routes.eol_productivity_elasticity,0.5,1.0,0.5,0.75,parameter_bisection,parameter_only,2,false
sensitivity_630,policy,virgin_metal_tax_tax_0_02,virgin_metal_tax,0.02,LOCALLY_INFEASIBLE,INFEASIBLE_POINT,false,4.254532538,0.0010050113705943886,1,0.0,0,material_composite_production_REU,eqpzs,IND_REU_NEW_ELMA,0.0010050113705943886,EOL_FLOW_EOL_DE_ELMA_INC,0.0,,2.0,2.0,0.5,2.0,1.0,2.0,sensitivity_630,sensitivity_549,circular_routes.eol_productivity_elasticity,0.5,1.0,0.25,0.625,parameter_bisection,parameter_only,3,false
sensitivity_630,policy,virgin_metal_tax_tax_0_02,virgin_metal_tax,0.02,LOCALLY_INFEASIBLE,INFEASIBLE_POINT,false,10.70407837,0.0010750887035579915,1,0.0,0,material_composite_production_REU,eqpzs,IND_REU_NEW_ELMA,0.0010750887035579915,EOL_FLOW_EOL_DE_ELMA_INC,0.0,,2.0,2.0,0.5,2.0,1.0,2.0,sensitivity_630,sensitivity_549,circular_routes.eol_productivity_elasticity,0.5,1.0,0.125,0.5625,parameter_bisection,parameter_only,4,false
sensitivity_630,policy,virgin_metal_tax_tax_0_02,virgin_metal_tax,0.02,LOCALLY_INFEASIBLE,INFEASIBLE_POINT,true,4.30399861,0.0009993985218478274,0,0.0,0,material_composite_production_REU,eqpzs,IND_REU_NEW_ELMA,0.0009993985218478274,EOL_FLOW_EOL_DE_ELMA_INC,0.0,,2.0,2.0,0.5,2.0,1.0,2.0,sensitivity_630,sensitivity_549,circular_routes.eol_productivity_elasticity,0.5,1.0,0.0625,0.53125,parameter_bisection,parameter_only,5,true
sensitivity_630,policy,virgin_metal_tax_tax_0_02,virgin_metal_tax,0.02,LOCALLY_INFEASIBLE,INFEASIBLE_POINT,false,4.556315122,0.001026127089538753,1,0.0,0,material_composite_production_REU,eqpzs,IND_REU_NEW_ELMA,0.001026127089538753,EOL_FLOW_EOL_DE_ELMA_INC,0.0,,2.0,2.0,0.5,2.0,1.0,2.0,sensitivity_630,sensitivity_549,circular_routes.eol_productivity_elasticity,0.5,1.0,0.1875,0.59375,parameter_bisection,parameter_only,6,false
sensitivity_630,policy,virgin_metal_tax_tax_0_02,virgin_metal_tax,0.02,LOCALLY_INFEASIBLE,INFEASIBLE_POINT,true,3.825203372,0.000999529532086596,0,0.0,0,material_composite_production_REU,eqpzs,IND_REU_NEW_ELMA,0.000999529532086596,EOL_FLOW_EOL_DE_ELMA_INC,0.0,,2.0,2.0,0.5,2.0,1.0,2.0,sensitivity_630,sensitivity_549,circular_routes.eol_productivity_elasticity,0.5,1.0,0.125,0.5625,parameter_bisection,parameter_only,7,true
sensitivity_630,policy,virgin_metal_tax_tax_0_02,virgin_metal_tax,0.02,LOCALLY_INFEASIBLE,INFEASIBLE_POINT,false,4.657127752,0.0010121236366165132,1,0.0,0,material_composite_production_REU,eqpzs,IND_REU_NEW_ELMA,0.0010121236366165132,EOL_FLOW_EOL_DE_ELMA_INC,0.0,,2.0,2.0,0.5,2.0,1.0,2.0,sensitivity_630,sensitivity_549,circular_routes.eol_productivity_elasticity,0.5,1.0,0.25,0.625,parameter_bisection,parameter_only,8,false
sensitivity_630,policy,virgin_metal_tax_tax_0_02,virgin_metal_tax,0.02,LOCALLY_INFEASIBLE,INFEASIBLE_POINT,false,31.351656445,0.0010767810743534945,1,0.0,0,material_composite_production_REU,eqpzs,IND_REU_NEW_ELMA,0.0010767810743534945,EOL_FLOW_EOL_DE_ELMA_INC,0.0,,2.0,2.0,0.5,2.0,1.0,2.0,sensitivity_630,sensitivity_549,circular_routes.eol_productivity_elasticity,0.5,1.0,0.1875,0.59375,parameter_bisection,parameter_only,9,false
sensitivity_630,policy,virgin_metal_tax_tax_0_02,virgin_metal_tax,0.02,LOCALLY_INFEASIBLE,INFEASIBLE_POINT,true,2.842817481,0.0009996554222038156,0,0.0,0,material_composite_production_REU,eqpzs,IND_REU_NEW_ELMA,0.0009996554222038156,EOL_FLOW_EOL_DE_ELMA_INC,0.0,,2.0,2.0,0.5,2.0,1.0,2.0,sensitivity_630,sensitivity_549,circular_routes.eol_productivity_elasticity,0.5,1.0,0.15625,0.578125,parameter_bisection,parameter_only,10,true
sensitivity_630,policy,virgin_metal_tax_tax_0_02,virgin_metal_tax,0.02,LOCALLY_INFEASIBLE,INFEASIBLE_POINT,false,6.475745277,0.0010649143568243202,1,0.0,0,material_composite_production_REU,eqpzs,IND_REU_NEW_ELMA,0.0010649143568243202,EOL_FLOW_EOL_DE_ELMA_INC,0.0,,2.0,2.0,0.5,2.0,1.0,2.0,sensitivity_630,sensitivity_549,circular_routes.eol_productivity_elasticity,0.5,1.0,0.21875,0.609375,parameter_bisection,parameter_only,11,false
sensitivity_630,policy,virgin_metal_tax_tax_0_02,virgin_metal_tax,0.02,LOCALLY_INFEASIBLE,INFEASIBLE_POINT,true,4.461167107,0.0009999989133380183,0,0.0,0,material_composite_production_REU,eqpzs,IND_REU_NEW_ELMA,0.0009999989133380183,EOL_FLOW_EOL_DE_ELMA_INC,0.0,,2.0,2.0,0.5,2.0,1.0,2.0,sensitivity_630,sensitivity_549,circular_routes.eol_productivity_elasticity,0.5,1.0,0.1875,0.59375,parameter_bisection,parameter_only,12,true
sensitivity_630,policy,virgin_metal_tax_tax_0_02,virgin_metal_tax,0.02,LOCALLY_INFEASIBLE,INFEASIBLE_POINT,false,16.627124342,0.0010705960986695517,1,0.0,0,material_composite_production_REU,eqpzs,IND_REU_NEW_ELMA,0.0010705960986695517,EOL_FLOW_EOL_DE_ELMA_INC,0.0,,2.0,2.0,0.5,2.0,1.0,2.0,sensitivity_630,sensitivity_549,circular_routes.eol_productivity_elasticity,0.5,1.0,0.25,0.625,parameter_bisection,parameter_only,13,false
sensitivity_630,policy,virgin_metal_tax_tax_0_02,virgin_metal_tax,0.02,LOCALLY_INFEASIBLE,INFEASIBLE_POINT,false,4.046626863,0.0010000270209021833,1,0.0,0,material_composite_production_REU,eqpzs,IND_REU_NEW_ELMA,0.0010000270209021833,EOL_FLOW_EOL_DE_ELMA_INC,0.0,,2.0,2.0,0.5,2.0,1.0,2.0,sensitivity_630,sensitivity_549,circular_routes.eol_productivity_elasticity,0.5,1.0,0.21875,0.609375,parameter_bisection,parameter_only,14,false
sensitivity_630,policy,virgin_metal_tax_tax_0_02,virgin_metal_tax,0.02,LOCALLY_INFEASIBLE,INFEASIBLE_POINT,false,3.707056351,0.001000116546279739,1,0.0,0,material_composite_production_REU,eqpzs,IND_REU_NEW_ELMA,0.001000116546279739,EOL_FLOW_EOL_DE_ELMA_INC,0.0,,2.0,2.0,0.5,2.0,1.0,2.0,sensitivity_630,sensitivity_549,circular_routes.eol_productivity_elasticity,0.5,1.0,0.203125,0.6015625,parameter_bisection,parameter_only,15,false
sensitivity_630,policy,virgin_metal_tax_tax_0_02,virgin_metal_tax,0.02,LOCALLY_INFEASIBLE,INFEASIBLE_POINT,false,4.691648675,0.0010008561809017325,1,0.0,0,material_composite_production_REU,eqpzs,IND_REU_NEW_ELMA,0.0010008561809017325,EOL_FLOW_EOL_DE_ELMA_INC,0.0,,2.0,2.0,0.5,2.0,1.0,2.0,sensitivity_630,sensitivity_549,circular_routes.eol_productivity_elasticity,0.5,1.0,0.1953125,0.59765625,parameter_bisection,parameter_only,16,false
sensitivity_630,policy,virgin_metal_tax_tax_0_02,virgin_metal_tax,0.02,LOCALLY_INFEASIBLE,INFEASIBLE_POINT,false,40.888904129,0.00107886942427049,1,0.0,0,material_composite_production_REU,eqpzs,IND_REU_NEW_ELMA,0.00107886942427049,EOL_FLOW_EOL_DE_ELMA_INC,0.0,,2.0,2.0,0.5,2.0,1.0,2.0,sensitivity_630,sensitivity_549,circular_routes.eol_productivity_elasticity,0.5,1.0,0.19140625,0.595703125,parameter_bisection,parameter_only,17,false
sensitivity_630,policy,virgin_metal_tax_tax_0_02,virgin_metal_tax,0.02,LOCALLY_INFEASIBLE,INFEASIBLE_POINT,false,33.146986661,0.001079942286147828,1,0.0,0,material_composite_production_REU,eqpzs,IND_REU_NEW_ELMA,0.001079942286147828,EOL_FLOW_EOL_DE_ELMA_INC,0.0,,2.0,2.0,0.5,2.0,1.0,2.0,sensitivity_630,sensitivity_549,circular_routes.eol_productivity_elasticity,0.5,1.0,0.189453125,0.5947265625,parameter_bisection,parameter_only,18,false
sensitivity_630,policy,virgin_metal_tax_tax_0_02,virgin_metal_tax,0.02,LOCALLY_INFEASIBLE,INFEASIBLE_POINT,false,44.047461685,0.0010802221475970653,1,0.0,0,material_composite_production_REU,eqpzs,IND_REU_NEW_ELMA,0.0010802221475970653,EOL_FLOW_EOL_DE_ELMA_INC,0.0,,2.0,2.0,0.5,2.0,1.0,2.0,sensitivity_630,sensitivity_549,circular_routes.eol_productivity_elasticity,0.5,1.0,0.1884765625,0.59423828125,parameter_bisection,parameter_only,19,false
sensitivity_637,policy,virgin_metal_tax_tax_0_02,virgin_metal_tax,0.02,LOCALLY_INFEASIBLE,INFEASIBLE_POINT,false,12.221565894,0.001015053534438648,1,0.0,0,material_composite_production_REU,eqpzs,IND_REU_NEW_ELMA,0.001015053534438648,EOL_FLOW_EOL_DE_ELMA_INC,0.0,,0.5,2.0,1.0,2.0,1.0,2.0,sensitivity_637,sensitivity_610,circular_routes.eol_allocation_elasticity,1.0,2.0,1.0,2.0,direct_target,parameter_only,1,false
sensitivity_637,policy,virgin_metal_tax_tax_0_02,virgin_metal_tax,0.02,LOCALLY_INFEASIBLE,INFEASIBLE_POINT,true,5.154755234,0.0009894739321496537,0,0.0,0,material_composite_production_REU,eqpzs,IND_REU_NEW_ELMA,0.0009894739321496537,EOL_FLOW_EOL_DE_ELMA_INC,0.0,,0.5,2.0,1.0,2.0,1.0,2.0,sensitivity_637,sensitivity_610,circular_routes.eol_allocation_elasticity,1.0,2.0,0.5,1.5,parameter_bisection,parameter_only,2,true
sensitivity_637,policy,virgin_metal_tax_tax_0_02,virgin_metal_tax,0.02,LOCALLY_INFEASIBLE,INFEASIBLE_POINT,false,11.978157371,0.001012865069742075,1,0.0,0,material_composite_production_REU,eqpzs,IND_REU_NEW_ELMA,0.001012865069742075,EOL_FLOW_EOL_DE_ELMA_INC,0.0,,0.5,2.0,1.0,2.0,1.0,2.0,sensitivity_637,sensitivity_610,circular_routes.eol_allocation_elasticity,1.0,2.0,1.0,2.0,parameter_bisection,parameter_only,3,false
sensitivity_637,policy,virgin_metal_tax_tax_0_02,virgin_metal_tax,0.02,LOCALLY_INFEASIBLE,INFEASIBLE_POINT,true,6.312429181,0.0009931467683386153,0,0.0,0,material_composite_production_REU,eqpzs,IND_REU_NEW_ELMA,0.0009931467683386153,EOL_FLOW_EOL_DE_ELMA_INC,0.0,,0.5,2.0,1.0,2.0,1.0,2.0,sensitivity_637,sensitivity_610,circular_routes.eol_allocation_elasticity,1.0,2.0,0.75,1.75,parameter_bisection,parameter_only,4,true
sensitivity_637,policy,virgin_metal_tax_tax_0_02,virgin_metal_tax,0.02,LOCALLY_INFEASIBLE,INFEASIBLE_POINT,false,14.666134018,0.0010100137097678319,1,0.0,0,material_composite_production_REU,eqpzs,IND_REU_NEW_ELMA,0.0010100137097678319,EOL_FLOW_EOL_DE_ELMA_INC,0.0,,0.5,2.0,1.0,2.0,1.0,2.0,sensitivity_637,sensitivity_610,circular_routes.eol_allocation_elasticity,1.0,2.0,1.0,2.0,parameter_bisection,parameter_only,5,false
sensitivity_637,policy,virgin_metal_tax_tax_0_02,virgin_metal_tax,0.02,LOCALLY_INFEASIBLE,INFEASIBLE_POINT,true,8.876881849,0.0009872815742899554,0,0.0,0,material_composite_production_REU,eqpzs,IND_REU_NEW_ELMA,0.0009872815742899554,EOL_FLOW_EOL_DE_ELMA_INC,0.0,,0.5,2.0,1.0,2.0,1.0,2.0,sensitivity_637,sensitivity_610,circular_routes.eol_allocation_elasticity,1.0,2.0,0.875,1.875,parameter_bisection,parameter_only,6,true
sensitivity_637,policy,virgin_metal_tax_tax_0_02,virgin_metal_tax,0.02,LOCALLY_INFEASIBLE,INFEASIBLE_POINT,true,7.704736688,0.000995653120454909,0,0.0,0,material_composite_production_REU,eqpzs,IND_REU_NEW_ELMA,0.000995653120454909,EOL_FLOW_EOL_DE_ELMA_INC,0.0,,0.5,2.0,1.0,2.0,1.0,2.0,sensitivity_637,sensitivity_610,circular_routes.eol_allocation_elasticity,1.0,2.0,1.0,2.0,parameter_bisection,parameter_only,7,true
sensitivity_638,policy,virgin_metal_tax_tax_0_02,virgin_metal_tax,0.02,LOCALLY_INFEASIBLE,INFEASIBLE_POINT,false,7.348717039,0.0010103217630180739,1,0.0,0,material_composite_production_REU,eqpzs,IND_REU_NEW_ELMA,0.0010103217630180739,EOL_FLOW_EOL_DE_ELMA_INC,0.0,,1.0,2.0,1.0,2.0,1.0,2.0,sensitivity_638,sensitivity_557,circular_routes.eol_productivity_elasticity,0.5,1.0,1.0,1.0,direct_target,parameter_only,1,false
sensitivity_638,policy,virgin_metal_tax_tax_0_02,virgin_metal_tax,0.02,LOCALLY_INFEASIBLE,INFEASIBLE_POINT,false,9.303363112,0.0010407565102412697,1,0.0,0,material_composite_production_REU,eqpzs,IND_REU_NEW_ELMA,0.0010407565102412697,EOL_FLOW_EOL_DE_ELMA_INC,0.0,,1.0,2.0,1.0,2.0,1.0,2.0,sensitivity_638,sensitivity_557,circular_routes.eol_productivity_elasticity,0.5,1.0,0.5,0.75,parameter_bisection,parameter_only,2,false
sensitivity_638,policy,virgin_metal_tax_tax_0_02,virgin_metal_tax,0.02,LOCALLY_INFEASIBLE,INFEASIBLE_POINT,false,17.428399077,0.001054117811139621,1,0.0,0,material_composite_production_REU,eqpzs,IND_REU_NEW_ELMA,0.001054117811139621,EOL_FLOW_EOL_DE_ELMA_INC,0.0,,1.0,2.0,1.0,2.0,1.0,2.0,sensitivity_638,sensitivity_557,circular_routes.eol_productivity_elasticity,0.5,1.0,0.25,0.625,parameter_bisection,parameter_only,3,false
sensitivity_638,policy,virgin_metal_tax_tax_0_02,virgin_metal_tax,0.02,LOCALLY_INFEASIBLE,INFEASIBLE_POINT,false,17.660872073,0.0010729004456437874,1,0.0,0,material_composite_production_REU,eqpzs,IND_REU_NEW_ELMA,0.0010729004456437874,EOL_FLOW_EOL_DE_ELMA_INC,0.0,,1.0,2.0,1.0,2.0,1.0,2.0,sensitivity_638,sensitivity_557,circular_routes.eol_productivity_elasticity,0.5,1.0,0.125,0.5625,parameter_bisection,parameter_only,4,false
sensitivity_638,policy,virgin_metal_tax_tax_0_02,virgin_metal_tax,0.02,LOCALLY_INFEASIBLE,INFEASIBLE_POINT,false,17.850169146,0.0010716865192792469,1,0.0,0,material_composite_production_REU,eqpzs,IND_REU_NEW_ELMA,0.0010716865192792469,EOL_FLOW_EOL_DE_ELMA_INC,0.0,,1.0,2.0,1.0,2.0,1.0,2.0,sensitivity_638,sensitivity_557,circular_routes.eol_productivity_elasticity,0.5,1.0,0.0625,0.53125,parameter_bisection,parameter_only,5,false
sensitivity_638,policy,virgin_metal_tax_tax_0_02,virgin_metal_tax,0.02,LOCALLY_INFEASIBLE,INFEASIBLE_POINT,true,4.678298415,0.0009359212119441906,0,0.0,0,material_composite_production_REU,eqpzs,IND_REU_NEW_ELMA,0.0009359212119441906,EOL_FLOW_EOL_DE_ELMA_INC,0.0,,1.0,2.0,1.0,2.0,1.0,2.0,sensitivity_638,sensitivity_557,circular_routes.eol_productivity_elasticity,0.5,1.0,0.03125,0.515625,parameter_bisection,parameter_only,6,true
sensitivity_638,policy,virgin_metal_tax_tax_0_02,virgin_metal_tax,0.02,LOCALLY_INFEASIBLE,INFEASIBLE_POINT,false,14.050469988,0.0010695622362528745,1,0.0,0,material_composite_production_REU,eqpzs,IND_REU_NEW_ELMA,0.0010695622362528745,EOL_FLOW_EOL_DE_ELMA_INC,0.0,,1.0,2.0,1.0,2.0,1.0,2.0,sensitivity_638,sensitivity_557,circular_routes.eol_productivity_elasticity,0.5,1.0,0.09375,0.546875,parameter_bisection,parameter_only,7,false
sensitivity_638,policy,virgin_metal_tax_tax_0_02,virgin_metal_tax,0.02,LOCALLY_INFEASIBLE,INFEASIBLE_POINT,true,4.711163611,0.0009361112868705446,0,0.0,0,material_composite_production_REU,eqpzs,IND_REU_NEW_ELMA,0.0009361112868705446,EOL_FLOW_EOL_DE_ELMA_INC,0.0,,1.0,2.0,1.0,2.0,1.0,2.0,sensitivity_638,sensitivity_557,circular_routes.eol_productivity_elasticity,0.5,1.0,0.0625,0.53125,parameter_bisection,parameter_only,8,true
sensitivity_638,policy,virgin_metal_tax_tax_0_02,virgin_metal_tax,0.02,LOCALLY_INFEASIBLE,INFEASIBLE_POINT,true,5.298822349,0.0009864112511458467,0,0.0,0,material_composite_production_REU,eqpzs,IND_REU_NEW_ELMA,0.0009864112511458467,EOL_FLOW_EOL_DE_ELMA_INC,0.0,,1.0,2.0,1.0,2.0,1.0,2.0,sensitivity_638,sensitivity_557,circular_routes.eol_productivity_elasticity,0.5,1.0,0.125,0.5625,parameter_bisection,parameter_only,9,true
sensitivity_638,policy,virgin_metal_tax_tax_0_02,virgin_metal_tax,0.02,LOCALLY_INFEASIBLE,INFEASIBLE_POINT,false,5.541898,0.0010115655136114787,1,0.0,0,material_composite_production_REU,eqpzs,IND_REU_NEW_ELMA,0.0010115655136114787,EOL_FLOW_EOL_DE_ELMA_INC,0.0,,1.0,2.0,1.0,2.0,1.0,2.0,sensitivity_638,sensitivity_557,circular_routes.eol_productivity_elasticity,0.5,1.0,0.25,0.625,parameter_bisection,parameter_only,10,false
sensitivity_638,policy,virgin_metal_tax_tax_0_02,virgin_metal_tax,0.02,LOCALLY_INFEASIBLE,INFEASIBLE_POINT,true,4.078085282,0.0009902031370162545,0,0.0,0,material_composite_production_REU,eqpzs,IND_REU_NEW_ELMA,0.0009902031370162545,EOL_FLOW_EOL_DE_ELMA_INC,0.0,,1.0,2.0,1.0,2.0,1.0,2.0,sensitivity_638,sensitivity_557,circular_routes.eol_productivity_elasticity,0.5,1.0,0.1875,0.59375,parameter_bisection,parameter_only,11,true
sensitivity_638,policy,virgin_metal_tax_tax_0_02,virgin_metal_tax,0.02,LOCALLY_INFEASIBLE,INFEASIBLE_POINT,false,7.648824019,0.0010527379927011138,1,0.0,0,material_composite_production_REU,eqpzs,IND_REU_NEW_ELMA,0.0010527379927011138,EOL_FLOW_EOL_DE_ELMA_INC,0.0,,1.0,2.0,1.0,2.0,1.0,2.0,sensitivity_638,sensitivity_557,circular_routes.eol_productivity_elasticity,0.5,1.0,0.3125,0.65625,parameter_bisection,parameter_only,12,false
sensitivity_638,policy,virgin_metal_tax_tax_0_02,virgin_metal_tax,0.02,LOCALLY_INFEASIBLE,INFEASIBLE_POINT,false,17.785492485,0.001075791718107899,1,0.0,0,material_composite_production_REU,eqpzs,IND_REU_NEW_ELMA,0.001075791718107899,EOL_FLOW_EOL_DE_ELMA_INC,0.0,,1.0,2.0,1.0,2.0,1.0,2.0,sensitivity_638,sensitivity_557,circular_routes.eol_productivity_elasticity,0.5,1.0,0.25,0.625,parameter_bisection,parameter_only,13,false
sensitivity_638,policy,virgin_metal_tax_tax_0_02,virgin_metal_tax,0.02,LOCALLY_INFEASIBLE,INFEASIBLE_POINT,true,4.580216009,0.0009903319607381667,0,0.0,0,material_composite_production_REU,eqpzs,IND_REU_NEW_ELMA,0.0009903319607381667,EOL_FLOW_EOL_DE_ELMA_INC,0.0,,1.0,2.0,1.0,2.0,1.0,2.0,sensitivity_638,sensitivity_557,circular_routes.eol_productivity_elasticity,0.5,1.0,0.21875,0.609375,parameter_bisection,parameter_only,14,true
sensitivity_638,policy,virgin_metal_tax_tax_0_02,virgin_metal_tax,0.02,LOCALLY_INFEASIBLE,INFEASIBLE_POINT,false,13.523342358,0.0010641490094882577,1,0.0,0,material_composite_production_REU,eqpzs,IND_REU_NEW_ELMA,0.0010641490094882577,EOL_FLOW_EOL_DE_ELMA_INC,0.0,,1.0,2.0,1.0,2.0,1.0,2.0,sensitivity_638,sensitivity_557,circular_routes.eol_productivity_elasticity,0.5,1.0,0.28125,0.640625,parameter_bisection,parameter_only,15,false
sensitivity_638,policy,virgin_metal_tax_tax_0_02,virgin_metal_tax,0.02,LOCALLY_INFEASIBLE,INFEASIBLE_POINT,false,7.214762107,0.001027292626467724,1,0.0,0,material_composite_production_REU,eqpzs,IND_REU_NEW_ELMA,0.001027292626467724,EOL_FLOW_EOL_DE_ELMA_INC,0.0,,1.0,2.0,1.0,2.0,1.0,2.0,sensitivity_638,sensitivity_557,circular_routes.eol_productivity_elasticity,0.5,1.0,0.25,0.625,parameter_bisection,parameter_only,16,false
sensitivity_638,policy,virgin_metal_tax_tax_0_02,virgin_metal_tax,0.02,LOCALLY_INFEASIBLE,INFEASIBLE_POINT,false,33.622928932,0.001064560406445092,1,0.0,0,material_composite_production_REU,eqpzs,IND_REU_NEW_ELMA,0.001064560406445092,EOL_FLOW_EOL_DE_ELMA_INC,0.0,,1.0,2.0,1.0,2.0,1.0,2.0,sensitivity_638,sensitivity_557,circular_routes.eol_productivity_elasticity,0.5,1.0,0.234375,0.6171875,parameter_bisection,parameter_only,17,false
sensitivity_638,policy,virgin_metal_tax_tax_0_02,virgin_metal_tax,0.02,LOCALLY_INFEASIBLE,INFEASIBLE_POINT,false,24.724957264,0.0010729642258484606,1,0.0,0,material_composite_production_REU,eqpzs,IND_REU_NEW_ELMA,0.0010729642258484606,EOL_FLOW_EOL_DE_ELMA_INC,0.0,,1.0,2.0,1.0,2.0,1.0,2.0,sensitivity_638,sensitivity_557,circular_routes.eol_productivity_elasticity,0.5,1.0,0.2265625,0.61328125,parameter_bisection,parameter_only,18,false
sensitivity_638,policy,virgin_metal_tax_tax_0_02,virgin_metal_tax,0.02,LOCALLY_INFEASIBLE,INFEASIBLE_POINT,false,5.936572,0.001043518433874402,1,0.0,0,material_composite_production_REU,eqpzs,IND_REU_NEW_ELMA,0.001043518433874402,EOL_FLOW_EOL_DE_ELMA_INC,0.0,,1.0,2.0,1.0,2.0,1.0,2.0,sensitivity_638,sensitivity_557,circular_routes.eol_productivity_elasticity,0.5,1.0,0.22265625,0.611328125,parameter_bisection,parameter_only,19,false
sensitivity_638,policy,virgin_metal_tax_tax_0_02,virgin_metal_tax,0.02,LOCALLY_INFEASIBLE,INFEASIBLE_POINT,false,10.564920474,0.0010622725969254843,1,0.0,0,material_composite_production_REU,eqpzs,IND_REU_NEW_ELMA,0.0010622725969254843,EOL_FLOW_EOL_DE_ELMA_INC,0.0,,1.0,2.0,1.0,2.0,1.0,2.0,sensitivity_638,sensitivity_557,circular_routes.eol_productivity_elasticity,0.5,1.0,0.220703125,0.6103515625,parameter_bisection,parameter_only,20,false
sensitivity_638,policy,virgin_metal_tax_tax_0_02,virgin_metal_tax,0.02,LOCALLY_INFEASIBLE,INFEASIBLE_POINT,false,8.050807739,0.001052318782142736,1,0.0,0,material_composite_production_REU,eqpzs,IND_REU_NEW_ELMA,0.001052318782142736,EOL_FLOW_EOL_DE_ELMA_INC,0.0,,1.0,2.0,1.0,2.0,1.0,2.0,sensitivity_638,sensitivity_557,circular_routes.eol_productivity_elasticity,0.5,1.0,0.2197265625,0.60986328125,parameter_bisection,parameter_only,21,false
sensitivity_646,policy,virgin_metal_tax_tax_0_02,virgin_metal_tax,0.02,LOCALLY_INFEASIBLE,INFEASIBLE_POINT,false,71.317987242,0.0010706527687140976,1,0.0,0,material_composite_production_REU,eqpzs,IND_REU_NEW_ELMA,0.0010706527687140976,EOL_FLOW_EOL_DE_ELMA_INC,0.0,,0.5,2.0,2.0,2.0,1.0,2.0,sensitivity_646,sensitivity_403,circular_metal.material_substitution_elasticity,1.0,2.0,1.0,2.0,direct_target,parameter_only,1,false
sensitivity_646,policy,virgin_metal_tax_tax_0_02,virgin_metal_tax,0.02,LOCALLY_INFEASIBLE,INFEASIBLE_POINT,false,17.379813109,0.0010426314273142001,1,0.0,0,material_composite_production_REU,eqpzs,IND_REU_NEW_ELMA,0.0010426314273142001,EOL_FLOW_EOL_DE_ELMA_INC,0.0,,0.5,2.0,2.0,2.0,1.0,2.0,sensitivity_646,sensitivity_403,circular_metal.material_substitution_elasticity,1.0,2.0,0.5,1.5,parameter_bisection,parameter_only,2,false
sensitivity_646,policy,virgin_metal_tax_tax_0_02,virgin_metal_tax,0.02,LOCALLY_INFEASIBLE,INFEASIBLE_POINT,true,20.868829039,0.0008390745679368594,0,0.0,0,material_composite_production_SK,eqpzs,IND_SK_NEW_ELMA,0.0008390745679368594,EOL_FLOW_EOL_DE_ELMA_INC,0.0,,0.5,2.0,2.0,2.0,1.0,2.0,sensitivity_646,sensitivity_403,circular_metal.material_substitution_elasticity,1.0,2.0,0.25,1.25,parameter_bisection,parameter_only,3,true
sensitivity_646,policy,virgin_metal_tax_tax_0_02,virgin_metal_tax,0.02,LOCALLY_INFEASIBLE,INFEASIBLE_POINT,false,22.194029159,0.0010515266224876418,1,0.0,0,material_composite_production_REU,eqpzs,IND_REU_NEW_ELMA,0.0010515266224876418,EOL_FLOW_EOL_DE_ELMA_INC,0.0,,0.5,2.0,2.0,2.0,1.0,2.0,sensitivity_646,sensitivity_403,circular_metal.material_substitution_elasticity,1.0,2.0,0.75,1.75,parameter_bisection,parameter_only,4,false
sensitivity_646,policy,virgin_metal_tax_tax_0_02,virgin_metal_tax,0.02,LOCALLY_INFEASIBLE,INFEASIBLE_POINT,true,12.857581952,0.0009690014638018551,0,0.0,0,material_composite_production_REU,eqpzs,IND_REU_NEW_ELMA,0.0009690014638018551,EOL_FLOW_EOL_DE_ELMA_INC,0.0,,0.5,2.0,2.0,2.0,1.0,2.0,sensitivity_646,sensitivity_403,circular_metal.material_substitution_elasticity,1.0,2.0,0.5,1.5,parameter_bisection,parameter_only,5,true
sensitivity_646,policy,virgin_metal_tax_tax_0_02,virgin_metal_tax,0.02,LOCALLY_INFEASIBLE,INFEASIBLE_POINT,false,75.794085234,0.0010823751108099966,1,0.0,0,material_composite_production_REU,eqpzs,IND_REU_NEW_ELMA,0.0010823751108099966,EOL_FLOW_EOL_DE_ELMA_INC,0.0,,0.5,2.0,2.0,2.0,1.0,2.0,sensitivity_646,sensitivity_403,circular_metal.material_substitution_elasticity,1.0,2.0,1.0,2.0,parameter_bisection,parameter_only,6,false
sensitivity_646,policy,virgin_metal_tax_tax_0_02,virgin_metal_tax,0.02,LOCALLY_INFEASIBLE,INFEASIBLE_POINT,true,13.652294891,0.0008911005959104656,0,0.0,0,material_composite_production_REU,eqpzs,IND_REU_NEW_ELMA,0.0008911005959104656,EOL_FLOW_EOL_DE_ELMA_INC,0.0,,0.5,2.0,2.0,2.0,1.0,2.0,sensitivity_646,sensitivity_403,circular_metal.material_substitution_elasticity,1.0,2.0,0.75,1.75,parameter_bisection,parameter_only,7,true
sensitivity_646,policy,virgin_metal_tax_tax_0_02,virgin_metal_tax,0.02,LOCALLY_INFEASIBLE,INFEASIBLE_POINT,false,41.132279047,0.0010223381117802077,1,0.0,0,material_composite_production_REU,eqpzs,IND_REU_NEW_ELMA,0.0010223381117802077,EOL_FLOW_EOL_DE_ELMA_INC,0.0,,0.5,2.0,2.0,2.0,1.0,2.0,sensitivity_646,sensitivity_403,circular_metal.material_substitution_elasticity,1.0,2.0,1.0,2.0,parameter_bisection,parameter_only,8,false
sensitivity_646,policy,virgin_metal_tax_tax_0_02,virgin_metal_tax,0.02,LOCALLY_INFEASIBLE,INFEASIBLE_POINT,false,41.059167507,0.0031447581622099374,2,0.0,0,observed_physical_flow_links,quantity_link,physical_SK_OFMA_REP_route_input_mass,0.0031447581622099374,EOL_FLOW_EOL_DE_ELMA_INC,0.0,,0.5,2.0,2.0,2.0,1.0,2.0,sensitivity_646,sensitivity_403,circular_metal.material_substitution_elasticity,1.0,2.0,0.875,1.875,parameter_bisection,parameter_only,9,false
sensitivity_646,policy,virgin_metal_tax_tax_0_02,virgin_metal_tax,0.02,LOCALLY_INFEASIBLE,INFEASIBLE_POINT,false,13.977737319,0.0010286342404013382,1,0.0,0,material_composite_production_REU,eqpzs,IND_REU_NEW_ELMA,0.0010286342404013382,EOL_FLOW_EOL_DE_ELMA_INC,0.0,,0.5,2.0,2.0,2.0,1.0,2.0,sensitivity_646,sensitivity_403,circular_metal.material_substitution_elasticity,1.0,2.0,0.8125,1.8125,parameter_bisection,parameter_only,10,false
sensitivity_646,policy,virgin_metal_tax_tax_0_02,virgin_metal_tax,0.02,LOCALLY_INFEASIBLE,INFEASIBLE_POINT,false,15.604624534,0.0010621396483009304,1,0.0,0,material_composite_production_REU,eqpzs,IND_REU_NEW_ELMA,0.0010621396483009304,EOL_FLOW_EOL_DE_ELMA_INC,0.0,,0.5,2.0,2.0,2.0,1.0,2.0,sensitivity_646,sensitivity_403,circular_metal.material_substitution_elasticity,1.0,2.0,0.78125,1.78125,parameter_bisection,parameter_only,11,false
sensitivity_646,policy,virgin_metal_tax_tax_0_02,virgin_metal_tax,0.02,LOCALLY_INFEASIBLE,INFEASIBLE_POINT,false,24.686640215,0.0010749937630089024,1,0.0,0,material_composite_production_REU,eqpzs,IND_REU_NEW_ELMA,0.0010749937630089024,EOL_FLOW_EOL_DE_ELMA_INC,0.0,,0.5,2.0,2.0,2.0,1.0,2.0,sensitivity_646,sensitivity_403,circular_metal.material_substitution_elasticity,1.0,2.0,0.765625,1.765625,parameter_bisection,parameter_only,12,false
sensitivity_646,policy,virgin_metal_tax_tax_0_02,virgin_metal_tax,0.02,LOCALLY_INFEASIBLE,INFEASIBLE_POINT,false,18.60638873,0.0010576741181757,1,0.0,0,material_composite_production_REU,eqpzs,IND_REU_NEW_ELMA,0.0010576741181757,EOL_FLOW_EOL_DE_ELMA_INC,0.0,,0.5,2.0,2.0,2.0,1.0,2.0,sensitivity_646,sensitivity_403,circular_metal.material_substitution_elasticity,1.0,2.0,0.7578125,1.7578125,parameter_bisection,parameter_only,13,false
sensitivity_646,policy,virgin_metal_tax_tax_0_02,virgin_metal_tax,0.02,LOCALLY_INFEASIBLE,INFEASIBLE_POINT,false,29.129521121,0.001046372711716037,1,0.0,0,material_composite_production_REU,eqpzs,IND_REU_NEW_ELMA,0.001046372711716037,EOL_FLOW_EOL_DE_ELMA_INC,0.0,,0.5,2.0,2.0,2.0,1.0,2.0,sensitivity_646,sensitivity_403,circular_metal.material_substitution_elasticity,1.0,2.0,0.75390625,1.75390625,parameter_bisection,parameter_only,14,false
sensitivity_646,policy,virgin_metal_tax_tax_0_02,virgin_metal_tax,0.02,LOCALLY_INFEASIBLE,INFEASIBLE_POINT,false,9.81829419,0.0010441195281356563,1,0.0,0,material_composite_production_REU,eqpzs,IND_REU_NEW_ELMA,0.0010441195281356563,EOL_FLOW_EOL_DE_ELMA_INC,0.0,,0.5,2.0,2.0,2.0,1.0,2.0,sensitivity_646,sensitivity_403,circular_metal.material_substitution_elasticity,1.0,2.0,0.751953125,1.751953125,parameter_bisection,parameter_only,15,false
sensitivity_646,policy,virgin_metal_tax_tax_0_02,virgin_metal_tax,0.02,LOCALLY_INFEASIBLE,INFEASIBLE_POINT,false,7.501758377,0.001012113047830776,1,0.0,0,material_composite_production_REU,eqpzs,IND_REU_NEW_ELMA,0.001012113047830776,EOL_FLOW_EOL_DE_ELMA_INC,0.0,,0.5,2.0,2.0,2.0,1.0,2.0,sensitivity_646,sensitivity_403,circular_metal.material_substitution_elasticity,1.0,2.0,0.7509765625,1.7509765625,parameter_bisection,parameter_only,16,false
sensitivity_648,policy,virgin_metal_tax_tax_0_02,virgin_metal_tax,0.02,LOCALLY_INFEASIBLE,INFEASIBLE_POINT,false,72.602954411,0.001013046866152556,1,0.0,0,material_composite_production_REU,eqpzs,IND_REU_NEW_ELMA,0.001013046866152556,EOL_FLOW_EOL_DE_ELMA_INC,0.0,,2.0,2.0,2.0,2.0,1.0,2.0,sensitivity_648,sensitivity_405,circular_metal.material_substitution_elasticity,1.0,2.0,1.0,2.0,direct_target,parameter_only,1,false
sensitivity_648,policy,virgin_metal_tax_tax_0_02,virgin_metal_tax,0.02,LOCALLY_INFEASIBLE,INFEASIBLE_POINT,false,42.716636233,0.016089938013732707,1,0.0,0,observed_physical_flow_links,quantity_link,physical_SK_OFMA_REP_route_input_mass,0.016089938013732707,EOL_FLOW_EOL_DE_ELMA_INC,0.0,,2.0,2.0,2.0,2.0,1.0,2.0,sensitivity_648,sensitivity_405,circular_metal.material_substitution_elasticity,1.0,2.0,0.5,1.5,parameter_bisection,parameter_only,2,false
sensitivity_648,policy,virgin_metal_tax_tax_0_02,virgin_metal_tax,0.02,LOCALLY_INFEASIBLE,INFEASIBLE_POINT,true,25.200537159,0.0009518289817470604,0,0.0,0,material_composite_production_SK,eqpzs,IND_SK_NEW_ELMA,0.0009518289817470604,EOL_FLOW_EOL_DE_ELMA_INC,0.0,,2.0,2.0,2.0,2.0,1.0,2.0,sensitivity_648,sensitivity_405,circular_metal.material_substitution_elasticity,1.0,2.0,0.25,1.25,parameter_bisection,parameter_only,3,true
sensitivity_648,policy,virgin_metal_tax_tax_0_02,virgin_metal_tax,0.02,LOCALLY_INFEASIBLE,INFEASIBLE_POINT,true,30.942062255,0.0007680786508149628,0,0.0,0,material_composite_production_SK,eqpzs,IND_SK_NEW_ELMA,0.0007680786508149628,EOL_FLOW_EOL_DE_ELMA_INC,0.0,,2.0,2.0,2.0,2.0,1.0,2.0,sensitivity_648,sensitivity_405,circular_metal.material_substitution_elasticity,1.0,2.0,0.75,1.75,parameter_bisection,parameter_only,4,true
sensitivity_648,policy,virgin_metal_tax_tax_0_02,virgin_metal_tax,0.02,LOCALLY_INFEASIBLE,INFEASIBLE_POINT,false,28.235638406,0.001238008102606769,1,0.0,0,material_composite_production_SK,eqpzs,IND_SK_NEW_ELMA,0.001238008102606769,EOL_FLOW_EOL_DE_ELMA_INC,0.0,,2.0,2.0,2.0,2.0,1.0,2.0,sensitivity_648,sensitivity_405,circular_metal.material_substitution_elasticity,1.0,2.0,1.0,2.0,parameter_bisection,parameter_only,5,false
sensitivity_648,policy,virgin_metal_tax_tax_0_02,virgin_metal_tax,0.02,TIME_LIMIT,NEARLY_FEASIBLE_POINT,false,124.130759354,0.0017704576743697853,1,0.0,0,eu_wide_eol_allocation,eu_wide_eol_allocation,OFMA|EOL_SK_OFMA_REP,0.0017704576743697853,EOL_FLOW_EOL_DE_ELMA_INC,0.0,,2.0,2.0,2.0,2.0,1.0,2.0,sensitivity_648,sensitivity_405,circular_metal.material_substitution_elasticity,1.0,2.0,0.875,1.875,parameter_bisection,parameter_only,6,false
sensitivity_648,policy,virgin_metal_tax_tax_0_02,virgin_metal_tax,0.02,TIME_LIMIT,NEARLY_FEASIBLE_POINT,false,125.161339054,0.0005169109990266207,0,4.424877956930938e-10,0,material_composite_production_REU,eqpzs,IND_REU_NEW_ELMA,0.0005169109990266207,Y_IND_SK_NEW_OFMA,4.424877956930938e-10,,2.0,2.0,2.0,2.0,1.0,2.0,sensitivity_648,sensitivity_405,circular_metal.material_substitution_elasticity,1.0,2.0,0.8125,1.8125,parameter_bisection,parameter_only,7,false
sensitivity_648,policy,virgin_metal_tax_tax_0_02,virgin_metal_tax,0.02,LOCALLY_INFEASIBLE,INFEASIBLE_POINT,false,21.809807832,0.010327752527813927,1,0.0,0,observed_physical_flow_links,quantity_link,physical_SK_OFMA_REP_route_input_mass,0.010327752527813927,EOL_FLOW_EOL_DE_ELMA_INC,0.0,,2.0,2.0,2.0,2.0,1.0,2.0,sensitivity_648,sensitivity_405,circular_metal.material_substitution_elasticity,1.0,2.0,0.78125,1.78125,parameter_bisection,parameter_only,8,false
sensitivity_648,policy,virgin_metal_tax_tax_0_02,virgin_metal_tax,0.02,LOCALLY_INFEASIBLE,INFEASIBLE_POINT,false,18.251525991,0.001083472442657274,1,0.0,0,material_composite_production_SK,eqpzs,IND_SK_NEW_ELMA,0.001083472442657274,EOL_FLOW_EOL_DE_ELMA_INC,0.0,,2.0,2.0,2.0,2.0,1.0,2.0,sensitivity_648,sensitivity_405,circular_metal.material_substitution_elasticity,1.0,2.0,0.765625,1.765625,parameter_bisection,parameter_only,9,false
sensitivity_648,policy,virgin_metal_tax_tax_0_02,virgin_metal_tax,0.02,LOCALLY_INFEASIBLE,INFEASIBLE_POINT,false,10.936750455,0.0012159744069057954,1,0.0,0,material_composite_production_SK,eqpzs,IND_SK_NEW_ELMA,0.0012159744069057954,EOL_FLOW_EOL_DE_ELMA_INC,0.0,,2.0,2.0,2.0,2.0,1.0,2.0,sensitivity_648,sensitivity_405,circular_metal.material_substitution_elasticity,1.0,2.0,0.7578125,1.7578125,parameter_bisection,parameter_only,10,false
sensitivity_648,policy,virgin_metal_tax_tax_0_02,virgin_metal_tax,0.02,LOCALLY_INFEASIBLE,INFEASIBLE_POINT,false,21.746654223,0.0012330568190507263,1,0.0,0,material_composite_production_SK,eqpzs,IND_SK_NEW_ELMA,0.0012330568190507263,EOL_FLOW_EOL_DE_ELMA_INC,0.0,,2.0,2.0,2.0,2.0,1.0,2.0,sensitivity_648,sensitivity_405,circular_metal.material_substitution_elasticity,1.0,2.0,0.75390625,1.75390625,parameter_bisection,parameter_only,11,false
sensitivity_648,policy,virgin_metal_tax_tax_0_02,virgin_metal_tax,0.02,LOCALLY_INFEASIBLE,INFEASIBLE_POINT,false,14.682119773,0.00122480804873204,1,0.0,0,material_composite_production_SK,eqpzs,IND_SK_NEW_ELMA,0.00122480804873204,EOL_FLOW_EOL_DE_ELMA_INC,0.0,,2.0,2.0,2.0,2.0,1.0,2.0,sensitivity_648,sensitivity_405,circular_metal.material_substitution_elasticity,1.0,2.0,0.751953125,1.751953125,parameter_bisection,parameter_only,12,false
sensitivity_648,policy,virgin_metal_tax_tax_0_02,virgin_metal_tax,0.02,LOCALLY_INFEASIBLE,INFEASIBLE_POINT,false,29.361034383,0.0016312653502330021,1,0.0,0,observed_physical_flow_links,quantity_link,physical_SK_OFMA_REP_route_input_mass,0.0016312653502330021,EOL_FLOW_EOL_DE_ELMA_INC,0.0,,2.0,2.0,2.0,2.0,1.0,2.0,sensitivity_648,sensitivity_405,circular_metal.material_substitution_elasticity,1.0,2.0,0.7509765625,1.7509765625,parameter_bisection,parameter_only,13,false
sensitivity_657,policy,virgin_metal_tax_tax_0_02,virgin_metal_tax,0.02,LOCALLY_INFEASIBLE,INFEASIBLE_POINT,false,28.920838034,0.9168625959402421,15,0.0,0,observed_physical_flow_links,quantity_link,physical_SK_OFMA_REP_route_input_mass,0.9168625959402421,EOL_FLOW_EOL_DE_ELMA_INC,0.0,,2.0,2.0,0.5,0.5,2.0,2.0,sensitivity_657,sensitivity_171,circular_metal.material_substitution_elasticity,0.5,2.0,1.0,2.0,direct_target,parameter_only,1,false
sensitivity_657,policy,virgin_metal_tax_tax_0_02,virgin_metal_tax,0.02,LOCALLY_INFEASIBLE,INFEASIBLE_POINT,true,7.587431728,0.0009324072033143338,0,0.0,0,material_composite_production_REU,eqpzs,IND_REU_NEW_ELMA,0.0009324072033143338,EOL_FLOW_EOL_DE_ELMA_INC,0.0,,2.0,2.0,0.5,0.5,2.0,2.0,sensitivity_657,sensitivity_171,circular_metal.material_substitution_elasticity,0.5,2.0,0.5,1.25,parameter_bisection,parameter_only,2,true
sensitivity_657,policy,virgin_metal_tax_tax_0_02,virgin_metal_tax,0.02,LOCALLY_INFEASIBLE,INFEASIBLE_POINT,false,28.484712573,0.02376546716920558,4,0.0,0,observed_physical_flow_links,quantity_link,physical_SK_OFMA_REP_route_input_mass,0.02376546716920558,EOL_FLOW_EOL_DE_ELMA_INC,0.0,,2.0,2.0,0.5,0.5,2.0,2.0,sensitivity_657,sensitivity_171,circular_metal.material_substitution_elasticity,0.5,2.0,1.0,2.0,parameter_bisection,parameter_only,3,false
sensitivity_657,policy,virgin_metal_tax_tax_0_02,virgin_metal_tax,0.02,LOCALLY_INFEASIBLE,INFEASIBLE_POINT,false,20.854802107,0.001069004627234027,1,0.0,0,material_composite_production_REU,eqpzs,IND_REU_NEW_ELMA,0.001069004627234027,EOL_FLOW_EOL_DE_ELMA_INC,0.0,,2.0,2.0,0.5,0.5,2.0,2.0,sensitivity_657,sensitivity_171,circular_metal.material_substitution_elasticity,0.5,2.0,0.75,1.625,parameter_bisection,parameter_only,4,false
sensitivity_657,policy,virgin_metal_tax_tax_0_02,virgin_metal_tax,0.02,LOCALLY_INFEASIBLE,INFEASIBLE_POINT,true,32.486007133,0.0009181702708569439,0,0.0,0,material_composite_production_REU,eqpzs,IND_REU_NEW_ELMA,0.0009181702708569439,EOL_FLOW_EOL_DE_ELMA_INC,0.0,,2.0,2.0,0.5,0.5,2.0,2.0,sensitivity_657,sensitivity_171,circular_metal.material_substitution_elasticity,0.5,2.0,0.625,1.4375,parameter_bisection,parameter_only,5,true
sensitivity_657,policy,virgin_metal_tax_tax_0_02,virgin_metal_tax,0.02,LOCALLY_INFEASIBLE,INFEASIBLE_POINT,true,14.781631418,0.0008958761376601787,0,0.0,0,material_composite_production_REU,eqpzs,IND_REU_NEW_ELMA,0.0008958761376601787,EOL_FLOW_EOL_DE_ELMA_INC,0.0,,2.0,2.0,0.5,0.5,2.0,2.0,sensitivity_657,sensitivity_171,circular_metal.material_substitution_elasticity,0.5,2.0,0.875,1.8125,parameter_bisection,parameter_only,6,true
sensitivity_657,policy,virgin_metal_tax_tax_0_02,virgin_metal_tax,0.02,LOCALLY_INFEASIBLE,INFEASIBLE_POINT,true,15.708967637,0.0008992171819003358,0,0.0,0,material_composite_production_REU,eqpzs,IND_REU_NEW_ELMA,0.0008992171819003358,EOL_FLOW_EOL_DE_ELMA_INC,0.0,,2.0,2.0,0.5,0.5,2.0,2.0,sensitivity_657,sensitivity_171,circular_metal.material_substitution_elasticity,0.5,2.0,1.0,2.0,parameter_bisection,parameter_only,7,true
sensitivity_674,policy,virgin_metal_tax_tax_0_02,virgin_metal_tax,0.02,LOCALLY_INFEASIBLE,INFEASIBLE_POINT,true,6.251872393,0.0008321614579350767,0,0.0,0,material_composite_production_SK,eqpzs,IND_SK_NEW_ELMA,0.0008321614579350767,EOL_FLOW_EOL_DE_ELMA_INC,0.0,,1.0,2.0,2.0,0.5,2.0,2.0,sensitivity_674,sensitivity_656,circular_routes.service_elasticity,0.5,2.0,1.0,2.0,direct_target,parameter_only,1,true
sensitivity_675,policy,virgin_metal_tax_tax_0_02,virgin_metal_tax,0.02,LOCALLY_INFEASIBLE,INFEASIBLE_POINT,false,11.1858601,0.001260481314282691,2,0.0,0,material_composite_production_SK,eqpzs,IND_SK_NEW_ELMA,0.001260481314282691,EOL_FLOW_EOL_DE_ELMA_INC,0.0,,2.0,2.0,2.0,0.5,2.0,2.0,sensitivity_675,sensitivity_672,trade.cet_transformation_elasticity,1.0,2.0,1.0,2.0,direct_target,parameter_only,1,false
sensitivity_675,policy,virgin_metal_tax_tax_0_02,virgin_metal_tax,0.02,LOCALLY_INFEASIBLE,INFEASIBLE_POINT,true,9.249826665,0.0009836543116230612,0,0.0,0,material_composite_production_SK,eqpzs,IND_SK_NEW_ELMA,0.0009836543116230612,EOL_FLOW_EOL_DE_ELMA_INC,0.0,,2.0,2.0,2.0,0.5,2.0,2.0,sensitivity_675,sensitivity_672,trade.cet_transformation_elasticity,1.0,2.0,0.5,1.5,parameter_bisection,parameter_only,2,true
sensitivity_675,policy,virgin_metal_tax_tax_0_02,virgin_metal_tax,0.02,LOCALLY_INFEASIBLE,INFEASIBLE_POINT,false,6.45820069,0.0011790171945731398,2,0.0,0,material_composite_production_SK,eqpzs,IND_SK_NEW_ELMA,0.0011790171945731398,EOL_FLOW_EOL_DE_ELMA_INC,0.0,,2.0,2.0,2.0,0.5,2.0,2.0,sensitivity_675,sensitivity_672,trade.cet_transformation_elasticity,1.0,2.0,1.0,2.0,parameter_bisection,parameter_only,3,false
sensitivity_675,policy,virgin_metal_tax_tax_0_02,virgin_metal_tax,0.02,LOCALLY_INFEASIBLE,INFEASIBLE_POINT,false,4.59427744,0.0010869290143820098,1,0.0,0,material_composite_production_SK,eqpzs,IND_SK_NEW_ELMA,0.0010869290143820098,EOL_FLOW_EOL_DE_ELMA_INC,0.0,,2.0,2.0,2.0,0.5,2.0,2.0,sensitivity_675,sensitivity_672,trade.cet_transformation_elasticity,1.0,2.0,0.75,1.75,parameter_bisection,parameter_only,4,false
sensitivity_675,policy,virgin_metal_tax_tax_0_02,virgin_metal_tax,0.02,LOCALLY_INFEASIBLE,INFEASIBLE_POINT,false,6.448673373,0.0011632457515547978,1,0.0,0,material_composite_production_SK,eqpzs,IND_SK_NEW_ELMA,0.0011632457515547978,EOL_FLOW_EOL_DE_ELMA_INC,0.0,,2.0,2.0,2.0,0.5,2.0,2.0,sensitivity_675,sensitivity_672,trade.cet_transformation_elasticity,1.0,2.0,0.625,1.625,parameter_bisection,parameter_only,5,false
sensitivity_675,policy,virgin_metal_tax_tax_0_02,virgin_metal_tax,0.02,LOCALLY_INFEASIBLE,INFEASIBLE_POINT,false,11.798259221,0.0010224047546958381,1,0.0,0,material_composite_production_SK,eqpzs,IND_SK_NEW_ELMA,0.0010224047546958381,EOL_FLOW_EOL_DE_ELMA_INC,0.0,,2.0,2.0,2.0,0.5,2.0,2.0,sensitivity_675,sensitivity_672,trade.cet_transformation_elasticity,1.0,2.0,0.5625,1.5625,parameter_bisection,parameter_only,6,false
sensitivity_675,policy,virgin_metal_tax_tax_0_02,virgin_metal_tax,0.02,LOCALLY_INFEASIBLE,INFEASIBLE_POINT,false,5.946333949,0.001020027843942506,1,0.0,0,material_composite_production_SK,eqpzs,IND_SK_NEW_ELMA,0.001020027843942506,EOL_FLOW_EOL_DE_ELMA_INC,0.0,,2.0,2.0,2.0,0.5,2.0,2.0,sensitivity_675,sensitivity_672,trade.cet_transformation_elasticity,1.0,2.0,0.53125,1.53125,parameter_bisection,parameter_only,7,false
sensitivity_675,policy,virgin_metal_tax_tax_0_02,virgin_metal_tax,0.02,LOCALLY_INFEASIBLE,INFEASIBLE_POINT,true,4.497482001,0.0009890047781722089,0,0.0,0,material_composite_production_SK,eqpzs,IND_SK_NEW_ELMA,0.0009890047781722089,EOL_FLOW_EOL_DE_ELMA_INC,0.0,,2.0,2.0,2.0,0.5,2.0,2.0,sensitivity_675,sensitivity_672,trade.cet_transformation_elasticity,1.0,2.0,0.515625,1.515625,parameter_bisection,parameter_only,8,true
sensitivity_675,policy,virgin_metal_tax_tax_0_02,virgin_metal_tax,0.02,LOCALLY_INFEASIBLE,INFEASIBLE_POINT,false,5.315342655,0.0010373297772767742,1,0.0,0,material_composite_production_SK,eqpzs,IND_SK_NEW_ELMA,0.0010373297772767742,EOL_FLOW_EOL_DE_ELMA_INC,0.0,,2.0,2.0,2.0,0.5,2.0,2.0,sensitivity_675,sensitivity_672,trade.cet_transformation_elasticity,1.0,2.0,0.546875,1.546875,parameter_bisection,parameter_only,9,false
sensitivity_675,policy,virgin_metal_tax_tax_0_02,virgin_metal_tax,0.02,LOCALLY_INFEASIBLE,INFEASIBLE_POINT,true,4.401204963,0.0009824431370466513,0,0.0,0,material_composite_production_SK,eqpzs,IND_SK_NEW_ELMA,0.0009824431370466513,EOL_FLOW_EOL_DE_ELMA_INC,0.0,,2.0,2.0,2.0,0.5,2.0,2.0,sensitivity_675,sensitivity_672,trade.cet_transformation_elasticity,1.0,2.0,0.53125,1.53125,parameter_bisection,parameter_only,10,true
sensitivity_675,policy,virgin_metal_tax_tax_0_02,virgin_metal_tax,0.02,LOCALLY_INFEASIBLE,INFEASIBLE_POINT,true,5.497863545,0.0009619600074645129,0,0.0,0,material_composite_production_SK,eqpzs,IND_SK_NEW_ELMA,0.0009619600074645129,EOL_FLOW_EOL_DE_ELMA_INC,0.0,,2.0,2.0,2.0,0.5,2.0,2.0,sensitivity_675,sensitivity_672,trade.cet_transformation_elasticity,1.0,2.0,0.5625,1.5625,parameter_bisection,parameter_only,11,true
sensitivity_675,policy,virgin_metal_tax_tax_0_02,virgin_metal_tax,0.02,LOCALLY_INFEASIBLE,INFEASIBLE_POINT,true,7.232861551,0.0009687464569980708,0,0.0,0,material_composite_production_SK,eqpzs,IND_SK_NEW_ELMA,0.0009687464569980708,EOL_FLOW_EOL_DE_ELMA_INC,0.0,,2.0,2.0,2.0,0.5,2.0,2.0,sensitivity_675,sensitivity_672,trade.cet_transformation_elasticity,1.0,2.0,0.625,1.625,parameter_bisection,parameter_only,12,true
sensitivity_675,policy,virgin_metal_tax_tax_0_02,virgin_metal_tax,0.02,LOCALLY_INFEASIBLE,INFEASIBLE_POINT,false,9.766893968,0.001093491668903268,1,0.0,0,material_composite_production_SK,eqpzs,IND_SK_NEW_ELMA,0.001093491668903268,EOL_FLOW_EOL_DE_ELMA_INC,0.0,,2.0,2.0,2.0,0.5,2.0,2.0,sensitivity_675,sensitivity_672,trade.cet_transformation_elasticity,1.0,2.0,0.75,1.75,parameter_bisection,parameter_only,13,false
sensitivity_675,policy,virgin_metal_tax_tax_0_02,virgin_metal_tax,0.02,LOCALLY_INFEASIBLE,INFEASIBLE_POINT,false,8.7323514,0.0010341499165466006,1,0.0,0,material_composite_production_SK,eqpzs,IND_SK_NEW_ELMA,0.0010341499165466006,EOL_FLOW_EOL_DE_ELMA_INC,0.0,,2.0,2.0,2.0,0.5,2.0,2.0,sensitivity_675,sensitivity_672,trade.cet_transformation_elasticity,1.0,2.0,0.6875,1.6875,parameter_bisection,parameter_only,14,false
sensitivity_675,policy,virgin_metal_tax_tax_0_02,virgin_metal_tax,0.02,LOCALLY_INFEASIBLE,INFEASIBLE_POINT,true,9.344011657,0.0009872241008646032,0,0.0,0,material_composite_production_SK,eqpzs,IND_SK_NEW_ELMA,0.0009872241008646032,EOL_FLOW_EOL_DE_ELMA_INC,0.0,,2.0,2.0,2.0,0.5,2.0,2.0,sensitivity_675,sensitivity_672,trade.cet_transformation_elasticity,1.0,2.0,0.65625,1.65625,parameter_bisection,parameter_only,15,true
sensitivity_675,policy,virgin_metal_tax_tax_0_02,virgin_metal_tax,0.02,LOCALLY_INFEASIBLE,INFEASIBLE_POINT,false,5.874116298,0.0010114908621643437,1,0.0,0,material_composite_production_SK,eqpzs,IND_SK_NEW_ELMA,0.0010114908621643437,EOL_FLOW_EOL_DE_ELMA_INC,0.0,,2.0,2.0,2.0,0.5,2.0,2.0,sensitivity_675,sensitivity_672,trade.cet_transformation_elasticity,1.0,2.0,0.71875,1.71875,parameter_bisection,parameter_only,16,false
sensitivity_675,policy,virgin_metal_tax_tax_0_02,virgin_metal_tax,0.02,LOCALLY_INFEASIBLE,INFEASIBLE_POINT,false,7.064306536,0.0010449886886103599,1,0.0,0,material_composite_production_SK,eqpzs,IND_SK_NEW_ELMA,0.0010449886886103599,EOL_FLOW_EOL_DE_ELMA_INC,0.0,,2.0,2.0,2.0,0.5,2.0,2.0,sensitivity_675,sensitivity_672,trade.cet_transformation_elasticity,1.0,2.0,0.6875,1.6875,parameter_bisection,parameter_only,17,false
sensitivity_675,policy,virgin_metal_tax_tax_0_02,virgin_metal_tax,0.02,LOCALLY_INFEASIBLE,INFEASIBLE_POINT,false,7.77734059,0.001084433404328622,1,0.0,0,material_composite_production_SK,eqpzs,IND_SK_NEW_ELMA,0.001084433404328622,EOL_FLOW_EOL_DE_ELMA_INC,0.0,,2.0,2.0,2.0,0.5,2.0,2.0,sensitivity_675,sensitivity_672,trade.cet_transformation_elasticity,1.0,2.0,0.671875,1.671875,parameter_bisection,parameter_only,18,false
sensitivity_675,policy,virgin_metal_tax_tax_0_02,virgin_metal_tax,0.02,LOCALLY_INFEASIBLE,INFEASIBLE_POINT,false,5.704970765,0.0010129350832615014,1,0.0,0,material_composite_production_SK,eqpzs,IND_SK_NEW_ELMA,0.0010129350832615014,EOL_FLOW_EOL_DE_ELMA_INC,0.0,,2.0,2.0,2.0,0.5,2.0,2.0,sensitivity_675,sensitivity_672,trade.cet_transformation_elasticity,1.0,2.0,0.6640625,1.6640625,parameter_bisection,parameter_only,19,false
sensitivity_675,policy,virgin_metal_tax_tax_0_02,virgin_metal_tax,0.02,LOCALLY_INFEASIBLE,INFEASIBLE_POINT,false,6.549752485,0.0010450988643401216,1,0.0,0,material_composite_production_SK,eqpzs,IND_SK_NEW_ELMA,0.0010450988643401216,EOL_FLOW_EOL_DE_ELMA_INC,0.0,,2.0,2.0,2.0,0.5,2.0,2.0,sensitivity_675,sensitivity_672,trade.cet_transformation_elasticity,1.0,2.0,0.66015625,1.66015625,parameter_bisection,parameter_only,20,false
sensitivity_675,policy,virgin_metal_tax_tax_0_02,virgin_metal_tax,0.02,LOCALLY_INFEASIBLE,INFEASIBLE_POINT,false,6.287347176,0.0010403259884331773,1,0.0,0,material_composite_production_SK,eqpzs,IND_SK_NEW_ELMA,0.0010403259884331773,EOL_FLOW_EOL_DE_ELMA_INC,0.0,,2.0,2.0,2.0,0.5,2.0,2.0,sensitivity_675,sensitivity_672,trade.cet_transformation_elasticity,1.0,2.0,0.658203125,1.658203125,parameter_bisection,parameter_only,21,false
sensitivity_675,policy,virgin_metal_tax_tax_0_02,virgin_metal_tax,0.02,LOCALLY_INFEASIBLE,INFEASIBLE_POINT,false,6.027426814,0.0010358763306343999,1,0.0,0,material_composite_production_SK,eqpzs,IND_SK_NEW_ELMA,0.0010358763306343999,EOL_FLOW_EOL_DE_ELMA_INC,0.0,,2.0,2.0,2.0,0.5,2.0,2.0,sensitivity_675,sensitivity_672,trade.cet_transformation_elasticity,1.0,2.0,0.6572265625,1.6572265625,parameter_bisection,parameter_only,22,false
sensitivity_683,policy,virgin_metal_tax_tax_0_02,virgin_metal_tax,0.02,LOCALLY_INFEASIBLE,INFEASIBLE_POINT,false,37.566846299,0.0010366536933800186,1,0.0,0,material_composite_production_REU,eqpzs,IND_REU_NEW_ELMA,0.0010366536933800186,EOL_FLOW_EOL_DE_ELMA_INC,0.0,,1.0,2.0,0.5,1.0,2.0,2.0,sensitivity_683,sensitivity_656,circular_routes.eol_allocation_elasticity,0.5,1.0,1.0,1.0,direct_target,parameter_only,1,false
sensitivity_683,policy,virgin_metal_tax_tax_0_02,virgin_metal_tax,0.02,LOCALLY_INFEASIBLE,INFEASIBLE_POINT,false,46.220289468,0.0010489480718803845,1,0.0,0,material_composite_production_REU,eqpzs,IND_REU_NEW_ELMA,0.0010489480718803845,EOL_FLOW_EOL_DE_ELMA_INC,0.0,,1.0,2.0,0.5,1.0,2.0,2.0,sensitivity_683,sensitivity_656,circular_routes.eol_allocation_elasticity,0.5,1.0,0.5,0.75,parameter_bisection,parameter_only,2,false
sensitivity_683,policy,virgin_metal_tax_tax_0_02,virgin_metal_tax,0.02,LOCALLY_INFEASIBLE,INFEASIBLE_POINT,true,5.521980504,0.0009699550265417356,0,0.0,0,material_composite_production_REU,eqpzs,IND_REU_NEW_ELMA,0.0009699550265417356,EOL_FLOW_EOL_DE_ELMA_INC,0.0,,1.0,2.0,0.5,1.0,2.0,2.0,sensitivity_683,sensitivity_656,circular_routes.eol_allocation_elasticity,0.5,1.0,0.25,0.625,parameter_bisection,parameter_only,3,true
sensitivity_683,policy,virgin_metal_tax_tax_0_02,virgin_metal_tax,0.02,LOCALLY_INFEASIBLE,INFEASIBLE_POINT,true,7.869239453,0.0009968948728564797,0,0.0,0,material_composite_production_REU,eqpzs,IND_REU_NEW_ELMA,0.0009968948728564797,EOL_FLOW_EOL_DE_ELMA_INC,0.0,,1.0,2.0,0.5,1.0,2.0,2.0,sensitivity_683,sensitivity_656,circular_routes.eol_allocation_elasticity,0.5,1.0,0.75,0.875,parameter_bisection,parameter_only,4,true
sensitivity_683,policy,virgin_metal_tax_tax_0_02,virgin_metal_tax,0.02,LOCALLY_INFEASIBLE,INFEASIBLE_POINT,false,10.145794563,0.0010237890383988368,1,0.0,0,material_composite_production_REU,eqpzs,IND_REU_NEW_ELMA,0.0010237890383988368,EOL_FLOW_EOL_DE_ELMA_INC,0.0,,1.0,2.0,0.5,1.0,2.0,2.0,sensitivity_683,sensitivity_656,circular_routes.eol_allocation_elasticity,0.5,1.0,1.0,1.0,parameter_bisection,parameter_only,5,false
sensitivity_683,policy,virgin_metal_tax_tax_0_02,virgin_metal_tax,0.02,LOCALLY_INFEASIBLE,INFEASIBLE_POINT,false,32.169991204,0.0010770055697678638,1,0.0,0,material_composite_production_REU,eqpzs,IND_REU_NEW_ELMA,0.0010770055697678638,EOL_FLOW_EOL_DE_ELMA_INC,0.0,,1.0,2.0,0.5,1.0,2.0,2.0,sensitivity_683,sensitivity_656,circular_routes.eol_allocation_elasticity,0.5,1.0,0.875,0.9375,parameter_bisection,parameter_only,6,false
sensitivity_683,policy,virgin_metal_tax_tax_0_02,virgin_metal_tax,0.02,LOCALLY_INFEASIBLE,INFEASIBLE_POINT,false,34.959340275,0.0010755235453666634,1,0.0,0,material_composite_production_REU,eqpzs,IND_REU_NEW_ELMA,0.0010755235453666634,EOL_FLOW_EOL_DE_ELMA_INC,0.0,,1.0,2.0,0.5,1.0,2.0,2.0,sensitivity_683,sensitivity_656,circular_routes.eol_allocation_elasticity,0.5,1.0,0.8125,0.90625,parameter_bisection,parameter_only,7,false
sensitivity_683,policy,virgin_metal_tax_tax_0_02,virgin_metal_tax,0.02,LOCALLY_INFEASIBLE,INFEASIBLE_POINT,true,4.486971705,0.0009958569505350567,0,0.0,0,material_composite_production_REU,eqpzs,IND_REU_NEW_ELMA,0.0009958569505350567,EOL_FLOW_EOL_DE_ELMA_INC,0.0,,1.0,2.0,0.5,1.0,2.0,2.0,sensitivity_683,sensitivity_656,circular_routes.eol_allocation_elasticity,0.5,1.0,0.78125,0.890625,parameter_bisection,parameter_only,8,true
sensitivity_683,policy,virgin_metal_tax_tax_0_02,virgin_metal_tax,0.02,LOCALLY_INFEASIBLE,INFEASIBLE_POINT,false,7.236652036,0.001011773607142663,1,0.0,0,material_composite_production_REU,eqpzs,IND_REU_NEW_ELMA,0.001011773607142663,EOL_FLOW_EOL_DE_ELMA_INC,0.0,,1.0,2.0,0.5,1.0,2.0,2.0,sensitivity_683,sensitivity_656,circular_routes.eol_allocation_elasticity,0.5,1.0,0.84375,0.921875,parameter_bisection,parameter_only,9,false
sensitivity_683,policy,virgin_metal_tax_tax_0_02,virgin_metal_tax,0.02,LOCALLY_INFEASIBLE,INFEASIBLE_POINT,true,4.516363008,0.0009969644646373732,0,0.0,0,material_composite_production_REU,eqpzs,IND_REU_NEW_ELMA,0.0009969644646373732,EOL_FLOW_EOL_DE_ELMA_INC,0.0,,1.0,2.0,0.5,1.0,2.0,2.0,sensitivity_683,sensitivity_656,circular_routes.eol_allocation_elasticity,0.5,1.0,0.8125,0.90625,parameter_bisection,parameter_only,10,true
sensitivity_683,policy,virgin_metal_tax_tax_0_02,virgin_metal_tax,0.02,LOCALLY_INFEASIBLE,INFEASIBLE_POINT,false,6.527118775,0.0010094191261519336,1,0.0,0,material_composite_production_REU,eqpzs,IND_REU_NEW_ELMA,0.0010094191261519336,EOL_FLOW_EOL_DE_ELMA_INC,0.0,,1.0,2.0,0.5,1.0,2.0,2.0,sensitivity_683,sensitivity_656,circular_routes.eol_allocation_elasticity,0.5,1.0,0.875,0.9375,parameter_bisection,parameter_only,11,false
sensitivity_683,policy,virgin_metal_tax_tax_0_02,virgin_metal_tax,0.02,LOCALLY_INFEASIBLE,INFEASIBLE_POINT,false,33.461085029,0.0010449627261078787,1,0.0,0,material_composite_production_REU,eqpzs,IND_REU_NEW_ELMA,0.0010449627261078787,EOL_FLOW_EOL_DE_ELMA_INC,0.0,,1.0,2.0,0.5,1.0,2.0,2.0,sensitivity_683,sensitivity_656,circular_routes.eol_allocation_elasticity,0.5,1.0,0.84375,0.921875,parameter_bisection,parameter_only,12,false
sensitivity_683,policy,virgin_metal_tax_tax_0_02,virgin_metal_tax,0.02,LOCALLY_INFEASIBLE,INFEASIBLE_POINT,false,33.529536225,0.001057429324482273,1,0.0,0,material_composite_production_REU,eqpzs,IND_REU_NEW_ELMA,0.001057429324482273,EOL_FLOW_EOL_DE_ELMA_INC,0.0,,1.0,2.0,0.5,1.0,2.0,2.0,sensitivity_683,sensitivity_656,circular_routes.eol_allocation_elasticity,0.5,1.0,0.828125,0.9140625,parameter_bisection,parameter_only,13,false
sensitivity_683,policy,virgin_metal_tax_tax_0_02,virgin_metal_tax,0.02,LOCALLY_INFEASIBLE,INFEASIBLE_POINT,true,4.109846329,0.0009969667501160684,0,0.0,0,material_composite_production_REU,eqpzs,IND_REU_NEW_ELMA,0.0009969667501160684,EOL_FLOW_EOL_DE_ELMA_INC,0.0,,1.0,2.0,0.5,1.0,2.0,2.0,sensitivity_683,sensitivity_656,circular_routes.eol_allocation_elasticity,0.5,1.0,0.8203125,0.91015625,parameter_bisection,parameter_only,14,true
sensitivity_683,policy,virgin_metal_tax_tax_0_02,virgin_metal_tax,0.02,LOCALLY_INFEASIBLE,INFEASIBLE_POINT,false,36.815868372,0.0010804192357710685,1,0.0,0,material_composite_production_REU,eqpzs,IND_REU_NEW_ELMA,0.0010804192357710685,EOL_FLOW_EOL_DE_ELMA_INC,0.0,,1.0,2.0,0.5,1.0,2.0,2.0,sensitivity_683,sensitivity_656,circular_routes.eol_allocation_elasticity,0.5,1.0,0.8359375,0.91796875,parameter_bisection,parameter_only,15,false
sensitivity_683,policy,virgin_metal_tax_tax_0_02,virgin_metal_tax,0.02,LOCALLY_INFEASIBLE,INFEASIBLE_POINT,false,47.882867499,0.001050840196734848,1,0.0,0,material_composite_production_REU,eqpzs,IND_REU_NEW_ELMA,0.001050840196734848,EOL_FLOW_EOL_DE_ELMA_INC,0.0,,1.0,2.0,0.5,1.0,2.0,2.0,sensitivity_683,sensitivity_656,circular_routes.eol_allocation_elasticity,0.5,1.0,0.828125,0.9140625,parameter_bisection,parameter_only,16,false
sensitivity_683,policy,virgin_metal_tax_tax_0_02,virgin_metal_tax,0.02,LOCALLY_INFEASIBLE,INFEASIBLE_POINT,false,26.309498367,0.0010725285090789072,1,0.0,0,material_composite_production_REU,eqpzs,IND_REU_NEW_ELMA,0.0010725285090789072,EOL_FLOW_EOL_DE_ELMA_INC,0.0,,1.0,2.0,0.5,1.0,2.0,2.0,sensitivity_683,sensitivity_656,circular_routes.eol_allocation_elasticity,0.5,1.0,0.82421875,0.912109375,parameter_bisection,parameter_only,17,false
sensitivity_683,policy,virgin_metal_tax_tax_0_02,virgin_metal_tax,0.02,LOCALLY_INFEASIBLE,INFEASIBLE_POINT,false,5.218713126,0.001003085450617891,1,0.0,0,material_composite_production_REU,eqpzs,IND_REU_NEW_ELMA,0.001003085450617891,EOL_FLOW_EOL_DE_ELMA_INC,0.0,,1.0,2.0,0.5,1.0,2.0,2.0,sensitivity_683,sensitivity_656,circular_routes.eol_allocation_elasticity,0.5,1.0,0.822265625,0.9111328125,parameter_bisection,parameter_only,18,false
sensitivity_683,policy,virgin_metal_tax_tax_0_02,virgin_metal_tax,0.02,LOCALLY_INFEASIBLE,INFEASIBLE_POINT,false,4.96586914,0.0010022578016918304,1,0.0,0,material_composite_production_REU,eqpzs,IND_REU_NEW_ELMA,0.0010022578016918304,EOL_FLOW_EOL_DE_ELMA_INC,0.0,,1.0,2.0,0.5,1.0,2.0,2.0,sensitivity_683,sensitivity_656,circular_routes.eol_allocation_elasticity,0.5,1.0,0.8212890625,0.91064453125,parameter_bisection,parameter_only,19,false
sensitivity_684,policy,virgin_metal_tax_tax_0_02,virgin_metal_tax,0.02,LOCALLY_INFEASIBLE,INFEASIBLE_POINT,false,37.567560329,0.0030946923308012853,1,0.0,0,observed_physical_flow_links,quantity_link,physical_SK_OFMA_REP_route_input_mass,0.0030946923308012853,EOL_FLOW_EOL_DE_ELMA_INC,0.0,,2.0,2.0,0.5,1.0,2.0,2.0,sensitivity_684,sensitivity_681,trade.cet_transformation_elasticity,1.0,2.0,1.0,2.0,direct_target,parameter_only,1,false
sensitivity_684,policy,virgin_metal_tax_tax_0_02,virgin_metal_tax,0.02,LOCALLY_INFEASIBLE,INFEASIBLE_POINT,true,10.662601935,0.0009575801280894414,0,0.0,0,material_composite_production_SK,eqpzs,IND_SK_NEW_ELMA,0.0009575801280894414,EOL_FLOW_EOL_DE_ELMA_INC,0.0,,2.0,2.0,0.5,1.0,2.0,2.0,sensitivity_684,sensitivity_681,trade.cet_transformation_elasticity,1.0,2.0,0.5,1.5,parameter_bisection,parameter_only,2,true
sensitivity_684,policy,virgin_metal_tax_tax_0_02,virgin_metal_tax,0.02,LOCALLY_INFEASIBLE,INFEASIBLE_POINT,false,62.26422351,0.0011394278007509362,1,0.0,0,material_composite_production_SK,eqpzs,IND_SK_NEW_ELMA,0.0011394278007509362,EOL_FLOW_EOL_DE_ELMA_INC,0.0,,2.0,2.0,0.5,1.0,2.0,2.0,sensitivity_684,sensitivity_681,trade.cet_transformation_elasticity,1.0,2.0,1.0,2.0,parameter_bisection,parameter_only,3,false
sensitivity_684,policy,virgin_metal_tax_tax_0_02,virgin_metal_tax,0.02,LOCALLY_INFEASIBLE,INFEASIBLE_POINT,false,7.191689229,0.0012737288521024182,2,0.0,0,material_composite_production_SK,eqpzs,IND_SK_NEW_ELMA,0.0012737288521024182,EOL_FLOW_EOL_DE_ELMA_INC,0.0,,2.0,2.0,0.5,1.0,2.0,2.0,sensitivity_684,sensitivity_681,trade.cet_transformation_elasticity,1.0,2.0,0.75,1.75,parameter_bisection,parameter_only,4,false
sensitivity_684,policy,virgin_metal_tax_tax_0_02,virgin_metal_tax,0.02,LOCALLY_INFEASIBLE,INFEASIBLE_POINT,false,7.347092227,0.001159927357685886,1,0.0,0,material_composite_production_SK,eqpzs,IND_SK_NEW_ELMA,0.001159927357685886,EOL_FLOW_EOL_DE_ELMA_INC,0.0,,2.0,2.0,0.5,1.0,2.0,2.0,sensitivity_684,sensitivity_681,trade.cet_transformation_elasticity,1.0,2.0,0.625,1.625,parameter_bisection,parameter_only,5,false
sensitivity_684,policy,virgin_metal_tax_tax_0_02,virgin_metal_tax,0.02,LOCALLY_INFEASIBLE,INFEASIBLE_POINT,true,12.279366398,0.0009686063322769112,0,0.0,0,material_composite_production_SK,eqpzs,IND_SK_NEW_ELMA,0.0009686063322769112,EOL_FLOW_EOL_DE_ELMA_INC,0.0,,2.0,2.0,0.5,1.0,2.0,2.0,sensitivity_684,sensitivity_681,trade.cet_transformation_elasticity,1.0,2.0,0.5625,1.5625,parameter_bisection,parameter_only,6,true
sensitivity_684,policy,virgin_metal_tax_tax_0_02,virgin_metal_tax,0.02,LOCALLY_INFEASIBLE,INFEASIBLE_POINT,false,32.478572482,0.0010780145441096067,1,0.0,0,material_composite_production_REU,eqpzs,IND_REU_NEW_ELMA,0.0010780145441096067,EOL_FLOW_EOL_DE_ELMA_INC,0.0,,2.0,2.0,0.5,1.0,2.0,2.0,sensitivity_684,sensitivity_681,trade.cet_transformation_elasticity,1.0,2.0,0.6875,1.6875,parameter_bisection,parameter_only,7,false
sensitivity_684,policy,virgin_metal_tax_tax_0_02,virgin_metal_tax,0.02,LOCALLY_INFEASIBLE,INFEASIBLE_POINT,false,8.237179963,0.0011969649248465553,1,0.0,0,material_composite_production_SK,eqpzs,IND_SK_NEW_ELMA,0.0011969649248465553,EOL_FLOW_EOL_DE_ELMA_INC,0.0,,2.0,2.0,0.5,1.0,2.0,2.0,sensitivity_684,sensitivity_681,trade.cet_transformation_elasticity,1.0,2.0,0.625,1.625,parameter_bisection,parameter_only,8,false
sensitivity_684,policy,virgin_metal_tax_tax_0_02,virgin_metal_tax,0.02,LOCALLY_INFEASIBLE,INFEASIBLE_POINT,false,21.709558625,0.0010276782798631645,1,0.0,0,material_composite_production_SK,eqpzs,IND_SK_NEW_ELMA,0.0010276782798631645,EOL_FLOW_EOL_DE_ELMA_INC,0.0,,2.0,2.0,0.5,1.0,2.0,2.0,sensitivity_684,sensitivity_681,trade.cet_transformation_elasticity,1.0,2.0,0.59375,1.59375,parameter_bisection,parameter_only,9,false
sensitivity_684,policy,virgin_metal_tax_tax_0_02,virgin_metal_tax,0.02,LOCALLY_INFEASIBLE,INFEASIBLE_POINT,false,7.926537981,0.0010280190370743902,1,0.0,0,material_composite_production_SK,eqpzs,IND_SK_NEW_ELMA,0.0010280190370743902,EOL_FLOW_EOL_DE_ELMA_INC,0.0,,2.0,2.0,0.5,1.0,2.0,2.0,sensitivity_684,sensitivity_681,trade.cet_transformation_elasticity,1.0,2.0,0.578125,1.578125,parameter_bisection,parameter_only,10,false
sensitivity_684,policy,virgin_metal_tax_tax_0_02,virgin_metal_tax,0.02,LOCALLY_INFEASIBLE,INFEASIBLE_POINT,false,95.421221495,0.001306753663532334,1,0.0,0,observed_physical_flow_links,quantity_link,physical_SK_OFMA_REP_route_input_mass,0.001306753663532334,EOL_FLOW_EOL_DE_ELMA_INC,0.0,,2.0,2.0,0.5,1.0,2.0,2.0,sensitivity_684,sensitivity_681,trade.cet_transformation_elasticity,1.0,2.0,0.5703125,1.5703125,parameter_bisection,parameter_only,11,false
sensitivity_684,policy,virgin_metal_tax_tax_0_02,virgin_metal_tax,0.02,LOCALLY_INFEASIBLE,INFEASIBLE_POINT,true,29.315045393,0.0009738228917047786,0,0.0,0,material_composite_production_SK,eqpzs,IND_SK_NEW_ELMA,0.0009738228917047786,EOL_FLOW_EOL_DE_ELMA_INC,0.0,,2.0,2.0,0.5,1.0,2.0,2.0,sensitivity_684,sensitivity_681,trade.cet_transformation_elasticity,1.0,2.0,0.56640625,1.56640625,parameter_bisection,parameter_only,12,true
sensitivity_684,policy,virgin_metal_tax_tax_0_02,virgin_metal_tax,0.02,LOCALLY_INFEASIBLE,INFEASIBLE_POINT,true,5.93789233,0.0009966587579232078,0,0.0,0,material_composite_production_SK,eqpzs,IND_SK_NEW_ELMA,0.0009966587579232078,EOL_FLOW_EOL_DE_ELMA_INC,0.0,,2.0,2.0,0.5,1.0,2.0,2.0,sensitivity_684,sensitivity_681,trade.cet_transformation_elasticity,1.0,2.0,0.57421875,1.57421875,parameter_bisection,parameter_only,13,true
sensitivity_684,policy,virgin_metal_tax_tax_0_02,virgin_metal_tax,0.02,LOCALLY_INFEASIBLE,INFEASIBLE_POINT,false,34.01599288,0.0010220574599627552,1,0.0,0,material_composite_production_SK,eqpzs,IND_SK_NEW_ELMA,0.0010220574599627552,EOL_FLOW_EOL_DE_ELMA_INC,0.0,,2.0,2.0,0.5,1.0,2.0,2.0,sensitivity_684,sensitivity_681,trade.cet_transformation_elasticity,1.0,2.0,0.58984375,1.58984375,parameter_bisection,parameter_only,14,false
sensitivity_684,policy,virgin_metal_tax_tax_0_02,virgin_metal_tax,0.02,LOCALLY_INFEASIBLE,INFEASIBLE_POINT,false,7.594390963,0.001042336832189461,1,0.0,0,material_composite_production_SK,eqpzs,IND_SK_NEW_ELMA,0.001042336832189461,EOL_FLOW_EOL_DE_ELMA_INC,0.0,,2.0,2.0,0.5,1.0,2.0,2.0,sensitivity_684,sensitivity_681,trade.cet_transformation_elasticity,1.0,2.0,0.58203125,1.58203125,parameter_bisection,parameter_only,15,false
sensitivity_684,policy,virgin_metal_tax_tax_0_02,virgin_metal_tax,0.02,LOCALLY_INFEASIBLE,INFEASIBLE_POINT,false,5.474435911,0.0010156550289586175,1,0.0,0,material_composite_production_SK,eqpzs,IND_SK_NEW_ELMA,0.0010156550289586175,EOL_FLOW_EOL_DE_ELMA_INC,0.0,,2.0,2.0,0.5,1.0,2.0,2.0,sensitivity_684,sensitivity_681,trade.cet_transformation_elasticity,1.0,2.0,0.578125,1.578125,parameter_bisection,parameter_only,16,false
sensitivity_684,policy,virgin_metal_tax_tax_0_02,virgin_metal_tax,0.02,LOCALLY_INFEASIBLE,INFEASIBLE_POINT,true,4.159483501,0.0009967654561160444,0,0.0,0,material_composite_production_SK,eqpzs,IND_SK_NEW_ELMA,0.0009967654561160444,EOL_FLOW_EOL_DE_ELMA_INC,0.0,,2.0,2.0,0.5,1.0,2.0,2.0,sensitivity_684,sensitivity_681,trade.cet_transformation_elasticity,1.0,2.0,0.576171875,1.576171875,parameter_bisection,parameter_only,17,true
sensitivity_684,policy,virgin_metal_tax_tax_0_02,virgin_metal_tax,0.02,LOCALLY_INFEASIBLE,INFEASIBLE_POINT,true,26.964756177,0.0009960129221348035,0,0.0,0,material_composite_production_SK,eqpzs,IND_SK_NEW_ELMA,0.0009960129221348035,EOL_FLOW_EOL_DE_ELMA_INC,0.0,,2.0,2.0,0.5,1.0,2.0,2.0,sensitivity_684,sensitivity_681,trade.cet_transformation_elasticity,1.0,2.0,0.580078125,1.580078125,parameter_bisection,parameter_only,18,true
sensitivity_684,policy,virgin_metal_tax_tax_0_02,virgin_metal_tax,0.02,LOCALLY_INFEASIBLE,INFEASIBLE_POINT,false,5.674032719,0.0010134964391945722,1,0.0,0,material_composite_production_SK,eqpzs,IND_SK_NEW_ELMA,0.0010134964391945722,EOL_FLOW_EOL_DE_ELMA_INC,0.0,,2.0,2.0,0.5,1.0,2.0,2.0,sensitivity_684,sensitivity_681,trade.cet_transformation_elasticity,1.0,2.0,0.587890625,1.587890625,parameter_bisection,parameter_only,19,false
sensitivity_684,policy,virgin_metal_tax_tax_0_02,virgin_metal_tax,0.02,LOCALLY_INFEASIBLE,INFEASIBLE_POINT,false,13.146216826,0.0010137578947688741,1,0.0,0,material_composite_production_REU,eqpzs,IND_REU_NEW_ELMA,0.0010137578947688741,EOL_FLOW_EOL_DE_ELMA_INC,0.0,,2.0,2.0,0.5,1.0,2.0,2.0,sensitivity_684,sensitivity_681,trade.cet_transformation_elasticity,1.0,2.0,0.583984375,1.583984375,parameter_bisection,parameter_only,20,false
sensitivity_684,policy,virgin_metal_tax_tax_0_02,virgin_metal_tax,0.02,LOCALLY_INFEASIBLE,INFEASIBLE_POINT,true,2.348691306,0.0009959458623062245,0,0.0,0,material_composite_production_SK,eqpzs,IND_SK_NEW_ELMA,0.0009959458623062245,EOL_FLOW_EOL_DE_ELMA_INC,0.0,,2.0,2.0,0.5,1.0,2.0,2.0,sensitivity_684,sensitivity_681,trade.cet_transformation_elasticity,1.0,2.0,0.58203125,1.58203125,parameter_bisection,parameter_only,21,true
sensitivity_684,policy,virgin_metal_tax_tax_0_02,virgin_metal_tax,0.02,LOCALLY_INFEASIBLE,INFEASIBLE_POINT,false,47.353822278,0.0010781421498236021,1,0.0,0,material_composite_production_REU,eqpzs,IND_REU_NEW_ELMA,0.0010781421498236021,EOL_FLOW_EOL_DE_ELMA_INC,0.0,,2.0,2.0,0.5,1.0,2.0,2.0,sensitivity_684,sensitivity_681,trade.cet_transformation_elasticity,1.0,2.0,0.5859375,1.5859375,parameter_bisection,parameter_only,22,false
sensitivity_684,policy,virgin_metal_tax_tax_0_02,virgin_metal_tax,0.02,LOCALLY_INFEASIBLE,INFEASIBLE_POINT,true,3.295289759,0.0009941330976040996,0,0.0,0,material_composite_production_SK,eqpzs,IND_SK_NEW_ELMA,0.0009941330976040996,EOL_FLOW_EOL_DE_ELMA_INC,0.0,,2.0,2.0,0.5,1.0,2.0,2.0,sensitivity_684,sensitivity_681,trade.cet_transformation_elasticity,1.0,2.0,0.583984375,1.583984375,parameter_bisection,parameter_only,23,true
sensitivity_684,policy,virgin_metal_tax_tax_0_02,virgin_metal_tax,0.02,LOCALLY_INFEASIBLE,INFEASIBLE_POINT,false,3.54931001,0.0010145505212928452,1,0.0,0,material_composite_production_SK,eqpzs,IND_SK_NEW_ELMA,0.0010145505212928452,EOL_FLOW_EOL_DE_ELMA_INC,0.0,,2.0,2.0,0.5,1.0,2.0,2.0,sensitivity_684,sensitivity_681,trade.cet_transformation_elasticity,1.0,2.0,0.587890625,1.587890625,parameter_bisection,parameter_only,24,false
sensitivity_684,policy,virgin_metal_tax_tax_0_02,virgin_metal_tax,0.02,LOCALLY_INFEASIBLE,INFEASIBLE_POINT,true,2.494285987,0.0009940246665950392,0,0.0,0,material_composite_production_SK,eqpzs,IND_SK_NEW_ELMA,0.0009940246665950392,EOL_FLOW_EOL_DE_ELMA_INC,0.0,,2.0,2.0,0.5,1.0,2.0,2.0,sensitivity_684,sensitivity_681,trade.cet_transformation_elasticity,1.0,2.0,0.5859375,1.5859375,parameter_bisection,parameter_only,25,true
sensitivity_684,policy,virgin_metal_tax_tax_0_02,virgin_metal_tax,0.02,LOCALLY_INFEASIBLE,INFEASIBLE_POINT,false,39.202650018,0.001078131430394258,1,0.0,0,material_composite_production_REU,eqpzs,IND_REU_NEW_ELMA,0.001078131430394258,EOL_FLOW_EOL_DE_ELMA_INC,0.0,,2.0,2.0,0.5,1.0,2.0,2.0,sensitivity_684,sensitivity_681,trade.cet_transformation_elasticity,1.0,2.0,0.58984375,1.58984375,parameter_bisection,parameter_only,26,false
sensitivity_684,policy,virgin_metal_tax_tax_0_02,virgin_metal_tax,0.02,LOCALLY_INFEASIBLE,INFEASIBLE_POINT,false,19.858487397,0.0010777299582452882,1,0.0,0,material_composite_production_REU,eqpzs,IND_REU_NEW_ELMA,0.0010777299582452882,EOL_FLOW_EOL_DE_ELMA_INC,0.0,,2.0,2.0,0.5,1.0,2.0,2.0,sensitivity_684,sensitivity_681,trade.cet_transformation_elasticity,1.0,2.0,0.587890625,1.587890625,parameter_bisection,parameter_only,27,false
sensitivity_684,policy,virgin_metal_tax_tax_0_02,virgin_metal_tax,0.02,LOCALLY_INFEASIBLE,INFEASIBLE_POINT,true,1.483325515,0.000993432016380913,0,0.0,0,material_composite_production_SK,eqpzs,IND_SK_NEW_ELMA,0.000993432016380913,EOL_FLOW_EOL_DE_ELMA_INC,0.0,,2.0,2.0,0.5,1.0,2.0,2.0,sensitivity_684,sensitivity_681,trade.cet_transformation_elasticity,1.0,2.0,0.5869140625,1.5869140625,parameter_bisection,parameter_only,28,true
sensitivity_684,policy,virgin_metal_tax_tax_0_02,virgin_metal_tax,0.02,LOCALLY_INFEASIBLE,INFEASIBLE_POINT,false,25.431267431,0.001077794552943545,1,0.0,0,material_composite_production_REU,eqpzs,IND_REU_NEW_ELMA,0.001077794552943545,EOL_FLOW_EOL_DE_ELMA_INC,0.0,,2.0,2.0,0.5,1.0,2.0,2.0,sensitivity_684,sensitivity_681,trade.cet_transformation_elasticity,1.0,2.0,0.5888671875,1.5888671875,parameter_bisection,parameter_only,29,false
sensitivity_684,policy,virgin_metal_tax_tax_0_02,virgin_metal_tax,0.02,LOCALLY_INFEASIBLE,INFEASIBLE_POINT,true,2.34991399,0.0009970982845491916,0,0.0,0,material_composite_production_SK,eqpzs,IND_SK_NEW_ELMA,0.0009970982845491916,EOL_FLOW_EOL_DE_ELMA_INC,0.0,,2.0,2.0,0.5,1.0,2.0,2.0,sensitivity_684,sensitivity_681,trade.cet_transformation_elasticity,1.0,2.0,0.587890625,1.587890625,parameter_bisection,parameter_only,30,true
sensitivity_684,policy,virgin_metal_tax_tax_0_02,virgin_metal_tax,0.02,LOCALLY_INFEASIBLE,INFEASIBLE_POINT,false,57.928852719,0.0010787099160159963,1,0.0,0,material_composite_production_REU,eqpzs,IND_REU_NEW_ELMA,0.0010787099160159963,EOL_FLOW_EOL_DE_ELMA_INC,0.0,,2.0,2.0,0.5,1.0,2.0,2.0,sensitivity_684,sensitivity_681,trade.cet_transformation_elasticity,1.0,2.0,0.58984375,1.58984375,parameter_bisection,parameter_only,31,false
sensitivity_684,policy,virgin_metal_tax_tax_0_02,virgin_metal_tax,0.02,LOCALLY_INFEASIBLE,INFEASIBLE_POINT,false,3.945377534,0.0010164323299599598,1,0.0,0,material_composite_production_SK,eqpzs,IND_SK_NEW_ELMA,0.0010164323299599598,EOL_FLOW_EOL_DE_ELMA_INC,0.0,,2.0,2.0,0.5,1.0,2.0,2.0,sensitivity_684,sensitivity_681,trade.cet_transformation_elasticity,1.0,2.0,0.5888671875,1.5888671875,parameter_bisection,parameter_only,32,false
sensitivity_688,policy,virgin_metal_tax_tax_0_02,virgin_metal_tax,0.02,LOCALLY_INFEASIBLE,INFEASIBLE_POINT,false,29.547467535,0.12511543058574137,4,0.0,0,observed_physical_flow_links,quantity_link,physical_SK_OFMA_REP_route_input_mass,0.12511543058574137,EOL_FLOW_EOL_DE_ELMA_INC,0.0,,0.5,1.0,1.0,1.0,2.0,2.0,sensitivity_688,sensitivity_697,circular_routes.service_elasticity,2.0,1.0,1.0,1.0,direct_target,parameter_only,1,false
sensitivity_688,policy,virgin_metal_tax_tax_0_02,virgin_metal_tax,0.02,LOCALLY_INFEASIBLE,INFEASIBLE_POINT,false,23.309930409,0.0010522218683188156,1,0.0,0,common_eu_trade,eu_cet_quantity,NEW_ELMA|SK,0.0010522218683188156,EOL_FLOW_EOL_DE_ELMA_INC,0.0,,0.5,1.0,1.0,1.0,2.0,2.0,sensitivity_688,sensitivity_697,circular_routes.service_elasticity,2.0,1.0,0.5,1.5,parameter_bisection,parameter_only,2,false
sensitivity_688,policy,virgin_metal_tax_tax_0_02,virgin_metal_tax,0.02,LOCALLY_INFEASIBLE,INFEASIBLE_POINT,false,7.80417433,0.0011141822582503287,1,0.0,0,common_eu_trade,eu_cet_quantity,NEW_ELMA|SK,0.0011141822582503287,EOL_FLOW_EOL_DE_ELMA_INC,0.0,,0.5,1.0,1.0,1.0,2.0,2.0,sensitivity_688,sensitivity_697,circular_routes.service_elasticity,2.0,1.0,0.25,1.75,parameter_bisection,parameter_only,3,false
sensitivity_688,policy,virgin_metal_tax_tax_0_02,virgin_metal_tax,0.02,LOCALLY_INFEASIBLE,INFEASIBLE_POINT,true,11.008109715,0.0008212489074012198,0,0.0,0,common_eu_trade,eu_cet_quantity,NEW_ELMA|SK,0.0008212489074012198,EOL_FLOW_EOL_DE_ELMA_INC,0.0,,0.5,1.0,1.0,1.0,2.0,2.0,sensitivity_688,sensitivity_697,circular_routes.service_elasticity,2.0,1.0,0.125,1.875,parameter_bisection,parameter_only,4,true
sensitivity_688,policy,virgin_metal_tax_tax_0_02,virgin_metal_tax,0.02,LOCALLY_INFEASIBLE,INFEASIBLE_POINT,false,39.33250535,0.07765188429611458,3,0.0,0,observed_physical_flow_links,quantity_link,physical_SK_OFMA_REP_route_input_mass,0.07765188429611458,EOL_FLOW_EOL_DE_ELMA_INC,0.0,,0.5,1.0,1.0,1.0,2.0,2.0,sensitivity_688,sensitivity_697,circular_routes.service_elasticity,2.0,1.0,0.375,1.625,parameter_bisection,parameter_only,5,false
sensitivity_688,policy,virgin_metal_tax_tax_0_02,virgin_metal_tax,0.02,LOCALLY_INFEASIBLE,INFEASIBLE_POINT,false,27.100576321,0.0011166534741680713,2,0.0,0,common_eu_trade,eu_cet_quantity,NEW_ELMA|SK,0.0011166534741680713,EOL_FLOW_EOL_DE_ELMA_INC,0.0,,0.5,1.0,1.0,1.0,2.0,2.0,sensitivity_688,sensitivity_697,circular_routes.service_elasticity,2.0,1.0,0.25,1.75,parameter_bisection,parameter_only,6,false
sensitivity_688,policy,virgin_metal_tax_tax_0_02,virgin_metal_tax,0.02,LOCALLY_INFEASIBLE,INFEASIBLE_POINT,false,15.150183949,0.0010608110078594059,1,0.0,0,common_eu_trade,eu_cet_quantity,NEW_ELMA|SK,0.0010608110078594059,EOL_FLOW_EOL_DE_ELMA_INC,0.0,,0.5,1.0,1.0,1.0,2.0,2.0,sensitivity_688,sensitivity_697,circular_routes.service_elasticity,2.0,1.0,0.1875,1.8125,parameter_bisection,parameter_only,7,false
sensitivity_688,policy,virgin_metal_tax_tax_0_02,virgin_metal_tax,0.02,LOCALLY_INFEASIBLE,INFEASIBLE_POINT,true,14.49214547,0.0009958627453294923,0,0.0,0,common_eu_trade,eu_cet_quantity,NEW_ELMA|SK,0.0009958627453294923,EOL_FLOW_EOL_DE_ELMA_INC,0.0,,0.5,1.0,1.0,1.0,2.0,2.0,sensitivity_688,sensitivity_697,circular_routes.service_elasticity,2.0,1.0,0.15625,1.84375,parameter_bisection,parameter_only,8,true
sensitivity_688,policy,virgin_metal_tax_tax_0_02,virgin_metal_tax,0.02,LOCALLY_INFEASIBLE,INFEASIBLE_POINT,false,4.367566149,0.0010003312145738898,1,0.0,0,common_eu_trade,eu_cet_quantity,NEW_ELMA|SK,0.0010003312145738898,EOL_FLOW_EOL_DE_ELMA_INC,0.0,,0.5,1.0,1.0,1.0,2.0,2.0,sensitivity_688,sensitivity_697,circular_routes.service_elasticity,2.0,1.0,0.21875,1.78125,parameter_bisection,parameter_only,9,false
sensitivity_688,policy,virgin_metal_tax_tax_0_02,virgin_metal_tax,0.02,LOCALLY_INFEASIBLE,INFEASIBLE_POINT,true,5.050276015,0.0009940436165980383,0,0.0,0,common_eu_trade,eu_cet_quantity,NEW_ELMA|SK,0.0009940436165980383,EOL_FLOW_EOL_DE_ELMA_INC,0.0,,0.5,1.0,1.0,1.0,2.0,2.0,sensitivity_688,sensitivity_697,circular_routes.service_elasticity,2.0,1.0,0.1875,1.8125,parameter_bisection,parameter_only,10,true
sensitivity_688,policy,virgin_metal_tax_tax_0_02,virgin_metal_tax,0.02,LOCALLY_INFEASIBLE,INFEASIBLE_POINT,false,4.78614316,0.001010295301332327,1,0.0,0,common_eu_trade,eu_cet_quantity,NEW_ELMA|SK,0.001010295301332327,EOL_FLOW_EOL_DE_ELMA_INC,0.0,,0.5,1.0,1.0,1.0,2.0,2.0,sensitivity_688,sensitivity_697,circular_routes.service_elasticity,2.0,1.0,0.25,1.75,parameter_bisection,parameter_only,11,false
sensitivity_688,policy,virgin_metal_tax_tax_0_02,virgin_metal_tax,0.02,LOCALLY_INFEASIBLE,INFEASIBLE_POINT,false,3.645922911,0.001004803501198081,1,0.0,0,common_eu_trade,eu_cet_quantity,NEW_ELMA|SK,0.001004803501198081,EOL_FLOW_EOL_DE_ELMA_INC,0.0,,0.5,1.0,1.0,1.0,2.0,2.0,sensitivity_688,sensitivity_697,circular_routes.service_elasticity,2.0,1.0,0.21875,1.78125,parameter_bisection,parameter_only,12,false
sensitivity_688,policy,virgin_metal_tax_tax_0_02,virgin_metal_tax,0.02,LOCALLY_INFEASIBLE,INFEASIBLE_POINT,false,5.53941486,0.0010699924232119619,1,0.0,0,common_eu_trade,eu_cet_quantity,NEW_ELMA|SK,0.0010699924232119619,EOL_FLOW_EOL_DE_ELMA_INC,0.0,,0.5,1.0,1.0,1.0,2.0,2.0,sensitivity_688,sensitivity_697,circular_routes.service_elasticity,2.0,1.0,0.203125,1.796875,parameter_bisection,parameter_only,13,false
sensitivity_688,policy,virgin_metal_tax_tax_0_02,virgin_metal_tax,0.02,LOCALLY_INFEASIBLE,INFEASIBLE_POINT,false,10.399954657,0.0011320853071934995,1,0.0,0,common_eu_trade,eu_cet_quantity,NEW_ELMA|SK,0.0011320853071934995,EOL_FLOW_EOL_DE_ELMA_INC,0.0,,0.5,1.0,1.0,1.0,2.0,2.0,sensitivity_688,sensitivity_697,circular_routes.service_elasticity,2.0,1.0,0.1953125,1.8046875,parameter_bisection,parameter_only,14,false
sensitivity_688,policy,virgin_metal_tax_tax_0_02,virgin_metal_tax,0.02,LOCALLY_INFEASIBLE,INFEASIBLE_POINT,false,23.443758455,0.0011406859139840525,2,0.0,0,common_eu_trade,eu_cet_quantity,NEW_ELMA|SK,0.0011406859139840525,EOL_FLOW_EOL_DE_ELMA_INC,0.0,,0.5,1.0,1.0,1.0,2.0,2.0,sensitivity_688,sensitivity_697,circular_routes.service_elasticity,2.0,1.0,0.19140625,1.80859375,parameter_bisection,parameter_only,15,false
sensitivity_688,policy,virgin_metal_tax_tax_0_02,virgin_metal_tax,0.02,LOCALLY_INFEASIBLE,INFEASIBLE_POINT,false,20.532349856,0.0011157630640194346,2,0.0,0,common_eu_trade,eu_cet_quantity,NEW_ELMA|SK,0.0011157630640194346,EOL_FLOW_EOL_DE_ELMA_INC,0.0,,0.5,1.0,1.0,1.0,2.0,2.0,sensitivity_688,sensitivity_697,circular_routes.service_elasticity,2.0,1.0,0.189453125,1.810546875,parameter_bisection,parameter_only,16,false
sensitivity_688,policy,virgin_metal_tax_tax_0_02,virgin_metal_tax,0.02,LOCALLY_INFEASIBLE,INFEASIBLE_POINT,false,4.235260178,0.0010147189922156243,1,0.0,0,common_eu_trade,eu_cet_quantity,NEW_ELMA|SK,0.0010147189922156243,EOL_FLOW_EOL_DE_ELMA_INC,0.0,,0.5,1.0,1.0,1.0,2.0,2.0,sensitivity_688,sensitivity_697,circular_routes.service_elasticity,2.0,1.0,0.1884765625,1.8115234375,parameter_bisection,parameter_only,17,false
sensitivity_692,policy,virgin_metal_tax_tax_0_02,virgin_metal_tax,0.02,LOCALLY_INFEASIBLE,INFEASIBLE_POINT,false,55.21342195,0.009429231478111366,1,0.0,0,observed_physical_flow_links,quantity_link,physical_SK_OFMA_REP_route_input_mass,0.009429231478111366,EOL_FLOW_EOL_DE_ELMA_INC,0.0,,1.0,2.0,1.0,1.0,2.0,2.0,sensitivity_692,sensitivity_449,circular_metal.material_substitution_elasticity,1.0,2.0,1.0,2.0,direct_target,parameter_only,1,false
sensitivity_692,policy,virgin_metal_tax_tax_0_02,virgin_metal_tax,0.02,LOCALLY_INFEASIBLE,INFEASIBLE_POINT,false,17.833110108,0.0010451402762885476,1,0.0,0,material_composite_production_REU,eqpzs,IND_REU_NEW_ELMA,0.0010451402762885476,EOL_FLOW_EOL_DE_ELMA_INC,0.0,,1.0,2.0,1.0,1.0,2.0,2.0,sensitivity_692,sensitivity_449,circular_metal.material_substitution_elasticity,1.0,2.0,0.5,1.5,parameter_bisection,parameter_only,2,false
sensitivity_692,policy,virgin_metal_tax_tax_0_02,virgin_metal_tax,0.02,LOCALLY_INFEASIBLE,INFEASIBLE_POINT,true,12.138572188,0.0009862128492317268,0,0.0,0,material_composite_production_REU,eqpzs,IND_REU_NEW_ELMA,0.0009862128492317268,EOL_FLOW_EOL_DE_ELMA_INC,0.0,,1.0,2.0,1.0,1.0,2.0,2.0,sensitivity_692,sensitivity_449,circular_metal.material_substitution_elasticity,1.0,2.0,0.25,1.25,parameter_bisection,parameter_only,3,true
sensitivity_692,policy,virgin_metal_tax_tax_0_02,virgin_metal_tax,0.02,LOCALLY_INFEASIBLE,INFEASIBLE_POINT,false,56.944186526,0.1052724357057615,3,0.0,0,observed_physical_flow_links,quantity_link,physical_SK_OFMA_REP_route_input_mass,0.1052724357057615,EOL_FLOW_EOL_DE_ELMA_INC,0.0,,1.0,2.0,1.0,1.0,2.0,2.0,sensitivity_692,sensitivity_449,circular_metal.material_substitution_elasticity,1.0,2.0,0.75,1.75,parameter_bisection,parameter_only,4,false
sensitivity_692,policy,virgin_metal_tax_tax_0_02,virgin_metal_tax,0.02,LOCALLY_INFEASIBLE,INFEASIBLE_POINT,false,68.772044249,0.050455234666556326,3,0.0,0,observed_physical_flow_links,quantity_link,physical_SK_OFMA_REP_route_input_mass,0.050455234666556326,EOL_FLOW_EOL_DE_ELMA_INC,0.0,,1.0,2.0,1.0,1.0,2.0,2.0,sensitivity_692,sensitivity_449,circular_metal.material_substitution_elasticity,1.0,2.0,0.5,1.5,parameter_bisection,parameter_only,5,false
sensitivity_692,policy,virgin_metal_tax_tax_0_02,virgin_metal_tax,0.02,LOCALLY_INFEASIBLE,INFEASIBLE_POINT,false,25.955689133,0.001048491606009172,1,0.0,0,material_composite_production_REU,eqpzs,IND_REU_NEW_ELMA,0.001048491606009172,EOL_FLOW_EOL_DE_ELMA_INC,0.0,,1.0,2.0,1.0,1.0,2.0,2.0,sensitivity_692,sensitivity_449,circular_metal.material_substitution_elasticity,1.0,2.0,0.375,1.375,parameter_bisection,parameter_only,6,false
sensitivity_692,policy,virgin_metal_tax_tax_0_02,virgin_metal_tax,0.02,LOCALLY_INFEASIBLE,INFEASIBLE_POINT,false,21.266326202,0.0010659927619308673,1,0.0,0,material_composite_production_REU,eqpzs,IND_REU_NEW_ELMA,0.0010659927619308673,EOL_FLOW_EOL_DE_ELMA_INC,0.0,,1.0,2.0,1.0,1.0,2.0,2.0,sensitivity_692,sensitivity_449,circular_metal.material_substitution_elasticity,1.0,2.0,0.3125,1.3125,parameter_bisection,parameter_only,7,false
sensitivity_692,policy,virgin_metal_tax_tax_0_02,virgin_metal_tax,0.02,LOCALLY_INFEASIBLE,INFEASIBLE_POINT,false,32.857159258,0.0010781304169505956,1,0.0,0,material_composite_production_REU,eqpzs,IND_REU_NEW_ELMA,0.0010781304169505956,EOL_FLOW_EOL_DE_ELMA_INC,0.0,,1.0,2.0,1.0,1.0,2.0,2.0,sensitivity_692,sensitivity_449,circular_metal.material_substitution_elasticity,1.0,2.0,0.28125,1.28125,parameter_bisection,parameter_only,8,false
sensitivity_692,policy,virgin_metal_tax_tax_0_02,virgin_metal_tax,0.02,LOCALLY_INFEASIBLE,INFEASIBLE_POINT,true,5.70114695,0.0009886987294459582,0,0.0,0,material_composite_production_REU,eqpzs,IND_REU_NEW_ELMA,0.0009886987294459582,EOL_FLOW_EOL_DE_ELMA_INC,0.0,,1.0,2.0,1.0,1.0,2.0,2.0,sensitivity_692,sensitivity_449,circular_metal.material_substitution_elasticity,1.0,2.0,0.265625,1.265625,parameter_bisection,parameter_only,9,true
sensitivity_692,policy,virgin_metal_tax_tax_0_02,virgin_metal_tax,0.02,LOCALLY_INFEASIBLE,INFEASIBLE_POINT,false,18.538075339,0.0010723993165775436,1,0.0,0,material_composite_production_REU,eqpzs,IND_REU_NEW_ELMA,0.0010723993165775436,EOL_FLOW_EOL_DE_ELMA_INC,0.0,,1.0,2.0,1.0,1.0,2.0,2.0,sensitivity_692,sensitivity_449,circular_metal.material_substitution_elasticity,1.0,2.0,0.296875,1.296875,parameter_bisection,parameter_only,10,false
sensitivity_692,policy,virgin_metal_tax_tax_0_02,virgin_metal_tax,0.02,LOCALLY_INFEASIBLE,INFEASIBLE_POINT,false,5.196369682,0.0010002024520030517,1,0.0,0,material_composite_production_REU,eqpzs,IND_REU_NEW_ELMA,0.0010002024520030517,EOL_FLOW_EOL_DE_ELMA_INC,0.0,,1.0,2.0,1.0,1.0,2.0,2.0,sensitivity_692,sensitivity_449,circular_metal.material_substitution_elasticity,1.0,2.0,0.28125,1.28125,parameter_bisection,parameter_only,11,false
sensitivity_692,policy,virgin_metal_tax_tax_0_02,virgin_metal_tax,0.02,LOCALLY_INFEASIBLE,INFEASIBLE_POINT,false,10.648966719,0.0010370024976154024,1,0.0,0,material_composite_production_REU,eqpzs,IND_REU_NEW_ELMA,0.0010370024976154024,EOL_FLOW_EOL_DE_ELMA_INC,0.0,,1.0,2.0,1.0,1.0,2.0,2.0,sensitivity_692,sensitivity_449,circular_metal.material_substitution_elasticity,1.0,2.0,0.2734375,1.2734375,parameter_bisection,parameter_only,12,false
sensitivity_692,policy,virgin_metal_tax_tax_0_02,virgin_metal_tax,0.02,LOCALLY_INFEASIBLE,INFEASIBLE_POINT,false,6.407203197,0.0010429241782796694,1,0.0,0,material_composite_production_REU,eqpzs,IND_REU_NEW_ELMA,0.0010429241782796694,EOL_FLOW_EOL_DE_ELMA_INC,0.0,,1.0,2.0,1.0,1.0,2.0,2.0,sensitivity_692,sensitivity_449,circular_metal.material_substitution_elasticity,1.0,2.0,0.26953125,1.26953125,parameter_bisection,parameter_only,13,false
sensitivity_692,policy,virgin_metal_tax_tax_0_02,virgin_metal_tax,0.02,LOCALLY_INFEASIBLE,INFEASIBLE_POINT,false,31.839953799,0.001057563729858213,1,0.0,0,material_composite_production_REU,eqpzs,IND_REU_NEW_ELMA,0.001057563729858213,EOL_FLOW_EOL_DE_ELMA_INC,0.0,,1.0,2.0,1.0,1.0,2.0,2.0,sensitivity_692,sensitivity_449,circular_metal.material_substitution_elasticity,1.0,2.0,0.267578125,1.267578125,parameter_bisection,parameter_only,14,false
sensitivity_692,policy,virgin_metal_tax_tax_0_02,virgin_metal_tax,0.02,LOCALLY_INFEASIBLE,INFEASIBLE_POINT,false,3.859401219,0.0010410044168419619,1,0.0,0,material_composite_production_REU,eqpzs,IND_REU_NEW_ELMA,0.0010410044168419619,EOL_FLOW_EOL_DE_ELMA_INC,0.0,,1.0,2.0,1.0,1.0,2.0,2.0,sensitivity_692,sensitivity_449,circular_metal.material_substitution_elasticity,1.0,2.0,0.2666015625,1.2666015625,parameter_bisection,parameter_only,15,false
sensitivity_693,policy,virgin_metal_tax_tax_0_02,virgin_metal_tax,0.02,LOCALLY_INFEASIBLE,INFEASIBLE_POINT,true,8.052891854,0.0009229667620376247,0,0.0,0,material_composite_production_REU,eqpzs,IND_REU_NEW_ELMA,0.0009229667620376247,EOL_FLOW_EOL_DE_ELMA_INC,0.0,,2.0,2.0,1.0,1.0,2.0,2.0,sensitivity_693,sensitivity_612,circular_routes.eol_productivity_elasticity,1.0,2.0,1.0,2.0,direct_target,parameter_only,1,true
sensitivity_709,policy,virgin_metal_tax_tax_0_02,virgin_metal_tax,0.02,LOCALLY_INFEASIBLE,INFEASIBLE_POINT,true,12.911930838,0.0009574402113434743,0,0.0,0,material_composite_production_REU,eqpzs,IND_REU_NEW_ELMA,0.0009574402113434743,EOL_FLOW_EOL_DE_ELMA_INC,0.0,,0.5,2.0,0.5,2.0,2.0,2.0,sensitivity_709,sensitivity_466,circular_metal.material_substitution_elasticity,1.0,2.0,1.0,2.0,direct_target,parameter_only,1,true
sensitivity_710,policy,virgin_metal_tax_tax_0_02,virgin_metal_tax,0.02,LOCALLY_INFEASIBLE,INFEASIBLE_POINT,false,45.338378342,0.0010580915696019044,1,0.0,0,material_composite_production_REU,eqpzs,IND_REU_NEW_ELMA,0.0010580915696019044,EOL_FLOW_EOL_DE_ELMA_INC,0.0,,1.0,2.0,0.5,2.0,2.0,2.0,sensitivity_710,sensitivity_656,circular_routes.eol_allocation_elasticity,0.5,2.0,1.0,2.0,direct_target,parameter_only,1,false
sensitivity_710,policy,virgin_metal_tax_tax_0_02,virgin_metal_tax,0.02,LOCALLY_INFEASIBLE,INFEASIBLE_POINT,true,6.983984543,0.0009802225646344809,0,0.0,0,material_composite_production_REU,eqpzs,IND_REU_NEW_ELMA,0.0009802225646344809,EOL_FLOW_EOL_DE_ELMA_INC,0.0,,1.0,2.0,0.5,2.0,2.0,2.0,sensitivity_710,sensitivity_656,circular_routes.eol_allocation_elasticity,0.5,2.0,0.5,1.25,parameter_bisection,parameter_only,2,true
sensitivity_710,policy,virgin_metal_tax_tax_0_02,virgin_metal_tax,0.02,LOCALLY_INFEASIBLE,INFEASIBLE_POINT,false,38.32244738,0.0010781964332475802,1,0.0,0,material_composite_production_REU,eqpzs,IND_REU_NEW_ELMA,0.0010781964332475802,EOL_FLOW_EOL_DE_ELMA_INC,0.0,,1.0,2.0,0.5,2.0,2.0,2.0,sensitivity_710,sensitivity_656,circular_routes.eol_allocation_elasticity,0.5,2.0,1.0,2.0,parameter_bisection,parameter_only,3,false
sensitivity_710,policy,virgin_metal_tax_tax_0_02,virgin_metal_tax,0.02,LOCALLY_INFEASIBLE,INFEASIBLE_POINT,false,11.411682693,0.0010612619413299385,1,0.0,0,material_composite_production_REU,eqpzs,IND_REU_NEW_ELMA,0.0010612619413299385,EOL_FLOW_EOL_DE_ELMA_INC,0.0,,1.0,2.0,0.5,2.0,2.0,2.0,sensitivity_710,sensitivity_656,circular_routes.eol_allocation_elasticity,0.5,2.0,0.75,1.625,parameter_bisection,parameter_only,4,false
sensitivity_710,policy,virgin_metal_tax_tax_0_02,virgin_metal_tax,0.02,LOCALLY_INFEASIBLE,INFEASIBLE_POINT,false,35.353689444,0.0010614956340440074,1,0.0,0,material_composite_production_REU,eqpzs,IND_REU_NEW_ELMA,0.0010614956340440074,EOL_FLOW_EOL_DE_ELMA_INC,0.0,,1.0,2.0,0.5,2.0,2.0,2.0,sensitivity_710,sensitivity_656,circular_routes.eol_allocation_elasticity,0.5,2.0,0.625,1.4375,parameter_bisection,parameter_only,5,false
sensitivity_710,policy,virgin_metal_tax_tax_0_02,virgin_metal_tax,0.02,LOCALLY_INFEASIBLE,INFEASIBLE_POINT,true,4.633471342,0.0008828473048462238,0,0.0,0,material_composite_production_REU,eqpzs,IND_REU_NEW_ELMA,0.0008828473048462238,EOL_FLOW_EOL_DE_ELMA_INC,0.0,,1.0,2.0,0.5,2.0,2.0,2.0,sensitivity_710,sensitivity_656,circular_routes.eol_allocation_elasticity,0.5,2.0,0.5625,1.34375,parameter_bisection,parameter_only,6,true
sensitivity_710,policy,virgin_metal_tax_tax_0_02,virgin_metal_tax,0.02,LOCALLY_INFEASIBLE,INFEASIBLE_POINT,false,4.846469899,0.0010338356176249341,1,0.0,0,material_composite_production_REU,eqpzs,IND_REU_NEW_ELMA,0.0010338356176249341,EOL_FLOW_EOL_DE_ELMA_INC,0.0,,1.0,2.0,0.5,2.0,2.0,2.0,sensitivity_710,sensitivity_656,circular_routes.eol_allocation_elasticity,0.5,2.0,0.6875,1.53125,parameter_bisection,parameter_only,7,false
sensitivity_710,policy,virgin_metal_tax_tax_0_02,virgin_metal_tax,0.02,LOCALLY_INFEASIBLE,INFEASIBLE_POINT,true,3.442701269,0.0009076403331970129,0,0.0,0,material_composite_production_REU,eqpzs,IND_REU_NEW_ELMA,0.0009076403331970129,EOL_FLOW_EOL_DE_ELMA_INC,0.0,,1.0,2.0,0.5,2.0,2.0,2.0,sensitivity_710,sensitivity_656,circular_routes.eol_allocation_elasticity,0.5,2.0,0.625,1.4375,parameter_bisection,parameter_only,8,true
sensitivity_710,policy,virgin_metal_tax_tax_0_02,virgin_metal_tax,0.02,LOCALLY_INFEASIBLE,INFEASIBLE_POINT,false,10.172840518,0.0010487796215364886,1,0.0,0,material_composite_production_REU,eqpzs,IND_REU_NEW_ELMA,0.0010487796215364886,EOL_FLOW_EOL_DE_ELMA_INC,0.0,,1.0,2.0,0.5,2.0,2.0,2.0,sensitivity_710,sensitivity_656,circular_routes.eol_allocation_elasticity,0.5,2.0,0.75,1.625,parameter_bisection,parameter_only,9,false
sensitivity_710,policy,virgin_metal_tax_tax_0_02,virgin_metal_tax,0.02,LOCALLY_INFEASIBLE,INFEASIBLE_POINT,false,22.442515177,0.0010791795773100743,1,0.0,0,material_composite_production_REU,eqpzs,IND_REU_NEW_ELMA,0.0010791795773100743,EOL_FLOW_EOL_DE_ELMA_INC,0.0,,1.0,2.0,0.5,2.0,2.0,2.0,sensitivity_710,sensitivity_656,circular_routes.eol_allocation_elasticity,0.5,2.0,0.6875,1.53125,parameter_bisection,parameter_only,10,false
sensitivity_710,policy,virgin_metal_tax_tax_0_02,virgin_metal_tax,0.02,LOCALLY_INFEASIBLE,INFEASIBLE_POINT,false,17.812889912,0.0010806400243308367,1,4.85621624497004e-10,0,material_composite_production_REU,eqpzs,IND_REU_NEW_ELMA,0.0010806400243308367,X_IND_SK_REU_ELMA_IND_SK_REP_OFMA,4.85621624497004e-10,,1.0,2.0,0.5,2.0,2.0,2.0,sensitivity_710,sensitivity_656,circular_routes.eol_allocation_elasticity,0.5,2.0,0.65625,1.484375,parameter_bisection,parameter_only,11,false
sensitivity_710,policy,virgin_metal_tax_tax_0_02,virgin_metal_tax,0.02,LOCALLY_INFEASIBLE,INFEASIBLE_POINT,false,21.944419771,0.0010770610544318382,1,0.0,0,material_composite_production_REU,eqpzs,IND_REU_NEW_ELMA,0.0010770610544318382,EOL_FLOW_EOL_DE_ELMA_INC,0.0,,1.0,2.0,0.5,2.0,2.0,2.0,sensitivity_710,sensitivity_656,circular_routes.eol_allocation_elasticity,0.5,2.0,0.640625,1.4609375,parameter_bisection,parameter_only,12,false
sensitivity_710,policy,virgin_metal_tax_tax_0_02,virgin_metal_tax,0.02,LOCALLY_INFEASIBLE,INFEASIBLE_POINT,true,1.769244296,0.000907638252530818,0,0.0,0,material_composite_production_REU,eqpzs,IND_REU_NEW_ELMA,0.000907638252530818,EOL_FLOW_EOL_DE_ELMA_INC,0.0,,1.0,2.0,0.5,2.0,2.0,2.0,sensitivity_710,sensitivity_656,circular_routes.eol_allocation_elasticity,0.5,2.0,0.6328125,1.44921875,parameter_bisection,parameter_only,13,true
sensitivity_710,policy,virgin_metal_tax_tax_0_02,virgin_metal_tax,0.02,LOCALLY_INFEASIBLE,INFEASIBLE_POINT,false,17.554645858,0.0010666101366744174,1,0.0,0,material_composite_production_REU,eqpzs,IND_REU_NEW_ELMA,0.0010666101366744174,EOL_FLOW_EOL_DE_ELMA_INC,0.0,,1.0,2.0,0.5,2.0,2.0,2.0,sensitivity_710,sensitivity_656,circular_routes.eol_allocation_elasticity,0.5,2.0,0.6484375,1.47265625,parameter_bisection,parameter_only,14,false
sensitivity_710,policy,virgin_metal_tax_tax_0_02,virgin_metal_tax,0.02,LOCALLY_INFEASIBLE,INFEASIBLE_POINT,true,2.221940767,0.0009076083713478456,0,0.0,0,material_composite_production_REU,eqpzs,IND_REU_NEW_ELMA,0.0009076083713478456,EOL_FLOW_EOL_DE_ELMA_INC,0.0,,1.0,2.0,0.5,2.0,2.0,2.0,sensitivity_710,sensitivity_656,circular_routes.eol_allocation_elasticity,0.5,2.0,0.640625,1.4609375,parameter_bisection,parameter_only,15,true
sensitivity_710,policy,virgin_metal_tax_tax_0_02,virgin_metal_tax,0.02,LOCALLY_INFEASIBLE,INFEASIBLE_POINT,false,9.499325413,0.0010587222126333673,1,0.0,0,material_composite_production_REU,eqpzs,IND_REU_NEW_ELMA,0.0010587222126333673,EOL_FLOW_EOL_DE_ELMA_INC,0.0,,1.0,2.0,0.5,2.0,2.0,2.0,sensitivity_710,sensitivity_656,circular_routes.eol_allocation_elasticity,0.5,2.0,0.65625,1.484375,parameter_bisection,parameter_only,16,false
sensitivity_710,policy,virgin_metal_tax_tax_0_02,virgin_metal_tax,0.02,LOCALLY_INFEASIBLE,INFEASIBLE_POINT,false,17.085722586,0.0010530443583920412,1,0.0,0,material_composite_production_REU,eqpzs,IND_REU_NEW_ELMA,0.0010530443583920412,EOL_FLOW_EOL_DE_ELMA_INC,0.0,,1.0,2.0,0.5,2.0,2.0,2.0,sensitivity_710,sensitivity_656,circular_routes.eol_allocation_elasticity,0.5,2.0,0.6484375,1.47265625,parameter_bisection,parameter_only,17,false
sensitivity_710,policy,virgin_metal_tax_tax_0_02,virgin_metal_tax,0.02,LOCALLY_INFEASIBLE,INFEASIBLE_POINT,false,19.068924127,0.0010760374719948063,1,0.0,0,material_composite_production_REU,eqpzs,IND_REU_NEW_ELMA,0.0010760374719948063,EOL_FLOW_EOL_DE_ELMA_INC,0.0,,1.0,2.0,0.5,2.0,2.0,2.0,sensitivity_710,sensitivity_656,circular_routes.eol_allocation_elasticity,0.5,2.0,0.64453125,1.466796875,parameter_bisection,parameter_only,18,false
sensitivity_710,policy,virgin_metal_tax_tax_0_02,virgin_metal_tax,0.02,LOCALLY_INFEASIBLE,INFEASIBLE_POINT,true,1.660214558,0.0009076071894102977,0,0.0,0,material_composite_production_REU,eqpzs,IND_REU_NEW_ELMA,0.0009076071894102977,EOL_FLOW_EOL_DE_ELMA_INC,0.0,,1.0,2.0,0.5,2.0,2.0,2.0,sensitivity_710,sensitivity_656,circular_routes.eol_allocation_elasticity,0.5,2.0,0.642578125,1.4638671875,parameter_bisection,parameter_only,19,true
sensitivity_710,policy,virgin_metal_tax_tax_0_02,virgin_metal_tax,0.02,LOCALLY_INFEASIBLE,INFEASIBLE_POINT,false,10.438800359,0.001072722674301807,1,0.0,0,material_composite_production_REU,eqpzs,IND_REU_NEW_ELMA,0.001072722674301807,EOL_FLOW_EOL_DE_ELMA_INC,0.0,,1.0,2.0,0.5,2.0,2.0,2.0,sensitivity_710,sensitivity_656,circular_routes.eol_allocation_elasticity,0.5,2.0,0.646484375,1.4697265625,parameter_bisection,parameter_only,20,false
sensitivity_710,policy,virgin_metal_tax_tax_0_02,virgin_metal_tax,0.02,LOCALLY_INFEASIBLE,INFEASIBLE_POINT,false,16.858183915,0.0010797849644300639,1,0.0,0,material_composite_production_REU,eqpzs,IND_REU_NEW_ELMA,0.0010797849644300639,EOL_FLOW_EOL_DE_ELMA_INC,0.0,,1.0,2.0,0.5,2.0,2.0,2.0,sensitivity_710,sensitivity_656,circular_routes.eol_allocation_elasticity,0.5,2.0,0.64453125,1.466796875,parameter_bisection,parameter_only,21,false
sensitivity_710,policy,virgin_metal_tax_tax_0_02,virgin_metal_tax,0.02,LOCALLY_INFEASIBLE,INFEASIBLE_POINT,true,1.817084171,0.0009076496954438795,0,0.0,0,material_composite_production_REU,eqpzs,IND_REU_NEW_ELMA,0.0009076496954438795,EOL_FLOW_EOL_DE_ELMA_INC,0.0,,1.0,2.0,0.5,2.0,2.0,2.0,sensitivity_710,sensitivity_656,circular_routes.eol_allocation_elasticity,0.5,2.0,0.6435546875,1.46533203125,parameter_bisection,parameter_only,22,true
sensitivity_710,policy,virgin_metal_tax_tax_0_02,virgin_metal_tax,0.02,LOCALLY_INFEASIBLE,INFEASIBLE_POINT,true,1.442795975,0.0009076499932285653,0,0.0,0,material_composite_production_REU,eqpzs,IND_REU_NEW_ELMA,0.0009076499932285653,EOL_FLOW_EOL_DE_ELMA_INC,0.0,,1.0,2.0,0.5,2.0,2.0,2.0,sensitivity_710,sensitivity_656,circular_routes.eol_allocation_elasticity,0.5,2.0,0.6455078125,1.46826171875,parameter_bisection,parameter_only,23,true
sensitivity_710,policy,virgin_metal_tax_tax_0_02,virgin_metal_tax,0.02,LOCALLY_INFEASIBLE,INFEASIBLE_POINT,false,19.457956756,0.001077852046334593,1,0.0,0,material_composite_production_REU,eqpzs,IND_REU_NEW_ELMA,0.001077852046334593,EOL_FLOW_EOL_DE_ELMA_INC,0.0,,1.0,2.0,0.5,2.0,2.0,2.0,sensitivity_710,sensitivity_656,circular_routes.eol_allocation_elasticity,0.5,2.0,0.6494140625,1.47412109375,parameter_bisection,parameter_only,24,false
sensitivity_710,policy,virgin_metal_tax_tax_0_02,virgin_metal_tax,0.02,LOCALLY_INFEASIBLE,INFEASIBLE_POINT,true,1.64259196,0.0009076502314347978,0,0.0,0,material_composite_production_REU,eqpzs,IND_REU_NEW_ELMA,0.0009076502314347978,EOL_FLOW_EOL_DE_ELMA_INC,0.0,,1.0,2.0,0.5,2.0,2.0,2.0,sensitivity_710,sensitivity_656,circular_routes.eol_allocation_elasticity,0.5,2.0,0.6474609375,1.47119140625,parameter_bisection,parameter_only,25,true
sensitivity_710,policy,virgin_metal_tax_tax_0_02,virgin_metal_tax,0.02,LOCALLY_INFEASIBLE,INFEASIBLE_POINT,false,20.772037539,0.001080572896115184,1,0.0,0,material_composite_production_REU,eqpzs,IND_REU_NEW_ELMA,0.001080572896115184,EOL_FLOW_EOL_DE_ELMA_INC,0.0,,1.0,2.0,0.5,2.0,2.0,2.0,sensitivity_710,sensitivity_656,circular_routes.eol_allocation_elasticity,0.5,2.0,0.6513671875,1.47705078125,parameter_bisection,parameter_only,26,false
sensitivity_710,policy,virgin_metal_tax_tax_0_02,virgin_metal_tax,0.02,LOCALLY_INFEASIBLE,INFEASIBLE_POINT,true,1.739919711,0.0009076503936913394,0,0.0,0,material_composite_production_REU,eqpzs,IND_REU_NEW_ELMA,0.0009076503936913394,EOL_FLOW_EOL_DE_ELMA_INC,0.0,,1.0,2.0,0.5,2.0,2.0,2.0,sensitivity_710,sensitivity_656,circular_routes.eol_allocation_elasticity,0.5,2.0,0.6494140625,1.47412109375,parameter_bisection,parameter_only,27,true
sensitivity_710,policy,virgin_metal_tax_tax_0_02,virgin_metal_tax,0.02,LOCALLY_INFEASIBLE,INFEASIBLE_POINT,false,16.307184438,0.0010800383943342373,1,0.0,0,material_composite_production_REU,eqpzs,IND_REU_NEW_ELMA,0.0010800383943342373,EOL_FLOW_EOL_DE_ELMA_INC,0.0,,1.0,2.0,0.5,2.0,2.0,2.0,sensitivity_710,sensitivity_656,circular_routes.eol_allocation_elasticity,0.5,2.0,0.6533203125,1.47998046875,parameter_bisection,parameter_only,28,false
sensitivity_710,policy,virgin_metal_tax_tax_0_02,virgin_metal_tax,0.02,LOCALLY_INFEASIBLE,INFEASIBLE_POINT,true,1.711665197,0.0009076504649886408,0,0.0,0,material_composite_production_REU,eqpzs,IND_REU_NEW_ELMA,0.0009076504649886408,EOL_FLOW_EOL_DE_ELMA_INC,0.0,,1.0,2.0,0.5,2.0,2.0,2.0,sensitivity_710,sensitivity_656,circular_routes.eol_allocation_elasticity,0.5,2.0,0.6513671875,1.47705078125,parameter_bisection,parameter_only,29,true
sensitivity_710,policy,virgin_metal_tax_tax_0_02,virgin_metal_tax,0.02,LOCALLY_INFEASIBLE,INFEASIBLE_POINT,true,2.162937182,0.0009077363455598508,0,0.0,0,material_composite_production_REU,eqpzs,IND_REU_NEW_ELMA,0.0009077363455598508,EOL_FLOW_EOL_DE_ELMA_INC,0.0,,1.0,2.0,0.5,2.0,2.0,2.0,sensitivity_710,sensitivity_656,circular_routes.eol_allocation_elasticity,0.5,2.0,0.6552734375,1.48291015625,parameter_bisection,parameter_only,30,true
sensitivity_710,policy,virgin_metal_tax_tax_0_02,virgin_metal_tax,0.02,LOCALLY_INFEASIBLE,INFEASIBLE_POINT,false,10.304924487,0.0010683057809427465,1,0.0,0,material_composite_production_REU,eqpzs,IND_REU_NEW_ELMA,0.0010683057809427465,EOL_FLOW_EOL_DE_ELMA_INC,0.0,,1.0,2.0,0.5,2.0,2.0,2.0,sensitivity_710,sensitivity_656,circular_routes.eol_allocation_elasticity,0.5,2.0,0.6630859375,1.49462890625,parameter_bisection,parameter_only,31,false
sensitivity_710,policy,virgin_metal_tax_tax_0_02,virgin_metal_tax,0.02,LOCALLY_INFEASIBLE,INFEASIBLE_POINT,true,2.116658912,0.0009077877097025677,0,0.0,0,material_composite_production_REU,eqpzs,IND_REU_NEW_ELMA,0.0009077877097025677,EOL_FLOW_EOL_DE_ELMA_INC,0.0,,1.0,2.0,0.5,2.0,2.0,2.0,sensitivity_710,sensitivity_656,circular_routes.eol_allocation_elasticity,0.5,2.0,0.6591796875,1.48876953125,parameter_bisection,parameter_only,32,true
sensitivity_710,policy,virgin_metal_tax_tax_0_02,virgin_metal_tax,0.02,LOCALLY_INFEASIBLE,INFEASIBLE_POINT,false,12.533231131,0.0010608533658853503,1,0.0,0,material_composite_production_REU,eqpzs,IND_REU_NEW_ELMA,0.0010608533658853503,EOL_FLOW_EOL_DE_ELMA_INC,0.0,,1.0,2.0,0.5,2.0,2.0,2.0,sensitivity_710,sensitivity_656,circular_routes.eol_allocation_elasticity,0.5,2.0,0.6669921875,1.50048828125,parameter_bisection,parameter_only,33,false
sensitivity_710,policy,virgin_metal_tax_tax_0_02,virgin_metal_tax,0.02,LOCALLY_INFEASIBLE,INFEASIBLE_POINT,false,14.740542213,0.0010777597009153927,1,0.0,0,material_composite_production_REU,eqpzs,IND_REU_NEW_ELMA,0.0010777597009153927,EOL_FLOW_EOL_DE_ELMA_INC,0.0,,1.0,2.0,0.5,2.0,2.0,2.0,sensitivity_710,sensitivity_656,circular_routes.eol_allocation_elasticity,0.5,2.0,0.6630859375,1.49462890625,parameter_bisection,parameter_only,34,false
sensitivity_710,policy,virgin_metal_tax_tax_0_02,virgin_metal_tax,0.02,LOCALLY_INFEASIBLE,INFEASIBLE_POINT,true,3.303241825,0.0009077473077582221,0,1.190131224594213e-12,0,material_composite_production_REU,eqpzs,IND_REU_NEW_ELMA,0.0009077473077582221,X_IND_SK_REP_OFMA_IND_SK_REP_OFMA,1.190131224594213e-12,,1.0,2.0,0.5,2.0,2.0,2.0,sensitivity_710,sensitivity_656,circular_routes.eol_allocation_elasticity,0.5,2.0,0.6611328125,1.49169921875,parameter_bisection,parameter_only,35,true
sensitivity_710,policy,virgin_metal_tax_tax_0_02,virgin_metal_tax,0.02,LOCALLY_INFEASIBLE,INFEASIBLE_POINT,false,22.356752895,0.0010762119823719551,1,0.0,0,material_composite_production_REU,eqpzs,IND_REU_NEW_ELMA,0.0010762119823719551,EOL_FLOW_EOL_DE_ELMA_INC,0.0,,1.0,2.0,0.5,2.0,2.0,2.0,sensitivity_710,sensitivity_656,circular_routes.eol_allocation_elasticity,0.5,2.0,0.6650390625,1.49755859375,parameter_bisection,parameter_only,36,false
sensitivity_710,policy,virgin_metal_tax_tax_0_02,virgin_metal_tax,0.02,LOCALLY_INFEASIBLE,INFEASIBLE_POINT,false,16.837250472,0.00106077743385391,1,0.0,0,material_composite_production_REU,eqpzs,IND_REU_NEW_ELMA,0.00106077743385391,EOL_FLOW_EOL_DE_ELMA_INC,0.0,,1.0,2.0,0.5,2.0,2.0,2.0,sensitivity_710,sensitivity_656,circular_routes.eol_allocation_elasticity,0.5,2.0,0.6630859375,1.49462890625,parameter_bisection,parameter_only,37,false
sensitivity_710,policy,virgin_metal_tax_tax_0_02,virgin_metal_tax,0.02,LOCALLY_INFEASIBLE,INFEASIBLE_POINT,false,22.984965154,0.0010804863919339214,1,0.0,0,material_composite_production_REU,eqpzs,IND_REU_NEW_ELMA,0.0010804863919339214,EOL_FLOW_EOL_DE_ELMA_INC,0.0,,1.0,2.0,0.5,2.0,2.0,2.0,sensitivity_710,sensitivity_656,circular_routes.eol_allocation_elasticity,0.5,2.0,0.662109375,1.4931640625,parameter_bisection,parameter_only,38,false
sensitivity_716,policy,virgin_metal_tax_tax_0_02,virgin_metal_tax,0.02,LOCALLY_INFEASIBLE,INFEASIBLE_POINT,false,29.254242769,0.10412847073863263,3,0.0,0,observed_physical_flow_links,quantity_link,physical_SK_OFMA_REP_route_input_mass,0.10412847073863263,EOL_FLOW_EOL_DE_ELMA_INC,0.0,,1.0,1.0,1.0,2.0,2.0,2.0,sensitivity_716,sensitivity_473,circular_metal.material_substitution_elasticity,1.0,2.0,1.0,2.0,direct_target,parameter_only,1,false
sensitivity_716,policy,virgin_metal_tax_tax_0_02,virgin_metal_tax,0.02,LOCALLY_INFEASIBLE,INFEASIBLE_POINT,false,32.671239565,0.10310616859907273,8,0.0,0,observed_physical_flow_links,quantity_link,physical_SK_OFMA_REP_route_input_mass,0.10310616859907273,EOL_FLOW_EOL_DE_ELMA_INC,0.0,,1.0,1.0,1.0,2.0,2.0,2.0,sensitivity_716,sensitivity_473,circular_metal.material_substitution_elasticity,1.0,2.0,0.5,1.5,parameter_bisection,parameter_only,2,false
sensitivity_716,policy,virgin_metal_tax_tax_0_02,virgin_metal_tax,0.02,LOCALLY_INFEASIBLE,INFEASIBLE_POINT,true,14.876972815,0.0009080193693499217,0,0.0,0,material_composite_production_REU,eqpzs,IND_REU_NEW_ELMA,0.0009080193693499217,EOL_FLOW_EOL_DE_ELMA_INC,0.0,,1.0,1.0,1.0,2.0,2.0,2.0,sensitivity_716,sensitivity_473,circular_metal.material_substitution_elasticity,1.0,2.0,0.25,1.25,parameter_bisection,parameter_only,3,true
sensitivity_716,policy,virgin_metal_tax_tax_0_02,virgin_metal_tax,0.02,LOCALLY_INFEASIBLE,INFEASIBLE_POINT,false,9.013092127,0.013272436031860124,1,0.0,0,observed_physical_flow_links,quantity_link,physical_SK_OFMA_REP_route_input_mass,0.013272436031860124,EOL_FLOW_EOL_DE_ELMA_INC,0.0,,1.0,1.0,1.0,2.0,2.0,2.0,sensitivity_716,sensitivity_473,circular_metal.material_substitution_elasticity,1.0,2.0,0.75,1.75,parameter_bisection,parameter_only,4,false
sensitivity_716,policy,virgin_metal_tax_tax_0_02,virgin_metal_tax,0.02,LOCALLY_INFEASIBLE,INFEASIBLE_POINT,false,14.642710212,0.018894968896267184,1,0.0,0,observed_physical_flow_links,quantity_link,physical_SK_OFMA_REP_route_input_mass,0.018894968896267184,EOL_FLOW_EOL_DE_ELMA_INC,0.0,,1.0,1.0,1.0,2.0,2.0,2.0,sensitivity_716,sensitivity_473,circular_metal.material_substitution_elasticity,1.0,2.0,0.5,1.5,parameter_bisection,parameter_only,5,false
sensitivity_716,policy,virgin_metal_tax_tax_0_02,virgin_metal_tax,0.02,LOCALLY_INFEASIBLE,INFEASIBLE_POINT,true,5.881641132,0.0008933743028629593,0,0.0,0,material_composite_production_REU,eqpzs,IND_REU_NEW_ELMA,0.0008933743028629593,EOL_FLOW_EOL_DE_ELMA_INC,0.0,,1.0,1.0,1.0,2.0,2.0,2.0,sensitivity_716,sensitivity_473,circular_metal.material_substitution_elasticity,1.0,2.0,0.375,1.375,parameter_bisection,parameter_only,6,true
sensitivity_716,policy,virgin_metal_tax_tax_0_02,virgin_metal_tax,0.02,LOCALLY_INFEASIBLE,INFEASIBLE_POINT,false,14.612564034,0.09365072272551433,1,0.0,0,observed_physical_flow_links,quantity_link,physical_SK_OFMA_REP_route_input_mass,0.09365072272551433,EOL_FLOW_EOL_DE_ELMA_INC,0.0,,1.0,1.0,1.0,2.0,2.0,2.0,sensitivity_716,sensitivity_473,circular_metal.material_substitution_elasticity,1.0,2.0,0.625,1.625,parameter_bisection,parameter_only,7,false
sensitivity_716,policy,virgin_metal_tax_tax_0_02,virgin_metal_tax,0.02,LOCALLY_INFEASIBLE,INFEASIBLE_POINT,true,4.819387819,0.0008612934028847663,0,0.0,0,material_composite_production_REU,eqpzs,IND_REU_NEW_ELMA,0.0008612934028847663,EOL_FLOW_EOL_DE_ELMA_INC,0.0,,1.0,1.0,1.0,2.0,2.0,2.0,sensitivity_716,sensitivity_473,circular_metal.material_substitution_elasticity,1.0,2.0,0.5,1.5,parameter_bisection,parameter_only,8,true
sensitivity_716,policy,virgin_metal_tax_tax_0_02,virgin_metal_tax,0.02,LOCALLY_INFEASIBLE,INFEASIBLE_POINT,true,5.486907201,0.0008088911748781458,0,0.0,0,material_composite_production_REU,eqpzs,IND_REU_NEW_ELMA,0.0008088911748781458,EOL_FLOW_EOL_DE_ELMA_INC,0.0,,1.0,1.0,1.0,2.0,2.0,2.0,sensitivity_716,sensitivity_473,circular_metal.material_substitution_elasticity,1.0,2.0,0.75,1.75,parameter_bisection,parameter_only,9,true
sensitivity_716,policy,virgin_metal_tax_tax_0_02,virgin_metal_tax,0.02,LOCALLY_INFEASIBLE,INFEASIBLE_POINT,true,6.100050468,0.0007260518864701249,0,0.0,0,material_composite_production_REU,eqpzs,IND_REU_NEW_ELMA,0.0007260518864701249,EOL_FLOW_EOL_DE_ELMA_INC,0.0,,1.0,1.0,1.0,2.0,2.0,2.0,sensitivity_716,sensitivity_473,circular_metal.material_substitution_elasticity,1.0,2.0,1.0,2.0,parameter_bisection,parameter_only,10,true
sensitivity_718,policy,virgin_metal_tax_tax_0_02,virgin_metal_tax,0.02,LOCALLY_INFEASIBLE,INFEASIBLE_POINT,false,45.91821538,0.0010815813358334703,1,0.0,0,material_composite_production_REU,eqpzs,IND_REU_NEW_ELMA,0.0010815813358334703,EOL_FLOW_EOL_DE_ELMA_INC,0.0,,0.5,2.0,1.0,2.0,2.0,2.0,sensitivity_718,sensitivity_691,circular_routes.eol_allocation_elasticity,1.0,2.0,1.0,2.0,direct_target,parameter_only,1,false
sensitivity_718,policy,virgin_metal_tax_tax_0_02,virgin_metal_tax,0.02,LOCALLY_INFEASIBLE,INFEASIBLE_POINT,false,18.087478904,0.0010705653776744706,1,0.0,0,material_composite_production_REU,eqpzs,IND_REU_NEW_ELMA,0.0010705653776744706,EOL_FLOW_EOL_DE_ELMA_INC,0.0,,0.5,2.0,1.0,2.0,2.0,2.0,sensitivity_718,sensitivity_691,circular_routes.eol_allocation_elasticity,1.0,2.0,0.5,1.5,parameter_bisection,parameter_only,2,false
sensitivity_718,policy,virgin_metal_tax_tax_0_02,virgin_metal_tax,0.02,LOCALLY_INFEASIBLE,INFEASIBLE_POINT,false,14.320213976,0.0010559346511522794,1,0.0,0,material_composite_production_REU,eqpzs,IND_REU_NEW_ELMA,0.0010559346511522794,EOL_FLOW_EOL_DE_ELMA_INC,0.0,,0.5,2.0,1.0,2.0,2.0,2.0,sensitivity_718,sensitivity_691,circular_routes.eol_allocation_elasticity,1.0,2.0,0.25,1.25,parameter_bisection,parameter_only,3,false
sensitivity_718,policy,virgin_metal_tax_tax_0_02,virgin_metal_tax,0.02,LOCALLY_INFEASIBLE,INFEASIBLE_POINT,true,6.598072186,0.0009438358263892388,0,0.0,0,material_composite_production_REU,eqpzs,IND_REU_NEW_ELMA,0.0009438358263892388,EOL_FLOW_EOL_DE_ELMA_INC,0.0,,0.5,2.0,1.0,2.0,2.0,2.0,sensitivity_718,sensitivity_691,circular_routes.eol_allocation_elasticity,1.0,2.0,0.125,1.125,parameter_bisection,parameter_only,4,true
sensitivity_718,policy,virgin_metal_tax_tax_0_02,virgin_metal_tax,0.02,LOCALLY_INFEASIBLE,INFEASIBLE_POINT,false,9.617880812,0.001035261942425203,1,0.0,0,material_composite_production_REU,eqpzs,IND_REU_NEW_ELMA,0.001035261942425203,EOL_FLOW_EOL_DE_ELMA_INC,0.0,,0.5,2.0,1.0,2.0,2.0,2.0,sensitivity_718,sensitivity_691,circular_routes.eol_allocation_elasticity,1.0,2.0,0.375,1.375,parameter_bisection,parameter_only,5,false
sensitivity_718,policy,virgin_metal_tax_tax_0_02,virgin_metal_tax,0.02,LOCALLY_INFEASIBLE,INFEASIBLE_POINT,false,16.019037911,0.026788008443529687,1,0.0,0,observed_physical_flow_links,quantity_link,physical_SK_OFMA_REP_route_input_mass,0.026788008443529687,EOL_FLOW_EOL_DE_ELMA_INC,0.0,,0.5,2.0,1.0,2.0,2.0,2.0,sensitivity_718,sensitivity_691,circular_routes.eol_allocation_elasticity,1.0,2.0,0.25,1.25,parameter_bisection,parameter_only,6,false
sensitivity_718,policy,virgin_metal_tax_tax_0_02,virgin_metal_tax,0.02,LOCALLY_INFEASIBLE,INFEASIBLE_POINT,false,39.455458616,0.0010793801870599973,1,0.0,0,material_composite_production_REU,eqpzs,IND_REU_NEW_ELMA,0.0010793801870599973,EOL_FLOW_EOL_DE_ELMA_INC,0.0,,0.5,2.0,1.0,2.0,2.0,2.0,sensitivity_718,sensitivity_691,circular_routes.eol_allocation_elasticity,1.0,2.0,0.1875,1.1875,parameter_bisection,parameter_only,7,false
sensitivity_718,policy,virgin_metal_tax_tax_0_02,virgin_metal_tax,0.02,LOCALLY_INFEASIBLE,INFEASIBLE_POINT,false,23.408889906,0.0010430580407813084,1,0.0,0,material_composite_production_REU,eqpzs,IND_REU_NEW_ELMA,0.0010430580407813084,EOL_FLOW_EOL_DE_ELMA_INC,0.0,,0.5,2.0,1.0,2.0,2.0,2.0,sensitivity_718,sensitivity_691,circular_routes.eol_allocation_elasticity,1.0,2.0,0.15625,1.15625,parameter_bisection,parameter_only,8,false
sensitivity_718,policy,virgin_metal_tax_tax_0_02,virgin_metal_tax,0.02,LOCALLY_INFEASIBLE,INFEASIBLE_POINT,false,10.872772596,0.001007848899007957,1,0.0,0,material_composite_production_REU,eqpzs,IND_REU_NEW_ELMA,0.001007848899007957,EOL_FLOW_EOL_DE_ELMA_INC,0.0,,0.5,2.0,1.0,2.0,2.0,2.0,sensitivity_718,sensitivity_691,circular_routes.eol_allocation_elasticity,1.0,2.0,0.140625,1.140625,parameter_bisection,parameter_only,9,false
sensitivity_718,policy,virgin_metal_tax_tax_0_02,virgin_metal_tax,0.02,LOCALLY_INFEASIBLE,INFEASIBLE_POINT,false,15.506889681,0.0010608880008516897,1,0.0,0,material_composite_production_REU,eqpzs,IND_REU_NEW_ELMA,0.0010608880008516897,EOL_FLOW_EOL_DE_ELMA_INC,0.0,,0.5,2.0,1.0,2.0,2.0,2.0,sensitivity_718,sensitivity_691,circular_routes.eol_allocation_elasticity,1.0,2.0,0.1328125,1.1328125,parameter_bisection,parameter_only,10,false
sensitivity_718,policy,virgin_metal_tax_tax_0_02,virgin_metal_tax,0.02,LOCALLY_INFEASIBLE,INFEASIBLE_POINT,true,6.67833844,0.0009712850432664899,0,0.0,0,material_composite_production_REU,eqpzs,IND_REU_NEW_ELMA,0.0009712850432664899,EOL_FLOW_EOL_DE_ELMA_INC,0.0,,0.5,2.0,1.0,2.0,2.0,2.0,sensitivity_718,sensitivity_691,circular_routes.eol_allocation_elasticity,1.0,2.0,0.12890625,1.12890625,parameter_bisection,parameter_only,11,true
sensitivity_718,policy,virgin_metal_tax_tax_0_02,virgin_metal_tax,0.02,LOCALLY_INFEASIBLE,INFEASIBLE_POINT,false,11.173261297,0.0010572601504500456,1,0.0,0,material_composite_production_REU,eqpzs,IND_REU_NEW_ELMA,0.0010572601504500456,EOL_FLOW_EOL_DE_ELMA_INC,0.0,,0.5,2.0,1.0,2.0,2.0,2.0,sensitivity_718,sensitivity_691,circular_routes.eol_allocation_elasticity,1.0,2.0,0.13671875,1.13671875,parameter_bisection,parameter_only,12,false
sensitivity_718,policy,virgin_metal_tax_tax_0_02,virgin_metal_tax,0.02,LOCALLY_INFEASIBLE,INFEASIBLE_POINT,true,3.082084985,0.0009693860227752982,0,0.0,0,material_composite_production_REU,eqpzs,IND_REU_NEW_ELMA,0.0009693860227752982,EOL_FLOW_EOL_DE_ELMA_INC,0.0,,0.5,2.0,1.0,2.0,2.0,2.0,sensitivity_718,sensitivity_691,circular_routes.eol_allocation_elasticity,1.0,2.0,0.1328125,1.1328125,parameter_bisection,parameter_only,13,true
sensitivity_718,policy,virgin_metal_tax_tax_0_02,virgin_metal_tax,0.02,LOCALLY_INFEASIBLE,INFEASIBLE_POINT,false,7.117520054,0.0010159003350797002,1,0.0,0,material_composite_production_REU,eqpzs,IND_REU_NEW_ELMA,0.0010159003350797002,EOL_FLOW_EOL_DE_ELMA_INC,0.0,,0.5,2.0,1.0,2.0,2.0,2.0,sensitivity_718,sensitivity_691,circular_routes.eol_allocation_elasticity,1.0,2.0,0.140625,1.140625,parameter_bisection,parameter_only,14,false
sensitivity_718,policy,virgin_metal_tax_tax_0_02,virgin_metal_tax,0.02,LOCALLY_INFEASIBLE,INFEASIBLE_POINT,true,17.339757548,0.0009095629619237933,0,0.0,0,material_composite_production_REU,eqpzs,IND_REU_NEW_ELMA,0.0009095629619237933,EOL_FLOW_EOL_DE_ELMA_INC,0.0,,0.5,2.0,1.0,2.0,2.0,2.0,sensitivity_718,sensitivity_691,circular_routes.eol_allocation_elasticity,1.0,2.0,0.13671875,1.13671875,parameter_bisection,parameter_only,15,true
sensitivity_718,policy,virgin_metal_tax_tax_0_02,virgin_metal_tax,0.02,LOCALLY_INFEASIBLE,INFEASIBLE_POINT,true,2.588989224,0.0008878423810937397,0,0.0,0,material_composite_production_REU,eqpzs,IND_REU_NEW_ELMA,0.0008878423810937397,EOL_FLOW_EOL_DE_ELMA_INC,0.0,,0.5,2.0,1.0,2.0,2.0,2.0,sensitivity_718,sensitivity_691,circular_routes.eol_allocation_elasticity,1.0,2.0,0.14453125,1.14453125,parameter_bisection,parameter_only,16,true
sensitivity_718,policy,virgin_metal_tax_tax_0_02,virgin_metal_tax,0.02,LOCALLY_INFEASIBLE,INFEASIBLE_POINT,false,29.79597961,0.0018470089213009633,1,0.0,0,observed_physical_flow_links,quantity_link,physical_SK_OFMA_REP_route_input_mass,0.0018470089213009633,EOL_FLOW_EOL_DE_ELMA_INC,0.0,,0.5,2.0,1.0,2.0,2.0,2.0,sensitivity_718,sensitivity_691,circular_routes.eol_allocation_elasticity,1.0,2.0,0.16015625,1.16015625,parameter_bisection,parameter_only,17,false
sensitivity_718,policy,virgin_metal_tax_tax_0_02,virgin_metal_tax,0.02,LOCALLY_INFEASIBLE,INFEASIBLE_POINT,false,39.622228449,0.0010350909064009706,1,0.0,0,material_composite_production_REU,eqpzs,IND_REU_NEW_ELMA,0.0010350909064009706,EOL_FLOW_EOL_DE_ELMA_INC,0.0,,0.5,2.0,1.0,2.0,2.0,2.0,sensitivity_718,sensitivity_691,circular_routes.eol_allocation_elasticity,1.0,2.0,0.15234375,1.15234375,parameter_bisection,parameter_only,18,false
sensitivity_718,policy,virgin_metal_tax_tax_0_02,virgin_metal_tax,0.02,LOCALLY_INFEASIBLE,INFEASIBLE_POINT,true,2.371420493,0.0009163063112562764,0,0.0,0,material_composite_production_REU,eqpzs,IND_REU_NEW_ELMA,0.0009163063112562764,EOL_FLOW_EOL_DE_ELMA_INC,0.0,,0.5,2.0,1.0,2.0,2.0,2.0,sensitivity_718,sensitivity_691,circular_routes.eol_allocation_elasticity,1.0,2.0,0.1484375,1.1484375,parameter_bisection,parameter_only,19,true
sensitivity_718,policy,virgin_metal_tax_tax_0_02,virgin_metal_tax,0.02,LOCALLY_INFEASIBLE,INFEASIBLE_POINT,false,12.228375804,0.001024536957006994,1,0.0,0,material_composite_production_REU,eqpzs,IND_REU_NEW_ELMA,0.001024536957006994,EOL_FLOW_EOL_DE_ELMA_INC,0.0,,0.5,2.0,1.0,2.0,2.0,2.0,sensitivity_718,sensitivity_691,circular_routes.eol_allocation_elasticity,1.0,2.0,0.15625,1.15625,parameter_bisection,parameter_only,20,false
sensitivity_718,policy,virgin_metal_tax_tax_0_02,virgin_metal_tax,0.02,LOCALLY_INFEASIBLE,INFEASIBLE_POINT,true,5.219158944,0.0009330201187628395,0,0.0,0,material_composite_production_REU,eqpzs,IND_REU_NEW_ELMA,0.0009330201187628395,EOL_FLOW_EOL_DE_ELMA_INC,0.0,,0.5,2.0,1.0,2.0,2.0,2.0,sensitivity_718,sensitivity_691,circular_routes.eol_allocation_elasticity,1.0,2.0,0.15234375,1.15234375,parameter_bisection,parameter_only,21,true
sensitivity_718,policy,virgin_metal_tax_tax_0_02,virgin_metal_tax,0.02,LOCALLY_INFEASIBLE,INFEASIBLE_POINT,false,20.409678003,0.0010821301952528284,1,0.0,0,material_composite_production_REU,eqpzs,IND_REU_NEW_ELMA,0.0010821301952528284,EOL_FLOW_EOL_DE_ELMA_INC,0.0,,0.5,2.0,1.0,2.0,2.0,2.0,sensitivity_718,sensitivity_691,circular_routes.eol_allocation_elasticity,1.0,2.0,0.16015625,1.16015625,parameter_bisection,parameter_only,22,false
sensitivity_718,policy,virgin_metal_tax_tax_0_02,virgin_metal_tax,0.02,LOCALLY_INFEASIBLE,INFEASIBLE_POINT,true,3.233874487,0.0009413324415648017,0,0.0,0,material_composite_production_REU,eqpzs,IND_REU_NEW_ELMA,0.0009413324415648017,EOL_FLOW_EOL_DE_ELMA_INC,0.0,,0.5,2.0,1.0,2.0,2.0,2.0,sensitivity_718,sensitivity_691,circular_routes.eol_allocation_elasticity,1.0,2.0,0.15625,1.15625,parameter_bisection,parameter_only,23,true
sensitivity_718,policy,virgin_metal_tax_tax_0_02,virgin_metal_tax,0.02,LOCALLY_INFEASIBLE,INFEASIBLE_POINT,false,16.999523795,0.0010843277518695071,1,0.0,0,material_composite_production_REU,eqpzs,IND_REU_NEW_ELMA,0.0010843277518695071,EOL_FLOW_EOL_DE_ELMA_INC,0.0,,0.5,2.0,1.0,2.0,2.0,2.0,sensitivity_718,sensitivity_691,circular_routes.eol_allocation_elasticity,1.0,2.0,0.1640625,1.1640625,parameter_bisection,parameter_only,24,false
sensitivity_718,policy,virgin_metal_tax_tax_0_02,virgin_metal_tax,0.02,LOCALLY_INFEASIBLE,INFEASIBLE_POINT,false,17.699529347,0.001061933985899377,1,0.0,0,material_composite_production_REU,eqpzs,IND_REU_NEW_ELMA,0.001061933985899377,EOL_FLOW_EOL_DE_ELMA_INC,0.0,,0.5,2.0,1.0,2.0,2.0,2.0,sensitivity_718,sensitivity_691,circular_routes.eol_allocation_elasticity,1.0,2.0,0.16015625,1.16015625,parameter_bisection,parameter_only,25,false
sensitivity_718,policy,virgin_metal_tax_tax_0_02,virgin_metal_tax,0.02,LOCALLY_INFEASIBLE,INFEASIBLE_POINT,true,2.132461139,0.000936588605126687,0,0.0,0,material_composite_production_REU,eqpzs,IND_REU_NEW_ELMA,0.000936588605126687,EOL_FLOW_EOL_DE_ELMA_INC,0.0,,0.5,2.0,1.0,2.0,2.0,2.0,sensitivity_718,sensitivity_691,circular_routes.eol_allocation_elasticity,1.0,2.0,0.158203125,1.158203125,parameter_bisection,parameter_only,26,true
sensitivity_718,policy,virgin_metal_tax_tax_0_02,virgin_metal_tax,0.02,LOCALLY_INFEASIBLE,INFEASIBLE_POINT,false,11.363535081,0.001082405587698676,1,0.0,0,material_composite_production_REU,eqpzs,IND_REU_NEW_ELMA,0.001082405587698676,EOL_FLOW_EOL_DE_ELMA_INC,0.0,,0.5,2.0,1.0,2.0,2.0,2.0,sensitivity_718,sensitivity_691,circular_routes.eol_allocation_elasticity,1.0,2.0,0.162109375,1.162109375,parameter_bisection,parameter_only,27,false
sensitivity_718,policy,virgin_metal_tax_tax_0_02,virgin_metal_tax,0.02,LOCALLY_INFEASIBLE,INFEASIBLE_POINT,false,15.666738093,0.001045325648026063,1,0.0,0,material_composite_production_REU,eqpzs,IND_REU_NEW_ELMA,0.001045325648026063,EOL_FLOW_EOL_DE_ELMA_INC,0.0,,0.5,2.0,1.0,2.0,2.0,2.0,sensitivity_718,sensitivity_691,circular_routes.eol_allocation_elasticity,1.0,2.0,0.16015625,1.16015625,parameter_bisection,parameter_only,28,false
sensitivity_718,policy,virgin_metal_tax_tax_0_02,virgin_metal_tax,0.02,LOCALLY_INFEASIBLE,INFEASIBLE_POINT,true,2.997924922,0.0009594909161249054,0,0.0,0,material_composite_production_REU,eqpzs,IND_REU_NEW_ELMA,0.0009594909161249054,EOL_FLOW_EOL_DE_ELMA_INC,0.0,,0.5,2.0,1.0,2.0,2.0,2.0,sensitivity_718,sensitivity_691,circular_routes.eol_allocation_elasticity,1.0,2.0,0.1591796875,1.1591796875,parameter_bisection,parameter_only,29,true
sensitivity_718,policy,virgin_metal_tax_tax_0_02,virgin_metal_tax,0.02,LOCALLY_INFEASIBLE,INFEASIBLE_POINT,true,2.09117983,0.0009596870530816926,0,4.4396735015286965e-10,0,material_composite_production_REU,eqpzs,IND_REU_NEW_ELMA,0.0009596870530816926,X_IND_SK_REP_OFMA_IND_SK_REP_OFMA,4.4396735015286965e-10,,0.5,2.0,1.0,2.0,2.0,2.0,sensitivity_718,sensitivity_691,circular_routes.eol_allocation_elasticity,1.0,2.0,0.1611328125,1.1611328125,parameter_bisection,parameter_only,30,true
sensitivity_718,policy,virgin_metal_tax_tax_0_02,virgin_metal_tax,0.02,LOCALLY_INFEASIBLE,INFEASIBLE_POINT,false,19.517014234,0.001077874290039471,1,0.0,0,material_composite_production_REU,eqpzs,IND_REU_NEW_ELMA,0.001077874290039471,EOL_FLOW_EOL_DE_ELMA_INC,0.0,,0.5,2.0,1.0,2.0,2.0,2.0,sensitivity_718,sensitivity_691,circular_routes.eol_allocation_elasticity,1.0,2.0,0.1650390625,1.1650390625,parameter_bisection,parameter_only,31,false
sensitivity_718,policy,virgin_metal_tax_tax_0_02,virgin_metal_tax,0.02,LOCALLY_INFEASIBLE,INFEASIBLE_POINT,false,27.044692517,0.0010788749949416365,1,0.0,0,material_composite_production_REU,eqpzs,IND_REU_NEW_ELMA,0.0010788749949416365,EOL_FLOW_EOL_DE_ELMA_INC,0.0,,0.5,2.0,1.0,2.0,2.0,2.0,sensitivity_718,sensitivity_691,circular_routes.eol_allocation_elasticity,1.0,2.0,0.1630859375,1.1630859375,parameter_bisection,parameter_only,32,false
sensitivity_718,policy,virgin_metal_tax_tax_0_02,virgin_metal_tax,0.02,LOCALLY_INFEASIBLE,INFEASIBLE_POINT,false,5.268465822,0.0010173094436031205,1,0.0,0,material_composite_production_REU,eqpzs,IND_REU_NEW_ELMA,0.0010173094436031205,EOL_FLOW_EOL_DE_ELMA_INC,0.0,,0.5,2.0,1.0,2.0,2.0,2.0,sensitivity_718,sensitivity_691,circular_routes.eol_allocation_elasticity,1.0,2.0,0.162109375,1.162109375,parameter_bisection,parameter_only,33,false
sensitivity_719,policy,virgin_metal_tax_tax_0_02,virgin_metal_tax,0.02,LOCALLY_INFEASIBLE,INFEASIBLE_POINT,false,30.966512989,0.13593597144966862,1,0.0,0,observed_physical_flow_links,quantity_link,physical_SK_OFMA_REP_route_input_mass,0.13593597144966862,EOL_FLOW_EOL_DE_ELMA_INC,0.0,,1.0,2.0,1.0,2.0,2.0,2.0,sensitivity_719,sensitivity_476,circular_metal.material_substitution_elasticity,1.0,2.0,1.0,2.0,direct_target,parameter_only,1,false
sensitivity_719,policy,virgin_metal_tax_tax_0_02,virgin_metal_tax,0.02,LOCALLY_INFEASIBLE,INFEASIBLE_POINT,false,44.777274381,0.0010796621905586612,1,0.0,0,material_composite_production_REU,eqpzs,IND_REU_NEW_ELMA,0.0010796621905586612,EOL_FLOW_EOL_DE_ELMA_INC,0.0,,1.0,2.0,1.0,2.0,2.0,2.0,sensitivity_719,sensitivity_476,circular_metal.material_substitution_elasticity,1.0,2.0,0.5,1.5,parameter_bisection,parameter_only,2,false
sensitivity_719,policy,virgin_metal_tax_tax_0_02,virgin_metal_tax,0.02,LOCALLY_INFEASIBLE,INFEASIBLE_POINT,true,26.840431503,0.0008350471608851162,0,0.0,0,material_composite_production_SK,eqpzs,IND_SK_NEW_ELMA,0.0008350471608851162,EOL_FLOW_EOL_DE_ELMA_INC,0.0,,1.0,2.0,1.0,2.0,2.0,2.0,sensitivity_719,sensitivity_476,circular_metal.material_substitution_elasticity,1.0,2.0,0.25,1.25,parameter_bisection,parameter_only,3,true
sensitivity_719,policy,virgin_metal_tax_tax_0_02,virgin_metal_tax,0.02,LOCALLY_INFEASIBLE,INFEASIBLE_POINT,true,13.128033728,0.0008200173335558558,0,3.925983305818317e-9,0,material_composite_production_SK,eqpzs,IND_SK_NEW_ELMA,0.0008200173335558558,F_FAC_SK_CAP_IND_SK_REF_OFMA,3.925983305818317e-9,,1.0,2.0,1.0,2.0,2.0,2.0,sensitivity_719,sensitivity_476,circular_metal.material_substitution_elasticity,1.0,2.0,0.75,1.75,parameter_bisection,parameter_only,4,true
sensitivity_719,policy,virgin_metal_tax_tax_0_02,virgin_metal_tax,0.02,LOCALLY_INFEASIBLE,INFEASIBLE_POINT,false,19.223085437,0.030560650999193584,1,0.0,0,observed_physical_flow_links,quantity_link,physical_SK_OFMA_REP_route_input_mass,0.030560650999193584,EOL_FLOW_EOL_DE_ELMA_INC,0.0,,1.0,2.0,1.0,2.0,2.0,2.0,sensitivity_719,sensitivity_476,circular_metal.material_substitution_elasticity,1.0,2.0,1.0,2.0,parameter_bisection,parameter_only,5,false
sensitivity_719,policy,virgin_metal_tax_tax_0_02,virgin_metal_tax,0.02,LOCALLY_INFEASIBLE,INFEASIBLE_POINT,false,28.139193658,0.0010665718141241731,1,0.0,0,material_composite_production_REU,eqpzs,IND_REU_NEW_ELMA,0.0010665718141241731,EOL_FLOW_EOL_DE_ELMA_INC,0.0,,1.0,2.0,1.0,2.0,2.0,2.0,sensitivity_719,sensitivity_476,circular_metal.material_substitution_elasticity,1.0,2.0,0.875,1.875,parameter_bisection,parameter_only,6,false
sensitivity_719,policy,virgin_metal_tax_tax_0_02,virgin_metal_tax,0.02,LOCALLY_INFEASIBLE,INFEASIBLE_POINT,false,20.6037101,0.0010574805496994522,1,0.0,0,material_composite_production_REU,eqpzs,IND_REU_NEW_ELMA,0.0010574805496994522,EOL_FLOW_EOL_DE_ELMA_INC,0.0,,1.0,2.0,1.0,2.0,2.0,2.0,sensitivity_719,sensitivity_476,circular_metal.material_substitution_elasticity,1.0,2.0,0.8125,1.8125,parameter_bisection,parameter_only,7,false
sensitivity_719,policy,virgin_metal_tax_tax_0_02,virgin_metal_tax,0.02,LOCALLY_INFEASIBLE,INFEASIBLE_POINT,false,23.102356156,0.0010740572343262977,1,0.0,0,material_composite_production_REU,eqpzs,IND_REU_NEW_ELMA,0.0010740572343262977,EOL_FLOW_EOL_DE_ELMA_INC,0.0,,1.0,2.0,1.0,2.0,2.0,2.0,sensitivity_719,sensitivity_476,circular_metal.material_substitution_elasticity,1.0,2.0,0.78125,1.78125,parameter_bisection,parameter_only,8,false
sensitivity_719,policy,virgin_metal_tax_tax_0_02,virgin_metal_tax,0.02,LOCALLY_INFEASIBLE,INFEASIBLE_POINT,false,11.884868129,0.0010578654968971257,1,0.0,0,material_composite_production_REU,eqpzs,IND_REU_NEW_ELMA,0.0010578654968971257,EOL_FLOW_EOL_DE_ELMA_INC,0.0,,1.0,2.0,1.0,2.0,2.0,2.0,sensitivity_719,sensitivity_476,circular_metal.material_substitution_elasticity,1.0,2.0,0.765625,1.765625,parameter_bisection,parameter_only,9,false
sensitivity_719,policy,virgin_metal_tax_tax_0_02,virgin_metal_tax,0.02,LOCALLY_INFEASIBLE,INFEASIBLE_POINT,false,25.502827303,0.0010618076834285617,1,0.0,0,material_composite_production_REU,eqpzs,IND_REU_NEW_ELMA,0.0010618076834285617,EOL_FLOW_EOL_DE_ELMA_INC,0.0,,1.0,2.0,1.0,2.0,2.0,2.0,sensitivity_719,sensitivity_476,circular_metal.material_substitution_elasticity,1.0,2.0,0.7578125,1.7578125,parameter_bisection,parameter_only,10,false
sensitivity_719,policy,virgin_metal_tax_tax_0_02,virgin_metal_tax,0.02,LOCALLY_INFEASIBLE,INFEASIBLE_POINT,false,23.749875609,0.0010625341223533535,1,0.0,0,material_composite_production_REU,eqpzs,IND_REU_NEW_ELMA,0.0010625341223533535,EOL_FLOW_EOL_DE_ELMA_INC,0.0,,1.0,2.0,1.0,2.0,2.0,2.0,sensitivity_719,sensitivity_476,circular_metal.material_substitution_elasticity,1.0,2.0,0.75390625,1.75390625,parameter_bisection,parameter_only,11,false
sensitivity_719,policy,virgin_metal_tax_tax_0_02,virgin_metal_tax,0.02,LOCALLY_INFEASIBLE,INFEASIBLE_POINT,false,10.99621732,0.0010434462146301504,1,0.0,0,material_composite_production_REU,eqpzs,IND_REU_NEW_ELMA,0.0010434462146301504,EOL_FLOW_EOL_DE_ELMA_INC,0.0,,1.0,2.0,1.0,2.0,2.0,2.0,sensitivity_719,sensitivity_476,circular_metal.material_substitution_elasticity,1.0,2.0,0.751953125,1.751953125,parameter_bisection,parameter_only,12,false
sensitivity_719,policy,virgin_metal_tax_tax_0_02,virgin_metal_tax,0.02,LOCALLY_INFEASIBLE,INFEASIBLE_POINT,false,25.137836978,0.0010731536503700845,1,0.0,0,material_composite_production_REU,eqpzs,IND_REU_NEW_ELMA,0.0010731536503700845,EOL_FLOW_EOL_DE_ELMA_INC,0.0,,1.0,2.0,1.0,2.0,2.0,2.0,sensitivity_719,sensitivity_476,circular_metal.material_substitution_elasticity,1.0,2.0,0.7509765625,1.7509765625,parameter_bisection,parameter_only,13,false
sensitivity_727,policy,virgin_metal_tax_tax_0_02,virgin_metal_tax,0.02,LOCALLY_INFEASIBLE,INFEASIBLE_POINT,false,17.710947538,0.0010656987723115519,1,0.0,0,material_composite_production_REU,eqpzs,IND_REU_NEW_ELMA,0.0010656987723115519,EOL_FLOW_EOL_DE_ELMA_INC,0.0,,0.5,2.0,2.0,2.0,2.0,2.0,sensitivity_727,sensitivity_484,circular_metal.material_substitution_elasticity,1.0,2.0,1.0,2.0,direct_target,parameter_only,1,false
sensitivity_727,policy,virgin_metal_tax_tax_0_02,virgin_metal_tax,0.02,LOCALLY_INFEASIBLE,INFEASIBLE_POINT,true,8.489570176,0.0007283223179229692,0,0.0,0,material_composite_production_SK,eqpzs,IND_SK_NEW_ELMA,0.0007283223179229692,EOL_FLOW_EOL_DE_ELMA_INC,0.0,,0.5,2.0,2.0,2.0,2.0,2.0,sensitivity_727,sensitivity_484,circular_metal.material_substitution_elasticity,1.0,2.0,0.5,1.5,parameter_bisection,parameter_only,2,true
sensitivity_727,policy,virgin_metal_tax_tax_0_02,virgin_metal_tax,0.02,LOCALLY_INFEASIBLE,INFEASIBLE_POINT,false,12.986106609,0.0010373974198040203,1,0.0,0,material_composite_production_REU,eqpzs,IND_REU_NEW_ELMA,0.0010373974198040203,EOL_FLOW_EOL_DE_ELMA_INC,0.0,,0.5,2.0,2.0,2.0,2.0,2.0,sensitivity_727,sensitivity_484,circular_metal.material_substitution_elasticity,1.0,2.0,1.0,2.0,parameter_bisection,parameter_only,3,false
sensitivity_727,policy,virgin_metal_tax_tax_0_02,virgin_metal_tax,0.02,LOCALLY_INFEASIBLE,INFEASIBLE_POINT,false,9.628133205,0.004594379173059539,8,9.989787836373084e-9,0,material_composite_production_IT,material_composite_demand,IND_IT_NEW_ELMA|IND_IT_REC_EE,0.004594379173059539,F_FAC_SK_CAP_IND_SK_REF_OFMA,9.989787836373084e-9,,0.5,2.0,2.0,2.0,2.0,2.0,sensitivity_727,sensitivity_484,circular_metal.material_substitution_elasticity,1.0,2.0,0.75,1.75,parameter_bisection,parameter_only,4,false
sensitivity_727,policy,virgin_metal_tax_tax_0_02,virgin_metal_tax,0.02,LOCALLY_INFEASIBLE,INFEASIBLE_POINT,false,11.589725986,0.00106821683455538,1,0.0,0,material_composite_production_REU,eqpzs,IND_REU_NEW_ELMA,0.00106821683455538,EOL_FLOW_EOL_DE_ELMA_INC,0.0,,0.5,2.0,2.0,2.0,2.0,2.0,sensitivity_727,sensitivity_484,circular_metal.material_substitution_elasticity,1.0,2.0,0.625,1.625,parameter_bisection,parameter_only,5,false
sensitivity_727,policy,virgin_metal_tax_tax_0_02,virgin_metal_tax,0.02,LOCALLY_INFEASIBLE,INFEASIBLE_POINT,false,12.50853828,0.0010725544793073194,1,9.162644173638306e-9,0,material_composite_production_REU,eqpzs,IND_REU_NEW_ELMA,0.0010725544793073194,F_FAC_SK_CAP_IND_SK_REF_OFMA,9.162644173638306e-9,,0.5,2.0,2.0,2.0,2.0,2.0,sensitivity_727,sensitivity_484,circular_metal.material_substitution_elasticity,1.0,2.0,0.5625,1.5625,parameter_bisection,parameter_only,6,false
sensitivity_727,policy,virgin_metal_tax_tax_0_02,virgin_metal_tax,0.02,LOCALLY_INFEASIBLE,INFEASIBLE_POINT,true,6.537782696,0.0007888186552390865,0,0.0,0,material_composite_production_IT,material_composite_demand,IND_IT_NEW_ELMA|IND_IT_REC_EE,0.0007888186552390865,EOL_FLOW_EOL_DE_ELMA_INC,0.0,,0.5,2.0,2.0,2.0,2.0,2.0,sensitivity_727,sensitivity_484,circular_metal.material_substitution_elasticity,1.0,2.0,0.53125,1.53125,parameter_bisection,parameter_only,7,true
sensitivity_727,policy,virgin_metal_tax_tax_0_02,virgin_metal_tax,0.02,LOCALLY_INFEASIBLE,INFEASIBLE_POINT,true,4.889281515,0.000850842309495341,0,0.0,0,material_composite_production_IT,material_composite_demand,IND_IT_NEW_ELMA|IND_IT_REC_EE,0.000850842309495341,EOL_FLOW_EOL_DE_ELMA_INC,0.0,,0.5,2.0,2.0,2.0,2.0,2.0,sensitivity_727,sensitivity_484,circular_metal.material_substitution_elasticity,1.0,2.0,0.59375,1.59375,parameter_bisection,parameter_only,8,true
sensitivity_727,policy,virgin_metal_tax_tax_0_02,virgin_metal_tax,0.02,LOCALLY_INFEASIBLE,INFEASIBLE_POINT,false,19.976875895,0.0010642853621749548,1,0.0,0,material_composite_production_REU,eqpzs,IND_REU_NEW_ELMA,0.0010642853621749548,EOL_FLOW_EOL_DE_ELMA_INC,0.0,,0.5,2.0,2.0,2.0,2.0,2.0,sensitivity_727,sensitivity_484,circular_metal.material_substitution_elasticity,1.0,2.0,0.71875,1.71875,parameter_bisection,parameter_only,9,false
sensitivity_727,policy,virgin_metal_tax_tax_0_02,virgin_metal_tax,0.02,LOCALLY_INFEASIBLE,INFEASIBLE_POINT,true,6.610880014,0.0008040298350061592,0,0.0,0,material_composite_production_SK,eqpzs,IND_SK_NEW_ELMA,0.0008040298350061592,EOL_FLOW_EOL_DE_ELMA_INC,0.0,,0.5,2.0,2.0,2.0,2.0,2.0,sensitivity_727,sensitivity_484,circular_metal.material_substitution_elasticity,1.0,2.0,0.65625,1.65625,parameter_bisection,parameter_only,10,true
sensitivity_727,policy,virgin_metal_tax_tax_0_02,virgin_metal_tax,0.02,LOCALLY_INFEASIBLE,INFEASIBLE_POINT,false,12.446884419,0.005924009711837819,1,0.0,0,observed_physical_flow_links,quantity_link,physical_SK_OFMA_REP_route_input_mass,0.005924009711837819,EOL_FLOW_EOL_DE_ELMA_INC,0.0,,0.5,2.0,2.0,2.0,2.0,2.0,sensitivity_727,sensitivity_484,circular_metal.material_substitution_elasticity,1.0,2.0,0.78125,1.78125,parameter_bisection,parameter_only,11,false
sensitivity_727,policy,virgin_metal_tax_tax_0_02,virgin_metal_tax,0.02,LOCALLY_INFEASIBLE,INFEASIBLE_POINT,false,15.673629529,0.00107490526166365,1,0.0,0,material_composite_production_REU,eqpzs,IND_REU_NEW_ELMA,0.00107490526166365,EOL_FLOW_EOL_DE_ELMA_INC,0.0,,0.5,2.0,2.0,2.0,2.0,2.0,sensitivity_727,sensitivity_484,circular_metal.material_substitution_elasticity,1.0,2.0,0.71875,1.71875,parameter_bisection,parameter_only,12,false
sensitivity_727,policy,virgin_metal_tax_tax_0_02,virgin_metal_tax,0.02,LOCALLY_INFEASIBLE,INFEASIBLE_POINT,false,18.654589681,0.001078048599697068,1,0.0,0,material_composite_production_REU,eqpzs,IND_REU_NEW_ELMA,0.001078048599697068,EOL_FLOW_EOL_DE_ELMA_INC,0.0,,0.5,2.0,2.0,2.0,2.0,2.0,sensitivity_727,sensitivity_484,circular_metal.material_substitution_elasticity,1.0,2.0,0.6875,1.6875,parameter_bisection,parameter_only,13,false
sensitivity_727,policy,virgin_metal_tax_tax_0_02,virgin_metal_tax,0.02,LOCALLY_INFEASIBLE,INFEASIBLE_POINT,false,13.854171635,0.0010742238451429964,1,0.0,0,material_composite_production_REU,eqpzs,IND_REU_NEW_ELMA,0.0010742238451429964,EOL_FLOW_EOL_DE_ELMA_INC,0.0,,0.5,2.0,2.0,2.0,2.0,2.0,sensitivity_727,sensitivity_484,circular_metal.material_substitution_elasticity,1.0,2.0,0.671875,1.671875,parameter_bisection,parameter_only,14,false
sensitivity_727,policy,virgin_metal_tax_tax_0_02,virgin_metal_tax,0.02,LOCALLY_INFEASIBLE,INFEASIBLE_POINT,false,13.443394784,0.00105599047287519,1,0.0,0,material_composite_production_REU,eqpzs,IND_REU_NEW_ELMA,0.00105599047287519,EOL_FLOW_EOL_DE_ELMA_INC,0.0,,0.5,2.0,2.0,2.0,2.0,2.0,sensitivity_727,sensitivity_484,circular_metal.material_substitution_elasticity,1.0,2.0,0.6640625,1.6640625,parameter_bisection,parameter_only,15,false
sensitivity_727,policy,virgin_metal_tax_tax_0_02,virgin_metal_tax,0.02,LOCALLY_INFEASIBLE,INFEASIBLE_POINT,false,31.133982279,0.0010760815902084442,1,0.0,0,material_composite_production_REU,eqpzs,IND_REU_NEW_ELMA,0.0010760815902084442,EOL_FLOW_EOL_DE_ELMA_INC,0.0,,0.5,2.0,2.0,2.0,2.0,2.0,sensitivity_727,sensitivity_484,circular_metal.material_substitution_elasticity,1.0,2.0,0.66015625,1.66015625,parameter_bisection,parameter_only,16,false
sensitivity_727,policy,virgin_metal_tax_tax_0_02,virgin_metal_tax,0.02,LOCALLY_INFEASIBLE,INFEASIBLE_POINT,false,15.097947148,0.001076171119518854,1,0.0,0,material_composite_production_REU,eqpzs,IND_REU_NEW_ELMA,0.001076171119518854,EOL_FLOW_EOL_DE_ELMA_INC,0.0,,0.5,2.0,2.0,2.0,2.0,2.0,sensitivity_727,sensitivity_484,circular_metal.material_substitution_elasticity,1.0,2.0,0.658203125,1.658203125,parameter_bisection,parameter_only,17,false
sensitivity_727,policy,virgin_metal_tax_tax_0_02,virgin_metal_tax,0.02,LOCALLY_INFEASIBLE,INFEASIBLE_POINT,true,3.45056791,0.0008002009245324793,0,1.4039739926996084e-9,0,material_composite_production_SK,eqpzs,IND_SK_NEW_ELMA,0.0008002009245324793,X_IND_SK_REF_OFMA_IND_SK_NEW_OFMA,1.4039739926996084e-9,,0.5,2.0,2.0,2.0,2.0,2.0,sensitivity_727,sensitivity_484,circular_metal.material_substitution_elasticity,1.0,2.0,0.6572265625,1.6572265625,parameter_bisection,parameter_only,18,true
sensitivity_727,policy,virgin_metal_tax_tax_0_02,virgin_metal_tax,0.02,LOCALLY_INFEASIBLE,INFEASIBLE_POINT,false,22.800272429,0.0010486681954500199,1,0.0,0,material_composite_production_REU,eqpzs,IND_REU_NEW_ELMA,0.0010486681954500199,EOL_FLOW_EOL_DE_ELMA_INC,0.0,,0.5,2.0,2.0,2.0,2.0,2.0,sensitivity_727,sensitivity_484,circular_metal.material_substitution_elasticity,1.0,2.0,0.6591796875,1.6591796875,parameter_bisection,parameter_only,19,false
sensitivity_727,policy,virgin_metal_tax_tax_0_02,virgin_metal_tax,0.02,LOCALLY_INFEASIBLE,INFEASIBLE_POINT,false,14.15541762,0.0010781785946473166,1,0.0,0,material_composite_production_REU,eqpzs,IND_REU_NEW_ELMA,0.0010781785946473166,EOL_FLOW_EOL_DE_ELMA_INC,0.0,,0.5,2.0,2.0,2.0,2.0,2.0,sensitivity_727,sensitivity_484,circular_metal.material_substitution_elasticity,1.0,2.0,0.658203125,1.658203125,parameter_bisection,parameter_only,20,false
sensitivity_728,policy,virgin_metal_tax_tax_0_02,virgin_metal_tax,0.02,LOCALLY_INFEASIBLE,INFEASIBLE_POINT,false,11.678074612,0.0010666070392492122,1,0.0,0,material_composite_production_REU,eqpzs,IND_REU_NEW_ELMA,0.0010666070392492122,EOL_FLOW_EOL_DE_ELMA_INC,0.0,,1.0,2.0,2.0,2.0,2.0,2.0,sensitivity_728,sensitivity_485,circular_metal.material_substitution_elasticity,1.0,2.0,1.0,2.0,direct_target,parameter_only,1,false
sensitivity_728,policy,virgin_metal_tax_tax_0_02,virgin_metal_tax,0.02,LOCALLY_INFEASIBLE,INFEASIBLE_POINT,false,13.822420181,0.0010725551192247718,1,0.0,0,material_composite_production_REU,eqpzs,IND_REU_NEW_ELMA,0.0010725551192247718,EOL_FLOW_EOL_DE_ELMA_INC,0.0,,1.0,2.0,2.0,2.0,2.0,2.0,sensitivity_728,sensitivity_485,circular_metal.material_substitution_elasticity,1.0,2.0,0.5,1.5,parameter_bisection,parameter_only,2,false
sensitivity_728,policy,virgin_metal_tax_tax_0_02,virgin_metal_tax,0.02,LOCALLY_INFEASIBLE,INFEASIBLE_POINT,false,42.602160912,0.10549160785562484,21,0.0,0,eu_wide_eol_allocation,eu_wide_eol_allocation,OFMA|EOL_REU_OFMA_REF,0.10549160785562484,EOL_FLOW_EOL_DE_ELMA_INC,0.0,,1.0,2.0,2.0,2.0,2.0,2.0,sensitivity_728,sensitivity_485,circular_metal.material_substitution_elasticity,1.0,2.0,0.25,1.25,parameter_bisection,parameter_only,3,false
sensitivity_728,policy,virgin_metal_tax_tax_0_02,virgin_metal_tax,0.02,LOCALLY_INFEASIBLE,INFEASIBLE_POINT,false,11.710038612,0.001078478767928659,1,0.0,0,material_composite_production_REU,eqpzs,IND_REU_NEW_ELMA,0.001078478767928659,EOL_FLOW_EOL_DE_ELMA_INC,0.0,,1.0,2.0,2.0,2.0,2.0,2.0,sensitivity_728,sensitivity_485,circular_metal.material_substitution_elasticity,1.0,2.0,0.125,1.125,parameter_bisection,parameter_only,4,false
sensitivity_728,policy,virgin_metal_tax_tax_0_02,virgin_metal_tax,0.02,LOCALLY_INFEASIBLE,INFEASIBLE_POINT,false,14.561774032,0.0010747035315453735,1,0.0,0,material_composite_production_REU,eqpzs,IND_REU_NEW_ELMA,0.0010747035315453735,EOL_FLOW_EOL_DE_ELMA_INC,0.0,,1.0,2.0,2.0,2.0,2.0,2.0,sensitivity_728,sensitivity_485,circular_metal.material_substitution_elasticity,1.0,2.0,0.0625,1.0625,parameter_bisection,parameter_only,5,false
sensitivity_728,policy,virgin_metal_tax_tax_0_02,virgin_metal_tax,0.02,LOCALLY_INFEASIBLE,INFEASIBLE_POINT,true,8.374811892,0.0009705502185460846,0,0.0,0,material_composite_production_REU,eqpzs,IND_REU_NEW_ELMA,0.0009705502185460846,EOL_FLOW_EOL_DE_ELMA_INC,0.0,,1.0,2.0,2.0,2.0,2.0,2.0,sensitivity_728,sensitivity_485,circular_metal.material_substitution_elasticity,1.0,2.0,0.03125,1.03125,parameter_bisection,parameter_only,6,true
sensitivity_728,policy,virgin_metal_tax_tax_0_02,virgin_metal_tax,0.02,LOCALLY_INFEASIBLE,INFEASIBLE_POINT,true,3.751595282,0.0009585318187742553,0,0.0,0,material_composite_production_REU,eqpzs,IND_REU_NEW_ELMA,0.0009585318187742553,EOL_FLOW_EOL_DE_ELMA_INC,0.0,,1.0,2.0,2.0,2.0,2.0,2.0,sensitivity_728,sensitivity_485,circular_metal.material_substitution_elasticity,1.0,2.0,0.09375,1.09375,parameter_bisection,parameter_only,7,true
sensitivity_728,policy,virgin_metal_tax_tax_0_02,virgin_metal_tax,0.02,LOCALLY_INFEASIBLE,INFEASIBLE_POINT,true,5.531383016,0.0009199467899709823,0,0.0,0,material_composite_production_REU,eqpzs,IND_REU_NEW_ELMA,0.0009199467899709823,EOL_FLOW_EOL_DE_ELMA_INC,0.0,,1.0,2.0,2.0,2.0,2.0,2.0,sensitivity_728,sensitivity_485,circular_metal.material_substitution_elasticity,1.0,2.0,0.21875,1.21875,parameter_bisection,parameter_only,8,true
sensitivity_728,policy,virgin_metal_tax_tax_0_02,virgin_metal_tax,0.02,LOCALLY_INFEASIBLE,INFEASIBLE_POINT,true,5.980958784,0.0009517887843540906,0,0.0,0,material_composite_production_REU,eqpzs,IND_REU_NEW_ELMA,0.0009517887843540906,EOL_FLOW_EOL_DE_ELMA_INC,0.0,,1.0,2.0,2.0,2.0,2.0,2.0,sensitivity_728,sensitivity_485,circular_metal.material_substitution_elasticity,1.0,2.0,0.46875,1.46875,parameter_bisection,parameter_only,9,true
sensitivity_728,policy,virgin_metal_tax_tax_0_02,virgin_metal_tax,0.02,LOCALLY_INFEASIBLE,INFEASIBLE_POINT,true,6.240973347,0.0008960562600260902,0,0.0,0,material_composite_production_REU,eqpzs,IND_REU_NEW_ELMA,0.0008960562600260902,EOL_FLOW_EOL_DE_ELMA_INC,0.0,,1.0,2.0,2.0,2.0,2.0,2.0,sensitivity_728,sensitivity_485,circular_metal.material_substitution_elasticity,1.0,2.0,0.96875,1.96875,parameter_bisection,parameter_only,10,true
sensitivity_728,policy,virgin_metal_tax_tax_0_02,virgin_metal_tax,0.02,LOCALLY_INFEASIBLE,INFEASIBLE_POINT,false,11.27308414,0.0010753671571940293,1,0.0,0,material_composite_production_REU,eqpzs,IND_REU_NEW_ELMA,0.0010753671571940293,EOL_FLOW_EOL_DE_ELMA_INC,0.0,,1.0,2.0,2.0,2.0,2.0,2.0,sensitivity_728,sensitivity_485,circular_metal.material_substitution_elasticity,1.0,2.0,1.0,2.0,parameter_bisection,parameter_only,11,false
sensitivity_728,policy,virgin_metal_tax_tax_0_02,virgin_metal_tax,0.02,LOCALLY_INFEASIBLE,INFEASIBLE_POINT,false,16.532767801,0.0010816470873120654,1,0.0,0,material_composite_production_REU,eqpzs,IND_REU_NEW_ELMA,0.0010816470873120654,EOL_FLOW_EOL_DE_ELMA_INC,0.0,,1.0,2.0,2.0,2.0,2.0,2.0,sensitivity_728,sensitivity_485,circular_metal.material_substitution_elasticity,1.0,2.0,0.984375,1.984375,parameter_bisection,parameter_only,12,false
sensitivity_728,policy,virgin_metal_tax_tax_0_02,virgin_metal_tax,0.02,LOCALLY_INFEASIBLE,INFEASIBLE_POINT,false,9.43235117,0.0010617502711103288,1,0.0,0,material_composite_production_REU,eqpzs,IND_REU_NEW_ELMA,0.0010617502711103288,EOL_FLOW_EOL_DE_ELMA_INC,0.0,,1.0,2.0,2.0,2.0,2.0,2.0,sensitivity_728,sensitivity_485,circular_metal.material_substitution_elasticity,1.0,2.0,0.9765625,1.9765625,parameter_bisection,parameter_only,13,false
sensitivity_728,policy,virgin_metal_tax_tax_0_02,virgin_metal_tax,0.02,LOCALLY_INFEASIBLE,INFEASIBLE_POINT,false,6.511093188,0.0010510898901404664,1,0.0,0,material_composite_production_REU,eqpzs,IND_REU_NEW_ELMA,0.0010510898901404664,EOL_FLOW_EOL_DE_ELMA_INC,0.0,,1.0,2.0,2.0,2.0,2.0,2.0,sensitivity_728,sensitivity_485,circular_metal.material_substitution_elasticity,1.0,2.0,0.97265625,1.97265625,parameter_bisection,parameter_only,14,false
sensitivity_728,policy,virgin_metal_tax_tax_0_02,virgin_metal_tax,0.02,LOCALLY_INFEASIBLE,INFEASIBLE_POINT,false,13.498113947,0.001079699824590108,1,0.0,0,material_composite_production_REU,eqpzs,IND_REU_NEW_ELMA,0.001079699824590108,EOL_FLOW_EOL_DE_ELMA_INC,0.0,,1.0,2.0,2.0,2.0,2.0,2.0,sensitivity_728,sensitivity_485,circular_metal.material_substitution_elasticity,1.0,2.0,0.970703125,1.970703125,parameter_bisection,parameter_only,15,false
sensitivity_728,policy,virgin_metal_tax_tax_0_02,virgin_metal_tax,0.02,LOCALLY_INFEASIBLE,INFEASIBLE_POINT,false,17.594550402,0.0010761926912763453,1,0.0,0,material_composite_production_REU,eqpzs,IND_REU_NEW_ELMA,0.0010761926912763453,EOL_FLOW_EOL_DE_ELMA_INC,0.0,,1.0,2.0,2.0,2.0,2.0,2.0,sensitivity_728,sensitivity_485,circular_metal.material_substitution_elasticity,1.0,2.0,0.9697265625,1.9697265625,parameter_bisection,parameter_only,16,false
sensitivity_729,policy,virgin_metal_tax_tax_0_02,virgin_metal_tax,0.02,LOCALLY_INFEASIBLE,INFEASIBLE_POINT,true,6.586908946,0.0009675644310098708,0,0.0,0,material_composite_production_REU,eqpzs,IND_REU_NEW_ELMA,0.0009675644310098708,EOL_FLOW_EOL_DE_ELMA_INC,0.0,,2.0,2.0,2.0,2.0,2.0,2.0,sensitivity_729,sensitivity_486,circular_metal.material_substitution_elasticity,1.0,2.0,1.0,2.0,direct_target,parameter_only,1,true
