sensitivity_profile,stage,scenario,instrument,wedge,termination_status,primal_status,solver_valid,solver_elapsed_seconds,max_scaled_residual,scaled_residuals_above_tolerance,max_bound_violation,bound_violations_above_tolerance,worst_equation_block,worst_equation_tag,worst_equation_indices,worst_equation_scaled_residual,worst_bound_variable,worst_bound_violation,solver_message,armington_elasticity,cet_transformation_elasticity,service_elasticity,eol_allocation_elasticity,eol_productivity_elasticity,material_substitution_elasticity,target_profile,source_profile,continued_parameter,source_parameter_value,target_parameter_value,trial_fraction,trial_parameter_value,continuation_phase,continuation_path,attempt,trial_accepted
sensitivity_152,policy,virgin_metal_tax_tax_0_02,virgin_metal_tax,0.02,LOCALLY_INFEASIBLE,INFEASIBLE_POINT,false,53.319603745,0.0010555722719660654,1,0.0,0,material_composite_production_REU,eqpzs,IND_REU_NEW_ELMA,0.0010555722719660654,EOL_FLOW_EOL_DE_ELMA_INC,0.0,,1.0,2.0,1.0,2.0,1.0,0.5,sensitivity_152,sensitivity_098,circular_routes.eol_allocation_elasticity,0.5,2.0,1.0,2.0,direct_target,diagonal_tax_parameter,1,false
sensitivity_152,policy,virgin_metal_tax_tax_0_01,virgin_metal_tax,0.01,LOCALLY_INFEASIBLE,INFEASIBLE_POINT,true,11.642561639,0.0005354575451763655,0,0.0,0,material_composite_production_REU,eqpzs,IND_REU_NEW_ELMA,0.0005354575451763655,EOL_FLOW_EOL_DE_ELMA_INC,0.0,,1.0,2.0,1.0,2.0,1.0,0.5,sensitivity_152,sensitivity_098,circular_routes.eol_allocation_elasticity,0.5,2.0,0.5,1.25,parameter_bisection,diagonal_tax_parameter,2,true
sensitivity_152,policy,virgin_metal_tax_tax_0_02,virgin_metal_tax,0.02,LOCALLY_INFEASIBLE,INFEASIBLE_POINT,true,13.812088936,0.0007640966548920769,0,7.737121462941014e-9,0,material_composite_production_SK,eqpzs,IND_SK_NEW_ELMA,0.0007640966548920769,F_FAC_SK_CAP_IND_SK_NEW_OFMA,7.737121462941014e-9,,1.0,2.0,1.0,2.0,1.0,0.5,sensitivity_152,sensitivity_098,circular_routes.eol_allocation_elasticity,0.5,2.0,1.0,2.0,parameter_bisection,diagonal_tax_parameter,3,true
sensitivity_153,policy,virgin_metal_tax_tax_0_02,virgin_metal_tax,0.02,OTHER_ERROR,NEARLY_FEASIBLE_POINT,false,50.951194251,0.0005156272882347324,0,9.92108499571051e-9,0,material_composite_production_REU,eqpzs,IND_REU_NEW_ELMA,0.0005156272882347324,Y_IND_SK_NEW_OFMA,9.92108499571051e-9,,2.0,2.0,1.0,2.0,1.0,0.5,sensitivity_153,sensitivity_147,trade.cet_transformation_elasticity,0.5,2.0,1.0,2.0,direct_target,diagonal_tax_parameter,1,false
sensitivity_153,policy,virgin_metal_tax_tax_0_01,virgin_metal_tax,0.01,LOCALLY_INFEASIBLE,INFEASIBLE_POINT,true,18.309955975,0.0004740830704828003,0,0.0,0,material_composite_production_REU,eqpzs,IND_REU_NEW_ELMA,0.0004740830704828003,EOL_FLOW_EOL_DE_ELMA_INC,0.0,,2.0,2.0,1.0,2.0,1.0,0.5,sensitivity_153,sensitivity_147,trade.cet_transformation_elasticity,0.5,2.0,0.5,1.25,parameter_bisection,diagonal_tax_parameter,2,true
sensitivity_153,policy,virgin_metal_tax_tax_0_02,virgin_metal_tax,0.02,LOCALLY_INFEASIBLE,INFEASIBLE_POINT,false,54.80238833,0.0012572330686052569,1,0.0,0,material_composite_production_SK,eqpzs,IND_SK_NEW_ELMA,0.0012572330686052569,EOL_FLOW_EOL_DE_ELMA_INC,0.0,,2.0,2.0,1.0,2.0,1.0,0.5,sensitivity_153,sensitivity_147,trade.cet_transformation_elasticity,0.5,2.0,1.0,2.0,parameter_bisection,diagonal_tax_parameter,3,false
sensitivity_153,policy,virgin_metal_tax_tax_0_015,virgin_metal_tax,0.015,LOCALLY_INFEASIBLE,INFEASIBLE_POINT,true,25.047807326,0.0009300352172588733,0,0.0,0,material_composite_production_SK,eqpzs,IND_SK_NEW_ELMA,0.0009300352172588733,EOL_FLOW_EOL_DE_ELMA_INC,0.0,,2.0,2.0,1.0,2.0,1.0,0.5,sensitivity_153,sensitivity_147,trade.cet_transformation_elasticity,0.5,2.0,0.75,1.625,parameter_bisection,diagonal_tax_parameter,4,true
sensitivity_153,policy,virgin_metal_tax_tax_0_02,virgin_metal_tax,0.02,LOCALLY_INFEASIBLE,INFEASIBLE_POINT,false,76.515110385,0.0010946124713449947,2,0.0,0,common_eu_trade,eu_cet_quantity,NEW_ELMA|SK,0.0010946124713449947,EOL_FLOW_EOL_DE_ELMA_INC,0.0,,2.0,2.0,1.0,2.0,1.0,0.5,sensitivity_153,sensitivity_147,trade.cet_transformation_elasticity,0.5,2.0,1.0,2.0,parameter_bisection,diagonal_tax_parameter,5,false
sensitivity_153,policy,virgin_metal_tax_tax_0_0175,virgin_metal_tax,0.0175,LOCALLY_INFEASIBLE,INFEASIBLE_POINT,false,103.45922389,0.001727746523978002,1,0.0,0,observed_physical_flow_links,quantity_link,physical_SK_OFMA_REP_route_input_mass,0.001727746523978002,EOL_FLOW_EOL_DE_ELMA_INC,0.0,,2.0,2.0,1.0,2.0,1.0,0.5,sensitivity_153,sensitivity_147,trade.cet_transformation_elasticity,0.5,2.0,0.875,1.8125,parameter_bisection,diagonal_tax_parameter,6,false
sensitivity_153,policy,virgin_metal_tax_tax_0_01625,virgin_metal_tax,0.01625,LOCALLY_INFEASIBLE,INFEASIBLE_POINT,false,87.470670018,0.00278809283170367,1,0.0,0,observed_physical_flow_links,quantity_link,physical_SK_OFMA_REP_route_input_mass,0.00278809283170367,EOL_FLOW_EOL_DE_ELMA_INC,0.0,,2.0,2.0,1.0,2.0,1.0,0.5,sensitivity_153,sensitivity_147,trade.cet_transformation_elasticity,0.5,2.0,0.8125,1.71875,parameter_bisection,diagonal_tax_parameter,7,false
sensitivity_153,policy,virgin_metal_tax_tax_0_015625,virgin_metal_tax,0.015625,LOCALLY_INFEASIBLE,INFEASIBLE_POINT,true,33.119941075,0.000977703272515451,0,0.0,0,material_composite_production_SK,eqpzs,IND_SK_NEW_ELMA,0.000977703272515451,EOL_FLOW_EOL_DE_ELMA_INC,0.0,,2.0,2.0,1.0,2.0,1.0,0.5,sensitivity_153,sensitivity_147,trade.cet_transformation_elasticity,0.5,2.0,0.78125,1.671875,parameter_bisection,diagonal_tax_parameter,8,true
sensitivity_153,policy,virgin_metal_tax_tax_0_016875,virgin_metal_tax,0.016875,LOCALLY_INFEASIBLE,INFEASIBLE_POINT,false,13.020005134,0.001062991971613414,1,0.0,0,material_composite_production_SK,eqpzs,IND_SK_NEW_ELMA,0.001062991971613414,EOL_FLOW_EOL_DE_ELMA_INC,0.0,,2.0,2.0,1.0,2.0,1.0,0.5,sensitivity_153,sensitivity_147,trade.cet_transformation_elasticity,0.5,2.0,0.84375,1.765625,parameter_bisection,diagonal_tax_parameter,9,false
sensitivity_153,policy,virgin_metal_tax_tax_0_01625,virgin_metal_tax,0.01625,LOCALLY_INFEASIBLE,INFEASIBLE_POINT,false,16.046042298,0.07974069471048395,1,0.0,0,observed_physical_flow_links,quantity_link,physical_SK_OFMA_REP_route_input_mass,0.07974069471048395,EOL_FLOW_EOL_DE_ELMA_INC,0.0,,2.0,2.0,1.0,2.0,1.0,0.5,sensitivity_153,sensitivity_147,trade.cet_transformation_elasticity,0.5,2.0,0.8125,1.71875,parameter_bisection,diagonal_tax_parameter,10,false
sensitivity_153,policy,virgin_metal_tax_tax_0_0159375,virgin_metal_tax,0.0159375,LOCALLY_INFEASIBLE,INFEASIBLE_POINT,true,9.760575116,0.00099488761922506,0,0.0,0,material_composite_production_SK,eqpzs,IND_SK_NEW_ELMA,0.00099488761922506,EOL_FLOW_EOL_DE_ELMA_INC,0.0,,2.0,2.0,1.0,2.0,1.0,0.5,sensitivity_153,sensitivity_147,trade.cet_transformation_elasticity,0.5,2.0,0.796875,1.6953125,parameter_bisection,diagonal_tax_parameter,11,true
sensitivity_153,policy,virgin_metal_tax_tax_0_0165625,virgin_metal_tax,0.0165625,LOCALLY_INFEASIBLE,INFEASIBLE_POINT,false,17.444322725,0.0010353485647852656,1,0.0,0,material_composite_production_SK,eqpzs,IND_SK_NEW_ELMA,0.0010353485647852656,EOL_FLOW_EOL_DE_ELMA_INC,0.0,,2.0,2.0,1.0,2.0,1.0,0.5,sensitivity_153,sensitivity_147,trade.cet_transformation_elasticity,0.5,2.0,0.828125,1.7421875,parameter_bisection,diagonal_tax_parameter,12,false
sensitivity_153,policy,virgin_metal_tax_tax_0_01625,virgin_metal_tax,0.01625,LOCALLY_INFEASIBLE,INFEASIBLE_POINT,false,23.653857293,0.0010020380596997835,1,0.0,0,material_composite_production_SK,eqpzs,IND_SK_NEW_ELMA,0.0010020380596997835,EOL_FLOW_EOL_DE_ELMA_INC,0.0,,2.0,2.0,1.0,2.0,1.0,0.5,sensitivity_153,sensitivity_147,trade.cet_transformation_elasticity,0.5,2.0,0.8125,1.71875,parameter_bisection,diagonal_tax_parameter,13,false
sensitivity_153,policy,virgin_metal_tax_tax_0_01609375,virgin_metal_tax,0.01609375,LOCALLY_INFEASIBLE,INFEASIBLE_POINT,false,19.859592635,0.001005220517979577,1,0.0,0,material_composite_production_SK,eqpzs,IND_SK_NEW_ELMA,0.001005220517979577,EOL_FLOW_EOL_DE_ELMA_INC,0.0,,2.0,2.0,1.0,2.0,1.0,0.5,sensitivity_153,sensitivity_147,trade.cet_transformation_elasticity,0.5,2.0,0.8046875,1.70703125,parameter_bisection,diagonal_tax_parameter,14,false
sensitivity_153,policy,virgin_metal_tax_tax_0_016015625,virgin_metal_tax,0.016015625,LOCALLY_INFEASIBLE,INFEASIBLE_POINT,true,35.839680274,0.0009487142921995595,0,0.0,0,material_composite_production_SK,eqpzs,IND_SK_NEW_ELMA,0.0009487142921995595,EOL_FLOW_EOL_DE_ELMA_INC,0.0,,2.0,2.0,1.0,2.0,1.0,0.5,sensitivity_153,sensitivity_147,trade.cet_transformation_elasticity,0.5,2.0,0.80078125,1.701171875,parameter_bisection,diagonal_tax_parameter,15,true
sensitivity_153,policy,virgin_metal_tax_tax_0_016171875,virgin_metal_tax,0.016171875,LOCALLY_INFEASIBLE,INFEASIBLE_POINT,true,19.51226616,0.0009191865396381838,0,0.0,0,material_composite_production_SK,eqpzs,IND_SK_NEW_ELMA,0.0009191865396381838,EOL_FLOW_EOL_DE_ELMA_INC,0.0,,2.0,2.0,1.0,2.0,1.0,0.5,sensitivity_153,sensitivity_147,trade.cet_transformation_elasticity,0.5,2.0,0.80859375,1.712890625,parameter_bisection,diagonal_tax_parameter,16,true
sensitivity_153,policy,virgin_metal_tax_tax_0_016484375,virgin_metal_tax,0.016484375,LOCALLY_INFEASIBLE,INFEASIBLE_POINT,true,38.922598248,0.0009965303582738505,0,0.0,0,material_composite_production_SK,eqpzs,IND_SK_NEW_ELMA,0.0009965303582738505,EOL_FLOW_EOL_DE_ELMA_INC,0.0,,2.0,2.0,1.0,2.0,1.0,0.5,sensitivity_153,sensitivity_147,trade.cet_transformation_elasticity,0.5,2.0,0.82421875,1.736328125,parameter_bisection,diagonal_tax_parameter,17,true
sensitivity_153,policy,virgin_metal_tax_tax_0_017109375,virgin_metal_tax,0.017109375,LOCALLY_INFEASIBLE,INFEASIBLE_POINT,false,29.91943461,0.06118522783158298,1,0.0,0,observed_physical_flow_links,quantity_link,physical_SK_OFMA_REP_route_input_mass,0.06118522783158298,EOL_FLOW_EOL_DE_ELMA_INC,0.0,,2.0,2.0,1.0,2.0,1.0,0.5,sensitivity_153,sensitivity_147,trade.cet_transformation_elasticity,0.5,2.0,0.85546875,1.783203125,parameter_bisection,diagonal_tax_parameter,18,false
sensitivity_153,policy,virgin_metal_tax_tax_0_016796875,virgin_metal_tax,0.016796875,LOCALLY_INFEASIBLE,INFEASIBLE_POINT,true,15.620370565,0.0009971218867190768,0,0.0,0,material_composite_production_SK,eqpzs,IND_SK_NEW_ELMA,0.0009971218867190768,EOL_FLOW_EOL_DE_ELMA_INC,0.0,,2.0,2.0,1.0,2.0,1.0,0.5,sensitivity_153,sensitivity_147,trade.cet_transformation_elasticity,0.5,2.0,0.83984375,1.759765625,parameter_bisection,diagonal_tax_parameter,19,true
sensitivity_153,policy,virgin_metal_tax_tax_0_017421875,virgin_metal_tax,0.017421875,LOCALLY_INFEASIBLE,INFEASIBLE_POINT,true,37.787586121,0.0009965642390404872,0,0.0,0,material_composite_production_SK,eqpzs,IND_SK_NEW_ELMA,0.0009965642390404872,EOL_FLOW_EOL_DE_ELMA_INC,0.0,,2.0,2.0,1.0,2.0,1.0,0.5,sensitivity_153,sensitivity_147,trade.cet_transformation_elasticity,0.5,2.0,0.87109375,1.806640625,parameter_bisection,diagonal_tax_parameter,20,true
sensitivity_153,policy,virgin_metal_tax_tax_0_018671875,virgin_metal_tax,0.018671875,LOCALLY_INFEASIBLE,INFEASIBLE_POINT,true,23.301014256,0.000979168003928721,0,0.0,0,material_composite_production_SK,eqpzs,IND_SK_NEW_ELMA,0.000979168003928721,EOL_FLOW_EOL_DE_ELMA_INC,0.0,,2.0,2.0,1.0,2.0,1.0,0.5,sensitivity_153,sensitivity_147,trade.cet_transformation_elasticity,0.5,2.0,0.93359375,1.900390625,parameter_bisection,diagonal_tax_parameter,21,true
sensitivity_153,policy,virgin_metal_tax_tax_0_02,virgin_metal_tax,0.02,LOCALLY_INFEASIBLE,INFEASIBLE_POINT,false,34.898984379,0.0012594356981661115,2,0.0,0,material_composite_production_SK,eqpzs,IND_SK_NEW_ELMA,0.0012594356981661115,EOL_FLOW_EOL_DE_ELMA_INC,0.0,,2.0,2.0,1.0,2.0,1.0,0.5,sensitivity_153,sensitivity_147,trade.cet_transformation_elasticity,0.5,2.0,1.0,2.0,parameter_bisection,diagonal_tax_parameter,22,false
sensitivity_153,policy,virgin_metal_tax_tax_0_0193359375,virgin_metal_tax,0.0193359375,LOCALLY_INFEASIBLE,INFEASIBLE_POINT,false,82.905845693,0.0064207376129885585,3,0.0,0,observed_physical_flow_links,quantity_link,physical_SK_OFMA_REP_route_input_mass,0.0064207376129885585,EOL_FLOW_EOL_DE_ELMA_INC,0.0,,2.0,2.0,1.0,2.0,1.0,0.5,sensitivity_153,sensitivity_147,trade.cet_transformation_elasticity,0.5,2.0,0.966796875,1.9501953125,parameter_bisection,diagonal_tax_parameter,23,false
sensitivity_153,policy,virgin_metal_tax_tax_0_01900390625,virgin_metal_tax,0.01900390625,LOCALLY_INFEASIBLE,INFEASIBLE_POINT,false,16.686020205,0.001188956150606768,1,0.0,0,material_composite_production_SK,eqpzs,IND_SK_NEW_ELMA,0.001188956150606768,EOL_FLOW_EOL_DE_ELMA_INC,0.0,,2.0,2.0,1.0,2.0,1.0,0.5,sensitivity_153,sensitivity_147,trade.cet_transformation_elasticity,0.5,2.0,0.9501953125,1.92529296875,parameter_bisection,diagonal_tax_parameter,24,false
sensitivity_153,policy,virgin_metal_tax_tax_0_018837890625,virgin_metal_tax,0.018837890625,LOCALLY_INFEASIBLE,INFEASIBLE_POINT,false,55.328786153,0.0905748955652248,1,0.0,0,observed_physical_flow_links,quantity_link,physical_SK_OFMA_REP_route_input_mass,0.0905748955652248,EOL_FLOW_EOL_DE_ELMA_INC,0.0,,2.0,2.0,1.0,2.0,1.0,0.5,sensitivity_153,sensitivity_147,trade.cet_transformation_elasticity,0.5,2.0,0.94189453125,1.912841796875,parameter_bisection,diagonal_tax_parameter,25,false
sensitivity_153,policy,virgin_metal_tax_tax_0_018754882812500002,virgin_metal_tax,0.018754882812500002,LOCALLY_INFEASIBLE,INFEASIBLE_POINT,false,19.596849722,0.0011806158100178266,1,0.0,0,material_composite_production_SK,eqpzs,IND_SK_NEW_ELMA,0.0011806158100178266,EOL_FLOW_EOL_DE_ELMA_INC,0.0,,2.0,2.0,1.0,2.0,1.0,0.5,sensitivity_153,sensitivity_147,trade.cet_transformation_elasticity,0.5,2.0,0.937744140625,1.9066162109375,parameter_bisection,diagonal_tax_parameter,26,false
sensitivity_153,policy,virgin_metal_tax_tax_0_01871337890625,virgin_metal_tax,0.01871337890625,LOCALLY_INFEASIBLE,INFEASIBLE_POINT,false,32.981690317,0.0011330446424696605,1,0.0,0,material_composite_production_SK,eqpzs,IND_SK_NEW_ELMA,0.0011330446424696605,EOL_FLOW_EOL_DE_ELMA_INC,0.0,,2.0,2.0,1.0,2.0,1.0,0.5,sensitivity_153,sensitivity_147,trade.cet_transformation_elasticity,0.5,2.0,0.9356689453125,1.90350341796875,parameter_bisection,diagonal_tax_parameter,27,false
sensitivity_153,policy,virgin_metal_tax_tax_0_018692626953125,virgin_metal_tax,0.018692626953125,LOCALLY_INFEASIBLE,INFEASIBLE_POINT,false,17.178615017,0.0011706435946549076,1,0.0,0,material_composite_production_SK,eqpzs,IND_SK_NEW_ELMA,0.0011706435946549076,EOL_FLOW_EOL_DE_ELMA_INC,0.0,,2.0,2.0,1.0,2.0,1.0,0.5,sensitivity_153,sensitivity_147,trade.cet_transformation_elasticity,0.5,2.0,0.93463134765625,1.901947021484375,parameter_bisection,diagonal_tax_parameter,28,false
sensitivity_153,policy,virgin_metal_tax_tax_0_018682250976562502,virgin_metal_tax,0.018682250976562502,LOCALLY_INFEASIBLE,INFEASIBLE_POINT,false,33.506899982,0.0011675563935689137,2,0.0,0,material_composite_production_SK,eqpzs,IND_SK_NEW_ELMA,0.0011675563935689137,EOL_FLOW_EOL_DE_ELMA_INC,0.0,,2.0,2.0,1.0,2.0,1.0,0.5,sensitivity_153,sensitivity_147,trade.cet_transformation_elasticity,0.5,2.0,0.934112548828125,1.9011688232421875,parameter_bisection,diagonal_tax_parameter,29,false
sensitivity_153,policy,virgin_metal_tax_tax_0_01867706298828125,virgin_metal_tax,0.01867706298828125,LOCALLY_INFEASIBLE,INFEASIBLE_POINT,false,9.701070251,0.0011571937996610604,1,0.0,0,material_composite_production_SK,eqpzs,IND_SK_NEW_ELMA,0.0011571937996610604,EOL_FLOW_EOL_DE_ELMA_INC,0.0,,2.0,2.0,1.0,2.0,1.0,0.5,sensitivity_153,sensitivity_147,trade.cet_transformation_elasticity,0.5,2.0,0.9338531494140625,1.9007797241210938,parameter_bisection,diagonal_tax_parameter,30,false
sensitivity_153,policy,virgin_metal_tax_tax_0_018674468994140627,virgin_metal_tax,0.018674468994140627,LOCALLY_INFEASIBLE,INFEASIBLE_POINT,false,24.977035036,0.00114770575627543,1,0.0,0,material_composite_production_SK,eqpzs,IND_SK_NEW_ELMA,0.00114770575627543,EOL_FLOW_EOL_DE_ELMA_INC,0.0,,2.0,2.0,1.0,2.0,1.0,0.5,sensitivity_153,sensitivity_147,trade.cet_transformation_elasticity,0.5,2.0,0.9337234497070312,1.9005851745605469,parameter_bisection,diagonal_tax_parameter,31,false
sensitivity_162,policy,virgin_metal_tax_tax_0_02,virgin_metal_tax,0.02,LOCALLY_INFEASIBLE,INFEASIBLE_POINT,false,43.117886631,0.0012563404175590653,1,0.0,0,material_composite_production_SK,eqpzs,IND_SK_NEW_ELMA,0.0012563404175590653,EOL_FLOW_EOL_DE_ELMA_INC,0.0,,2.0,2.0,2.0,2.0,1.0,0.5,sensitivity_162,sensitivity_135,circular_routes.eol_allocation_elasticity,1.0,2.0,1.0,2.0,direct_target,diagonal_tax_parameter,1,false
sensitivity_162,policy,virgin_metal_tax_tax_0_01,virgin_metal_tax,0.01,LOCALLY_INFEASIBLE,INFEASIBLE_POINT,true,15.2890766,0.0005304789161280077,0,0.0,0,material_composite_production_REU,eqpzs,IND_REU_NEW_ELMA,0.0005304789161280077,EOL_FLOW_EOL_DE_ELMA_INC,0.0,,2.0,2.0,2.0,2.0,1.0,0.5,sensitivity_162,sensitivity_135,circular_routes.eol_allocation_elasticity,1.0,2.0,0.5,1.5,parameter_bisection,diagonal_tax_parameter,2,true
sensitivity_162,policy,virgin_metal_tax_tax_0_02,virgin_metal_tax,0.02,LOCALLY_INFEASIBLE,INFEASIBLE_POINT,false,29.491641757,0.0011875313716268598,1,0.0,0,material_composite_production_SK,eqpzs,IND_SK_NEW_ELMA,0.0011875313716268598,EOL_FLOW_EOL_DE_ELMA_INC,0.0,,2.0,2.0,2.0,2.0,1.0,0.5,sensitivity_162,sensitivity_135,circular_routes.eol_allocation_elasticity,1.0,2.0,1.0,2.0,parameter_bisection,diagonal_tax_parameter,3,false
sensitivity_162,policy,virgin_metal_tax_tax_0_015,virgin_metal_tax,0.015,LOCALLY_INFEASIBLE,INFEASIBLE_POINT,true,11.598573076,0.0007983196614098631,0,0.0,0,material_composite_production_REU,eqpzs,IND_REU_NEW_ELMA,0.0007983196614098631,EOL_FLOW_EOL_DE_ELMA_INC,0.0,,2.0,2.0,2.0,2.0,1.0,0.5,sensitivity_162,sensitivity_135,circular_routes.eol_allocation_elasticity,1.0,2.0,0.75,1.75,parameter_bisection,diagonal_tax_parameter,4,true
sensitivity_162,policy,virgin_metal_tax_tax_0_02,virgin_metal_tax,0.02,LOCALLY_INFEASIBLE,INFEASIBLE_POINT,false,23.07726561,0.0010803012583879834,1,0.0,0,material_composite_production_REU,eqpzs,IND_REU_NEW_ELMA,0.0010803012583879834,EOL_FLOW_EOL_DE_ELMA_INC,0.0,,2.0,2.0,2.0,2.0,1.0,0.5,sensitivity_162,sensitivity_135,circular_routes.eol_allocation_elasticity,1.0,2.0,1.0,2.0,parameter_bisection,diagonal_tax_parameter,5,false
sensitivity_162,policy,virgin_metal_tax_tax_0_0175,virgin_metal_tax,0.0175,LOCALLY_INFEASIBLE,INFEASIBLE_POINT,false,22.086645935,0.0010057958769713604,1,0.0,0,material_composite_production_SK,eqpzs,IND_SK_NEW_ELMA,0.0010057958769713604,EOL_FLOW_EOL_DE_ELMA_INC,0.0,,2.0,2.0,2.0,2.0,1.0,0.5,sensitivity_162,sensitivity_135,circular_routes.eol_allocation_elasticity,1.0,2.0,0.875,1.875,parameter_bisection,diagonal_tax_parameter,6,false
sensitivity_162,policy,virgin_metal_tax_tax_0_01625,virgin_metal_tax,0.01625,LOCALLY_INFEASIBLE,INFEASIBLE_POINT,true,15.414395439,0.0008039448693352158,0,0.0,0,material_composite_production_REU,eqpzs,IND_REU_NEW_ELMA,0.0008039448693352158,EOL_FLOW_EOL_DE_ELMA_INC,0.0,,2.0,2.0,2.0,2.0,1.0,0.5,sensitivity_162,sensitivity_135,circular_routes.eol_allocation_elasticity,1.0,2.0,0.8125,1.8125,parameter_bisection,diagonal_tax_parameter,7,true
sensitivity_162,policy,virgin_metal_tax_tax_0_01875,virgin_metal_tax,0.01875,LOCALLY_INFEASIBLE,INFEASIBLE_POINT,true,21.113083302,0.0009987373824489332,0,0.0,0,material_composite_production_REU,eqpzs,IND_REU_NEW_ELMA,0.0009987373824489332,EOL_FLOW_EOL_DE_ELMA_INC,0.0,,2.0,2.0,2.0,2.0,1.0,0.5,sensitivity_162,sensitivity_135,circular_routes.eol_allocation_elasticity,1.0,2.0,0.9375,1.9375,parameter_bisection,diagonal_tax_parameter,8,true
sensitivity_162,policy,virgin_metal_tax_tax_0_02,virgin_metal_tax,0.02,LOCALLY_INFEASIBLE,INFEASIBLE_POINT,false,48.62482495,0.0010193200539104774,1,0.0,0,material_composite_production_SK,eqpzs,IND_SK_NEW_ELMA,0.0010193200539104774,EOL_FLOW_EOL_DE_ELMA_INC,0.0,,2.0,2.0,2.0,2.0,1.0,0.5,sensitivity_162,sensitivity_135,circular_routes.eol_allocation_elasticity,1.0,2.0,1.0,2.0,parameter_bisection,diagonal_tax_parameter,9,false
sensitivity_162,policy,virgin_metal_tax_tax_0_019375,virgin_metal_tax,0.019375,LOCALLY_INFEASIBLE,INFEASIBLE_POINT,true,45.717342932,0.0009265458079529276,0,0.0,0,material_composite_production_REU,eqpzs,IND_REU_NEW_ELMA,0.0009265458079529276,EOL_FLOW_EOL_DE_ELMA_INC,0.0,,2.0,2.0,2.0,2.0,1.0,0.5,sensitivity_162,sensitivity_135,circular_routes.eol_allocation_elasticity,1.0,2.0,0.96875,1.96875,parameter_bisection,diagonal_tax_parameter,10,true
sensitivity_162,policy,virgin_metal_tax_tax_0_02,virgin_metal_tax,0.02,LOCALLY_INFEASIBLE,INFEASIBLE_POINT,false,22.910026424,0.0010758969165485244,1,0.0,0,material_composite_production_REU,eqpzs,IND_REU_NEW_ELMA,0.0010758969165485244,EOL_FLOW_EOL_DE_ELMA_INC,0.0,,2.0,2.0,2.0,2.0,1.0,0.5,sensitivity_162,sensitivity_135,circular_routes.eol_allocation_elasticity,1.0,2.0,1.0,2.0,parameter_bisection,diagonal_tax_parameter,11,false
sensitivity_162,policy,virgin_metal_tax_tax_0_0196875,virgin_metal_tax,0.0196875,LOCALLY_INFEASIBLE,INFEASIBLE_POINT,false,18.66893564,0.0012331134641121455,1,0.0,0,material_composite_production_SK,eqpzs,IND_SK_NEW_ELMA,0.0012331134641121455,EOL_FLOW_EOL_DE_ELMA_INC,0.0,,2.0,2.0,2.0,2.0,1.0,0.5,sensitivity_162,sensitivity_135,circular_routes.eol_allocation_elasticity,1.0,2.0,0.984375,1.984375,parameter_bisection,diagonal_tax_parameter,12,false
sensitivity_162,policy,virgin_metal_tax_tax_0_01953125,virgin_metal_tax,0.01953125,LOCALLY_INFEASIBLE,INFEASIBLE_POINT,false,19.636723052,0.0010433041929512887,1,0.0,0,material_composite_production_REU,eqpzs,IND_REU_NEW_ELMA,0.0010433041929512887,EOL_FLOW_EOL_DE_ELMA_INC,0.0,,2.0,2.0,2.0,2.0,1.0,0.5,sensitivity_162,sensitivity_135,circular_routes.eol_allocation_elasticity,1.0,2.0,0.9765625,1.9765625,parameter_bisection,diagonal_tax_parameter,13,false
sensitivity_162,policy,virgin_metal_tax_tax_0_019453125,virgin_metal_tax,0.019453125,LOCALLY_INFEASIBLE,INFEASIBLE_POINT,false,18.186796275,0.0010173951307963502,1,0.0,0,material_composite_production_REU,eqpzs,IND_REU_NEW_ELMA,0.0010173951307963502,EOL_FLOW_EOL_DE_ELMA_INC,0.0,,2.0,2.0,2.0,2.0,1.0,0.5,sensitivity_162,sensitivity_135,circular_routes.eol_allocation_elasticity,1.0,2.0,0.97265625,1.97265625,parameter_bisection,diagonal_tax_parameter,14,false
sensitivity_162,policy,virgin_metal_tax_tax_0_0194140625,virgin_metal_tax,0.0194140625,LOCALLY_INFEASIBLE,INFEASIBLE_POINT,false,20.150298927,0.0010381728676992497,1,0.0,0,material_composite_production_REU,eqpzs,IND_REU_NEW_ELMA,0.0010381728676992497,EOL_FLOW_EOL_DE_ELMA_INC,0.0,,2.0,2.0,2.0,2.0,1.0,0.5,sensitivity_162,sensitivity_135,circular_routes.eol_allocation_elasticity,1.0,2.0,0.970703125,1.970703125,parameter_bisection,diagonal_tax_parameter,15,false
sensitivity_162,policy,virgin_metal_tax_tax_0_01939453125,virgin_metal_tax,0.01939453125,LOCALLY_INFEASIBLE,INFEASIBLE_POINT,false,59.594963004,0.0010486782252983051,1,0.0,0,material_composite_production_REU,eqpzs,IND_REU_NEW_ELMA,0.0010486782252983051,EOL_FLOW_EOL_DE_ELMA_INC,0.0,,2.0,2.0,2.0,2.0,1.0,0.5,sensitivity_162,sensitivity_135,circular_routes.eol_allocation_elasticity,1.0,2.0,0.9697265625,1.9697265625,parameter_bisection,diagonal_tax_parameter,16,false
sensitivity_162,policy,virgin_metal_tax_tax_0_019384765625,virgin_metal_tax,0.019384765625,LOCALLY_INFEASIBLE,INFEASIBLE_POINT,false,17.062151246,0.0010378612449803981,1,0.0,0,material_composite_production_REU,eqpzs,IND_REU_NEW_ELMA,0.0010378612449803981,EOL_FLOW_EOL_DE_ELMA_INC,0.0,,2.0,2.0,2.0,2.0,1.0,0.5,sensitivity_162,sensitivity_135,circular_routes.eol_allocation_elasticity,1.0,2.0,0.96923828125,1.96923828125,parameter_bisection,diagonal_tax_parameter,17,false
sensitivity_162,policy,virgin_metal_tax_tax_0_0193798828125,virgin_metal_tax,0.0193798828125,LOCALLY_INFEASIBLE,INFEASIBLE_POINT,true,7.188015452,0.000984335606935005,0,0.0,0,material_composite_production_REU,eqpzs,IND_REU_NEW_ELMA,0.000984335606935005,EOL_FLOW_EOL_DE_ELMA_INC,0.0,,2.0,2.0,2.0,2.0,1.0,0.5,sensitivity_162,sensitivity_135,circular_routes.eol_allocation_elasticity,1.0,2.0,0.968994140625,1.968994140625,parameter_bisection,diagonal_tax_parameter,18,true
sensitivity_162,policy,virgin_metal_tax_tax_0_0193896484375,virgin_metal_tax,0.0193896484375,LOCALLY_INFEASIBLE,INFEASIBLE_POINT,true,4.662858381,0.0009841739362042023,0,0.0,0,material_composite_production_REU,eqpzs,IND_REU_NEW_ELMA,0.0009841739362042023,EOL_FLOW_EOL_DE_ELMA_INC,0.0,,2.0,2.0,2.0,2.0,1.0,0.5,sensitivity_162,sensitivity_135,circular_routes.eol_allocation_elasticity,1.0,2.0,0.969482421875,1.969482421875,parameter_bisection,diagonal_tax_parameter,19,true
sensitivity_162,policy,virgin_metal_tax_tax_0_0194091796875,virgin_metal_tax,0.0194091796875,LOCALLY_INFEASIBLE,INFEASIBLE_POINT,false,28.204140772,0.0010481416168595103,1,0.0,0,material_composite_production_REU,eqpzs,IND_REU_NEW_ELMA,0.0010481416168595103,EOL_FLOW_EOL_DE_ELMA_INC,0.0,,2.0,2.0,2.0,2.0,1.0,0.5,sensitivity_162,sensitivity_135,circular_routes.eol_allocation_elasticity,1.0,2.0,0.970458984375,1.970458984375,parameter_bisection,diagonal_tax_parameter,20,false
sensitivity_162,policy,virgin_metal_tax_tax_0_019399414062500002,virgin_metal_tax,0.019399414062500002,LOCALLY_INFEASIBLE,INFEASIBLE_POINT,false,13.848033191,0.06519636047372845,1,0.0,0,observed_physical_flow_links,quantity_link,physical_SK_OFMA_REP_route_input_mass,0.06519636047372845,EOL_FLOW_EOL_DE_ELMA_INC,0.0,,2.0,2.0,2.0,2.0,1.0,0.5,sensitivity_162,sensitivity_135,circular_routes.eol_allocation_elasticity,1.0,2.0,0.969970703125,1.969970703125,parameter_bisection,diagonal_tax_parameter,21,false
sensitivity_162,policy,virgin_metal_tax_tax_0_01939453125,virgin_metal_tax,0.01939453125,LOCALLY_INFEASIBLE,INFEASIBLE_POINT,false,23.195630085,0.0010143377076460292,1,0.0,0,material_composite_production_REU,eqpzs,IND_REU_NEW_ELMA,0.0010143377076460292,EOL_FLOW_EOL_DE_ELMA_INC,0.0,,2.0,2.0,2.0,2.0,1.0,0.5,sensitivity_162,sensitivity_135,circular_routes.eol_allocation_elasticity,1.0,2.0,0.9697265625,1.9697265625,parameter_bisection,diagonal_tax_parameter,22,false
sensitivity_162,policy,virgin_metal_tax_tax_0_01939208984375,virgin_metal_tax,0.01939208984375,LOCALLY_INFEASIBLE,INFEASIBLE_POINT,true,14.219784303,0.0008902554464873536,0,0.0,0,material_composite_production_REU,eqpzs,IND_REU_NEW_ELMA,0.0008902554464873536,EOL_FLOW_EOL_DE_ELMA_INC,0.0,,2.0,2.0,2.0,2.0,1.0,0.5,sensitivity_162,sensitivity_135,circular_routes.eol_allocation_elasticity,1.0,2.0,0.9696044921875,1.9696044921875,parameter_bisection,diagonal_tax_parameter,23,true
sensitivity_162,policy,virgin_metal_tax_tax_0_01939697265625,virgin_metal_tax,0.01939697265625,LOCALLY_INFEASIBLE,INFEASIBLE_POINT,true,22.695002159,0.000921701010802134,0,0.0,0,material_composite_production_REU,eqpzs,IND_REU_NEW_ELMA,0.000921701010802134,EOL_FLOW_EOL_DE_ELMA_INC,0.0,,2.0,2.0,2.0,2.0,1.0,0.5,sensitivity_162,sensitivity_135,circular_routes.eol_allocation_elasticity,1.0,2.0,0.9698486328125,1.9698486328125,parameter_bisection,diagonal_tax_parameter,24,true
sensitivity_162,policy,virgin_metal_tax_tax_0_01940673828125,virgin_metal_tax,0.01940673828125,LOCALLY_INFEASIBLE,INFEASIBLE_POINT,true,11.989094768,0.0009601368639782226,0,0.0,0,material_composite_production_REU,eqpzs,IND_REU_NEW_ELMA,0.0009601368639782226,EOL_FLOW_EOL_DE_ELMA_INC,0.0,,2.0,2.0,2.0,2.0,1.0,0.5,sensitivity_162,sensitivity_135,circular_routes.eol_allocation_elasticity,1.0,2.0,0.9703369140625,1.9703369140625,parameter_bisection,diagonal_tax_parameter,25,true
sensitivity_162,policy,virgin_metal_tax_tax_0_019426269531250002,virgin_metal_tax,0.019426269531250002,LOCALLY_INFEASIBLE,INFEASIBLE_POINT,true,5.967203312,0.0009609170889913754,0,0.0,0,material_composite_production_REU,eqpzs,IND_REU_NEW_ELMA,0.0009609170889913754,EOL_FLOW_EOL_DE_ELMA_INC,0.0,,2.0,2.0,2.0,2.0,1.0,0.5,sensitivity_162,sensitivity_135,circular_routes.eol_allocation_elasticity,1.0,2.0,0.9713134765625,1.9713134765625,parameter_bisection,diagonal_tax_parameter,26,true
sensitivity_162,policy,virgin_metal_tax_tax_0_01946533203125,virgin_metal_tax,0.01946533203125,LOCALLY_INFEASIBLE,INFEASIBLE_POINT,true,5.950376863,0.0009683960013641135,0,0.0,0,material_composite_production_REU,eqpzs,IND_REU_NEW_ELMA,0.0009683960013641135,EOL_FLOW_EOL_DE_ELMA_INC,0.0,,2.0,2.0,2.0,2.0,1.0,0.5,sensitivity_162,sensitivity_135,circular_routes.eol_allocation_elasticity,1.0,2.0,0.9732666015625,1.9732666015625,parameter_bisection,diagonal_tax_parameter,27,true
sensitivity_162,policy,virgin_metal_tax_tax_0_01954345703125,virgin_metal_tax,0.01954345703125,LOCALLY_INFEASIBLE,INFEASIBLE_POINT,false,39.815944783,0.025864008665372085,1,0.0,0,observed_physical_flow_links,quantity_link,physical_SK_OFMA_REP_route_input_mass,0.025864008665372085,EOL_FLOW_EOL_DE_ELMA_INC,0.0,,2.0,2.0,2.0,2.0,1.0,0.5,sensitivity_162,sensitivity_135,circular_routes.eol_allocation_elasticity,1.0,2.0,0.9771728515625,1.9771728515625,parameter_bisection,diagonal_tax_parameter,28,false
sensitivity_162,policy,virgin_metal_tax_tax_0_01950439453125,virgin_metal_tax,0.01950439453125,LOCALLY_INFEASIBLE,INFEASIBLE_POINT,true,14.824931481,0.0009631588309245709,0,0.0,0,material_composite_production_REU,eqpzs,IND_REU_NEW_ELMA,0.0009631588309245709,EOL_FLOW_EOL_DE_ELMA_INC,0.0,,2.0,2.0,2.0,2.0,1.0,0.5,sensitivity_162,sensitivity_135,circular_routes.eol_allocation_elasticity,1.0,2.0,0.9752197265625,1.9752197265625,parameter_bisection,diagonal_tax_parameter,29,true
sensitivity_162,policy,virgin_metal_tax_tax_0_019582519531250002,virgin_metal_tax,0.019582519531250002,LOCALLY_INFEASIBLE,INFEASIBLE_POINT,true,25.487464556,0.0009395033579328027,0,0.0,0,material_composite_production_REU,eqpzs,IND_REU_NEW_ELMA,0.0009395033579328027,EOL_FLOW_EOL_DE_ELMA_INC,0.0,,2.0,2.0,2.0,2.0,1.0,0.5,sensitivity_162,sensitivity_135,circular_routes.eol_allocation_elasticity,1.0,2.0,0.9791259765625,1.9791259765625,parameter_bisection,diagonal_tax_parameter,30,true
sensitivity_162,policy,virgin_metal_tax_tax_0_019738769531250002,virgin_metal_tax,0.019738769531250002,LOCALLY_INFEASIBLE,INFEASIBLE_POINT,false,43.268743483,0.0017865667228839088,1,0.0,0,observed_physical_flow_links,quantity_link,physical_SK_OFMA_REP_route_input_mass,0.0017865667228839088,EOL_FLOW_EOL_DE_ELMA_INC,0.0,,2.0,2.0,2.0,2.0,1.0,0.5,sensitivity_162,sensitivity_135,circular_routes.eol_allocation_elasticity,1.0,2.0,0.9869384765625,1.9869384765625,parameter_bisection,diagonal_tax_parameter,31,false
sensitivity_162,policy,virgin_metal_tax_tax_0_01966064453125,virgin_metal_tax,0.01966064453125,LOCALLY_INFEASIBLE,INFEASIBLE_POINT,false,18.093837346,0.0012359617016083346,1,0.0,0,material_composite_production_SK,eqpzs,IND_SK_NEW_ELMA,0.0012359617016083346,EOL_FLOW_EOL_DE_ELMA_INC,0.0,,2.0,2.0,2.0,2.0,1.0,0.5,sensitivity_162,sensitivity_135,circular_routes.eol_allocation_elasticity,1.0,2.0,0.9830322265625,1.9830322265625,parameter_bisection,diagonal_tax_parameter,32,false
sensitivity_162,policy,virgin_metal_tax_tax_0_01962158203125,virgin_metal_tax,0.01962158203125,LOCALLY_INFEASIBLE,INFEASIBLE_POINT,true,10.787305906,0.0009426953682553085,0,0.0,0,material_composite_production_REU,eqpzs,IND_REU_NEW_ELMA,0.0009426953682553085,EOL_FLOW_EOL_DE_ELMA_INC,0.0,,2.0,2.0,2.0,2.0,1.0,0.5,sensitivity_162,sensitivity_135,circular_routes.eol_allocation_elasticity,1.0,2.0,0.9810791015625,1.9810791015625,parameter_bisection,diagonal_tax_parameter,33,true
sensitivity_162,policy,virgin_metal_tax_tax_0_01969970703125,virgin_metal_tax,0.01969970703125,LOCALLY_INFEASIBLE,INFEASIBLE_POINT,false,31.756825133,0.0010656248772743515,1,0.0,0,material_composite_production_REU,eqpzs,IND_REU_NEW_ELMA,0.0010656248772743515,EOL_FLOW_EOL_DE_ELMA_INC,0.0,,2.0,2.0,2.0,2.0,1.0,0.5,sensitivity_162,sensitivity_135,circular_routes.eol_allocation_elasticity,1.0,2.0,0.9849853515625,1.9849853515625,parameter_bisection,diagonal_tax_parameter,34,false
sensitivity_162,policy,virgin_metal_tax_tax_0_01966064453125,virgin_metal_tax,0.01966064453125,LOCALLY_INFEASIBLE,INFEASIBLE_POINT,false,29.279665863,0.0012071116530446568,1,0.0,0,material_composite_production_SK,eqpzs,IND_SK_NEW_ELMA,0.0012071116530446568,EOL_FLOW_EOL_DE_ELMA_INC,0.0,,2.0,2.0,2.0,2.0,1.0,0.5,sensitivity_162,sensitivity_135,circular_routes.eol_allocation_elasticity,1.0,2.0,0.9830322265625,1.9830322265625,parameter_bisection,diagonal_tax_parameter,35,false
sensitivity_162,policy,virgin_metal_tax_tax_0_01964111328125,virgin_metal_tax,0.01964111328125,LOCALLY_INFEASIBLE,INFEASIBLE_POINT,true,17.313201281,0.0009501014991714074,0,0.0,0,material_composite_production_SK,eqpzs,IND_SK_NEW_ELMA,0.0009501014991714074,EOL_FLOW_EOL_DE_ELMA_INC,0.0,,2.0,2.0,2.0,2.0,1.0,0.5,sensitivity_162,sensitivity_135,circular_routes.eol_allocation_elasticity,1.0,2.0,0.9820556640625,1.9820556640625,parameter_bisection,diagonal_tax_parameter,36,true
sensitivity_162,policy,virgin_metal_tax_tax_0_01968017578125,virgin_metal_tax,0.01968017578125,LOCALLY_INFEASIBLE,INFEASIBLE_POINT,true,6.665968681,0.0009434097898268767,0,0.0,0,material_composite_production_SK,eqpzs,IND_SK_NEW_ELMA,0.0009434097898268767,EOL_FLOW_EOL_DE_ELMA_INC,0.0,,2.0,2.0,2.0,2.0,1.0,0.5,sensitivity_162,sensitivity_135,circular_routes.eol_allocation_elasticity,1.0,2.0,0.9840087890625,1.9840087890625,parameter_bisection,diagonal_tax_parameter,37,true
sensitivity_162,policy,virgin_metal_tax_tax_0_01975830078125,virgin_metal_tax,0.01975830078125,LOCALLY_INFEASIBLE,INFEASIBLE_POINT,true,15.885000601,0.000927539426924584,0,0.0,0,material_composite_production_REU,eqpzs,IND_REU_NEW_ELMA,0.000927539426924584,EOL_FLOW_EOL_DE_ELMA_INC,0.0,,2.0,2.0,2.0,2.0,1.0,0.5,sensitivity_162,sensitivity_135,circular_routes.eol_allocation_elasticity,1.0,2.0,0.9879150390625,1.9879150390625,parameter_bisection,diagonal_tax_parameter,38,true
sensitivity_162,policy,virgin_metal_tax_tax_0_019914550781250002,virgin_metal_tax,0.019914550781250002,LOCALLY_INFEASIBLE,INFEASIBLE_POINT,true,28.509792285,0.0009326272659146984,0,0.0,0,material_composite_production_SK,eqpzs,IND_SK_NEW_ELMA,0.0009326272659146984,EOL_FLOW_EOL_DE_ELMA_INC,0.0,,2.0,2.0,2.0,2.0,1.0,0.5,sensitivity_162,sensitivity_135,circular_routes.eol_allocation_elasticity,1.0,2.0,0.9957275390625,1.9957275390625,parameter_bisection,diagonal_tax_parameter,39,true
sensitivity_162,policy,virgin_metal_tax_tax_0_02,virgin_metal_tax,0.02,LOCALLY_INFEASIBLE,INFEASIBLE_POINT,true,11.957650209,0.0009491756044899269,0,0.0,0,material_composite_production_REU,eqpzs,IND_REU_NEW_ELMA,0.0009491756044899269,EOL_FLOW_EOL_DE_ELMA_INC,0.0,,2.0,2.0,2.0,2.0,1.0,0.5,sensitivity_162,sensitivity_135,circular_routes.eol_allocation_elasticity,1.0,2.0,1.0,2.0,parameter_bisection,diagonal_tax_parameter,40,true
sensitivity_206,policy,virgin_metal_tax_tax_0_02,virgin_metal_tax,0.02,LOCALLY_INFEASIBLE,INFEASIBLE_POINT,false,44.105087841,0.001042219201252026,1,0.0,0,material_composite_production_REU,eqpzs,IND_REU_NEW_ELMA,0.001042219201252026,EOL_FLOW_EOL_DE_ELMA_INC,0.0,,1.0,2.0,1.0,1.0,2.0,0.5,sensitivity_206,sensitivity_125,circular_routes.eol_productivity_elasticity,1.0,2.0,1.0,2.0,direct_target,diagonal_tax_parameter,1,false
sensitivity_206,policy,virgin_metal_tax_tax_0_01,virgin_metal_tax,0.01,LOCALLY_INFEASIBLE,INFEASIBLE_POINT,true,12.526055104,0.0005354849555981867,0,0.0,0,material_composite_production_REU,eqpzs,IND_REU_NEW_ELMA,0.0005354849555981867,EOL_FLOW_EOL_DE_ELMA_INC,0.0,,1.0,2.0,1.0,1.0,2.0,0.5,sensitivity_206,sensitivity_125,circular_routes.eol_productivity_elasticity,1.0,2.0,0.5,1.5,parameter_bisection,diagonal_tax_parameter,2,true
sensitivity_206,policy,virgin_metal_tax_tax_0_02,virgin_metal_tax,0.02,LOCALLY_INFEASIBLE,INFEASIBLE_POINT,false,43.760480395,0.07927407835154043,1,0.0,0,observed_physical_flow_links,quantity_link,physical_SK_OFMA_REP_route_input_mass,0.07927407835154043,EOL_FLOW_EOL_DE_ELMA_INC,0.0,,1.0,2.0,1.0,1.0,2.0,0.5,sensitivity_206,sensitivity_125,circular_routes.eol_productivity_elasticity,1.0,2.0,1.0,2.0,parameter_bisection,diagonal_tax_parameter,3,false
sensitivity_206,policy,virgin_metal_tax_tax_0_015,virgin_metal_tax,0.015,LOCALLY_INFEASIBLE,INFEASIBLE_POINT,true,16.484835826,0.0007953607816383323,0,0.0,0,material_composite_production_REU,eqpzs,IND_REU_NEW_ELMA,0.0007953607816383323,EOL_FLOW_EOL_DE_ELMA_INC,0.0,,1.0,2.0,1.0,1.0,2.0,0.5,sensitivity_206,sensitivity_125,circular_routes.eol_productivity_elasticity,1.0,2.0,0.75,1.75,parameter_bisection,diagonal_tax_parameter,4,true
sensitivity_206,policy,virgin_metal_tax_tax_0_02,virgin_metal_tax,0.02,LOCALLY_INFEASIBLE,INFEASIBLE_POINT,false,71.30620054,0.006842200013411626,1,0.0,0,observed_physical_flow_links,quantity_link,physical_SK_OFMA_REP_route_input_mass,0.006842200013411626,EOL_FLOW_EOL_DE_ELMA_INC,0.0,,1.0,2.0,1.0,1.0,2.0,0.5,sensitivity_206,sensitivity_125,circular_routes.eol_productivity_elasticity,1.0,2.0,1.0,2.0,parameter_bisection,diagonal_tax_parameter,5,false
sensitivity_206,policy,virgin_metal_tax_tax_0_0175,virgin_metal_tax,0.0175,LOCALLY_INFEASIBLE,INFEASIBLE_POINT,false,12.570124116,0.009278810471169185,1,0.0,0,observed_physical_flow_links,quantity_link,physical_SK_OFMA_REP_route_input_mass,0.009278810471169185,EOL_FLOW_EOL_DE_ELMA_INC,0.0,,1.0,2.0,1.0,1.0,2.0,0.5,sensitivity_206,sensitivity_125,circular_routes.eol_productivity_elasticity,1.0,2.0,0.875,1.875,parameter_bisection,diagonal_tax_parameter,6,false
sensitivity_206,policy,virgin_metal_tax_tax_0_01625,virgin_metal_tax,0.01625,LOCALLY_INFEASIBLE,INFEASIBLE_POINT,true,44.969708147,0.0008712392381363676,0,0.0,0,material_composite_production_REU,eqpzs,IND_REU_NEW_ELMA,0.0008712392381363676,EOL_FLOW_EOL_DE_ELMA_INC,0.0,,1.0,2.0,1.0,1.0,2.0,0.5,sensitivity_206,sensitivity_125,circular_routes.eol_productivity_elasticity,1.0,2.0,0.8125,1.8125,parameter_bisection,diagonal_tax_parameter,7,true
sensitivity_206,policy,virgin_metal_tax_tax_0_01875,virgin_metal_tax,0.01875,LOCALLY_INFEASIBLE,INFEASIBLE_POINT,true,30.945459575,0.0009891227984902828,0,0.0,0,material_composite_production_REU,eqpzs,IND_REU_NEW_ELMA,0.0009891227984902828,EOL_FLOW_EOL_DE_ELMA_INC,0.0,,1.0,2.0,1.0,1.0,2.0,0.5,sensitivity_206,sensitivity_125,circular_routes.eol_productivity_elasticity,1.0,2.0,0.9375,1.9375,parameter_bisection,diagonal_tax_parameter,8,true
sensitivity_206,policy,virgin_metal_tax_tax_0_02,virgin_metal_tax,0.02,LOCALLY_INFEASIBLE,INFEASIBLE_POINT,true,37.996681923,0.0009702774108268919,0,0.0,0,material_composite_production_REU,eqpzs,IND_REU_NEW_ELMA,0.0009702774108268919,EOL_FLOW_EOL_DE_ELMA_INC,0.0,,1.0,2.0,1.0,1.0,2.0,0.5,sensitivity_206,sensitivity_125,circular_routes.eol_productivity_elasticity,1.0,2.0,1.0,2.0,parameter_bisection,diagonal_tax_parameter,9,true
sensitivity_207,policy,virgin_metal_tax_tax_0_02,virgin_metal_tax,0.02,LOCALLY_INFEASIBLE,INFEASIBLE_POINT,false,39.380333633,0.001108955747938567,1,0.0,0,material_composite_production_SK,eqpzs,IND_SK_NEW_ELMA,0.001108955747938567,EOL_FLOW_EOL_DE_ELMA_INC,0.0,,2.0,2.0,1.0,1.0,2.0,0.5,sensitivity_207,sensitivity_045,circular_routes.eol_productivity_elasticity,0.5,2.0,1.0,2.0,direct_target,diagonal_tax_parameter,1,false
sensitivity_207,policy,virgin_metal_tax_tax_0_01,virgin_metal_tax,0.01,LOCALLY_INFEASIBLE,INFEASIBLE_POINT,true,17.500014946,0.0005345100550052662,0,0.0,0,material_composite_production_REU,eqpzs,IND_REU_NEW_ELMA,0.0005345100550052662,EOL_FLOW_EOL_DE_ELMA_INC,0.0,,2.0,2.0,1.0,1.0,2.0,0.5,sensitivity_207,sensitivity_045,circular_routes.eol_productivity_elasticity,0.5,2.0,0.5,1.25,parameter_bisection,diagonal_tax_parameter,2,true
sensitivity_207,policy,virgin_metal_tax_tax_0_02,virgin_metal_tax,0.02,LOCALLY_INFEASIBLE,INFEASIBLE_POINT,false,18.034992399,0.0010730899407551675,1,0.0,0,material_composite_production_REU,eqpzs,IND_REU_NEW_ELMA,0.0010730899407551675,EOL_FLOW_EOL_DE_ELMA_INC,0.0,,2.0,2.0,1.0,1.0,2.0,0.5,sensitivity_207,sensitivity_045,circular_routes.eol_productivity_elasticity,0.5,2.0,1.0,2.0,parameter_bisection,diagonal_tax_parameter,3,false
sensitivity_207,policy,virgin_metal_tax_tax_0_015,virgin_metal_tax,0.015,LOCALLY_INFEASIBLE,INFEASIBLE_POINT,true,11.879464748,0.0007355577673062719,0,0.0,0,material_composite_production_REU,eqpzs,IND_REU_NEW_ELMA,0.0007355577673062719,EOL_FLOW_EOL_DE_ELMA_INC,0.0,,2.0,2.0,1.0,1.0,2.0,0.5,sensitivity_207,sensitivity_045,circular_routes.eol_productivity_elasticity,0.5,2.0,0.75,1.625,parameter_bisection,diagonal_tax_parameter,4,true
sensitivity_207,policy,virgin_metal_tax_tax_0_02,virgin_metal_tax,0.02,LOCALLY_INFEASIBLE,INFEASIBLE_POINT,false,25.637438397,0.0010613373638604928,1,0.0,0,material_composite_production_REU,eqpzs,IND_REU_NEW_ELMA,0.0010613373638604928,EOL_FLOW_EOL_DE_ELMA_INC,0.0,,2.0,2.0,1.0,1.0,2.0,0.5,sensitivity_207,sensitivity_045,circular_routes.eol_productivity_elasticity,0.5,2.0,1.0,2.0,parameter_bisection,diagonal_tax_parameter,5,false
sensitivity_207,policy,virgin_metal_tax_tax_0_0175,virgin_metal_tax,0.0175,LOCALLY_INFEASIBLE,INFEASIBLE_POINT,true,21.2678447,0.0009049727563915644,0,0.0,0,material_composite_production_REU,eqpzs,IND_REU_NEW_ELMA,0.0009049727563915644,EOL_FLOW_EOL_DE_ELMA_INC,0.0,,2.0,2.0,1.0,1.0,2.0,0.5,sensitivity_207,sensitivity_045,circular_routes.eol_productivity_elasticity,0.5,2.0,0.875,1.8125,parameter_bisection,diagonal_tax_parameter,6,true
sensitivity_207,policy,virgin_metal_tax_tax_0_02,virgin_metal_tax,0.02,LOCALLY_INFEASIBLE,INFEASIBLE_POINT,false,59.671494151,0.00285546922221247,1,0.0,0,observed_physical_flow_links,quantity_link,physical_SK_OFMA_REP_route_input_mass,0.00285546922221247,EOL_FLOW_EOL_DE_ELMA_INC,0.0,,2.0,2.0,1.0,1.0,2.0,0.5,sensitivity_207,sensitivity_045,circular_routes.eol_productivity_elasticity,0.5,2.0,1.0,2.0,parameter_bisection,diagonal_tax_parameter,7,false
sensitivity_207,policy,virgin_metal_tax_tax_0_01875,virgin_metal_tax,0.01875,LOCALLY_INFEASIBLE,INFEASIBLE_POINT,false,36.640109969,0.0011546753821658484,2,0.0,0,material_composite_production_SK,eqpzs,IND_SK_NEW_ELMA,0.0011546753821658484,EOL_FLOW_EOL_DE_ELMA_INC,0.0,,2.0,2.0,1.0,1.0,2.0,0.5,sensitivity_207,sensitivity_045,circular_routes.eol_productivity_elasticity,0.5,2.0,0.9375,1.90625,parameter_bisection,diagonal_tax_parameter,8,false
sensitivity_207,policy,virgin_metal_tax_tax_0_018125,virgin_metal_tax,0.018125,LOCALLY_INFEASIBLE,INFEASIBLE_POINT,false,24.568628189,0.0011243405768680548,1,0.0,0,material_composite_production_SK,eqpzs,IND_SK_NEW_ELMA,0.0011243405768680548,EOL_FLOW_EOL_DE_ELMA_INC,0.0,,2.0,2.0,1.0,1.0,2.0,0.5,sensitivity_207,sensitivity_045,circular_routes.eol_productivity_elasticity,0.5,2.0,0.90625,1.859375,parameter_bisection,diagonal_tax_parameter,9,false
sensitivity_207,policy,virgin_metal_tax_tax_0_017812500000000002,virgin_metal_tax,0.017812500000000002,LOCALLY_INFEASIBLE,INFEASIBLE_POINT,true,7.81541816,0.0009388228310642788,0,0.0,0,material_composite_production_REU,eqpzs,IND_REU_NEW_ELMA,0.0009388228310642788,EOL_FLOW_EOL_DE_ELMA_INC,0.0,,2.0,2.0,1.0,1.0,2.0,0.5,sensitivity_207,sensitivity_045,circular_routes.eol_productivity_elasticity,0.5,2.0,0.890625,1.8359375,parameter_bisection,diagonal_tax_parameter,10,true
sensitivity_207,policy,virgin_metal_tax_tax_0_0184375,virgin_metal_tax,0.0184375,LOCALLY_INFEASIBLE,INFEASIBLE_POINT,true,16.000858433,0.0009424776317930039,0,0.0,0,material_composite_production_REU,eqpzs,IND_REU_NEW_ELMA,0.0009424776317930039,EOL_FLOW_EOL_DE_ELMA_INC,0.0,,2.0,2.0,1.0,1.0,2.0,0.5,sensitivity_207,sensitivity_045,circular_routes.eol_productivity_elasticity,0.5,2.0,0.921875,1.8828125,parameter_bisection,diagonal_tax_parameter,11,true
sensitivity_207,policy,virgin_metal_tax_tax_0_0196875,virgin_metal_tax,0.0196875,OTHER_ERROR,NEARLY_FEASIBLE_POINT,false,72.530019742,0.0008657281809956174,0,9.991100205710586e-9,0,eu_wide_eol_allocation,eu_wide_eol_allocation,OFMA|EOL_SK_OFMA_REU,0.0008657281809956174,Y_IND_SK_NEW_OFMA,9.991100205710586e-9,,2.0,2.0,1.0,1.0,2.0,0.5,sensitivity_207,sensitivity_045,circular_routes.eol_productivity_elasticity,0.5,2.0,0.984375,1.9765625,parameter_bisection,diagonal_tax_parameter,12,false
sensitivity_207,policy,virgin_metal_tax_tax_0_0190625,virgin_metal_tax,0.0190625,LOCALLY_INFEASIBLE,INFEASIBLE_POINT,false,20.027254288,0.0010680704772147998,1,0.0,0,material_composite_production_SK,eqpzs,IND_SK_NEW_ELMA,0.0010680704772147998,EOL_FLOW_EOL_DE_ELMA_INC,0.0,,2.0,2.0,1.0,1.0,2.0,0.5,sensitivity_207,sensitivity_045,circular_routes.eol_productivity_elasticity,0.5,2.0,0.953125,1.9296875,parameter_bisection,diagonal_tax_parameter,13,false
sensitivity_207,policy,virgin_metal_tax_tax_0_01875,virgin_metal_tax,0.01875,LOCALLY_INFEASIBLE,INFEASIBLE_POINT,true,8.964502034,0.0009549315984833662,0,0.0,0,material_composite_production_REU,eqpzs,IND_REU_NEW_ELMA,0.0009549315984833662,EOL_FLOW_EOL_DE_ELMA_INC,0.0,,2.0,2.0,1.0,1.0,2.0,0.5,sensitivity_207,sensitivity_045,circular_routes.eol_productivity_elasticity,0.5,2.0,0.9375,1.90625,parameter_bisection,diagonal_tax_parameter,14,true
sensitivity_207,policy,virgin_metal_tax_tax_0_019375,virgin_metal_tax,0.019375,LOCALLY_INFEASIBLE,INFEASIBLE_POINT,false,14.505055887,0.001018946214811578,1,0.0,0,material_composite_production_REU,eqpzs,IND_REU_NEW_ELMA,0.001018946214811578,EOL_FLOW_EOL_DE_ELMA_INC,0.0,,2.0,2.0,1.0,1.0,2.0,0.5,sensitivity_207,sensitivity_045,circular_routes.eol_productivity_elasticity,0.5,2.0,0.96875,1.953125,parameter_bisection,diagonal_tax_parameter,15,false
sensitivity_207,policy,virgin_metal_tax_tax_0_0190625,virgin_metal_tax,0.0190625,LOCALLY_INFEASIBLE,INFEASIBLE_POINT,true,18.502121542,0.0009823738739592747,0,0.0,0,material_composite_production_REU,eqpzs,IND_REU_NEW_ELMA,0.0009823738739592747,EOL_FLOW_EOL_DE_ELMA_INC,0.0,,2.0,2.0,1.0,1.0,2.0,0.5,sensitivity_207,sensitivity_045,circular_routes.eol_productivity_elasticity,0.5,2.0,0.953125,1.9296875,parameter_bisection,diagonal_tax_parameter,16,true
sensitivity_207,policy,virgin_metal_tax_tax_0_0196875,virgin_metal_tax,0.0196875,LOCALLY_INFEASIBLE,INFEASIBLE_POINT,false,34.391253496,0.007450257896892798,1,0.0,0,observed_physical_flow_links,quantity_link,physical_SK_OFMA_REP_route_input_mass,0.007450257896892798,EOL_FLOW_EOL_DE_ELMA_INC,0.0,,2.0,2.0,1.0,1.0,2.0,0.5,sensitivity_207,sensitivity_045,circular_routes.eol_productivity_elasticity,0.5,2.0,0.984375,1.9765625,parameter_bisection,diagonal_tax_parameter,17,false
sensitivity_207,policy,virgin_metal_tax_tax_0_019375,virgin_metal_tax,0.019375,LOCALLY_INFEASIBLE,INFEASIBLE_POINT,false,17.729128523,0.0011722202447322916,1,0.0,0,material_composite_production_SK,eqpzs,IND_SK_NEW_ELMA,0.0011722202447322916,EOL_FLOW_EOL_DE_ELMA_INC,0.0,,2.0,2.0,1.0,1.0,2.0,0.5,sensitivity_207,sensitivity_045,circular_routes.eol_productivity_elasticity,0.5,2.0,0.96875,1.953125,parameter_bisection,diagonal_tax_parameter,18,false
sensitivity_207,policy,virgin_metal_tax_tax_0_01921875,virgin_metal_tax,0.01921875,LOCALLY_INFEASIBLE,INFEASIBLE_POINT,false,17.140648529,0.0011396626893152018,1,0.0,0,material_composite_production_SK,eqpzs,IND_SK_NEW_ELMA,0.0011396626893152018,EOL_FLOW_EOL_DE_ELMA_INC,0.0,,2.0,2.0,1.0,1.0,2.0,0.5,sensitivity_207,sensitivity_045,circular_routes.eol_productivity_elasticity,0.5,2.0,0.9609375,1.94140625,parameter_bisection,diagonal_tax_parameter,19,false
sensitivity_207,policy,virgin_metal_tax_tax_0_019140625,virgin_metal_tax,0.019140625,LOCALLY_INFEASIBLE,INFEASIBLE_POINT,true,26.755070305,0.0008974497921092617,0,0.0,0,material_composite_production_REU,eqpzs,IND_REU_NEW_ELMA,0.0008974497921092617,EOL_FLOW_EOL_DE_ELMA_INC,0.0,,2.0,2.0,1.0,1.0,2.0,0.5,sensitivity_207,sensitivity_045,circular_routes.eol_productivity_elasticity,0.5,2.0,0.95703125,1.935546875,parameter_bisection,diagonal_tax_parameter,20,true
sensitivity_207,policy,virgin_metal_tax_tax_0_019296875,virgin_metal_tax,0.019296875,LOCALLY_INFEASIBLE,INFEASIBLE_POINT,true,14.346874013,0.0008723323563345486,0,6.862747016489703e-10,0,material_composite_production_REU,eqpzs,IND_REU_NEW_ELMA,0.0008723323563345486,X_IND_SK_REP_OFMA_IND_SK_REP_OFMA,6.862747016489703e-10,,2.0,2.0,1.0,1.0,2.0,0.5,sensitivity_207,sensitivity_045,circular_routes.eol_productivity_elasticity,0.5,2.0,0.96484375,1.947265625,parameter_bisection,diagonal_tax_parameter,21,true
sensitivity_207,policy,virgin_metal_tax_tax_0_019609375000000002,virgin_metal_tax,0.019609375000000002,LOCALLY_INFEASIBLE,INFEASIBLE_POINT,false,29.660495173,0.0011459128966812004,1,0.0,0,material_composite_production_SK,eqpzs,IND_SK_NEW_ELMA,0.0011459128966812004,EOL_FLOW_EOL_DE_ELMA_INC,0.0,,2.0,2.0,1.0,1.0,2.0,0.5,sensitivity_207,sensitivity_045,circular_routes.eol_productivity_elasticity,0.5,2.0,0.98046875,1.970703125,parameter_bisection,diagonal_tax_parameter,22,false
sensitivity_207,policy,virgin_metal_tax_tax_0_019453125,virgin_metal_tax,0.019453125,LOCALLY_INFEASIBLE,INFEASIBLE_POINT,false,10.292011223,0.0010318765076332559,1,0.0,0,material_composite_production_SK,eqpzs,IND_SK_NEW_ELMA,0.0010318765076332559,EOL_FLOW_EOL_DE_ELMA_INC,0.0,,2.0,2.0,1.0,1.0,2.0,0.5,sensitivity_207,sensitivity_045,circular_routes.eol_productivity_elasticity,0.5,2.0,0.97265625,1.958984375,parameter_bisection,diagonal_tax_parameter,23,false
sensitivity_207,policy,virgin_metal_tax_tax_0_019375,virgin_metal_tax,0.019375,LOCALLY_INFEASIBLE,INFEASIBLE_POINT,true,52.884733681,0.0008905405769665808,0,0.0,0,material_composite_production_REU,eqpzs,IND_REU_NEW_ELMA,0.0008905405769665808,EOL_FLOW_EOL_DE_ELMA_INC,0.0,,2.0,2.0,1.0,1.0,2.0,0.5,sensitivity_207,sensitivity_045,circular_routes.eol_productivity_elasticity,0.5,2.0,0.96875,1.953125,parameter_bisection,diagonal_tax_parameter,24,true
sensitivity_207,policy,virgin_metal_tax_tax_0_01953125,virgin_metal_tax,0.01953125,LOCALLY_INFEASIBLE,INFEASIBLE_POINT,false,17.114923147,0.001163369132837544,1,0.0,0,material_composite_production_SK,eqpzs,IND_SK_NEW_ELMA,0.001163369132837544,EOL_FLOW_EOL_DE_ELMA_INC,0.0,,2.0,2.0,1.0,1.0,2.0,0.5,sensitivity_207,sensitivity_045,circular_routes.eol_productivity_elasticity,0.5,2.0,0.9765625,1.96484375,parameter_bisection,diagonal_tax_parameter,25,false
sensitivity_207,policy,virgin_metal_tax_tax_0_019453125,virgin_metal_tax,0.019453125,LOCALLY_INFEASIBLE,INFEASIBLE_POINT,true,9.359799981,0.0008892207513390149,0,0.0,0,material_composite_production_SK,eqpzs,IND_SK_NEW_ELMA,0.0008892207513390149,EOL_FLOW_EOL_DE_ELMA_INC,0.0,,2.0,2.0,1.0,1.0,2.0,0.5,sensitivity_207,sensitivity_045,circular_routes.eol_productivity_elasticity,0.5,2.0,0.97265625,1.958984375,parameter_bisection,diagonal_tax_parameter,26,true
sensitivity_207,policy,virgin_metal_tax_tax_0_019609375000000002,virgin_metal_tax,0.019609375000000002,LOCALLY_INFEASIBLE,INFEASIBLE_POINT,true,16.734199111,0.0009604042939387325,0,0.0,0,material_composite_production_SK,eqpzs,IND_SK_NEW_ELMA,0.0009604042939387325,EOL_FLOW_EOL_DE_ELMA_INC,0.0,,2.0,2.0,1.0,1.0,2.0,0.5,sensitivity_207,sensitivity_045,circular_routes.eol_productivity_elasticity,0.5,2.0,0.98046875,1.970703125,parameter_bisection,diagonal_tax_parameter,27,true
sensitivity_207,policy,virgin_metal_tax_tax_0_019921875000000002,virgin_metal_tax,0.019921875000000002,LOCALLY_INFEASIBLE,INFEASIBLE_POINT,true,11.756189596,0.0009650236780449628,0,0.0,0,material_composite_production_SK,eqpzs,IND_SK_NEW_ELMA,0.0009650236780449628,EOL_FLOW_EOL_DE_ELMA_INC,0.0,,2.0,2.0,1.0,1.0,2.0,0.5,sensitivity_207,sensitivity_045,circular_routes.eol_productivity_elasticity,0.5,2.0,0.99609375,1.994140625,parameter_bisection,diagonal_tax_parameter,28,true
sensitivity_207,policy,virgin_metal_tax_tax_0_02,virgin_metal_tax,0.02,LOCALLY_INFEASIBLE,INFEASIBLE_POINT,true,13.366847746,0.0009649853745349324,0,0.0,0,material_composite_production_SK,eqpzs,IND_SK_NEW_ELMA,0.0009649853745349324,EOL_FLOW_EOL_DE_ELMA_INC,0.0,,2.0,2.0,1.0,1.0,2.0,0.5,sensitivity_207,sensitivity_045,circular_routes.eol_productivity_elasticity,0.5,2.0,1.0,2.0,parameter_bisection,diagonal_tax_parameter,29,true
sensitivity_386,policy,virgin_metal_tax_tax_0_02,virgin_metal_tax,0.02,LOCALLY_INFEASIBLE,INFEASIBLE_POINT,false,29.857049247,0.0010166295311943019,1,0.0,0,material_composite_production_REU,eqpzs,IND_REU_NEW_ELMA,0.0010166295311943019,EOL_FLOW_EOL_DE_ELMA_INC,0.0,,1.0,2.0,0.5,2.0,1.0,1.0,sensitivity_386,sensitivity_332,circular_routes.eol_allocation_elasticity,0.5,2.0,1.0,2.0,direct_target,diagonal_tax_parameter,1,false
sensitivity_386,policy,virgin_metal_tax_tax_0_01,virgin_metal_tax,0.01,LOCALLY_INFEASIBLE,INFEASIBLE_POINT,true,7.694299329,0.0005316147126043225,0,0.0,0,material_composite_production_REU,eqpzs,IND_REU_NEW_ELMA,0.0005316147126043225,EOL_FLOW_EOL_DE_ELMA_INC,0.0,,1.0,2.0,0.5,2.0,1.0,1.0,sensitivity_386,sensitivity_332,circular_routes.eol_allocation_elasticity,0.5,2.0,0.5,1.25,parameter_bisection,diagonal_tax_parameter,2,true
sensitivity_386,policy,virgin_metal_tax_tax_0_02,virgin_metal_tax,0.02,LOCALLY_INFEASIBLE,INFEASIBLE_POINT,false,32.026236598,0.0010679242974837022,1,0.0,0,material_composite_production_REU,eqpzs,IND_REU_NEW_ELMA,0.0010679242974837022,EOL_FLOW_EOL_DE_ELMA_INC,0.0,,1.0,2.0,0.5,2.0,1.0,1.0,sensitivity_386,sensitivity_332,circular_routes.eol_allocation_elasticity,0.5,2.0,1.0,2.0,parameter_bisection,diagonal_tax_parameter,3,false
sensitivity_386,policy,virgin_metal_tax_tax_0_015,virgin_metal_tax,0.015,LOCALLY_INFEASIBLE,INFEASIBLE_POINT,true,13.207940232,0.0007629132625924795,0,0.0,0,material_composite_production_REU,eqpzs,IND_REU_NEW_ELMA,0.0007629132625924795,EOL_FLOW_EOL_DE_ELMA_INC,0.0,,1.0,2.0,0.5,2.0,1.0,1.0,sensitivity_386,sensitivity_332,circular_routes.eol_allocation_elasticity,0.5,2.0,0.75,1.625,parameter_bisection,diagonal_tax_parameter,4,true
sensitivity_386,policy,virgin_metal_tax_tax_0_02,virgin_metal_tax,0.02,LOCALLY_INFEASIBLE,INFEASIBLE_POINT,false,23.454495106,0.0010791761960354807,1,9.81185348771484e-9,0,material_composite_production_REU,eqpzs,IND_REU_NEW_ELMA,0.0010791761960354807,F_FAC_FR_CAP_IND_FR_REP_OFMA,9.81185348771484e-9,,1.0,2.0,0.5,2.0,1.0,1.0,sensitivity_386,sensitivity_332,circular_routes.eol_allocation_elasticity,0.5,2.0,1.0,2.0,parameter_bisection,diagonal_tax_parameter,5,false
sensitivity_386,policy,virgin_metal_tax_tax_0_0175,virgin_metal_tax,0.0175,LOCALLY_INFEASIBLE,INFEASIBLE_POINT,false,51.082250029,0.010715644789796142,1,0.0,0,observed_physical_flow_links,quantity_link,physical_SK_OFMA_REP_route_input_mass,0.010715644789796142,EOL_FLOW_EOL_DE_ELMA_INC,0.0,,1.0,2.0,0.5,2.0,1.0,1.0,sensitivity_386,sensitivity_332,circular_routes.eol_allocation_elasticity,0.5,2.0,0.875,1.8125,parameter_bisection,diagonal_tax_parameter,6,false
sensitivity_386,policy,virgin_metal_tax_tax_0_01625,virgin_metal_tax,0.01625,LOCALLY_INFEASIBLE,INFEASIBLE_POINT,true,25.840523479,0.0008560498311409592,0,0.0,0,material_composite_production_REU,eqpzs,IND_REU_NEW_ELMA,0.0008560498311409592,EOL_FLOW_EOL_DE_ELMA_INC,0.0,,1.0,2.0,0.5,2.0,1.0,1.0,sensitivity_386,sensitivity_332,circular_routes.eol_allocation_elasticity,0.5,2.0,0.8125,1.71875,parameter_bisection,diagonal_tax_parameter,7,true
sensitivity_386,policy,virgin_metal_tax_tax_0_01875,virgin_metal_tax,0.01875,LOCALLY_INFEASIBLE,INFEASIBLE_POINT,true,33.390538392,0.0009993823793812417,0,0.0,0,material_composite_production_REU,eqpzs,IND_REU_NEW_ELMA,0.0009993823793812417,EOL_FLOW_EOL_DE_ELMA_INC,0.0,,1.0,2.0,0.5,2.0,1.0,1.0,sensitivity_386,sensitivity_332,circular_routes.eol_allocation_elasticity,0.5,2.0,0.9375,1.90625,parameter_bisection,diagonal_tax_parameter,8,true
sensitivity_386,policy,virgin_metal_tax_tax_0_02,virgin_metal_tax,0.02,LOCALLY_INFEASIBLE,INFEASIBLE_POINT,false,48.223314005,0.0010072421309085255,1,0.0,0,material_composite_production_REU,eqpzs,IND_REU_NEW_ELMA,0.0010072421309085255,EOL_FLOW_EOL_DE_ELMA_INC,0.0,,1.0,2.0,0.5,2.0,1.0,1.0,sensitivity_386,sensitivity_332,circular_routes.eol_allocation_elasticity,0.5,2.0,1.0,2.0,parameter_bisection,diagonal_tax_parameter,9,false
sensitivity_386,policy,virgin_metal_tax_tax_0_019375,virgin_metal_tax,0.019375,LOCALLY_INFEASIBLE,INFEASIBLE_POINT,false,45.208987499,0.0064314669676026615,1,0.0,0,observed_physical_flow_links,quantity_link,physical_SK_OFMA_REP_route_input_mass,0.0064314669676026615,EOL_FLOW_EOL_DE_ELMA_INC,0.0,,1.0,2.0,0.5,2.0,1.0,1.0,sensitivity_386,sensitivity_332,circular_routes.eol_allocation_elasticity,0.5,2.0,0.96875,1.953125,parameter_bisection,diagonal_tax_parameter,10,false
sensitivity_386,policy,virgin_metal_tax_tax_0_0190625,virgin_metal_tax,0.0190625,LOCALLY_INFEASIBLE,INFEASIBLE_POINT,false,61.871235982,0.0028725900743074018,1,0.0,0,observed_physical_flow_links,quantity_link,physical_SK_OFMA_REP_route_input_mass,0.0028725900743074018,EOL_FLOW_EOL_DE_ELMA_INC,0.0,,1.0,2.0,0.5,2.0,1.0,1.0,sensitivity_386,sensitivity_332,circular_routes.eol_allocation_elasticity,0.5,2.0,0.953125,1.9296875,parameter_bisection,diagonal_tax_parameter,11,false
sensitivity_386,policy,virgin_metal_tax_tax_0_01890625,virgin_metal_tax,0.01890625,LOCALLY_INFEASIBLE,INFEASIBLE_POINT,true,14.587203561,0.0009916264267612052,0,0.0,0,material_composite_production_REU,eqpzs,IND_REU_NEW_ELMA,0.0009916264267612052,EOL_FLOW_EOL_DE_ELMA_INC,0.0,,1.0,2.0,0.5,2.0,1.0,1.0,sensitivity_386,sensitivity_332,circular_routes.eol_allocation_elasticity,0.5,2.0,0.9453125,1.91796875,parameter_bisection,diagonal_tax_parameter,12,true
sensitivity_386,policy,virgin_metal_tax_tax_0_01921875,virgin_metal_tax,0.01921875,LOCALLY_INFEASIBLE,INFEASIBLE_POINT,true,48.708867211,0.000996158051452034,0,0.0,0,material_composite_production_REU,eqpzs,IND_REU_NEW_ELMA,0.000996158051452034,EOL_FLOW_EOL_DE_ELMA_INC,0.0,,1.0,2.0,0.5,2.0,1.0,1.0,sensitivity_386,sensitivity_332,circular_routes.eol_allocation_elasticity,0.5,2.0,0.9609375,1.94140625,parameter_bisection,diagonal_tax_parameter,13,true
sensitivity_386,policy,virgin_metal_tax_tax_0_01984375,virgin_metal_tax,0.01984375,LOCALLY_INFEASIBLE,INFEASIBLE_POINT,false,44.587070684,0.0010580343043751217,1,0.0,0,material_composite_production_REU,eqpzs,IND_REU_NEW_ELMA,0.0010580343043751217,EOL_FLOW_EOL_DE_ELMA_INC,0.0,,1.0,2.0,0.5,2.0,1.0,1.0,sensitivity_386,sensitivity_332,circular_routes.eol_allocation_elasticity,0.5,2.0,0.9921875,1.98828125,parameter_bisection,diagonal_tax_parameter,14,false
sensitivity_386,policy,virgin_metal_tax_tax_0_01953125,virgin_metal_tax,0.01953125,LOCALLY_INFEASIBLE,INFEASIBLE_POINT,false,29.77542196,0.0010530307411299455,1,0.0,0,material_composite_production_REU,eqpzs,IND_REU_NEW_ELMA,0.0010530307411299455,EOL_FLOW_EOL_DE_ELMA_INC,0.0,,1.0,2.0,0.5,2.0,1.0,1.0,sensitivity_386,sensitivity_332,circular_routes.eol_allocation_elasticity,0.5,2.0,0.9765625,1.96484375,parameter_bisection,diagonal_tax_parameter,15,false
sensitivity_386,policy,virgin_metal_tax_tax_0_019375,virgin_metal_tax,0.019375,LOCALLY_INFEASIBLE,INFEASIBLE_POINT,false,27.408453185,0.0010313798632092253,1,0.0,0,material_composite_production_REU,eqpzs,IND_REU_NEW_ELMA,0.0010313798632092253,EOL_FLOW_EOL_DE_ELMA_INC,0.0,,1.0,2.0,0.5,2.0,1.0,1.0,sensitivity_386,sensitivity_332,circular_routes.eol_allocation_elasticity,0.5,2.0,0.96875,1.953125,parameter_bisection,diagonal_tax_parameter,16,false
sensitivity_386,policy,virgin_metal_tax_tax_0_019296875,virgin_metal_tax,0.019296875,LOCALLY_INFEASIBLE,INFEASIBLE_POINT,false,46.242669906,0.0010393107947410662,1,0.0,0,material_composite_production_REU,eqpzs,IND_REU_NEW_ELMA,0.0010393107947410662,EOL_FLOW_EOL_DE_ELMA_INC,0.0,,1.0,2.0,0.5,2.0,1.0,1.0,sensitivity_386,sensitivity_332,circular_routes.eol_allocation_elasticity,0.5,2.0,0.96484375,1.947265625,parameter_bisection,diagonal_tax_parameter,17,false
sensitivity_386,policy,virgin_metal_tax_tax_0_0192578125,virgin_metal_tax,0.0192578125,LOCALLY_INFEASIBLE,INFEASIBLE_POINT,false,43.470211205,0.0010250921028461812,1,0.0,0,material_composite_production_REU,eqpzs,IND_REU_NEW_ELMA,0.0010250921028461812,EOL_FLOW_EOL_DE_ELMA_INC,0.0,,1.0,2.0,0.5,2.0,1.0,1.0,sensitivity_386,sensitivity_332,circular_routes.eol_allocation_elasticity,0.5,2.0,0.962890625,1.9443359375,parameter_bisection,diagonal_tax_parameter,18,false
sensitivity_386,policy,virgin_metal_tax_tax_0_01923828125,virgin_metal_tax,0.01923828125,LOCALLY_INFEASIBLE,INFEASIBLE_POINT,false,20.437266769,0.0010360101125538312,1,0.0,0,material_composite_production_REU,eqpzs,IND_REU_NEW_ELMA,0.0010360101125538312,EOL_FLOW_EOL_DE_ELMA_INC,0.0,,1.0,2.0,0.5,2.0,1.0,1.0,sensitivity_386,sensitivity_332,circular_routes.eol_allocation_elasticity,0.5,2.0,0.9619140625,1.94287109375,parameter_bisection,diagonal_tax_parameter,19,false
sensitivity_386,policy,virgin_metal_tax_tax_0_019228515625,virgin_metal_tax,0.019228515625,LOCALLY_INFEASIBLE,INFEASIBLE_POINT,false,6.648957538,0.0010028840825725416,1,0.0,0,material_composite_production_REU,eqpzs,IND_REU_NEW_ELMA,0.0010028840825725416,EOL_FLOW_EOL_DE_ELMA_INC,0.0,,1.0,2.0,0.5,2.0,1.0,1.0,sensitivity_386,sensitivity_332,circular_routes.eol_allocation_elasticity,0.5,2.0,0.96142578125,1.942138671875,parameter_bisection,diagonal_tax_parameter,20,false
sensitivity_386,policy,virgin_metal_tax_tax_0_0192236328125,virgin_metal_tax,0.0192236328125,LOCALLY_INFEASIBLE,INFEASIBLE_POINT,false,8.577456711,0.0010269947304564209,1,0.0,0,material_composite_production_REU,eqpzs,IND_REU_NEW_ELMA,0.0010269947304564209,EOL_FLOW_EOL_DE_ELMA_INC,0.0,,1.0,2.0,0.5,2.0,1.0,1.0,sensitivity_386,sensitivity_332,circular_routes.eol_allocation_elasticity,0.5,2.0,0.961181640625,1.9417724609375,parameter_bisection,diagonal_tax_parameter,21,false
sensitivity_386,policy,virgin_metal_tax_tax_0_01922119140625,virgin_metal_tax,0.01922119140625,LOCALLY_INFEASIBLE,INFEASIBLE_POINT,false,8.915206293,0.0010334459731649037,1,0.0,0,material_composite_production_REU,eqpzs,IND_REU_NEW_ELMA,0.0010334459731649037,EOL_FLOW_EOL_DE_ELMA_INC,0.0,,1.0,2.0,0.5,2.0,1.0,1.0,sensitivity_386,sensitivity_332,circular_routes.eol_allocation_elasticity,0.5,2.0,0.9610595703125,1.94158935546875,parameter_bisection,diagonal_tax_parameter,22,false
sensitivity_387,policy,virgin_metal_tax_tax_0_02,virgin_metal_tax,0.02,LOCALLY_INFEASIBLE,INFEASIBLE_POINT,false,27.696782949,0.001169637471430507,1,0.0,0,material_composite_production_SK,eqpzs,IND_SK_NEW_ELMA,0.001169637471430507,EOL_FLOW_EOL_DE_ELMA_INC,0.0,,2.0,2.0,0.5,2.0,1.0,1.0,sensitivity_387,sensitivity_381,trade.cet_transformation_elasticity,0.5,2.0,1.0,2.0,direct_target,diagonal_tax_parameter,1,false
sensitivity_387,policy,virgin_metal_tax_tax_0_01,virgin_metal_tax,0.01,LOCALLY_INFEASIBLE,INFEASIBLE_POINT,true,17.419741331,0.0006347689797131517,0,0.0,0,material_composite_production_SK,eqpzs,IND_SK_NEW_ELMA,0.0006347689797131517,EOL_FLOW_EOL_DE_ELMA_INC,0.0,,2.0,2.0,0.5,2.0,1.0,1.0,sensitivity_387,sensitivity_381,trade.cet_transformation_elasticity,0.5,2.0,0.5,1.25,parameter_bisection,diagonal_tax_parameter,2,true
sensitivity_387,policy,virgin_metal_tax_tax_0_02,virgin_metal_tax,0.02,LOCALLY_INFEASIBLE,INFEASIBLE_POINT,false,54.093964206,0.0010296129463619463,1,0.0,0,material_composite_production_REU,eqpzs,IND_REU_NEW_ELMA,0.0010296129463619463,EOL_FLOW_EOL_DE_ELMA_INC,0.0,,2.0,2.0,0.5,2.0,1.0,1.0,sensitivity_387,sensitivity_381,trade.cet_transformation_elasticity,0.5,2.0,1.0,2.0,parameter_bisection,diagonal_tax_parameter,3,false
sensitivity_387,policy,virgin_metal_tax_tax_0_015,virgin_metal_tax,0.015,LOCALLY_INFEASIBLE,INFEASIBLE_POINT,true,27.464991832,0.00094427087084481,0,0.0,0,material_composite_production_SK,eqpzs,IND_SK_NEW_ELMA,0.00094427087084481,EOL_FLOW_EOL_DE_ELMA_INC,0.0,,2.0,2.0,0.5,2.0,1.0,1.0,sensitivity_387,sensitivity_381,trade.cet_transformation_elasticity,0.5,2.0,0.75,1.625,parameter_bisection,diagonal_tax_parameter,4,true
sensitivity_387,policy,virgin_metal_tax_tax_0_02,virgin_metal_tax,0.02,LOCALLY_INFEASIBLE,INFEASIBLE_POINT,false,13.314823965,0.0012567217921283236,2,0.0,0,material_composite_production_SK,eqpzs,IND_SK_NEW_ELMA,0.0012567217921283236,EOL_FLOW_EOL_DE_ELMA_INC,0.0,,2.0,2.0,0.5,2.0,1.0,1.0,sensitivity_387,sensitivity_381,trade.cet_transformation_elasticity,0.5,2.0,1.0,2.0,parameter_bisection,diagonal_tax_parameter,5,false
sensitivity_387,policy,virgin_metal_tax_tax_0_0175,virgin_metal_tax,0.0175,LOCALLY_INFEASIBLE,INFEASIBLE_POINT,true,77.365961087,0.0009675645228661711,0,0.0,0,material_composite_production_SK,eqpzs,IND_SK_NEW_ELMA,0.0009675645228661711,EOL_FLOW_EOL_DE_ELMA_INC,0.0,,2.0,2.0,0.5,2.0,1.0,1.0,sensitivity_387,sensitivity_381,trade.cet_transformation_elasticity,0.5,2.0,0.875,1.8125,parameter_bisection,diagonal_tax_parameter,6,true
sensitivity_387,policy,virgin_metal_tax_tax_0_02,virgin_metal_tax,0.02,LOCALLY_INFEASIBLE,INFEASIBLE_POINT,false,12.653432296,0.001044467876193278,1,0.0,0,material_composite_production_SK,eqpzs,IND_SK_NEW_ELMA,0.001044467876193278,EOL_FLOW_EOL_DE_ELMA_INC,0.0,,2.0,2.0,0.5,2.0,1.0,1.0,sensitivity_387,sensitivity_381,trade.cet_transformation_elasticity,0.5,2.0,1.0,2.0,parameter_bisection,diagonal_tax_parameter,7,false
sensitivity_387,policy,virgin_metal_tax_tax_0_01875,virgin_metal_tax,0.01875,LOCALLY_INFEASIBLE,INFEASIBLE_POINT,false,10.127410687,0.0010528246299967847,1,0.0,0,material_composite_production_SK,eqpzs,IND_SK_NEW_ELMA,0.0010528246299967847,EOL_FLOW_EOL_DE_ELMA_INC,0.0,,2.0,2.0,0.5,2.0,1.0,1.0,sensitivity_387,sensitivity_381,trade.cet_transformation_elasticity,0.5,2.0,0.9375,1.90625,parameter_bisection,diagonal_tax_parameter,8,false
sensitivity_387,policy,virgin_metal_tax_tax_0_018125,virgin_metal_tax,0.018125,LOCALLY_INFEASIBLE,INFEASIBLE_POINT,false,19.669473653,0.0011282756774809721,1,0.0,0,material_composite_production_SK,eqpzs,IND_SK_NEW_ELMA,0.0011282756774809721,EOL_FLOW_EOL_DE_ELMA_INC,0.0,,2.0,2.0,0.5,2.0,1.0,1.0,sensitivity_387,sensitivity_381,trade.cet_transformation_elasticity,0.5,2.0,0.90625,1.859375,parameter_bisection,diagonal_tax_parameter,9,false
sensitivity_387,policy,virgin_metal_tax_tax_0_017812500000000002,virgin_metal_tax,0.017812500000000002,LOCALLY_INFEASIBLE,INFEASIBLE_POINT,false,54.875884728,0.0010966365889036878,1,0.0,0,material_composite_production_SK,eqpzs,IND_SK_NEW_ELMA,0.0010966365889036878,EOL_FLOW_EOL_DE_ELMA_INC,0.0,,2.0,2.0,0.5,2.0,1.0,1.0,sensitivity_387,sensitivity_381,trade.cet_transformation_elasticity,0.5,2.0,0.890625,1.8359375,parameter_bisection,diagonal_tax_parameter,10,false
sensitivity_387,policy,virgin_metal_tax_tax_0_017656250000000002,virgin_metal_tax,0.017656250000000002,LOCALLY_INFEASIBLE,INFEASIBLE_POINT,false,39.573790383,0.0011045265483243805,1,0.0,0,material_composite_production_SK,eqpzs,IND_SK_NEW_ELMA,0.0011045265483243805,EOL_FLOW_EOL_DE_ELMA_INC,0.0,,2.0,2.0,0.5,2.0,1.0,1.0,sensitivity_387,sensitivity_381,trade.cet_transformation_elasticity,0.5,2.0,0.8828125,1.82421875,parameter_bisection,diagonal_tax_parameter,11,false
sensitivity_387,policy,virgin_metal_tax_tax_0_017578125,virgin_metal_tax,0.017578125,LOCALLY_INFEASIBLE,INFEASIBLE_POINT,false,29.327549516,0.0010873227937415741,1,0.0,0,material_composite_production_SK,eqpzs,IND_SK_NEW_ELMA,0.0010873227937415741,EOL_FLOW_EOL_DE_ELMA_INC,0.0,,2.0,2.0,0.5,2.0,1.0,1.0,sensitivity_387,sensitivity_381,trade.cet_transformation_elasticity,0.5,2.0,0.87890625,1.818359375,parameter_bisection,diagonal_tax_parameter,12,false
sensitivity_387,policy,virgin_metal_tax_tax_0_0175390625,virgin_metal_tax,0.0175390625,LOCALLY_INFEASIBLE,INFEASIBLE_POINT,false,23.765531979,0.0010283610133237087,1,0.0,0,material_composite_production_SK,eqpzs,IND_SK_NEW_ELMA,0.0010283610133237087,EOL_FLOW_EOL_DE_ELMA_INC,0.0,,2.0,2.0,0.5,2.0,1.0,1.0,sensitivity_387,sensitivity_381,trade.cet_transformation_elasticity,0.5,2.0,0.876953125,1.8154296875,parameter_bisection,diagonal_tax_parameter,13,false
sensitivity_387,policy,virgin_metal_tax_tax_0_01751953125,virgin_metal_tax,0.01751953125,LOCALLY_INFEASIBLE,INFEASIBLE_POINT,false,37.124543545,0.0010307531815384463,1,0.0,0,material_composite_production_SK,eqpzs,IND_SK_NEW_ELMA,0.0010307531815384463,EOL_FLOW_EOL_DE_ELMA_INC,0.0,,2.0,2.0,0.5,2.0,1.0,1.0,sensitivity_387,sensitivity_381,trade.cet_transformation_elasticity,0.5,2.0,0.8759765625,1.81396484375,parameter_bisection,diagonal_tax_parameter,14,false
sensitivity_387,policy,virgin_metal_tax_tax_0_017509765625,virgin_metal_tax,0.017509765625,LOCALLY_INFEASIBLE,INFEASIBLE_POINT,true,4.090183866,0.0009671861491892253,0,0.0,0,material_composite_production_SK,eqpzs,IND_SK_NEW_ELMA,0.0009671861491892253,EOL_FLOW_EOL_DE_ELMA_INC,0.0,,2.0,2.0,0.5,2.0,1.0,1.0,sensitivity_387,sensitivity_381,trade.cet_transformation_elasticity,0.5,2.0,0.87548828125,1.813232421875,parameter_bisection,diagonal_tax_parameter,15,true
sensitivity_387,policy,virgin_metal_tax_tax_0_017529296875,virgin_metal_tax,0.017529296875,LOCALLY_INFEASIBLE,INFEASIBLE_POINT,false,59.683791589,0.0011068110936268694,1,0.0,0,material_composite_production_SK,eqpzs,IND_SK_NEW_ELMA,0.0011068110936268694,EOL_FLOW_EOL_DE_ELMA_INC,0.0,,2.0,2.0,0.5,2.0,1.0,1.0,sensitivity_387,sensitivity_381,trade.cet_transformation_elasticity,0.5,2.0,0.87646484375,1.814697265625,parameter_bisection,diagonal_tax_parameter,16,false
sensitivity_387,policy,virgin_metal_tax_tax_0_01751953125,virgin_metal_tax,0.01751953125,LOCALLY_INFEASIBLE,INFEASIBLE_POINT,true,4.709272994,0.0009658034270839666,0,0.0,0,material_composite_production_SK,eqpzs,IND_SK_NEW_ELMA,0.0009658034270839666,EOL_FLOW_EOL_DE_ELMA_INC,0.0,,2.0,2.0,0.5,2.0,1.0,1.0,sensitivity_387,sensitivity_381,trade.cet_transformation_elasticity,0.5,2.0,0.8759765625,1.81396484375,parameter_bisection,diagonal_tax_parameter,17,true
sensitivity_387,policy,virgin_metal_tax_tax_0_0175390625,virgin_metal_tax,0.0175390625,LOCALLY_INFEASIBLE,INFEASIBLE_POINT,true,30.415447194,0.0009789239283769513,0,0.0,0,material_composite_production_SK,eqpzs,IND_SK_NEW_ELMA,0.0009789239283769513,EOL_FLOW_EOL_DE_ELMA_INC,0.0,,2.0,2.0,0.5,2.0,1.0,1.0,sensitivity_387,sensitivity_381,trade.cet_transformation_elasticity,0.5,2.0,0.876953125,1.8154296875,parameter_bisection,diagonal_tax_parameter,18,true
sensitivity_387,policy,virgin_metal_tax_tax_0_017578125,virgin_metal_tax,0.017578125,LOCALLY_INFEASIBLE,INFEASIBLE_POINT,false,36.001858209,0.10172340127575064,1,0.0,0,observed_physical_flow_links,quantity_link,physical_SK_OFMA_REP_route_input_mass,0.10172340127575064,EOL_FLOW_EOL_DE_ELMA_INC,0.0,,2.0,2.0,0.5,2.0,1.0,1.0,sensitivity_387,sensitivity_381,trade.cet_transformation_elasticity,0.5,2.0,0.87890625,1.818359375,parameter_bisection,diagonal_tax_parameter,19,false
sensitivity_387,policy,virgin_metal_tax_tax_0_01755859375,virgin_metal_tax,0.01755859375,LOCALLY_INFEASIBLE,INFEASIBLE_POINT,false,21.218938867,0.00110053984611036,1,0.0,0,material_composite_production_SK,eqpzs,IND_SK_NEW_ELMA,0.00110053984611036,EOL_FLOW_EOL_DE_ELMA_INC,0.0,,2.0,2.0,0.5,2.0,1.0,1.0,sensitivity_387,sensitivity_381,trade.cet_transformation_elasticity,0.5,2.0,0.8779296875,1.81689453125,parameter_bisection,diagonal_tax_parameter,20,false
sensitivity_387,policy,virgin_metal_tax_tax_0_017548828125,virgin_metal_tax,0.017548828125,LOCALLY_INFEASIBLE,INFEASIBLE_POINT,true,3.766237582,0.0009787685241946509,0,0.0,0,material_composite_production_SK,eqpzs,IND_SK_NEW_ELMA,0.0009787685241946509,EOL_FLOW_EOL_DE_ELMA_INC,0.0,,2.0,2.0,0.5,2.0,1.0,1.0,sensitivity_387,sensitivity_381,trade.cet_transformation_elasticity,0.5,2.0,0.87744140625,1.816162109375,parameter_bisection,diagonal_tax_parameter,21,true
sensitivity_387,policy,virgin_metal_tax_tax_0_017568359375000002,virgin_metal_tax,0.017568359375000002,LOCALLY_INFEASIBLE,INFEASIBLE_POINT,false,33.951560391,0.0010959771076599623,1,0.0,0,material_composite_production_SK,eqpzs,IND_SK_NEW_ELMA,0.0010959771076599623,EOL_FLOW_EOL_DE_ELMA_INC,0.0,,2.0,2.0,0.5,2.0,1.0,1.0,sensitivity_387,sensitivity_381,trade.cet_transformation_elasticity,0.5,2.0,0.87841796875,1.817626953125,parameter_bisection,diagonal_tax_parameter,22,false
sensitivity_387,policy,virgin_metal_tax_tax_0_01755859375,virgin_metal_tax,0.01755859375,LOCALLY_INFEASIBLE,INFEASIBLE_POINT,true,28.276240163,0.000946968091372069,0,0.0,0,material_composite_production_REU,eqpzs,IND_REU_NEW_ELMA,0.000946968091372069,EOL_FLOW_EOL_DE_ELMA_INC,0.0,,2.0,2.0,0.5,2.0,1.0,1.0,sensitivity_387,sensitivity_381,trade.cet_transformation_elasticity,0.5,2.0,0.8779296875,1.81689453125,parameter_bisection,diagonal_tax_parameter,23,true
sensitivity_387,policy,virgin_metal_tax_tax_0_017578125,virgin_metal_tax,0.017578125,LOCALLY_INFEASIBLE,INFEASIBLE_POINT,true,33.587915085,0.0009586461513809708,0,0.0,0,material_composite_production_SK,eqpzs,IND_SK_NEW_ELMA,0.0009586461513809708,EOL_FLOW_EOL_DE_ELMA_INC,0.0,,2.0,2.0,0.5,2.0,1.0,1.0,sensitivity_387,sensitivity_381,trade.cet_transformation_elasticity,0.5,2.0,0.87890625,1.818359375,parameter_bisection,diagonal_tax_parameter,24,true
sensitivity_387,policy,virgin_metal_tax_tax_0_0176171875,virgin_metal_tax,0.0176171875,LOCALLY_INFEASIBLE,INFEASIBLE_POINT,false,27.99216685,0.02501504727380277,1,0.0,0,observed_physical_flow_links,quantity_link,physical_SK_OFMA_REP_route_input_mass,0.02501504727380277,EOL_FLOW_EOL_DE_ELMA_INC,0.0,,2.0,2.0,0.5,2.0,1.0,1.0,sensitivity_387,sensitivity_381,trade.cet_transformation_elasticity,0.5,2.0,0.880859375,1.8212890625,parameter_bisection,diagonal_tax_parameter,25,false
sensitivity_387,policy,virgin_metal_tax_tax_0_01759765625,virgin_metal_tax,0.01759765625,LOCALLY_INFEASIBLE,INFEASIBLE_POINT,false,48.937128579,0.0011013102147601206,1,0.0,0,material_composite_production_SK,eqpzs,IND_SK_NEW_ELMA,0.0011013102147601206,EOL_FLOW_EOL_DE_ELMA_INC,0.0,,2.0,2.0,0.5,2.0,1.0,1.0,sensitivity_387,sensitivity_381,trade.cet_transformation_elasticity,0.5,2.0,0.8798828125,1.81982421875,parameter_bisection,diagonal_tax_parameter,26,false
sensitivity_387,policy,virgin_metal_tax_tax_0_017587890625,virgin_metal_tax,0.017587890625,LOCALLY_INFEASIBLE,INFEASIBLE_POINT,true,17.854388959,0.000857960308879302,0,0.0,0,material_composite_production_REU,eqpzs,IND_REU_NEW_ELMA,0.000857960308879302,EOL_FLOW_EOL_DE_ELMA_INC,0.0,,2.0,2.0,0.5,2.0,1.0,1.0,sensitivity_387,sensitivity_381,trade.cet_transformation_elasticity,0.5,2.0,0.87939453125,1.819091796875,parameter_bisection,diagonal_tax_parameter,27,true
sensitivity_387,policy,virgin_metal_tax_tax_0_017607421875,virgin_metal_tax,0.017607421875,LOCALLY_INFEASIBLE,INFEASIBLE_POINT,false,18.846211182,0.001096625882827773,1,0.0,0,material_composite_production_SK,eqpzs,IND_SK_NEW_ELMA,0.001096625882827773,EOL_FLOW_EOL_DE_ELMA_INC,0.0,,2.0,2.0,0.5,2.0,1.0,1.0,sensitivity_387,sensitivity_381,trade.cet_transformation_elasticity,0.5,2.0,0.88037109375,1.820556640625,parameter_bisection,diagonal_tax_parameter,28,false
sensitivity_387,policy,virgin_metal_tax_tax_0_01759765625,virgin_metal_tax,0.01759765625,LOCALLY_INFEASIBLE,INFEASIBLE_POINT,true,21.621636999,0.0009529197163996583,0,0.0,0,material_composite_production_REU,eqpzs,IND_REU_NEW_ELMA,0.0009529197163996583,EOL_FLOW_EOL_DE_ELMA_INC,0.0,,2.0,2.0,0.5,2.0,1.0,1.0,sensitivity_387,sensitivity_381,trade.cet_transformation_elasticity,0.5,2.0,0.8798828125,1.81982421875,parameter_bisection,diagonal_tax_parameter,29,true
sensitivity_387,policy,virgin_metal_tax_tax_0_0176171875,virgin_metal_tax,0.0176171875,LOCALLY_INFEASIBLE,INFEASIBLE_POINT,false,12.977291651,0.0010855119225151588,1,0.0,0,material_composite_production_SK,eqpzs,IND_SK_NEW_ELMA,0.0010855119225151588,EOL_FLOW_EOL_DE_ELMA_INC,0.0,,2.0,2.0,0.5,2.0,1.0,1.0,sensitivity_387,sensitivity_381,trade.cet_transformation_elasticity,0.5,2.0,0.880859375,1.8212890625,parameter_bisection,diagonal_tax_parameter,30,false
sensitivity_387,policy,virgin_metal_tax_tax_0_017607421875,virgin_metal_tax,0.017607421875,LOCALLY_INFEASIBLE,INFEASIBLE_POINT,true,19.564132132,0.000949802273920497,0,0.0,0,material_composite_production_REU,eqpzs,IND_REU_NEW_ELMA,0.000949802273920497,EOL_FLOW_EOL_DE_ELMA_INC,0.0,,2.0,2.0,0.5,2.0,1.0,1.0,sensitivity_387,sensitivity_381,trade.cet_transformation_elasticity,0.5,2.0,0.88037109375,1.820556640625,parameter_bisection,diagonal_tax_parameter,31,true
sensitivity_387,policy,virgin_metal_tax_tax_0_017626953125,virgin_metal_tax,0.017626953125,LOCALLY_INFEASIBLE,INFEASIBLE_POINT,false,12.894303405,0.0010892191327371847,1,0.0,0,material_composite_production_SK,eqpzs,IND_SK_NEW_ELMA,0.0010892191327371847,EOL_FLOW_EOL_DE_ELMA_INC,0.0,,2.0,2.0,0.5,2.0,1.0,1.0,sensitivity_387,sensitivity_381,trade.cet_transformation_elasticity,0.5,2.0,0.88134765625,1.822021484375,parameter_bisection,diagonal_tax_parameter,32,false
sensitivity_387,policy,virgin_metal_tax_tax_0_0176171875,virgin_metal_tax,0.0176171875,LOCALLY_INFEASIBLE,INFEASIBLE_POINT,true,9.833806805,0.0009501367071369504,0,5.17872069508611e-10,0,material_composite_production_REU,eqpzs,IND_REU_NEW_ELMA,0.0009501367071369504,X_IND_SK_REP_OFMA_IND_SK_REP_OFMA,5.17872069508611e-10,,2.0,2.0,0.5,2.0,1.0,1.0,sensitivity_387,sensitivity_381,trade.cet_transformation_elasticity,0.5,2.0,0.880859375,1.8212890625,parameter_bisection,diagonal_tax_parameter,33,true
sensitivity_387,policy,virgin_metal_tax_tax_0_01763671875,virgin_metal_tax,0.01763671875,LOCALLY_INFEASIBLE,INFEASIBLE_POINT,true,16.632058487,0.000863042508761569,0,0.0,0,material_composite_production_REU,eqpzs,IND_REU_NEW_ELMA,0.000863042508761569,EOL_FLOW_EOL_DE_ELMA_INC,0.0,,2.0,2.0,0.5,2.0,1.0,1.0,sensitivity_387,sensitivity_381,trade.cet_transformation_elasticity,0.5,2.0,0.8818359375,1.82275390625,parameter_bisection,diagonal_tax_parameter,34,true
sensitivity_387,policy,virgin_metal_tax_tax_0_01767578125,virgin_metal_tax,0.01767578125,LOCALLY_INFEASIBLE,INFEASIBLE_POINT,true,15.391329683,0.0008307347040331647,0,0.0,0,material_composite_production_REU,eqpzs,IND_REU_NEW_ELMA,0.0008307347040331647,EOL_FLOW_EOL_DE_ELMA_INC,0.0,,2.0,2.0,0.5,2.0,1.0,1.0,sensitivity_387,sensitivity_381,trade.cet_transformation_elasticity,0.5,2.0,0.8837890625,1.82568359375,parameter_bisection,diagonal_tax_parameter,35,true
sensitivity_387,policy,virgin_metal_tax_tax_0_01775390625,virgin_metal_tax,0.01775390625,LOCALLY_INFEASIBLE,INFEASIBLE_POINT,true,15.680518455,0.0008831009794187938,0,0.0,0,material_composite_production_SK,eqpzs,IND_SK_NEW_ELMA,0.0008831009794187938,EOL_FLOW_EOL_DE_ELMA_INC,0.0,,2.0,2.0,0.5,2.0,1.0,1.0,sensitivity_387,sensitivity_381,trade.cet_transformation_elasticity,0.5,2.0,0.8876953125,1.83154296875,parameter_bisection,diagonal_tax_parameter,36,true
sensitivity_387,policy,virgin_metal_tax_tax_0_01791015625,virgin_metal_tax,0.01791015625,LOCALLY_INFEASIBLE,INFEASIBLE_POINT,true,16.809050054,0.0009057758132061666,0,0.0,0,material_composite_production_SK,eqpzs,IND_SK_NEW_ELMA,0.0009057758132061666,EOL_FLOW_EOL_DE_ELMA_INC,0.0,,2.0,2.0,0.5,2.0,1.0,1.0,sensitivity_387,sensitivity_381,trade.cet_transformation_elasticity,0.5,2.0,0.8955078125,1.84326171875,parameter_bisection,diagonal_tax_parameter,37,true
sensitivity_387,policy,virgin_metal_tax_tax_0_01822265625,virgin_metal_tax,0.01822265625,LOCALLY_INFEASIBLE,INFEASIBLE_POINT,true,35.116446151,0.0009561220240216217,0,0.0,0,material_composite_production_SK,eqpzs,IND_SK_NEW_ELMA,0.0009561220240216217,EOL_FLOW_EOL_DE_ELMA_INC,0.0,,2.0,2.0,0.5,2.0,1.0,1.0,sensitivity_387,sensitivity_381,trade.cet_transformation_elasticity,0.5,2.0,0.9111328125,1.86669921875,parameter_bisection,diagonal_tax_parameter,38,true
sensitivity_387,policy,virgin_metal_tax_tax_0_01884765625,virgin_metal_tax,0.01884765625,LOCALLY_INFEASIBLE,INFEASIBLE_POINT,false,25.09211301,0.07930835119808144,1,0.0,0,observed_physical_flow_links,quantity_link,physical_SK_OFMA_REP_route_input_mass,0.07930835119808144,EOL_FLOW_EOL_DE_ELMA_INC,0.0,,2.0,2.0,0.5,2.0,1.0,1.0,sensitivity_387,sensitivity_381,trade.cet_transformation_elasticity,0.5,2.0,0.9423828125,1.91357421875,parameter_bisection,diagonal_tax_parameter,39,false
sensitivity_387,policy,virgin_metal_tax_tax_0_01853515625,virgin_metal_tax,0.01853515625,LOCALLY_INFEASIBLE,INFEASIBLE_POINT,false,39.151784927,0.0010570429341529852,1,0.0,0,material_composite_production_SK,eqpzs,IND_SK_NEW_ELMA,0.0010570429341529852,EOL_FLOW_EOL_DE_ELMA_INC,0.0,,2.0,2.0,0.5,2.0,1.0,1.0,sensitivity_387,sensitivity_381,trade.cet_transformation_elasticity,0.5,2.0,0.9267578125,1.89013671875,parameter_bisection,diagonal_tax_parameter,40,false
sensitivity_387,policy,virgin_metal_tax_tax_0_01837890625,virgin_metal_tax,0.01837890625,LOCALLY_INFEASIBLE,INFEASIBLE_POINT,true,25.028024825,0.000985504182980046,0,0.0,0,material_composite_production_REU,eqpzs,IND_REU_NEW_ELMA,0.000985504182980046,EOL_FLOW_EOL_DE_ELMA_INC,0.0,,2.0,2.0,0.5,2.0,1.0,1.0,sensitivity_387,sensitivity_381,trade.cet_transformation_elasticity,0.5,2.0,0.9189453125,1.87841796875,parameter_bisection,diagonal_tax_parameter,41,true
sensitivity_387,policy,virgin_metal_tax_tax_0_01869140625,virgin_metal_tax,0.01869140625,LOCALLY_INFEASIBLE,INFEASIBLE_POINT,false,76.643479834,0.0011585217294209915,2,0.0,0,material_composite_production_SK,eqpzs,IND_SK_NEW_ELMA,0.0011585217294209915,EOL_FLOW_EOL_DE_ELMA_INC,0.0,,2.0,2.0,0.5,2.0,1.0,1.0,sensitivity_387,sensitivity_381,trade.cet_transformation_elasticity,0.5,2.0,0.9345703125,1.90185546875,parameter_bisection,diagonal_tax_parameter,42,false
sensitivity_387,policy,virgin_metal_tax_tax_0_01853515625,virgin_metal_tax,0.01853515625,LOCALLY_INFEASIBLE,INFEASIBLE_POINT,false,23.213290707,0.0011542834212889819,1,0.0,0,material_composite_production_SK,eqpzs,IND_SK_NEW_ELMA,0.0011542834212889819,EOL_FLOW_EOL_DE_ELMA_INC,0.0,,2.0,2.0,0.5,2.0,1.0,1.0,sensitivity_387,sensitivity_381,trade.cet_transformation_elasticity,0.5,2.0,0.9267578125,1.89013671875,parameter_bisection,diagonal_tax_parameter,43,false
sensitivity_387,policy,virgin_metal_tax_tax_0_018457031250000002,virgin_metal_tax,0.018457031250000002,LOCALLY_INFEASIBLE,INFEASIBLE_POINT,false,30.021859767,0.0011544261243348064,1,0.0,0,material_composite_production_SK,eqpzs,IND_SK_NEW_ELMA,0.0011544261243348064,EOL_FLOW_EOL_DE_ELMA_INC,0.0,,2.0,2.0,0.5,2.0,1.0,1.0,sensitivity_387,sensitivity_381,trade.cet_transformation_elasticity,0.5,2.0,0.9228515625,1.88427734375,parameter_bisection,diagonal_tax_parameter,44,false
sensitivity_387,policy,virgin_metal_tax_tax_0_01841796875,virgin_metal_tax,0.01841796875,TIME_LIMIT,NEARLY_FEASIBLE_POINT,false,122.182947403,0.0009925887946575784,0,9.760167582793607e-9,0,material_composite_production_REU,eqpzs,IND_REU_NEW_ELMA,0.0009925887946575784,F_FAC_SK_CAP_IND_SK_REF_OFMA,9.760167582793607e-9,,2.0,2.0,0.5,2.0,1.0,1.0,sensitivity_387,sensitivity_381,trade.cet_transformation_elasticity,0.5,2.0,0.9208984375,1.88134765625,parameter_bisection,diagonal_tax_parameter,45,false
sensitivity_387,policy,virgin_metal_tax_tax_0_0183984375,virgin_metal_tax,0.0183984375,LOCALLY_INFEASIBLE,INFEASIBLE_POINT,true,6.851142582,0.000985116827191601,0,0.0,0,material_composite_production_REU,eqpzs,IND_REU_NEW_ELMA,0.000985116827191601,EOL_FLOW_EOL_DE_ELMA_INC,0.0,,2.0,2.0,0.5,2.0,1.0,1.0,sensitivity_387,sensitivity_381,trade.cet_transformation_elasticity,0.5,2.0,0.919921875,1.8798828125,parameter_bisection,diagonal_tax_parameter,46,true
sensitivity_387,policy,virgin_metal_tax_tax_0_0184375,virgin_metal_tax,0.0184375,LOCALLY_INFEASIBLE,INFEASIBLE_POINT,true,44.281965372,0.000993023191005693,0,8.804651419131936e-9,0,material_composite_production_REU,eqpzs,IND_REU_NEW_ELMA,0.000993023191005693,F_FAC_SK_LAB_IND_SK_REP_OFMA,8.804651419131936e-9,,2.0,2.0,0.5,2.0,1.0,1.0,sensitivity_387,sensitivity_381,trade.cet_transformation_elasticity,0.5,2.0,0.921875,1.8828125,parameter_bisection,diagonal_tax_parameter,47,true
sensitivity_387,policy,virgin_metal_tax_tax_0_018515625,virgin_metal_tax,0.018515625,LOCALLY_INFEASIBLE,INFEASIBLE_POINT,true,40.303572109,0.0009852234275317118,0,0.0,0,material_composite_production_REU,eqpzs,IND_REU_NEW_ELMA,0.0009852234275317118,EOL_FLOW_EOL_DE_ELMA_INC,0.0,,2.0,2.0,0.5,2.0,1.0,1.0,sensitivity_387,sensitivity_381,trade.cet_transformation_elasticity,0.5,2.0,0.92578125,1.888671875,parameter_bisection,diagonal_tax_parameter,48,true
sensitivity_387,policy,virgin_metal_tax_tax_0_018671875,virgin_metal_tax,0.018671875,LOCALLY_INFEASIBLE,INFEASIBLE_POINT,true,6.88645589,0.0009582733029377399,0,0.0,0,material_composite_production_REU,eqpzs,IND_REU_NEW_ELMA,0.0009582733029377399,EOL_FLOW_EOL_DE_ELMA_INC,0.0,,2.0,2.0,0.5,2.0,1.0,1.0,sensitivity_387,sensitivity_381,trade.cet_transformation_elasticity,0.5,2.0,0.93359375,1.900390625,parameter_bisection,diagonal_tax_parameter,49,true
sensitivity_387,policy,virgin_metal_tax_tax_0_018984375,virgin_metal_tax,0.018984375,LOCALLY_INFEASIBLE,INFEASIBLE_POINT,true,6.492213656,0.0009636203454007619,0,0.0,0,material_composite_production_REU,eqpzs,IND_REU_NEW_ELMA,0.0009636203454007619,EOL_FLOW_EOL_DE_ELMA_INC,0.0,,2.0,2.0,0.5,2.0,1.0,1.0,sensitivity_387,sensitivity_381,trade.cet_transformation_elasticity,0.5,2.0,0.94921875,1.923828125,parameter_bisection,diagonal_tax_parameter,50,true
sensitivity_387,policy,virgin_metal_tax_tax_0_019609375000000002,virgin_metal_tax,0.019609375000000002,LOCALLY_INFEASIBLE,INFEASIBLE_POINT,false,48.442007614,0.0010604156534453901,1,0.0,0,material_composite_production_REU,eqpzs,IND_REU_NEW_ELMA,0.0010604156534453901,EOL_FLOW_EOL_DE_ELMA_INC,0.0,,2.0,2.0,0.5,2.0,1.0,1.0,sensitivity_387,sensitivity_381,trade.cet_transformation_elasticity,0.5,2.0,0.98046875,1.970703125,parameter_bisection,diagonal_tax_parameter,51,false
sensitivity_387,policy,virgin_metal_tax_tax_0_019296875,virgin_metal_tax,0.019296875,LOCALLY_INFEASIBLE,INFEASIBLE_POINT,false,25.078391761,0.0010439734511931142,1,0.0,0,material_composite_production_REU,eqpzs,IND_REU_NEW_ELMA,0.0010439734511931142,EOL_FLOW_EOL_DE_ELMA_INC,0.0,,2.0,2.0,0.5,2.0,1.0,1.0,sensitivity_387,sensitivity_381,trade.cet_transformation_elasticity,0.5,2.0,0.96484375,1.947265625,parameter_bisection,diagonal_tax_parameter,52,false
sensitivity_387,policy,virgin_metal_tax_tax_0_019140625,virgin_metal_tax,0.019140625,LOCALLY_INFEASIBLE,INFEASIBLE_POINT,true,4.558819084,0.0009415508855789012,0,0.0,0,material_composite_production_REU,eqpzs,IND_REU_NEW_ELMA,0.0009415508855789012,EOL_FLOW_EOL_DE_ELMA_INC,0.0,,2.0,2.0,0.5,2.0,1.0,1.0,sensitivity_387,sensitivity_381,trade.cet_transformation_elasticity,0.5,2.0,0.95703125,1.935546875,parameter_bisection,diagonal_tax_parameter,53,true
sensitivity_387,policy,virgin_metal_tax_tax_0_019453125,virgin_metal_tax,0.019453125,LOCALLY_INFEASIBLE,INFEASIBLE_POINT,false,14.84116588,0.0011256371744554627,1,0.0,0,material_composite_production_SK,eqpzs,IND_SK_NEW_ELMA,0.0011256371744554627,EOL_FLOW_EOL_DE_ELMA_INC,0.0,,2.0,2.0,0.5,2.0,1.0,1.0,sensitivity_387,sensitivity_381,trade.cet_transformation_elasticity,0.5,2.0,0.97265625,1.958984375,parameter_bisection,diagonal_tax_parameter,54,false
sensitivity_387,policy,virgin_metal_tax_tax_0_019296875,virgin_metal_tax,0.019296875,LOCALLY_INFEASIBLE,INFEASIBLE_POINT,false,18.541777891,0.0010606489677732478,1,0.0,0,material_composite_production_SK,eqpzs,IND_SK_NEW_ELMA,0.0010606489677732478,EOL_FLOW_EOL_DE_ELMA_INC,0.0,,2.0,2.0,0.5,2.0,1.0,1.0,sensitivity_387,sensitivity_381,trade.cet_transformation_elasticity,0.5,2.0,0.96484375,1.947265625,parameter_bisection,diagonal_tax_parameter,55,false
sensitivity_387,policy,virgin_metal_tax_tax_0_01921875,virgin_metal_tax,0.01921875,LOCALLY_INFEASIBLE,INFEASIBLE_POINT,false,13.145264957,0.0010392578041956702,1,6.09675315708657e-9,0,material_composite_production_REU,eqpzs,IND_REU_NEW_ELMA,0.0010392578041956702,F_FAC_SK_LAB_IND_SK_REP_OFMA,6.09675315708657e-9,,2.0,2.0,0.5,2.0,1.0,1.0,sensitivity_387,sensitivity_381,trade.cet_transformation_elasticity,0.5,2.0,0.9609375,1.94140625,parameter_bisection,diagonal_tax_parameter,56,false
sensitivity_387,policy,virgin_metal_tax_tax_0_0191796875,virgin_metal_tax,0.0191796875,LOCALLY_INFEASIBLE,INFEASIBLE_POINT,true,7.286463799,0.0009776918304391646,0,0.0,0,material_composite_production_SK,eqpzs,IND_SK_NEW_ELMA,0.0009776918304391646,EOL_FLOW_EOL_DE_ELMA_INC,0.0,,2.0,2.0,0.5,2.0,1.0,1.0,sensitivity_387,sensitivity_381,trade.cet_transformation_elasticity,0.5,2.0,0.958984375,1.9384765625,parameter_bisection,diagonal_tax_parameter,57,true
sensitivity_387,policy,virgin_metal_tax_tax_0_0192578125,virgin_metal_tax,0.0192578125,LOCALLY_INFEASIBLE,INFEASIBLE_POINT,false,10.219086714,0.0010367813835203687,1,0.0,0,material_composite_production_SK,eqpzs,IND_SK_NEW_ELMA,0.0010367813835203687,EOL_FLOW_EOL_DE_ELMA_INC,0.0,,2.0,2.0,0.5,2.0,1.0,1.0,sensitivity_387,sensitivity_381,trade.cet_transformation_elasticity,0.5,2.0,0.962890625,1.9443359375,parameter_bisection,diagonal_tax_parameter,58,false
sensitivity_387,policy,virgin_metal_tax_tax_0_01921875,virgin_metal_tax,0.01921875,LOCALLY_INFEASIBLE,INFEASIBLE_POINT,false,12.952663728,0.0010280718112103404,1,0.0,0,material_composite_production_SK,eqpzs,IND_SK_NEW_ELMA,0.0010280718112103404,EOL_FLOW_EOL_DE_ELMA_INC,0.0,,2.0,2.0,0.5,2.0,1.0,1.0,sensitivity_387,sensitivity_381,trade.cet_transformation_elasticity,0.5,2.0,0.9609375,1.94140625,parameter_bisection,diagonal_tax_parameter,59,false
sensitivity_387,policy,virgin_metal_tax_tax_0_01919921875,virgin_metal_tax,0.01919921875,LOCALLY_INFEASIBLE,INFEASIBLE_POINT,true,9.472346255,0.0008925999777582572,0,0.0,0,material_composite_production_SK,eqpzs,IND_SK_NEW_ELMA,0.0008925999777582572,EOL_FLOW_EOL_DE_ELMA_INC,0.0,,2.0,2.0,0.5,2.0,1.0,1.0,sensitivity_387,sensitivity_381,trade.cet_transformation_elasticity,0.5,2.0,0.9599609375,1.93994140625,parameter_bisection,diagonal_tax_parameter,60,true
sensitivity_395,policy,virgin_metal_tax_tax_0_02,virgin_metal_tax,0.02,LOCALLY_INFEASIBLE,INFEASIBLE_POINT,true,41.609972697,0.0008876716615656699,0,3.88712985172529e-9,0,material_composite_production_SK,eqpzs,IND_SK_NEW_ELMA,0.0008876716615656699,F_FAC_SK_CAP_IND_SK_REF_OFMA,3.88712985172529e-9,,1.0,2.0,1.0,2.0,1.0,1.0,sensitivity_395,sensitivity_392,trade.cet_transformation_elasticity,1.0,2.0,1.0,2.0,direct_target,diagonal_tax_parameter,1,true
sensitivity_396,policy,virgin_metal_tax_tax_0_02,virgin_metal_tax,0.02,LOCALLY_INFEASIBLE,INFEASIBLE_POINT,false,42.453791903,0.0012427602334249555,1,0.0,0,material_composite_production_SK,eqpzs,IND_SK_NEW_ELMA,0.0012427602334249555,EOL_FLOW_EOL_DE_ELMA_INC,0.0,,2.0,2.0,1.0,2.0,1.0,1.0,sensitivity_396,sensitivity_315,circular_routes.eol_productivity_elasticity,0.5,1.0,1.0,1.0,direct_target,diagonal_tax_parameter,1,false
sensitivity_396,policy,virgin_metal_tax_tax_0_01,virgin_metal_tax,0.01,LOCALLY_INFEASIBLE,INFEASIBLE_POINT,true,29.967924308,0.0005326326735034526,0,0.0,0,material_composite_production_REU,eqpzs,IND_REU_NEW_ELMA,0.0005326326735034526,EOL_FLOW_EOL_DE_ELMA_INC,0.0,,2.0,2.0,1.0,2.0,1.0,1.0,sensitivity_396,sensitivity_315,circular_routes.eol_productivity_elasticity,0.5,1.0,0.5,0.75,parameter_bisection,diagonal_tax_parameter,2,true
sensitivity_396,policy,virgin_metal_tax_tax_0_02,virgin_metal_tax,0.02,LOCALLY_INFEASIBLE,INFEASIBLE_POINT,false,36.126775722,0.0012546794624910262,1,0.0,0,material_composite_production_SK,eqpzs,IND_SK_NEW_ELMA,0.0012546794624910262,EOL_FLOW_EOL_DE_ELMA_INC,0.0,,2.0,2.0,1.0,2.0,1.0,1.0,sensitivity_396,sensitivity_315,circular_routes.eol_productivity_elasticity,0.5,1.0,1.0,1.0,parameter_bisection,diagonal_tax_parameter,3,false
sensitivity_396,policy,virgin_metal_tax_tax_0_015,virgin_metal_tax,0.015,OTHER_ERROR,NEARLY_FEASIBLE_POINT,false,46.387194602,0.00038487317845969926,0,9.98882525600177e-9,0,material_composite_production_REU,eqpzs,IND_REU_NEW_ELMA,0.00038487317845969926,F_FAC_SK_CAP_IND_SK_REF_OFMA,9.98882525600177e-9,,2.0,2.0,1.0,2.0,1.0,1.0,sensitivity_396,sensitivity_315,circular_routes.eol_productivity_elasticity,0.5,1.0,0.75,0.875,parameter_bisection,diagonal_tax_parameter,4,false
sensitivity_396,policy,virgin_metal_tax_tax_0_0125,virgin_metal_tax,0.0125,LOCALLY_INFEASIBLE,INFEASIBLE_POINT,true,31.227715885,0.0005873174026682637,0,0.0,0,material_composite_production_SK,eqpzs,IND_SK_NEW_ELMA,0.0005873174026682637,EOL_FLOW_EOL_DE_ELMA_INC,0.0,,2.0,2.0,1.0,2.0,1.0,1.0,sensitivity_396,sensitivity_315,circular_routes.eol_productivity_elasticity,0.5,1.0,0.625,0.8125,parameter_bisection,diagonal_tax_parameter,5,true
sensitivity_396,policy,virgin_metal_tax_tax_0_0175,virgin_metal_tax,0.0175,LOCALLY_INFEASIBLE,INFEASIBLE_POINT,false,58.1078197,0.001074545881729172,1,0.0,0,material_composite_production_SK,eqpzs,IND_SK_NEW_ELMA,0.001074545881729172,EOL_FLOW_EOL_DE_ELMA_INC,0.0,,2.0,2.0,1.0,2.0,1.0,1.0,sensitivity_396,sensitivity_315,circular_routes.eol_productivity_elasticity,0.5,1.0,0.875,0.9375,parameter_bisection,diagonal_tax_parameter,6,false
sensitivity_396,policy,virgin_metal_tax_tax_0_015,virgin_metal_tax,0.015,LOCALLY_INFEASIBLE,INFEASIBLE_POINT,true,29.333775859,0.0009313562690292931,0,0.0,0,material_composite_production_SK,eqpzs,IND_SK_NEW_ELMA,0.0009313562690292931,EOL_FLOW_EOL_DE_ELMA_INC,0.0,,2.0,2.0,1.0,2.0,1.0,1.0,sensitivity_396,sensitivity_315,circular_routes.eol_productivity_elasticity,0.5,1.0,0.75,0.875,parameter_bisection,diagonal_tax_parameter,7,true
sensitivity_396,policy,virgin_metal_tax_tax_0_02,virgin_metal_tax,0.02,LOCALLY_INFEASIBLE,INFEASIBLE_POINT,false,23.862202996,0.0012560343258136708,1,0.0,0,material_composite_production_SK,eqpzs,IND_SK_NEW_ELMA,0.0012560343258136708,EOL_FLOW_EOL_DE_ELMA_INC,0.0,,2.0,2.0,1.0,2.0,1.0,1.0,sensitivity_396,sensitivity_315,circular_routes.eol_productivity_elasticity,0.5,1.0,1.0,1.0,parameter_bisection,diagonal_tax_parameter,8,false
sensitivity_396,policy,virgin_metal_tax_tax_0_0175,virgin_metal_tax,0.0175,LOCALLY_INFEASIBLE,INFEASIBLE_POINT,false,23.459213058,0.0010824343377501267,1,0.0,0,material_composite_production_SK,eqpzs,IND_SK_NEW_ELMA,0.0010824343377501267,EOL_FLOW_EOL_DE_ELMA_INC,0.0,,2.0,2.0,1.0,2.0,1.0,1.0,sensitivity_396,sensitivity_315,circular_routes.eol_productivity_elasticity,0.5,1.0,0.875,0.9375,parameter_bisection,diagonal_tax_parameter,9,false
sensitivity_396,policy,virgin_metal_tax_tax_0_01625,virgin_metal_tax,0.01625,LOCALLY_INFEASIBLE,INFEASIBLE_POINT,false,49.11666872,0.0010191805594915726,1,0.0,0,material_composite_production_SK,eqpzs,IND_SK_NEW_ELMA,0.0010191805594915726,EOL_FLOW_EOL_DE_ELMA_INC,0.0,,2.0,2.0,1.0,2.0,1.0,1.0,sensitivity_396,sensitivity_315,circular_routes.eol_productivity_elasticity,0.5,1.0,0.8125,0.90625,parameter_bisection,diagonal_tax_parameter,10,false
sensitivity_396,policy,virgin_metal_tax_tax_0_015625,virgin_metal_tax,0.015625,LOCALLY_INFEASIBLE,INFEASIBLE_POINT,true,27.292223994,0.0008727032487251263,0,0.0,0,material_composite_production_SK,eqpzs,IND_SK_NEW_ELMA,0.0008727032487251263,EOL_FLOW_EOL_DE_ELMA_INC,0.0,,2.0,2.0,1.0,2.0,1.0,1.0,sensitivity_396,sensitivity_315,circular_routes.eol_productivity_elasticity,0.5,1.0,0.78125,0.890625,parameter_bisection,diagonal_tax_parameter,11,true
sensitivity_396,policy,virgin_metal_tax_tax_0_016875,virgin_metal_tax,0.016875,LOCALLY_INFEASIBLE,INFEASIBLE_POINT,true,55.122465908,0.0008962765313478283,0,0.0,0,material_composite_production_SK,eqpzs,IND_SK_NEW_ELMA,0.0008962765313478283,EOL_FLOW_EOL_DE_ELMA_INC,0.0,,2.0,2.0,1.0,2.0,1.0,1.0,sensitivity_396,sensitivity_315,circular_routes.eol_productivity_elasticity,0.5,1.0,0.84375,0.921875,parameter_bisection,diagonal_tax_parameter,12,true
sensitivity_396,policy,virgin_metal_tax_tax_0_019375,virgin_metal_tax,0.019375,LOCALLY_INFEASIBLE,INFEASIBLE_POINT,false,25.702038786,0.0012093128736735403,1,0.0,0,material_composite_production_SK,eqpzs,IND_SK_NEW_ELMA,0.0012093128736735403,EOL_FLOW_EOL_DE_ELMA_INC,0.0,,2.0,2.0,1.0,2.0,1.0,1.0,sensitivity_396,sensitivity_315,circular_routes.eol_productivity_elasticity,0.5,1.0,0.96875,0.984375,parameter_bisection,diagonal_tax_parameter,13,false
sensitivity_396,policy,virgin_metal_tax_tax_0_018125,virgin_metal_tax,0.018125,LOCALLY_INFEASIBLE,INFEASIBLE_POINT,false,26.489013091,0.0011297325594423757,1,0.0,0,material_composite_production_SK,eqpzs,IND_SK_NEW_ELMA,0.0011297325594423757,EOL_FLOW_EOL_DE_ELMA_INC,0.0,,2.0,2.0,1.0,2.0,1.0,1.0,sensitivity_396,sensitivity_315,circular_routes.eol_productivity_elasticity,0.5,1.0,0.90625,0.953125,parameter_bisection,diagonal_tax_parameter,14,false
sensitivity_396,policy,virgin_metal_tax_tax_0_0175,virgin_metal_tax,0.0175,LOCALLY_INFEASIBLE,INFEASIBLE_POINT,false,48.802214094,0.017924655488792518,2,0.0,0,observed_physical_flow_links,quantity_link,physical_SK_OFMA_REP_route_input_mass,0.017924655488792518,EOL_FLOW_EOL_DE_ELMA_INC,0.0,,2.0,2.0,1.0,2.0,1.0,1.0,sensitivity_396,sensitivity_315,circular_routes.eol_productivity_elasticity,0.5,1.0,0.875,0.9375,parameter_bisection,diagonal_tax_parameter,15,false
sensitivity_396,policy,virgin_metal_tax_tax_0_0171875,virgin_metal_tax,0.0171875,LOCALLY_INFEASIBLE,INFEASIBLE_POINT,true,29.644222779,0.0008288484556284725,0,0.0,0,material_composite_production_SK,eqpzs,IND_SK_NEW_ELMA,0.0008288484556284725,EOL_FLOW_EOL_DE_ELMA_INC,0.0,,2.0,2.0,1.0,2.0,1.0,1.0,sensitivity_396,sensitivity_315,circular_routes.eol_productivity_elasticity,0.5,1.0,0.859375,0.9296875,parameter_bisection,diagonal_tax_parameter,16,true
sensitivity_396,policy,virgin_metal_tax_tax_0_017812500000000002,virgin_metal_tax,0.017812500000000002,LOCALLY_INFEASIBLE,INFEASIBLE_POINT,false,62.562276937,0.0011102301593141073,1,0.0,0,material_composite_production_SK,eqpzs,IND_SK_NEW_ELMA,0.0011102301593141073,EOL_FLOW_EOL_DE_ELMA_INC,0.0,,2.0,2.0,1.0,2.0,1.0,1.0,sensitivity_396,sensitivity_315,circular_routes.eol_productivity_elasticity,0.5,1.0,0.890625,0.9453125,parameter_bisection,diagonal_tax_parameter,17,false
sensitivity_396,policy,virgin_metal_tax_tax_0_0175,virgin_metal_tax,0.0175,LOCALLY_INFEASIBLE,INFEASIBLE_POINT,true,28.212121334,0.0008402365897191011,0,0.0,0,material_composite_production_SK,eqpzs,IND_SK_NEW_ELMA,0.0008402365897191011,EOL_FLOW_EOL_DE_ELMA_INC,0.0,,2.0,2.0,1.0,2.0,1.0,1.0,sensitivity_396,sensitivity_315,circular_routes.eol_productivity_elasticity,0.5,1.0,0.875,0.9375,parameter_bisection,diagonal_tax_parameter,18,true
sensitivity_396,policy,virgin_metal_tax_tax_0_018125,virgin_metal_tax,0.018125,LOCALLY_INFEASIBLE,INFEASIBLE_POINT,false,30.674615605,0.0011233309382877588,1,0.0,0,material_composite_production_SK,eqpzs,IND_SK_NEW_ELMA,0.0011233309382877588,EOL_FLOW_EOL_DE_ELMA_INC,0.0,,2.0,2.0,1.0,2.0,1.0,1.0,sensitivity_396,sensitivity_315,circular_routes.eol_productivity_elasticity,0.5,1.0,0.90625,0.953125,parameter_bisection,diagonal_tax_parameter,19,false
sensitivity_396,policy,virgin_metal_tax_tax_0_017812500000000002,virgin_metal_tax,0.017812500000000002,LOCALLY_INFEASIBLE,INFEASIBLE_POINT,false,27.594424295,0.0010971221492903638,1,0.0,0,material_composite_production_SK,eqpzs,IND_SK_NEW_ELMA,0.0010971221492903638,EOL_FLOW_EOL_DE_ELMA_INC,0.0,,2.0,2.0,1.0,2.0,1.0,1.0,sensitivity_396,sensitivity_315,circular_routes.eol_productivity_elasticity,0.5,1.0,0.890625,0.9453125,parameter_bisection,diagonal_tax_parameter,20,false
sensitivity_396,policy,virgin_metal_tax_tax_0_017656250000000002,virgin_metal_tax,0.017656250000000002,LOCALLY_INFEASIBLE,INFEASIBLE_POINT,false,71.768108827,0.0010886707842210352,1,0.0,0,material_composite_production_SK,eqpzs,IND_SK_NEW_ELMA,0.0010886707842210352,EOL_FLOW_EOL_DE_ELMA_INC,0.0,,2.0,2.0,1.0,2.0,1.0,1.0,sensitivity_396,sensitivity_315,circular_routes.eol_productivity_elasticity,0.5,1.0,0.8828125,0.94140625,parameter_bisection,diagonal_tax_parameter,21,false
sensitivity_396,policy,virgin_metal_tax_tax_0_017578125,virgin_metal_tax,0.017578125,LOCALLY_INFEASIBLE,INFEASIBLE_POINT,false,60.377768319,0.0010711016834781262,1,0.0,0,material_composite_production_SK,eqpzs,IND_SK_NEW_ELMA,0.0010711016834781262,EOL_FLOW_EOL_DE_ELMA_INC,0.0,,2.0,2.0,1.0,2.0,1.0,1.0,sensitivity_396,sensitivity_315,circular_routes.eol_productivity_elasticity,0.5,1.0,0.87890625,0.939453125,parameter_bisection,diagonal_tax_parameter,22,false
sensitivity_396,policy,virgin_metal_tax_tax_0_0175390625,virgin_metal_tax,0.0175390625,LOCALLY_INFEASIBLE,INFEASIBLE_POINT,true,26.247176242,0.0008326478342748356,0,0.0,0,material_composite_production_SK,eqpzs,IND_SK_NEW_ELMA,0.0008326478342748356,EOL_FLOW_EOL_DE_ELMA_INC,0.0,,2.0,2.0,1.0,2.0,1.0,1.0,sensitivity_396,sensitivity_315,circular_routes.eol_productivity_elasticity,0.5,1.0,0.876953125,0.9384765625,parameter_bisection,diagonal_tax_parameter,23,true
sensitivity_396,policy,virgin_metal_tax_tax_0_0176171875,virgin_metal_tax,0.0176171875,LOCALLY_INFEASIBLE,INFEASIBLE_POINT,false,93.75992897,0.0010843514311283942,1,0.0,0,material_composite_production_SK,eqpzs,IND_SK_NEW_ELMA,0.0010843514311283942,EOL_FLOW_EOL_DE_ELMA_INC,0.0,,2.0,2.0,1.0,2.0,1.0,1.0,sensitivity_396,sensitivity_315,circular_routes.eol_productivity_elasticity,0.5,1.0,0.880859375,0.9404296875,parameter_bisection,diagonal_tax_parameter,24,false
sensitivity_396,policy,virgin_metal_tax_tax_0_017578125,virgin_metal_tax,0.017578125,LOCALLY_INFEASIBLE,INFEASIBLE_POINT,false,56.200820216,0.0010781566004761656,1,0.0,0,material_composite_production_SK,eqpzs,IND_SK_NEW_ELMA,0.0010781566004761656,EOL_FLOW_EOL_DE_ELMA_INC,0.0,,2.0,2.0,1.0,2.0,1.0,1.0,sensitivity_396,sensitivity_315,circular_routes.eol_productivity_elasticity,0.5,1.0,0.87890625,0.939453125,parameter_bisection,diagonal_tax_parameter,25,false
sensitivity_396,policy,virgin_metal_tax_tax_0_01755859375,virgin_metal_tax,0.01755859375,LOCALLY_INFEASIBLE,INFEASIBLE_POINT,false,87.428218818,0.001048480978599442,1,0.0,0,material_composite_production_SK,eqpzs,IND_SK_NEW_ELMA,0.001048480978599442,EOL_FLOW_EOL_DE_ELMA_INC,0.0,,2.0,2.0,1.0,2.0,1.0,1.0,sensitivity_396,sensitivity_315,circular_routes.eol_productivity_elasticity,0.5,1.0,0.8779296875,0.93896484375,parameter_bisection,diagonal_tax_parameter,26,false
sensitivity_396,policy,virgin_metal_tax_tax_0_017548828125,virgin_metal_tax,0.017548828125,LOCALLY_INFEASIBLE,INFEASIBLE_POINT,true,6.257991069,0.0008315895955124386,0,0.0,0,material_composite_production_SK,eqpzs,IND_SK_NEW_ELMA,0.0008315895955124386,EOL_FLOW_EOL_DE_ELMA_INC,0.0,,2.0,2.0,1.0,2.0,1.0,1.0,sensitivity_396,sensitivity_315,circular_routes.eol_productivity_elasticity,0.5,1.0,0.87744140625,0.938720703125,parameter_bisection,diagonal_tax_parameter,27,true
sensitivity_396,policy,virgin_metal_tax_tax_0_017568359375000002,virgin_metal_tax,0.017568359375000002,LOCALLY_INFEASIBLE,INFEASIBLE_POINT,false,65.063996207,0.001067567924880275,1,0.0,0,material_composite_production_SK,eqpzs,IND_SK_NEW_ELMA,0.001067567924880275,EOL_FLOW_EOL_DE_ELMA_INC,0.0,,2.0,2.0,1.0,2.0,1.0,1.0,sensitivity_396,sensitivity_315,circular_routes.eol_productivity_elasticity,0.5,1.0,0.87841796875,0.939208984375,parameter_bisection,diagonal_tax_parameter,28,false
sensitivity_396,policy,virgin_metal_tax_tax_0_01755859375,virgin_metal_tax,0.01755859375,LOCALLY_INFEASIBLE,INFEASIBLE_POINT,false,33.149123782,0.0010909667398808498,1,0.0,0,material_composite_production_SK,eqpzs,IND_SK_NEW_ELMA,0.0010909667398808498,EOL_FLOW_EOL_DE_ELMA_INC,0.0,,2.0,2.0,1.0,2.0,1.0,1.0,sensitivity_396,sensitivity_315,circular_routes.eol_productivity_elasticity,0.5,1.0,0.8779296875,0.93896484375,parameter_bisection,diagonal_tax_parameter,29,false
sensitivity_396,policy,virgin_metal_tax_tax_0_0175537109375,virgin_metal_tax,0.0175537109375,LOCALLY_INFEASIBLE,INFEASIBLE_POINT,true,2.795568228,0.0008335295965895551,0,0.0,0,material_composite_production_SK,eqpzs,IND_SK_NEW_ELMA,0.0008335295965895551,EOL_FLOW_EOL_DE_ELMA_INC,0.0,,2.0,2.0,1.0,2.0,1.0,1.0,sensitivity_396,sensitivity_315,circular_routes.eol_productivity_elasticity,0.5,1.0,0.877685546875,0.9388427734375,parameter_bisection,diagonal_tax_parameter,30,true
sensitivity_396,policy,virgin_metal_tax_tax_0_0175634765625,virgin_metal_tax,0.0175634765625,LOCALLY_INFEASIBLE,INFEASIBLE_POINT,false,38.551241105,0.0010887031959080362,1,0.0,0,material_composite_production_SK,eqpzs,IND_SK_NEW_ELMA,0.0010887031959080362,EOL_FLOW_EOL_DE_ELMA_INC,0.0,,2.0,2.0,1.0,2.0,1.0,1.0,sensitivity_396,sensitivity_315,circular_routes.eol_productivity_elasticity,0.5,1.0,0.878173828125,0.9390869140625,parameter_bisection,diagonal_tax_parameter,31,false
sensitivity_396,policy,virgin_metal_tax_tax_0_01755859375,virgin_metal_tax,0.01755859375,LOCALLY_INFEASIBLE,INFEASIBLE_POINT,false,41.749930899,0.0010919116753497216,1,0.0,0,material_composite_production_SK,eqpzs,IND_SK_NEW_ELMA,0.0010919116753497216,EOL_FLOW_EOL_DE_ELMA_INC,0.0,,2.0,2.0,1.0,2.0,1.0,1.0,sensitivity_396,sensitivity_315,circular_routes.eol_productivity_elasticity,0.5,1.0,0.8779296875,0.93896484375,parameter_bisection,diagonal_tax_parameter,32,false
sensitivity_396,policy,virgin_metal_tax_tax_0_01755615234375,virgin_metal_tax,0.01755615234375,LOCALLY_INFEASIBLE,INFEASIBLE_POINT,true,7.870947707,0.0009318207484350083,0,0.0,0,material_composite_production_SK,eqpzs,IND_SK_NEW_ELMA,0.0009318207484350083,EOL_FLOW_EOL_DE_ELMA_INC,0.0,,2.0,2.0,1.0,2.0,1.0,1.0,sensitivity_396,sensitivity_315,circular_routes.eol_productivity_elasticity,0.5,1.0,0.8778076171875,0.93890380859375,parameter_bisection,diagonal_tax_parameter,33,true
sensitivity_396,policy,virgin_metal_tax_tax_0_01756103515625,virgin_metal_tax,0.01756103515625,LOCALLY_INFEASIBLE,INFEASIBLE_POINT,false,35.292529357,0.0010931498624197067,1,0.0,0,material_composite_production_SK,eqpzs,IND_SK_NEW_ELMA,0.0010931498624197067,EOL_FLOW_EOL_DE_ELMA_INC,0.0,,2.0,2.0,1.0,2.0,1.0,1.0,sensitivity_396,sensitivity_315,circular_routes.eol_productivity_elasticity,0.5,1.0,0.8780517578125,0.93902587890625,parameter_bisection,diagonal_tax_parameter,34,false
sensitivity_396,policy,virgin_metal_tax_tax_0_01755859375,virgin_metal_tax,0.01755859375,LOCALLY_INFEASIBLE,INFEASIBLE_POINT,false,37.996689041,0.00108881813459194,1,0.0,0,material_composite_production_SK,eqpzs,IND_SK_NEW_ELMA,0.00108881813459194,EOL_FLOW_EOL_DE_ELMA_INC,0.0,,2.0,2.0,1.0,2.0,1.0,1.0,sensitivity_396,sensitivity_315,circular_routes.eol_productivity_elasticity,0.5,1.0,0.8779296875,0.93896484375,parameter_bisection,diagonal_tax_parameter,35,false
sensitivity_439,policy,virgin_metal_tax_tax_0_02,virgin_metal_tax,0.02,LOCALLY_INFEASIBLE,INFEASIBLE_POINT,false,68.104144803,0.001064938698433271,1,0.0,0,material_composite_production_REU,eqpzs,IND_REU_NEW_ELMA,0.001064938698433271,EOL_FLOW_EOL_DE_ELMA_INC,0.0,,0.5,2.0,0.5,1.0,2.0,1.0,sensitivity_439,sensitivity_277,circular_routes.eol_productivity_elasticity,0.5,2.0,1.0,2.0,direct_target,diagonal_tax_parameter,1,false
sensitivity_439,policy,virgin_metal_tax_tax_0_01,virgin_metal_tax,0.01,LOCALLY_INFEASIBLE,INFEASIBLE_POINT,true,35.657506852,0.0005392943652171578,0,1.3815238656900211e-11,0,material_composite_production_REU,eqpzs,IND_REU_NEW_ELMA,0.0005392943652171578,X_IND_SK_REP_OFMA_IND_SK_REP_OFMA,1.3815238656900211e-11,,0.5,2.0,0.5,1.0,2.0,1.0,sensitivity_439,sensitivity_277,circular_routes.eol_productivity_elasticity,0.5,2.0,0.5,1.25,parameter_bisection,diagonal_tax_parameter,2,true
sensitivity_439,policy,virgin_metal_tax_tax_0_02,virgin_metal_tax,0.02,LOCALLY_INFEASIBLE,INFEASIBLE_POINT,false,69.250903399,0.001041332005684792,1,0.0,0,material_composite_production_REU,eqpzs,IND_REU_NEW_ELMA,0.001041332005684792,EOL_FLOW_EOL_DE_ELMA_INC,0.0,,0.5,2.0,0.5,1.0,2.0,1.0,sensitivity_439,sensitivity_277,circular_routes.eol_productivity_elasticity,0.5,2.0,1.0,2.0,parameter_bisection,diagonal_tax_parameter,3,false
sensitivity_439,policy,virgin_metal_tax_tax_0_015,virgin_metal_tax,0.015,LOCALLY_INFEASIBLE,INFEASIBLE_POINT,true,18.235477632,0.0007764241495028523,0,0.0,0,material_composite_production_REU,eqpzs,IND_REU_NEW_ELMA,0.0007764241495028523,EOL_FLOW_EOL_DE_ELMA_INC,0.0,,0.5,2.0,0.5,1.0,2.0,1.0,sensitivity_439,sensitivity_277,circular_routes.eol_productivity_elasticity,0.5,2.0,0.75,1.625,parameter_bisection,diagonal_tax_parameter,4,true
sensitivity_439,policy,virgin_metal_tax_tax_0_02,virgin_metal_tax,0.02,LOCALLY_INFEASIBLE,INFEASIBLE_POINT,false,38.547541786,0.0010550048429864844,1,0.0,0,material_composite_production_REU,eqpzs,IND_REU_NEW_ELMA,0.0010550048429864844,EOL_FLOW_EOL_DE_ELMA_INC,0.0,,0.5,2.0,0.5,1.0,2.0,1.0,sensitivity_439,sensitivity_277,circular_routes.eol_productivity_elasticity,0.5,2.0,1.0,2.0,parameter_bisection,diagonal_tax_parameter,5,false
sensitivity_439,policy,virgin_metal_tax_tax_0_0175,virgin_metal_tax,0.0175,LOCALLY_INFEASIBLE,INFEASIBLE_POINT,true,66.142506882,0.0009317345009698386,0,0.0,0,material_composite_production_REU,eqpzs,IND_REU_NEW_ELMA,0.0009317345009698386,EOL_FLOW_EOL_DE_ELMA_INC,0.0,,0.5,2.0,0.5,1.0,2.0,1.0,sensitivity_439,sensitivity_277,circular_routes.eol_productivity_elasticity,0.5,2.0,0.875,1.8125,parameter_bisection,diagonal_tax_parameter,6,true
sensitivity_439,policy,virgin_metal_tax_tax_0_02,virgin_metal_tax,0.02,LOCALLY_INFEASIBLE,INFEASIBLE_POINT,false,29.900471499,0.0010794943419346614,1,0.0,0,material_composite_production_REU,eqpzs,IND_REU_NEW_ELMA,0.0010794943419346614,EOL_FLOW_EOL_DE_ELMA_INC,0.0,,0.5,2.0,0.5,1.0,2.0,1.0,sensitivity_439,sensitivity_277,circular_routes.eol_productivity_elasticity,0.5,2.0,1.0,2.0,parameter_bisection,diagonal_tax_parameter,7,false
sensitivity_439,policy,virgin_metal_tax_tax_0_01875,virgin_metal_tax,0.01875,LOCALLY_INFEASIBLE,INFEASIBLE_POINT,true,33.938212978,0.0009475678862049808,0,0.0,0,material_composite_production_REU,eqpzs,IND_REU_NEW_ELMA,0.0009475678862049808,EOL_FLOW_EOL_DE_ELMA_INC,0.0,,0.5,2.0,0.5,1.0,2.0,1.0,sensitivity_439,sensitivity_277,circular_routes.eol_productivity_elasticity,0.5,2.0,0.9375,1.90625,parameter_bisection,diagonal_tax_parameter,8,true
sensitivity_439,policy,virgin_metal_tax_tax_0_02,virgin_metal_tax,0.02,LOCALLY_INFEASIBLE,INFEASIBLE_POINT,true,16.042313848,0.0007084209999477231,0,0.0,0,material_composite_production_SK,eqpzs,IND_SK_NEW_ELMA,0.0007084209999477231,EOL_FLOW_EOL_DE_ELMA_INC,0.0,,0.5,2.0,0.5,1.0,2.0,1.0,sensitivity_439,sensitivity_277,circular_routes.eol_productivity_elasticity,0.5,2.0,1.0,2.0,parameter_bisection,diagonal_tax_parameter,9,true
sensitivity_448,policy,virgin_metal_tax_tax_0_02,virgin_metal_tax,0.02,LOCALLY_INFEASIBLE,INFEASIBLE_POINT,true,14.452754967,0.0009575804087506024,0,0.0,0,material_composite_production_REU,eqpzs,IND_REU_NEW_ELMA,0.0009575804087506024,EOL_FLOW_EOL_DE_ELMA_INC,0.0,,0.5,2.0,1.0,1.0,2.0,1.0,sensitivity_448,sensitivity_205,circular_metal.material_substitution_elasticity,0.5,1.0,1.0,1.0,direct_target,diagonal_tax_parameter,1,true
sensitivity_457,policy,virgin_metal_tax_tax_0_02,virgin_metal_tax,0.02,LOCALLY_INFEASIBLE,INFEASIBLE_POINT,false,63.545289536,0.0010612177000927092,1,0.0,0,material_composite_production_REU,eqpzs,IND_REU_NEW_ELMA,0.0010612177000927092,EOL_FLOW_EOL_DE_ELMA_INC,0.0,,0.5,2.0,2.0,1.0,2.0,1.0,sensitivity_457,sensitivity_451,trade.cet_transformation_elasticity,0.5,2.0,1.0,2.0,direct_target,diagonal_tax_parameter,1,false
sensitivity_457,policy,virgin_metal_tax_tax_0_01,virgin_metal_tax,0.01,LOCALLY_INFEASIBLE,INFEASIBLE_POINT,true,13.936095279,0.0005299686228728007,0,0.0,0,material_composite_production_REU,eqpzs,IND_REU_NEW_ELMA,0.0005299686228728007,EOL_FLOW_EOL_DE_ELMA_INC,0.0,,0.5,2.0,2.0,1.0,2.0,1.0,sensitivity_457,sensitivity_451,trade.cet_transformation_elasticity,0.5,2.0,0.5,1.25,parameter_bisection,diagonal_tax_parameter,2,true
sensitivity_457,policy,virgin_metal_tax_tax_0_02,virgin_metal_tax,0.02,LOCALLY_INFEASIBLE,INFEASIBLE_POINT,false,38.648220479,0.0010648141274547385,1,0.0,0,material_composite_production_REU,eqpzs,IND_REU_NEW_ELMA,0.0010648141274547385,EOL_FLOW_EOL_DE_ELMA_INC,0.0,,0.5,2.0,2.0,1.0,2.0,1.0,sensitivity_457,sensitivity_451,trade.cet_transformation_elasticity,0.5,2.0,1.0,2.0,parameter_bisection,diagonal_tax_parameter,3,false
sensitivity_457,policy,virgin_metal_tax_tax_0_015,virgin_metal_tax,0.015,LOCALLY_INFEASIBLE,INFEASIBLE_POINT,true,34.713169175,0.0007641217870940631,0,0.0,0,material_composite_production_REU,eqpzs,IND_REU_NEW_ELMA,0.0007641217870940631,EOL_FLOW_EOL_DE_ELMA_INC,0.0,,0.5,2.0,2.0,1.0,2.0,1.0,sensitivity_457,sensitivity_451,trade.cet_transformation_elasticity,0.5,2.0,0.75,1.625,parameter_bisection,diagonal_tax_parameter,4,true
sensitivity_457,policy,virgin_metal_tax_tax_0_02,virgin_metal_tax,0.02,LOCALLY_INFEASIBLE,INFEASIBLE_POINT,false,20.101917776,0.0010656741052509355,1,0.0,0,material_composite_production_REU,eqpzs,IND_REU_NEW_ELMA,0.0010656741052509355,EOL_FLOW_EOL_DE_ELMA_INC,0.0,,0.5,2.0,2.0,1.0,2.0,1.0,sensitivity_457,sensitivity_451,trade.cet_transformation_elasticity,0.5,2.0,1.0,2.0,parameter_bisection,diagonal_tax_parameter,5,false
sensitivity_457,policy,virgin_metal_tax_tax_0_0175,virgin_metal_tax,0.0175,LOCALLY_INFEASIBLE,INFEASIBLE_POINT,true,15.41542152,0.0009010032817657887,0,0.0,0,material_composite_production_REU,eqpzs,IND_REU_NEW_ELMA,0.0009010032817657887,EOL_FLOW_EOL_DE_ELMA_INC,0.0,,0.5,2.0,2.0,1.0,2.0,1.0,sensitivity_457,sensitivity_451,trade.cet_transformation_elasticity,0.5,2.0,0.875,1.8125,parameter_bisection,diagonal_tax_parameter,6,true
sensitivity_457,policy,virgin_metal_tax_tax_0_02,virgin_metal_tax,0.02,LOCALLY_INFEASIBLE,INFEASIBLE_POINT,false,16.149663692,0.0010494435635245436,1,0.0,0,material_composite_production_REU,eqpzs,IND_REU_NEW_ELMA,0.0010494435635245436,EOL_FLOW_EOL_DE_ELMA_INC,0.0,,0.5,2.0,2.0,1.0,2.0,1.0,sensitivity_457,sensitivity_451,trade.cet_transformation_elasticity,0.5,2.0,1.0,2.0,parameter_bisection,diagonal_tax_parameter,7,false
sensitivity_457,policy,virgin_metal_tax_tax_0_01875,virgin_metal_tax,0.01875,LOCALLY_INFEASIBLE,INFEASIBLE_POINT,true,22.829841208,0.000980229886040851,0,0.0,0,material_composite_production_REU,eqpzs,IND_REU_NEW_ELMA,0.000980229886040851,EOL_FLOW_EOL_DE_ELMA_INC,0.0,,0.5,2.0,2.0,1.0,2.0,1.0,sensitivity_457,sensitivity_451,trade.cet_transformation_elasticity,0.5,2.0,0.9375,1.90625,parameter_bisection,diagonal_tax_parameter,8,true
sensitivity_457,policy,virgin_metal_tax_tax_0_02,virgin_metal_tax,0.02,LOCALLY_INFEASIBLE,INFEASIBLE_POINT,false,7.99937956,0.0010326251438370626,1,0.0,0,material_composite_production_REU,eqpzs,IND_REU_NEW_ELMA,0.0010326251438370626,EOL_FLOW_EOL_DE_ELMA_INC,0.0,,0.5,2.0,2.0,1.0,2.0,1.0,sensitivity_457,sensitivity_451,trade.cet_transformation_elasticity,0.5,2.0,1.0,2.0,parameter_bisection,diagonal_tax_parameter,9,false
sensitivity_457,policy,virgin_metal_tax_tax_0_019375,virgin_metal_tax,0.019375,LOCALLY_INFEASIBLE,INFEASIBLE_POINT,true,14.693482265,0.0009926394926316195,0,0.0,0,material_composite_production_REU,eqpzs,IND_REU_NEW_ELMA,0.0009926394926316195,EOL_FLOW_EOL_DE_ELMA_INC,0.0,,0.5,2.0,2.0,1.0,2.0,1.0,sensitivity_457,sensitivity_451,trade.cet_transformation_elasticity,0.5,2.0,0.96875,1.953125,parameter_bisection,diagonal_tax_parameter,10,true
sensitivity_457,policy,virgin_metal_tax_tax_0_02,virgin_metal_tax,0.02,LOCALLY_INFEASIBLE,INFEASIBLE_POINT,true,7.681460202,0.0009938222808448804,0,0.0,0,material_composite_production_REU,eqpzs,IND_REU_NEW_ELMA,0.0009938222808448804,EOL_FLOW_EOL_DE_ELMA_INC,0.0,,0.5,2.0,2.0,1.0,2.0,1.0,sensitivity_457,sensitivity_451,trade.cet_transformation_elasticity,0.5,2.0,1.0,2.0,parameter_bisection,diagonal_tax_parameter,11,true
sensitivity_459,policy,virgin_metal_tax_tax_0_02,virgin_metal_tax,0.02,LOCALLY_INFEASIBLE,INFEASIBLE_POINT,false,32.114985203,0.0011532768890410994,1,0.0,0,material_composite_production_SK,eqpzs,IND_SK_NEW_ELMA,0.0011532768890410994,EOL_FLOW_EOL_DE_ELMA_INC,0.0,,2.0,2.0,2.0,1.0,2.0,1.0,sensitivity_459,sensitivity_216,circular_metal.material_substitution_elasticity,0.5,1.0,1.0,1.0,direct_target,diagonal_tax_parameter,1,false
sensitivity_459,policy,virgin_metal_tax_tax_0_01,virgin_metal_tax,0.01,LOCALLY_INFEASIBLE,INFEASIBLE_POINT,true,21.037395693,0.000624285228500332,0,0.0,0,material_composite_production_SK,eqpzs,IND_SK_NEW_ELMA,0.000624285228500332,EOL_FLOW_EOL_DE_ELMA_INC,0.0,,2.0,2.0,2.0,1.0,2.0,1.0,sensitivity_459,sensitivity_216,circular_metal.material_substitution_elasticity,0.5,1.0,0.5,0.75,parameter_bisection,diagonal_tax_parameter,2,true
sensitivity_459,policy,virgin_metal_tax_tax_0_02,virgin_metal_tax,0.02,LOCALLY_INFEASIBLE,INFEASIBLE_POINT,false,37.89616927,0.0010778780894574735,1,0.0,0,material_composite_production_SK,eqpzs,IND_SK_NEW_ELMA,0.0010778780894574735,EOL_FLOW_EOL_DE_ELMA_INC,0.0,,2.0,2.0,2.0,1.0,2.0,1.0,sensitivity_459,sensitivity_216,circular_metal.material_substitution_elasticity,0.5,1.0,1.0,1.0,parameter_bisection,diagonal_tax_parameter,3,false
sensitivity_459,policy,virgin_metal_tax_tax_0_015,virgin_metal_tax,0.015,LOCALLY_INFEASIBLE,INFEASIBLE_POINT,true,34.41988716,0.0009497114623768788,0,0.0,0,material_composite_production_SK,eqpzs,IND_SK_NEW_ELMA,0.0009497114623768788,EOL_FLOW_EOL_DE_ELMA_INC,0.0,,2.0,2.0,2.0,1.0,2.0,1.0,sensitivity_459,sensitivity_216,circular_metal.material_substitution_elasticity,0.5,1.0,0.75,0.875,parameter_bisection,diagonal_tax_parameter,4,true
sensitivity_459,policy,virgin_metal_tax_tax_0_02,virgin_metal_tax,0.02,LOCALLY_INFEASIBLE,INFEASIBLE_POINT,false,16.916104457,0.001004199515749149,1,0.0,0,material_composite_production_REU,eqpzs,IND_REU_NEW_ELMA,0.001004199515749149,EOL_FLOW_EOL_DE_ELMA_INC,0.0,,2.0,2.0,2.0,1.0,2.0,1.0,sensitivity_459,sensitivity_216,circular_metal.material_substitution_elasticity,0.5,1.0,1.0,1.0,parameter_bisection,diagonal_tax_parameter,5,false
sensitivity_459,policy,virgin_metal_tax_tax_0_0175,virgin_metal_tax,0.0175,LOCALLY_INFEASIBLE,INFEASIBLE_POINT,false,13.538083843,0.0010425892809537984,1,0.0,0,material_composite_production_SK,eqpzs,IND_SK_NEW_ELMA,0.0010425892809537984,EOL_FLOW_EOL_DE_ELMA_INC,0.0,,2.0,2.0,2.0,1.0,2.0,1.0,sensitivity_459,sensitivity_216,circular_metal.material_substitution_elasticity,0.5,1.0,0.875,0.9375,parameter_bisection,diagonal_tax_parameter,6,false
sensitivity_459,policy,virgin_metal_tax_tax_0_01625,virgin_metal_tax,0.01625,LOCALLY_INFEASIBLE,INFEASIBLE_POINT,true,18.11347089,0.000872868433929419,0,0.0,0,material_composite_production_SK,eqpzs,IND_SK_NEW_ELMA,0.000872868433929419,EOL_FLOW_EOL_DE_ELMA_INC,0.0,,2.0,2.0,2.0,1.0,2.0,1.0,sensitivity_459,sensitivity_216,circular_metal.material_substitution_elasticity,0.5,1.0,0.8125,0.90625,parameter_bisection,diagonal_tax_parameter,7,true
sensitivity_459,policy,virgin_metal_tax_tax_0_01875,virgin_metal_tax,0.01875,LOCALLY_INFEASIBLE,INFEASIBLE_POINT,true,6.679831736,0.0009571521909965686,0,0.0,0,material_composite_production_SK,eqpzs,IND_SK_NEW_ELMA,0.0009571521909965686,EOL_FLOW_EOL_DE_ELMA_INC,0.0,,2.0,2.0,2.0,1.0,2.0,1.0,sensitivity_459,sensitivity_216,circular_metal.material_substitution_elasticity,0.5,1.0,0.9375,0.96875,parameter_bisection,diagonal_tax_parameter,8,true
sensitivity_459,policy,virgin_metal_tax_tax_0_02,virgin_metal_tax,0.02,LOCALLY_INFEASIBLE,INFEASIBLE_POINT,false,21.611302097,0.001148303002885931,1,0.0,0,material_composite_production_SK,eqpzs,IND_SK_NEW_ELMA,0.001148303002885931,EOL_FLOW_EOL_DE_ELMA_INC,0.0,,2.0,2.0,2.0,1.0,2.0,1.0,sensitivity_459,sensitivity_216,circular_metal.material_substitution_elasticity,0.5,1.0,1.0,1.0,parameter_bisection,diagonal_tax_parameter,9,false
sensitivity_459,policy,virgin_metal_tax_tax_0_019375,virgin_metal_tax,0.019375,LOCALLY_INFEASIBLE,INFEASIBLE_POINT,false,21.079484869,0.001202404326430706,1,0.0,0,material_composite_production_SK,eqpzs,IND_SK_NEW_ELMA,0.001202404326430706,EOL_FLOW_EOL_DE_ELMA_INC,0.0,,2.0,2.0,2.0,1.0,2.0,1.0,sensitivity_459,sensitivity_216,circular_metal.material_substitution_elasticity,0.5,1.0,0.96875,0.984375,parameter_bisection,diagonal_tax_parameter,10,false
sensitivity_459,policy,virgin_metal_tax_tax_0_0190625,virgin_metal_tax,0.0190625,LOCALLY_INFEASIBLE,INFEASIBLE_POINT,false,28.492087015,0.01354601577605874,3,0.0,0,observed_physical_flow_links,quantity_link,physical_SK_OFMA_REP_route_input_mass,0.01354601577605874,EOL_FLOW_EOL_DE_ELMA_INC,0.0,,2.0,2.0,2.0,1.0,2.0,1.0,sensitivity_459,sensitivity_216,circular_metal.material_substitution_elasticity,0.5,1.0,0.953125,0.9765625,parameter_bisection,diagonal_tax_parameter,11,false
sensitivity_459,policy,virgin_metal_tax_tax_0_01890625,virgin_metal_tax,0.01890625,LOCALLY_INFEASIBLE,INFEASIBLE_POINT,false,15.004475657,0.0011895210613815932,1,0.0,0,material_composite_production_SK,eqpzs,IND_SK_NEW_ELMA,0.0011895210613815932,EOL_FLOW_EOL_DE_ELMA_INC,0.0,,2.0,2.0,2.0,1.0,2.0,1.0,sensitivity_459,sensitivity_216,circular_metal.material_substitution_elasticity,0.5,1.0,0.9453125,0.97265625,parameter_bisection,diagonal_tax_parameter,12,false
sensitivity_459,policy,virgin_metal_tax_tax_0_018828125,virgin_metal_tax,0.018828125,LOCALLY_INFEASIBLE,INFEASIBLE_POINT,false,17.761487552,0.0011951444847323467,2,0.0,0,material_composite_production_SK,eqpzs,IND_SK_NEW_ELMA,0.0011951444847323467,EOL_FLOW_EOL_DE_ELMA_INC,0.0,,2.0,2.0,2.0,1.0,2.0,1.0,sensitivity_459,sensitivity_216,circular_metal.material_substitution_elasticity,0.5,1.0,0.94140625,0.970703125,parameter_bisection,diagonal_tax_parameter,13,false
sensitivity_459,policy,virgin_metal_tax_tax_0_018789062500000002,virgin_metal_tax,0.018789062500000002,LOCALLY_INFEASIBLE,INFEASIBLE_POINT,false,9.210701252,0.0011650959734135213,1,0.0,0,material_composite_production_SK,eqpzs,IND_SK_NEW_ELMA,0.0011650959734135213,EOL_FLOW_EOL_DE_ELMA_INC,0.0,,2.0,2.0,2.0,1.0,2.0,1.0,sensitivity_459,sensitivity_216,circular_metal.material_substitution_elasticity,0.5,1.0,0.939453125,0.9697265625,parameter_bisection,diagonal_tax_parameter,14,false
sensitivity_459,policy,virgin_metal_tax_tax_0_01876953125,virgin_metal_tax,0.01876953125,LOCALLY_INFEASIBLE,INFEASIBLE_POINT,true,12.109260482,0.0009712183713884714,0,0.0,0,material_composite_production_SK,eqpzs,IND_SK_NEW_ELMA,0.0009712183713884714,EOL_FLOW_EOL_DE_ELMA_INC,0.0,,2.0,2.0,2.0,1.0,2.0,1.0,sensitivity_459,sensitivity_216,circular_metal.material_substitution_elasticity,0.5,1.0,0.9384765625,0.96923828125,parameter_bisection,diagonal_tax_parameter,15,true
sensitivity_459,policy,virgin_metal_tax_tax_0_01880859375,virgin_metal_tax,0.01880859375,LOCALLY_INFEASIBLE,INFEASIBLE_POINT,false,31.381100715,0.001159315929452065,1,0.0,0,material_composite_production_SK,eqpzs,IND_SK_NEW_ELMA,0.001159315929452065,EOL_FLOW_EOL_DE_ELMA_INC,0.0,,2.0,2.0,2.0,1.0,2.0,1.0,sensitivity_459,sensitivity_216,circular_metal.material_substitution_elasticity,0.5,1.0,0.9404296875,0.97021484375,parameter_bisection,diagonal_tax_parameter,16,false
sensitivity_459,policy,virgin_metal_tax_tax_0_018789062500000002,virgin_metal_tax,0.018789062500000002,LOCALLY_INFEASIBLE,INFEASIBLE_POINT,true,12.466150725,0.0009779376156059394,0,0.0,0,material_composite_production_SK,eqpzs,IND_SK_NEW_ELMA,0.0009779376156059394,EOL_FLOW_EOL_DE_ELMA_INC,0.0,,2.0,2.0,2.0,1.0,2.0,1.0,sensitivity_459,sensitivity_216,circular_metal.material_substitution_elasticity,0.5,1.0,0.939453125,0.9697265625,parameter_bisection,diagonal_tax_parameter,17,true
sensitivity_459,policy,virgin_metal_tax_tax_0_018828125,virgin_metal_tax,0.018828125,LOCALLY_INFEASIBLE,INFEASIBLE_POINT,false,31.235719248,0.0010845217471057156,2,0.0,0,material_composite_production_SK,eqpzs,IND_SK_NEW_ELMA,0.0010845217471057156,EOL_FLOW_EOL_DE_ELMA_INC,0.0,,2.0,2.0,2.0,1.0,2.0,1.0,sensitivity_459,sensitivity_216,circular_metal.material_substitution_elasticity,0.5,1.0,0.94140625,0.970703125,parameter_bisection,diagonal_tax_parameter,18,false
sensitivity_459,policy,virgin_metal_tax_tax_0_01880859375,virgin_metal_tax,0.01880859375,LOCALLY_INFEASIBLE,INFEASIBLE_POINT,true,5.025804393,0.000979432460105123,0,0.0,0,material_composite_production_SK,eqpzs,IND_SK_NEW_ELMA,0.000979432460105123,EOL_FLOW_EOL_DE_ELMA_INC,0.0,,2.0,2.0,2.0,1.0,2.0,1.0,sensitivity_459,sensitivity_216,circular_metal.material_substitution_elasticity,0.5,1.0,0.9404296875,0.97021484375,parameter_bisection,diagonal_tax_parameter,19,true
sensitivity_459,policy,virgin_metal_tax_tax_0_01884765625,virgin_metal_tax,0.01884765625,LOCALLY_INFEASIBLE,INFEASIBLE_POINT,false,16.496561766,0.0011254748665211478,1,0.0,0,material_composite_production_SK,eqpzs,IND_SK_NEW_ELMA,0.0011254748665211478,EOL_FLOW_EOL_DE_ELMA_INC,0.0,,2.0,2.0,2.0,1.0,2.0,1.0,sensitivity_459,sensitivity_216,circular_metal.material_substitution_elasticity,0.5,1.0,0.9423828125,0.97119140625,parameter_bisection,diagonal_tax_parameter,20,false
sensitivity_459,policy,virgin_metal_tax_tax_0_018828125,virgin_metal_tax,0.018828125,LOCALLY_INFEASIBLE,INFEASIBLE_POINT,false,19.607386235,0.0010153584135950133,1,0.0,0,material_composite_production_REU,eqpzs,IND_REU_NEW_ELMA,0.0010153584135950133,EOL_FLOW_EOL_DE_ELMA_INC,0.0,,2.0,2.0,2.0,1.0,2.0,1.0,sensitivity_459,sensitivity_216,circular_metal.material_substitution_elasticity,0.5,1.0,0.94140625,0.970703125,parameter_bisection,diagonal_tax_parameter,21,false
sensitivity_459,policy,virgin_metal_tax_tax_0_018818359375,virgin_metal_tax,0.018818359375,LOCALLY_INFEASIBLE,INFEASIBLE_POINT,true,6.218249178,0.0009340549291306788,0,0.0,0,material_composite_production_SK,eqpzs,IND_SK_NEW_ELMA,0.0009340549291306788,EOL_FLOW_EOL_DE_ELMA_INC,0.0,,2.0,2.0,2.0,1.0,2.0,1.0,sensitivity_459,sensitivity_216,circular_metal.material_substitution_elasticity,0.5,1.0,0.94091796875,0.970458984375,parameter_bisection,diagonal_tax_parameter,22,true
sensitivity_459,policy,virgin_metal_tax_tax_0_018837890625,virgin_metal_tax,0.018837890625,LOCALLY_INFEASIBLE,INFEASIBLE_POINT,false,17.461391665,0.001014421935918497,1,0.0,0,material_composite_production_REU,eqpzs,IND_REU_NEW_ELMA,0.001014421935918497,EOL_FLOW_EOL_DE_ELMA_INC,0.0,,2.0,2.0,2.0,1.0,2.0,1.0,sensitivity_459,sensitivity_216,circular_metal.material_substitution_elasticity,0.5,1.0,0.94189453125,0.970947265625,parameter_bisection,diagonal_tax_parameter,23,false
sensitivity_459,policy,virgin_metal_tax_tax_0_018828125,virgin_metal_tax,0.018828125,LOCALLY_INFEASIBLE,INFEASIBLE_POINT,false,19.68440722,0.0010142620542397118,1,0.0,0,material_composite_production_REU,eqpzs,IND_REU_NEW_ELMA,0.0010142620542397118,EOL_FLOW_EOL_DE_ELMA_INC,0.0,,2.0,2.0,2.0,1.0,2.0,1.0,sensitivity_459,sensitivity_216,circular_metal.material_substitution_elasticity,0.5,1.0,0.94140625,0.970703125,parameter_bisection,diagonal_tax_parameter,24,false
sensitivity_459,policy,virgin_metal_tax_tax_0_018823242187500002,virgin_metal_tax,0.018823242187500002,LOCALLY_INFEASIBLE,INFEASIBLE_POINT,false,8.919539634,0.0010148619394828584,1,9.039651759840962e-9,0,material_composite_production_REU,eqpzs,IND_REU_NEW_ELMA,0.0010148619394828584,F_FAC_SK_LAB_IND_SK_REP_OFMA,9.039651759840962e-9,,2.0,2.0,2.0,1.0,2.0,1.0,sensitivity_459,sensitivity_216,circular_metal.material_substitution_elasticity,0.5,1.0,0.941162109375,0.9705810546875,parameter_bisection,diagonal_tax_parameter,25,false
sensitivity_459,policy,virgin_metal_tax_tax_0_01882080078125,virgin_metal_tax,0.01882080078125,LOCALLY_INFEASIBLE,INFEASIBLE_POINT,false,15.052638247,0.0010145412085230676,1,0.0,0,material_composite_production_REU,eqpzs,IND_REU_NEW_ELMA,0.0010145412085230676,EOL_FLOW_EOL_DE_ELMA_INC,0.0,,2.0,2.0,2.0,1.0,2.0,1.0,sensitivity_459,sensitivity_216,circular_metal.material_substitution_elasticity,0.5,1.0,0.9410400390625,0.97052001953125,parameter_bisection,diagonal_tax_parameter,26,false
sensitivity_477,policy,virgin_metal_tax_tax_0_02,virgin_metal_tax,0.02,OTHER_ERROR,NEARLY_FEASIBLE_POINT,false,67.010224768,0.0005225640342245708,0,8.998331893701189e-9,0,material_composite_production_REU,eqpzs,IND_REU_NEW_ELMA,0.0005225640342245708,Y_IND_SK_NEW_OFMA,8.998331893701189e-9,,2.0,2.0,1.0,2.0,2.0,1.0,sensitivity_477,sensitivity_471,trade.cet_transformation_elasticity,0.5,2.0,1.0,2.0,direct_target,diagonal_tax_parameter,1,false
sensitivity_477,policy,virgin_metal_tax_tax_0_01,virgin_metal_tax,0.01,LOCALLY_INFEASIBLE,INFEASIBLE_POINT,true,20.611833519,0.0005363948521306394,0,0.0,0,material_composite_production_REU,eqpzs,IND_REU_NEW_ELMA,0.0005363948521306394,EOL_FLOW_EOL_DE_ELMA_INC,0.0,,2.0,2.0,1.0,2.0,2.0,1.0,sensitivity_477,sensitivity_471,trade.cet_transformation_elasticity,0.5,2.0,0.5,1.25,parameter_bisection,diagonal_tax_parameter,2,true
sensitivity_477,policy,virgin_metal_tax_tax_0_02,virgin_metal_tax,0.02,LOCALLY_INFEASIBLE,INFEASIBLE_POINT,false,19.11528687,0.0012292417088338725,1,0.0,0,material_composite_production_SK,eqpzs,IND_SK_NEW_ELMA,0.0012292417088338725,EOL_FLOW_EOL_DE_ELMA_INC,0.0,,2.0,2.0,1.0,2.0,2.0,1.0,sensitivity_477,sensitivity_471,trade.cet_transformation_elasticity,0.5,2.0,1.0,2.0,parameter_bisection,diagonal_tax_parameter,3,false
sensitivity_477,policy,virgin_metal_tax_tax_0_015,virgin_metal_tax,0.015,LOCALLY_INFEASIBLE,INFEASIBLE_POINT,true,18.386283616,0.0008016755227925332,0,0.0,0,material_composite_production_REU,eqpzs,IND_REU_NEW_ELMA,0.0008016755227925332,EOL_FLOW_EOL_DE_ELMA_INC,0.0,,2.0,2.0,1.0,2.0,2.0,1.0,sensitivity_477,sensitivity_471,trade.cet_transformation_elasticity,0.5,2.0,0.75,1.625,parameter_bisection,diagonal_tax_parameter,4,true
sensitivity_477,policy,virgin_metal_tax_tax_0_02,virgin_metal_tax,0.02,LOCALLY_INFEASIBLE,INFEASIBLE_POINT,false,15.997732935,0.0010788669905010817,1,0.0,0,material_composite_production_REU,eqpzs,IND_REU_NEW_ELMA,0.0010788669905010817,EOL_FLOW_EOL_DE_ELMA_INC,0.0,,2.0,2.0,1.0,2.0,2.0,1.0,sensitivity_477,sensitivity_471,trade.cet_transformation_elasticity,0.5,2.0,1.0,2.0,parameter_bisection,diagonal_tax_parameter,5,false
sensitivity_477,policy,virgin_metal_tax_tax_0_0175,virgin_metal_tax,0.0175,LOCALLY_INFEASIBLE,INFEASIBLE_POINT,true,27.521080838,0.0008981971868045058,0,0.0,0,material_composite_production_REU,eqpzs,IND_REU_NEW_ELMA,0.0008981971868045058,EOL_FLOW_EOL_DE_ELMA_INC,0.0,,2.0,2.0,1.0,2.0,2.0,1.0,sensitivity_477,sensitivity_471,trade.cet_transformation_elasticity,0.5,2.0,0.875,1.8125,parameter_bisection,diagonal_tax_parameter,6,true
sensitivity_477,policy,virgin_metal_tax_tax_0_02,virgin_metal_tax,0.02,LOCALLY_INFEASIBLE,INFEASIBLE_POINT,true,9.443918887,0.0009397914163573606,0,0.0,0,material_composite_production_SK,eqpzs,IND_SK_NEW_ELMA,0.0009397914163573606,EOL_FLOW_EOL_DE_ELMA_INC,0.0,,2.0,2.0,1.0,2.0,2.0,1.0,sensitivity_477,sensitivity_471,trade.cet_transformation_elasticity,0.5,2.0,1.0,2.0,parameter_bisection,diagonal_tax_parameter,7,true
sensitivity_502,policy,virgin_metal_tax_tax_0_02,virgin_metal_tax,0.02,LOCALLY_INFEASIBLE,INFEASIBLE_POINT,false,24.993767025,0.0010650622163015377,1,0.0,0,material_composite_production_REU,eqpzs,IND_REU_NEW_ELMA,0.0010650622163015377,EOL_FLOW_EOL_DE_ELMA_INC,0.0,,0.5,2.0,1.0,0.5,0.5,2.0,sensitivity_502,sensitivity_016,circular_metal.material_substitution_elasticity,0.5,2.0,1.0,2.0,direct_target,diagonal_tax_parameter,1,false
sensitivity_502,policy,virgin_metal_tax_tax_0_01,virgin_metal_tax,0.01,LOCALLY_INFEASIBLE,INFEASIBLE_POINT,true,13.196705253,0.000529846034995396,0,0.0,0,material_composite_production_REU,eqpzs,IND_REU_NEW_ELMA,0.000529846034995396,EOL_FLOW_EOL_DE_ELMA_INC,0.0,,0.5,2.0,1.0,0.5,0.5,2.0,sensitivity_502,sensitivity_016,circular_metal.material_substitution_elasticity,0.5,2.0,0.5,1.25,parameter_bisection,diagonal_tax_parameter,2,true
sensitivity_502,policy,virgin_metal_tax_tax_0_02,virgin_metal_tax,0.02,LOCALLY_INFEASIBLE,INFEASIBLE_POINT,true,30.172775975,0.0008218468680282198,0,0.0,0,material_composite_production_SK,eqpzs,IND_SK_NEW_ELMA,0.0008218468680282198,EOL_FLOW_EOL_DE_ELMA_INC,0.0,,0.5,2.0,1.0,0.5,0.5,2.0,sensitivity_502,sensitivity_016,circular_metal.material_substitution_elasticity,0.5,2.0,1.0,2.0,parameter_bisection,diagonal_tax_parameter,3,true
sensitivity_522,policy,virgin_metal_tax_tax_0_02,virgin_metal_tax,0.02,LOCALLY_INFEASIBLE,INFEASIBLE_POINT,false,28.159818815,0.0012270438039397868,1,0.0,0,material_composite_production_SK,eqpzs,IND_SK_NEW_ELMA,0.0012270438039397868,EOL_FLOW_EOL_DE_ELMA_INC,0.0,,2.0,2.0,0.5,1.0,0.5,2.0,sensitivity_522,sensitivity_279,circular_metal.material_substitution_elasticity,1.0,2.0,1.0,2.0,direct_target,diagonal_tax_parameter,1,false
sensitivity_522,policy,virgin_metal_tax_tax_0_01,virgin_metal_tax,0.01,LOCALLY_INFEASIBLE,INFEASIBLE_POINT,true,23.867122403,0.0006127938659803434,0,0.0,0,material_composite_production_SK,eqpzs,IND_SK_NEW_ELMA,0.0006127938659803434,EOL_FLOW_EOL_DE_ELMA_INC,0.0,,2.0,2.0,0.5,1.0,0.5,2.0,sensitivity_522,sensitivity_279,circular_metal.material_substitution_elasticity,1.0,2.0,0.5,1.5,parameter_bisection,diagonal_tax_parameter,2,true
sensitivity_522,policy,virgin_metal_tax_tax_0_02,virgin_metal_tax,0.02,LOCALLY_INFEASIBLE,INFEASIBLE_POINT,false,62.054682901,0.1032305877107913,3,0.0,0,observed_physical_flow_links,quantity_link,physical_SK_OFMA_REP_route_input_mass,0.1032305877107913,EOL_FLOW_EOL_DE_ELMA_INC,0.0,,2.0,2.0,0.5,1.0,0.5,2.0,sensitivity_522,sensitivity_279,circular_metal.material_substitution_elasticity,1.0,2.0,1.0,2.0,parameter_bisection,diagonal_tax_parameter,3,false
sensitivity_522,policy,virgin_metal_tax_tax_0_015,virgin_metal_tax,0.015,LOCALLY_INFEASIBLE,INFEASIBLE_POINT,true,18.098858984,0.000760161017132277,0,0.0,0,material_composite_production_REU,eqpzs,IND_REU_NEW_ELMA,0.000760161017132277,EOL_FLOW_EOL_DE_ELMA_INC,0.0,,2.0,2.0,0.5,1.0,0.5,2.0,sensitivity_522,sensitivity_279,circular_metal.material_substitution_elasticity,1.0,2.0,0.75,1.75,parameter_bisection,diagonal_tax_parameter,4,true
sensitivity_522,policy,virgin_metal_tax_tax_0_02,virgin_metal_tax,0.02,LOCALLY_INFEASIBLE,INFEASIBLE_POINT,false,19.667351545,0.0010566273298837636,1,0.0,0,material_composite_production_REU,eqpzs,IND_REU_NEW_ELMA,0.0010566273298837636,EOL_FLOW_EOL_DE_ELMA_INC,0.0,,2.0,2.0,0.5,1.0,0.5,2.0,sensitivity_522,sensitivity_279,circular_metal.material_substitution_elasticity,1.0,2.0,1.0,2.0,parameter_bisection,diagonal_tax_parameter,5,false
sensitivity_522,policy,virgin_metal_tax_tax_0_0175,virgin_metal_tax,0.0175,LOCALLY_INFEASIBLE,INFEASIBLE_POINT,true,18.340851336,0.0009175044732843141,0,0.0,0,material_composite_production_REU,eqpzs,IND_REU_NEW_ELMA,0.0009175044732843141,EOL_FLOW_EOL_DE_ELMA_INC,0.0,,2.0,2.0,0.5,1.0,0.5,2.0,sensitivity_522,sensitivity_279,circular_metal.material_substitution_elasticity,1.0,2.0,0.875,1.875,parameter_bisection,diagonal_tax_parameter,6,true
sensitivity_522,policy,virgin_metal_tax_tax_0_02,virgin_metal_tax,0.02,LOCALLY_INFEASIBLE,INFEASIBLE_POINT,false,26.713141244,0.3086159036871674,85,0.0,0,observed_physical_flow_links,quantity_link,physical_SK_OFMA_REP_route_input_mass,0.3086159036871674,EOL_FLOW_EOL_DE_ELMA_INC,0.0,,2.0,2.0,0.5,1.0,0.5,2.0,sensitivity_522,sensitivity_279,circular_metal.material_substitution_elasticity,1.0,2.0,1.0,2.0,parameter_bisection,diagonal_tax_parameter,7,false
sensitivity_522,policy,virgin_metal_tax_tax_0_01875,virgin_metal_tax,0.01875,LOCALLY_INFEASIBLE,INFEASIBLE_POINT,true,17.944820692,0.0009951479555527776,0,0.0,0,material_composite_production_REU,eqpzs,IND_REU_NEW_ELMA,0.0009951479555527776,EOL_FLOW_EOL_DE_ELMA_INC,0.0,,2.0,2.0,0.5,1.0,0.5,2.0,sensitivity_522,sensitivity_279,circular_metal.material_substitution_elasticity,1.0,2.0,0.9375,1.9375,parameter_bisection,diagonal_tax_parameter,8,true
sensitivity_522,policy,virgin_metal_tax_tax_0_02,virgin_metal_tax,0.02,LOCALLY_INFEASIBLE,INFEASIBLE_POINT,true,32.095800627,0.0009930764231006473,0,0.0,0,material_composite_production_SK,eqpzs,IND_SK_NEW_ELMA,0.0009930764231006473,EOL_FLOW_EOL_DE_ELMA_INC,0.0,,2.0,2.0,0.5,1.0,0.5,2.0,sensitivity_522,sensitivity_279,circular_metal.material_substitution_elasticity,1.0,2.0,1.0,2.0,parameter_bisection,diagonal_tax_parameter,9,true
sensitivity_627,policy,virgin_metal_tax_tax_0_02,virgin_metal_tax,0.02,LOCALLY_INFEASIBLE,INFEASIBLE_POINT,false,64.676651415,0.001085926088011279,1,0.0,0,common_eu_trade,eu_cet_quantity,NEW_ELMA|SK,0.001085926088011279,EOL_FLOW_EOL_DE_ELMA_INC,0.0,,2.0,1.0,0.5,2.0,1.0,2.0,sensitivity_627,sensitivity_141,circular_metal.material_substitution_elasticity,0.5,2.0,1.0,2.0,direct_target,diagonal_tax_parameter,1,false
sensitivity_627,policy,virgin_metal_tax_tax_0_01,virgin_metal_tax,0.01,LOCALLY_INFEASIBLE,INFEASIBLE_POINT,true,25.421237961,0.0004567531181497442,0,0.0,0,material_composite_production_REU,eqpzs,IND_REU_NEW_ELMA,0.0004567531181497442,EOL_FLOW_EOL_DE_ELMA_INC,0.0,,2.0,1.0,0.5,2.0,1.0,2.0,sensitivity_627,sensitivity_141,circular_metal.material_substitution_elasticity,0.5,2.0,0.5,1.25,parameter_bisection,diagonal_tax_parameter,2,true
sensitivity_627,policy,virgin_metal_tax_tax_0_02,virgin_metal_tax,0.02,LOCALLY_INFEASIBLE,INFEASIBLE_POINT,false,92.55962258,0.001370363051386671,5,0.0,0,regional_factor_availability,factor_availability,FAC_SK_LAB|SK,0.001370363051386671,EOL_FLOW_EOL_DE_ELMA_INC,0.0,,2.0,1.0,0.5,2.0,1.0,2.0,sensitivity_627,sensitivity_141,circular_metal.material_substitution_elasticity,0.5,2.0,1.0,2.0,parameter_bisection,diagonal_tax_parameter,3,false
sensitivity_627,policy,virgin_metal_tax_tax_0_015,virgin_metal_tax,0.015,LOCALLY_INFEASIBLE,INFEASIBLE_POINT,false,101.621004861,0.04889465595575704,6,0.0,0,observed_physical_flow_links,quantity_link,physical_SK_OFMA_REP_route_input_mass,0.04889465595575704,EOL_FLOW_EOL_DE_ELMA_INC,0.0,,2.0,1.0,0.5,2.0,1.0,2.0,sensitivity_627,sensitivity_141,circular_metal.material_substitution_elasticity,0.5,2.0,0.75,1.625,parameter_bisection,diagonal_tax_parameter,4,false
sensitivity_627,policy,virgin_metal_tax_tax_0_0125,virgin_metal_tax,0.0125,LOCALLY_INFEASIBLE,INFEASIBLE_POINT,false,39.617587773,0.00838828519929713,1,0.0,0,observed_physical_flow_links,quantity_link,physical_SK_OFMA_REP_route_input_mass,0.00838828519929713,EOL_FLOW_EOL_DE_ELMA_INC,0.0,,2.0,1.0,0.5,2.0,1.0,2.0,sensitivity_627,sensitivity_141,circular_metal.material_substitution_elasticity,0.5,2.0,0.625,1.4375,parameter_bisection,diagonal_tax_parameter,5,false
sensitivity_627,policy,virgin_metal_tax_tax_0_01125,virgin_metal_tax,0.01125,LOCALLY_INFEASIBLE,INFEASIBLE_POINT,true,39.524884406,0.0006118076690895573,0,0.0,0,common_eu_trade,eu_cet_quantity,NEW_ELMA|SK,0.0006118076690895573,EOL_FLOW_EOL_DE_ELMA_INC,0.0,,2.0,1.0,0.5,2.0,1.0,2.0,sensitivity_627,sensitivity_141,circular_metal.material_substitution_elasticity,0.5,2.0,0.5625,1.34375,parameter_bisection,diagonal_tax_parameter,6,true
sensitivity_627,policy,virgin_metal_tax_tax_0_01375,virgin_metal_tax,0.01375,LOCALLY_INFEASIBLE,INFEASIBLE_POINT,true,33.732392455,0.0006217252669308053,0,0.0,0,common_eu_trade,eu_cet_quantity,NEW_ELMA|SK,0.0006217252669308053,EOL_FLOW_EOL_DE_ELMA_INC,0.0,,2.0,1.0,0.5,2.0,1.0,2.0,sensitivity_627,sensitivity_141,circular_metal.material_substitution_elasticity,0.5,2.0,0.6875,1.53125,parameter_bisection,diagonal_tax_parameter,7,true
sensitivity_627,policy,virgin_metal_tax_tax_0_01875,virgin_metal_tax,0.01875,LOCALLY_INFEASIBLE,INFEASIBLE_POINT,false,28.240861343,0.07618953085188651,1,0.0,0,observed_physical_flow_links,quantity_link,physical_SK_OFMA_REP_route_input_mass,0.07618953085188651,EOL_FLOW_EOL_DE_ELMA_INC,0.0,,2.0,1.0,0.5,2.0,1.0,2.0,sensitivity_627,sensitivity_141,circular_metal.material_substitution_elasticity,0.5,2.0,0.9375,1.90625,parameter_bisection,diagonal_tax_parameter,8,false
sensitivity_627,policy,virgin_metal_tax_tax_0_01625,virgin_metal_tax,0.01625,LOCALLY_INFEASIBLE,INFEASIBLE_POINT,false,9.344704752,0.0019016323496674438,1,0.0,0,material_composite_production_IT,material_composite_demand,IND_IT_NEW_ELMA|IND_IT_REC_EE,0.0019016323496674438,EOL_FLOW_EOL_DE_ELMA_INC,0.0,,2.0,1.0,0.5,2.0,1.0,2.0,sensitivity_627,sensitivity_141,circular_metal.material_substitution_elasticity,0.5,2.0,0.8125,1.71875,parameter_bisection,diagonal_tax_parameter,9,false
sensitivity_627,policy,virgin_metal_tax_tax_0_015,virgin_metal_tax,0.015,LOCALLY_INFEASIBLE,INFEASIBLE_POINT,true,23.951057686,0.0007354223369308263,0,0.0,0,common_eu_trade,eu_cet_quantity,NEW_ELMA|SK,0.0007354223369308263,EOL_FLOW_EOL_DE_ELMA_INC,0.0,,2.0,1.0,0.5,2.0,1.0,2.0,sensitivity_627,sensitivity_141,circular_metal.material_substitution_elasticity,0.5,2.0,0.75,1.625,parameter_bisection,diagonal_tax_parameter,10,true
sensitivity_627,policy,virgin_metal_tax_tax_0_0175,virgin_metal_tax,0.0175,LOCALLY_INFEASIBLE,INFEASIBLE_POINT,false,88.874972837,0.06383037116843582,5,0.0,0,observed_physical_flow_links,quantity_link,physical_SK_OFMA_REP_route_input_mass,0.06383037116843582,EOL_FLOW_EOL_DE_ELMA_INC,0.0,,2.0,1.0,0.5,2.0,1.0,2.0,sensitivity_627,sensitivity_141,circular_metal.material_substitution_elasticity,0.5,2.0,0.875,1.8125,parameter_bisection,diagonal_tax_parameter,11,false
sensitivity_627,policy,virgin_metal_tax_tax_0_01625,virgin_metal_tax,0.01625,LOCALLY_INFEASIBLE,INFEASIBLE_POINT,true,30.289539512,0.0007113436912643545,0,0.0,0,material_composite_production_DE,eqpzs,IND_DE_NEW_ELMA,0.0007113436912643545,EOL_FLOW_EOL_DE_ELMA_INC,0.0,,2.0,1.0,0.5,2.0,1.0,2.0,sensitivity_627,sensitivity_141,circular_metal.material_substitution_elasticity,0.5,2.0,0.8125,1.71875,parameter_bisection,diagonal_tax_parameter,12,true
sensitivity_627,policy,virgin_metal_tax_tax_0_01875,virgin_metal_tax,0.01875,LOCALLY_INFEASIBLE,INFEASIBLE_POINT,true,117.058343277,0.0007267039642529097,0,0.0,0,regional_composite_market,regional_composite_market,IND_IT_OTHER_SERVICES|IT,0.0007267039642529097,EOL_FLOW_EOL_DE_ELMA_INC,0.0,,2.0,1.0,0.5,2.0,1.0,2.0,sensitivity_627,sensitivity_141,circular_metal.material_substitution_elasticity,0.5,2.0,0.9375,1.90625,parameter_bisection,diagonal_tax_parameter,13,true
sensitivity_627,policy,virgin_metal_tax_tax_0_02,virgin_metal_tax,0.02,LOCALLY_INFEASIBLE,INFEASIBLE_POINT,true,40.767159141,0.0008922100077533024,0,0.0,0,material_composite_production_DE,eqpzs,IND_DE_NEW_ELMA,0.0008922100077533024,EOL_FLOW_EOL_DE_ELMA_INC,0.0,,2.0,1.0,0.5,2.0,1.0,2.0,sensitivity_627,sensitivity_141,circular_metal.material_substitution_elasticity,0.5,2.0,1.0,2.0,parameter_bisection,diagonal_tax_parameter,14,true
sensitivity_630,policy,virgin_metal_tax_tax_0_02,virgin_metal_tax,0.02,LOCALLY_INFEASIBLE,INFEASIBLE_POINT,false,30.807239801,0.0012397278397597855,1,0.0,0,material_composite_production_SK,eqpzs,IND_SK_NEW_ELMA,0.0012397278397597855,EOL_FLOW_EOL_DE_ELMA_INC,0.0,,2.0,2.0,0.5,2.0,1.0,2.0,sensitivity_630,sensitivity_549,circular_routes.eol_productivity_elasticity,0.5,1.0,1.0,1.0,direct_target,diagonal_tax_parameter,1,false
sensitivity_630,policy,virgin_metal_tax_tax_0_01,virgin_metal_tax,0.01,LOCALLY_INFEASIBLE,INFEASIBLE_POINT,true,19.631220711,0.0005394834700226392,0,0.0,0,material_composite_production_REU,eqpzs,IND_REU_NEW_ELMA,0.0005394834700226392,EOL_FLOW_EOL_DE_ELMA_INC,0.0,,2.0,2.0,0.5,2.0,1.0,2.0,sensitivity_630,sensitivity_549,circular_routes.eol_productivity_elasticity,0.5,1.0,0.5,0.75,parameter_bisection,diagonal_tax_parameter,2,true
sensitivity_630,policy,virgin_metal_tax_tax_0_02,virgin_metal_tax,0.02,LOCALLY_INFEASIBLE,INFEASIBLE_POINT,false,40.62091051,0.0012431745766066093,1,0.0,0,material_composite_production_SK,eqpzs,IND_SK_NEW_ELMA,0.0012431745766066093,EOL_FLOW_EOL_DE_ELMA_INC,0.0,,2.0,2.0,0.5,2.0,1.0,2.0,sensitivity_630,sensitivity_549,circular_routes.eol_productivity_elasticity,0.5,1.0,1.0,1.0,parameter_bisection,diagonal_tax_parameter,3,false
sensitivity_630,policy,virgin_metal_tax_tax_0_015,virgin_metal_tax,0.015,LOCALLY_INFEASIBLE,INFEASIBLE_POINT,true,91.551660505,0.0008282687763615515,0,0.0,0,material_composite_production_SK,eqpzs,IND_SK_NEW_ELMA,0.0008282687763615515,EOL_FLOW_EOL_DE_ELMA_INC,0.0,,2.0,2.0,0.5,2.0,1.0,2.0,sensitivity_630,sensitivity_549,circular_routes.eol_productivity_elasticity,0.5,1.0,0.75,0.875,parameter_bisection,diagonal_tax_parameter,4,true
sensitivity_630,policy,virgin_metal_tax_tax_0_02,virgin_metal_tax,0.02,LOCALLY_INFEASIBLE,INFEASIBLE_POINT,false,36.659185285,0.0041490324373900656,1,0.0,0,observed_physical_flow_links,quantity_link,physical_SK_OFMA_REP_route_input_mass,0.0041490324373900656,EOL_FLOW_EOL_DE_ELMA_INC,0.0,,2.0,2.0,0.5,2.0,1.0,2.0,sensitivity_630,sensitivity_549,circular_routes.eol_productivity_elasticity,0.5,1.0,1.0,1.0,parameter_bisection,diagonal_tax_parameter,5,false
sensitivity_630,policy,virgin_metal_tax_tax_0_0175,virgin_metal_tax,0.0175,LOCALLY_INFEASIBLE,INFEASIBLE_POINT,true,27.560054138,0.0008114188205851081,0,0.0,0,material_composite_production_SK,eqpzs,IND_SK_NEW_ELMA,0.0008114188205851081,EOL_FLOW_EOL_DE_ELMA_INC,0.0,,2.0,2.0,0.5,2.0,1.0,2.0,sensitivity_630,sensitivity_549,circular_routes.eol_productivity_elasticity,0.5,1.0,0.875,0.9375,parameter_bisection,diagonal_tax_parameter,6,true
sensitivity_630,policy,virgin_metal_tax_tax_0_02,virgin_metal_tax,0.02,LOCALLY_INFEASIBLE,INFEASIBLE_POINT,false,51.578163971,0.0011649338961472466,1,0.0,0,material_composite_production_SK,eqpzs,IND_SK_NEW_ELMA,0.0011649338961472466,EOL_FLOW_EOL_DE_ELMA_INC,0.0,,2.0,2.0,0.5,2.0,1.0,2.0,sensitivity_630,sensitivity_549,circular_routes.eol_productivity_elasticity,0.5,1.0,1.0,1.0,parameter_bisection,diagonal_tax_parameter,7,false
sensitivity_630,policy,virgin_metal_tax_tax_0_01875,virgin_metal_tax,0.01875,LOCALLY_INFEASIBLE,INFEASIBLE_POINT,false,31.794806482,0.001111438200160575,1,0.0,0,material_composite_production_SK,eqpzs,IND_SK_NEW_ELMA,0.001111438200160575,EOL_FLOW_EOL_DE_ELMA_INC,0.0,,2.0,2.0,0.5,2.0,1.0,2.0,sensitivity_630,sensitivity_549,circular_routes.eol_productivity_elasticity,0.5,1.0,0.9375,0.96875,parameter_bisection,diagonal_tax_parameter,8,false
sensitivity_630,policy,virgin_metal_tax_tax_0_018125,virgin_metal_tax,0.018125,LOCALLY_INFEASIBLE,INFEASIBLE_POINT,false,19.938672072,0.0010998940868292006,1,0.0,0,material_composite_production_SK,eqpzs,IND_SK_NEW_ELMA,0.0010998940868292006,EOL_FLOW_EOL_DE_ELMA_INC,0.0,,2.0,2.0,0.5,2.0,1.0,2.0,sensitivity_630,sensitivity_549,circular_routes.eol_productivity_elasticity,0.5,1.0,0.90625,0.953125,parameter_bisection,diagonal_tax_parameter,9,false
sensitivity_630,policy,virgin_metal_tax_tax_0_017812500000000002,virgin_metal_tax,0.017812500000000002,LOCALLY_INFEASIBLE,INFEASIBLE_POINT,false,68.268041163,0.0010725152449693187,1,0.0,0,material_composite_production_SK,eqpzs,IND_SK_NEW_ELMA,0.0010725152449693187,EOL_FLOW_EOL_DE_ELMA_INC,0.0,,2.0,2.0,0.5,2.0,1.0,2.0,sensitivity_630,sensitivity_549,circular_routes.eol_productivity_elasticity,0.5,1.0,0.890625,0.9453125,parameter_bisection,diagonal_tax_parameter,10,false
sensitivity_630,policy,virgin_metal_tax_tax_0_017656250000000002,virgin_metal_tax,0.017656250000000002,LOCALLY_INFEASIBLE,INFEASIBLE_POINT,false,69.097343174,0.0010222407548998581,1,0.0,0,common_eu_trade,eu_cet_quantity,NEW_ELMA|SK,0.0010222407548998581,EOL_FLOW_EOL_DE_ELMA_INC,0.0,,2.0,2.0,0.5,2.0,1.0,2.0,sensitivity_630,sensitivity_549,circular_routes.eol_productivity_elasticity,0.5,1.0,0.8828125,0.94140625,parameter_bisection,diagonal_tax_parameter,11,false
sensitivity_630,policy,virgin_metal_tax_tax_0_017578125,virgin_metal_tax,0.017578125,LOCALLY_INFEASIBLE,INFEASIBLE_POINT,true,28.573748391,0.0008614785240584899,0,0.0,0,material_composite_production_SK,eqpzs,IND_SK_NEW_ELMA,0.0008614785240584899,EOL_FLOW_EOL_DE_ELMA_INC,0.0,,2.0,2.0,0.5,2.0,1.0,2.0,sensitivity_630,sensitivity_549,circular_routes.eol_productivity_elasticity,0.5,1.0,0.87890625,0.939453125,parameter_bisection,diagonal_tax_parameter,12,true
sensitivity_630,policy,virgin_metal_tax_tax_0_017734375,virgin_metal_tax,0.017734375,LOCALLY_INFEASIBLE,INFEASIBLE_POINT,false,38.02331974,0.0010726037329349403,1,0.0,0,material_composite_production_SK,eqpzs,IND_SK_NEW_ELMA,0.0010726037329349403,EOL_FLOW_EOL_DE_ELMA_INC,0.0,,2.0,2.0,0.5,2.0,1.0,2.0,sensitivity_630,sensitivity_549,circular_routes.eol_productivity_elasticity,0.5,1.0,0.88671875,0.943359375,parameter_bisection,diagonal_tax_parameter,13,false
sensitivity_630,policy,virgin_metal_tax_tax_0_017656250000000002,virgin_metal_tax,0.017656250000000002,LOCALLY_INFEASIBLE,INFEASIBLE_POINT,false,33.070535659,0.007199809959403947,1,0.0,0,observed_physical_flow_links,quantity_link,physical_SK_OFMA_REP_route_input_mass,0.007199809959403947,EOL_FLOW_EOL_DE_ELMA_INC,0.0,,2.0,2.0,0.5,2.0,1.0,2.0,sensitivity_630,sensitivity_549,circular_routes.eol_productivity_elasticity,0.5,1.0,0.8828125,0.94140625,parameter_bisection,diagonal_tax_parameter,14,false
sensitivity_630,policy,virgin_metal_tax_tax_0_0176171875,virgin_metal_tax,0.0176171875,LOCALLY_INFEASIBLE,INFEASIBLE_POINT,false,45.929103268,0.0010869245726226051,1,0.0,0,material_composite_production_SK,eqpzs,IND_SK_NEW_ELMA,0.0010869245726226051,EOL_FLOW_EOL_DE_ELMA_INC,0.0,,2.0,2.0,0.5,2.0,1.0,2.0,sensitivity_630,sensitivity_549,circular_routes.eol_productivity_elasticity,0.5,1.0,0.880859375,0.9404296875,parameter_bisection,diagonal_tax_parameter,15,false
sensitivity_630,policy,virgin_metal_tax_tax_0_01759765625,virgin_metal_tax,0.01759765625,LOCALLY_INFEASIBLE,INFEASIBLE_POINT,false,35.82579544,0.0010921706919601037,1,0.0,0,material_composite_production_SK,eqpzs,IND_SK_NEW_ELMA,0.0010921706919601037,EOL_FLOW_EOL_DE_ELMA_INC,0.0,,2.0,2.0,0.5,2.0,1.0,2.0,sensitivity_630,sensitivity_549,circular_routes.eol_productivity_elasticity,0.5,1.0,0.8798828125,0.93994140625,parameter_bisection,diagonal_tax_parameter,16,false
sensitivity_630,policy,virgin_metal_tax_tax_0_017587890625,virgin_metal_tax,0.017587890625,LOCALLY_INFEASIBLE,INFEASIBLE_POINT,true,5.454961484,0.0008590463911125612,0,0.0,0,material_composite_production_SK,eqpzs,IND_SK_NEW_ELMA,0.0008590463911125612,EOL_FLOW_EOL_DE_ELMA_INC,0.0,,2.0,2.0,0.5,2.0,1.0,2.0,sensitivity_630,sensitivity_549,circular_routes.eol_productivity_elasticity,0.5,1.0,0.87939453125,0.939697265625,parameter_bisection,diagonal_tax_parameter,17,true
sensitivity_630,policy,virgin_metal_tax_tax_0_017607421875,virgin_metal_tax,0.017607421875,LOCALLY_INFEASIBLE,INFEASIBLE_POINT,false,28.621266965,0.0010944168970846713,1,0.0,0,material_composite_production_SK,eqpzs,IND_SK_NEW_ELMA,0.0010944168970846713,EOL_FLOW_EOL_DE_ELMA_INC,0.0,,2.0,2.0,0.5,2.0,1.0,2.0,sensitivity_630,sensitivity_549,circular_routes.eol_productivity_elasticity,0.5,1.0,0.88037109375,0.940185546875,parameter_bisection,diagonal_tax_parameter,18,false
sensitivity_630,policy,virgin_metal_tax_tax_0_01759765625,virgin_metal_tax,0.01759765625,LOCALLY_INFEASIBLE,INFEASIBLE_POINT,false,40.5641193,0.0010886871739836934,1,0.0,0,material_composite_production_SK,eqpzs,IND_SK_NEW_ELMA,0.0010886871739836934,EOL_FLOW_EOL_DE_ELMA_INC,0.0,,2.0,2.0,0.5,2.0,1.0,2.0,sensitivity_630,sensitivity_549,circular_routes.eol_productivity_elasticity,0.5,1.0,0.8798828125,0.93994140625,parameter_bisection,diagonal_tax_parameter,19,false
sensitivity_630,policy,virgin_metal_tax_tax_0_0175927734375,virgin_metal_tax,0.0175927734375,LOCALLY_INFEASIBLE,INFEASIBLE_POINT,false,31.866510759,0.0010887110125595845,1,0.0,0,material_composite_production_SK,eqpzs,IND_SK_NEW_ELMA,0.0010887110125595845,EOL_FLOW_EOL_DE_ELMA_INC,0.0,,2.0,2.0,0.5,2.0,1.0,2.0,sensitivity_630,sensitivity_549,circular_routes.eol_productivity_elasticity,0.5,1.0,0.879638671875,0.9398193359375,parameter_bisection,diagonal_tax_parameter,20,false
sensitivity_630,policy,virgin_metal_tax_tax_0_01759033203125,virgin_metal_tax,0.01759033203125,LOCALLY_INFEASIBLE,INFEASIBLE_POINT,false,30.943074951,0.0010903440286575972,1,0.0,0,material_composite_production_SK,eqpzs,IND_SK_NEW_ELMA,0.0010903440286575972,EOL_FLOW_EOL_DE_ELMA_INC,0.0,,2.0,2.0,0.5,2.0,1.0,2.0,sensitivity_630,sensitivity_549,circular_routes.eol_productivity_elasticity,0.5,1.0,0.8795166015625,0.93975830078125,parameter_bisection,diagonal_tax_parameter,21,false
sensitivity_638,policy,virgin_metal_tax_tax_0_02,virgin_metal_tax,0.02,OTHER_ERROR,NEARLY_FEASIBLE_POINT,false,105.685057205,0.008644583375515769,3,9.997859543253289e-9,0,eu_wide_eol_allocation,eu_wide_eol_allocation,OFMA|EOL_SK_OFMA_REU,0.008644583375515769,Z_IND_FR_NEW_OFMA,9.997859543253289e-9,,1.0,2.0,1.0,2.0,1.0,2.0,sensitivity_638,sensitivity_557,circular_routes.eol_productivity_elasticity,0.5,1.0,1.0,1.0,direct_target,diagonal_tax_parameter,1,false
sensitivity_638,policy,virgin_metal_tax_tax_0_01,virgin_metal_tax,0.01,LOCALLY_INFEASIBLE,INFEASIBLE_POINT,true,21.590715619,0.0005282663966083012,0,0.0,0,material_composite_production_REU,eqpzs,IND_REU_NEW_ELMA,0.0005282663966083012,EOL_FLOW_EOL_DE_ELMA_INC,0.0,,1.0,2.0,1.0,2.0,1.0,2.0,sensitivity_638,sensitivity_557,circular_routes.eol_productivity_elasticity,0.5,1.0,0.5,0.75,parameter_bisection,diagonal_tax_parameter,2,true
sensitivity_638,policy,virgin_metal_tax_tax_0_02,virgin_metal_tax,0.02,LOCALLY_INFEASIBLE,INFEASIBLE_POINT,false,29.705375103,0.006485883481019528,1,0.0,0,observed_physical_flow_links,quantity_link,physical_SK_OFMA_REP_route_input_mass,0.006485883481019528,EOL_FLOW_EOL_DE_ELMA_INC,0.0,,1.0,2.0,1.0,2.0,1.0,2.0,sensitivity_638,sensitivity_557,circular_routes.eol_productivity_elasticity,0.5,1.0,1.0,1.0,parameter_bisection,diagonal_tax_parameter,3,false
sensitivity_638,policy,virgin_metal_tax_tax_0_015,virgin_metal_tax,0.015,LOCALLY_INFEASIBLE,INFEASIBLE_POINT,true,26.699677303,0.0006648556631105862,0,0.0,0,material_composite_production_SK,eqpzs,IND_SK_NEW_ELMA,0.0006648556631105862,EOL_FLOW_EOL_DE_ELMA_INC,0.0,,1.0,2.0,1.0,2.0,1.0,2.0,sensitivity_638,sensitivity_557,circular_routes.eol_productivity_elasticity,0.5,1.0,0.75,0.875,parameter_bisection,diagonal_tax_parameter,4,true
sensitivity_638,policy,virgin_metal_tax_tax_0_02,virgin_metal_tax,0.02,LOCALLY_INFEASIBLE,INFEASIBLE_POINT,false,50.540841968,0.0010597580932558692,1,0.0,0,material_composite_production_REU,eqpzs,IND_REU_NEW_ELMA,0.0010597580932558692,EOL_FLOW_EOL_DE_ELMA_INC,0.0,,1.0,2.0,1.0,2.0,1.0,2.0,sensitivity_638,sensitivity_557,circular_routes.eol_productivity_elasticity,0.5,1.0,1.0,1.0,parameter_bisection,diagonal_tax_parameter,5,false
sensitivity_638,policy,virgin_metal_tax_tax_0_0175,virgin_metal_tax,0.0175,LOCALLY_INFEASIBLE,INFEASIBLE_POINT,false,43.123010328,0.004037290615690581,1,0.0,0,observed_physical_flow_links,quantity_link,physical_SK_OFMA_REP_route_input_mass,0.004037290615690581,EOL_FLOW_EOL_DE_ELMA_INC,0.0,,1.0,2.0,1.0,2.0,1.0,2.0,sensitivity_638,sensitivity_557,circular_routes.eol_productivity_elasticity,0.5,1.0,0.875,0.9375,parameter_bisection,diagonal_tax_parameter,6,false
sensitivity_638,policy,virgin_metal_tax_tax_0_01625,virgin_metal_tax,0.01625,LOCALLY_INFEASIBLE,INFEASIBLE_POINT,false,30.930896339,0.0016829403278961763,1,0.0,0,observed_physical_flow_links,quantity_link,physical_SK_OFMA_REP_route_input_mass,0.0016829403278961763,EOL_FLOW_EOL_DE_ELMA_INC,0.0,,1.0,2.0,1.0,2.0,1.0,2.0,sensitivity_638,sensitivity_557,circular_routes.eol_productivity_elasticity,0.5,1.0,0.8125,0.90625,parameter_bisection,diagonal_tax_parameter,7,false
sensitivity_638,policy,virgin_metal_tax_tax_0_015625,virgin_metal_tax,0.015625,LOCALLY_INFEASIBLE,INFEASIBLE_POINT,false,12.939053691,0.011493892330932454,3,0.0,0,observed_physical_flow_links,quantity_link,physical_SK_OFMA_REP_route_input_mass,0.011493892330932454,EOL_FLOW_EOL_DE_ELMA_INC,0.0,,1.0,2.0,1.0,2.0,1.0,2.0,sensitivity_638,sensitivity_557,circular_routes.eol_productivity_elasticity,0.5,1.0,0.78125,0.890625,parameter_bisection,diagonal_tax_parameter,8,false
sensitivity_638,policy,virgin_metal_tax_tax_0_0153125,virgin_metal_tax,0.0153125,LOCALLY_INFEASIBLE,INFEASIBLE_POINT,true,10.963020104,0.0005876058188163391,0,9.909163377765268e-9,0,material_composite_production_SK,eqpzs,IND_SK_NEW_ELMA,0.0005876058188163391,F_FAC_SK_LAB_IND_SK_NEW_OFMA,9.909163377765268e-9,,1.0,2.0,1.0,2.0,1.0,2.0,sensitivity_638,sensitivity_557,circular_routes.eol_productivity_elasticity,0.5,1.0,0.765625,0.8828125,parameter_bisection,diagonal_tax_parameter,9,true
sensitivity_638,policy,virgin_metal_tax_tax_0_0159375,virgin_metal_tax,0.0159375,LOCALLY_INFEASIBLE,INFEASIBLE_POINT,true,32.038415078,0.0008468934403823569,0,0.0,0,material_composite_production_REU,eqpzs,IND_REU_NEW_ELMA,0.0008468934403823569,EOL_FLOW_EOL_DE_ELMA_INC,0.0,,1.0,2.0,1.0,2.0,1.0,2.0,sensitivity_638,sensitivity_557,circular_routes.eol_productivity_elasticity,0.5,1.0,0.796875,0.8984375,parameter_bisection,diagonal_tax_parameter,10,true
sensitivity_638,policy,virgin_metal_tax_tax_0_0171875,virgin_metal_tax,0.0171875,LOCALLY_INFEASIBLE,INFEASIBLE_POINT,false,19.552264014,0.15858822620660384,1,0.0,0,observed_physical_flow_links,quantity_link,physical_SK_OFMA_REP_route_input_mass,0.15858822620660384,EOL_FLOW_EOL_DE_ELMA_INC,0.0,,1.0,2.0,1.0,2.0,1.0,2.0,sensitivity_638,sensitivity_557,circular_routes.eol_productivity_elasticity,0.5,1.0,0.859375,0.9296875,parameter_bisection,diagonal_tax_parameter,11,false
sensitivity_638,policy,virgin_metal_tax_tax_0_0165625,virgin_metal_tax,0.0165625,LOCALLY_INFEASIBLE,INFEASIBLE_POINT,true,13.941096473,0.0007503464456165565,0,0.0,0,material_composite_production_REU,eqpzs,IND_REU_NEW_ELMA,0.0007503464456165565,EOL_FLOW_EOL_DE_ELMA_INC,0.0,,1.0,2.0,1.0,2.0,1.0,2.0,sensitivity_638,sensitivity_557,circular_routes.eol_productivity_elasticity,0.5,1.0,0.828125,0.9140625,parameter_bisection,diagonal_tax_parameter,12,true
sensitivity_638,policy,virgin_metal_tax_tax_0_017812500000000002,virgin_metal_tax,0.017812500000000002,LOCALLY_INFEASIBLE,INFEASIBLE_POINT,true,34.285261935,0.0007580273369342738,0,0.0,0,common_eu_trade,eu_cet_quantity,NEW_ELMA|SK,0.0007580273369342738,EOL_FLOW_EOL_DE_ELMA_INC,0.0,,1.0,2.0,1.0,2.0,1.0,2.0,sensitivity_638,sensitivity_557,circular_routes.eol_productivity_elasticity,0.5,1.0,0.890625,0.9453125,parameter_bisection,diagonal_tax_parameter,13,true
sensitivity_638,policy,virgin_metal_tax_tax_0_02,virgin_metal_tax,0.02,LOCALLY_INFEASIBLE,INFEASIBLE_POINT,true,32.110658785,0.0009232995016774659,0,0.0,0,material_composite_production_DE,eqpzs,IND_DE_NEW_ELMA,0.0009232995016774659,EOL_FLOW_EOL_DE_ELMA_INC,0.0,,1.0,2.0,1.0,2.0,1.0,2.0,sensitivity_638,sensitivity_557,circular_routes.eol_productivity_elasticity,0.5,1.0,1.0,1.0,parameter_bisection,diagonal_tax_parameter,14,true
sensitivity_646,policy,virgin_metal_tax_tax_0_02,virgin_metal_tax,0.02,LOCALLY_INFEASIBLE,INFEASIBLE_POINT,false,20.540324549,0.0010368660818913522,1,0.0,0,material_composite_production_REU,eqpzs,IND_REU_NEW_ELMA,0.0010368660818913522,EOL_FLOW_EOL_DE_ELMA_INC,0.0,,0.5,2.0,2.0,2.0,1.0,2.0,sensitivity_646,sensitivity_403,circular_metal.material_substitution_elasticity,1.0,2.0,1.0,2.0,direct_target,diagonal_tax_parameter,1,false
sensitivity_646,policy,virgin_metal_tax_tax_0_01,virgin_metal_tax,0.01,LOCALLY_INFEASIBLE,INFEASIBLE_POINT,true,23.578614468,0.0005373451440011667,0,0.0,0,material_composite_production_REU,eqpzs,IND_REU_NEW_ELMA,0.0005373451440011667,EOL_FLOW_EOL_DE_ELMA_INC,0.0,,0.5,2.0,2.0,2.0,1.0,2.0,sensitivity_646,sensitivity_403,circular_metal.material_substitution_elasticity,1.0,2.0,0.5,1.5,parameter_bisection,diagonal_tax_parameter,2,true
sensitivity_646,policy,virgin_metal_tax_tax_0_02,virgin_metal_tax,0.02,LOCALLY_INFEASIBLE,INFEASIBLE_POINT,false,76.095538722,0.0010628418918019467,1,0.0,0,material_composite_production_REU,eqpzs,IND_REU_NEW_ELMA,0.0010628418918019467,EOL_FLOW_EOL_DE_ELMA_INC,0.0,,0.5,2.0,2.0,2.0,1.0,2.0,sensitivity_646,sensitivity_403,circular_metal.material_substitution_elasticity,1.0,2.0,1.0,2.0,parameter_bisection,diagonal_tax_parameter,3,false
sensitivity_646,policy,virgin_metal_tax_tax_0_015,virgin_metal_tax,0.015,LOCALLY_INFEASIBLE,INFEASIBLE_POINT,true,21.672019788,0.0006497973502319621,0,0.0,0,material_composite_production_SK,eqpzs,IND_SK_NEW_ELMA,0.0006497973502319621,EOL_FLOW_EOL_DE_ELMA_INC,0.0,,0.5,2.0,2.0,2.0,1.0,2.0,sensitivity_646,sensitivity_403,circular_metal.material_substitution_elasticity,1.0,2.0,0.75,1.75,parameter_bisection,diagonal_tax_parameter,4,true
sensitivity_646,policy,virgin_metal_tax_tax_0_02,virgin_metal_tax,0.02,LOCALLY_INFEASIBLE,INFEASIBLE_POINT,false,33.815898694,0.04245450419349561,1,0.0,0,observed_physical_flow_links,quantity_link,physical_SK_OFMA_REP_route_input_mass,0.04245450419349561,EOL_FLOW_EOL_DE_ELMA_INC,0.0,,0.5,2.0,2.0,2.0,1.0,2.0,sensitivity_646,sensitivity_403,circular_metal.material_substitution_elasticity,1.0,2.0,1.0,2.0,parameter_bisection,diagonal_tax_parameter,5,false
sensitivity_646,policy,virgin_metal_tax_tax_0_0175,virgin_metal_tax,0.0175,LOCALLY_INFEASIBLE,INFEASIBLE_POINT,true,25.369026795,0.0008587676770077657,0,0.0,0,material_composite_production_REU,eqpzs,IND_REU_NEW_ELMA,0.0008587676770077657,EOL_FLOW_EOL_DE_ELMA_INC,0.0,,0.5,2.0,2.0,2.0,1.0,2.0,sensitivity_646,sensitivity_403,circular_metal.material_substitution_elasticity,1.0,2.0,0.875,1.875,parameter_bisection,diagonal_tax_parameter,6,true
sensitivity_646,policy,virgin_metal_tax_tax_0_02,virgin_metal_tax,0.02,LOCALLY_INFEASIBLE,INFEASIBLE_POINT,false,17.865037442,0.0010102537704759218,1,0.0,0,material_composite_production_REU,eqpzs,IND_REU_NEW_ELMA,0.0010102537704759218,EOL_FLOW_EOL_DE_ELMA_INC,0.0,,0.5,2.0,2.0,2.0,1.0,2.0,sensitivity_646,sensitivity_403,circular_metal.material_substitution_elasticity,1.0,2.0,1.0,2.0,parameter_bisection,diagonal_tax_parameter,7,false
sensitivity_646,policy,virgin_metal_tax_tax_0_01875,virgin_metal_tax,0.01875,LOCALLY_INFEASIBLE,INFEASIBLE_POINT,false,26.232330484,0.009530916376553789,1,0.0,0,observed_physical_flow_links,quantity_link,physical_SK_OFMA_REP_route_input_mass,0.009530916376553789,EOL_FLOW_EOL_DE_ELMA_INC,0.0,,0.5,2.0,2.0,2.0,1.0,2.0,sensitivity_646,sensitivity_403,circular_metal.material_substitution_elasticity,1.0,2.0,0.9375,1.9375,parameter_bisection,diagonal_tax_parameter,8,false
sensitivity_646,policy,virgin_metal_tax_tax_0_018125,virgin_metal_tax,0.018125,LOCALLY_INFEASIBLE,INFEASIBLE_POINT,true,21.879511434,0.0009475752545359262,0,0.0,0,material_composite_production_REU,eqpzs,IND_REU_NEW_ELMA,0.0009475752545359262,EOL_FLOW_EOL_DE_ELMA_INC,0.0,,0.5,2.0,2.0,2.0,1.0,2.0,sensitivity_646,sensitivity_403,circular_metal.material_substitution_elasticity,1.0,2.0,0.90625,1.90625,parameter_bisection,diagonal_tax_parameter,9,true
sensitivity_646,policy,virgin_metal_tax_tax_0_019375,virgin_metal_tax,0.019375,LOCALLY_INFEASIBLE,INFEASIBLE_POINT,true,37.305671467,0.0009652227719806339,0,0.0,0,observed_physical_flow_links,quantity_link,physical_SK_OFMA_REP_route_input_mass,0.0009652227719806339,EOL_FLOW_EOL_DE_ELMA_INC,0.0,,0.5,2.0,2.0,2.0,1.0,2.0,sensitivity_646,sensitivity_403,circular_metal.material_substitution_elasticity,1.0,2.0,0.96875,1.96875,parameter_bisection,diagonal_tax_parameter,10,true
sensitivity_646,policy,virgin_metal_tax_tax_0_02,virgin_metal_tax,0.02,LOCALLY_INFEASIBLE,INFEASIBLE_POINT,false,8.430219807,0.0010082285446180173,1,0.0,0,material_composite_production_REU,eqpzs,IND_REU_NEW_ELMA,0.0010082285446180173,EOL_FLOW_EOL_DE_ELMA_INC,0.0,,0.5,2.0,2.0,2.0,1.0,2.0,sensitivity_646,sensitivity_403,circular_metal.material_substitution_elasticity,1.0,2.0,1.0,2.0,parameter_bisection,diagonal_tax_parameter,11,false
sensitivity_646,policy,virgin_metal_tax_tax_0_0196875,virgin_metal_tax,0.0196875,LOCALLY_INFEASIBLE,INFEASIBLE_POINT,false,9.345563939,0.0010082010613693404,1,0.0,0,material_composite_production_REU,eqpzs,IND_REU_NEW_ELMA,0.0010082010613693404,EOL_FLOW_EOL_DE_ELMA_INC,0.0,,0.5,2.0,2.0,2.0,1.0,2.0,sensitivity_646,sensitivity_403,circular_metal.material_substitution_elasticity,1.0,2.0,0.984375,1.984375,parameter_bisection,diagonal_tax_parameter,12,false
sensitivity_646,policy,virgin_metal_tax_tax_0_01953125,virgin_metal_tax,0.01953125,LOCALLY_INFEASIBLE,INFEASIBLE_POINT,false,27.379647665,0.0010477204632308723,1,0.0,0,material_composite_production_REU,eqpzs,IND_REU_NEW_ELMA,0.0010477204632308723,EOL_FLOW_EOL_DE_ELMA_INC,0.0,,0.5,2.0,2.0,2.0,1.0,2.0,sensitivity_646,sensitivity_403,circular_metal.material_substitution_elasticity,1.0,2.0,0.9765625,1.9765625,parameter_bisection,diagonal_tax_parameter,13,false
sensitivity_646,policy,virgin_metal_tax_tax_0_019453125,virgin_metal_tax,0.019453125,LOCALLY_INFEASIBLE,INFEASIBLE_POINT,false,36.053044312,0.0010487289750192863,1,0.0,0,material_composite_production_REU,eqpzs,IND_REU_NEW_ELMA,0.0010487289750192863,EOL_FLOW_EOL_DE_ELMA_INC,0.0,,0.5,2.0,2.0,2.0,1.0,2.0,sensitivity_646,sensitivity_403,circular_metal.material_substitution_elasticity,1.0,2.0,0.97265625,1.97265625,parameter_bisection,diagonal_tax_parameter,14,false
sensitivity_646,policy,virgin_metal_tax_tax_0_0194140625,virgin_metal_tax,0.0194140625,LOCALLY_INFEASIBLE,INFEASIBLE_POINT,false,13.477782889,0.0010192862523488166,1,0.0,0,material_composite_production_REU,eqpzs,IND_REU_NEW_ELMA,0.0010192862523488166,EOL_FLOW_EOL_DE_ELMA_INC,0.0,,0.5,2.0,2.0,2.0,1.0,2.0,sensitivity_646,sensitivity_403,circular_metal.material_substitution_elasticity,1.0,2.0,0.970703125,1.970703125,parameter_bisection,diagonal_tax_parameter,15,false
sensitivity_646,policy,virgin_metal_tax_tax_0_01939453125,virgin_metal_tax,0.01939453125,LOCALLY_INFEASIBLE,INFEASIBLE_POINT,false,27.29430397,0.0010372734529764394,1,0.0,0,material_composite_production_REU,eqpzs,IND_REU_NEW_ELMA,0.0010372734529764394,EOL_FLOW_EOL_DE_ELMA_INC,0.0,,0.5,2.0,2.0,2.0,1.0,2.0,sensitivity_646,sensitivity_403,circular_metal.material_substitution_elasticity,1.0,2.0,0.9697265625,1.9697265625,parameter_bisection,diagonal_tax_parameter,16,false
sensitivity_646,policy,virgin_metal_tax_tax_0_019384765625,virgin_metal_tax,0.019384765625,LOCALLY_INFEASIBLE,INFEASIBLE_POINT,true,8.149177983,0.0009957636405787396,0,0.0,0,material_composite_production_REU,eqpzs,IND_REU_NEW_ELMA,0.0009957636405787396,EOL_FLOW_EOL_DE_ELMA_INC,0.0,,0.5,2.0,2.0,2.0,1.0,2.0,sensitivity_646,sensitivity_403,circular_metal.material_substitution_elasticity,1.0,2.0,0.96923828125,1.96923828125,parameter_bisection,diagonal_tax_parameter,17,true
sensitivity_646,policy,virgin_metal_tax_tax_0_019404296875,virgin_metal_tax,0.019404296875,LOCALLY_INFEASIBLE,INFEASIBLE_POINT,false,29.213296385,0.0010460039317162773,1,0.0,0,material_composite_production_REU,eqpzs,IND_REU_NEW_ELMA,0.0010460039317162773,EOL_FLOW_EOL_DE_ELMA_INC,0.0,,0.5,2.0,2.0,2.0,1.0,2.0,sensitivity_646,sensitivity_403,circular_metal.material_substitution_elasticity,1.0,2.0,0.97021484375,1.97021484375,parameter_bisection,diagonal_tax_parameter,18,false
sensitivity_646,policy,virgin_metal_tax_tax_0_01939453125,virgin_metal_tax,0.01939453125,LOCALLY_INFEASIBLE,INFEASIBLE_POINT,false,18.712475346,0.0010468180549586537,1,0.0,0,material_composite_production_REU,eqpzs,IND_REU_NEW_ELMA,0.0010468180549586537,EOL_FLOW_EOL_DE_ELMA_INC,0.0,,0.5,2.0,2.0,2.0,1.0,2.0,sensitivity_646,sensitivity_403,circular_metal.material_substitution_elasticity,1.0,2.0,0.9697265625,1.9697265625,parameter_bisection,diagonal_tax_parameter,19,false
sensitivity_646,policy,virgin_metal_tax_tax_0_0193896484375,virgin_metal_tax,0.0193896484375,LOCALLY_INFEASIBLE,INFEASIBLE_POINT,true,4.060497486,0.000995769351794018,0,0.0,0,material_composite_production_REU,eqpzs,IND_REU_NEW_ELMA,0.000995769351794018,EOL_FLOW_EOL_DE_ELMA_INC,0.0,,0.5,2.0,2.0,2.0,1.0,2.0,sensitivity_646,sensitivity_403,circular_metal.material_substitution_elasticity,1.0,2.0,0.969482421875,1.969482421875,parameter_bisection,diagonal_tax_parameter,20,true
sensitivity_646,policy,virgin_metal_tax_tax_0_019399414062500002,virgin_metal_tax,0.019399414062500002,LOCALLY_INFEASIBLE,INFEASIBLE_POINT,false,42.171771001,0.0010218723014749909,1,1.4163685481357563e-11,0,material_composite_production_REU,eqpzs,IND_REU_NEW_ELMA,0.0010218723014749909,X_IND_SK_REU_OFMA_IND_SK_REP_OFMA,1.4163685481357563e-11,,0.5,2.0,2.0,2.0,1.0,2.0,sensitivity_646,sensitivity_403,circular_metal.material_substitution_elasticity,1.0,2.0,0.969970703125,1.969970703125,parameter_bisection,diagonal_tax_parameter,21,false
sensitivity_646,policy,virgin_metal_tax_tax_0_01939453125,virgin_metal_tax,0.01939453125,LOCALLY_INFEASIBLE,INFEASIBLE_POINT,false,3.013841614,0.0010005742585034172,1,0.0,0,material_composite_production_REU,eqpzs,IND_REU_NEW_ELMA,0.0010005742585034172,EOL_FLOW_EOL_DE_ELMA_INC,0.0,,0.5,2.0,2.0,2.0,1.0,2.0,sensitivity_646,sensitivity_403,circular_metal.material_substitution_elasticity,1.0,2.0,0.9697265625,1.9697265625,parameter_bisection,diagonal_tax_parameter,22,false
sensitivity_646,policy,virgin_metal_tax_tax_0_01939208984375,virgin_metal_tax,0.01939208984375,LOCALLY_INFEASIBLE,INFEASIBLE_POINT,false,7.705990858,0.001006320902690705,1,0.0,0,material_composite_production_REU,eqpzs,IND_REU_NEW_ELMA,0.001006320902690705,EOL_FLOW_EOL_DE_ELMA_INC,0.0,,0.5,2.0,2.0,2.0,1.0,2.0,sensitivity_646,sensitivity_403,circular_metal.material_substitution_elasticity,1.0,2.0,0.9696044921875,1.9696044921875,parameter_bisection,diagonal_tax_parameter,23,false
sensitivity_675,policy,virgin_metal_tax_tax_0_02,virgin_metal_tax,0.02,LOCALLY_INFEASIBLE,INFEASIBLE_POINT,false,29.089906988,0.0012460655589581204,1,0.0,0,material_composite_production_SK,eqpzs,IND_SK_NEW_ELMA,0.0012460655589581204,EOL_FLOW_EOL_DE_ELMA_INC,0.0,,2.0,2.0,2.0,0.5,2.0,2.0,sensitivity_675,sensitivity_672,trade.cet_transformation_elasticity,1.0,2.0,1.0,2.0,direct_target,diagonal_tax_parameter,1,false
sensitivity_675,policy,virgin_metal_tax_tax_0_01,virgin_metal_tax,0.01,LOCALLY_INFEASIBLE,INFEASIBLE_POINT,true,17.844934012,0.0005414870386151183,0,0.0,0,material_composite_production_REU,eqpzs,IND_REU_NEW_ELMA,0.0005414870386151183,EOL_FLOW_EOL_DE_ELMA_INC,0.0,,2.0,2.0,2.0,0.5,2.0,2.0,sensitivity_675,sensitivity_672,trade.cet_transformation_elasticity,1.0,2.0,0.5,1.5,parameter_bisection,diagonal_tax_parameter,2,true
sensitivity_675,policy,virgin_metal_tax_tax_0_02,virgin_metal_tax,0.02,LOCALLY_INFEASIBLE,INFEASIBLE_POINT,false,15.163630178,0.001078588837414074,1,0.0,0,material_composite_production_REU,eqpzs,IND_REU_NEW_ELMA,0.001078588837414074,EOL_FLOW_EOL_DE_ELMA_INC,0.0,,2.0,2.0,2.0,0.5,2.0,2.0,sensitivity_675,sensitivity_672,trade.cet_transformation_elasticity,1.0,2.0,1.0,2.0,parameter_bisection,diagonal_tax_parameter,3,false
sensitivity_675,policy,virgin_metal_tax_tax_0_015,virgin_metal_tax,0.015,LOCALLY_INFEASIBLE,INFEASIBLE_POINT,false,24.924197141,0.00115965974540444,1,0.0,0,observed_physical_flow_links,quantity_link,physical_SK_OFMA_REP_route_input_mass,0.00115965974540444,EOL_FLOW_EOL_DE_ELMA_INC,0.0,,2.0,2.0,2.0,0.5,2.0,2.0,sensitivity_675,sensitivity_672,trade.cet_transformation_elasticity,1.0,2.0,0.75,1.75,parameter_bisection,diagonal_tax_parameter,4,false
sensitivity_675,policy,virgin_metal_tax_tax_0_0125,virgin_metal_tax,0.0125,LOCALLY_INFEASIBLE,INFEASIBLE_POINT,true,24.951850348,0.0006514581501785299,0,0.0,0,material_composite_production_REU,eqpzs,IND_REU_NEW_ELMA,0.0006514581501785299,EOL_FLOW_EOL_DE_ELMA_INC,0.0,,2.0,2.0,2.0,0.5,2.0,2.0,sensitivity_675,sensitivity_672,trade.cet_transformation_elasticity,1.0,2.0,0.625,1.625,parameter_bisection,diagonal_tax_parameter,5,true
sensitivity_675,policy,virgin_metal_tax_tax_0_0175,virgin_metal_tax,0.0175,LOCALLY_INFEASIBLE,INFEASIBLE_POINT,false,29.75424597,0.013763106828427851,4,0.0,0,observed_physical_flow_links,quantity_link,physical_SK_OFMA_REP_route_input_mass,0.013763106828427851,EOL_FLOW_EOL_DE_ELMA_INC,0.0,,2.0,2.0,2.0,0.5,2.0,2.0,sensitivity_675,sensitivity_672,trade.cet_transformation_elasticity,1.0,2.0,0.875,1.875,parameter_bisection,diagonal_tax_parameter,6,false
sensitivity_675,policy,virgin_metal_tax_tax_0_015,virgin_metal_tax,0.015,LOCALLY_INFEASIBLE,INFEASIBLE_POINT,true,34.322609133,0.0007931764271181807,0,0.0,0,material_composite_production_REU,eqpzs,IND_REU_NEW_ELMA,0.0007931764271181807,EOL_FLOW_EOL_DE_ELMA_INC,0.0,,2.0,2.0,2.0,0.5,2.0,2.0,sensitivity_675,sensitivity_672,trade.cet_transformation_elasticity,1.0,2.0,0.75,1.75,parameter_bisection,diagonal_tax_parameter,7,true
sensitivity_675,policy,virgin_metal_tax_tax_0_02,virgin_metal_tax,0.02,LOCALLY_INFEASIBLE,INFEASIBLE_POINT,false,36.104851256,0.001055102448067391,1,0.0,0,material_composite_production_REU,eqpzs,IND_REU_NEW_ELMA,0.001055102448067391,EOL_FLOW_EOL_DE_ELMA_INC,0.0,,2.0,2.0,2.0,0.5,2.0,2.0,sensitivity_675,sensitivity_672,trade.cet_transformation_elasticity,1.0,2.0,1.0,2.0,parameter_bisection,diagonal_tax_parameter,8,false
sensitivity_675,policy,virgin_metal_tax_tax_0_0175,virgin_metal_tax,0.0175,LOCALLY_INFEASIBLE,INFEASIBLE_POINT,true,17.506087716,0.0008275582005343729,0,0.0,0,material_composite_production_REU,eqpzs,IND_REU_NEW_ELMA,0.0008275582005343729,EOL_FLOW_EOL_DE_ELMA_INC,0.0,,2.0,2.0,2.0,0.5,2.0,2.0,sensitivity_675,sensitivity_672,trade.cet_transformation_elasticity,1.0,2.0,0.875,1.875,parameter_bisection,diagonal_tax_parameter,9,true
sensitivity_675,policy,virgin_metal_tax_tax_0_02,virgin_metal_tax,0.02,LOCALLY_INFEASIBLE,INFEASIBLE_POINT,false,52.987335205,0.027381273940136452,6,0.0,0,observed_physical_flow_links,quantity_link,physical_SK_OFMA_REP_route_input_mass,0.027381273940136452,EOL_FLOW_EOL_DE_ELMA_INC,0.0,,2.0,2.0,2.0,0.5,2.0,2.0,sensitivity_675,sensitivity_672,trade.cet_transformation_elasticity,1.0,2.0,1.0,2.0,parameter_bisection,diagonal_tax_parameter,10,false
sensitivity_675,policy,virgin_metal_tax_tax_0_01875,virgin_metal_tax,0.01875,LOCALLY_INFEASIBLE,INFEASIBLE_POINT,true,26.199699343,0.0009890412103118473,0,0.0,0,material_composite_production_REU,eqpzs,IND_REU_NEW_ELMA,0.0009890412103118473,EOL_FLOW_EOL_DE_ELMA_INC,0.0,,2.0,2.0,2.0,0.5,2.0,2.0,sensitivity_675,sensitivity_672,trade.cet_transformation_elasticity,1.0,2.0,0.9375,1.9375,parameter_bisection,diagonal_tax_parameter,11,true
sensitivity_675,policy,virgin_metal_tax_tax_0_02,virgin_metal_tax,0.02,LOCALLY_INFEASIBLE,INFEASIBLE_POINT,true,12.231688324,0.000933133221652449,0,0.0,0,material_composite_production_REU,eqpzs,IND_REU_NEW_ELMA,0.000933133221652449,EOL_FLOW_EOL_DE_ELMA_INC,0.0,,2.0,2.0,2.0,0.5,2.0,2.0,sensitivity_675,sensitivity_672,trade.cet_transformation_elasticity,1.0,2.0,1.0,2.0,parameter_bisection,diagonal_tax_parameter,12,true
sensitivity_683,policy,virgin_metal_tax_tax_0_02,virgin_metal_tax,0.02,LOCALLY_INFEASIBLE,INFEASIBLE_POINT,false,36.455107788,0.001017374308561081,1,0.0,0,material_composite_production_REU,eqpzs,IND_REU_NEW_ELMA,0.001017374308561081,EOL_FLOW_EOL_DE_ELMA_INC,0.0,,1.0,2.0,0.5,1.0,2.0,2.0,sensitivity_683,sensitivity_656,circular_routes.eol_allocation_elasticity,0.5,1.0,1.0,1.0,direct_target,diagonal_tax_parameter,1,false
sensitivity_683,policy,virgin_metal_tax_tax_0_01,virgin_metal_tax,0.01,LOCALLY_INFEASIBLE,INFEASIBLE_POINT,true,23.235814891,0.000531776312994503,0,0.0,0,material_composite_production_REU,eqpzs,IND_REU_NEW_ELMA,0.000531776312994503,EOL_FLOW_EOL_DE_ELMA_INC,0.0,,1.0,2.0,0.5,1.0,2.0,2.0,sensitivity_683,sensitivity_656,circular_routes.eol_allocation_elasticity,0.5,1.0,0.5,0.75,parameter_bisection,diagonal_tax_parameter,2,true
sensitivity_683,policy,virgin_metal_tax_tax_0_02,virgin_metal_tax,0.02,LOCALLY_INFEASIBLE,INFEASIBLE_POINT,true,33.462495598,0.0008974127988389258,0,0.0,0,material_composite_production_SK,eqpzs,IND_SK_NEW_ELMA,0.0008974127988389258,EOL_FLOW_EOL_DE_ELMA_INC,0.0,,1.0,2.0,0.5,1.0,2.0,2.0,sensitivity_683,sensitivity_656,circular_routes.eol_allocation_elasticity,0.5,1.0,1.0,1.0,parameter_bisection,diagonal_tax_parameter,3,true
sensitivity_684,policy,virgin_metal_tax_tax_0_02,virgin_metal_tax,0.02,LOCALLY_INFEASIBLE,INFEASIBLE_POINT,false,91.831465208,0.0011374900043926717,1,0.0,0,material_composite_production_SK,eqpzs,IND_SK_NEW_ELMA,0.0011374900043926717,EOL_FLOW_EOL_DE_ELMA_INC,0.0,,2.0,2.0,0.5,1.0,2.0,2.0,sensitivity_684,sensitivity_681,trade.cet_transformation_elasticity,1.0,2.0,1.0,2.0,direct_target,diagonal_tax_parameter,1,false
sensitivity_684,policy,virgin_metal_tax_tax_0_01,virgin_metal_tax,0.01,LOCALLY_INFEASIBLE,INFEASIBLE_POINT,true,56.826765971,0.0004696745681384007,0,0.0,0,material_composite_production_SK,eqpzs,IND_SK_NEW_ELMA,0.0004696745681384007,EOL_FLOW_EOL_DE_ELMA_INC,0.0,,2.0,2.0,0.5,1.0,2.0,2.0,sensitivity_684,sensitivity_681,trade.cet_transformation_elasticity,1.0,2.0,0.5,1.5,parameter_bisection,diagonal_tax_parameter,2,true
sensitivity_684,policy,virgin_metal_tax_tax_0_02,virgin_metal_tax,0.02,LOCALLY_INFEASIBLE,INFEASIBLE_POINT,false,37.135906178,0.0011159226910064657,1,0.0,0,material_composite_production_SK,eqpzs,IND_SK_NEW_ELMA,0.0011159226910064657,EOL_FLOW_EOL_DE_ELMA_INC,0.0,,2.0,2.0,0.5,1.0,2.0,2.0,sensitivity_684,sensitivity_681,trade.cet_transformation_elasticity,1.0,2.0,1.0,2.0,parameter_bisection,diagonal_tax_parameter,3,false
sensitivity_684,policy,virgin_metal_tax_tax_0_015,virgin_metal_tax,0.015,LOCALLY_INFEASIBLE,INFEASIBLE_POINT,true,17.827418704,0.0007632151771665985,0,0.0,0,material_composite_production_REU,eqpzs,IND_REU_NEW_ELMA,0.0007632151771665985,EOL_FLOW_EOL_DE_ELMA_INC,0.0,,2.0,2.0,0.5,1.0,2.0,2.0,sensitivity_684,sensitivity_681,trade.cet_transformation_elasticity,1.0,2.0,0.75,1.75,parameter_bisection,diagonal_tax_parameter,4,true
sensitivity_684,policy,virgin_metal_tax_tax_0_02,virgin_metal_tax,0.02,LOCALLY_INFEASIBLE,INFEASIBLE_POINT,false,45.922523462,0.0029010643858906615,1,0.0,0,observed_physical_flow_links,quantity_link,physical_SK_OFMA_REP_route_input_mass,0.0029010643858906615,EOL_FLOW_EOL_DE_ELMA_INC,0.0,,2.0,2.0,0.5,1.0,2.0,2.0,sensitivity_684,sensitivity_681,trade.cet_transformation_elasticity,1.0,2.0,1.0,2.0,parameter_bisection,diagonal_tax_parameter,5,false
sensitivity_684,policy,virgin_metal_tax_tax_0_0175,virgin_metal_tax,0.0175,LOCALLY_INFEASIBLE,INFEASIBLE_POINT,false,29.092056043,0.02794488606426504,1,0.0,0,observed_physical_flow_links,quantity_link,physical_SK_OFMA_REP_route_input_mass,0.02794488606426504,EOL_FLOW_EOL_DE_ELMA_INC,0.0,,2.0,2.0,0.5,1.0,2.0,2.0,sensitivity_684,sensitivity_681,trade.cet_transformation_elasticity,1.0,2.0,0.875,1.875,parameter_bisection,diagonal_tax_parameter,6,false
sensitivity_684,policy,virgin_metal_tax_tax_0_01625,virgin_metal_tax,0.01625,LOCALLY_INFEASIBLE,INFEASIBLE_POINT,false,23.342689919,0.033283370408234925,1,0.0,0,observed_physical_flow_links,quantity_link,physical_SK_OFMA_REP_route_input_mass,0.033283370408234925,EOL_FLOW_EOL_DE_ELMA_INC,0.0,,2.0,2.0,0.5,1.0,2.0,2.0,sensitivity_684,sensitivity_681,trade.cet_transformation_elasticity,1.0,2.0,0.8125,1.8125,parameter_bisection,diagonal_tax_parameter,7,false
sensitivity_684,policy,virgin_metal_tax_tax_0_015625,virgin_metal_tax,0.015625,LOCALLY_INFEASIBLE,INFEASIBLE_POINT,true,17.06161115,0.0008889632305714157,0,0.0,0,material_composite_production_SK,eqpzs,IND_SK_NEW_ELMA,0.0008889632305714157,EOL_FLOW_EOL_DE_ELMA_INC,0.0,,2.0,2.0,0.5,1.0,2.0,2.0,sensitivity_684,sensitivity_681,trade.cet_transformation_elasticity,1.0,2.0,0.78125,1.78125,parameter_bisection,diagonal_tax_parameter,8,true
sensitivity_684,policy,virgin_metal_tax_tax_0_016875,virgin_metal_tax,0.016875,LOCALLY_INFEASIBLE,INFEASIBLE_POINT,true,6.424848357,0.0008132397939840663,0,0.0,0,material_composite_production_SK,eqpzs,IND_SK_NEW_ELMA,0.0008132397939840663,EOL_FLOW_EOL_DE_ELMA_INC,0.0,,2.0,2.0,0.5,1.0,2.0,2.0,sensitivity_684,sensitivity_681,trade.cet_transformation_elasticity,1.0,2.0,0.84375,1.84375,parameter_bisection,diagonal_tax_parameter,9,true
sensitivity_684,policy,virgin_metal_tax_tax_0_019375,virgin_metal_tax,0.019375,OTHER_ERROR,NEARLY_FEASIBLE_POINT,false,40.319290403,0.0068652612806976415,1,9.82612716190268e-9,0,eu_wide_eol_allocation,eu_wide_eol_allocation,OFMA|EOL_FR_OFMA_REP,0.0068652612806976415,F_FAC_SK_CAP_IND_SK_REP_OFMA,9.82612716190268e-9,,2.0,2.0,0.5,1.0,2.0,2.0,sensitivity_684,sensitivity_681,trade.cet_transformation_elasticity,1.0,2.0,0.96875,1.96875,parameter_bisection,diagonal_tax_parameter,10,false
sensitivity_684,policy,virgin_metal_tax_tax_0_018125,virgin_metal_tax,0.018125,LOCALLY_INFEASIBLE,INFEASIBLE_POINT,true,30.177928168,0.0009732918981383287,0,0.0,0,material_composite_production_REU,eqpzs,IND_REU_NEW_ELMA,0.0009732918981383287,EOL_FLOW_EOL_DE_ELMA_INC,0.0,,2.0,2.0,0.5,1.0,2.0,2.0,sensitivity_684,sensitivity_681,trade.cet_transformation_elasticity,1.0,2.0,0.90625,1.90625,parameter_bisection,diagonal_tax_parameter,11,true
sensitivity_684,policy,virgin_metal_tax_tax_0_02,virgin_metal_tax,0.02,LOCALLY_INFEASIBLE,INFEASIBLE_POINT,false,17.020153848,0.001267516865735674,2,0.0,0,material_composite_production_SK,eqpzs,IND_SK_NEW_ELMA,0.001267516865735674,EOL_FLOW_EOL_DE_ELMA_INC,0.0,,2.0,2.0,0.5,1.0,2.0,2.0,sensitivity_684,sensitivity_681,trade.cet_transformation_elasticity,1.0,2.0,1.0,2.0,parameter_bisection,diagonal_tax_parameter,12,false
sensitivity_684,policy,virgin_metal_tax_tax_0_0190625,virgin_metal_tax,0.0190625,LOCALLY_INFEASIBLE,INFEASIBLE_POINT,false,36.690653769,0.0011836695857601054,1,0.0,0,observed_physical_flow_links,quantity_link,physical_SK_OFMA_REP_route_input_mass,0.0011836695857601054,EOL_FLOW_EOL_DE_ELMA_INC,0.0,,2.0,2.0,0.5,1.0,2.0,2.0,sensitivity_684,sensitivity_681,trade.cet_transformation_elasticity,1.0,2.0,0.953125,1.953125,parameter_bisection,diagonal_tax_parameter,13,false
sensitivity_684,policy,virgin_metal_tax_tax_0_01859375,virgin_metal_tax,0.01859375,LOCALLY_INFEASIBLE,INFEASIBLE_POINT,false,22.68490756,0.00116599788027405,1,0.0,0,material_composite_production_SK,eqpzs,IND_SK_NEW_ELMA,0.00116599788027405,EOL_FLOW_EOL_DE_ELMA_INC,0.0,,2.0,2.0,0.5,1.0,2.0,2.0,sensitivity_684,sensitivity_681,trade.cet_transformation_elasticity,1.0,2.0,0.9296875,1.9296875,parameter_bisection,diagonal_tax_parameter,14,false
sensitivity_684,policy,virgin_metal_tax_tax_0_018359375,virgin_metal_tax,0.018359375,LOCALLY_INFEASIBLE,INFEASIBLE_POINT,false,29.217944166,0.15364645548034905,1,0.0,0,observed_physical_flow_links,quantity_link,physical_SK_OFMA_REP_route_input_mass,0.15364645548034905,EOL_FLOW_EOL_DE_ELMA_INC,0.0,,2.0,2.0,0.5,1.0,2.0,2.0,sensitivity_684,sensitivity_681,trade.cet_transformation_elasticity,1.0,2.0,0.91796875,1.91796875,parameter_bisection,diagonal_tax_parameter,15,false
sensitivity_684,policy,virgin_metal_tax_tax_0_0182421875,virgin_metal_tax,0.0182421875,LOCALLY_INFEASIBLE,INFEASIBLE_POINT,false,38.939638137,0.0011158099181417525,1,0.0,0,material_composite_production_SK,eqpzs,IND_SK_NEW_ELMA,0.0011158099181417525,EOL_FLOW_EOL_DE_ELMA_INC,0.0,,2.0,2.0,0.5,1.0,2.0,2.0,sensitivity_684,sensitivity_681,trade.cet_transformation_elasticity,1.0,2.0,0.912109375,1.912109375,parameter_bisection,diagonal_tax_parameter,16,false
sensitivity_684,policy,virgin_metal_tax_tax_0_01818359375,virgin_metal_tax,0.01818359375,LOCALLY_INFEASIBLE,INFEASIBLE_POINT,true,10.365509639,0.0008516413817636348,0,0.0,0,material_composite_production_REU,eqpzs,IND_REU_NEW_ELMA,0.0008516413817636348,EOL_FLOW_EOL_DE_ELMA_INC,0.0,,2.0,2.0,0.5,1.0,2.0,2.0,sensitivity_684,sensitivity_681,trade.cet_transformation_elasticity,1.0,2.0,0.9091796875,1.9091796875,parameter_bisection,diagonal_tax_parameter,17,true
sensitivity_684,policy,virgin_metal_tax_tax_0_018300781250000002,virgin_metal_tax,0.018300781250000002,LOCALLY_INFEASIBLE,INFEASIBLE_POINT,true,7.74163497,0.0008528088287012014,0,0.0,0,material_composite_production_REU,eqpzs,IND_REU_NEW_ELMA,0.0008528088287012014,EOL_FLOW_EOL_DE_ELMA_INC,0.0,,2.0,2.0,0.5,1.0,2.0,2.0,sensitivity_684,sensitivity_681,trade.cet_transformation_elasticity,1.0,2.0,0.9150390625,1.9150390625,parameter_bisection,diagonal_tax_parameter,18,true
sensitivity_684,policy,virgin_metal_tax_tax_0_01853515625,virgin_metal_tax,0.01853515625,LOCALLY_INFEASIBLE,INFEASIBLE_POINT,false,15.197574074,0.09226285585818772,1,0.0,0,observed_physical_flow_links,quantity_link,physical_SK_OFMA_REP_route_input_mass,0.09226285585818772,EOL_FLOW_EOL_DE_ELMA_INC,0.0,,2.0,2.0,0.5,1.0,2.0,2.0,sensitivity_684,sensitivity_681,trade.cet_transformation_elasticity,1.0,2.0,0.9267578125,1.9267578125,parameter_bisection,diagonal_tax_parameter,19,false
sensitivity_684,policy,virgin_metal_tax_tax_0_01841796875,virgin_metal_tax,0.01841796875,LOCALLY_INFEASIBLE,INFEASIBLE_POINT,false,18.117549272,0.03574507846713526,1,0.0,0,observed_physical_flow_links,quantity_link,physical_SK_OFMA_REP_route_input_mass,0.03574507846713526,EOL_FLOW_EOL_DE_ELMA_INC,0.0,,2.0,2.0,0.5,1.0,2.0,2.0,sensitivity_684,sensitivity_681,trade.cet_transformation_elasticity,1.0,2.0,0.9208984375,1.9208984375,parameter_bisection,diagonal_tax_parameter,20,false
sensitivity_684,policy,virgin_metal_tax_tax_0_018359375,virgin_metal_tax,0.018359375,LOCALLY_INFEASIBLE,INFEASIBLE_POINT,true,22.345720094,0.000988663165694681,0,0.0,0,material_composite_production_REU,eqpzs,IND_REU_NEW_ELMA,0.000988663165694681,EOL_FLOW_EOL_DE_ELMA_INC,0.0,,2.0,2.0,0.5,1.0,2.0,2.0,sensitivity_684,sensitivity_681,trade.cet_transformation_elasticity,1.0,2.0,0.91796875,1.91796875,parameter_bisection,diagonal_tax_parameter,21,true
sensitivity_684,policy,virgin_metal_tax_tax_0_0184765625,virgin_metal_tax,0.0184765625,LOCALLY_INFEASIBLE,INFEASIBLE_POINT,true,7.899668878,0.0009960081610499438,0,0.0,0,material_composite_production_REU,eqpzs,IND_REU_NEW_ELMA,0.0009960081610499438,EOL_FLOW_EOL_DE_ELMA_INC,0.0,,2.0,2.0,0.5,1.0,2.0,2.0,sensitivity_684,sensitivity_681,trade.cet_transformation_elasticity,1.0,2.0,0.923828125,1.923828125,parameter_bisection,diagonal_tax_parameter,22,true
sensitivity_684,policy,virgin_metal_tax_tax_0_0187109375,virgin_metal_tax,0.0187109375,LOCALLY_INFEASIBLE,INFEASIBLE_POINT,false,10.959812951,0.0011755110109761269,1,0.0,0,material_composite_production_SK,eqpzs,IND_SK_NEW_ELMA,0.0011755110109761269,EOL_FLOW_EOL_DE_ELMA_INC,0.0,,2.0,2.0,0.5,1.0,2.0,2.0,sensitivity_684,sensitivity_681,trade.cet_transformation_elasticity,1.0,2.0,0.935546875,1.935546875,parameter_bisection,diagonal_tax_parameter,23,false
sensitivity_684,policy,virgin_metal_tax_tax_0_01859375,virgin_metal_tax,0.01859375,LOCALLY_INFEASIBLE,INFEASIBLE_POINT,false,10.794668885,0.0010292496626682635,1,0.0,0,material_composite_production_SK,eqpzs,IND_SK_NEW_ELMA,0.0010292496626682635,EOL_FLOW_EOL_DE_ELMA_INC,0.0,,2.0,2.0,0.5,1.0,2.0,2.0,sensitivity_684,sensitivity_681,trade.cet_transformation_elasticity,1.0,2.0,0.9296875,1.9296875,parameter_bisection,diagonal_tax_parameter,24,false
sensitivity_684,policy,virgin_metal_tax_tax_0_01853515625,virgin_metal_tax,0.01853515625,LOCALLY_INFEASIBLE,INFEASIBLE_POINT,true,6.966978664,0.0008982446688043932,0,0.0,0,material_composite_production_REU,eqpzs,IND_REU_NEW_ELMA,0.0008982446688043932,EOL_FLOW_EOL_DE_ELMA_INC,0.0,,2.0,2.0,0.5,1.0,2.0,2.0,sensitivity_684,sensitivity_681,trade.cet_transformation_elasticity,1.0,2.0,0.9267578125,1.9267578125,parameter_bisection,diagonal_tax_parameter,25,true
sensitivity_684,policy,virgin_metal_tax_tax_0_01865234375,virgin_metal_tax,0.01865234375,LOCALLY_INFEASIBLE,INFEASIBLE_POINT,true,6.050720184,0.0008777003207963707,0,0.0,0,material_composite_production_SK,eqpzs,IND_SK_NEW_ELMA,0.0008777003207963707,EOL_FLOW_EOL_DE_ELMA_INC,0.0,,2.0,2.0,0.5,1.0,2.0,2.0,sensitivity_684,sensitivity_681,trade.cet_transformation_elasticity,1.0,2.0,0.9326171875,1.9326171875,parameter_bisection,diagonal_tax_parameter,26,true
sensitivity_684,policy,virgin_metal_tax_tax_0_01888671875,virgin_metal_tax,0.01888671875,LOCALLY_INFEASIBLE,INFEASIBLE_POINT,true,12.235880703,0.0008716508120103494,0,0.0,0,material_composite_production_REU,eqpzs,IND_REU_NEW_ELMA,0.0008716508120103494,EOL_FLOW_EOL_DE_ELMA_INC,0.0,,2.0,2.0,0.5,1.0,2.0,2.0,sensitivity_684,sensitivity_681,trade.cet_transformation_elasticity,1.0,2.0,0.9443359375,1.9443359375,parameter_bisection,diagonal_tax_parameter,27,true
sensitivity_684,policy,virgin_metal_tax_tax_0_01935546875,virgin_metal_tax,0.01935546875,LOCALLY_INFEASIBLE,INFEASIBLE_POINT,false,9.903807776,0.0010021751240700816,1,0.0,0,material_composite_production_REU,eqpzs,IND_REU_NEW_ELMA,0.0010021751240700816,EOL_FLOW_EOL_DE_ELMA_INC,0.0,,2.0,2.0,0.5,1.0,2.0,2.0,sensitivity_684,sensitivity_681,trade.cet_transformation_elasticity,1.0,2.0,0.9677734375,1.9677734375,parameter_bisection,diagonal_tax_parameter,28,false
sensitivity_684,policy,virgin_metal_tax_tax_0_019121093750000002,virgin_metal_tax,0.019121093750000002,LOCALLY_INFEASIBLE,INFEASIBLE_POINT,false,10.003595386,0.0011371371601778257,1,0.0,0,material_composite_production_SK,eqpzs,IND_SK_NEW_ELMA,0.0011371371601778257,EOL_FLOW_EOL_DE_ELMA_INC,0.0,,2.0,2.0,0.5,1.0,2.0,2.0,sensitivity_684,sensitivity_681,trade.cet_transformation_elasticity,1.0,2.0,0.9560546875,1.9560546875,parameter_bisection,diagonal_tax_parameter,29,false
sensitivity_684,policy,virgin_metal_tax_tax_0_01900390625,virgin_metal_tax,0.01900390625,LOCALLY_INFEASIBLE,INFEASIBLE_POINT,false,8.195742019,0.001023925953010485,1,0.0,0,material_composite_production_REU,eqpzs,IND_REU_NEW_ELMA,0.001023925953010485,EOL_FLOW_EOL_DE_ELMA_INC,0.0,,2.0,2.0,0.5,1.0,2.0,2.0,sensitivity_684,sensitivity_681,trade.cet_transformation_elasticity,1.0,2.0,0.9501953125,1.9501953125,parameter_bisection,diagonal_tax_parameter,30,false
sensitivity_684,policy,virgin_metal_tax_tax_0_018945312500000002,virgin_metal_tax,0.018945312500000002,LOCALLY_INFEASIBLE,INFEASIBLE_POINT,false,23.344465528,0.0010984451927253946,1,0.0,0,material_composite_production_SK,eqpzs,IND_SK_NEW_ELMA,0.0010984451927253946,EOL_FLOW_EOL_DE_ELMA_INC,0.0,,2.0,2.0,0.5,1.0,2.0,2.0,sensitivity_684,sensitivity_681,trade.cet_transformation_elasticity,1.0,2.0,0.947265625,1.947265625,parameter_bisection,diagonal_tax_parameter,31,false
sensitivity_684,policy,virgin_metal_tax_tax_0_018916015625,virgin_metal_tax,0.018916015625,LOCALLY_INFEASIBLE,INFEASIBLE_POINT,true,6.80391728,0.0009363609648924687,0,0.0,0,material_composite_production_SK,eqpzs,IND_SK_NEW_ELMA,0.0009363609648924687,EOL_FLOW_EOL_DE_ELMA_INC,0.0,,2.0,2.0,0.5,1.0,2.0,2.0,sensitivity_684,sensitivity_681,trade.cet_transformation_elasticity,1.0,2.0,0.94580078125,1.94580078125,parameter_bisection,diagonal_tax_parameter,32,true
sensitivity_684,policy,virgin_metal_tax_tax_0_018974609375,virgin_metal_tax,0.018974609375,LOCALLY_INFEASIBLE,INFEASIBLE_POINT,false,14.300716356,0.0010207753240593087,1,0.0,0,material_composite_production_SK,eqpzs,IND_SK_NEW_ELMA,0.0010207753240593087,EOL_FLOW_EOL_DE_ELMA_INC,0.0,,2.0,2.0,0.5,1.0,2.0,2.0,sensitivity_684,sensitivity_681,trade.cet_transformation_elasticity,1.0,2.0,0.94873046875,1.94873046875,parameter_bisection,diagonal_tax_parameter,33,false
sensitivity_684,policy,virgin_metal_tax_tax_0_018945312500000002,virgin_metal_tax,0.018945312500000002,LOCALLY_INFEASIBLE,INFEASIBLE_POINT,true,10.234266918,0.0009667442779114355,0,0.0,0,material_composite_production_SK,eqpzs,IND_SK_NEW_ELMA,0.0009667442779114355,EOL_FLOW_EOL_DE_ELMA_INC,0.0,,2.0,2.0,0.5,1.0,2.0,2.0,sensitivity_684,sensitivity_681,trade.cet_transformation_elasticity,1.0,2.0,0.947265625,1.947265625,parameter_bisection,diagonal_tax_parameter,34,true
sensitivity_684,policy,virgin_metal_tax_tax_0_01900390625,virgin_metal_tax,0.01900390625,LOCALLY_INFEASIBLE,INFEASIBLE_POINT,true,4.150235401,0.0006978486895868885,0,0.0,0,material_composite_production_SK,eqpzs,IND_SK_NEW_ELMA,0.0006978486895868885,EOL_FLOW_EOL_DE_ELMA_INC,0.0,,2.0,2.0,0.5,1.0,2.0,2.0,sensitivity_684,sensitivity_681,trade.cet_transformation_elasticity,1.0,2.0,0.9501953125,1.9501953125,parameter_bisection,diagonal_tax_parameter,35,true
sensitivity_684,policy,virgin_metal_tax_tax_0_019121093750000002,virgin_metal_tax,0.019121093750000002,LOCALLY_INFEASIBLE,INFEASIBLE_POINT,false,21.15438424,0.0012182149847410617,1,0.0,0,material_composite_production_SK,eqpzs,IND_SK_NEW_ELMA,0.0012182149847410617,EOL_FLOW_EOL_DE_ELMA_INC,0.0,,2.0,2.0,0.5,1.0,2.0,2.0,sensitivity_684,sensitivity_681,trade.cet_transformation_elasticity,1.0,2.0,0.9560546875,1.9560546875,parameter_bisection,diagonal_tax_parameter,36,false
sensitivity_684,policy,virgin_metal_tax_tax_0_0190625,virgin_metal_tax,0.0190625,LOCALLY_INFEASIBLE,INFEASIBLE_POINT,false,7.758860036,0.0011238183796506984,1,0.0,0,material_composite_production_SK,eqpzs,IND_SK_NEW_ELMA,0.0011238183796506984,EOL_FLOW_EOL_DE_ELMA_INC,0.0,,2.0,2.0,0.5,1.0,2.0,2.0,sensitivity_684,sensitivity_681,trade.cet_transformation_elasticity,1.0,2.0,0.953125,1.953125,parameter_bisection,diagonal_tax_parameter,37,false
sensitivity_684,policy,virgin_metal_tax_tax_0_019033203125000002,virgin_metal_tax,0.019033203125000002,LOCALLY_INFEASIBLE,INFEASIBLE_POINT,false,5.85013611,0.001191171048014139,1,0.0,0,material_composite_production_SK,eqpzs,IND_SK_NEW_ELMA,0.001191171048014139,EOL_FLOW_EOL_DE_ELMA_INC,0.0,,2.0,2.0,0.5,1.0,2.0,2.0,sensitivity_684,sensitivity_681,trade.cet_transformation_elasticity,1.0,2.0,0.95166015625,1.95166015625,parameter_bisection,diagonal_tax_parameter,38,false
sensitivity_684,policy,virgin_metal_tax_tax_0_0190185546875,virgin_metal_tax,0.0190185546875,LOCALLY_INFEASIBLE,INFEASIBLE_POINT,false,9.247860594,0.0010518446859705266,1,0.0,0,material_composite_production_SK,eqpzs,IND_SK_NEW_ELMA,0.0010518446859705266,EOL_FLOW_EOL_DE_ELMA_INC,0.0,,2.0,2.0,0.5,1.0,2.0,2.0,sensitivity_684,sensitivity_681,trade.cet_transformation_elasticity,1.0,2.0,0.950927734375,1.950927734375,parameter_bisection,diagonal_tax_parameter,39,false
sensitivity_684,policy,virgin_metal_tax_tax_0_01901123046875,virgin_metal_tax,0.01901123046875,LOCALLY_INFEASIBLE,INFEASIBLE_POINT,false,5.002544957,0.0011169497513362492,1,0.0,0,material_composite_production_SK,eqpzs,IND_SK_NEW_ELMA,0.0011169497513362492,EOL_FLOW_EOL_DE_ELMA_INC,0.0,,2.0,2.0,0.5,1.0,2.0,2.0,sensitivity_684,sensitivity_681,trade.cet_transformation_elasticity,1.0,2.0,0.9505615234375,1.9505615234375,parameter_bisection,diagonal_tax_parameter,40,false
sensitivity_684,policy,virgin_metal_tax_tax_0_019007568359375,virgin_metal_tax,0.019007568359375,LOCALLY_INFEASIBLE,INFEASIBLE_POINT,false,7.804035357,0.0010367406835649629,1,0.0,0,material_composite_production_SK,eqpzs,IND_SK_NEW_ELMA,0.0010367406835649629,EOL_FLOW_EOL_DE_ELMA_INC,0.0,,2.0,2.0,0.5,1.0,2.0,2.0,sensitivity_684,sensitivity_681,trade.cet_transformation_elasticity,1.0,2.0,0.95037841796875,1.95037841796875,parameter_bisection,diagonal_tax_parameter,41,false
sensitivity_688,policy,virgin_metal_tax_tax_0_02,virgin_metal_tax,0.02,LOCALLY_INFEASIBLE,INFEASIBLE_POINT,true,42.335323286,0.0009864063531198352,0,0.0,0,common_eu_trade,eu_cet_quantity,NEW_ELMA|SK,0.0009864063531198352,EOL_FLOW_EOL_DE_ELMA_INC,0.0,,0.5,1.0,1.0,1.0,2.0,2.0,sensitivity_688,sensitivity_697,circular_routes.service_elasticity,2.0,1.0,1.0,1.0,direct_target,diagonal_tax_parameter,1,true
sensitivity_692,policy,virgin_metal_tax_tax_0_02,virgin_metal_tax,0.02,LOCALLY_INFEASIBLE,INFEASIBLE_POINT,true,34.878759888,0.0009809438504115864,0,0.0,0,material_composite_production_REU,eqpzs,IND_REU_NEW_ELMA,0.0009809438504115864,EOL_FLOW_EOL_DE_ELMA_INC,0.0,,1.0,2.0,1.0,1.0,2.0,2.0,sensitivity_692,sensitivity_449,circular_metal.material_substitution_elasticity,1.0,2.0,1.0,2.0,direct_target,diagonal_tax_parameter,1,true
sensitivity_710,policy,virgin_metal_tax_tax_0_02,virgin_metal_tax,0.02,OTHER_ERROR,NEARLY_FEASIBLE_POINT,false,44.351797811,0.0004958398579236745,0,9.978671632892083e-9,0,material_composite_production_REU,eqpzs,IND_REU_NEW_ELMA,0.0004958398579236745,Z_IND_FR_NEW_OFMA,9.978671632892083e-9,,1.0,2.0,0.5,2.0,2.0,2.0,sensitivity_710,sensitivity_656,circular_routes.eol_allocation_elasticity,0.5,2.0,1.0,2.0,direct_target,diagonal_tax_parameter,1,false
sensitivity_710,policy,virgin_metal_tax_tax_0_01,virgin_metal_tax,0.01,LOCALLY_INFEASIBLE,INFEASIBLE_POINT,true,20.126412895,0.0005300294438375097,0,0.0,0,material_composite_production_REU,eqpzs,IND_REU_NEW_ELMA,0.0005300294438375097,EOL_FLOW_EOL_DE_ELMA_INC,0.0,,1.0,2.0,0.5,2.0,2.0,2.0,sensitivity_710,sensitivity_656,circular_routes.eol_allocation_elasticity,0.5,2.0,0.5,1.25,parameter_bisection,diagonal_tax_parameter,2,true
sensitivity_710,policy,virgin_metal_tax_tax_0_02,virgin_metal_tax,0.02,LOCALLY_INFEASIBLE,INFEASIBLE_POINT,false,30.001223038,0.10479033756543499,1,0.0,0,observed_physical_flow_links,quantity_link,physical_SK_OFMA_REP_route_input_mass,0.10479033756543499,EOL_FLOW_EOL_DE_ELMA_INC,0.0,,1.0,2.0,0.5,2.0,2.0,2.0,sensitivity_710,sensitivity_656,circular_routes.eol_allocation_elasticity,0.5,2.0,1.0,2.0,parameter_bisection,diagonal_tax_parameter,3,false
sensitivity_710,policy,virgin_metal_tax_tax_0_015,virgin_metal_tax,0.015,LOCALLY_INFEASIBLE,INFEASIBLE_POINT,true,113.604325287,0.0008101429627870305,0,0.0,0,material_composite_production_REU,eqpzs,IND_REU_NEW_ELMA,0.0008101429627870305,EOL_FLOW_EOL_DE_ELMA_INC,0.0,,1.0,2.0,0.5,2.0,2.0,2.0,sensitivity_710,sensitivity_656,circular_routes.eol_allocation_elasticity,0.5,2.0,0.75,1.625,parameter_bisection,diagonal_tax_parameter,4,true
sensitivity_710,policy,virgin_metal_tax_tax_0_02,virgin_metal_tax,0.02,LOCALLY_INFEASIBLE,INFEASIBLE_POINT,false,15.513640084,0.0010602459418104226,1,0.0,0,material_composite_production_REU,eqpzs,IND_REU_NEW_ELMA,0.0010602459418104226,EOL_FLOW_EOL_DE_ELMA_INC,0.0,,1.0,2.0,0.5,2.0,2.0,2.0,sensitivity_710,sensitivity_656,circular_routes.eol_allocation_elasticity,0.5,2.0,1.0,2.0,parameter_bisection,diagonal_tax_parameter,5,false
sensitivity_710,policy,virgin_metal_tax_tax_0_0175,virgin_metal_tax,0.0175,LOCALLY_INFEASIBLE,INFEASIBLE_POINT,true,14.438041993,0.0009380470396088691,0,0.0,0,material_composite_production_REU,eqpzs,IND_REU_NEW_ELMA,0.0009380470396088691,EOL_FLOW_EOL_DE_ELMA_INC,0.0,,1.0,2.0,0.5,2.0,2.0,2.0,sensitivity_710,sensitivity_656,circular_routes.eol_allocation_elasticity,0.5,2.0,0.875,1.8125,parameter_bisection,diagonal_tax_parameter,6,true
sensitivity_710,policy,virgin_metal_tax_tax_0_02,virgin_metal_tax,0.02,LOCALLY_INFEASIBLE,INFEASIBLE_POINT,false,8.735727352,0.001039565510560836,1,0.0,0,material_composite_production_REU,eqpzs,IND_REU_NEW_ELMA,0.001039565510560836,EOL_FLOW_EOL_DE_ELMA_INC,0.0,,1.0,2.0,0.5,2.0,2.0,2.0,sensitivity_710,sensitivity_656,circular_routes.eol_allocation_elasticity,0.5,2.0,1.0,2.0,parameter_bisection,diagonal_tax_parameter,7,false
sensitivity_710,policy,virgin_metal_tax_tax_0_01875,virgin_metal_tax,0.01875,LOCALLY_INFEASIBLE,INFEASIBLE_POINT,false,11.605066864,0.0010095166058539107,1,0.0,0,material_composite_production_REU,eqpzs,IND_REU_NEW_ELMA,0.0010095166058539107,EOL_FLOW_EOL_DE_ELMA_INC,0.0,,1.0,2.0,0.5,2.0,2.0,2.0,sensitivity_710,sensitivity_656,circular_routes.eol_allocation_elasticity,0.5,2.0,0.9375,1.90625,parameter_bisection,diagonal_tax_parameter,8,false
sensitivity_710,policy,virgin_metal_tax_tax_0_018125,virgin_metal_tax,0.018125,LOCALLY_INFEASIBLE,INFEASIBLE_POINT,true,6.533734681,0.0009793103707836925,0,0.0,0,material_composite_production_REU,eqpzs,IND_REU_NEW_ELMA,0.0009793103707836925,EOL_FLOW_EOL_DE_ELMA_INC,0.0,,1.0,2.0,0.5,2.0,2.0,2.0,sensitivity_710,sensitivity_656,circular_routes.eol_allocation_elasticity,0.5,2.0,0.90625,1.859375,parameter_bisection,diagonal_tax_parameter,9,true
sensitivity_710,policy,virgin_metal_tax_tax_0_019375,virgin_metal_tax,0.019375,LOCALLY_INFEASIBLE,INFEASIBLE_POINT,true,6.17832024,0.0009649351095669667,0,0.0,0,material_composite_production_REU,eqpzs,IND_REU_NEW_ELMA,0.0009649351095669667,EOL_FLOW_EOL_DE_ELMA_INC,0.0,,1.0,2.0,0.5,2.0,2.0,2.0,sensitivity_710,sensitivity_656,circular_routes.eol_allocation_elasticity,0.5,2.0,0.96875,1.953125,parameter_bisection,diagonal_tax_parameter,10,true
sensitivity_710,policy,virgin_metal_tax_tax_0_02,virgin_metal_tax,0.02,LOCALLY_INFEASIBLE,INFEASIBLE_POINT,false,37.666334057,0.0010671348792959945,1,0.0,0,material_composite_production_REU,eqpzs,IND_REU_NEW_ELMA,0.0010671348792959945,EOL_FLOW_EOL_DE_ELMA_INC,0.0,,1.0,2.0,0.5,2.0,2.0,2.0,sensitivity_710,sensitivity_656,circular_routes.eol_allocation_elasticity,0.5,2.0,1.0,2.0,parameter_bisection,diagonal_tax_parameter,11,false
sensitivity_710,policy,virgin_metal_tax_tax_0_0196875,virgin_metal_tax,0.0196875,LOCALLY_INFEASIBLE,INFEASIBLE_POINT,false,7.217516091,0.0010600995330505292,1,0.0,0,material_composite_production_REU,eqpzs,IND_REU_NEW_ELMA,0.0010600995330505292,EOL_FLOW_EOL_DE_ELMA_INC,0.0,,1.0,2.0,0.5,2.0,2.0,2.0,sensitivity_710,sensitivity_656,circular_routes.eol_allocation_elasticity,0.5,2.0,0.984375,1.9765625,parameter_bisection,diagonal_tax_parameter,12,false
sensitivity_710,policy,virgin_metal_tax_tax_0_01953125,virgin_metal_tax,0.01953125,LOCALLY_INFEASIBLE,INFEASIBLE_POINT,false,7.328856721,0.001050657379376596,1,0.0,0,material_composite_production_REU,eqpzs,IND_REU_NEW_ELMA,0.001050657379376596,EOL_FLOW_EOL_DE_ELMA_INC,0.0,,1.0,2.0,0.5,2.0,2.0,2.0,sensitivity_710,sensitivity_656,circular_routes.eol_allocation_elasticity,0.5,2.0,0.9765625,1.96484375,parameter_bisection,diagonal_tax_parameter,13,false
sensitivity_710,policy,virgin_metal_tax_tax_0_019453125,virgin_metal_tax,0.019453125,LOCALLY_INFEASIBLE,INFEASIBLE_POINT,false,10.620686617,0.0010225740402747263,1,0.0,0,material_composite_production_REU,eqpzs,IND_REU_NEW_ELMA,0.0010225740402747263,EOL_FLOW_EOL_DE_ELMA_INC,0.0,,1.0,2.0,0.5,2.0,2.0,2.0,sensitivity_710,sensitivity_656,circular_routes.eol_allocation_elasticity,0.5,2.0,0.97265625,1.958984375,parameter_bisection,diagonal_tax_parameter,14,false
sensitivity_710,policy,virgin_metal_tax_tax_0_0194140625,virgin_metal_tax,0.0194140625,LOCALLY_INFEASIBLE,INFEASIBLE_POINT,false,8.169501954,0.0010122811507519147,1,0.0,0,material_composite_production_REU,eqpzs,IND_REU_NEW_ELMA,0.0010122811507519147,EOL_FLOW_EOL_DE_ELMA_INC,0.0,,1.0,2.0,0.5,2.0,2.0,2.0,sensitivity_710,sensitivity_656,circular_routes.eol_allocation_elasticity,0.5,2.0,0.970703125,1.9560546875,parameter_bisection,diagonal_tax_parameter,15,false
sensitivity_710,policy,virgin_metal_tax_tax_0_01939453125,virgin_metal_tax,0.01939453125,LOCALLY_INFEASIBLE,INFEASIBLE_POINT,false,11.087251101,0.0010488084534941988,1,0.0,0,material_composite_production_REU,eqpzs,IND_REU_NEW_ELMA,0.0010488084534941988,EOL_FLOW_EOL_DE_ELMA_INC,0.0,,1.0,2.0,0.5,2.0,2.0,2.0,sensitivity_710,sensitivity_656,circular_routes.eol_allocation_elasticity,0.5,2.0,0.9697265625,1.95458984375,parameter_bisection,diagonal_tax_parameter,16,false
sensitivity_710,policy,virgin_metal_tax_tax_0_019384765625,virgin_metal_tax,0.019384765625,LOCALLY_INFEASIBLE,INFEASIBLE_POINT,true,2.865528814,0.0009688008788623081,0,0.0,0,material_composite_production_REU,eqpzs,IND_REU_NEW_ELMA,0.0009688008788623081,EOL_FLOW_EOL_DE_ELMA_INC,0.0,,1.0,2.0,0.5,2.0,2.0,2.0,sensitivity_710,sensitivity_656,circular_routes.eol_allocation_elasticity,0.5,2.0,0.96923828125,1.953857421875,parameter_bisection,diagonal_tax_parameter,17,true
sensitivity_710,policy,virgin_metal_tax_tax_0_019404296875,virgin_metal_tax,0.019404296875,LOCALLY_INFEASIBLE,INFEASIBLE_POINT,true,3.337093996,0.0009740610315915887,0,0.0,0,material_composite_production_REU,eqpzs,IND_REU_NEW_ELMA,0.0009740610315915887,EOL_FLOW_EOL_DE_ELMA_INC,0.0,,1.0,2.0,0.5,2.0,2.0,2.0,sensitivity_710,sensitivity_656,circular_routes.eol_allocation_elasticity,0.5,2.0,0.97021484375,1.955322265625,parameter_bisection,diagonal_tax_parameter,18,true
sensitivity_710,policy,virgin_metal_tax_tax_0_019443359375,virgin_metal_tax,0.019443359375,LOCALLY_INFEASIBLE,INFEASIBLE_POINT,true,4.740228583,0.0009775163987967295,0,0.0,0,material_composite_production_REU,eqpzs,IND_REU_NEW_ELMA,0.0009775163987967295,EOL_FLOW_EOL_DE_ELMA_INC,0.0,,1.0,2.0,0.5,2.0,2.0,2.0,sensitivity_710,sensitivity_656,circular_routes.eol_allocation_elasticity,0.5,2.0,0.97216796875,1.958251953125,parameter_bisection,diagonal_tax_parameter,19,true
sensitivity_710,policy,virgin_metal_tax_tax_0_019521484375000002,virgin_metal_tax,0.019521484375000002,LOCALLY_INFEASIBLE,INFEASIBLE_POINT,true,4.674142594,0.0009709428801432107,0,0.0,0,material_composite_production_REU,eqpzs,IND_REU_NEW_ELMA,0.0009709428801432107,EOL_FLOW_EOL_DE_ELMA_INC,0.0,,1.0,2.0,0.5,2.0,2.0,2.0,sensitivity_710,sensitivity_656,circular_routes.eol_allocation_elasticity,0.5,2.0,0.97607421875,1.964111328125,parameter_bisection,diagonal_tax_parameter,20,true
sensitivity_710,policy,virgin_metal_tax_tax_0_019677734375000002,virgin_metal_tax,0.019677734375000002,LOCALLY_INFEASIBLE,INFEASIBLE_POINT,false,7.930966955,0.0010630597261889196,1,0.0,0,material_composite_production_REU,eqpzs,IND_REU_NEW_ELMA,0.0010630597261889196,EOL_FLOW_EOL_DE_ELMA_INC,0.0,,1.0,2.0,0.5,2.0,2.0,2.0,sensitivity_710,sensitivity_656,circular_routes.eol_allocation_elasticity,0.5,2.0,0.98388671875,1.975830078125,parameter_bisection,diagonal_tax_parameter,21,false
sensitivity_710,policy,virgin_metal_tax_tax_0_019599609375,virgin_metal_tax,0.019599609375,LOCALLY_INFEASIBLE,INFEASIBLE_POINT,false,13.676530587,0.0010411423011709164,1,0.0,0,material_composite_production_REU,eqpzs,IND_REU_NEW_ELMA,0.0010411423011709164,EOL_FLOW_EOL_DE_ELMA_INC,0.0,,1.0,2.0,0.5,2.0,2.0,2.0,sensitivity_710,sensitivity_656,circular_routes.eol_allocation_elasticity,0.5,2.0,0.97998046875,1.969970703125,parameter_bisection,diagonal_tax_parameter,22,false
sensitivity_710,policy,virgin_metal_tax_tax_0_019560546875,virgin_metal_tax,0.019560546875,LOCALLY_INFEASIBLE,INFEASIBLE_POINT,false,6.687841406,0.0010434296189136827,1,0.0,0,material_composite_production_REU,eqpzs,IND_REU_NEW_ELMA,0.0010434296189136827,EOL_FLOW_EOL_DE_ELMA_INC,0.0,,1.0,2.0,0.5,2.0,2.0,2.0,sensitivity_710,sensitivity_656,circular_routes.eol_allocation_elasticity,0.5,2.0,0.97802734375,1.967041015625,parameter_bisection,diagonal_tax_parameter,23,false
sensitivity_710,policy,virgin_metal_tax_tax_0_019541015625,virgin_metal_tax,0.019541015625,LOCALLY_INFEASIBLE,INFEASIBLE_POINT,true,2.852672368,0.000937798168226589,0,0.0,0,material_composite_production_REU,eqpzs,IND_REU_NEW_ELMA,0.000937798168226589,EOL_FLOW_EOL_DE_ELMA_INC,0.0,,1.0,2.0,0.5,2.0,2.0,2.0,sensitivity_710,sensitivity_656,circular_routes.eol_allocation_elasticity,0.5,2.0,0.97705078125,1.965576171875,parameter_bisection,diagonal_tax_parameter,24,true
sensitivity_710,policy,virgin_metal_tax_tax_0_019580078125,virgin_metal_tax,0.019580078125,LOCALLY_INFEASIBLE,INFEASIBLE_POINT,true,4.76384553,0.0009986130429482376,0,0.0,0,material_composite_production_REU,eqpzs,IND_REU_NEW_ELMA,0.0009986130429482376,EOL_FLOW_EOL_DE_ELMA_INC,0.0,,1.0,2.0,0.5,2.0,2.0,2.0,sensitivity_710,sensitivity_656,circular_routes.eol_allocation_elasticity,0.5,2.0,0.97900390625,1.968505859375,parameter_bisection,diagonal_tax_parameter,25,true
sensitivity_710,policy,virgin_metal_tax_tax_0_019658203125,virgin_metal_tax,0.019658203125,LOCALLY_INFEASIBLE,INFEASIBLE_POINT,false,8.564594075,0.0010630379503154819,1,0.0,0,material_composite_production_REU,eqpzs,IND_REU_NEW_ELMA,0.0010630379503154819,EOL_FLOW_EOL_DE_ELMA_INC,0.0,,1.0,2.0,0.5,2.0,2.0,2.0,sensitivity_710,sensitivity_656,circular_routes.eol_allocation_elasticity,0.5,2.0,0.98291015625,1.974365234375,parameter_bisection,diagonal_tax_parameter,26,false
sensitivity_710,policy,virgin_metal_tax_tax_0_019619140625,virgin_metal_tax,0.019619140625,LOCALLY_INFEASIBLE,INFEASIBLE_POINT,false,5.339304461,0.001054101863994239,1,0.0,0,material_composite_production_REU,eqpzs,IND_REU_NEW_ELMA,0.001054101863994239,EOL_FLOW_EOL_DE_ELMA_INC,0.0,,1.0,2.0,0.5,2.0,2.0,2.0,sensitivity_710,sensitivity_656,circular_routes.eol_allocation_elasticity,0.5,2.0,0.98095703125,1.971435546875,parameter_bisection,diagonal_tax_parameter,27,false
sensitivity_710,policy,virgin_metal_tax_tax_0_019599609375,virgin_metal_tax,0.019599609375,LOCALLY_INFEASIBLE,INFEASIBLE_POINT,false,2.2280793,0.0010027425526544231,1,0.0,0,material_composite_production_REU,eqpzs,IND_REU_NEW_ELMA,0.0010027425526544231,EOL_FLOW_EOL_DE_ELMA_INC,0.0,,1.0,2.0,0.5,2.0,2.0,2.0,sensitivity_710,sensitivity_656,circular_routes.eol_allocation_elasticity,0.5,2.0,0.97998046875,1.969970703125,parameter_bisection,diagonal_tax_parameter,28,false
sensitivity_710,policy,virgin_metal_tax_tax_0_01958984375,virgin_metal_tax,0.01958984375,LOCALLY_INFEASIBLE,INFEASIBLE_POINT,true,2.559823995,0.0009979539229660883,0,0.0,0,material_composite_production_REU,eqpzs,IND_REU_NEW_ELMA,0.0009979539229660883,EOL_FLOW_EOL_DE_ELMA_INC,0.0,,1.0,2.0,0.5,2.0,2.0,2.0,sensitivity_710,sensitivity_656,circular_routes.eol_allocation_elasticity,0.5,2.0,0.9794921875,1.96923828125,parameter_bisection,diagonal_tax_parameter,29,true
sensitivity_710,policy,virgin_metal_tax_tax_0_019609375000000002,virgin_metal_tax,0.019609375000000002,LOCALLY_INFEASIBLE,INFEASIBLE_POINT,false,2.876533924,0.0010259349188596056,1,0.0,0,material_composite_production_REU,eqpzs,IND_REU_NEW_ELMA,0.0010259349188596056,EOL_FLOW_EOL_DE_ELMA_INC,0.0,,1.0,2.0,0.5,2.0,2.0,2.0,sensitivity_710,sensitivity_656,circular_routes.eol_allocation_elasticity,0.5,2.0,0.98046875,1.970703125,parameter_bisection,diagonal_tax_parameter,30,false
sensitivity_710,policy,virgin_metal_tax_tax_0_019599609375,virgin_metal_tax,0.019599609375,LOCALLY_INFEASIBLE,INFEASIBLE_POINT,true,2.543630045,0.0009973618275819218,0,0.0,0,material_composite_production_REU,eqpzs,IND_REU_NEW_ELMA,0.0009973618275819218,EOL_FLOW_EOL_DE_ELMA_INC,0.0,,1.0,2.0,0.5,2.0,2.0,2.0,sensitivity_710,sensitivity_656,circular_routes.eol_allocation_elasticity,0.5,2.0,0.97998046875,1.969970703125,parameter_bisection,diagonal_tax_parameter,31,true
sensitivity_710,policy,virgin_metal_tax_tax_0_019619140625,virgin_metal_tax,0.019619140625,LOCALLY_INFEASIBLE,INFEASIBLE_POINT,false,3.173955845,0.0010074496218037687,1,0.0,0,material_composite_production_REU,eqpzs,IND_REU_NEW_ELMA,0.0010074496218037687,EOL_FLOW_EOL_DE_ELMA_INC,0.0,,1.0,2.0,0.5,2.0,2.0,2.0,sensitivity_710,sensitivity_656,circular_routes.eol_allocation_elasticity,0.5,2.0,0.98095703125,1.971435546875,parameter_bisection,diagonal_tax_parameter,32,false
sensitivity_710,policy,virgin_metal_tax_tax_0_019609375000000002,virgin_metal_tax,0.019609375000000002,LOCALLY_INFEASIBLE,INFEASIBLE_POINT,false,9.545451138,0.0010612093762911723,1,0.0,0,material_composite_production_REU,eqpzs,IND_REU_NEW_ELMA,0.0010612093762911723,EOL_FLOW_EOL_DE_ELMA_INC,0.0,,1.0,2.0,0.5,2.0,2.0,2.0,sensitivity_710,sensitivity_656,circular_routes.eol_allocation_elasticity,0.5,2.0,0.98046875,1.970703125,parameter_bisection,diagonal_tax_parameter,33,false
sensitivity_710,policy,virgin_metal_tax_tax_0_0196044921875,virgin_metal_tax,0.0196044921875,LOCALLY_INFEASIBLE,INFEASIBLE_POINT,true,2.411815748,0.0009999097809469948,0,0.0,0,material_composite_production_REU,eqpzs,IND_REU_NEW_ELMA,0.0009999097809469948,EOL_FLOW_EOL_DE_ELMA_INC,0.0,,1.0,2.0,0.5,2.0,2.0,2.0,sensitivity_710,sensitivity_656,circular_routes.eol_allocation_elasticity,0.5,2.0,0.980224609375,1.9703369140625,parameter_bisection,diagonal_tax_parameter,34,true
sensitivity_710,policy,virgin_metal_tax_tax_0_0196142578125,virgin_metal_tax,0.0196142578125,LOCALLY_INFEASIBLE,INFEASIBLE_POINT,false,4.672665071,0.0010608845207118467,1,0.0,0,material_composite_production_REU,eqpzs,IND_REU_NEW_ELMA,0.0010608845207118467,EOL_FLOW_EOL_DE_ELMA_INC,0.0,,1.0,2.0,0.5,2.0,2.0,2.0,sensitivity_710,sensitivity_656,circular_routes.eol_allocation_elasticity,0.5,2.0,0.980712890625,1.9710693359375,parameter_bisection,diagonal_tax_parameter,35,false
sensitivity_710,policy,virgin_metal_tax_tax_0_019609375000000002,virgin_metal_tax,0.019609375000000002,LOCALLY_INFEASIBLE,INFEASIBLE_POINT,false,2.390043967,0.0010002884294946224,1,0.0,0,material_composite_production_REU,eqpzs,IND_REU_NEW_ELMA,0.0010002884294946224,EOL_FLOW_EOL_DE_ELMA_INC,0.0,,1.0,2.0,0.5,2.0,2.0,2.0,sensitivity_710,sensitivity_656,circular_routes.eol_allocation_elasticity,0.5,2.0,0.98046875,1.970703125,parameter_bisection,diagonal_tax_parameter,36,false
sensitivity_710,policy,virgin_metal_tax_tax_0_01960693359375,virgin_metal_tax,0.01960693359375,LOCALLY_INFEASIBLE,INFEASIBLE_POINT,false,2.221716633,0.001000915692353166,1,0.0,0,material_composite_production_REU,eqpzs,IND_REU_NEW_ELMA,0.001000915692353166,EOL_FLOW_EOL_DE_ELMA_INC,0.0,,1.0,2.0,0.5,2.0,2.0,2.0,sensitivity_710,sensitivity_656,circular_routes.eol_allocation_elasticity,0.5,2.0,0.9803466796875,1.97052001953125,parameter_bisection,diagonal_tax_parameter,37,false
sensitivity_718,policy,virgin_metal_tax_tax_0_02,virgin_metal_tax,0.02,LOCALLY_INFEASIBLE,INFEASIBLE_POINT,true,17.732875252,0.0009802776913100386,0,0.0,0,material_composite_production_REU,eqpzs,IND_REU_NEW_ELMA,0.0009802776913100386,EOL_FLOW_EOL_DE_ELMA_INC,0.0,,0.5,2.0,1.0,2.0,2.0,2.0,sensitivity_718,sensitivity_691,circular_routes.eol_allocation_elasticity,1.0,2.0,1.0,2.0,direct_target,diagonal_tax_parameter,1,true
sensitivity_719,policy,virgin_metal_tax_tax_0_02,virgin_metal_tax,0.02,LOCALLY_INFEASIBLE,INFEASIBLE_POINT,false,19.706484174,0.0010757088551762717,1,0.0,0,material_composite_production_REU,eqpzs,IND_REU_NEW_ELMA,0.0010757088551762717,EOL_FLOW_EOL_DE_ELMA_INC,0.0,,1.0,2.0,1.0,2.0,2.0,2.0,sensitivity_719,sensitivity_476,circular_metal.material_substitution_elasticity,1.0,2.0,1.0,2.0,direct_target,diagonal_tax_parameter,1,false
sensitivity_719,policy,virgin_metal_tax_tax_0_01,virgin_metal_tax,0.01,LOCALLY_INFEASIBLE,INFEASIBLE_POINT,true,9.379814833,0.0005352379409899743,0,0.0,0,material_composite_production_REU,eqpzs,IND_REU_NEW_ELMA,0.0005352379409899743,EOL_FLOW_EOL_DE_ELMA_INC,0.0,,1.0,2.0,1.0,2.0,2.0,2.0,sensitivity_719,sensitivity_476,circular_metal.material_substitution_elasticity,1.0,2.0,0.5,1.5,parameter_bisection,diagonal_tax_parameter,2,true
sensitivity_719,policy,virgin_metal_tax_tax_0_02,virgin_metal_tax,0.02,LOCALLY_INFEASIBLE,INFEASIBLE_POINT,false,19.734002846,0.0010729756903440357,1,0.0,0,material_composite_production_REU,eqpzs,IND_REU_NEW_ELMA,0.0010729756903440357,EOL_FLOW_EOL_DE_ELMA_INC,0.0,,1.0,2.0,1.0,2.0,2.0,2.0,sensitivity_719,sensitivity_476,circular_metal.material_substitution_elasticity,1.0,2.0,1.0,2.0,parameter_bisection,diagonal_tax_parameter,3,false
sensitivity_719,policy,virgin_metal_tax_tax_0_015,virgin_metal_tax,0.015,LOCALLY_INFEASIBLE,INFEASIBLE_POINT,true,22.805501029,0.0008064630609081469,0,0.0,0,material_composite_production_REU,eqpzs,IND_REU_NEW_ELMA,0.0008064630609081469,EOL_FLOW_EOL_DE_ELMA_INC,0.0,,1.0,2.0,1.0,2.0,2.0,2.0,sensitivity_719,sensitivity_476,circular_metal.material_substitution_elasticity,1.0,2.0,0.75,1.75,parameter_bisection,diagonal_tax_parameter,4,true
sensitivity_719,policy,virgin_metal_tax_tax_0_02,virgin_metal_tax,0.02,LOCALLY_INFEASIBLE,INFEASIBLE_POINT,false,21.850129917,0.02451558178438995,1,0.0,0,observed_physical_flow_links,quantity_link,physical_SK_OFMA_REP_route_input_mass,0.02451558178438995,EOL_FLOW_EOL_DE_ELMA_INC,0.0,,1.0,2.0,1.0,2.0,2.0,2.0,sensitivity_719,sensitivity_476,circular_metal.material_substitution_elasticity,1.0,2.0,1.0,2.0,parameter_bisection,diagonal_tax_parameter,5,false
sensitivity_719,policy,virgin_metal_tax_tax_0_0175,virgin_metal_tax,0.0175,LOCALLY_INFEASIBLE,INFEASIBLE_POINT,true,15.427293709,0.0009065000095677123,0,0.0,0,material_composite_production_REU,eqpzs,IND_REU_NEW_ELMA,0.0009065000095677123,EOL_FLOW_EOL_DE_ELMA_INC,0.0,,1.0,2.0,1.0,2.0,2.0,2.0,sensitivity_719,sensitivity_476,circular_metal.material_substitution_elasticity,1.0,2.0,0.875,1.875,parameter_bisection,diagonal_tax_parameter,6,true
sensitivity_719,policy,virgin_metal_tax_tax_0_02,virgin_metal_tax,0.02,LOCALLY_INFEASIBLE,INFEASIBLE_POINT,false,27.309718433,0.0010553554321054426,1,0.0,0,material_composite_production_REU,eqpzs,IND_REU_NEW_ELMA,0.0010553554321054426,EOL_FLOW_EOL_DE_ELMA_INC,0.0,,1.0,2.0,1.0,2.0,2.0,2.0,sensitivity_719,sensitivity_476,circular_metal.material_substitution_elasticity,1.0,2.0,1.0,2.0,parameter_bisection,diagonal_tax_parameter,7,false
sensitivity_719,policy,virgin_metal_tax_tax_0_01875,virgin_metal_tax,0.01875,OTHER_ERROR,NEARLY_FEASIBLE_POINT,false,60.115860078,0.0004643331178162402,0,9.985367145143557e-9,0,material_composite_production_REU,eqpzs,IND_REU_NEW_ELMA,0.0004643331178162402,Y_IND_SK_NEW_OFMA,9.985367145143557e-9,,1.0,2.0,1.0,2.0,2.0,2.0,sensitivity_719,sensitivity_476,circular_metal.material_substitution_elasticity,1.0,2.0,0.9375,1.9375,parameter_bisection,diagonal_tax_parameter,8,false
sensitivity_719,policy,virgin_metal_tax_tax_0_018125,virgin_metal_tax,0.018125,LOCALLY_INFEASIBLE,INFEASIBLE_POINT,true,7.818131176,0.0009794963677588475,0,0.0,0,material_composite_production_REU,eqpzs,IND_REU_NEW_ELMA,0.0009794963677588475,EOL_FLOW_EOL_DE_ELMA_INC,0.0,,1.0,2.0,1.0,2.0,2.0,2.0,sensitivity_719,sensitivity_476,circular_metal.material_substitution_elasticity,1.0,2.0,0.90625,1.90625,parameter_bisection,diagonal_tax_parameter,9,true
sensitivity_719,policy,virgin_metal_tax_tax_0_019375,virgin_metal_tax,0.019375,LOCALLY_INFEASIBLE,INFEASIBLE_POINT,false,8.963570839,0.0010332199684494059,1,0.0,0,material_composite_production_REU,eqpzs,IND_REU_NEW_ELMA,0.0010332199684494059,EOL_FLOW_EOL_DE_ELMA_INC,0.0,,1.0,2.0,1.0,2.0,2.0,2.0,sensitivity_719,sensitivity_476,circular_metal.material_substitution_elasticity,1.0,2.0,0.96875,1.96875,parameter_bisection,diagonal_tax_parameter,10,false
sensitivity_719,policy,virgin_metal_tax_tax_0_01875,virgin_metal_tax,0.01875,LOCALLY_INFEASIBLE,INFEASIBLE_POINT,false,15.397728338,0.0010148162826769669,1,0.0,0,material_composite_production_REU,eqpzs,IND_REU_NEW_ELMA,0.0010148162826769669,EOL_FLOW_EOL_DE_ELMA_INC,0.0,,1.0,2.0,1.0,2.0,2.0,2.0,sensitivity_719,sensitivity_476,circular_metal.material_substitution_elasticity,1.0,2.0,0.9375,1.9375,parameter_bisection,diagonal_tax_parameter,11,false
sensitivity_719,policy,virgin_metal_tax_tax_0_0184375,virgin_metal_tax,0.0184375,LOCALLY_INFEASIBLE,INFEASIBLE_POINT,true,5.979456324,0.0008849266046698778,0,0.0,0,material_composite_production_REU,eqpzs,IND_REU_NEW_ELMA,0.0008849266046698778,EOL_FLOW_EOL_DE_ELMA_INC,0.0,,1.0,2.0,1.0,2.0,2.0,2.0,sensitivity_719,sensitivity_476,circular_metal.material_substitution_elasticity,1.0,2.0,0.921875,1.921875,parameter_bisection,diagonal_tax_parameter,12,true
sensitivity_719,policy,virgin_metal_tax_tax_0_0190625,virgin_metal_tax,0.0190625,LOCALLY_INFEASIBLE,INFEASIBLE_POINT,false,31.123753357,0.0025094685017776897,13,0.0,0,observed_physical_flow_links,quantity_link,physical_SK_OFMA_REP_route_input_mass,0.0025094685017776897,EOL_FLOW_EOL_DE_ELMA_INC,0.0,,1.0,2.0,1.0,2.0,2.0,2.0,sensitivity_719,sensitivity_476,circular_metal.material_substitution_elasticity,1.0,2.0,0.953125,1.953125,parameter_bisection,diagonal_tax_parameter,13,false
sensitivity_719,policy,virgin_metal_tax_tax_0_01875,virgin_metal_tax,0.01875,LOCALLY_INFEASIBLE,INFEASIBLE_POINT,true,19.75112808,0.000993481404212515,0,0.0,0,material_composite_production_REU,eqpzs,IND_REU_NEW_ELMA,0.000993481404212515,EOL_FLOW_EOL_DE_ELMA_INC,0.0,,1.0,2.0,1.0,2.0,2.0,2.0,sensitivity_719,sensitivity_476,circular_metal.material_substitution_elasticity,1.0,2.0,0.9375,1.9375,parameter_bisection,diagonal_tax_parameter,14,true
sensitivity_719,policy,virgin_metal_tax_tax_0_019375,virgin_metal_tax,0.019375,LOCALLY_INFEASIBLE,INFEASIBLE_POINT,false,8.282807403,0.001044091819145776,1,0.0,0,material_composite_production_REU,eqpzs,IND_REU_NEW_ELMA,0.001044091819145776,EOL_FLOW_EOL_DE_ELMA_INC,0.0,,1.0,2.0,1.0,2.0,2.0,2.0,sensitivity_719,sensitivity_476,circular_metal.material_substitution_elasticity,1.0,2.0,0.96875,1.96875,parameter_bisection,diagonal_tax_parameter,15,false
sensitivity_719,policy,virgin_metal_tax_tax_0_0190625,virgin_metal_tax,0.0190625,LOCALLY_INFEASIBLE,INFEASIBLE_POINT,false,8.427754813,0.0010121250108825475,1,0.0,0,material_composite_production_REU,eqpzs,IND_REU_NEW_ELMA,0.0010121250108825475,EOL_FLOW_EOL_DE_ELMA_INC,0.0,,1.0,2.0,1.0,2.0,2.0,2.0,sensitivity_719,sensitivity_476,circular_metal.material_substitution_elasticity,1.0,2.0,0.953125,1.953125,parameter_bisection,diagonal_tax_parameter,16,false
sensitivity_719,policy,virgin_metal_tax_tax_0_01890625,virgin_metal_tax,0.01890625,LOCALLY_INFEASIBLE,INFEASIBLE_POINT,false,15.086739864,0.0010196227659663437,1,0.0,0,material_composite_production_REU,eqpzs,IND_REU_NEW_ELMA,0.0010196227659663437,EOL_FLOW_EOL_DE_ELMA_INC,0.0,,1.0,2.0,1.0,2.0,2.0,2.0,sensitivity_719,sensitivity_476,circular_metal.material_substitution_elasticity,1.0,2.0,0.9453125,1.9453125,parameter_bisection,diagonal_tax_parameter,17,false
sensitivity_719,policy,virgin_metal_tax_tax_0_018828125,virgin_metal_tax,0.018828125,LOCALLY_INFEASIBLE,INFEASIBLE_POINT,true,4.712951833,0.0009570242968164333,0,0.0,0,material_composite_production_REU,eqpzs,IND_REU_NEW_ELMA,0.0009570242968164333,EOL_FLOW_EOL_DE_ELMA_INC,0.0,,1.0,2.0,1.0,2.0,2.0,2.0,sensitivity_719,sensitivity_476,circular_metal.material_substitution_elasticity,1.0,2.0,0.94140625,1.94140625,parameter_bisection,diagonal_tax_parameter,18,true
sensitivity_719,policy,virgin_metal_tax_tax_0_018984375,virgin_metal_tax,0.018984375,LOCALLY_INFEASIBLE,INFEASIBLE_POINT,true,4.899518588,0.0009640790234031194,0,0.0,0,material_composite_production_REU,eqpzs,IND_REU_NEW_ELMA,0.0009640790234031194,EOL_FLOW_EOL_DE_ELMA_INC,0.0,,1.0,2.0,1.0,2.0,2.0,2.0,sensitivity_719,sensitivity_476,circular_metal.material_substitution_elasticity,1.0,2.0,0.94921875,1.94921875,parameter_bisection,diagonal_tax_parameter,19,true
sensitivity_719,policy,virgin_metal_tax_tax_0_019296875,virgin_metal_tax,0.019296875,LOCALLY_INFEASIBLE,INFEASIBLE_POINT,true,5.569694243,0.0008806006450357007,0,0.0,0,material_composite_production_REU,eqpzs,IND_REU_NEW_ELMA,0.0008806006450357007,EOL_FLOW_EOL_DE_ELMA_INC,0.0,,1.0,2.0,1.0,2.0,2.0,2.0,sensitivity_719,sensitivity_476,circular_metal.material_substitution_elasticity,1.0,2.0,0.96484375,1.96484375,parameter_bisection,diagonal_tax_parameter,20,true
sensitivity_719,policy,virgin_metal_tax_tax_0_019921875000000002,virgin_metal_tax,0.019921875000000002,LOCALLY_INFEASIBLE,INFEASIBLE_POINT,false,6.750886161,0.0010610479256372152,1,0.0,0,material_composite_production_REU,eqpzs,IND_REU_NEW_ELMA,0.0010610479256372152,EOL_FLOW_EOL_DE_ELMA_INC,0.0,,1.0,2.0,1.0,2.0,2.0,2.0,sensitivity_719,sensitivity_476,circular_metal.material_substitution_elasticity,1.0,2.0,0.99609375,1.99609375,parameter_bisection,diagonal_tax_parameter,21,false
sensitivity_719,policy,virgin_metal_tax_tax_0_019609375000000002,virgin_metal_tax,0.019609375000000002,LOCALLY_INFEASIBLE,INFEASIBLE_POINT,false,7.268643143,0.0010248977522238079,1,0.0,0,material_composite_production_REU,eqpzs,IND_REU_NEW_ELMA,0.0010248977522238079,EOL_FLOW_EOL_DE_ELMA_INC,0.0,,1.0,2.0,1.0,2.0,2.0,2.0,sensitivity_719,sensitivity_476,circular_metal.material_substitution_elasticity,1.0,2.0,0.98046875,1.98046875,parameter_bisection,diagonal_tax_parameter,22,false
sensitivity_719,policy,virgin_metal_tax_tax_0_019453125,virgin_metal_tax,0.019453125,LOCALLY_INFEASIBLE,INFEASIBLE_POINT,false,5.485352865,0.0010226898167690068,1,0.0,0,material_composite_production_REU,eqpzs,IND_REU_NEW_ELMA,0.0010226898167690068,EOL_FLOW_EOL_DE_ELMA_INC,0.0,,1.0,2.0,1.0,2.0,2.0,2.0,sensitivity_719,sensitivity_476,circular_metal.material_substitution_elasticity,1.0,2.0,0.97265625,1.97265625,parameter_bisection,diagonal_tax_parameter,23,false
sensitivity_719,policy,virgin_metal_tax_tax_0_019375,virgin_metal_tax,0.019375,LOCALLY_INFEASIBLE,INFEASIBLE_POINT,true,4.27608344,0.0009096834414163979,0,0.0,0,material_composite_production_REU,eqpzs,IND_REU_NEW_ELMA,0.0009096834414163979,EOL_FLOW_EOL_DE_ELMA_INC,0.0,,1.0,2.0,1.0,2.0,2.0,2.0,sensitivity_719,sensitivity_476,circular_metal.material_substitution_elasticity,1.0,2.0,0.96875,1.96875,parameter_bisection,diagonal_tax_parameter,24,true
sensitivity_719,policy,virgin_metal_tax_tax_0_01953125,virgin_metal_tax,0.01953125,LOCALLY_INFEASIBLE,INFEASIBLE_POINT,false,35.325748625,0.0010570404993621718,1,0.0,0,material_composite_production_REU,eqpzs,IND_REU_NEW_ELMA,0.0010570404993621718,EOL_FLOW_EOL_DE_ELMA_INC,0.0,,1.0,2.0,1.0,2.0,2.0,2.0,sensitivity_719,sensitivity_476,circular_metal.material_substitution_elasticity,1.0,2.0,0.9765625,1.9765625,parameter_bisection,diagonal_tax_parameter,25,false
sensitivity_719,policy,virgin_metal_tax_tax_0_019453125,virgin_metal_tax,0.019453125,LOCALLY_INFEASIBLE,INFEASIBLE_POINT,false,7.934933225,0.001048688450816293,1,0.0,0,material_composite_production_REU,eqpzs,IND_REU_NEW_ELMA,0.001048688450816293,EOL_FLOW_EOL_DE_ELMA_INC,0.0,,1.0,2.0,1.0,2.0,2.0,2.0,sensitivity_719,sensitivity_476,circular_metal.material_substitution_elasticity,1.0,2.0,0.97265625,1.97265625,parameter_bisection,diagonal_tax_parameter,26,false
sensitivity_719,policy,virgin_metal_tax_tax_0_0194140625,virgin_metal_tax,0.0194140625,LOCALLY_INFEASIBLE,INFEASIBLE_POINT,false,23.001197342,0.0010400697053202235,1,0.0,0,material_composite_production_REU,eqpzs,IND_REU_NEW_ELMA,0.0010400697053202235,EOL_FLOW_EOL_DE_ELMA_INC,0.0,,1.0,2.0,1.0,2.0,2.0,2.0,sensitivity_719,sensitivity_476,circular_metal.material_substitution_elasticity,1.0,2.0,0.970703125,1.970703125,parameter_bisection,diagonal_tax_parameter,27,false
sensitivity_719,policy,virgin_metal_tax_tax_0_01939453125,virgin_metal_tax,0.01939453125,LOCALLY_INFEASIBLE,INFEASIBLE_POINT,true,2.34453197,0.000896180535550517,0,0.0,0,material_composite_production_REU,eqpzs,IND_REU_NEW_ELMA,0.000896180535550517,EOL_FLOW_EOL_DE_ELMA_INC,0.0,,1.0,2.0,1.0,2.0,2.0,2.0,sensitivity_719,sensitivity_476,circular_metal.material_substitution_elasticity,1.0,2.0,0.9697265625,1.9697265625,parameter_bisection,diagonal_tax_parameter,28,true
sensitivity_719,policy,virgin_metal_tax_tax_0_019433593750000002,virgin_metal_tax,0.019433593750000002,LOCALLY_INFEASIBLE,INFEASIBLE_POINT,false,8.880187437,0.0010430782166670483,1,0.0,0,material_composite_production_REU,eqpzs,IND_REU_NEW_ELMA,0.0010430782166670483,EOL_FLOW_EOL_DE_ELMA_INC,0.0,,1.0,2.0,1.0,2.0,2.0,2.0,sensitivity_719,sensitivity_476,circular_metal.material_substitution_elasticity,1.0,2.0,0.9716796875,1.9716796875,parameter_bisection,diagonal_tax_parameter,29,false
sensitivity_719,policy,virgin_metal_tax_tax_0_0194140625,virgin_metal_tax,0.0194140625,LOCALLY_INFEASIBLE,INFEASIBLE_POINT,false,15.272158907,0.0010483548482289606,1,0.0,0,material_composite_production_REU,eqpzs,IND_REU_NEW_ELMA,0.0010483548482289606,EOL_FLOW_EOL_DE_ELMA_INC,0.0,,1.0,2.0,1.0,2.0,2.0,2.0,sensitivity_719,sensitivity_476,circular_metal.material_substitution_elasticity,1.0,2.0,0.970703125,1.970703125,parameter_bisection,diagonal_tax_parameter,30,false
sensitivity_719,policy,virgin_metal_tax_tax_0_019404296875,virgin_metal_tax,0.019404296875,LOCALLY_INFEASIBLE,INFEASIBLE_POINT,true,2.118073736,0.0009073622420545657,0,0.0,0,material_composite_production_REU,eqpzs,IND_REU_NEW_ELMA,0.0009073622420545657,EOL_FLOW_EOL_DE_ELMA_INC,0.0,,1.0,2.0,1.0,2.0,2.0,2.0,sensitivity_719,sensitivity_476,circular_metal.material_substitution_elasticity,1.0,2.0,0.97021484375,1.97021484375,parameter_bisection,diagonal_tax_parameter,31,true
sensitivity_719,policy,virgin_metal_tax_tax_0_019423828125,virgin_metal_tax,0.019423828125,LOCALLY_INFEASIBLE,INFEASIBLE_POINT,true,2.665574694,0.0008933144567072615,0,0.0,0,material_composite_production_REU,eqpzs,IND_REU_NEW_ELMA,0.0008933144567072615,EOL_FLOW_EOL_DE_ELMA_INC,0.0,,1.0,2.0,1.0,2.0,2.0,2.0,sensitivity_719,sensitivity_476,circular_metal.material_substitution_elasticity,1.0,2.0,0.97119140625,1.97119140625,parameter_bisection,diagonal_tax_parameter,32,true
sensitivity_719,policy,virgin_metal_tax_tax_0_019462890625,virgin_metal_tax,0.019462890625,LOCALLY_INFEASIBLE,INFEASIBLE_POINT,false,12.144590146,0.0010366341809807667,1,0.0,0,material_composite_production_REU,eqpzs,IND_REU_NEW_ELMA,0.0010366341809807667,EOL_FLOW_EOL_DE_ELMA_INC,0.0,,1.0,2.0,1.0,2.0,2.0,2.0,sensitivity_719,sensitivity_476,circular_metal.material_substitution_elasticity,1.0,2.0,0.97314453125,1.97314453125,parameter_bisection,diagonal_tax_parameter,33,false
sensitivity_719,policy,virgin_metal_tax_tax_0_019443359375,virgin_metal_tax,0.019443359375,LOCALLY_INFEASIBLE,INFEASIBLE_POINT,true,2.869679598,0.000982816229308403,0,0.0,0,material_composite_production_REU,eqpzs,IND_REU_NEW_ELMA,0.000982816229308403,EOL_FLOW_EOL_DE_ELMA_INC,0.0,,1.0,2.0,1.0,2.0,2.0,2.0,sensitivity_719,sensitivity_476,circular_metal.material_substitution_elasticity,1.0,2.0,0.97216796875,1.97216796875,parameter_bisection,diagonal_tax_parameter,34,true
sensitivity_719,policy,virgin_metal_tax_tax_0_019482421875,virgin_metal_tax,0.019482421875,LOCALLY_INFEASIBLE,INFEASIBLE_POINT,true,2.422295938,0.0009875966297562266,0,0.0,0,material_composite_production_REU,eqpzs,IND_REU_NEW_ELMA,0.0009875966297562266,EOL_FLOW_EOL_DE_ELMA_INC,0.0,,1.0,2.0,1.0,2.0,2.0,2.0,sensitivity_719,sensitivity_476,circular_metal.material_substitution_elasticity,1.0,2.0,0.97412109375,1.97412109375,parameter_bisection,diagonal_tax_parameter,35,true
sensitivity_719,policy,virgin_metal_tax_tax_0_019560546875,virgin_metal_tax,0.019560546875,LOCALLY_INFEASIBLE,INFEASIBLE_POINT,false,11.349733124,0.0010507089036714268,1,0.0,0,material_composite_production_REU,eqpzs,IND_REU_NEW_ELMA,0.0010507089036714268,EOL_FLOW_EOL_DE_ELMA_INC,0.0,,1.0,2.0,1.0,2.0,2.0,2.0,sensitivity_719,sensitivity_476,circular_metal.material_substitution_elasticity,1.0,2.0,0.97802734375,1.97802734375,parameter_bisection,diagonal_tax_parameter,36,false
sensitivity_719,policy,virgin_metal_tax_tax_0_019521484375000002,virgin_metal_tax,0.019521484375000002,LOCALLY_INFEASIBLE,INFEASIBLE_POINT,true,2.320584323,0.0009822624262660895,0,0.0,0,material_composite_production_REU,eqpzs,IND_REU_NEW_ELMA,0.0009822624262660895,EOL_FLOW_EOL_DE_ELMA_INC,0.0,,1.0,2.0,1.0,2.0,2.0,2.0,sensitivity_719,sensitivity_476,circular_metal.material_substitution_elasticity,1.0,2.0,0.97607421875,1.97607421875,parameter_bisection,diagonal_tax_parameter,37,true
sensitivity_719,policy,virgin_metal_tax_tax_0_019599609375,virgin_metal_tax,0.019599609375,LOCALLY_INFEASIBLE,INFEASIBLE_POINT,false,16.183622093,0.001055281520585316,1,0.0,0,material_composite_production_REU,eqpzs,IND_REU_NEW_ELMA,0.001055281520585316,EOL_FLOW_EOL_DE_ELMA_INC,0.0,,1.0,2.0,1.0,2.0,2.0,2.0,sensitivity_719,sensitivity_476,circular_metal.material_substitution_elasticity,1.0,2.0,0.97998046875,1.97998046875,parameter_bisection,diagonal_tax_parameter,38,false
sensitivity_719,policy,virgin_metal_tax_tax_0_019560546875,virgin_metal_tax,0.019560546875,LOCALLY_INFEASIBLE,INFEASIBLE_POINT,true,3.45169571,0.000926414303809131,0,0.0,0,material_composite_production_REU,eqpzs,IND_REU_NEW_ELMA,0.000926414303809131,EOL_FLOW_EOL_DE_ELMA_INC,0.0,,1.0,2.0,1.0,2.0,2.0,2.0,sensitivity_719,sensitivity_476,circular_metal.material_substitution_elasticity,1.0,2.0,0.97802734375,1.97802734375,parameter_bisection,diagonal_tax_parameter,39,true
sensitivity_719,policy,virgin_metal_tax_tax_0_019638671875,virgin_metal_tax,0.019638671875,LOCALLY_INFEASIBLE,INFEASIBLE_POINT,false,4.564625371,0.0010510800526141173,1,0.0,0,material_composite_production_REU,eqpzs,IND_REU_NEW_ELMA,0.0010510800526141173,EOL_FLOW_EOL_DE_ELMA_INC,0.0,,1.0,2.0,1.0,2.0,2.0,2.0,sensitivity_719,sensitivity_476,circular_metal.material_substitution_elasticity,1.0,2.0,0.98193359375,1.98193359375,parameter_bisection,diagonal_tax_parameter,40,false
sensitivity_719,policy,virgin_metal_tax_tax_0_019599609375,virgin_metal_tax,0.019599609375,LOCALLY_INFEASIBLE,INFEASIBLE_POINT,false,3.280233877,0.0010203370213700547,1,0.0,0,material_composite_production_REU,eqpzs,IND_REU_NEW_ELMA,0.0010203370213700547,EOL_FLOW_EOL_DE_ELMA_INC,0.0,,1.0,2.0,1.0,2.0,2.0,2.0,sensitivity_719,sensitivity_476,circular_metal.material_substitution_elasticity,1.0,2.0,0.97998046875,1.97998046875,parameter_bisection,diagonal_tax_parameter,41,false
sensitivity_719,policy,virgin_metal_tax_tax_0_019580078125,virgin_metal_tax,0.019580078125,LOCALLY_INFEASIBLE,INFEASIBLE_POINT,true,2.013640559,0.0009414692882377951,0,0.0,0,material_composite_production_REU,eqpzs,IND_REU_NEW_ELMA,0.0009414692882377951,EOL_FLOW_EOL_DE_ELMA_INC,0.0,,1.0,2.0,1.0,2.0,2.0,2.0,sensitivity_719,sensitivity_476,circular_metal.material_substitution_elasticity,1.0,2.0,0.97900390625,1.97900390625,parameter_bisection,diagonal_tax_parameter,42,true
sensitivity_719,policy,virgin_metal_tax_tax_0_019619140625,virgin_metal_tax,0.019619140625,LOCALLY_INFEASIBLE,INFEASIBLE_POINT,false,4.128759319,0.0010504457225526398,1,0.0,0,material_composite_production_REU,eqpzs,IND_REU_NEW_ELMA,0.0010504457225526398,EOL_FLOW_EOL_DE_ELMA_INC,0.0,,1.0,2.0,1.0,2.0,2.0,2.0,sensitivity_719,sensitivity_476,circular_metal.material_substitution_elasticity,1.0,2.0,0.98095703125,1.98095703125,parameter_bisection,diagonal_tax_parameter,43,false
sensitivity_719,policy,virgin_metal_tax_tax_0_019599609375,virgin_metal_tax,0.019599609375,LOCALLY_INFEASIBLE,INFEASIBLE_POINT,true,2.159995987,0.0009440032151443178,0,0.0,0,material_composite_production_REU,eqpzs,IND_REU_NEW_ELMA,0.0009440032151443178,EOL_FLOW_EOL_DE_ELMA_INC,0.0,,1.0,2.0,1.0,2.0,2.0,2.0,sensitivity_719,sensitivity_476,circular_metal.material_substitution_elasticity,1.0,2.0,0.97998046875,1.97998046875,parameter_bisection,diagonal_tax_parameter,44,true
sensitivity_719,policy,virgin_metal_tax_tax_0_019638671875,virgin_metal_tax,0.019638671875,LOCALLY_INFEASIBLE,INFEASIBLE_POINT,true,3.336554838,0.0009772476860437918,0,0.0,0,material_composite_production_REU,eqpzs,IND_REU_NEW_ELMA,0.0009772476860437918,EOL_FLOW_EOL_DE_ELMA_INC,0.0,,1.0,2.0,1.0,2.0,2.0,2.0,sensitivity_719,sensitivity_476,circular_metal.material_substitution_elasticity,1.0,2.0,0.98193359375,1.98193359375,parameter_bisection,diagonal_tax_parameter,45,true
sensitivity_719,policy,virgin_metal_tax_tax_0_019716796875,virgin_metal_tax,0.019716796875,LOCALLY_INFEASIBLE,INFEASIBLE_POINT,false,8.979454487,0.0010613939406657336,1,0.0,0,material_composite_production_REU,eqpzs,IND_REU_NEW_ELMA,0.0010613939406657336,EOL_FLOW_EOL_DE_ELMA_INC,0.0,,1.0,2.0,1.0,2.0,2.0,2.0,sensitivity_719,sensitivity_476,circular_metal.material_substitution_elasticity,1.0,2.0,0.98583984375,1.98583984375,parameter_bisection,diagonal_tax_parameter,46,false
sensitivity_719,policy,virgin_metal_tax_tax_0_019677734375000002,virgin_metal_tax,0.019677734375000002,LOCALLY_INFEASIBLE,INFEASIBLE_POINT,true,2.35077259,0.0009581130328565335,0,0.0,0,material_composite_production_REU,eqpzs,IND_REU_NEW_ELMA,0.0009581130328565335,EOL_FLOW_EOL_DE_ELMA_INC,0.0,,1.0,2.0,1.0,2.0,2.0,2.0,sensitivity_719,sensitivity_476,circular_metal.material_substitution_elasticity,1.0,2.0,0.98388671875,1.98388671875,parameter_bisection,diagonal_tax_parameter,47,true
sensitivity_719,policy,virgin_metal_tax_tax_0_019755859375,virgin_metal_tax,0.019755859375,LOCALLY_INFEASIBLE,INFEASIBLE_POINT,false,13.912212829,0.001053492803505085,1,0.0,0,material_composite_production_REU,eqpzs,IND_REU_NEW_ELMA,0.001053492803505085,EOL_FLOW_EOL_DE_ELMA_INC,0.0,,1.0,2.0,1.0,2.0,2.0,2.0,sensitivity_719,sensitivity_476,circular_metal.material_substitution_elasticity,1.0,2.0,0.98779296875,1.98779296875,parameter_bisection,diagonal_tax_parameter,48,false
sensitivity_719,policy,virgin_metal_tax_tax_0_019716796875,virgin_metal_tax,0.019716796875,LOCALLY_INFEASIBLE,INFEASIBLE_POINT,false,10.201723629,0.001057384162450381,1,0.0,0,material_composite_production_REU,eqpzs,IND_REU_NEW_ELMA,0.001057384162450381,EOL_FLOW_EOL_DE_ELMA_INC,0.0,,1.0,2.0,1.0,2.0,2.0,2.0,sensitivity_719,sensitivity_476,circular_metal.material_substitution_elasticity,1.0,2.0,0.98583984375,1.98583984375,parameter_bisection,diagonal_tax_parameter,49,false
sensitivity_719,policy,virgin_metal_tax_tax_0_019697265625,virgin_metal_tax,0.019697265625,LOCALLY_INFEASIBLE,INFEASIBLE_POINT,false,2.664333239,0.0010282350466025436,1,0.0,0,material_composite_production_REU,eqpzs,IND_REU_NEW_ELMA,0.0010282350466025436,EOL_FLOW_EOL_DE_ELMA_INC,0.0,,1.0,2.0,1.0,2.0,2.0,2.0,sensitivity_719,sensitivity_476,circular_metal.material_substitution_elasticity,1.0,2.0,0.98486328125,1.98486328125,parameter_bisection,diagonal_tax_parameter,50,false
sensitivity_719,policy,virgin_metal_tax_tax_0_0196875,virgin_metal_tax,0.0196875,LOCALLY_INFEASIBLE,INFEASIBLE_POINT,true,2.276866908,0.000978651759793614,0,0.0,0,material_composite_production_REU,eqpzs,IND_REU_NEW_ELMA,0.000978651759793614,EOL_FLOW_EOL_DE_ELMA_INC,0.0,,1.0,2.0,1.0,2.0,2.0,2.0,sensitivity_719,sensitivity_476,circular_metal.material_substitution_elasticity,1.0,2.0,0.984375,1.984375,parameter_bisection,diagonal_tax_parameter,51,true
sensitivity_719,policy,virgin_metal_tax_tax_0_01970703125,virgin_metal_tax,0.01970703125,LOCALLY_INFEASIBLE,INFEASIBLE_POINT,false,2.166656866,0.001033605789836911,1,0.0,0,material_composite_production_REU,eqpzs,IND_REU_NEW_ELMA,0.001033605789836911,EOL_FLOW_EOL_DE_ELMA_INC,0.0,,1.0,2.0,1.0,2.0,2.0,2.0,sensitivity_719,sensitivity_476,circular_metal.material_substitution_elasticity,1.0,2.0,0.9853515625,1.9853515625,parameter_bisection,diagonal_tax_parameter,52,false
sensitivity_719,policy,virgin_metal_tax_tax_0_019697265625,virgin_metal_tax,0.019697265625,LOCALLY_INFEASIBLE,INFEASIBLE_POINT,true,2.319852259,0.0009848317912779514,0,0.0,0,material_composite_production_REU,eqpzs,IND_REU_NEW_ELMA,0.0009848317912779514,EOL_FLOW_EOL_DE_ELMA_INC,0.0,,1.0,2.0,1.0,2.0,2.0,2.0,sensitivity_719,sensitivity_476,circular_metal.material_substitution_elasticity,1.0,2.0,0.98486328125,1.98486328125,parameter_bisection,diagonal_tax_parameter,53,true
sensitivity_719,policy,virgin_metal_tax_tax_0_019716796875,virgin_metal_tax,0.019716796875,LOCALLY_INFEASIBLE,INFEASIBLE_POINT,true,2.202348599,0.0009828247348907526,0,0.0,0,material_composite_production_REU,eqpzs,IND_REU_NEW_ELMA,0.0009828247348907526,EOL_FLOW_EOL_DE_ELMA_INC,0.0,,1.0,2.0,1.0,2.0,2.0,2.0,sensitivity_719,sensitivity_476,circular_metal.material_substitution_elasticity,1.0,2.0,0.98583984375,1.98583984375,parameter_bisection,diagonal_tax_parameter,54,true
sensitivity_719,policy,virgin_metal_tax_tax_0_019755859375,virgin_metal_tax,0.019755859375,LOCALLY_INFEASIBLE,INFEASIBLE_POINT,false,3.499764455,0.0010555512743029016,1,0.0,0,material_composite_production_REU,eqpzs,IND_REU_NEW_ELMA,0.0010555512743029016,EOL_FLOW_EOL_DE_ELMA_INC,0.0,,1.0,2.0,1.0,2.0,2.0,2.0,sensitivity_719,sensitivity_476,circular_metal.material_substitution_elasticity,1.0,2.0,0.98779296875,1.98779296875,parameter_bisection,diagonal_tax_parameter,55,false
sensitivity_719,policy,virgin_metal_tax_tax_0_019736328125,virgin_metal_tax,0.019736328125,LOCALLY_INFEASIBLE,INFEASIBLE_POINT,true,2.809446483,0.0009853502702190653,0,0.0,0,material_composite_production_REU,eqpzs,IND_REU_NEW_ELMA,0.0009853502702190653,EOL_FLOW_EOL_DE_ELMA_INC,0.0,,1.0,2.0,1.0,2.0,2.0,2.0,sensitivity_719,sensitivity_476,circular_metal.material_substitution_elasticity,1.0,2.0,0.98681640625,1.98681640625,parameter_bisection,diagonal_tax_parameter,56,true
sensitivity_719,policy,virgin_metal_tax_tax_0_019775390625,virgin_metal_tax,0.019775390625,LOCALLY_INFEASIBLE,INFEASIBLE_POINT,false,7.757801924,0.0010563329392718757,1,0.0,0,material_composite_production_REU,eqpzs,IND_REU_NEW_ELMA,0.0010563329392718757,EOL_FLOW_EOL_DE_ELMA_INC,0.0,,1.0,2.0,1.0,2.0,2.0,2.0,sensitivity_719,sensitivity_476,circular_metal.material_substitution_elasticity,1.0,2.0,0.98876953125,1.98876953125,parameter_bisection,diagonal_tax_parameter,57,false
sensitivity_719,policy,virgin_metal_tax_tax_0_019755859375,virgin_metal_tax,0.019755859375,LOCALLY_INFEASIBLE,INFEASIBLE_POINT,false,2.170925938,0.001008321109744914,1,0.0,0,material_composite_production_REU,eqpzs,IND_REU_NEW_ELMA,0.001008321109744914,EOL_FLOW_EOL_DE_ELMA_INC,0.0,,1.0,2.0,1.0,2.0,2.0,2.0,sensitivity_719,sensitivity_476,circular_metal.material_substitution_elasticity,1.0,2.0,0.98779296875,1.98779296875,parameter_bisection,diagonal_tax_parameter,58,false
sensitivity_719,policy,virgin_metal_tax_tax_0_01974609375,virgin_metal_tax,0.01974609375,LOCALLY_INFEASIBLE,INFEASIBLE_POINT,false,3.201684467,0.001045917487766057,1,0.0,0,material_composite_production_REU,eqpzs,IND_REU_NEW_ELMA,0.001045917487766057,EOL_FLOW_EOL_DE_ELMA_INC,0.0,,1.0,2.0,1.0,2.0,2.0,2.0,sensitivity_719,sensitivity_476,circular_metal.material_substitution_elasticity,1.0,2.0,0.9873046875,1.9873046875,parameter_bisection,diagonal_tax_parameter,59,false
sensitivity_719,policy,virgin_metal_tax_tax_0_0197412109375,virgin_metal_tax,0.0197412109375,LOCALLY_INFEASIBLE,INFEASIBLE_POINT,true,1.654513854,0.0009853558303558607,0,0.0,0,material_composite_production_REU,eqpzs,IND_REU_NEW_ELMA,0.0009853558303558607,EOL_FLOW_EOL_DE_ELMA_INC,0.0,,1.0,2.0,1.0,2.0,2.0,2.0,sensitivity_719,sensitivity_476,circular_metal.material_substitution_elasticity,1.0,2.0,0.987060546875,1.987060546875,parameter_bisection,diagonal_tax_parameter,60,true
sensitivity_727,policy,virgin_metal_tax_tax_0_02,virgin_metal_tax,0.02,LOCALLY_INFEASIBLE,INFEASIBLE_POINT,false,25.001882025,0.0010394965390372324,1,0.0,0,material_composite_production_REU,eqpzs,IND_REU_NEW_ELMA,0.0010394965390372324,EOL_FLOW_EOL_DE_ELMA_INC,0.0,,0.5,2.0,2.0,2.0,2.0,2.0,sensitivity_727,sensitivity_484,circular_metal.material_substitution_elasticity,1.0,2.0,1.0,2.0,direct_target,diagonal_tax_parameter,1,false
sensitivity_727,policy,virgin_metal_tax_tax_0_01,virgin_metal_tax,0.01,LOCALLY_INFEASIBLE,INFEASIBLE_POINT,true,8.877952864,0.0005006860606888708,0,0.0,0,material_composite_production_REU,eqpzs,IND_REU_NEW_ELMA,0.0005006860606888708,EOL_FLOW_EOL_DE_ELMA_INC,0.0,,0.5,2.0,2.0,2.0,2.0,2.0,sensitivity_727,sensitivity_484,circular_metal.material_substitution_elasticity,1.0,2.0,0.5,1.5,parameter_bisection,diagonal_tax_parameter,2,true
sensitivity_727,policy,virgin_metal_tax_tax_0_02,virgin_metal_tax,0.02,LOCALLY_INFEASIBLE,INFEASIBLE_POINT,false,15.694036254,0.7192978009506099,74,0.0,0,observed_physical_flow_links,quantity_link,physical_SK_OFMA_REP_route_input_mass,0.7192978009506099,EOL_FLOW_EOL_DE_ELMA_INC,0.0,,0.5,2.0,2.0,2.0,2.0,2.0,sensitivity_727,sensitivity_484,circular_metal.material_substitution_elasticity,1.0,2.0,1.0,2.0,parameter_bisection,diagonal_tax_parameter,3,false
sensitivity_727,policy,virgin_metal_tax_tax_0_015,virgin_metal_tax,0.015,LOCALLY_INFEASIBLE,INFEASIBLE_POINT,false,20.351657918,0.008739572678614027,3,0.0,0,eu_wide_eol_allocation,eu_wide_eol_allocation,OFMA|EOL_REU_OFMA_REF,0.008739572678614027,EOL_FLOW_EOL_DE_ELMA_INC,0.0,,0.5,2.0,2.0,2.0,2.0,2.0,sensitivity_727,sensitivity_484,circular_metal.material_substitution_elasticity,1.0,2.0,0.75,1.75,parameter_bisection,diagonal_tax_parameter,4,false
sensitivity_727,policy,virgin_metal_tax_tax_0_0125,virgin_metal_tax,0.0125,LOCALLY_INFEASIBLE,INFEASIBLE_POINT,true,12.090245901,0.0006061533572617739,0,0.0,0,material_composite_production_REU,eqpzs,IND_REU_NEW_ELMA,0.0006061533572617739,EOL_FLOW_EOL_DE_ELMA_INC,0.0,,0.5,2.0,2.0,2.0,2.0,2.0,sensitivity_727,sensitivity_484,circular_metal.material_substitution_elasticity,1.0,2.0,0.625,1.625,parameter_bisection,diagonal_tax_parameter,5,true
sensitivity_727,policy,virgin_metal_tax_tax_0_0175,virgin_metal_tax,0.0175,LOCALLY_INFEASIBLE,INFEASIBLE_POINT,true,34.844925366,0.0009316876298628429,0,0.0,0,material_composite_production_REU,eqpzs,IND_REU_NEW_ELMA,0.0009316876298628429,EOL_FLOW_EOL_DE_ELMA_INC,0.0,,0.5,2.0,2.0,2.0,2.0,2.0,sensitivity_727,sensitivity_484,circular_metal.material_substitution_elasticity,1.0,2.0,0.875,1.875,parameter_bisection,diagonal_tax_parameter,6,true
sensitivity_727,policy,virgin_metal_tax_tax_0_02,virgin_metal_tax,0.02,LOCALLY_INFEASIBLE,INFEASIBLE_POINT,false,15.48204911,0.001067748292372328,1,0.0,0,material_composite_production_REU,eqpzs,IND_REU_NEW_ELMA,0.001067748292372328,EOL_FLOW_EOL_DE_ELMA_INC,0.0,,0.5,2.0,2.0,2.0,2.0,2.0,sensitivity_727,sensitivity_484,circular_metal.material_substitution_elasticity,1.0,2.0,1.0,2.0,parameter_bisection,diagonal_tax_parameter,7,false
sensitivity_727,policy,virgin_metal_tax_tax_0_01875,virgin_metal_tax,0.01875,LOCALLY_INFEASIBLE,INFEASIBLE_POINT,true,13.284373874,0.000995169358490311,0,0.0,0,material_composite_production_REU,eqpzs,IND_REU_NEW_ELMA,0.000995169358490311,EOL_FLOW_EOL_DE_ELMA_INC,0.0,,0.5,2.0,2.0,2.0,2.0,2.0,sensitivity_727,sensitivity_484,circular_metal.material_substitution_elasticity,1.0,2.0,0.9375,1.9375,parameter_bisection,diagonal_tax_parameter,8,true
sensitivity_727,policy,virgin_metal_tax_tax_0_02,virgin_metal_tax,0.02,LOCALLY_INFEASIBLE,INFEASIBLE_POINT,false,11.462057907,0.0010616252714676921,1,0.0,0,material_composite_production_REU,eqpzs,IND_REU_NEW_ELMA,0.0010616252714676921,EOL_FLOW_EOL_DE_ELMA_INC,0.0,,0.5,2.0,2.0,2.0,2.0,2.0,sensitivity_727,sensitivity_484,circular_metal.material_substitution_elasticity,1.0,2.0,1.0,2.0,parameter_bisection,diagonal_tax_parameter,9,false
sensitivity_727,policy,virgin_metal_tax_tax_0_019375,virgin_metal_tax,0.019375,LOCALLY_INFEASIBLE,INFEASIBLE_POINT,false,30.345185769,0.058492880089971,18,0.0,0,eu_wide_eol_allocation,eu_wide_eol_allocation,OFMA|EOL_REU_OFMA_REF,0.058492880089971,EOL_FLOW_EOL_DE_ELMA_INC,0.0,,0.5,2.0,2.0,2.0,2.0,2.0,sensitivity_727,sensitivity_484,circular_metal.material_substitution_elasticity,1.0,2.0,0.96875,1.96875,parameter_bisection,diagonal_tax_parameter,10,false
sensitivity_727,policy,virgin_metal_tax_tax_0_0190625,virgin_metal_tax,0.0190625,LOCALLY_INFEASIBLE,INFEASIBLE_POINT,false,7.429336726,0.0010204374127108506,1,0.0,0,material_composite_production_REU,eqpzs,IND_REU_NEW_ELMA,0.0010204374127108506,EOL_FLOW_EOL_DE_ELMA_INC,0.0,,0.5,2.0,2.0,2.0,2.0,2.0,sensitivity_727,sensitivity_484,circular_metal.material_substitution_elasticity,1.0,2.0,0.953125,1.953125,parameter_bisection,diagonal_tax_parameter,11,false
sensitivity_727,policy,virgin_metal_tax_tax_0_01890625,virgin_metal_tax,0.01890625,LOCALLY_INFEASIBLE,INFEASIBLE_POINT,false,6.876246172,0.0010021730308392707,1,0.0,0,material_composite_production_REU,eqpzs,IND_REU_NEW_ELMA,0.0010021730308392707,EOL_FLOW_EOL_DE_ELMA_INC,0.0,,0.5,2.0,2.0,2.0,2.0,2.0,sensitivity_727,sensitivity_484,circular_metal.material_substitution_elasticity,1.0,2.0,0.9453125,1.9453125,parameter_bisection,diagonal_tax_parameter,12,false
sensitivity_727,policy,virgin_metal_tax_tax_0_018828125,virgin_metal_tax,0.018828125,LOCALLY_INFEASIBLE,INFEASIBLE_POINT,true,14.531137391,0.0009979600509490982,0,0.0,0,material_composite_production_REU,eqpzs,IND_REU_NEW_ELMA,0.0009979600509490982,EOL_FLOW_EOL_DE_ELMA_INC,0.0,,0.5,2.0,2.0,2.0,2.0,2.0,sensitivity_727,sensitivity_484,circular_metal.material_substitution_elasticity,1.0,2.0,0.94140625,1.94140625,parameter_bisection,diagonal_tax_parameter,13,true
sensitivity_727,policy,virgin_metal_tax_tax_0_018984375,virgin_metal_tax,0.018984375,LOCALLY_INFEASIBLE,INFEASIBLE_POINT,false,5.330667274,0.0010026886932549273,1,0.0,0,material_composite_production_REU,eqpzs,IND_REU_NEW_ELMA,0.0010026886932549273,EOL_FLOW_EOL_DE_ELMA_INC,0.0,,0.5,2.0,2.0,2.0,2.0,2.0,sensitivity_727,sensitivity_484,circular_metal.material_substitution_elasticity,1.0,2.0,0.94921875,1.94921875,parameter_bisection,diagonal_tax_parameter,14,false
sensitivity_727,policy,virgin_metal_tax_tax_0_01890625,virgin_metal_tax,0.01890625,LOCALLY_INFEASIBLE,INFEASIBLE_POINT,false,6.562553458,0.0010094227198991224,1,0.0,0,material_composite_production_REU,eqpzs,IND_REU_NEW_ELMA,0.0010094227198991224,EOL_FLOW_EOL_DE_ELMA_INC,0.0,,0.5,2.0,2.0,2.0,2.0,2.0,sensitivity_727,sensitivity_484,circular_metal.material_substitution_elasticity,1.0,2.0,0.9453125,1.9453125,parameter_bisection,diagonal_tax_parameter,15,false
sensitivity_727,policy,virgin_metal_tax_tax_0_0188671875,virgin_metal_tax,0.0188671875,LOCALLY_INFEASIBLE,INFEASIBLE_POINT,false,5.43081767,0.0010117493651379261,1,0.0,0,material_composite_production_REU,eqpzs,IND_REU_NEW_ELMA,0.0010117493651379261,EOL_FLOW_EOL_DE_ELMA_INC,0.0,,0.5,2.0,2.0,2.0,2.0,2.0,sensitivity_727,sensitivity_484,circular_metal.material_substitution_elasticity,1.0,2.0,0.943359375,1.943359375,parameter_bisection,diagonal_tax_parameter,16,false
sensitivity_727,policy,virgin_metal_tax_tax_0_01884765625,virgin_metal_tax,0.01884765625,LOCALLY_INFEASIBLE,INFEASIBLE_POINT,true,5.919449816,0.0009907607493713222,0,0.0,0,material_composite_production_REU,eqpzs,IND_REU_NEW_ELMA,0.0009907607493713222,EOL_FLOW_EOL_DE_ELMA_INC,0.0,,0.5,2.0,2.0,2.0,2.0,2.0,sensitivity_727,sensitivity_484,circular_metal.material_substitution_elasticity,1.0,2.0,0.9423828125,1.9423828125,parameter_bisection,diagonal_tax_parameter,17,true
sensitivity_727,policy,virgin_metal_tax_tax_0_01888671875,virgin_metal_tax,0.01888671875,LOCALLY_INFEASIBLE,INFEASIBLE_POINT,true,3.824067786,0.0008514130078060012,0,0.0,0,material_composite_production_REU,eqpzs,IND_REU_NEW_ELMA,0.0008514130078060012,EOL_FLOW_EOL_DE_ELMA_INC,0.0,,0.5,2.0,2.0,2.0,2.0,2.0,sensitivity_727,sensitivity_484,circular_metal.material_substitution_elasticity,1.0,2.0,0.9443359375,1.9443359375,parameter_bisection,diagonal_tax_parameter,18,true
sensitivity_727,policy,virgin_metal_tax_tax_0_01896484375,virgin_metal_tax,0.01896484375,LOCALLY_INFEASIBLE,INFEASIBLE_POINT,true,4.443311471,0.0009862750892375427,0,0.0,0,material_composite_production_REU,eqpzs,IND_REU_NEW_ELMA,0.0009862750892375427,EOL_FLOW_EOL_DE_ELMA_INC,0.0,,0.5,2.0,2.0,2.0,2.0,2.0,sensitivity_727,sensitivity_484,circular_metal.material_substitution_elasticity,1.0,2.0,0.9482421875,1.9482421875,parameter_bisection,diagonal_tax_parameter,19,true
sensitivity_727,policy,virgin_metal_tax_tax_0_019121093750000002,virgin_metal_tax,0.019121093750000002,LOCALLY_INFEASIBLE,INFEASIBLE_POINT,false,6.500102785,0.0010287675819877773,1,0.0,0,material_composite_production_REU,eqpzs,IND_REU_NEW_ELMA,0.0010287675819877773,EOL_FLOW_EOL_DE_ELMA_INC,0.0,,0.5,2.0,2.0,2.0,2.0,2.0,sensitivity_727,sensitivity_484,circular_metal.material_substitution_elasticity,1.0,2.0,0.9560546875,1.9560546875,parameter_bisection,diagonal_tax_parameter,20,false
sensitivity_727,policy,virgin_metal_tax_tax_0_01904296875,virgin_metal_tax,0.01904296875,LOCALLY_INFEASIBLE,INFEASIBLE_POINT,false,6.10637408,0.0010100377461180754,1,0.0,0,material_composite_production_REU,eqpzs,IND_REU_NEW_ELMA,0.0010100377461180754,EOL_FLOW_EOL_DE_ELMA_INC,0.0,,0.5,2.0,2.0,2.0,2.0,2.0,sensitivity_727,sensitivity_484,circular_metal.material_substitution_elasticity,1.0,2.0,0.9521484375,1.9521484375,parameter_bisection,diagonal_tax_parameter,21,false
sensitivity_727,policy,virgin_metal_tax_tax_0_01900390625,virgin_metal_tax,0.01900390625,LOCALLY_INFEASIBLE,INFEASIBLE_POINT,false,5.414653621,0.0010211604770152816,1,0.0,0,material_composite_production_REU,eqpzs,IND_REU_NEW_ELMA,0.0010211604770152816,EOL_FLOW_EOL_DE_ELMA_INC,0.0,,0.5,2.0,2.0,2.0,2.0,2.0,sensitivity_727,sensitivity_484,circular_metal.material_substitution_elasticity,1.0,2.0,0.9501953125,1.9501953125,parameter_bisection,diagonal_tax_parameter,22,false
sensitivity_727,policy,virgin_metal_tax_tax_0_018984375,virgin_metal_tax,0.018984375,LOCALLY_INFEASIBLE,INFEASIBLE_POINT,false,6.574065139,0.001004389165412678,1,0.0,0,material_composite_production_REU,eqpzs,IND_REU_NEW_ELMA,0.001004389165412678,EOL_FLOW_EOL_DE_ELMA_INC,0.0,,0.5,2.0,2.0,2.0,2.0,2.0,sensitivity_727,sensitivity_484,circular_metal.material_substitution_elasticity,1.0,2.0,0.94921875,1.94921875,parameter_bisection,diagonal_tax_parameter,23,false
sensitivity_727,policy,virgin_metal_tax_tax_0_018974609375,virgin_metal_tax,0.018974609375,LOCALLY_INFEASIBLE,INFEASIBLE_POINT,false,14.225966953,0.0010226398103457823,1,0.0,0,material_composite_production_REU,eqpzs,IND_REU_NEW_ELMA,0.0010226398103457823,EOL_FLOW_EOL_DE_ELMA_INC,0.0,,0.5,2.0,2.0,2.0,2.0,2.0,sensitivity_727,sensitivity_484,circular_metal.material_substitution_elasticity,1.0,2.0,0.94873046875,1.94873046875,parameter_bisection,diagonal_tax_parameter,24,false
sensitivity_727,policy,virgin_metal_tax_tax_0_0189697265625,virgin_metal_tax,0.0189697265625,LOCALLY_INFEASIBLE,INFEASIBLE_POINT,false,13.284592362,0.0010120564715035973,1,0.0,0,material_composite_production_REU,eqpzs,IND_REU_NEW_ELMA,0.0010120564715035973,EOL_FLOW_EOL_DE_ELMA_INC,0.0,,0.5,2.0,2.0,2.0,2.0,2.0,sensitivity_727,sensitivity_484,circular_metal.material_substitution_elasticity,1.0,2.0,0.948486328125,1.948486328125,parameter_bisection,diagonal_tax_parameter,25,false
sensitivity_727,policy,virgin_metal_tax_tax_0_01896728515625,virgin_metal_tax,0.01896728515625,LOCALLY_INFEASIBLE,INFEASIBLE_POINT,false,12.961835261,0.0010114151775875158,1,0.0,0,material_composite_production_REU,eqpzs,IND_REU_NEW_ELMA,0.0010114151775875158,EOL_FLOW_EOL_DE_ELMA_INC,0.0,,0.5,2.0,2.0,2.0,2.0,2.0,sensitivity_727,sensitivity_484,circular_metal.material_substitution_elasticity,1.0,2.0,0.9483642578125,1.9483642578125,parameter_bisection,diagonal_tax_parameter,26,false
sensitivity_728,policy,virgin_metal_tax_tax_0_02,virgin_metal_tax,0.02,LOCALLY_INFEASIBLE,INFEASIBLE_POINT,true,26.858806459,0.0008642191142096411,0,0.0,0,material_composite_production_SK,eqpzs,IND_SK_NEW_ELMA,0.0008642191142096411,EOL_FLOW_EOL_DE_ELMA_INC,0.0,,1.0,2.0,2.0,2.0,2.0,2.0,sensitivity_728,sensitivity_485,circular_metal.material_substitution_elasticity,1.0,2.0,1.0,2.0,direct_target,diagonal_tax_parameter,1,true
