sensitivity_profile,stage,scenario,instrument,wedge,termination_status,primal_status,solver_valid,solver_elapsed_seconds,max_scaled_residual,scaled_residuals_above_tolerance,max_bound_violation,bound_violations_above_tolerance,worst_equation_block,worst_equation_tag,worst_equation_indices,worst_equation_scaled_residual,worst_bound_variable,worst_bound_violation,solver_message,armington_elasticity,cet_transformation_elasticity,service_elasticity,eol_allocation_elasticity,eol_productivity_elasticity,material_substitution_elasticity,target_profile,source_profile,continued_parameter,source_parameter_value,target_parameter_value,trial_fraction,trial_parameter_value,continuation_phase,continuation_path,attempt,trial_accepted
sensitivity_152,policy,virgin_metal_tax_tax_0_02,virgin_metal_tax,0.02,LOCALLY_INFEASIBLE,INFEASIBLE_POINT,false,34.456646538,0.001079372629246178,1,0.0,0,material_composite_production_REU,eqpzs,IND_REU_NEW_ELMA,0.001079372629246178,EOL_FLOW_EOL_DE_ELMA_INC,0.0,,1.0,2.0,1.0,2.0,1.0,0.5,sensitivity_152,sensitivity_098,circular_routes.eol_allocation_elasticity,0.5,2.0,1.0,2.0,direct_target,parameter_only,1,false
sensitivity_152,policy,virgin_metal_tax_tax_0_02,virgin_metal_tax,0.02,LOCALLY_INFEASIBLE,INFEASIBLE_POINT,true,10.027611144,0.00089977199361857,0,0.0,0,material_composite_production_REU,eqpzs,IND_REU_NEW_ELMA,0.00089977199361857,EOL_FLOW_EOL_DE_ELMA_INC,0.0,,1.0,2.0,1.0,2.0,1.0,0.5,sensitivity_152,sensitivity_098,circular_routes.eol_allocation_elasticity,0.5,2.0,0.5,1.25,parameter_bisection,parameter_only,2,true
sensitivity_152,policy,virgin_metal_tax_tax_0_02,virgin_metal_tax,0.02,LOCALLY_INFEASIBLE,INFEASIBLE_POINT,false,18.056040886,0.0010382985616482765,1,0.0,0,material_composite_production_REU,eqpzs,IND_REU_NEW_ELMA,0.0010382985616482765,EOL_FLOW_EOL_DE_ELMA_INC,0.0,,1.0,2.0,1.0,2.0,1.0,0.5,sensitivity_152,sensitivity_098,circular_routes.eol_allocation_elasticity,0.5,2.0,1.0,2.0,parameter_bisection,parameter_only,3,false
sensitivity_152,policy,virgin_metal_tax_tax_0_02,virgin_metal_tax,0.02,LOCALLY_INFEASIBLE,INFEASIBLE_POINT,false,13.721257505,0.0010343936259323838,1,0.0,0,material_composite_production_REU,eqpzs,IND_REU_NEW_ELMA,0.0010343936259323838,EOL_FLOW_EOL_DE_ELMA_INC,0.0,,1.0,2.0,1.0,2.0,1.0,0.5,sensitivity_152,sensitivity_098,circular_routes.eol_allocation_elasticity,0.5,2.0,0.75,1.625,parameter_bisection,parameter_only,4,false
sensitivity_152,policy,virgin_metal_tax_tax_0_02,virgin_metal_tax,0.02,LOCALLY_INFEASIBLE,INFEASIBLE_POINT,true,7.103031052,0.0009426598006384568,0,0.0,0,material_composite_production_REU,eqpzs,IND_REU_NEW_ELMA,0.0009426598006384568,EOL_FLOW_EOL_DE_ELMA_INC,0.0,,1.0,2.0,1.0,2.0,1.0,0.5,sensitivity_152,sensitivity_098,circular_routes.eol_allocation_elasticity,0.5,2.0,0.625,1.4375,parameter_bisection,parameter_only,5,true
sensitivity_152,policy,virgin_metal_tax_tax_0_02,virgin_metal_tax,0.02,LOCALLY_INFEASIBLE,INFEASIBLE_POINT,false,24.867621431,0.0010235982727530013,1,0.0,0,material_composite_production_REU,eqpzs,IND_REU_NEW_ELMA,0.0010235982727530013,EOL_FLOW_EOL_DE_ELMA_INC,0.0,,1.0,2.0,1.0,2.0,1.0,0.5,sensitivity_152,sensitivity_098,circular_routes.eol_allocation_elasticity,0.5,2.0,0.875,1.8125,parameter_bisection,parameter_only,6,false
sensitivity_152,policy,virgin_metal_tax_tax_0_02,virgin_metal_tax,0.02,LOCALLY_INFEASIBLE,INFEASIBLE_POINT,false,7.693361651,0.001066077442496649,1,0.0,0,material_composite_production_REU,eqpzs,IND_REU_NEW_ELMA,0.001066077442496649,EOL_FLOW_EOL_DE_ELMA_INC,0.0,,1.0,2.0,1.0,2.0,1.0,0.5,sensitivity_152,sensitivity_098,circular_routes.eol_allocation_elasticity,0.5,2.0,0.75,1.625,parameter_bisection,parameter_only,7,false
sensitivity_152,policy,virgin_metal_tax_tax_0_02,virgin_metal_tax,0.02,LOCALLY_INFEASIBLE,INFEASIBLE_POINT,true,3.128996025,0.0009467495882368171,0,0.0,0,material_composite_production_REU,eqpzs,IND_REU_NEW_ELMA,0.0009467495882368171,EOL_FLOW_EOL_DE_ELMA_INC,0.0,,1.0,2.0,1.0,2.0,1.0,0.5,sensitivity_152,sensitivity_098,circular_routes.eol_allocation_elasticity,0.5,2.0,0.6875,1.53125,parameter_bisection,parameter_only,8,true
sensitivity_152,policy,virgin_metal_tax_tax_0_02,virgin_metal_tax,0.02,LOCALLY_INFEASIBLE,INFEASIBLE_POINT,false,8.19725863,0.001017100073435584,1,0.0,0,material_composite_production_REU,eqpzs,IND_REU_NEW_ELMA,0.001017100073435584,EOL_FLOW_EOL_DE_ELMA_INC,0.0,,1.0,2.0,1.0,2.0,1.0,0.5,sensitivity_152,sensitivity_098,circular_routes.eol_allocation_elasticity,0.5,2.0,0.8125,1.71875,parameter_bisection,parameter_only,9,false
sensitivity_152,policy,virgin_metal_tax_tax_0_02,virgin_metal_tax,0.02,LOCALLY_INFEASIBLE,INFEASIBLE_POINT,false,6.643237827,0.001067908995001532,1,0.0,0,material_composite_production_REU,eqpzs,IND_REU_NEW_ELMA,0.001067908995001532,EOL_FLOW_EOL_DE_ELMA_INC,0.0,,1.0,2.0,1.0,2.0,1.0,0.5,sensitivity_152,sensitivity_098,circular_routes.eol_allocation_elasticity,0.5,2.0,0.75,1.625,parameter_bisection,parameter_only,10,false
sensitivity_152,policy,virgin_metal_tax_tax_0_02,virgin_metal_tax,0.02,LOCALLY_INFEASIBLE,INFEASIBLE_POINT,true,3.253730876,0.0009681940209506079,0,0.0,0,material_composite_production_REU,eqpzs,IND_REU_NEW_ELMA,0.0009681940209506079,EOL_FLOW_EOL_DE_ELMA_INC,0.0,,1.0,2.0,1.0,2.0,1.0,0.5,sensitivity_152,sensitivity_098,circular_routes.eol_allocation_elasticity,0.5,2.0,0.71875,1.578125,parameter_bisection,parameter_only,11,true
sensitivity_152,policy,virgin_metal_tax_tax_0_02,virgin_metal_tax,0.02,LOCALLY_INFEASIBLE,INFEASIBLE_POINT,true,3.077667187,0.0009123960637751338,0,0.0,0,material_composite_production_REU,eqpzs,IND_REU_NEW_ELMA,0.0009123960637751338,EOL_FLOW_EOL_DE_ELMA_INC,0.0,,1.0,2.0,1.0,2.0,1.0,0.5,sensitivity_152,sensitivity_098,circular_routes.eol_allocation_elasticity,0.5,2.0,0.78125,1.671875,parameter_bisection,parameter_only,12,true
sensitivity_152,policy,virgin_metal_tax_tax_0_02,virgin_metal_tax,0.02,LOCALLY_INFEASIBLE,INFEASIBLE_POINT,false,6.783867781,0.001046471431523588,1,0.0,0,material_composite_production_REU,eqpzs,IND_REU_NEW_ELMA,0.001046471431523588,EOL_FLOW_EOL_DE_ELMA_INC,0.0,,1.0,2.0,1.0,2.0,1.0,0.5,sensitivity_152,sensitivity_098,circular_routes.eol_allocation_elasticity,0.5,2.0,0.90625,1.859375,parameter_bisection,parameter_only,13,false
sensitivity_152,policy,virgin_metal_tax_tax_0_02,virgin_metal_tax,0.02,LOCALLY_INFEASIBLE,INFEASIBLE_POINT,false,7.444834299,0.0010489578923579268,1,0.0,0,material_composite_production_REU,eqpzs,IND_REU_NEW_ELMA,0.0010489578923579268,EOL_FLOW_EOL_DE_ELMA_INC,0.0,,1.0,2.0,1.0,2.0,1.0,0.5,sensitivity_152,sensitivity_098,circular_routes.eol_allocation_elasticity,0.5,2.0,0.84375,1.765625,parameter_bisection,parameter_only,14,false
sensitivity_152,policy,virgin_metal_tax_tax_0_02,virgin_metal_tax,0.02,LOCALLY_INFEASIBLE,INFEASIBLE_POINT,false,4.654267613,0.0010083295370125755,1,0.0,0,material_composite_production_REU,eqpzs,IND_REU_NEW_ELMA,0.0010083295370125755,EOL_FLOW_EOL_DE_ELMA_INC,0.0,,1.0,2.0,1.0,2.0,1.0,0.5,sensitivity_152,sensitivity_098,circular_routes.eol_allocation_elasticity,0.5,2.0,0.8125,1.71875,parameter_bisection,parameter_only,15,false
sensitivity_152,policy,virgin_metal_tax_tax_0_02,virgin_metal_tax,0.02,LOCALLY_INFEASIBLE,INFEASIBLE_POINT,false,26.841416335,0.0010800528980079438,1,0.0,0,material_composite_production_REU,eqpzs,IND_REU_NEW_ELMA,0.0010800528980079438,EOL_FLOW_EOL_DE_ELMA_INC,0.0,,1.0,2.0,1.0,2.0,1.0,0.5,sensitivity_152,sensitivity_098,circular_routes.eol_allocation_elasticity,0.5,2.0,0.796875,1.6953125,parameter_bisection,parameter_only,16,false
sensitivity_152,policy,virgin_metal_tax_tax_0_02,virgin_metal_tax,0.02,LOCALLY_INFEASIBLE,INFEASIBLE_POINT,false,9.989566038,0.0010700209588463405,1,0.0,0,material_composite_production_REU,eqpzs,IND_REU_NEW_ELMA,0.0010700209588463405,EOL_FLOW_EOL_DE_ELMA_INC,0.0,,1.0,2.0,1.0,2.0,1.0,0.5,sensitivity_152,sensitivity_098,circular_routes.eol_allocation_elasticity,0.5,2.0,0.7890625,1.68359375,parameter_bisection,parameter_only,17,false
sensitivity_152,policy,virgin_metal_tax_tax_0_02,virgin_metal_tax,0.02,LOCALLY_INFEASIBLE,INFEASIBLE_POINT,false,9.89223371,0.0010624778687255976,1,0.0,0,material_composite_production_REU,eqpzs,IND_REU_NEW_ELMA,0.0010624778687255976,EOL_FLOW_EOL_DE_ELMA_INC,0.0,,1.0,2.0,1.0,2.0,1.0,0.5,sensitivity_152,sensitivity_098,circular_routes.eol_allocation_elasticity,0.5,2.0,0.78515625,1.677734375,parameter_bisection,parameter_only,18,false
sensitivity_152,policy,virgin_metal_tax_tax_0_02,virgin_metal_tax,0.02,LOCALLY_INFEASIBLE,INFEASIBLE_POINT,true,4.074862441,0.0009124055409835963,0,0.0,0,material_composite_production_REU,eqpzs,IND_REU_NEW_ELMA,0.0009124055409835963,EOL_FLOW_EOL_DE_ELMA_INC,0.0,,1.0,2.0,1.0,2.0,1.0,0.5,sensitivity_152,sensitivity_098,circular_routes.eol_allocation_elasticity,0.5,2.0,0.783203125,1.6748046875,parameter_bisection,parameter_only,19,true
sensitivity_152,policy,virgin_metal_tax_tax_0_02,virgin_metal_tax,0.02,LOCALLY_INFEASIBLE,INFEASIBLE_POINT,false,5.317563025,0.0010356425610620335,1,0.0,0,material_composite_production_REU,eqpzs,IND_REU_NEW_ELMA,0.0010356425610620335,EOL_FLOW_EOL_DE_ELMA_INC,0.0,,1.0,2.0,1.0,2.0,1.0,0.5,sensitivity_152,sensitivity_098,circular_routes.eol_allocation_elasticity,0.5,2.0,0.787109375,1.6806640625,parameter_bisection,parameter_only,20,false
sensitivity_152,policy,virgin_metal_tax_tax_0_02,virgin_metal_tax,0.02,LOCALLY_INFEASIBLE,INFEASIBLE_POINT,false,10.696186357,0.0010732131653329313,1,0.0,0,material_composite_production_REU,eqpzs,IND_REU_NEW_ELMA,0.0010732131653329313,EOL_FLOW_EOL_DE_ELMA_INC,0.0,,1.0,2.0,1.0,2.0,1.0,0.5,sensitivity_152,sensitivity_098,circular_routes.eol_allocation_elasticity,0.5,2.0,0.78515625,1.677734375,parameter_bisection,parameter_only,21,false
sensitivity_152,policy,virgin_metal_tax_tax_0_02,virgin_metal_tax,0.02,LOCALLY_INFEASIBLE,INFEASIBLE_POINT,true,2.646474671,0.0009124240652896853,0,0.0,0,material_composite_production_REU,eqpzs,IND_REU_NEW_ELMA,0.0009124240652896853,EOL_FLOW_EOL_DE_ELMA_INC,0.0,,1.0,2.0,1.0,2.0,1.0,0.5,sensitivity_152,sensitivity_098,circular_routes.eol_allocation_elasticity,0.5,2.0,0.7841796875,1.67626953125,parameter_bisection,parameter_only,22,true
sensitivity_152,policy,virgin_metal_tax_tax_0_02,virgin_metal_tax,0.02,LOCALLY_INFEASIBLE,INFEASIBLE_POINT,false,9.61893598,0.0010615008188888941,1,0.0,0,material_composite_production_REU,eqpzs,IND_REU_NEW_ELMA,0.0010615008188888941,EOL_FLOW_EOL_DE_ELMA_INC,0.0,,1.0,2.0,1.0,2.0,1.0,0.5,sensitivity_152,sensitivity_098,circular_routes.eol_allocation_elasticity,0.5,2.0,0.7861328125,1.67919921875,parameter_bisection,parameter_only,23,false
sensitivity_152,policy,virgin_metal_tax_tax_0_02,virgin_metal_tax,0.02,LOCALLY_INFEASIBLE,INFEASIBLE_POINT,true,4.333256737,0.0009124425533528768,0,0.0,0,material_composite_production_REU,eqpzs,IND_REU_NEW_ELMA,0.0009124425533528768,EOL_FLOW_EOL_DE_ELMA_INC,0.0,,1.0,2.0,1.0,2.0,1.0,0.5,sensitivity_152,sensitivity_098,circular_routes.eol_allocation_elasticity,0.5,2.0,0.78515625,1.677734375,parameter_bisection,parameter_only,24,true
sensitivity_152,policy,virgin_metal_tax_tax_0_02,virgin_metal_tax,0.02,LOCALLY_INFEASIBLE,INFEASIBLE_POINT,false,6.420211349,0.0010385111807579284,1,0.0,0,material_composite_production_REU,eqpzs,IND_REU_NEW_ELMA,0.0010385111807579284,EOL_FLOW_EOL_DE_ELMA_INC,0.0,,1.0,2.0,1.0,2.0,1.0,0.5,sensitivity_152,sensitivity_098,circular_routes.eol_allocation_elasticity,0.5,2.0,0.787109375,1.6806640625,parameter_bisection,parameter_only,25,false
sensitivity_152,policy,virgin_metal_tax_tax_0_02,virgin_metal_tax,0.02,LOCALLY_INFEASIBLE,INFEASIBLE_POINT,true,4.049164103,0.000912460660983383,0,0.0,0,material_composite_production_REU,eqpzs,IND_REU_NEW_ELMA,0.000912460660983383,EOL_FLOW_EOL_DE_ELMA_INC,0.0,,1.0,2.0,1.0,2.0,1.0,0.5,sensitivity_152,sensitivity_098,circular_routes.eol_allocation_elasticity,0.5,2.0,0.7861328125,1.67919921875,parameter_bisection,parameter_only,26,true
sensitivity_152,policy,virgin_metal_tax_tax_0_02,virgin_metal_tax,0.02,LOCALLY_INFEASIBLE,INFEASIBLE_POINT,false,5.861258442,0.0010354238048668751,1,0.0,0,material_composite_production_REU,eqpzs,IND_REU_NEW_ELMA,0.0010354238048668751,EOL_FLOW_EOL_DE_ELMA_INC,0.0,,1.0,2.0,1.0,2.0,1.0,0.5,sensitivity_152,sensitivity_098,circular_routes.eol_allocation_elasticity,0.5,2.0,0.7880859375,1.68212890625,parameter_bisection,parameter_only,27,false
sensitivity_152,policy,virgin_metal_tax_tax_0_02,virgin_metal_tax,0.02,LOCALLY_INFEASIBLE,INFEASIBLE_POINT,true,4.104424205,0.0009124779811415795,0,0.0,0,material_composite_production_REU,eqpzs,IND_REU_NEW_ELMA,0.0009124779811415795,EOL_FLOW_EOL_DE_ELMA_INC,0.0,,1.0,2.0,1.0,2.0,1.0,0.5,sensitivity_152,sensitivity_098,circular_routes.eol_allocation_elasticity,0.5,2.0,0.787109375,1.6806640625,parameter_bisection,parameter_only,28,true
sensitivity_152,policy,virgin_metal_tax_tax_0_02,virgin_metal_tax,0.02,LOCALLY_INFEASIBLE,INFEASIBLE_POINT,false,7.022376903,0.0010484353120083778,1,0.0,0,material_composite_production_REU,eqpzs,IND_REU_NEW_ELMA,0.0010484353120083778,EOL_FLOW_EOL_DE_ELMA_INC,0.0,,1.0,2.0,1.0,2.0,1.0,0.5,sensitivity_152,sensitivity_098,circular_routes.eol_allocation_elasticity,0.5,2.0,0.7890625,1.68359375,parameter_bisection,parameter_only,29,false
sensitivity_152,policy,virgin_metal_tax_tax_0_02,virgin_metal_tax,0.02,LOCALLY_INFEASIBLE,INFEASIBLE_POINT,false,6.001604365,0.0010649055808600316,1,0.0,0,material_composite_production_REU,eqpzs,IND_REU_NEW_ELMA,0.0010649055808600316,EOL_FLOW_EOL_DE_ELMA_INC,0.0,,1.0,2.0,1.0,2.0,1.0,0.5,sensitivity_152,sensitivity_098,circular_routes.eol_allocation_elasticity,0.5,2.0,0.7880859375,1.68212890625,parameter_bisection,parameter_only,30,false
sensitivity_152,policy,virgin_metal_tax_tax_0_02,virgin_metal_tax,0.02,LOCALLY_INFEASIBLE,INFEASIBLE_POINT,true,4.111043127,0.0009125118635009422,0,0.0,0,material_composite_production_REU,eqpzs,IND_REU_NEW_ELMA,0.0009125118635009422,EOL_FLOW_EOL_DE_ELMA_INC,0.0,,1.0,2.0,1.0,2.0,1.0,0.5,sensitivity_152,sensitivity_098,circular_routes.eol_allocation_elasticity,0.5,2.0,0.78759765625,1.681396484375,parameter_bisection,parameter_only,31,true
sensitivity_152,policy,virgin_metal_tax_tax_0_02,virgin_metal_tax,0.02,LOCALLY_INFEASIBLE,INFEASIBLE_POINT,false,8.485774489,0.001065166344236701,1,0.0,0,material_composite_production_REU,eqpzs,IND_REU_NEW_ELMA,0.001065166344236701,EOL_FLOW_EOL_DE_ELMA_INC,0.0,,1.0,2.0,1.0,2.0,1.0,0.5,sensitivity_152,sensitivity_098,circular_routes.eol_allocation_elasticity,0.5,2.0,0.78857421875,1.682861328125,parameter_bisection,parameter_only,32,false
sensitivity_152,policy,virgin_metal_tax_tax_0_02,virgin_metal_tax,0.02,LOCALLY_INFEASIBLE,INFEASIBLE_POINT,true,4.280862521,0.0009125455150887918,0,0.0,0,material_composite_production_REU,eqpzs,IND_REU_NEW_ELMA,0.0009125455150887918,EOL_FLOW_EOL_DE_ELMA_INC,0.0,,1.0,2.0,1.0,2.0,1.0,0.5,sensitivity_152,sensitivity_098,circular_routes.eol_allocation_elasticity,0.5,2.0,0.7880859375,1.68212890625,parameter_bisection,parameter_only,33,true
sensitivity_152,policy,virgin_metal_tax_tax_0_02,virgin_metal_tax,0.02,LOCALLY_INFEASIBLE,INFEASIBLE_POINT,false,7.592957752,0.0010663360021089252,1,0.0,0,material_composite_production_REU,eqpzs,IND_REU_NEW_ELMA,0.0010663360021089252,EOL_FLOW_EOL_DE_ELMA_INC,0.0,,1.0,2.0,1.0,2.0,1.0,0.5,sensitivity_152,sensitivity_098,circular_routes.eol_allocation_elasticity,0.5,2.0,0.7890625,1.68359375,parameter_bisection,parameter_only,34,false
sensitivity_152,policy,virgin_metal_tax_tax_0_02,virgin_metal_tax,0.02,LOCALLY_INFEASIBLE,INFEASIBLE_POINT,true,3.446590334,0.0009125788046051575,0,0.0,0,material_composite_production_REU,eqpzs,IND_REU_NEW_ELMA,0.0009125788046051575,EOL_FLOW_EOL_DE_ELMA_INC,0.0,,1.0,2.0,1.0,2.0,1.0,0.5,sensitivity_152,sensitivity_098,circular_routes.eol_allocation_elasticity,0.5,2.0,0.78857421875,1.682861328125,parameter_bisection,parameter_only,35,true
sensitivity_152,policy,virgin_metal_tax_tax_0_02,virgin_metal_tax,0.02,LOCALLY_INFEASIBLE,INFEASIBLE_POINT,true,3.49976926,0.0009125949181012505,0,0.0,0,material_composite_production_REU,eqpzs,IND_REU_NEW_ELMA,0.0009125949181012505,EOL_FLOW_EOL_DE_ELMA_INC,0.0,,1.0,2.0,1.0,2.0,1.0,0.5,sensitivity_152,sensitivity_098,circular_routes.eol_allocation_elasticity,0.5,2.0,0.78955078125,1.684326171875,parameter_bisection,parameter_only,36,true
sensitivity_152,policy,virgin_metal_tax_tax_0_02,virgin_metal_tax,0.02,LOCALLY_INFEASIBLE,INFEASIBLE_POINT,true,6.041187153,0.0009853236700531065,0,0.0,0,material_composite_production_REU,eqpzs,IND_REU_NEW_ELMA,0.0009853236700531065,EOL_FLOW_EOL_DE_ELMA_INC,0.0,,1.0,2.0,1.0,2.0,1.0,0.5,sensitivity_152,sensitivity_098,circular_routes.eol_allocation_elasticity,0.5,2.0,0.79150390625,1.687255859375,parameter_bisection,parameter_only,37,true
sensitivity_152,policy,virgin_metal_tax_tax_0_02,virgin_metal_tax,0.02,LOCALLY_INFEASIBLE,INFEASIBLE_POINT,false,6.054434581,0.0010412137696547141,1,0.0,0,material_composite_production_REU,eqpzs,IND_REU_NEW_ELMA,0.0010412137696547141,EOL_FLOW_EOL_DE_ELMA_INC,0.0,,1.0,2.0,1.0,2.0,1.0,0.5,sensitivity_152,sensitivity_098,circular_routes.eol_allocation_elasticity,0.5,2.0,0.79541015625,1.693115234375,parameter_bisection,parameter_only,38,false
sensitivity_152,policy,virgin_metal_tax_tax_0_02,virgin_metal_tax,0.02,LOCALLY_INFEASIBLE,INFEASIBLE_POINT,false,6.777585183,0.001054411959461099,1,0.0,0,material_composite_production_REU,eqpzs,IND_REU_NEW_ELMA,0.001054411959461099,EOL_FLOW_EOL_DE_ELMA_INC,0.0,,1.0,2.0,1.0,2.0,1.0,0.5,sensitivity_152,sensitivity_098,circular_routes.eol_allocation_elasticity,0.5,2.0,0.79345703125,1.690185546875,parameter_bisection,parameter_only,39,false
sensitivity_152,policy,virgin_metal_tax_tax_0_02,virgin_metal_tax,0.02,LOCALLY_INFEASIBLE,INFEASIBLE_POINT,true,3.622712156,0.0009853280645165663,0,0.0,0,material_composite_production_REU,eqpzs,IND_REU_NEW_ELMA,0.0009853280645165663,EOL_FLOW_EOL_DE_ELMA_INC,0.0,,1.0,2.0,1.0,2.0,1.0,0.5,sensitivity_152,sensitivity_098,circular_routes.eol_allocation_elasticity,0.5,2.0,0.79248046875,1.688720703125,parameter_bisection,parameter_only,40,true
sensitivity_152,policy,virgin_metal_tax_tax_0_02,virgin_metal_tax,0.02,LOCALLY_INFEASIBLE,INFEASIBLE_POINT,true,4.240858176,0.0009855401783428475,0,0.0,0,material_composite_production_REU,eqpzs,IND_REU_NEW_ELMA,0.0009855401783428475,EOL_FLOW_EOL_DE_ELMA_INC,0.0,,1.0,2.0,1.0,2.0,1.0,0.5,sensitivity_152,sensitivity_098,circular_routes.eol_allocation_elasticity,0.5,2.0,0.79443359375,1.691650390625,parameter_bisection,parameter_only,41,true
sensitivity_152,policy,virgin_metal_tax_tax_0_02,virgin_metal_tax,0.02,LOCALLY_INFEASIBLE,INFEASIBLE_POINT,true,4.316828527,0.0009854749013747943,0,0.0,0,material_composite_production_REU,eqpzs,IND_REU_NEW_ELMA,0.0009854749013747943,EOL_FLOW_EOL_DE_ELMA_INC,0.0,,1.0,2.0,1.0,2.0,1.0,0.5,sensitivity_152,sensitivity_098,circular_routes.eol_allocation_elasticity,0.5,2.0,0.79833984375,1.697509765625,parameter_bisection,parameter_only,42,true
sensitivity_152,policy,virgin_metal_tax_tax_0_02,virgin_metal_tax,0.02,LOCALLY_INFEASIBLE,INFEASIBLE_POINT,false,7.473939818,0.001018761634254961,1,0.0,0,material_composite_production_REU,eqpzs,IND_REU_NEW_ELMA,0.001018761634254961,EOL_FLOW_EOL_DE_ELMA_INC,0.0,,1.0,2.0,1.0,2.0,1.0,0.5,sensitivity_152,sensitivity_098,circular_routes.eol_allocation_elasticity,0.5,2.0,0.80615234375,1.709228515625,parameter_bisection,parameter_only,43,false
sensitivity_152,policy,virgin_metal_tax_tax_0_02,virgin_metal_tax,0.02,LOCALLY_INFEASIBLE,INFEASIBLE_POINT,true,4.718080083,0.0009867916815132771,0,0.0,0,material_composite_production_REU,eqpzs,IND_REU_NEW_ELMA,0.0009867916815132771,EOL_FLOW_EOL_DE_ELMA_INC,0.0,,1.0,2.0,1.0,2.0,1.0,0.5,sensitivity_152,sensitivity_098,circular_routes.eol_allocation_elasticity,0.5,2.0,0.80224609375,1.703369140625,parameter_bisection,parameter_only,44,true
sensitivity_152,policy,virgin_metal_tax_tax_0_02,virgin_metal_tax,0.02,LOCALLY_INFEASIBLE,INFEASIBLE_POINT,false,3.755781208,0.0010148105111298378,1,0.0,0,material_composite_production_REU,eqpzs,IND_REU_NEW_ELMA,0.0010148105111298378,EOL_FLOW_EOL_DE_ELMA_INC,0.0,,1.0,2.0,1.0,2.0,1.0,0.5,sensitivity_152,sensitivity_098,circular_routes.eol_allocation_elasticity,0.5,2.0,0.81005859375,1.715087890625,parameter_bisection,parameter_only,45,false
sensitivity_152,policy,virgin_metal_tax_tax_0_02,virgin_metal_tax,0.02,LOCALLY_INFEASIBLE,INFEASIBLE_POINT,false,5.333379771,0.0010649674556811872,1,0.0,0,material_composite_production_REU,eqpzs,IND_REU_NEW_ELMA,0.0010649674556811872,EOL_FLOW_EOL_DE_ELMA_INC,0.0,,1.0,2.0,1.0,2.0,1.0,0.5,sensitivity_152,sensitivity_098,circular_routes.eol_allocation_elasticity,0.5,2.0,0.80615234375,1.709228515625,parameter_bisection,parameter_only,46,false
sensitivity_152,policy,virgin_metal_tax_tax_0_02,virgin_metal_tax,0.02,LOCALLY_INFEASIBLE,INFEASIBLE_POINT,false,5.665948402,0.0010650278942857527,1,0.0,0,material_composite_production_REU,eqpzs,IND_REU_NEW_ELMA,0.0010650278942857527,EOL_FLOW_EOL_DE_ELMA_INC,0.0,,1.0,2.0,1.0,2.0,1.0,0.5,sensitivity_152,sensitivity_098,circular_routes.eol_allocation_elasticity,0.5,2.0,0.80419921875,1.706298828125,parameter_bisection,parameter_only,47,false
sensitivity_152,policy,virgin_metal_tax_tax_0_02,virgin_metal_tax,0.02,LOCALLY_INFEASIBLE,INFEASIBLE_POINT,false,4.462289138,0.0010111318636110145,1,0.0,0,material_composite_production_REU,eqpzs,IND_REU_NEW_ELMA,0.0010111318636110145,EOL_FLOW_EOL_DE_ELMA_INC,0.0,,1.0,2.0,1.0,2.0,1.0,0.5,sensitivity_152,sensitivity_098,circular_routes.eol_allocation_elasticity,0.5,2.0,0.80322265625,1.704833984375,parameter_bisection,parameter_only,48,false
sensitivity_152,policy,virgin_metal_tax_tax_0_02,virgin_metal_tax,0.02,LOCALLY_INFEASIBLE,INFEASIBLE_POINT,false,4.470009814,0.0010071403687735847,1,0.0,0,material_composite_production_REU,eqpzs,IND_REU_NEW_ELMA,0.0010071403687735847,EOL_FLOW_EOL_DE_ELMA_INC,0.0,,1.0,2.0,1.0,2.0,1.0,0.5,sensitivity_152,sensitivity_098,circular_routes.eol_allocation_elasticity,0.5,2.0,0.802734375,1.7041015625,parameter_bisection,parameter_only,49,false
sensitivity_152,policy,virgin_metal_tax_tax_0_02,virgin_metal_tax,0.02,LOCALLY_INFEASIBLE,INFEASIBLE_POINT,false,5.680653335,0.0010343002346893115,1,0.0,0,material_composite_production_REU,eqpzs,IND_REU_NEW_ELMA,0.0010343002346893115,EOL_FLOW_EOL_DE_ELMA_INC,0.0,,1.0,2.0,1.0,2.0,1.0,0.5,sensitivity_152,sensitivity_098,circular_routes.eol_allocation_elasticity,0.5,2.0,0.802490234375,1.7037353515625,parameter_bisection,parameter_only,50,false
sensitivity_152,policy,virgin_metal_tax_tax_0_02,virgin_metal_tax,0.02,LOCALLY_INFEASIBLE,INFEASIBLE_POINT,false,4.058067478,0.001028065085094454,1,0.0,0,material_composite_production_REU,eqpzs,IND_REU_NEW_ELMA,0.001028065085094454,EOL_FLOW_EOL_DE_ELMA_INC,0.0,,1.0,2.0,1.0,2.0,1.0,0.5,sensitivity_152,sensitivity_098,circular_routes.eol_allocation_elasticity,0.5,2.0,0.8023681640625,1.70355224609375,parameter_bisection,parameter_only,51,false
sensitivity_153,policy,virgin_metal_tax_tax_0_02,virgin_metal_tax,0.02,LOCALLY_INFEASIBLE,INFEASIBLE_POINT,false,16.66792494,0.001239180904769821,2,0.0,0,material_composite_production_SK,eqpzs,IND_SK_NEW_ELMA,0.001239180904769821,EOL_FLOW_EOL_DE_ELMA_INC,0.0,,2.0,2.0,1.0,2.0,1.0,0.5,sensitivity_153,sensitivity_147,trade.cet_transformation_elasticity,0.5,2.0,1.0,2.0,direct_target,parameter_only,1,false
sensitivity_153,policy,virgin_metal_tax_tax_0_02,virgin_metal_tax,0.02,LOCALLY_INFEASIBLE,INFEASIBLE_POINT,false,30.419620009,0.0012185261772169609,2,0.0,0,material_composite_production_SK,eqpzs,IND_SK_NEW_ELMA,0.0012185261772169609,EOL_FLOW_EOL_DE_ELMA_INC,0.0,,2.0,2.0,1.0,2.0,1.0,0.5,sensitivity_153,sensitivity_147,trade.cet_transformation_elasticity,0.5,2.0,0.5,1.25,parameter_bisection,parameter_only,2,false
sensitivity_153,policy,virgin_metal_tax_tax_0_02,virgin_metal_tax,0.02,LOCALLY_INFEASIBLE,INFEASIBLE_POINT,true,9.810136653,0.0008245814742330994,0,0.0,0,common_eu_trade,eu_cet_quantity,NEW_ELMA|SK,0.0008245814742330994,EOL_FLOW_EOL_DE_ELMA_INC,0.0,,2.0,2.0,1.0,2.0,1.0,0.5,sensitivity_153,sensitivity_147,trade.cet_transformation_elasticity,0.5,2.0,0.25,0.875,parameter_bisection,parameter_only,3,true
sensitivity_153,policy,virgin_metal_tax_tax_0_02,virgin_metal_tax,0.02,LOCALLY_INFEASIBLE,INFEASIBLE_POINT,false,26.551116246,0.0012762190998150125,2,5.639041001871392e-9,0,material_composite_production_SK,eqpzs,IND_SK_NEW_ELMA,0.0012762190998150125,Y_IND_FR_NEW_OFMA,5.639041001871392e-9,,2.0,2.0,1.0,2.0,1.0,0.5,sensitivity_153,sensitivity_147,trade.cet_transformation_elasticity,0.5,2.0,0.75,1.625,parameter_bisection,parameter_only,4,false
sensitivity_153,policy,virgin_metal_tax_tax_0_02,virgin_metal_tax,0.02,LOCALLY_INFEASIBLE,INFEASIBLE_POINT,false,14.770904785,0.0011909640952327827,2,0.0,0,material_composite_production_SK,eqpzs,IND_SK_NEW_ELMA,0.0011909640952327827,EOL_FLOW_EOL_DE_ELMA_INC,0.0,,2.0,2.0,1.0,2.0,1.0,0.5,sensitivity_153,sensitivity_147,trade.cet_transformation_elasticity,0.5,2.0,0.5,1.25,parameter_bisection,parameter_only,5,false
sensitivity_153,policy,virgin_metal_tax_tax_0_02,virgin_metal_tax,0.02,LOCALLY_INFEASIBLE,INFEASIBLE_POINT,false,10.372815105,0.001088780826780827,2,0.0,0,common_eu_trade,eu_cet_quantity,NEW_ELMA|SK,0.001088780826780827,EOL_FLOW_EOL_DE_ELMA_INC,0.0,,2.0,2.0,1.0,2.0,1.0,0.5,sensitivity_153,sensitivity_147,trade.cet_transformation_elasticity,0.5,2.0,0.375,1.0625,parameter_bisection,parameter_only,6,false
sensitivity_153,policy,virgin_metal_tax_tax_0_02,virgin_metal_tax,0.02,LOCALLY_INFEASIBLE,INFEASIBLE_POINT,true,9.014708886,0.0009691267984782144,0,0.0,0,common_eu_trade,eu_cet_quantity,NEW_ELMA|SK,0.0009691267984782144,EOL_FLOW_EOL_DE_ELMA_INC,0.0,,2.0,2.0,1.0,2.0,1.0,0.5,sensitivity_153,sensitivity_147,trade.cet_transformation_elasticity,0.5,2.0,0.3125,0.96875,parameter_bisection,parameter_only,7,true
sensitivity_153,policy,virgin_metal_tax_tax_0_02,virgin_metal_tax,0.02,LOCALLY_INFEASIBLE,INFEASIBLE_POINT,false,32.327292921,0.0011812887344780651,2,0.0,0,common_eu_trade,eu_cet_quantity,NEW_ELMA|SK,0.0011812887344780651,EOL_FLOW_EOL_DE_ELMA_INC,0.0,,2.0,2.0,1.0,2.0,1.0,0.5,sensitivity_153,sensitivity_147,trade.cet_transformation_elasticity,0.5,2.0,0.4375,1.15625,parameter_bisection,parameter_only,8,false
sensitivity_153,policy,virgin_metal_tax_tax_0_02,virgin_metal_tax,0.02,LOCALLY_INFEASIBLE,INFEASIBLE_POINT,false,3.404710028,0.0010688033893605019,2,0.0,0,common_eu_trade,eu_cet_quantity,NEW_ELMA|SK,0.0010688033893605019,EOL_FLOW_EOL_DE_ELMA_INC,0.0,,2.0,2.0,1.0,2.0,1.0,0.5,sensitivity_153,sensitivity_147,trade.cet_transformation_elasticity,0.5,2.0,0.375,1.0625,parameter_bisection,parameter_only,9,false
sensitivity_153,policy,virgin_metal_tax_tax_0_02,virgin_metal_tax,0.02,LOCALLY_INFEASIBLE,INFEASIBLE_POINT,false,5.012564689,0.0011058028706547596,2,0.0,0,material_composite_production_DE,eqpzs,IND_DE_NEW_ELMA,0.0011058028706547596,EOL_FLOW_EOL_DE_ELMA_INC,0.0,,2.0,2.0,1.0,2.0,1.0,0.5,sensitivity_153,sensitivity_147,trade.cet_transformation_elasticity,0.5,2.0,0.34375,1.015625,parameter_bisection,parameter_only,10,false
sensitivity_153,policy,virgin_metal_tax_tax_0_02,virgin_metal_tax,0.02,LOCALLY_INFEASIBLE,INFEASIBLE_POINT,false,5.572246684,0.001046240896811981,2,0.0,0,common_eu_trade,eu_cet_quantity,NEW_ELMA|SK,0.001046240896811981,EOL_FLOW_EOL_DE_ELMA_INC,0.0,,2.0,2.0,1.0,2.0,1.0,0.5,sensitivity_153,sensitivity_147,trade.cet_transformation_elasticity,0.5,2.0,0.328125,0.9921875,parameter_bisection,parameter_only,11,false
sensitivity_153,policy,virgin_metal_tax_tax_0_02,virgin_metal_tax,0.02,LOCALLY_INFEASIBLE,INFEASIBLE_POINT,false,5.262846108,0.0010334027052699235,1,0.0,0,common_eu_trade,eu_cet_quantity,NEW_ELMA|SK,0.0010334027052699235,EOL_FLOW_EOL_DE_ELMA_INC,0.0,,2.0,2.0,1.0,2.0,1.0,0.5,sensitivity_153,sensitivity_147,trade.cet_transformation_elasticity,0.5,2.0,0.3203125,0.98046875,parameter_bisection,parameter_only,12,false
sensitivity_153,policy,virgin_metal_tax_tax_0_02,virgin_metal_tax,0.02,LOCALLY_INFEASIBLE,INFEASIBLE_POINT,false,5.90821422,0.0010223361497861986,1,0.0,0,common_eu_trade,eu_cet_quantity,NEW_ELMA|SK,0.0010223361497861986,EOL_FLOW_EOL_DE_ELMA_INC,0.0,,2.0,2.0,1.0,2.0,1.0,0.5,sensitivity_153,sensitivity_147,trade.cet_transformation_elasticity,0.5,2.0,0.31640625,0.974609375,parameter_bisection,parameter_only,13,false
sensitivity_153,policy,virgin_metal_tax_tax_0_02,virgin_metal_tax,0.02,LOCALLY_INFEASIBLE,INFEASIBLE_POINT,false,21.181785174,0.0010244925934043202,1,0.0,0,common_eu_trade,eu_cet_quantity,NEW_ELMA|SK,0.0010244925934043202,EOL_FLOW_EOL_DE_ELMA_INC,0.0,,2.0,2.0,1.0,2.0,1.0,0.5,sensitivity_153,sensitivity_147,trade.cet_transformation_elasticity,0.5,2.0,0.314453125,0.9716796875,parameter_bisection,parameter_only,14,false
sensitivity_153,policy,virgin_metal_tax_tax_0_02,virgin_metal_tax,0.02,LOCALLY_INFEASIBLE,INFEASIBLE_POINT,true,3.397990442,0.0009694545793221492,0,0.0,0,common_eu_trade,eu_cet_quantity,NEW_ELMA|SK,0.0009694545793221492,EOL_FLOW_EOL_DE_ELMA_INC,0.0,,2.0,2.0,1.0,2.0,1.0,0.5,sensitivity_153,sensitivity_147,trade.cet_transformation_elasticity,0.5,2.0,0.3134765625,0.97021484375,parameter_bisection,parameter_only,15,true
sensitivity_153,policy,virgin_metal_tax_tax_0_02,virgin_metal_tax,0.02,LOCALLY_INFEASIBLE,INFEASIBLE_POINT,false,7.268041965,0.0010245729645410805,1,0.0,0,common_eu_trade,eu_cet_quantity,NEW_ELMA|SK,0.0010245729645410805,EOL_FLOW_EOL_DE_ELMA_INC,0.0,,2.0,2.0,1.0,2.0,1.0,0.5,sensitivity_153,sensitivity_147,trade.cet_transformation_elasticity,0.5,2.0,0.3154296875,0.97314453125,parameter_bisection,parameter_only,16,false
sensitivity_153,policy,virgin_metal_tax_tax_0_02,virgin_metal_tax,0.02,LOCALLY_INFEASIBLE,INFEASIBLE_POINT,false,8.698148617,0.0010252273397767576,1,0.0,0,common_eu_trade,eu_cet_quantity,NEW_ELMA|SK,0.0010252273397767576,EOL_FLOW_EOL_DE_ELMA_INC,0.0,,2.0,2.0,1.0,2.0,1.0,0.5,sensitivity_153,sensitivity_147,trade.cet_transformation_elasticity,0.5,2.0,0.314453125,0.9716796875,parameter_bisection,parameter_only,17,false
sensitivity_153,policy,virgin_metal_tax_tax_0_02,virgin_metal_tax,0.02,LOCALLY_INFEASIBLE,INFEASIBLE_POINT,true,4.284507044,0.0009698178620380742,0,0.0,0,common_eu_trade,eu_cet_quantity,NEW_ELMA|SK,0.0009698178620380742,EOL_FLOW_EOL_DE_ELMA_INC,0.0,,2.0,2.0,1.0,2.0,1.0,0.5,sensitivity_153,sensitivity_147,trade.cet_transformation_elasticity,0.5,2.0,0.31396484375,0.970947265625,parameter_bisection,parameter_only,18,true
sensitivity_153,policy,virgin_metal_tax_tax_0_02,virgin_metal_tax,0.02,LOCALLY_INFEASIBLE,INFEASIBLE_POINT,false,7.753855847,0.001024265218633902,1,0.0,0,common_eu_trade,eu_cet_quantity,NEW_ELMA|SK,0.001024265218633902,EOL_FLOW_EOL_DE_ELMA_INC,0.0,,2.0,2.0,1.0,2.0,1.0,0.5,sensitivity_153,sensitivity_147,trade.cet_transformation_elasticity,0.5,2.0,0.31494140625,0.972412109375,parameter_bisection,parameter_only,19,false
sensitivity_153,policy,virgin_metal_tax_tax_0_02,virgin_metal_tax,0.02,LOCALLY_INFEASIBLE,INFEASIBLE_POINT,false,6.301309177,0.0010245609711284525,1,0.0,0,common_eu_trade,eu_cet_quantity,NEW_ELMA|SK,0.0010245609711284525,EOL_FLOW_EOL_DE_ELMA_INC,0.0,,2.0,2.0,1.0,2.0,1.0,0.5,sensitivity_153,sensitivity_147,trade.cet_transformation_elasticity,0.5,2.0,0.314453125,0.9716796875,parameter_bisection,parameter_only,20,false
sensitivity_153,policy,virgin_metal_tax_tax_0_02,virgin_metal_tax,0.02,LOCALLY_INFEASIBLE,INFEASIBLE_POINT,false,10.034604298,0.001023507998237162,1,0.0,0,common_eu_trade,eu_cet_quantity,NEW_ELMA|SK,0.001023507998237162,EOL_FLOW_EOL_DE_ELMA_INC,0.0,,2.0,2.0,1.0,2.0,1.0,0.5,sensitivity_153,sensitivity_147,trade.cet_transformation_elasticity,0.5,2.0,0.314208984375,0.9713134765625,parameter_bisection,parameter_only,21,false
sensitivity_153,policy,virgin_metal_tax_tax_0_02,virgin_metal_tax,0.02,LOCALLY_INFEASIBLE,INFEASIBLE_POINT,false,23.284327628,0.0010228645650604531,1,0.0,0,common_eu_trade,eu_cet_quantity,NEW_ELMA|SK,0.0010228645650604531,EOL_FLOW_EOL_DE_ELMA_INC,0.0,,2.0,2.0,1.0,2.0,1.0,0.5,sensitivity_153,sensitivity_147,trade.cet_transformation_elasticity,0.5,2.0,0.3140869140625,0.97113037109375,parameter_bisection,parameter_only,22,false
sensitivity_162,policy,virgin_metal_tax_tax_0_02,virgin_metal_tax,0.02,LOCALLY_INFEASIBLE,INFEASIBLE_POINT,false,22.435517168,0.0012347575517477338,1,0.0,0,material_composite_production_SK,eqpzs,IND_SK_NEW_ELMA,0.0012347575517477338,EOL_FLOW_EOL_DE_ELMA_INC,0.0,,2.0,2.0,2.0,2.0,1.0,0.5,sensitivity_162,sensitivity_135,circular_routes.eol_allocation_elasticity,1.0,2.0,1.0,2.0,direct_target,parameter_only,1,false
sensitivity_162,policy,virgin_metal_tax_tax_0_02,virgin_metal_tax,0.02,LOCALLY_INFEASIBLE,INFEASIBLE_POINT,false,20.511365233,0.00792022069240228,1,0.0,0,observed_physical_flow_links,quantity_link,physical_SK_OFMA_REP_route_input_mass,0.00792022069240228,EOL_FLOW_EOL_DE_ELMA_INC,0.0,,2.0,2.0,2.0,2.0,1.0,0.5,sensitivity_162,sensitivity_135,circular_routes.eol_allocation_elasticity,1.0,2.0,0.5,1.5,parameter_bisection,parameter_only,2,false
sensitivity_162,policy,virgin_metal_tax_tax_0_02,virgin_metal_tax,0.02,LOCALLY_INFEASIBLE,INFEASIBLE_POINT,false,11.677786196,0.0012038125974982439,1,0.0,0,material_composite_production_SK,eqpzs,IND_SK_NEW_ELMA,0.0012038125974982439,EOL_FLOW_EOL_DE_ELMA_INC,0.0,,2.0,2.0,2.0,2.0,1.0,0.5,sensitivity_162,sensitivity_135,circular_routes.eol_allocation_elasticity,1.0,2.0,0.25,1.25,parameter_bisection,parameter_only,3,false
sensitivity_162,policy,virgin_metal_tax_tax_0_02,virgin_metal_tax,0.02,LOCALLY_INFEASIBLE,INFEASIBLE_POINT,false,5.828250762,0.0012143791807368576,1,0.0,0,material_composite_production_SK,eqpzs,IND_SK_NEW_ELMA,0.0012143791807368576,EOL_FLOW_EOL_DE_ELMA_INC,0.0,,2.0,2.0,2.0,2.0,1.0,0.5,sensitivity_162,sensitivity_135,circular_routes.eol_allocation_elasticity,1.0,2.0,0.125,1.125,parameter_bisection,parameter_only,4,false
sensitivity_162,policy,virgin_metal_tax_tax_0_02,virgin_metal_tax,0.02,LOCALLY_INFEASIBLE,INFEASIBLE_POINT,true,8.145039299,0.000999825728757786,0,0.0,0,material_composite_production_SK,eqpzs,IND_SK_NEW_ELMA,0.000999825728757786,EOL_FLOW_EOL_DE_ELMA_INC,0.0,,2.0,2.0,2.0,2.0,1.0,0.5,sensitivity_162,sensitivity_135,circular_routes.eol_allocation_elasticity,1.0,2.0,0.0625,1.0625,parameter_bisection,parameter_only,5,true
sensitivity_162,policy,virgin_metal_tax_tax_0_02,virgin_metal_tax,0.02,LOCALLY_INFEASIBLE,INFEASIBLE_POINT,false,5.63204084,0.0012271035120625662,1,0.0,0,material_composite_production_SK,eqpzs,IND_SK_NEW_ELMA,0.0012271035120625662,EOL_FLOW_EOL_DE_ELMA_INC,0.0,,2.0,2.0,2.0,2.0,1.0,0.5,sensitivity_162,sensitivity_135,circular_routes.eol_allocation_elasticity,1.0,2.0,0.1875,1.1875,parameter_bisection,parameter_only,6,false
sensitivity_162,policy,virgin_metal_tax_tax_0_02,virgin_metal_tax,0.02,LOCALLY_INFEASIBLE,INFEASIBLE_POINT,false,4.690836628,0.0010299725801468096,1,0.0,0,material_composite_production_SK,eqpzs,IND_SK_NEW_ELMA,0.0010299725801468096,EOL_FLOW_EOL_DE_ELMA_INC,0.0,,2.0,2.0,2.0,2.0,1.0,0.5,sensitivity_162,sensitivity_135,circular_routes.eol_allocation_elasticity,1.0,2.0,0.125,1.125,parameter_bisection,parameter_only,7,false
sensitivity_162,policy,virgin_metal_tax_tax_0_02,virgin_metal_tax,0.02,LOCALLY_INFEASIBLE,INFEASIBLE_POINT,false,9.838940719,0.001265418687301012,1,0.0,0,material_composite_production_SK,eqpzs,IND_SK_NEW_ELMA,0.001265418687301012,EOL_FLOW_EOL_DE_ELMA_INC,0.0,,2.0,2.0,2.0,2.0,1.0,0.5,sensitivity_162,sensitivity_135,circular_routes.eol_allocation_elasticity,1.0,2.0,0.09375,1.09375,parameter_bisection,parameter_only,8,false
sensitivity_162,policy,virgin_metal_tax_tax_0_02,virgin_metal_tax,0.02,LOCALLY_INFEASIBLE,INFEASIBLE_POINT,false,15.408936596,0.0012679204739214356,2,0.0,0,material_composite_production_SK,eqpzs,IND_SK_NEW_ELMA,0.0012679204739214356,EOL_FLOW_EOL_DE_ELMA_INC,0.0,,2.0,2.0,2.0,2.0,1.0,0.5,sensitivity_162,sensitivity_135,circular_routes.eol_allocation_elasticity,1.0,2.0,0.078125,1.078125,parameter_bisection,parameter_only,9,false
sensitivity_162,policy,virgin_metal_tax_tax_0_02,virgin_metal_tax,0.02,LOCALLY_INFEASIBLE,INFEASIBLE_POINT,false,22.783167527,0.0012640365937264253,2,0.0,0,material_composite_production_SK,eqpzs,IND_SK_NEW_ELMA,0.0012640365937264253,EOL_FLOW_EOL_DE_ELMA_INC,0.0,,2.0,2.0,2.0,2.0,1.0,0.5,sensitivity_162,sensitivity_135,circular_routes.eol_allocation_elasticity,1.0,2.0,0.0703125,1.0703125,parameter_bisection,parameter_only,10,false
sensitivity_162,policy,virgin_metal_tax_tax_0_02,virgin_metal_tax,0.02,LOCALLY_INFEASIBLE,INFEASIBLE_POINT,false,8.851668772,0.001041119219044373,1,0.0,0,material_composite_production_SK,eqpzs,IND_SK_NEW_ELMA,0.001041119219044373,EOL_FLOW_EOL_DE_ELMA_INC,0.0,,2.0,2.0,2.0,2.0,1.0,0.5,sensitivity_162,sensitivity_135,circular_routes.eol_allocation_elasticity,1.0,2.0,0.06640625,1.06640625,parameter_bisection,parameter_only,11,false
sensitivity_162,policy,virgin_metal_tax_tax_0_02,virgin_metal_tax,0.02,LOCALLY_INFEASIBLE,INFEASIBLE_POINT,false,7.140575136,0.0010079462764792657,1,0.0,0,material_composite_production_SK,eqpzs,IND_SK_NEW_ELMA,0.0010079462764792657,EOL_FLOW_EOL_DE_ELMA_INC,0.0,,2.0,2.0,2.0,2.0,1.0,0.5,sensitivity_162,sensitivity_135,circular_routes.eol_allocation_elasticity,1.0,2.0,0.064453125,1.064453125,parameter_bisection,parameter_only,12,false
sensitivity_162,policy,virgin_metal_tax_tax_0_02,virgin_metal_tax,0.02,LOCALLY_INFEASIBLE,INFEASIBLE_POINT,false,12.52622078,0.001264546568102487,2,0.0,0,material_composite_production_SK,eqpzs,IND_SK_NEW_ELMA,0.001264546568102487,EOL_FLOW_EOL_DE_ELMA_INC,0.0,,2.0,2.0,2.0,2.0,1.0,0.5,sensitivity_162,sensitivity_135,circular_routes.eol_allocation_elasticity,1.0,2.0,0.0634765625,1.0634765625,parameter_bisection,parameter_only,13,false
sensitivity_162,policy,virgin_metal_tax_tax_0_02,virgin_metal_tax,0.02,LOCALLY_INFEASIBLE,INFEASIBLE_POINT,false,8.297095613,0.0012652552475920231,2,0.0,0,material_composite_production_SK,eqpzs,IND_SK_NEW_ELMA,0.0012652552475920231,EOL_FLOW_EOL_DE_ELMA_INC,0.0,,2.0,2.0,2.0,2.0,1.0,0.5,sensitivity_162,sensitivity_135,circular_routes.eol_allocation_elasticity,1.0,2.0,0.06298828125,1.06298828125,parameter_bisection,parameter_only,14,false
sensitivity_162,policy,virgin_metal_tax_tax_0_02,virgin_metal_tax,0.02,LOCALLY_INFEASIBLE,INFEASIBLE_POINT,false,9.609419436,0.0012617215227365142,2,0.0,0,material_composite_production_SK,eqpzs,IND_SK_NEW_ELMA,0.0012617215227365142,EOL_FLOW_EOL_DE_ELMA_INC,0.0,,2.0,2.0,2.0,2.0,1.0,0.5,sensitivity_162,sensitivity_135,circular_routes.eol_allocation_elasticity,1.0,2.0,0.062744140625,1.062744140625,parameter_bisection,parameter_only,15,false
sensitivity_162,policy,virgin_metal_tax_tax_0_02,virgin_metal_tax,0.02,LOCALLY_INFEASIBLE,INFEASIBLE_POINT,false,12.670186337,0.0012654122377443455,2,0.0,0,material_composite_production_SK,eqpzs,IND_SK_NEW_ELMA,0.0012654122377443455,EOL_FLOW_EOL_DE_ELMA_INC,0.0,,2.0,2.0,2.0,2.0,1.0,0.5,sensitivity_162,sensitivity_135,circular_routes.eol_allocation_elasticity,1.0,2.0,0.0626220703125,1.0626220703125,parameter_bisection,parameter_only,16,false
sensitivity_206,policy,virgin_metal_tax_tax_0_02,virgin_metal_tax,0.02,LOCALLY_INFEASIBLE,INFEASIBLE_POINT,false,7.515545899,0.001046055390684919,1,0.0,0,material_composite_production_REU,eqpzs,IND_REU_NEW_ELMA,0.001046055390684919,EOL_FLOW_EOL_DE_ELMA_INC,0.0,,1.0,2.0,1.0,1.0,2.0,0.5,sensitivity_206,sensitivity_125,circular_routes.eol_productivity_elasticity,1.0,2.0,1.0,2.0,direct_target,parameter_only,1,false
sensitivity_206,policy,virgin_metal_tax_tax_0_02,virgin_metal_tax,0.02,LOCALLY_INFEASIBLE,INFEASIBLE_POINT,false,16.184104633,0.0010617772369611034,1,0.0,0,material_composite_production_REU,eqpzs,IND_REU_NEW_ELMA,0.0010617772369611034,EOL_FLOW_EOL_DE_ELMA_INC,0.0,,1.0,2.0,1.0,1.0,2.0,0.5,sensitivity_206,sensitivity_125,circular_routes.eol_productivity_elasticity,1.0,2.0,0.5,1.5,parameter_bisection,parameter_only,2,false
sensitivity_206,policy,virgin_metal_tax_tax_0_02,virgin_metal_tax,0.02,LOCALLY_INFEASIBLE,INFEASIBLE_POINT,false,19.76117913,0.0010765118324113088,1,0.0,0,material_composite_production_REU,eqpzs,IND_REU_NEW_ELMA,0.0010765118324113088,EOL_FLOW_EOL_DE_ELMA_INC,0.0,,1.0,2.0,1.0,1.0,2.0,0.5,sensitivity_206,sensitivity_125,circular_routes.eol_productivity_elasticity,1.0,2.0,0.25,1.25,parameter_bisection,parameter_only,3,false
sensitivity_206,policy,virgin_metal_tax_tax_0_02,virgin_metal_tax,0.02,LOCALLY_INFEASIBLE,INFEASIBLE_POINT,false,16.498697573,0.0010802057197986104,1,0.0,0,material_composite_production_REU,eqpzs,IND_REU_NEW_ELMA,0.0010802057197986104,EOL_FLOW_EOL_DE_ELMA_INC,0.0,,1.0,2.0,1.0,1.0,2.0,0.5,sensitivity_206,sensitivity_125,circular_routes.eol_productivity_elasticity,1.0,2.0,0.125,1.125,parameter_bisection,parameter_only,4,false
sensitivity_206,policy,virgin_metal_tax_tax_0_02,virgin_metal_tax,0.02,LOCALLY_INFEASIBLE,INFEASIBLE_POINT,false,12.171778422,0.0010772601388272518,1,0.0,0,material_composite_production_REU,eqpzs,IND_REU_NEW_ELMA,0.0010772601388272518,EOL_FLOW_EOL_DE_ELMA_INC,0.0,,1.0,2.0,1.0,1.0,2.0,0.5,sensitivity_206,sensitivity_125,circular_routes.eol_productivity_elasticity,1.0,2.0,0.0625,1.0625,parameter_bisection,parameter_only,5,false
sensitivity_206,policy,virgin_metal_tax_tax_0_02,virgin_metal_tax,0.02,LOCALLY_INFEASIBLE,INFEASIBLE_POINT,false,5.604670622,0.0010057337371518482,1,0.0,0,material_composite_production_REU,eqpzs,IND_REU_NEW_ELMA,0.0010057337371518482,EOL_FLOW_EOL_DE_ELMA_INC,0.0,,1.0,2.0,1.0,1.0,2.0,0.5,sensitivity_206,sensitivity_125,circular_routes.eol_productivity_elasticity,1.0,2.0,0.03125,1.03125,parameter_bisection,parameter_only,6,false
sensitivity_206,policy,virgin_metal_tax_tax_0_02,virgin_metal_tax,0.02,LOCALLY_INFEASIBLE,INFEASIBLE_POINT,true,5.868190533,0.0009555953240786286,0,0.0,0,material_composite_production_REU,eqpzs,IND_REU_NEW_ELMA,0.0009555953240786286,EOL_FLOW_EOL_DE_ELMA_INC,0.0,,1.0,2.0,1.0,1.0,2.0,0.5,sensitivity_206,sensitivity_125,circular_routes.eol_productivity_elasticity,1.0,2.0,0.015625,1.015625,parameter_bisection,parameter_only,7,true
sensitivity_206,policy,virgin_metal_tax_tax_0_02,virgin_metal_tax,0.02,LOCALLY_INFEASIBLE,INFEASIBLE_POINT,false,6.301083751,0.0010473768341634493,1,0.0,0,material_composite_production_REU,eqpzs,IND_REU_NEW_ELMA,0.0010473768341634493,EOL_FLOW_EOL_DE_ELMA_INC,0.0,,1.0,2.0,1.0,1.0,2.0,0.5,sensitivity_206,sensitivity_125,circular_routes.eol_productivity_elasticity,1.0,2.0,0.046875,1.046875,parameter_bisection,parameter_only,8,false
sensitivity_206,policy,virgin_metal_tax_tax_0_02,virgin_metal_tax,0.02,LOCALLY_INFEASIBLE,INFEASIBLE_POINT,true,3.786326859,0.0009511126579024864,0,0.0,0,material_composite_production_REU,eqpzs,IND_REU_NEW_ELMA,0.0009511126579024864,EOL_FLOW_EOL_DE_ELMA_INC,0.0,,1.0,2.0,1.0,1.0,2.0,0.5,sensitivity_206,sensitivity_125,circular_routes.eol_productivity_elasticity,1.0,2.0,0.03125,1.03125,parameter_bisection,parameter_only,9,true
sensitivity_206,policy,virgin_metal_tax_tax_0_02,virgin_metal_tax,0.02,LOCALLY_INFEASIBLE,INFEASIBLE_POINT,true,5.820461777,0.0009485030051802346,0,0.0,0,material_composite_production_REU,eqpzs,IND_REU_NEW_ELMA,0.0009485030051802346,EOL_FLOW_EOL_DE_ELMA_INC,0.0,,1.0,2.0,1.0,1.0,2.0,0.5,sensitivity_206,sensitivity_125,circular_routes.eol_productivity_elasticity,1.0,2.0,0.0625,1.0625,parameter_bisection,parameter_only,10,true
sensitivity_206,policy,virgin_metal_tax_tax_0_02,virgin_metal_tax,0.02,LOCALLY_INFEASIBLE,INFEASIBLE_POINT,false,9.832302113,0.0010413485397143818,1,0.0,0,material_composite_production_REU,eqpzs,IND_REU_NEW_ELMA,0.0010413485397143818,EOL_FLOW_EOL_DE_ELMA_INC,0.0,,1.0,2.0,1.0,1.0,2.0,0.5,sensitivity_206,sensitivity_125,circular_routes.eol_productivity_elasticity,1.0,2.0,0.125,1.125,parameter_bisection,parameter_only,11,false
sensitivity_206,policy,virgin_metal_tax_tax_0_02,virgin_metal_tax,0.02,LOCALLY_INFEASIBLE,INFEASIBLE_POINT,false,7.861870508,0.0010564092849509876,1,0.0,0,material_composite_production_REU,eqpzs,IND_REU_NEW_ELMA,0.0010564092849509876,EOL_FLOW_EOL_DE_ELMA_INC,0.0,,1.0,2.0,1.0,1.0,2.0,0.5,sensitivity_206,sensitivity_125,circular_routes.eol_productivity_elasticity,1.0,2.0,0.09375,1.09375,parameter_bisection,parameter_only,12,false
sensitivity_206,policy,virgin_metal_tax_tax_0_02,virgin_metal_tax,0.02,LOCALLY_INFEASIBLE,INFEASIBLE_POINT,true,7.273497114,0.0009766122024263968,0,0.0,0,material_composite_production_REU,eqpzs,IND_REU_NEW_ELMA,0.0009766122024263968,EOL_FLOW_EOL_DE_ELMA_INC,0.0,,1.0,2.0,1.0,1.0,2.0,0.5,sensitivity_206,sensitivity_125,circular_routes.eol_productivity_elasticity,1.0,2.0,0.078125,1.078125,parameter_bisection,parameter_only,13,true
sensitivity_206,policy,virgin_metal_tax_tax_0_02,virgin_metal_tax,0.02,LOCALLY_INFEASIBLE,INFEASIBLE_POINT,true,10.4818404,0.000867361442604575,0,0.0,0,material_composite_production_REU,eqpzs,IND_REU_NEW_ELMA,0.000867361442604575,EOL_FLOW_EOL_DE_ELMA_INC,0.0,,1.0,2.0,1.0,1.0,2.0,0.5,sensitivity_206,sensitivity_125,circular_routes.eol_productivity_elasticity,1.0,2.0,0.109375,1.109375,parameter_bisection,parameter_only,14,true
sensitivity_206,policy,virgin_metal_tax_tax_0_02,virgin_metal_tax,0.02,LOCALLY_INFEASIBLE,INFEASIBLE_POINT,false,8.049000022,0.0010562687676053395,1,0.0,0,material_composite_production_REU,eqpzs,IND_REU_NEW_ELMA,0.0010562687676053395,EOL_FLOW_EOL_DE_ELMA_INC,0.0,,1.0,2.0,1.0,1.0,2.0,0.5,sensitivity_206,sensitivity_125,circular_routes.eol_productivity_elasticity,1.0,2.0,0.171875,1.171875,parameter_bisection,parameter_only,15,false
sensitivity_206,policy,virgin_metal_tax_tax_0_02,virgin_metal_tax,0.02,LOCALLY_INFEASIBLE,INFEASIBLE_POINT,false,17.862189077,0.0010777338886791554,1,0.0,0,material_composite_production_REU,eqpzs,IND_REU_NEW_ELMA,0.0010777338886791554,EOL_FLOW_EOL_DE_ELMA_INC,0.0,,1.0,2.0,1.0,1.0,2.0,0.5,sensitivity_206,sensitivity_125,circular_routes.eol_productivity_elasticity,1.0,2.0,0.140625,1.140625,parameter_bisection,parameter_only,16,false
sensitivity_206,policy,virgin_metal_tax_tax_0_02,virgin_metal_tax,0.02,LOCALLY_INFEASIBLE,INFEASIBLE_POINT,false,14.827191002,0.0010652660293291039,1,0.0,0,material_composite_production_REU,eqpzs,IND_REU_NEW_ELMA,0.0010652660293291039,EOL_FLOW_EOL_DE_ELMA_INC,0.0,,1.0,2.0,1.0,1.0,2.0,0.5,sensitivity_206,sensitivity_125,circular_routes.eol_productivity_elasticity,1.0,2.0,0.125,1.125,parameter_bisection,parameter_only,17,false
sensitivity_206,policy,virgin_metal_tax_tax_0_02,virgin_metal_tax,0.02,LOCALLY_INFEASIBLE,INFEASIBLE_POINT,false,7.973016783,0.0010485601960178448,1,0.0,0,material_composite_production_REU,eqpzs,IND_REU_NEW_ELMA,0.0010485601960178448,EOL_FLOW_EOL_DE_ELMA_INC,0.0,,1.0,2.0,1.0,1.0,2.0,0.5,sensitivity_206,sensitivity_125,circular_routes.eol_productivity_elasticity,1.0,2.0,0.1171875,1.1171875,parameter_bisection,parameter_only,18,false
sensitivity_206,policy,virgin_metal_tax_tax_0_02,virgin_metal_tax,0.02,LOCALLY_INFEASIBLE,INFEASIBLE_POINT,false,7.443029657,0.0010403868631410074,1,0.0,0,material_composite_production_REU,eqpzs,IND_REU_NEW_ELMA,0.0010403868631410074,EOL_FLOW_EOL_DE_ELMA_INC,0.0,,1.0,2.0,1.0,1.0,2.0,0.5,sensitivity_206,sensitivity_125,circular_routes.eol_productivity_elasticity,1.0,2.0,0.11328125,1.11328125,parameter_bisection,parameter_only,19,false
sensitivity_206,policy,virgin_metal_tax_tax_0_02,virgin_metal_tax,0.02,LOCALLY_INFEASIBLE,INFEASIBLE_POINT,false,7.728750579,0.0010454515847803103,1,0.0,0,material_composite_production_REU,eqpzs,IND_REU_NEW_ELMA,0.0010454515847803103,EOL_FLOW_EOL_DE_ELMA_INC,0.0,,1.0,2.0,1.0,1.0,2.0,0.5,sensitivity_206,sensitivity_125,circular_routes.eol_productivity_elasticity,1.0,2.0,0.111328125,1.111328125,parameter_bisection,parameter_only,20,false
sensitivity_206,policy,virgin_metal_tax_tax_0_02,virgin_metal_tax,0.02,LOCALLY_INFEASIBLE,INFEASIBLE_POINT,false,10.649138836,0.0010617700905475314,1,0.0,0,material_composite_production_REU,eqpzs,IND_REU_NEW_ELMA,0.0010617700905475314,EOL_FLOW_EOL_DE_ELMA_INC,0.0,,1.0,2.0,1.0,1.0,2.0,0.5,sensitivity_206,sensitivity_125,circular_routes.eol_productivity_elasticity,1.0,2.0,0.1103515625,1.1103515625,parameter_bisection,parameter_only,21,false
sensitivity_206,policy,virgin_metal_tax_tax_0_02,virgin_metal_tax,0.02,LOCALLY_INFEASIBLE,INFEASIBLE_POINT,false,8.088556516,0.0010497174775303542,1,0.0,0,material_composite_production_REU,eqpzs,IND_REU_NEW_ELMA,0.0010497174775303542,EOL_FLOW_EOL_DE_ELMA_INC,0.0,,1.0,2.0,1.0,1.0,2.0,0.5,sensitivity_206,sensitivity_125,circular_routes.eol_productivity_elasticity,1.0,2.0,0.10986328125,1.10986328125,parameter_bisection,parameter_only,22,false
sensitivity_206,policy,virgin_metal_tax_tax_0_02,virgin_metal_tax,0.02,LOCALLY_INFEASIBLE,INFEASIBLE_POINT,false,10.971562032,0.001061558180551092,1,0.0,0,material_composite_production_REU,eqpzs,IND_REU_NEW_ELMA,0.001061558180551092,EOL_FLOW_EOL_DE_ELMA_INC,0.0,,1.0,2.0,1.0,1.0,2.0,0.5,sensitivity_206,sensitivity_125,circular_routes.eol_productivity_elasticity,1.0,2.0,0.109619140625,1.109619140625,parameter_bisection,parameter_only,23,false
sensitivity_206,policy,virgin_metal_tax_tax_0_02,virgin_metal_tax,0.02,LOCALLY_INFEASIBLE,INFEASIBLE_POINT,false,4.559196145,0.0010341608779174116,1,0.0,0,material_composite_production_REU,eqpzs,IND_REU_NEW_ELMA,0.0010341608779174116,EOL_FLOW_EOL_DE_ELMA_INC,0.0,,1.0,2.0,1.0,1.0,2.0,0.5,sensitivity_206,sensitivity_125,circular_routes.eol_productivity_elasticity,1.0,2.0,0.1094970703125,1.1094970703125,parameter_bisection,parameter_only,24,false
sensitivity_207,policy,virgin_metal_tax_tax_0_02,virgin_metal_tax,0.02,LOCALLY_INFEASIBLE,INFEASIBLE_POINT,false,5.491317253,0.0010289201360401679,1,0.0,0,material_composite_production_REU,eqpzs,IND_REU_NEW_ELMA,0.0010289201360401679,EOL_FLOW_EOL_DE_ELMA_INC,0.0,,2.0,2.0,1.0,1.0,2.0,0.5,sensitivity_207,sensitivity_045,circular_routes.eol_productivity_elasticity,0.5,2.0,1.0,2.0,direct_target,parameter_only,1,false
sensitivity_207,policy,virgin_metal_tax_tax_0_02,virgin_metal_tax,0.02,LOCALLY_INFEASIBLE,INFEASIBLE_POINT,false,7.002548654,0.0010556650527141498,1,0.0,0,material_composite_production_REU,eqpzs,IND_REU_NEW_ELMA,0.0010556650527141498,EOL_FLOW_EOL_DE_ELMA_INC,0.0,,2.0,2.0,1.0,1.0,2.0,0.5,sensitivity_207,sensitivity_045,circular_routes.eol_productivity_elasticity,0.5,2.0,0.5,1.25,parameter_bisection,parameter_only,2,false
sensitivity_207,policy,virgin_metal_tax_tax_0_02,virgin_metal_tax,0.02,LOCALLY_INFEASIBLE,INFEASIBLE_POINT,false,8.898163507,0.0010110111101915287,1,0.0,0,material_composite_production_REU,eqpzs,IND_REU_NEW_ELMA,0.0010110111101915287,EOL_FLOW_EOL_DE_ELMA_INC,0.0,,2.0,2.0,1.0,1.0,2.0,0.5,sensitivity_207,sensitivity_045,circular_routes.eol_productivity_elasticity,0.5,2.0,0.25,0.875,parameter_bisection,parameter_only,3,false
sensitivity_207,policy,virgin_metal_tax_tax_0_02,virgin_metal_tax,0.02,LOCALLY_INFEASIBLE,INFEASIBLE_POINT,true,3.852675969,0.000957022541293151,0,0.0,0,material_composite_production_REU,eqpzs,IND_REU_NEW_ELMA,0.000957022541293151,EOL_FLOW_EOL_DE_ELMA_INC,0.0,,2.0,2.0,1.0,1.0,2.0,0.5,sensitivity_207,sensitivity_045,circular_routes.eol_productivity_elasticity,0.5,2.0,0.125,0.6875,parameter_bisection,parameter_only,4,true
sensitivity_207,policy,virgin_metal_tax_tax_0_02,virgin_metal_tax,0.02,LOCALLY_INFEASIBLE,INFEASIBLE_POINT,false,7.376058353,0.0010176706202362773,1,0.0,0,material_composite_production_REU,eqpzs,IND_REU_NEW_ELMA,0.0010176706202362773,EOL_FLOW_EOL_DE_ELMA_INC,0.0,,2.0,2.0,1.0,1.0,2.0,0.5,sensitivity_207,sensitivity_045,circular_routes.eol_productivity_elasticity,0.5,2.0,0.375,1.0625,parameter_bisection,parameter_only,5,false
sensitivity_207,policy,virgin_metal_tax_tax_0_02,virgin_metal_tax,0.02,LOCALLY_INFEASIBLE,INFEASIBLE_POINT,false,6.563622867,0.001011755920210522,1,0.0,0,material_composite_production_REU,eqpzs,IND_REU_NEW_ELMA,0.001011755920210522,EOL_FLOW_EOL_DE_ELMA_INC,0.0,,2.0,2.0,1.0,1.0,2.0,0.5,sensitivity_207,sensitivity_045,circular_routes.eol_productivity_elasticity,0.5,2.0,0.25,0.875,parameter_bisection,parameter_only,6,false
sensitivity_207,policy,virgin_metal_tax_tax_0_02,virgin_metal_tax,0.02,LOCALLY_INFEASIBLE,INFEASIBLE_POINT,true,3.482621689,0.0009570310080121436,0,0.0,0,material_composite_production_REU,eqpzs,IND_REU_NEW_ELMA,0.0009570310080121436,EOL_FLOW_EOL_DE_ELMA_INC,0.0,,2.0,2.0,1.0,1.0,2.0,0.5,sensitivity_207,sensitivity_045,circular_routes.eol_productivity_elasticity,0.5,2.0,0.1875,0.78125,parameter_bisection,parameter_only,7,true
sensitivity_207,policy,virgin_metal_tax_tax_0_02,virgin_metal_tax,0.02,LOCALLY_INFEASIBLE,INFEASIBLE_POINT,false,7.433274316,0.0010684274881742617,1,0.0,0,material_composite_production_REU,eqpzs,IND_REU_NEW_ELMA,0.0010684274881742617,EOL_FLOW_EOL_DE_ELMA_INC,0.0,,2.0,2.0,1.0,1.0,2.0,0.5,sensitivity_207,sensitivity_045,circular_routes.eol_productivity_elasticity,0.5,2.0,0.3125,0.96875,parameter_bisection,parameter_only,8,false
sensitivity_207,policy,virgin_metal_tax_tax_0_02,virgin_metal_tax,0.02,LOCALLY_INFEASIBLE,INFEASIBLE_POINT,true,4.702137337,0.0009645220111947905,0,0.0,0,material_composite_production_REU,eqpzs,IND_REU_NEW_ELMA,0.0009645220111947905,EOL_FLOW_EOL_DE_ELMA_INC,0.0,,2.0,2.0,1.0,1.0,2.0,0.5,sensitivity_207,sensitivity_045,circular_routes.eol_productivity_elasticity,0.5,2.0,0.25,0.875,parameter_bisection,parameter_only,9,true
sensitivity_207,policy,virgin_metal_tax_tax_0_02,virgin_metal_tax,0.02,LOCALLY_INFEASIBLE,INFEASIBLE_POINT,true,4.498362482,0.000964791303428858,0,0.0,0,material_composite_production_REU,eqpzs,IND_REU_NEW_ELMA,0.000964791303428858,EOL_FLOW_EOL_DE_ELMA_INC,0.0,,2.0,2.0,1.0,1.0,2.0,0.5,sensitivity_207,sensitivity_045,circular_routes.eol_productivity_elasticity,0.5,2.0,0.375,1.0625,parameter_bisection,parameter_only,10,true
sensitivity_207,policy,virgin_metal_tax_tax_0_02,virgin_metal_tax,0.02,LOCALLY_INFEASIBLE,INFEASIBLE_POINT,false,8.420061831,0.0010280485944894613,1,0.0,0,material_composite_production_REU,eqpzs,IND_REU_NEW_ELMA,0.0010280485944894613,EOL_FLOW_EOL_DE_ELMA_INC,0.0,,2.0,2.0,1.0,1.0,2.0,0.5,sensitivity_207,sensitivity_045,circular_routes.eol_productivity_elasticity,0.5,2.0,0.625,1.4375,parameter_bisection,parameter_only,11,false
sensitivity_207,policy,virgin_metal_tax_tax_0_02,virgin_metal_tax,0.02,LOCALLY_INFEASIBLE,INFEASIBLE_POINT,false,8.958850507,0.0010681173044461145,1,0.0,0,material_composite_production_REU,eqpzs,IND_REU_NEW_ELMA,0.0010681173044461145,EOL_FLOW_EOL_DE_ELMA_INC,0.0,,2.0,2.0,1.0,1.0,2.0,0.5,sensitivity_207,sensitivity_045,circular_routes.eol_productivity_elasticity,0.5,2.0,0.5,1.25,parameter_bisection,parameter_only,12,false
sensitivity_207,policy,virgin_metal_tax_tax_0_02,virgin_metal_tax,0.02,LOCALLY_INFEASIBLE,INFEASIBLE_POINT,true,3.90358486,0.0009650767845794661,0,0.0,0,material_composite_production_REU,eqpzs,IND_REU_NEW_ELMA,0.0009650767845794661,EOL_FLOW_EOL_DE_ELMA_INC,0.0,,2.0,2.0,1.0,1.0,2.0,0.5,sensitivity_207,sensitivity_045,circular_routes.eol_productivity_elasticity,0.5,2.0,0.4375,1.15625,parameter_bisection,parameter_only,13,true
sensitivity_207,policy,virgin_metal_tax_tax_0_02,virgin_metal_tax,0.02,LOCALLY_INFEASIBLE,INFEASIBLE_POINT,false,7.616370239,0.0010649819114261216,1,0.0,0,material_composite_production_REU,eqpzs,IND_REU_NEW_ELMA,0.0010649819114261216,EOL_FLOW_EOL_DE_ELMA_INC,0.0,,2.0,2.0,1.0,1.0,2.0,0.5,sensitivity_207,sensitivity_045,circular_routes.eol_productivity_elasticity,0.5,2.0,0.5625,1.34375,parameter_bisection,parameter_only,14,false
sensitivity_207,policy,virgin_metal_tax_tax_0_02,virgin_metal_tax,0.02,LOCALLY_INFEASIBLE,INFEASIBLE_POINT,false,5.737279992,0.001002517534727243,1,0.0,0,material_composite_production_REU,eqpzs,IND_REU_NEW_ELMA,0.001002517534727243,EOL_FLOW_EOL_DE_ELMA_INC,0.0,,2.0,2.0,1.0,1.0,2.0,0.5,sensitivity_207,sensitivity_045,circular_routes.eol_productivity_elasticity,0.5,2.0,0.5,1.25,parameter_bisection,parameter_only,15,false
sensitivity_207,policy,virgin_metal_tax_tax_0_02,virgin_metal_tax,0.02,LOCALLY_INFEASIBLE,INFEASIBLE_POINT,true,4.117070902,0.0009717825079439413,0,0.0,0,material_composite_production_REU,eqpzs,IND_REU_NEW_ELMA,0.0009717825079439413,EOL_FLOW_EOL_DE_ELMA_INC,0.0,,2.0,2.0,1.0,1.0,2.0,0.5,sensitivity_207,sensitivity_045,circular_routes.eol_productivity_elasticity,0.5,2.0,0.46875,1.203125,parameter_bisection,parameter_only,16,true
sensitivity_207,policy,virgin_metal_tax_tax_0_02,virgin_metal_tax,0.02,LOCALLY_INFEASIBLE,INFEASIBLE_POINT,false,7.379845488,0.001069046274912444,1,0.0,0,material_composite_production_REU,eqpzs,IND_REU_NEW_ELMA,0.001069046274912444,EOL_FLOW_EOL_DE_ELMA_INC,0.0,,2.0,2.0,1.0,1.0,2.0,0.5,sensitivity_207,sensitivity_045,circular_routes.eol_productivity_elasticity,0.5,2.0,0.53125,1.296875,parameter_bisection,parameter_only,17,false
sensitivity_207,policy,virgin_metal_tax_tax_0_02,virgin_metal_tax,0.02,LOCALLY_INFEASIBLE,INFEASIBLE_POINT,false,5.283068246,0.0010375351498168595,1,0.0,0,material_composite_production_REU,eqpzs,IND_REU_NEW_ELMA,0.0010375351498168595,EOL_FLOW_EOL_DE_ELMA_INC,0.0,,2.0,2.0,1.0,1.0,2.0,0.5,sensitivity_207,sensitivity_045,circular_routes.eol_productivity_elasticity,0.5,2.0,0.5,1.25,parameter_bisection,parameter_only,18,false
sensitivity_207,policy,virgin_metal_tax_tax_0_02,virgin_metal_tax,0.02,LOCALLY_INFEASIBLE,INFEASIBLE_POINT,true,3.498660604,0.0009718006630763387,0,0.0,0,material_composite_production_REU,eqpzs,IND_REU_NEW_ELMA,0.0009718006630763387,EOL_FLOW_EOL_DE_ELMA_INC,0.0,,2.0,2.0,1.0,1.0,2.0,0.5,sensitivity_207,sensitivity_045,circular_routes.eol_productivity_elasticity,0.5,2.0,0.484375,1.2265625,parameter_bisection,parameter_only,19,true
sensitivity_207,policy,virgin_metal_tax_tax_0_02,virgin_metal_tax,0.02,LOCALLY_INFEASIBLE,INFEASIBLE_POINT,false,7.616398291,0.0010732527178821671,1,0.0,0,material_composite_production_REU,eqpzs,IND_REU_NEW_ELMA,0.0010732527178821671,EOL_FLOW_EOL_DE_ELMA_INC,0.0,,2.0,2.0,1.0,1.0,2.0,0.5,sensitivity_207,sensitivity_045,circular_routes.eol_productivity_elasticity,0.5,2.0,0.515625,1.2734375,parameter_bisection,parameter_only,20,false
sensitivity_207,policy,virgin_metal_tax_tax_0_02,virgin_metal_tax,0.02,LOCALLY_INFEASIBLE,INFEASIBLE_POINT,false,5.719706066,0.0010511805517907646,1,0.0,0,material_composite_production_REU,eqpzs,IND_REU_NEW_ELMA,0.0010511805517907646,EOL_FLOW_EOL_DE_ELMA_INC,0.0,,2.0,2.0,1.0,1.0,2.0,0.5,sensitivity_207,sensitivity_045,circular_routes.eol_productivity_elasticity,0.5,2.0,0.5,1.25,parameter_bisection,parameter_only,21,false
sensitivity_207,policy,virgin_metal_tax_tax_0_02,virgin_metal_tax,0.02,LOCALLY_INFEASIBLE,INFEASIBLE_POINT,true,3.511837081,0.0009718357086866414,0,0.0,0,material_composite_production_REU,eqpzs,IND_REU_NEW_ELMA,0.0009718357086866414,EOL_FLOW_EOL_DE_ELMA_INC,0.0,,2.0,2.0,1.0,1.0,2.0,0.5,sensitivity_207,sensitivity_045,circular_routes.eol_productivity_elasticity,0.5,2.0,0.4921875,1.23828125,parameter_bisection,parameter_only,22,true
sensitivity_207,policy,virgin_metal_tax_tax_0_02,virgin_metal_tax,0.02,LOCALLY_INFEASIBLE,INFEASIBLE_POINT,false,6.352320058,0.0010708095313516353,1,0.0,0,material_composite_production_REU,eqpzs,IND_REU_NEW_ELMA,0.0010708095313516353,EOL_FLOW_EOL_DE_ELMA_INC,0.0,,2.0,2.0,1.0,1.0,2.0,0.5,sensitivity_207,sensitivity_045,circular_routes.eol_productivity_elasticity,0.5,2.0,0.5078125,1.26171875,parameter_bisection,parameter_only,23,false
sensitivity_207,policy,virgin_metal_tax_tax_0_02,virgin_metal_tax,0.02,LOCALLY_INFEASIBLE,INFEASIBLE_POINT,true,4.154931176,0.0009718223270452908,0,0.0,0,material_composite_production_REU,eqpzs,IND_REU_NEW_ELMA,0.0009718223270452908,EOL_FLOW_EOL_DE_ELMA_INC,0.0,,2.0,2.0,1.0,1.0,2.0,0.5,sensitivity_207,sensitivity_045,circular_routes.eol_productivity_elasticity,0.5,2.0,0.5,1.25,parameter_bisection,parameter_only,24,true
sensitivity_207,policy,virgin_metal_tax_tax_0_02,virgin_metal_tax,0.02,LOCALLY_INFEASIBLE,INFEASIBLE_POINT,true,4.059757849,0.000971785410621484,0,0.0,0,material_composite_production_REU,eqpzs,IND_REU_NEW_ELMA,0.000971785410621484,EOL_FLOW_EOL_DE_ELMA_INC,0.0,,2.0,2.0,1.0,1.0,2.0,0.5,sensitivity_207,sensitivity_045,circular_routes.eol_productivity_elasticity,0.5,2.0,0.515625,1.2734375,parameter_bisection,parameter_only,25,true
sensitivity_207,policy,virgin_metal_tax_tax_0_02,virgin_metal_tax,0.02,LOCALLY_INFEASIBLE,INFEASIBLE_POINT,false,8.895625957,0.0010740648457709945,1,0.0,0,material_composite_production_REU,eqpzs,IND_REU_NEW_ELMA,0.0010740648457709945,EOL_FLOW_EOL_DE_ELMA_INC,0.0,,2.0,2.0,1.0,1.0,2.0,0.5,sensitivity_207,sensitivity_045,circular_routes.eol_productivity_elasticity,0.5,2.0,0.546875,1.3203125,parameter_bisection,parameter_only,26,false
sensitivity_207,policy,virgin_metal_tax_tax_0_02,virgin_metal_tax,0.02,LOCALLY_INFEASIBLE,INFEASIBLE_POINT,true,3.637405576,0.0009750282749025896,0,0.0,0,material_composite_production_REU,eqpzs,IND_REU_NEW_ELMA,0.0009750282749025896,EOL_FLOW_EOL_DE_ELMA_INC,0.0,,2.0,2.0,1.0,1.0,2.0,0.5,sensitivity_207,sensitivity_045,circular_routes.eol_productivity_elasticity,0.5,2.0,0.53125,1.296875,parameter_bisection,parameter_only,27,true
sensitivity_207,policy,virgin_metal_tax_tax_0_02,virgin_metal_tax,0.02,LOCALLY_INFEASIBLE,INFEASIBLE_POINT,false,5.981588758,0.0010692153908744562,1,0.0,0,material_composite_production_REU,eqpzs,IND_REU_NEW_ELMA,0.0010692153908744562,EOL_FLOW_EOL_DE_ELMA_INC,0.0,,2.0,2.0,1.0,1.0,2.0,0.5,sensitivity_207,sensitivity_045,circular_routes.eol_productivity_elasticity,0.5,2.0,0.5625,1.34375,parameter_bisection,parameter_only,28,false
sensitivity_207,policy,virgin_metal_tax_tax_0_02,virgin_metal_tax,0.02,LOCALLY_INFEASIBLE,INFEASIBLE_POINT,true,3.522352492,0.0009750295829535904,0,0.0,0,material_composite_production_REU,eqpzs,IND_REU_NEW_ELMA,0.0009750295829535904,EOL_FLOW_EOL_DE_ELMA_INC,0.0,,2.0,2.0,1.0,1.0,2.0,0.5,sensitivity_207,sensitivity_045,circular_routes.eol_productivity_elasticity,0.5,2.0,0.546875,1.3203125,parameter_bisection,parameter_only,29,true
sensitivity_207,policy,virgin_metal_tax_tax_0_02,virgin_metal_tax,0.02,LOCALLY_INFEASIBLE,INFEASIBLE_POINT,false,6.443902677,0.0010367245342385312,1,0.0,0,material_composite_production_REU,eqpzs,IND_REU_NEW_ELMA,0.0010367245342385312,EOL_FLOW_EOL_DE_ELMA_INC,0.0,,2.0,2.0,1.0,1.0,2.0,0.5,sensitivity_207,sensitivity_045,circular_routes.eol_productivity_elasticity,0.5,2.0,0.578125,1.3671875,parameter_bisection,parameter_only,30,false
sensitivity_207,policy,virgin_metal_tax_tax_0_02,virgin_metal_tax,0.02,LOCALLY_INFEASIBLE,INFEASIBLE_POINT,false,14.253905021,0.001075198055766502,1,0.0,0,material_composite_production_REU,eqpzs,IND_REU_NEW_ELMA,0.001075198055766502,EOL_FLOW_EOL_DE_ELMA_INC,0.0,,2.0,2.0,1.0,1.0,2.0,0.5,sensitivity_207,sensitivity_045,circular_routes.eol_productivity_elasticity,0.5,2.0,0.5625,1.34375,parameter_bisection,parameter_only,31,false
sensitivity_207,policy,virgin_metal_tax_tax_0_02,virgin_metal_tax,0.02,LOCALLY_INFEASIBLE,INFEASIBLE_POINT,true,3.919989485,0.0009750591967814248,0,0.0,0,material_composite_production_REU,eqpzs,IND_REU_NEW_ELMA,0.0009750591967814248,EOL_FLOW_EOL_DE_ELMA_INC,0.0,,2.0,2.0,1.0,1.0,2.0,0.5,sensitivity_207,sensitivity_045,circular_routes.eol_productivity_elasticity,0.5,2.0,0.5546875,1.33203125,parameter_bisection,parameter_only,32,true
sensitivity_207,policy,virgin_metal_tax_tax_0_02,virgin_metal_tax,0.02,LOCALLY_INFEASIBLE,INFEASIBLE_POINT,true,4.151417395,0.0009852108698596984,0,0.0,0,material_composite_production_REU,eqpzs,IND_REU_NEW_ELMA,0.0009852108698596984,EOL_FLOW_EOL_DE_ELMA_INC,0.0,,2.0,2.0,1.0,1.0,2.0,0.5,sensitivity_207,sensitivity_045,circular_routes.eol_productivity_elasticity,0.5,2.0,0.5703125,1.35546875,parameter_bisection,parameter_only,33,true
sensitivity_207,policy,virgin_metal_tax_tax_0_02,virgin_metal_tax,0.02,LOCALLY_INFEASIBLE,INFEASIBLE_POINT,true,5.569624777,0.000993378581078841,0,0.0,0,material_composite_production_REU,eqpzs,IND_REU_NEW_ELMA,0.000993378581078841,EOL_FLOW_EOL_DE_ELMA_INC,0.0,,2.0,2.0,1.0,1.0,2.0,0.5,sensitivity_207,sensitivity_045,circular_routes.eol_productivity_elasticity,0.5,2.0,0.6015625,1.40234375,parameter_bisection,parameter_only,34,true
sensitivity_207,policy,virgin_metal_tax_tax_0_02,virgin_metal_tax,0.02,LOCALLY_INFEASIBLE,INFEASIBLE_POINT,false,6.054977811,0.001039259769953893,1,0.0,0,material_composite_production_REU,eqpzs,IND_REU_NEW_ELMA,0.001039259769953893,EOL_FLOW_EOL_DE_ELMA_INC,0.0,,2.0,2.0,1.0,1.0,2.0,0.5,sensitivity_207,sensitivity_045,circular_routes.eol_productivity_elasticity,0.5,2.0,0.6640625,1.49609375,parameter_bisection,parameter_only,35,false
sensitivity_207,policy,virgin_metal_tax_tax_0_02,virgin_metal_tax,0.02,LOCALLY_INFEASIBLE,INFEASIBLE_POINT,true,5.432289426,0.0009947790675617352,0,0.0,0,material_composite_production_REU,eqpzs,IND_REU_NEW_ELMA,0.0009947790675617352,EOL_FLOW_EOL_DE_ELMA_INC,0.0,,2.0,2.0,1.0,1.0,2.0,0.5,sensitivity_207,sensitivity_045,circular_routes.eol_productivity_elasticity,0.5,2.0,0.6328125,1.44921875,parameter_bisection,parameter_only,36,true
sensitivity_207,policy,virgin_metal_tax_tax_0_02,virgin_metal_tax,0.02,LOCALLY_INFEASIBLE,INFEASIBLE_POINT,false,12.93487964,0.001079217985379688,1,0.0,0,material_composite_production_REU,eqpzs,IND_REU_NEW_ELMA,0.001079217985379688,EOL_FLOW_EOL_DE_ELMA_INC,0.0,,2.0,2.0,1.0,1.0,2.0,0.5,sensitivity_207,sensitivity_045,circular_routes.eol_productivity_elasticity,0.5,2.0,0.6953125,1.54296875,parameter_bisection,parameter_only,37,false
sensitivity_207,policy,virgin_metal_tax_tax_0_02,virgin_metal_tax,0.02,LOCALLY_INFEASIBLE,INFEASIBLE_POINT,false,8.645406842,0.0010765348148347176,1,0.0,0,material_composite_production_REU,eqpzs,IND_REU_NEW_ELMA,0.0010765348148347176,EOL_FLOW_EOL_DE_ELMA_INC,0.0,,2.0,2.0,1.0,1.0,2.0,0.5,sensitivity_207,sensitivity_045,circular_routes.eol_productivity_elasticity,0.5,2.0,0.6640625,1.49609375,parameter_bisection,parameter_only,38,false
sensitivity_207,policy,virgin_metal_tax_tax_0_02,virgin_metal_tax,0.02,LOCALLY_INFEASIBLE,INFEASIBLE_POINT,false,8.129243825,0.0010740171696905776,1,0.0,0,material_composite_production_REU,eqpzs,IND_REU_NEW_ELMA,0.0010740171696905776,EOL_FLOW_EOL_DE_ELMA_INC,0.0,,2.0,2.0,1.0,1.0,2.0,0.5,sensitivity_207,sensitivity_045,circular_routes.eol_productivity_elasticity,0.5,2.0,0.6484375,1.47265625,parameter_bisection,parameter_only,39,false
sensitivity_207,policy,virgin_metal_tax_tax_0_02,virgin_metal_tax,0.02,LOCALLY_INFEASIBLE,INFEASIBLE_POINT,true,4.509036591,0.0009947827077831928,0,0.0,0,material_composite_production_REU,eqpzs,IND_REU_NEW_ELMA,0.0009947827077831928,EOL_FLOW_EOL_DE_ELMA_INC,0.0,,2.0,2.0,1.0,1.0,2.0,0.5,sensitivity_207,sensitivity_045,circular_routes.eol_productivity_elasticity,0.5,2.0,0.640625,1.4609375,parameter_bisection,parameter_only,40,true
sensitivity_207,policy,virgin_metal_tax_tax_0_02,virgin_metal_tax,0.02,LOCALLY_INFEASIBLE,INFEASIBLE_POINT,false,8.60126727,0.0010755535483090162,1,0.0,0,material_composite_production_REU,eqpzs,IND_REU_NEW_ELMA,0.0010755535483090162,EOL_FLOW_EOL_DE_ELMA_INC,0.0,,2.0,2.0,1.0,1.0,2.0,0.5,sensitivity_207,sensitivity_045,circular_routes.eol_productivity_elasticity,0.5,2.0,0.65625,1.484375,parameter_bisection,parameter_only,41,false
sensitivity_207,policy,virgin_metal_tax_tax_0_02,virgin_metal_tax,0.02,LOCALLY_INFEASIBLE,INFEASIBLE_POINT,true,6.624076202,0.0009958815093472628,0,0.0,0,material_composite_production_REU,eqpzs,IND_REU_NEW_ELMA,0.0009958815093472628,EOL_FLOW_EOL_DE_ELMA_INC,0.0,,2.0,2.0,1.0,1.0,2.0,0.5,sensitivity_207,sensitivity_045,circular_routes.eol_productivity_elasticity,0.5,2.0,0.6484375,1.47265625,parameter_bisection,parameter_only,42,true
sensitivity_207,policy,virgin_metal_tax_tax_0_02,virgin_metal_tax,0.02,LOCALLY_INFEASIBLE,INFEASIBLE_POINT,false,9.23753781,0.0010338864249834767,1,0.0,0,material_composite_production_REU,eqpzs,IND_REU_NEW_ELMA,0.0010338864249834767,EOL_FLOW_EOL_DE_ELMA_INC,0.0,,2.0,2.0,1.0,1.0,2.0,0.5,sensitivity_207,sensitivity_045,circular_routes.eol_productivity_elasticity,0.5,2.0,0.6640625,1.49609375,parameter_bisection,parameter_only,43,false
sensitivity_207,policy,virgin_metal_tax_tax_0_02,virgin_metal_tax,0.02,LOCALLY_INFEASIBLE,INFEASIBLE_POINT,false,11.06776589,0.0010683540669946812,1,0.0,0,material_composite_production_REU,eqpzs,IND_REU_NEW_ELMA,0.0010683540669946812,EOL_FLOW_EOL_DE_ELMA_INC,0.0,,2.0,2.0,1.0,1.0,2.0,0.5,sensitivity_207,sensitivity_045,circular_routes.eol_productivity_elasticity,0.5,2.0,0.65625,1.484375,parameter_bisection,parameter_only,44,false
sensitivity_207,policy,virgin_metal_tax_tax_0_02,virgin_metal_tax,0.02,LOCALLY_INFEASIBLE,INFEASIBLE_POINT,false,8.304791979,0.0010348758829953342,1,0.0,0,material_composite_production_REU,eqpzs,IND_REU_NEW_ELMA,0.0010348758829953342,EOL_FLOW_EOL_DE_ELMA_INC,0.0,,2.0,2.0,1.0,1.0,2.0,0.5,sensitivity_207,sensitivity_045,circular_routes.eol_productivity_elasticity,0.5,2.0,0.65234375,1.478515625,parameter_bisection,parameter_only,45,false
sensitivity_207,policy,virgin_metal_tax_tax_0_02,virgin_metal_tax,0.02,LOCALLY_INFEASIBLE,INFEASIBLE_POINT,false,12.182684864,0.0010733231124259168,1,0.0,0,material_composite_production_REU,eqpzs,IND_REU_NEW_ELMA,0.0010733231124259168,EOL_FLOW_EOL_DE_ELMA_INC,0.0,,2.0,2.0,1.0,1.0,2.0,0.5,sensitivity_207,sensitivity_045,circular_routes.eol_productivity_elasticity,0.5,2.0,0.650390625,1.4755859375,parameter_bisection,parameter_only,46,false
sensitivity_207,policy,virgin_metal_tax_tax_0_02,virgin_metal_tax,0.02,LOCALLY_INFEASIBLE,INFEASIBLE_POINT,true,8.603818312,0.000993748854771881,0,0.0,0,material_composite_production_REU,eqpzs,IND_REU_NEW_ELMA,0.000993748854771881,EOL_FLOW_EOL_DE_ELMA_INC,0.0,,2.0,2.0,1.0,1.0,2.0,0.5,sensitivity_207,sensitivity_045,circular_routes.eol_productivity_elasticity,0.5,2.0,0.6494140625,1.47412109375,parameter_bisection,parameter_only,47,true
sensitivity_207,policy,virgin_metal_tax_tax_0_02,virgin_metal_tax,0.02,LOCALLY_INFEASIBLE,INFEASIBLE_POINT,false,6.342130596,0.001066767685377057,1,0.0,0,material_composite_production_REU,eqpzs,IND_REU_NEW_ELMA,0.001066767685377057,EOL_FLOW_EOL_DE_ELMA_INC,0.0,,2.0,2.0,1.0,1.0,2.0,0.5,sensitivity_207,sensitivity_045,circular_routes.eol_productivity_elasticity,0.5,2.0,0.6513671875,1.47705078125,parameter_bisection,parameter_only,48,false
sensitivity_207,policy,virgin_metal_tax_tax_0_02,virgin_metal_tax,0.02,LOCALLY_INFEASIBLE,INFEASIBLE_POINT,false,6.588564815,0.0010709857783116616,1,0.0,0,material_composite_production_REU,eqpzs,IND_REU_NEW_ELMA,0.0010709857783116616,EOL_FLOW_EOL_DE_ELMA_INC,0.0,,2.0,2.0,1.0,1.0,2.0,0.5,sensitivity_207,sensitivity_045,circular_routes.eol_productivity_elasticity,0.5,2.0,0.650390625,1.4755859375,parameter_bisection,parameter_only,49,false
sensitivity_207,policy,virgin_metal_tax_tax_0_02,virgin_metal_tax,0.02,LOCALLY_INFEASIBLE,INFEASIBLE_POINT,false,5.872416627,0.001070891477591207,1,0.0,0,material_composite_production_REU,eqpzs,IND_REU_NEW_ELMA,0.001070891477591207,EOL_FLOW_EOL_DE_ELMA_INC,0.0,,2.0,2.0,1.0,1.0,2.0,0.5,sensitivity_207,sensitivity_045,circular_routes.eol_productivity_elasticity,0.5,2.0,0.64990234375,1.474853515625,parameter_bisection,parameter_only,50,false
sensitivity_207,policy,virgin_metal_tax_tax_0_02,virgin_metal_tax,0.02,LOCALLY_INFEASIBLE,INFEASIBLE_POINT,false,5.895310711,0.0010711197168457032,1,0.0,0,material_composite_production_REU,eqpzs,IND_REU_NEW_ELMA,0.0010711197168457032,EOL_FLOW_EOL_DE_ELMA_INC,0.0,,2.0,2.0,1.0,1.0,2.0,0.5,sensitivity_207,sensitivity_045,circular_routes.eol_productivity_elasticity,0.5,2.0,0.649658203125,1.4744873046875,parameter_bisection,parameter_only,51,false
sensitivity_207,policy,virgin_metal_tax_tax_0_02,virgin_metal_tax,0.02,LOCALLY_INFEASIBLE,INFEASIBLE_POINT,false,13.423727563,0.0010806220082523188,1,0.0,0,material_composite_production_REU,eqpzs,IND_REU_NEW_ELMA,0.0010806220082523188,EOL_FLOW_EOL_DE_ELMA_INC,0.0,,2.0,2.0,1.0,1.0,2.0,0.5,sensitivity_207,sensitivity_045,circular_routes.eol_productivity_elasticity,0.5,2.0,0.6495361328125,1.47430419921875,parameter_bisection,parameter_only,52,false
sensitivity_386,policy,virgin_metal_tax_tax_0_02,virgin_metal_tax,0.02,LOCALLY_INFEASIBLE,INFEASIBLE_POINT,false,21.674558001,0.0010697758160487236,1,0.0,0,material_composite_production_REU,eqpzs,IND_REU_NEW_ELMA,0.0010697758160487236,EOL_FLOW_EOL_DE_ELMA_INC,0.0,,1.0,2.0,0.5,2.0,1.0,1.0,sensitivity_386,sensitivity_332,circular_routes.eol_allocation_elasticity,0.5,2.0,1.0,2.0,direct_target,parameter_only,1,false
sensitivity_386,policy,virgin_metal_tax_tax_0_02,virgin_metal_tax,0.02,LOCALLY_INFEASIBLE,INFEASIBLE_POINT,true,5.551109995,0.0009013229204580808,0,0.0,0,material_composite_production_SK,eqpzs,IND_SK_NEW_ELMA,0.0009013229204580808,EOL_FLOW_EOL_DE_ELMA_INC,0.0,,1.0,2.0,0.5,2.0,1.0,1.0,sensitivity_386,sensitivity_332,circular_routes.eol_allocation_elasticity,0.5,2.0,0.5,1.25,parameter_bisection,parameter_only,2,true
sensitivity_386,policy,virgin_metal_tax_tax_0_02,virgin_metal_tax,0.02,LOCALLY_INFEASIBLE,INFEASIBLE_POINT,false,23.49617184,0.0010737338957319542,1,0.0,0,material_composite_production_REU,eqpzs,IND_REU_NEW_ELMA,0.0010737338957319542,EOL_FLOW_EOL_DE_ELMA_INC,0.0,,1.0,2.0,0.5,2.0,1.0,1.0,sensitivity_386,sensitivity_332,circular_routes.eol_allocation_elasticity,0.5,2.0,1.0,2.0,parameter_bisection,parameter_only,3,false
sensitivity_386,policy,virgin_metal_tax_tax_0_02,virgin_metal_tax,0.02,LOCALLY_INFEASIBLE,INFEASIBLE_POINT,false,9.500157259,0.0010390391591202919,1,0.0,0,material_composite_production_REU,eqpzs,IND_REU_NEW_ELMA,0.0010390391591202919,EOL_FLOW_EOL_DE_ELMA_INC,0.0,,1.0,2.0,0.5,2.0,1.0,1.0,sensitivity_386,sensitivity_332,circular_routes.eol_allocation_elasticity,0.5,2.0,0.75,1.625,parameter_bisection,parameter_only,4,false
sensitivity_386,policy,virgin_metal_tax_tax_0_02,virgin_metal_tax,0.02,LOCALLY_INFEASIBLE,INFEASIBLE_POINT,false,13.273688486,0.0010346049858390716,1,0.0,0,material_composite_production_REU,eqpzs,IND_REU_NEW_ELMA,0.0010346049858390716,EOL_FLOW_EOL_DE_ELMA_INC,0.0,,1.0,2.0,0.5,2.0,1.0,1.0,sensitivity_386,sensitivity_332,circular_routes.eol_allocation_elasticity,0.5,2.0,0.625,1.4375,parameter_bisection,parameter_only,5,false
sensitivity_386,policy,virgin_metal_tax_tax_0_02,virgin_metal_tax,0.02,LOCALLY_INFEASIBLE,INFEASIBLE_POINT,false,11.117359707,0.0019454685222013435,1,0.0,0,observed_physical_flow_links,quantity_link,physical_SK_OFMA_REP_route_input_mass,0.0019454685222013435,EOL_FLOW_EOL_DE_ELMA_INC,0.0,,1.0,2.0,0.5,2.0,1.0,1.0,sensitivity_386,sensitivity_332,circular_routes.eol_allocation_elasticity,0.5,2.0,0.5625,1.34375,parameter_bisection,parameter_only,6,false
sensitivity_386,policy,virgin_metal_tax_tax_0_02,virgin_metal_tax,0.02,LOCALLY_INFEASIBLE,INFEASIBLE_POINT,false,9.323058769,0.0010280087781402436,1,0.0,0,material_composite_production_REU,eqpzs,IND_REU_NEW_ELMA,0.0010280087781402436,EOL_FLOW_EOL_DE_ELMA_INC,0.0,,1.0,2.0,0.5,2.0,1.0,1.0,sensitivity_386,sensitivity_332,circular_routes.eol_allocation_elasticity,0.5,2.0,0.53125,1.296875,parameter_bisection,parameter_only,7,false
sensitivity_386,policy,virgin_metal_tax_tax_0_02,virgin_metal_tax,0.02,LOCALLY_INFEASIBLE,INFEASIBLE_POINT,true,5.906157217,0.0009304781081941327,0,0.0,0,material_composite_production_REU,eqpzs,IND_REU_NEW_ELMA,0.0009304781081941327,EOL_FLOW_EOL_DE_ELMA_INC,0.0,,1.0,2.0,0.5,2.0,1.0,1.0,sensitivity_386,sensitivity_332,circular_routes.eol_allocation_elasticity,0.5,2.0,0.515625,1.2734375,parameter_bisection,parameter_only,8,true
sensitivity_386,policy,virgin_metal_tax_tax_0_02,virgin_metal_tax,0.02,LOCALLY_INFEASIBLE,INFEASIBLE_POINT,true,3.522309351,0.0009695450901995306,0,0.0,0,material_composite_production_REU,eqpzs,IND_REU_NEW_ELMA,0.0009695450901995306,EOL_FLOW_EOL_DE_ELMA_INC,0.0,,1.0,2.0,0.5,2.0,1.0,1.0,sensitivity_386,sensitivity_332,circular_routes.eol_allocation_elasticity,0.5,2.0,0.546875,1.3203125,parameter_bisection,parameter_only,9,true
sensitivity_386,policy,virgin_metal_tax_tax_0_02,virgin_metal_tax,0.02,LOCALLY_INFEASIBLE,INFEASIBLE_POINT,false,26.456494972,0.013238817108779388,1,0.0,0,observed_physical_flow_links,quantity_link,physical_SK_OFMA_REP_route_input_mass,0.013238817108779388,EOL_FLOW_EOL_DE_ELMA_INC,0.0,,1.0,2.0,0.5,2.0,1.0,1.0,sensitivity_386,sensitivity_332,circular_routes.eol_allocation_elasticity,0.5,2.0,0.609375,1.4140625,parameter_bisection,parameter_only,10,false
sensitivity_386,policy,virgin_metal_tax_tax_0_02,virgin_metal_tax,0.02,LOCALLY_INFEASIBLE,INFEASIBLE_POINT,true,4.832594405,0.0008540035548693092,0,0.0,0,material_composite_production_SK,eqpzs,IND_SK_NEW_ELMA,0.0008540035548693092,EOL_FLOW_EOL_DE_ELMA_INC,0.0,,1.0,2.0,0.5,2.0,1.0,1.0,sensitivity_386,sensitivity_332,circular_routes.eol_allocation_elasticity,0.5,2.0,0.578125,1.3671875,parameter_bisection,parameter_only,11,true
sensitivity_386,policy,virgin_metal_tax_tax_0_02,virgin_metal_tax,0.02,LOCALLY_INFEASIBLE,INFEASIBLE_POINT,false,29.271994593,0.0010789765813427055,1,0.0,0,material_composite_production_REU,eqpzs,IND_REU_NEW_ELMA,0.0010789765813427055,EOL_FLOW_EOL_DE_ELMA_INC,0.0,,1.0,2.0,0.5,2.0,1.0,1.0,sensitivity_386,sensitivity_332,circular_routes.eol_allocation_elasticity,0.5,2.0,0.640625,1.4609375,parameter_bisection,parameter_only,12,false
sensitivity_386,policy,virgin_metal_tax_tax_0_02,virgin_metal_tax,0.02,LOCALLY_INFEASIBLE,INFEASIBLE_POINT,false,11.230381605,0.014014403642241713,1,0.0,0,observed_physical_flow_links,quantity_link,physical_SK_OFMA_REP_route_input_mass,0.014014403642241713,EOL_FLOW_EOL_DE_ELMA_INC,0.0,,1.0,2.0,0.5,2.0,1.0,1.0,sensitivity_386,sensitivity_332,circular_routes.eol_allocation_elasticity,0.5,2.0,0.609375,1.4140625,parameter_bisection,parameter_only,13,false
sensitivity_386,policy,virgin_metal_tax_tax_0_02,virgin_metal_tax,0.02,TIME_LIMIT,NEARLY_FEASIBLE_POINT,false,123.747485518,0.0010807167579183208,1,0.0,0,material_composite_production_REU,eqpzs,IND_REU_NEW_ELMA,0.0010807167579183208,EOL_FLOW_EOL_DE_ELMA_INC,0.0,,1.0,2.0,0.5,2.0,1.0,1.0,sensitivity_386,sensitivity_332,circular_routes.eol_allocation_elasticity,0.5,2.0,0.59375,1.390625,parameter_bisection,parameter_only,14,false
sensitivity_386,policy,virgin_metal_tax_tax_0_02,virgin_metal_tax,0.02,LOCALLY_INFEASIBLE,INFEASIBLE_POINT,true,9.014420743,0.0008846187954769658,0,0.0,0,material_composite_production_SK,eqpzs,IND_SK_NEW_ELMA,0.0008846187954769658,EOL_FLOW_EOL_DE_ELMA_INC,0.0,,1.0,2.0,0.5,2.0,1.0,1.0,sensitivity_386,sensitivity_332,circular_routes.eol_allocation_elasticity,0.5,2.0,0.5859375,1.37890625,parameter_bisection,parameter_only,15,true
sensitivity_386,policy,virgin_metal_tax_tax_0_02,virgin_metal_tax,0.02,LOCALLY_INFEASIBLE,INFEASIBLE_POINT,false,8.205321303,0.001017761483563584,1,0.0,0,material_composite_production_REU,eqpzs,IND_REU_NEW_ELMA,0.001017761483563584,EOL_FLOW_EOL_DE_ELMA_INC,0.0,,1.0,2.0,0.5,2.0,1.0,1.0,sensitivity_386,sensitivity_332,circular_routes.eol_allocation_elasticity,0.5,2.0,0.6015625,1.40234375,parameter_bisection,parameter_only,16,false
sensitivity_386,policy,virgin_metal_tax_tax_0_02,virgin_metal_tax,0.02,LOCALLY_INFEASIBLE,INFEASIBLE_POINT,false,17.718418527,0.0010650662694579038,1,0.0,0,material_composite_production_REU,eqpzs,IND_REU_NEW_ELMA,0.0010650662694579038,EOL_FLOW_EOL_DE_ELMA_INC,0.0,,1.0,2.0,0.5,2.0,1.0,1.0,sensitivity_386,sensitivity_332,circular_routes.eol_allocation_elasticity,0.5,2.0,0.59375,1.390625,parameter_bisection,parameter_only,17,false
sensitivity_386,policy,virgin_metal_tax_tax_0_02,virgin_metal_tax,0.02,LOCALLY_INFEASIBLE,INFEASIBLE_POINT,false,26.545590107,0.001074764294433539,1,0.0,0,material_composite_production_REU,eqpzs,IND_REU_NEW_ELMA,0.001074764294433539,EOL_FLOW_EOL_DE_ELMA_INC,0.0,,1.0,2.0,0.5,2.0,1.0,1.0,sensitivity_386,sensitivity_332,circular_routes.eol_allocation_elasticity,0.5,2.0,0.58984375,1.384765625,parameter_bisection,parameter_only,18,false
sensitivity_386,policy,virgin_metal_tax_tax_0_02,virgin_metal_tax,0.02,LOCALLY_INFEASIBLE,INFEASIBLE_POINT,false,27.166485134,0.001078524425648264,1,0.0,0,material_composite_production_REU,eqpzs,IND_REU_NEW_ELMA,0.001078524425648264,EOL_FLOW_EOL_DE_ELMA_INC,0.0,,1.0,2.0,0.5,2.0,1.0,1.0,sensitivity_386,sensitivity_332,circular_routes.eol_allocation_elasticity,0.5,2.0,0.587890625,1.3818359375,parameter_bisection,parameter_only,19,false
sensitivity_386,policy,virgin_metal_tax_tax_0_02,virgin_metal_tax,0.02,LOCALLY_INFEASIBLE,INFEASIBLE_POINT,false,30.991037301,0.00107826547874168,1,0.0,0,material_composite_production_REU,eqpzs,IND_REU_NEW_ELMA,0.00107826547874168,EOL_FLOW_EOL_DE_ELMA_INC,0.0,,1.0,2.0,0.5,2.0,1.0,1.0,sensitivity_386,sensitivity_332,circular_routes.eol_allocation_elasticity,0.5,2.0,0.5869140625,1.38037109375,parameter_bisection,parameter_only,20,false
sensitivity_386,policy,virgin_metal_tax_tax_0_02,virgin_metal_tax,0.02,LOCALLY_INFEASIBLE,INFEASIBLE_POINT,true,4.376248125,0.000873451542599768,0,0.0,0,material_composite_production_SK,eqpzs,IND_SK_NEW_ELMA,0.000873451542599768,EOL_FLOW_EOL_DE_ELMA_INC,0.0,,1.0,2.0,0.5,2.0,1.0,1.0,sensitivity_386,sensitivity_332,circular_routes.eol_allocation_elasticity,0.5,2.0,0.58642578125,1.379638671875,parameter_bisection,parameter_only,21,true
sensitivity_386,policy,virgin_metal_tax_tax_0_02,virgin_metal_tax,0.02,LOCALLY_INFEASIBLE,INFEASIBLE_POINT,false,23.750245298,0.001078180409888163,1,0.0,0,material_composite_production_REU,eqpzs,IND_REU_NEW_ELMA,0.001078180409888163,EOL_FLOW_EOL_DE_ELMA_INC,0.0,,1.0,2.0,0.5,2.0,1.0,1.0,sensitivity_386,sensitivity_332,circular_routes.eol_allocation_elasticity,0.5,2.0,0.58740234375,1.381103515625,parameter_bisection,parameter_only,22,false
sensitivity_386,policy,virgin_metal_tax_tax_0_02,virgin_metal_tax,0.02,LOCALLY_INFEASIBLE,INFEASIBLE_POINT,false,18.007716956,0.0010784638980408934,1,0.0,0,material_composite_production_REU,eqpzs,IND_REU_NEW_ELMA,0.0010784638980408934,EOL_FLOW_EOL_DE_ELMA_INC,0.0,,1.0,2.0,0.5,2.0,1.0,1.0,sensitivity_386,sensitivity_332,circular_routes.eol_allocation_elasticity,0.5,2.0,0.5869140625,1.38037109375,parameter_bisection,parameter_only,23,false
sensitivity_386,policy,virgin_metal_tax_tax_0_02,virgin_metal_tax,0.02,LOCALLY_INFEASIBLE,INFEASIBLE_POINT,false,11.936134369,0.001079050026018491,1,0.0,0,material_composite_production_REU,eqpzs,IND_REU_NEW_ELMA,0.001079050026018491,EOL_FLOW_EOL_DE_ELMA_INC,0.0,,1.0,2.0,0.5,2.0,1.0,1.0,sensitivity_386,sensitivity_332,circular_routes.eol_allocation_elasticity,0.5,2.0,0.586669921875,1.3800048828125,parameter_bisection,parameter_only,24,false
sensitivity_386,policy,virgin_metal_tax_tax_0_02,virgin_metal_tax,0.02,LOCALLY_INFEASIBLE,INFEASIBLE_POINT,false,27.520230991,0.0010768474119056126,1,0.0,0,material_composite_production_REU,eqpzs,IND_REU_NEW_ELMA,0.0010768474119056126,EOL_FLOW_EOL_DE_ELMA_INC,0.0,,1.0,2.0,0.5,2.0,1.0,1.0,sensitivity_386,sensitivity_332,circular_routes.eol_allocation_elasticity,0.5,2.0,0.5865478515625,1.37982177734375,parameter_bisection,parameter_only,25,false
sensitivity_387,policy,virgin_metal_tax_tax_0_02,virgin_metal_tax,0.02,LOCALLY_INFEASIBLE,INFEASIBLE_POINT,false,29.347092684,0.29656968016104024,6,0.0,0,observed_physical_flow_links,quantity_link,physical_SK_OFMA_REP_route_input_mass,0.29656968016104024,EOL_FLOW_EOL_DE_ELMA_INC,0.0,,2.0,2.0,0.5,2.0,1.0,1.0,sensitivity_387,sensitivity_381,trade.cet_transformation_elasticity,0.5,2.0,1.0,2.0,direct_target,parameter_only,1,false
sensitivity_387,policy,virgin_metal_tax_tax_0_02,virgin_metal_tax,0.02,LOCALLY_INFEASIBLE,INFEASIBLE_POINT,false,34.375802654,0.008104470195801405,3,0.0,0,observed_physical_flow_links,quantity_link,physical_SK_OFMA_REP_route_input_mass,0.008104470195801405,EOL_FLOW_EOL_DE_ELMA_INC,0.0,,2.0,2.0,0.5,2.0,1.0,1.0,sensitivity_387,sensitivity_381,trade.cet_transformation_elasticity,0.5,2.0,0.5,1.25,parameter_bisection,parameter_only,2,false
sensitivity_387,policy,virgin_metal_tax_tax_0_02,virgin_metal_tax,0.02,LOCALLY_INFEASIBLE,INFEASIBLE_POINT,true,79.910692445,0.0009845446902419397,0,0.0,0,regional_composite_market,regional_composite_market,IND_IT_OTHER_SERVICES|IT,0.0009845446902419397,EOL_FLOW_EOL_DE_ELMA_INC,0.0,,2.0,2.0,0.5,2.0,1.0,1.0,sensitivity_387,sensitivity_381,trade.cet_transformation_elasticity,0.5,2.0,0.25,0.875,parameter_bisection,parameter_only,3,true
sensitivity_387,policy,virgin_metal_tax_tax_0_02,virgin_metal_tax,0.02,LOCALLY_INFEASIBLE,INFEASIBLE_POINT,false,14.993854834,0.0012009495821878602,2,0.0,0,material_composite_production_SK,eqpzs,IND_SK_NEW_ELMA,0.0012009495821878602,EOL_FLOW_EOL_DE_ELMA_INC,0.0,,2.0,2.0,0.5,2.0,1.0,1.0,sensitivity_387,sensitivity_381,trade.cet_transformation_elasticity,0.5,2.0,0.75,1.625,parameter_bisection,parameter_only,4,false
sensitivity_387,policy,virgin_metal_tax_tax_0_02,virgin_metal_tax,0.02,LOCALLY_INFEASIBLE,INFEASIBLE_POINT,false,18.115192637,0.0010812245038016588,2,0.0,0,material_composite_production_DE,eqpzs,IND_DE_NEW_ELMA,0.0010812245038016588,EOL_FLOW_EOL_DE_ELMA_INC,0.0,,2.0,2.0,0.5,2.0,1.0,1.0,sensitivity_387,sensitivity_381,trade.cet_transformation_elasticity,0.5,2.0,0.5,1.25,parameter_bisection,parameter_only,5,false
sensitivity_387,policy,virgin_metal_tax_tax_0_02,virgin_metal_tax,0.02,LOCALLY_INFEASIBLE,INFEASIBLE_POINT,false,12.212806574,0.0010628501886883468,1,0.0,0,material_composite_production_DE,eqpzs,IND_DE_NEW_ELMA,0.0010628501886883468,EOL_FLOW_EOL_DE_ELMA_INC,0.0,,2.0,2.0,0.5,2.0,1.0,1.0,sensitivity_387,sensitivity_381,trade.cet_transformation_elasticity,0.5,2.0,0.375,1.0625,parameter_bisection,parameter_only,6,false
sensitivity_387,policy,virgin_metal_tax_tax_0_02,virgin_metal_tax,0.02,LOCALLY_INFEASIBLE,INFEASIBLE_POINT,true,21.326218956,0.0009784773358481147,0,0.0,0,regional_composite_market,regional_composite_market,IND_IT_OTHER_SERVICES|IT,0.0009784773358481147,EOL_FLOW_EOL_DE_ELMA_INC,0.0,,2.0,2.0,0.5,2.0,1.0,1.0,sensitivity_387,sensitivity_381,trade.cet_transformation_elasticity,0.5,2.0,0.3125,0.96875,parameter_bisection,parameter_only,7,true
sensitivity_387,policy,virgin_metal_tax_tax_0_02,virgin_metal_tax,0.02,LOCALLY_INFEASIBLE,INFEASIBLE_POINT,false,11.510801529,0.006543662491696367,3,0.0,0,regional_composite_market,regional_composite_market,IND_IT_OTHER_SERVICES|IT,0.006543662491696367,EOL_FLOW_EOL_DE_ELMA_INC,0.0,,2.0,2.0,0.5,2.0,1.0,1.0,sensitivity_387,sensitivity_381,trade.cet_transformation_elasticity,0.5,2.0,0.4375,1.15625,parameter_bisection,parameter_only,8,false
sensitivity_387,policy,virgin_metal_tax_tax_0_02,virgin_metal_tax,0.02,LOCALLY_INFEASIBLE,INFEASIBLE_POINT,false,8.394139937,0.001068493687332972,2,0.0,0,material_composite_production_DE,eqpzs,IND_DE_NEW_ELMA,0.001068493687332972,EOL_FLOW_EOL_DE_ELMA_INC,0.0,,2.0,2.0,0.5,2.0,1.0,1.0,sensitivity_387,sensitivity_381,trade.cet_transformation_elasticity,0.5,2.0,0.375,1.0625,parameter_bisection,parameter_only,9,false
sensitivity_387,policy,virgin_metal_tax_tax_0_02,virgin_metal_tax,0.02,LOCALLY_INFEASIBLE,INFEASIBLE_POINT,false,16.654995043,0.001036871211834156,1,0.0,0,material_composite_production_DE,eqpzs,IND_DE_NEW_ELMA,0.001036871211834156,EOL_FLOW_EOL_DE_ELMA_INC,0.0,,2.0,2.0,0.5,2.0,1.0,1.0,sensitivity_387,sensitivity_381,trade.cet_transformation_elasticity,0.5,2.0,0.34375,1.015625,parameter_bisection,parameter_only,10,false
sensitivity_387,policy,virgin_metal_tax_tax_0_02,virgin_metal_tax,0.02,LOCALLY_INFEASIBLE,INFEASIBLE_POINT,false,12.826799509,0.0011067650506778604,1,9.08682479920464e-9,0,material_composite_production_DE,eqpzs,IND_DE_NEW_ELMA,0.0011067650506778604,F_FAC_SK_CAP_IND_SK_REP_OFMA,9.08682479920464e-9,,2.0,2.0,0.5,2.0,1.0,1.0,sensitivity_387,sensitivity_381,trade.cet_transformation_elasticity,0.5,2.0,0.328125,0.9921875,parameter_bisection,parameter_only,11,false
sensitivity_387,policy,virgin_metal_tax_tax_0_02,virgin_metal_tax,0.02,LOCALLY_INFEASIBLE,INFEASIBLE_POINT,true,7.106745909,0.0009763775026134206,0,0.0,0,regional_composite_market,regional_composite_market,IND_IT_OTHER_SERVICES|IT,0.0009763775026134206,EOL_FLOW_EOL_DE_ELMA_INC,0.0,,2.0,2.0,0.5,2.0,1.0,1.0,sensitivity_387,sensitivity_381,trade.cet_transformation_elasticity,0.5,2.0,0.3203125,0.98046875,parameter_bisection,parameter_only,12,true
sensitivity_387,policy,virgin_metal_tax_tax_0_02,virgin_metal_tax,0.02,LOCALLY_INFEASIBLE,INFEASIBLE_POINT,false,8.882094939,0.0011028332408078434,1,0.0,0,material_composite_production_DE,eqpzs,IND_DE_NEW_ELMA,0.0011028332408078434,EOL_FLOW_EOL_DE_ELMA_INC,0.0,,2.0,2.0,0.5,2.0,1.0,1.0,sensitivity_387,sensitivity_381,trade.cet_transformation_elasticity,0.5,2.0,0.3359375,1.00390625,parameter_bisection,parameter_only,13,false
sensitivity_387,policy,virgin_metal_tax_tax_0_02,virgin_metal_tax,0.02,LOCALLY_INFEASIBLE,INFEASIBLE_POINT,true,4.174305101,0.0009764835701298709,0,0.0,0,regional_composite_market,regional_composite_market,IND_IT_OTHER_SERVICES|IT,0.0009764835701298709,EOL_FLOW_EOL_DE_ELMA_INC,0.0,,2.0,2.0,0.5,2.0,1.0,1.0,sensitivity_387,sensitivity_381,trade.cet_transformation_elasticity,0.5,2.0,0.328125,0.9921875,parameter_bisection,parameter_only,14,true
sensitivity_387,policy,virgin_metal_tax_tax_0_02,virgin_metal_tax,0.02,LOCALLY_INFEASIBLE,INFEASIBLE_POINT,false,12.64581361,0.0011082449069427236,1,6.590518647754359e-9,0,material_composite_production_DE,eqpzs,IND_DE_NEW_ELMA,0.0011082449069427236,F_FAC_SK_CAP_IND_SK_REP_OFMA,6.590518647754359e-9,,2.0,2.0,0.5,2.0,1.0,1.0,sensitivity_387,sensitivity_381,trade.cet_transformation_elasticity,0.5,2.0,0.34375,1.015625,parameter_bisection,parameter_only,15,false
sensitivity_387,policy,virgin_metal_tax_tax_0_02,virgin_metal_tax,0.02,LOCALLY_INFEASIBLE,INFEASIBLE_POINT,false,11.706139365,0.0010404362555163083,1,0.0,0,material_composite_production_DE,eqpzs,IND_DE_NEW_ELMA,0.0010404362555163083,EOL_FLOW_EOL_DE_ELMA_INC,0.0,,2.0,2.0,0.5,2.0,1.0,1.0,sensitivity_387,sensitivity_381,trade.cet_transformation_elasticity,0.5,2.0,0.3359375,1.00390625,parameter_bisection,parameter_only,16,false
sensitivity_387,policy,virgin_metal_tax_tax_0_02,virgin_metal_tax,0.02,LOCALLY_INFEASIBLE,INFEASIBLE_POINT,true,7.273818046,0.0009764750834701638,0,0.0,0,regional_composite_market,regional_composite_market,IND_IT_OTHER_SERVICES|IT,0.0009764750834701638,EOL_FLOW_EOL_DE_ELMA_INC,0.0,,2.0,2.0,0.5,2.0,1.0,1.0,sensitivity_387,sensitivity_381,trade.cet_transformation_elasticity,0.5,2.0,0.33203125,0.998046875,parameter_bisection,parameter_only,17,true
sensitivity_387,policy,virgin_metal_tax_tax_0_02,virgin_metal_tax,0.02,LOCALLY_INFEASIBLE,INFEASIBLE_POINT,false,40.158225596,0.0010535310748709392,1,0.0,0,material_composite_production_DE,eqpzs,IND_DE_NEW_ELMA,0.0010535310748709392,EOL_FLOW_EOL_DE_ELMA_INC,0.0,,2.0,2.0,0.5,2.0,1.0,1.0,sensitivity_387,sensitivity_381,trade.cet_transformation_elasticity,0.5,2.0,0.33984375,1.009765625,parameter_bisection,parameter_only,18,false
sensitivity_387,policy,virgin_metal_tax_tax_0_02,virgin_metal_tax,0.02,LOCALLY_INFEASIBLE,INFEASIBLE_POINT,true,10.78095985,0.0009768111924412974,0,0.0,0,regional_composite_market,regional_composite_market,IND_IT_OTHER_SERVICES|IT,0.0009768111924412974,EOL_FLOW_EOL_DE_ELMA_INC,0.0,,2.0,2.0,0.5,2.0,1.0,1.0,sensitivity_387,sensitivity_381,trade.cet_transformation_elasticity,0.5,2.0,0.3359375,1.00390625,parameter_bisection,parameter_only,19,true
sensitivity_387,policy,virgin_metal_tax_tax_0_02,virgin_metal_tax,0.02,LOCALLY_INFEASIBLE,INFEASIBLE_POINT,false,9.132685677,0.001065109554913679,1,0.0,0,material_composite_production_DE,eqpzs,IND_DE_NEW_ELMA,0.001065109554913679,EOL_FLOW_EOL_DE_ELMA_INC,0.0,,2.0,2.0,0.5,2.0,1.0,1.0,sensitivity_387,sensitivity_381,trade.cet_transformation_elasticity,0.5,2.0,0.34375,1.015625,parameter_bisection,parameter_only,20,false
sensitivity_387,policy,virgin_metal_tax_tax_0_02,virgin_metal_tax,0.02,LOCALLY_INFEASIBLE,INFEASIBLE_POINT,false,24.179868877,0.0011060959352935384,1,0.0,0,material_composite_production_DE,eqpzs,IND_DE_NEW_ELMA,0.0011060959352935384,EOL_FLOW_EOL_DE_ELMA_INC,0.0,,2.0,2.0,0.5,2.0,1.0,1.0,sensitivity_387,sensitivity_381,trade.cet_transformation_elasticity,0.5,2.0,0.33984375,1.009765625,parameter_bisection,parameter_only,21,false
sensitivity_387,policy,virgin_metal_tax_tax_0_02,virgin_metal_tax,0.02,LOCALLY_INFEASIBLE,INFEASIBLE_POINT,false,10.704003282,0.0011078919202865967,1,6.170431857027112e-9,0,material_composite_production_DE,eqpzs,IND_DE_NEW_ELMA,0.0011078919202865967,F_FAC_SK_CAP_IND_SK_REP_OFMA,6.170431857027112e-9,,2.0,2.0,0.5,2.0,1.0,1.0,sensitivity_387,sensitivity_381,trade.cet_transformation_elasticity,0.5,2.0,0.337890625,1.0068359375,parameter_bisection,parameter_only,22,false
sensitivity_387,policy,virgin_metal_tax_tax_0_02,virgin_metal_tax,0.02,LOCALLY_INFEASIBLE,INFEASIBLE_POINT,true,4.066993956,0.000976811103041232,0,0.0,0,regional_composite_market,regional_composite_market,IND_IT_OTHER_SERVICES|IT,0.000976811103041232,EOL_FLOW_EOL_DE_ELMA_INC,0.0,,2.0,2.0,0.5,2.0,1.0,1.0,sensitivity_387,sensitivity_381,trade.cet_transformation_elasticity,0.5,2.0,0.3369140625,1.00537109375,parameter_bisection,parameter_only,23,true
sensitivity_387,policy,virgin_metal_tax_tax_0_02,virgin_metal_tax,0.02,LOCALLY_INFEASIBLE,INFEASIBLE_POINT,false,12.098755813,0.0011088164314103643,1,9.593514402479997e-9,0,material_composite_production_DE,eqpzs,IND_DE_NEW_ELMA,0.0011088164314103643,F_FAC_SK_CAP_IND_SK_REP_OFMA,9.593514402479997e-9,,2.0,2.0,0.5,2.0,1.0,1.0,sensitivity_387,sensitivity_381,trade.cet_transformation_elasticity,0.5,2.0,0.3388671875,1.00830078125,parameter_bisection,parameter_only,24,false
sensitivity_387,policy,virgin_metal_tax_tax_0_02,virgin_metal_tax,0.02,LOCALLY_INFEASIBLE,INFEASIBLE_POINT,false,9.987540553,0.0010615802383552309,1,0.0,0,material_composite_production_DE,eqpzs,IND_DE_NEW_ELMA,0.0010615802383552309,EOL_FLOW_EOL_DE_ELMA_INC,0.0,,2.0,2.0,0.5,2.0,1.0,1.0,sensitivity_387,sensitivity_381,trade.cet_transformation_elasticity,0.5,2.0,0.337890625,1.0068359375,parameter_bisection,parameter_only,25,false
sensitivity_387,policy,virgin_metal_tax_tax_0_02,virgin_metal_tax,0.02,LOCALLY_INFEASIBLE,INFEASIBLE_POINT,true,3.593529698,0.000976811090554452,0,0.0,0,regional_composite_market,regional_composite_market,IND_IT_OTHER_SERVICES|IT,0.000976811090554452,EOL_FLOW_EOL_DE_ELMA_INC,0.0,,2.0,2.0,0.5,2.0,1.0,1.0,sensitivity_387,sensitivity_381,trade.cet_transformation_elasticity,0.5,2.0,0.33740234375,1.006103515625,parameter_bisection,parameter_only,26,true
sensitivity_387,policy,virgin_metal_tax_tax_0_02,virgin_metal_tax,0.02,LOCALLY_INFEASIBLE,INFEASIBLE_POINT,false,10.938222788,0.0011083103063938005,1,8.505488217481432e-9,0,material_composite_production_DE,eqpzs,IND_DE_NEW_ELMA,0.0011083103063938005,F_FAC_SK_CAP_IND_SK_REP_OFMA,8.505488217481432e-9,,2.0,2.0,0.5,2.0,1.0,1.0,sensitivity_387,sensitivity_381,trade.cet_transformation_elasticity,0.5,2.0,0.33837890625,1.007568359375,parameter_bisection,parameter_only,27,false
sensitivity_387,policy,virgin_metal_tax_tax_0_02,virgin_metal_tax,0.02,LOCALLY_INFEASIBLE,INFEASIBLE_POINT,false,9.8833796,0.0011084814760411454,1,9.12319388536064e-9,0,material_composite_production_DE,eqpzs,IND_DE_NEW_ELMA,0.0011084814760411454,F_FAC_SK_CAP_IND_SK_REP_OFMA,9.12319388536064e-9,,2.0,2.0,0.5,2.0,1.0,1.0,sensitivity_387,sensitivity_381,trade.cet_transformation_elasticity,0.5,2.0,0.337890625,1.0068359375,parameter_bisection,parameter_only,28,false
sensitivity_387,policy,virgin_metal_tax_tax_0_02,virgin_metal_tax,0.02,LOCALLY_INFEASIBLE,INFEASIBLE_POINT,false,12.675842232,0.0011083897747243832,1,6.223130626289329e-9,0,material_composite_production_DE,eqpzs,IND_DE_NEW_ELMA,0.0011083897747243832,F_FAC_SK_CAP_IND_SK_REP_OFMA,6.223130626289329e-9,,2.0,2.0,0.5,2.0,1.0,1.0,sensitivity_387,sensitivity_381,trade.cet_transformation_elasticity,0.5,2.0,0.337646484375,1.0064697265625,parameter_bisection,parameter_only,29,false
sensitivity_387,policy,virgin_metal_tax_tax_0_02,virgin_metal_tax,0.02,LOCALLY_INFEASIBLE,INFEASIBLE_POINT,false,12.057359408,0.0011071702389799931,1,0.0,0,material_composite_production_DE,eqpzs,IND_DE_NEW_ELMA,0.0011071702389799931,EOL_FLOW_EOL_DE_ELMA_INC,0.0,,2.0,2.0,0.5,2.0,1.0,1.0,sensitivity_387,sensitivity_381,trade.cet_transformation_elasticity,0.5,2.0,0.3375244140625,1.00628662109375,parameter_bisection,parameter_only,30,false
sensitivity_395,policy,virgin_metal_tax_tax_0_02,virgin_metal_tax,0.02,LOCALLY_INFEASIBLE,INFEASIBLE_POINT,false,12.982855439,0.0010518776530468177,1,0.0,0,material_composite_production_REU,eqpzs,IND_REU_NEW_ELMA,0.0010518776530468177,EOL_FLOW_EOL_DE_ELMA_INC,0.0,,1.0,2.0,1.0,2.0,1.0,1.0,sensitivity_395,sensitivity_392,trade.cet_transformation_elasticity,1.0,2.0,1.0,2.0,direct_target,parameter_only,1,false
sensitivity_395,policy,virgin_metal_tax_tax_0_02,virgin_metal_tax,0.02,LOCALLY_INFEASIBLE,INFEASIBLE_POINT,true,45.282927871,0.0008991694131180727,0,0.0,0,material_composite_production_REU,eqpzs,IND_REU_NEW_ELMA,0.0008991694131180727,EOL_FLOW_EOL_DE_ELMA_INC,0.0,,1.0,2.0,1.0,2.0,1.0,1.0,sensitivity_395,sensitivity_392,trade.cet_transformation_elasticity,1.0,2.0,0.5,1.5,parameter_bisection,parameter_only,2,true
sensitivity_395,policy,virgin_metal_tax_tax_0_02,virgin_metal_tax,0.02,LOCALLY_INFEASIBLE,INFEASIBLE_POINT,false,10.109920034,0.0010310761202330099,1,0.0,0,material_composite_production_REU,eqpzs,IND_REU_NEW_ELMA,0.0010310761202330099,EOL_FLOW_EOL_DE_ELMA_INC,0.0,,1.0,2.0,1.0,2.0,1.0,1.0,sensitivity_395,sensitivity_392,trade.cet_transformation_elasticity,1.0,2.0,1.0,2.0,parameter_bisection,parameter_only,3,false
sensitivity_395,policy,virgin_metal_tax_tax_0_02,virgin_metal_tax,0.02,LOCALLY_INFEASIBLE,INFEASIBLE_POINT,false,12.80483082,0.0010747633175675064,1,0.0,0,material_composite_production_REU,eqpzs,IND_REU_NEW_ELMA,0.0010747633175675064,EOL_FLOW_EOL_DE_ELMA_INC,0.0,,1.0,2.0,1.0,2.0,1.0,1.0,sensitivity_395,sensitivity_392,trade.cet_transformation_elasticity,1.0,2.0,0.75,1.75,parameter_bisection,parameter_only,4,false
sensitivity_395,policy,virgin_metal_tax_tax_0_02,virgin_metal_tax,0.02,LOCALLY_INFEASIBLE,INFEASIBLE_POINT,true,8.062345953,0.0008563166006151368,0,0.0,0,material_composite_production_REU,eqpzs,IND_REU_NEW_ELMA,0.0008563166006151368,EOL_FLOW_EOL_DE_ELMA_INC,0.0,,1.0,2.0,1.0,2.0,1.0,1.0,sensitivity_395,sensitivity_392,trade.cet_transformation_elasticity,1.0,2.0,0.625,1.625,parameter_bisection,parameter_only,5,true
sensitivity_395,policy,virgin_metal_tax_tax_0_02,virgin_metal_tax,0.02,LOCALLY_INFEASIBLE,INFEASIBLE_POINT,false,31.743544536,0.0010855914636150876,1,0.0,0,material_composite_production_REU,eqpzs,IND_REU_NEW_ELMA,0.0010855914636150876,EOL_FLOW_EOL_DE_ELMA_INC,0.0,,1.0,2.0,1.0,2.0,1.0,1.0,sensitivity_395,sensitivity_392,trade.cet_transformation_elasticity,1.0,2.0,0.875,1.875,parameter_bisection,parameter_only,6,false
sensitivity_395,policy,virgin_metal_tax_tax_0_02,virgin_metal_tax,0.02,LOCALLY_INFEASIBLE,INFEASIBLE_POINT,false,30.757018132,0.0010858176373541584,1,0.0,0,material_composite_production_REU,eqpzs,IND_REU_NEW_ELMA,0.0010858176373541584,EOL_FLOW_EOL_DE_ELMA_INC,0.0,,1.0,2.0,1.0,2.0,1.0,1.0,sensitivity_395,sensitivity_392,trade.cet_transformation_elasticity,1.0,2.0,0.75,1.75,parameter_bisection,parameter_only,7,false
sensitivity_395,policy,virgin_metal_tax_tax_0_02,virgin_metal_tax,0.02,LOCALLY_INFEASIBLE,INFEASIBLE_POINT,false,12.71418324,0.0010859247598020705,1,0.0,0,material_composite_production_REU,eqpzs,IND_REU_NEW_ELMA,0.0010859247598020705,EOL_FLOW_EOL_DE_ELMA_INC,0.0,,1.0,2.0,1.0,2.0,1.0,1.0,sensitivity_395,sensitivity_392,trade.cet_transformation_elasticity,1.0,2.0,0.6875,1.6875,parameter_bisection,parameter_only,8,false
sensitivity_395,policy,virgin_metal_tax_tax_0_02,virgin_metal_tax,0.02,LOCALLY_INFEASIBLE,INFEASIBLE_POINT,false,30.588391691,0.0010841044870328886,1,0.0,0,material_composite_production_REU,eqpzs,IND_REU_NEW_ELMA,0.0010841044870328886,EOL_FLOW_EOL_DE_ELMA_INC,0.0,,1.0,2.0,1.0,2.0,1.0,1.0,sensitivity_395,sensitivity_392,trade.cet_transformation_elasticity,1.0,2.0,0.65625,1.65625,parameter_bisection,parameter_only,9,false
sensitivity_395,policy,virgin_metal_tax_tax_0_02,virgin_metal_tax,0.02,LOCALLY_INFEASIBLE,INFEASIBLE_POINT,false,17.416091141,0.001084464858806422,1,0.0,0,material_composite_production_REU,eqpzs,IND_REU_NEW_ELMA,0.001084464858806422,EOL_FLOW_EOL_DE_ELMA_INC,0.0,,1.0,2.0,1.0,2.0,1.0,1.0,sensitivity_395,sensitivity_392,trade.cet_transformation_elasticity,1.0,2.0,0.640625,1.640625,parameter_bisection,parameter_only,10,false
sensitivity_395,policy,virgin_metal_tax_tax_0_02,virgin_metal_tax,0.02,LOCALLY_INFEASIBLE,INFEASIBLE_POINT,false,26.374519201,0.0010849297490639342,1,0.0,0,material_composite_production_REU,eqpzs,IND_REU_NEW_ELMA,0.0010849297490639342,EOL_FLOW_EOL_DE_ELMA_INC,0.0,,1.0,2.0,1.0,2.0,1.0,1.0,sensitivity_395,sensitivity_392,trade.cet_transformation_elasticity,1.0,2.0,0.6328125,1.6328125,parameter_bisection,parameter_only,11,false
sensitivity_395,policy,virgin_metal_tax_tax_0_02,virgin_metal_tax,0.02,LOCALLY_INFEASIBLE,INFEASIBLE_POINT,false,29.071925329,0.001086490603286916,1,0.0,0,material_composite_production_REU,eqpzs,IND_REU_NEW_ELMA,0.001086490603286916,EOL_FLOW_EOL_DE_ELMA_INC,0.0,,1.0,2.0,1.0,2.0,1.0,1.0,sensitivity_395,sensitivity_392,trade.cet_transformation_elasticity,1.0,2.0,0.62890625,1.62890625,parameter_bisection,parameter_only,12,false
sensitivity_395,policy,virgin_metal_tax_tax_0_02,virgin_metal_tax,0.02,LOCALLY_INFEASIBLE,INFEASIBLE_POINT,false,10.304064661,0.0010843228746891809,1,0.0,0,material_composite_production_REU,eqpzs,IND_REU_NEW_ELMA,0.0010843228746891809,EOL_FLOW_EOL_DE_ELMA_INC,0.0,,1.0,2.0,1.0,2.0,1.0,1.0,sensitivity_395,sensitivity_392,trade.cet_transformation_elasticity,1.0,2.0,0.626953125,1.626953125,parameter_bisection,parameter_only,13,false
sensitivity_395,policy,virgin_metal_tax_tax_0_02,virgin_metal_tax,0.02,LOCALLY_INFEASIBLE,INFEASIBLE_POINT,false,10.606509315,0.0010856075921924502,1,0.0,0,material_composite_production_REU,eqpzs,IND_REU_NEW_ELMA,0.0010856075921924502,EOL_FLOW_EOL_DE_ELMA_INC,0.0,,1.0,2.0,1.0,2.0,1.0,1.0,sensitivity_395,sensitivity_392,trade.cet_transformation_elasticity,1.0,2.0,0.6259765625,1.6259765625,parameter_bisection,parameter_only,14,false
sensitivity_395,policy,virgin_metal_tax_tax_0_02,virgin_metal_tax,0.02,LOCALLY_INFEASIBLE,INFEASIBLE_POINT,false,74.181677853,0.0010878286605664478,1,0.0,0,material_composite_production_REU,eqpzs,IND_REU_NEW_ELMA,0.0010878286605664478,EOL_FLOW_EOL_DE_ELMA_INC,0.0,,1.0,2.0,1.0,2.0,1.0,1.0,sensitivity_395,sensitivity_392,trade.cet_transformation_elasticity,1.0,2.0,0.62548828125,1.62548828125,parameter_bisection,parameter_only,15,false
sensitivity_395,policy,virgin_metal_tax_tax_0_02,virgin_metal_tax,0.02,LOCALLY_INFEASIBLE,INFEASIBLE_POINT,false,37.489283775,0.0010887358589615204,1,0.0,0,material_composite_production_REU,eqpzs,IND_REU_NEW_ELMA,0.0010887358589615204,EOL_FLOW_EOL_DE_ELMA_INC,0.0,,1.0,2.0,1.0,2.0,1.0,1.0,sensitivity_395,sensitivity_392,trade.cet_transformation_elasticity,1.0,2.0,0.625244140625,1.625244140625,parameter_bisection,parameter_only,16,false
sensitivity_395,policy,virgin_metal_tax_tax_0_02,virgin_metal_tax,0.02,LOCALLY_INFEASIBLE,INFEASIBLE_POINT,false,25.21453675,0.0010888905386836623,1,0.0,0,material_composite_production_REU,eqpzs,IND_REU_NEW_ELMA,0.0010888905386836623,EOL_FLOW_EOL_DE_ELMA_INC,0.0,,1.0,2.0,1.0,2.0,1.0,1.0,sensitivity_395,sensitivity_392,trade.cet_transformation_elasticity,1.0,2.0,0.6251220703125,1.6251220703125,parameter_bisection,parameter_only,17,false
sensitivity_396,policy,virgin_metal_tax_tax_0_02,virgin_metal_tax,0.02,LOCALLY_INFEASIBLE,INFEASIBLE_POINT,false,3.633931361,0.001001663219812099,1,0.0,0,material_composite_production_REU,eqpzs,IND_REU_NEW_ELMA,0.001001663219812099,EOL_FLOW_EOL_DE_ELMA_INC,0.0,,2.0,2.0,1.0,2.0,1.0,1.0,sensitivity_396,sensitivity_315,circular_routes.eol_productivity_elasticity,0.5,1.0,1.0,1.0,direct_target,parameter_only,1,false
sensitivity_396,policy,virgin_metal_tax_tax_0_02,virgin_metal_tax,0.02,LOCALLY_INFEASIBLE,INFEASIBLE_POINT,false,4.01909565,0.0010258247181069713,1,0.0,0,material_composite_production_REU,eqpzs,IND_REU_NEW_ELMA,0.0010258247181069713,EOL_FLOW_EOL_DE_ELMA_INC,0.0,,2.0,2.0,1.0,2.0,1.0,1.0,sensitivity_396,sensitivity_315,circular_routes.eol_productivity_elasticity,0.5,1.0,0.5,0.75,parameter_bisection,parameter_only,2,false
sensitivity_396,policy,virgin_metal_tax_tax_0_02,virgin_metal_tax,0.02,LOCALLY_INFEASIBLE,INFEASIBLE_POINT,false,4.828425117,0.0010305856368297839,1,0.0,0,material_composite_production_REU,eqpzs,IND_REU_NEW_ELMA,0.0010305856368297839,EOL_FLOW_EOL_DE_ELMA_INC,0.0,,2.0,2.0,1.0,2.0,1.0,1.0,sensitivity_396,sensitivity_315,circular_routes.eol_productivity_elasticity,0.5,1.0,0.25,0.625,parameter_bisection,parameter_only,3,false
sensitivity_396,policy,virgin_metal_tax_tax_0_02,virgin_metal_tax,0.02,LOCALLY_INFEASIBLE,INFEASIBLE_POINT,true,2.161552922,0.000981804136409803,0,0.0,0,material_composite_production_REU,eqpzs,IND_REU_NEW_ELMA,0.000981804136409803,EOL_FLOW_EOL_DE_ELMA_INC,0.0,,2.0,2.0,1.0,2.0,1.0,1.0,sensitivity_396,sensitivity_315,circular_routes.eol_productivity_elasticity,0.5,1.0,0.125,0.5625,parameter_bisection,parameter_only,4,true
sensitivity_396,policy,virgin_metal_tax_tax_0_02,virgin_metal_tax,0.02,LOCALLY_INFEASIBLE,INFEASIBLE_POINT,false,4.833343348,0.0010331730596315758,1,0.0,0,material_composite_production_REU,eqpzs,IND_REU_NEW_ELMA,0.0010331730596315758,EOL_FLOW_EOL_DE_ELMA_INC,0.0,,2.0,2.0,1.0,2.0,1.0,1.0,sensitivity_396,sensitivity_315,circular_routes.eol_productivity_elasticity,0.5,1.0,0.375,0.6875,parameter_bisection,parameter_only,5,false
sensitivity_396,policy,virgin_metal_tax_tax_0_02,virgin_metal_tax,0.02,LOCALLY_INFEASIBLE,INFEASIBLE_POINT,false,3.762753605,0.0010260513867381693,1,0.0,0,material_composite_production_REU,eqpzs,IND_REU_NEW_ELMA,0.0010260513867381693,EOL_FLOW_EOL_DE_ELMA_INC,0.0,,2.0,2.0,1.0,2.0,1.0,1.0,sensitivity_396,sensitivity_315,circular_routes.eol_productivity_elasticity,0.5,1.0,0.25,0.625,parameter_bisection,parameter_only,6,false
sensitivity_396,policy,virgin_metal_tax_tax_0_02,virgin_metal_tax,0.02,LOCALLY_INFEASIBLE,INFEASIBLE_POINT,false,4.678223313,0.0010521284225550875,1,0.0,0,material_composite_production_REU,eqpzs,IND_REU_NEW_ELMA,0.0010521284225550875,EOL_FLOW_EOL_DE_ELMA_INC,0.0,,2.0,2.0,1.0,2.0,1.0,1.0,sensitivity_396,sensitivity_315,circular_routes.eol_productivity_elasticity,0.5,1.0,0.1875,0.59375,parameter_bisection,parameter_only,7,false
sensitivity_396,policy,virgin_metal_tax_tax_0_02,virgin_metal_tax,0.02,LOCALLY_INFEASIBLE,INFEASIBLE_POINT,false,4.68143659,0.001047631361927981,1,0.0,0,material_composite_production_REU,eqpzs,IND_REU_NEW_ELMA,0.001047631361927981,EOL_FLOW_EOL_DE_ELMA_INC,0.0,,2.0,2.0,1.0,2.0,1.0,1.0,sensitivity_396,sensitivity_315,circular_routes.eol_productivity_elasticity,0.5,1.0,0.15625,0.578125,parameter_bisection,parameter_only,8,false
sensitivity_396,policy,virgin_metal_tax_tax_0_02,virgin_metal_tax,0.02,LOCALLY_INFEASIBLE,INFEASIBLE_POINT,true,2.548541121,0.0009817992087809424,0,0.0,0,material_composite_production_REU,eqpzs,IND_REU_NEW_ELMA,0.0009817992087809424,EOL_FLOW_EOL_DE_ELMA_INC,0.0,,2.0,2.0,1.0,2.0,1.0,1.0,sensitivity_396,sensitivity_315,circular_routes.eol_productivity_elasticity,0.5,1.0,0.140625,0.5703125,parameter_bisection,parameter_only,9,true
sensitivity_396,policy,virgin_metal_tax_tax_0_02,virgin_metal_tax,0.02,LOCALLY_INFEASIBLE,INFEASIBLE_POINT,true,2.095767235,0.0009817963139975294,0,0.0,0,material_composite_production_REU,eqpzs,IND_REU_NEW_ELMA,0.0009817963139975294,EOL_FLOW_EOL_DE_ELMA_INC,0.0,,2.0,2.0,1.0,2.0,1.0,1.0,sensitivity_396,sensitivity_315,circular_routes.eol_productivity_elasticity,0.5,1.0,0.171875,0.5859375,parameter_bisection,parameter_only,10,true
sensitivity_396,policy,virgin_metal_tax_tax_0_02,virgin_metal_tax,0.02,LOCALLY_INFEASIBLE,INFEASIBLE_POINT,false,3.707626566,0.0010338091979121833,1,0.0,0,material_composite_production_REU,eqpzs,IND_REU_NEW_ELMA,0.0010338091979121833,EOL_FLOW_EOL_DE_ELMA_INC,0.0,,2.0,2.0,1.0,2.0,1.0,1.0,sensitivity_396,sensitivity_315,circular_routes.eol_productivity_elasticity,0.5,1.0,0.234375,0.6171875,parameter_bisection,parameter_only,11,false
sensitivity_396,policy,virgin_metal_tax_tax_0_02,virgin_metal_tax,0.02,LOCALLY_INFEASIBLE,INFEASIBLE_POINT,true,2.449201015,0.0009829191931624015,0,0.0,0,material_composite_production_REU,eqpzs,IND_REU_NEW_ELMA,0.0009829191931624015,EOL_FLOW_EOL_DE_ELMA_INC,0.0,,2.0,2.0,1.0,2.0,1.0,1.0,sensitivity_396,sensitivity_315,circular_routes.eol_productivity_elasticity,0.5,1.0,0.203125,0.6015625,parameter_bisection,parameter_only,12,true
sensitivity_396,policy,virgin_metal_tax_tax_0_02,virgin_metal_tax,0.02,LOCALLY_INFEASIBLE,INFEASIBLE_POINT,true,2.080716512,0.0009829383994233165,0,0.0,0,material_composite_production_REU,eqpzs,IND_REU_NEW_ELMA,0.0009829383994233165,EOL_FLOW_EOL_DE_ELMA_INC,0.0,,2.0,2.0,1.0,2.0,1.0,1.0,sensitivity_396,sensitivity_315,circular_routes.eol_productivity_elasticity,0.5,1.0,0.265625,0.6328125,parameter_bisection,parameter_only,13,true
sensitivity_396,policy,virgin_metal_tax_tax_0_02,virgin_metal_tax,0.02,LOCALLY_INFEASIBLE,INFEASIBLE_POINT,false,4.395729534,0.0010258070339986824,1,0.0,0,material_composite_production_REU,eqpzs,IND_REU_NEW_ELMA,0.0010258070339986824,EOL_FLOW_EOL_DE_ELMA_INC,0.0,,2.0,2.0,1.0,2.0,1.0,1.0,sensitivity_396,sensitivity_315,circular_routes.eol_productivity_elasticity,0.5,1.0,0.390625,0.6953125,parameter_bisection,parameter_only,14,false
sensitivity_396,policy,virgin_metal_tax_tax_0_02,virgin_metal_tax,0.02,LOCALLY_INFEASIBLE,INFEASIBLE_POINT,true,2.741538269,0.0009829674137044053,0,0.0,0,material_composite_production_REU,eqpzs,IND_REU_NEW_ELMA,0.0009829674137044053,EOL_FLOW_EOL_DE_ELMA_INC,0.0,,2.0,2.0,1.0,2.0,1.0,1.0,sensitivity_396,sensitivity_315,circular_routes.eol_productivity_elasticity,0.5,1.0,0.328125,0.6640625,parameter_bisection,parameter_only,15,true
sensitivity_396,policy,virgin_metal_tax_tax_0_02,virgin_metal_tax,0.02,LOCALLY_INFEASIBLE,INFEASIBLE_POINT,false,6.38187447,0.0010278866381733254,1,0.0,0,material_composite_production_REU,eqpzs,IND_REU_NEW_ELMA,0.0010278866381733254,EOL_FLOW_EOL_DE_ELMA_INC,0.0,,2.0,2.0,1.0,2.0,1.0,1.0,sensitivity_396,sensitivity_315,circular_routes.eol_productivity_elasticity,0.5,1.0,0.453125,0.7265625,parameter_bisection,parameter_only,16,false
sensitivity_396,policy,virgin_metal_tax_tax_0_02,virgin_metal_tax,0.02,LOCALLY_INFEASIBLE,INFEASIBLE_POINT,false,6.358446904,0.0010303359191305983,1,0.0,0,material_composite_production_REU,eqpzs,IND_REU_NEW_ELMA,0.0010303359191305983,EOL_FLOW_EOL_DE_ELMA_INC,0.0,,2.0,2.0,1.0,2.0,1.0,1.0,sensitivity_396,sensitivity_315,circular_routes.eol_productivity_elasticity,0.5,1.0,0.390625,0.6953125,parameter_bisection,parameter_only,17,false
sensitivity_396,policy,virgin_metal_tax_tax_0_02,virgin_metal_tax,0.02,LOCALLY_INFEASIBLE,INFEASIBLE_POINT,false,5.746997325,0.0010251280099405902,1,0.0,0,material_composite_production_REU,eqpzs,IND_REU_NEW_ELMA,0.0010251280099405902,EOL_FLOW_EOL_DE_ELMA_INC,0.0,,2.0,2.0,1.0,2.0,1.0,1.0,sensitivity_396,sensitivity_315,circular_routes.eol_productivity_elasticity,0.5,1.0,0.359375,0.6796875,parameter_bisection,parameter_only,18,false
sensitivity_396,policy,virgin_metal_tax_tax_0_02,virgin_metal_tax,0.02,LOCALLY_INFEASIBLE,INFEASIBLE_POINT,false,5.067843678,0.0010196959860305777,1,0.0,0,material_composite_production_REU,eqpzs,IND_REU_NEW_ELMA,0.0010196959860305777,EOL_FLOW_EOL_DE_ELMA_INC,0.0,,2.0,2.0,1.0,2.0,1.0,1.0,sensitivity_396,sensitivity_315,circular_routes.eol_productivity_elasticity,0.5,1.0,0.34375,0.671875,parameter_bisection,parameter_only,19,false
sensitivity_396,policy,virgin_metal_tax_tax_0_02,virgin_metal_tax,0.02,LOCALLY_INFEASIBLE,INFEASIBLE_POINT,true,3.436563219,0.0009829768372986436,0,0.0,0,material_composite_production_REU,eqpzs,IND_REU_NEW_ELMA,0.0009829768372986436,EOL_FLOW_EOL_DE_ELMA_INC,0.0,,2.0,2.0,1.0,2.0,1.0,1.0,sensitivity_396,sensitivity_315,circular_routes.eol_productivity_elasticity,0.5,1.0,0.3359375,0.66796875,parameter_bisection,parameter_only,20,true
sensitivity_396,policy,virgin_metal_tax_tax_0_02,virgin_metal_tax,0.02,LOCALLY_INFEASIBLE,INFEASIBLE_POINT,false,5.23407657,0.001021732642412676,1,0.0,0,material_composite_production_REU,eqpzs,IND_REU_NEW_ELMA,0.001021732642412676,EOL_FLOW_EOL_DE_ELMA_INC,0.0,,2.0,2.0,1.0,2.0,1.0,1.0,sensitivity_396,sensitivity_315,circular_routes.eol_productivity_elasticity,0.5,1.0,0.3515625,0.67578125,parameter_bisection,parameter_only,21,false
sensitivity_396,policy,virgin_metal_tax_tax_0_02,virgin_metal_tax,0.02,LOCALLY_INFEASIBLE,INFEASIBLE_POINT,true,3.510281331,0.0009829818507069987,0,0.0,0,material_composite_production_REU,eqpzs,IND_REU_NEW_ELMA,0.0009829818507069987,EOL_FLOW_EOL_DE_ELMA_INC,0.0,,2.0,2.0,1.0,2.0,1.0,1.0,sensitivity_396,sensitivity_315,circular_routes.eol_productivity_elasticity,0.5,1.0,0.34375,0.671875,parameter_bisection,parameter_only,22,true
sensitivity_396,policy,virgin_metal_tax_tax_0_02,virgin_metal_tax,0.02,LOCALLY_INFEASIBLE,INFEASIBLE_POINT,true,4.049279245,0.0009830565648478728,0,0.0,0,material_composite_production_REU,eqpzs,IND_REU_NEW_ELMA,0.0009830565648478728,EOL_FLOW_EOL_DE_ELMA_INC,0.0,,2.0,2.0,1.0,2.0,1.0,1.0,sensitivity_396,sensitivity_315,circular_routes.eol_productivity_elasticity,0.5,1.0,0.359375,0.6796875,parameter_bisection,parameter_only,23,true
sensitivity_396,policy,virgin_metal_tax_tax_0_02,virgin_metal_tax,0.02,LOCALLY_INFEASIBLE,INFEASIBLE_POINT,false,6.20044079,0.0010272991786696162,1,0.0,0,material_composite_production_REU,eqpzs,IND_REU_NEW_ELMA,0.0010272991786696162,EOL_FLOW_EOL_DE_ELMA_INC,0.0,,2.0,2.0,1.0,2.0,1.0,1.0,sensitivity_396,sensitivity_315,circular_routes.eol_productivity_elasticity,0.5,1.0,0.390625,0.6953125,parameter_bisection,parameter_only,24,false
sensitivity_396,policy,virgin_metal_tax_tax_0_02,virgin_metal_tax,0.02,LOCALLY_INFEASIBLE,INFEASIBLE_POINT,true,3.694015663,0.0009831364265084908,0,0.0,0,material_composite_production_REU,eqpzs,IND_REU_NEW_ELMA,0.0009831364265084908,EOL_FLOW_EOL_DE_ELMA_INC,0.0,,2.0,2.0,1.0,2.0,1.0,1.0,sensitivity_396,sensitivity_315,circular_routes.eol_productivity_elasticity,0.5,1.0,0.375,0.6875,parameter_bisection,parameter_only,25,true
sensitivity_396,policy,virgin_metal_tax_tax_0_02,virgin_metal_tax,0.02,LOCALLY_INFEASIBLE,INFEASIBLE_POINT,false,10.567984565,0.001035851257991105,1,0.0,0,material_composite_production_REU,eqpzs,IND_REU_NEW_ELMA,0.001035851257991105,EOL_FLOW_EOL_DE_ELMA_INC,0.0,,2.0,2.0,1.0,2.0,1.0,1.0,sensitivity_396,sensitivity_315,circular_routes.eol_productivity_elasticity,0.5,1.0,0.40625,0.703125,parameter_bisection,parameter_only,26,false
sensitivity_396,policy,virgin_metal_tax_tax_0_02,virgin_metal_tax,0.02,LOCALLY_INFEASIBLE,INFEASIBLE_POINT,false,6.310912493,0.0010211413538863123,1,0.0,0,material_composite_production_REU,eqpzs,IND_REU_NEW_ELMA,0.0010211413538863123,EOL_FLOW_EOL_DE_ELMA_INC,0.0,,2.0,2.0,1.0,2.0,1.0,1.0,sensitivity_396,sensitivity_315,circular_routes.eol_productivity_elasticity,0.5,1.0,0.390625,0.6953125,parameter_bisection,parameter_only,27,false
sensitivity_396,policy,virgin_metal_tax_tax_0_02,virgin_metal_tax,0.02,LOCALLY_INFEASIBLE,INFEASIBLE_POINT,false,4.858881521,0.0010239738088817507,1,0.0,0,material_composite_production_REU,eqpzs,IND_REU_NEW_ELMA,0.0010239738088817507,EOL_FLOW_EOL_DE_ELMA_INC,0.0,,2.0,2.0,1.0,2.0,1.0,1.0,sensitivity_396,sensitivity_315,circular_routes.eol_productivity_elasticity,0.5,1.0,0.3828125,0.69140625,parameter_bisection,parameter_only,28,false
sensitivity_396,policy,virgin_metal_tax_tax_0_02,virgin_metal_tax,0.02,LOCALLY_INFEASIBLE,INFEASIBLE_POINT,false,7.112382613,0.0010330315614348606,1,0.0,0,material_composite_production_REU,eqpzs,IND_REU_NEW_ELMA,0.0010330315614348606,EOL_FLOW_EOL_DE_ELMA_INC,0.0,,2.0,2.0,1.0,2.0,1.0,1.0,sensitivity_396,sensitivity_315,circular_routes.eol_productivity_elasticity,0.5,1.0,0.37890625,0.689453125,parameter_bisection,parameter_only,29,false
sensitivity_396,policy,virgin_metal_tax_tax_0_02,virgin_metal_tax,0.02,LOCALLY_INFEASIBLE,INFEASIBLE_POINT,false,6.75272052,0.0010389480551112884,1,0.0,0,material_composite_production_REU,eqpzs,IND_REU_NEW_ELMA,0.0010389480551112884,EOL_FLOW_EOL_DE_ELMA_INC,0.0,,2.0,2.0,1.0,2.0,1.0,1.0,sensitivity_396,sensitivity_315,circular_routes.eol_productivity_elasticity,0.5,1.0,0.376953125,0.6884765625,parameter_bisection,parameter_only,30,false
sensitivity_396,policy,virgin_metal_tax_tax_0_02,virgin_metal_tax,0.02,LOCALLY_INFEASIBLE,INFEASIBLE_POINT,false,5.398086879,0.0010235040017732011,1,0.0,0,material_composite_production_REU,eqpzs,IND_REU_NEW_ELMA,0.0010235040017732011,EOL_FLOW_EOL_DE_ELMA_INC,0.0,,2.0,2.0,1.0,2.0,1.0,1.0,sensitivity_396,sensitivity_315,circular_routes.eol_productivity_elasticity,0.5,1.0,0.3759765625,0.68798828125,parameter_bisection,parameter_only,31,false
sensitivity_396,policy,virgin_metal_tax_tax_0_02,virgin_metal_tax,0.02,LOCALLY_INFEASIBLE,INFEASIBLE_POINT,false,5.982035746,0.001031435705605488,1,0.0,0,material_composite_production_REU,eqpzs,IND_REU_NEW_ELMA,0.001031435705605488,EOL_FLOW_EOL_DE_ELMA_INC,0.0,,2.0,2.0,1.0,2.0,1.0,1.0,sensitivity_396,sensitivity_315,circular_routes.eol_productivity_elasticity,0.5,1.0,0.37548828125,0.687744140625,parameter_bisection,parameter_only,32,false
sensitivity_396,policy,virgin_metal_tax_tax_0_02,virgin_metal_tax,0.02,LOCALLY_INFEASIBLE,INFEASIBLE_POINT,false,4.496785786,0.00102645926059175,1,0.0,0,material_composite_production_REU,eqpzs,IND_REU_NEW_ELMA,0.00102645926059175,EOL_FLOW_EOL_DE_ELMA_INC,0.0,,2.0,2.0,1.0,2.0,1.0,1.0,sensitivity_396,sensitivity_315,circular_routes.eol_productivity_elasticity,0.5,1.0,0.375244140625,0.6876220703125,parameter_bisection,parameter_only,33,false
sensitivity_396,policy,virgin_metal_tax_tax_0_02,virgin_metal_tax,0.02,LOCALLY_INFEASIBLE,INFEASIBLE_POINT,false,4.455913949,0.001029204199721745,1,0.0,0,material_composite_production_REU,eqpzs,IND_REU_NEW_ELMA,0.001029204199721745,EOL_FLOW_EOL_DE_ELMA_INC,0.0,,2.0,2.0,1.0,2.0,1.0,1.0,sensitivity_396,sensitivity_315,circular_routes.eol_productivity_elasticity,0.5,1.0,0.3751220703125,0.68756103515625,parameter_bisection,parameter_only,34,false
sensitivity_439,policy,virgin_metal_tax_tax_0_02,virgin_metal_tax,0.02,LOCALLY_INFEASIBLE,INFEASIBLE_POINT,false,7.966207638,0.0010017694204339511,1,0.0,0,material_composite_production_REU,eqpzs,IND_REU_NEW_ELMA,0.0010017694204339511,EOL_FLOW_EOL_DE_ELMA_INC,0.0,,0.5,2.0,0.5,1.0,2.0,1.0,sensitivity_439,sensitivity_277,circular_routes.eol_productivity_elasticity,0.5,2.0,1.0,2.0,direct_target,parameter_only,1,false
sensitivity_439,policy,virgin_metal_tax_tax_0_02,virgin_metal_tax,0.02,LOCALLY_INFEASIBLE,INFEASIBLE_POINT,false,10.670772495,0.001050244311918802,1,0.0,0,material_composite_production_REU,eqpzs,IND_REU_NEW_ELMA,0.001050244311918802,EOL_FLOW_EOL_DE_ELMA_INC,0.0,,0.5,2.0,0.5,1.0,2.0,1.0,sensitivity_439,sensitivity_277,circular_routes.eol_productivity_elasticity,0.5,2.0,0.5,1.25,parameter_bisection,parameter_only,2,false
sensitivity_439,policy,virgin_metal_tax_tax_0_02,virgin_metal_tax,0.02,LOCALLY_INFEASIBLE,INFEASIBLE_POINT,true,10.84999949,0.0009981816577492308,0,0.0,0,material_composite_production_REU,eqpzs,IND_REU_NEW_ELMA,0.0009981816577492308,EOL_FLOW_EOL_DE_ELMA_INC,0.0,,0.5,2.0,0.5,1.0,2.0,1.0,sensitivity_439,sensitivity_277,circular_routes.eol_productivity_elasticity,0.5,2.0,0.25,0.875,parameter_bisection,parameter_only,3,true
sensitivity_439,policy,virgin_metal_tax_tax_0_02,virgin_metal_tax,0.02,LOCALLY_INFEASIBLE,INFEASIBLE_POINT,false,18.666891778,0.0010571116122615187,1,0.0,0,material_composite_production_REU,eqpzs,IND_REU_NEW_ELMA,0.0010571116122615187,EOL_FLOW_EOL_DE_ELMA_INC,0.0,,0.5,2.0,0.5,1.0,2.0,1.0,sensitivity_439,sensitivity_277,circular_routes.eol_productivity_elasticity,0.5,2.0,0.75,1.625,parameter_bisection,parameter_only,4,false
sensitivity_439,policy,virgin_metal_tax_tax_0_02,virgin_metal_tax,0.02,LOCALLY_INFEASIBLE,INFEASIBLE_POINT,false,14.313361233,0.001068090443845593,1,0.0,0,material_composite_production_REU,eqpzs,IND_REU_NEW_ELMA,0.001068090443845593,EOL_FLOW_EOL_DE_ELMA_INC,0.0,,0.5,2.0,0.5,1.0,2.0,1.0,sensitivity_439,sensitivity_277,circular_routes.eol_productivity_elasticity,0.5,2.0,0.5,1.25,parameter_bisection,parameter_only,5,false
sensitivity_439,policy,virgin_metal_tax_tax_0_02,virgin_metal_tax,0.02,LOCALLY_INFEASIBLE,INFEASIBLE_POINT,true,5.772599882,0.0009950096065577396,0,0.0,0,material_composite_production_REU,eqpzs,IND_REU_NEW_ELMA,0.0009950096065577396,EOL_FLOW_EOL_DE_ELMA_INC,0.0,,0.5,2.0,0.5,1.0,2.0,1.0,sensitivity_439,sensitivity_277,circular_routes.eol_productivity_elasticity,0.5,2.0,0.375,1.0625,parameter_bisection,parameter_only,6,true
sensitivity_439,policy,virgin_metal_tax_tax_0_02,virgin_metal_tax,0.02,LOCALLY_INFEASIBLE,INFEASIBLE_POINT,true,4.648027849,0.0009970899794461419,0,0.0,0,material_composite_production_REU,eqpzs,IND_REU_NEW_ELMA,0.0009970899794461419,EOL_FLOW_EOL_DE_ELMA_INC,0.0,,0.5,2.0,0.5,1.0,2.0,1.0,sensitivity_439,sensitivity_277,circular_routes.eol_productivity_elasticity,0.5,2.0,0.625,1.4375,parameter_bisection,parameter_only,7,true
sensitivity_439,policy,virgin_metal_tax_tax_0_02,virgin_metal_tax,0.02,LOCALLY_INFEASIBLE,INFEASIBLE_POINT,false,41.802754982,0.0010570505957582244,1,0.0,0,material_composite_production_REU,eqpzs,IND_REU_NEW_ELMA,0.0010570505957582244,EOL_FLOW_EOL_DE_ELMA_INC,0.0,,0.5,2.0,0.5,1.0,2.0,1.0,sensitivity_439,sensitivity_277,circular_routes.eol_productivity_elasticity,0.5,2.0,1.0,2.0,parameter_bisection,parameter_only,8,false
sensitivity_439,policy,virgin_metal_tax_tax_0_02,virgin_metal_tax,0.02,LOCALLY_INFEASIBLE,INFEASIBLE_POINT,false,13.256528322,0.0010326184263013127,1,0.0,0,material_composite_production_REU,eqpzs,IND_REU_NEW_ELMA,0.0010326184263013127,EOL_FLOW_EOL_DE_ELMA_INC,0.0,,0.5,2.0,0.5,1.0,2.0,1.0,sensitivity_439,sensitivity_277,circular_routes.eol_productivity_elasticity,0.5,2.0,0.8125,1.71875,parameter_bisection,parameter_only,9,false
sensitivity_439,policy,virgin_metal_tax_tax_0_02,virgin_metal_tax,0.02,LOCALLY_INFEASIBLE,INFEASIBLE_POINT,false,7.066520918,0.0010048493131729064,1,0.0,0,material_composite_production_REU,eqpzs,IND_REU_NEW_ELMA,0.0010048493131729064,EOL_FLOW_EOL_DE_ELMA_INC,0.0,,0.5,2.0,0.5,1.0,2.0,1.0,sensitivity_439,sensitivity_277,circular_routes.eol_productivity_elasticity,0.5,2.0,0.71875,1.578125,parameter_bisection,parameter_only,10,false
sensitivity_439,policy,virgin_metal_tax_tax_0_02,virgin_metal_tax,0.02,LOCALLY_INFEASIBLE,INFEASIBLE_POINT,false,23.436953844,0.0010622415273552344,1,0.0,0,material_composite_production_REU,eqpzs,IND_REU_NEW_ELMA,0.0010622415273552344,EOL_FLOW_EOL_DE_ELMA_INC,0.0,,0.5,2.0,0.5,1.0,2.0,1.0,sensitivity_439,sensitivity_277,circular_routes.eol_productivity_elasticity,0.5,2.0,0.671875,1.5078125,parameter_bisection,parameter_only,11,false
sensitivity_439,policy,virgin_metal_tax_tax_0_02,virgin_metal_tax,0.02,LOCALLY_INFEASIBLE,INFEASIBLE_POINT,true,5.391757105,0.000993964847044837,0,0.0,0,material_composite_production_REU,eqpzs,IND_REU_NEW_ELMA,0.000993964847044837,EOL_FLOW_EOL_DE_ELMA_INC,0.0,,0.5,2.0,0.5,1.0,2.0,1.0,sensitivity_439,sensitivity_277,circular_routes.eol_productivity_elasticity,0.5,2.0,0.6484375,1.47265625,parameter_bisection,parameter_only,12,true
sensitivity_439,policy,virgin_metal_tax_tax_0_02,virgin_metal_tax,0.02,LOCALLY_INFEASIBLE,INFEASIBLE_POINT,false,8.475723868,0.0010130862005672814,1,0.0,0,material_composite_production_REU,eqpzs,IND_REU_NEW_ELMA,0.0010130862005672814,EOL_FLOW_EOL_DE_ELMA_INC,0.0,,0.5,2.0,0.5,1.0,2.0,1.0,sensitivity_439,sensitivity_277,circular_routes.eol_productivity_elasticity,0.5,2.0,0.6953125,1.54296875,parameter_bisection,parameter_only,13,false
sensitivity_439,policy,virgin_metal_tax_tax_0_02,virgin_metal_tax,0.02,LOCALLY_INFEASIBLE,INFEASIBLE_POINT,false,27.809034116,0.0010793929001253755,1,0.0,0,material_composite_production_REU,eqpzs,IND_REU_NEW_ELMA,0.0010793929001253755,EOL_FLOW_EOL_DE_ELMA_INC,0.0,,0.5,2.0,0.5,1.0,2.0,1.0,sensitivity_439,sensitivity_277,circular_routes.eol_productivity_elasticity,0.5,2.0,0.671875,1.5078125,parameter_bisection,parameter_only,14,false
sensitivity_439,policy,virgin_metal_tax_tax_0_02,virgin_metal_tax,0.02,LOCALLY_INFEASIBLE,INFEASIBLE_POINT,false,42.940186368,0.0010801202324594028,1,0.0,0,material_composite_production_REU,eqpzs,IND_REU_NEW_ELMA,0.0010801202324594028,EOL_FLOW_EOL_DE_ELMA_INC,0.0,,0.5,2.0,0.5,1.0,2.0,1.0,sensitivity_439,sensitivity_277,circular_routes.eol_productivity_elasticity,0.5,2.0,0.66015625,1.490234375,parameter_bisection,parameter_only,15,false
sensitivity_439,policy,virgin_metal_tax_tax_0_02,virgin_metal_tax,0.02,LOCALLY_INFEASIBLE,INFEASIBLE_POINT,false,21.252281355,0.0010705225543998775,1,0.0,0,material_composite_production_REU,eqpzs,IND_REU_NEW_ELMA,0.0010705225543998775,EOL_FLOW_EOL_DE_ELMA_INC,0.0,,0.5,2.0,0.5,1.0,2.0,1.0,sensitivity_439,sensitivity_277,circular_routes.eol_productivity_elasticity,0.5,2.0,0.654296875,1.4814453125,parameter_bisection,parameter_only,16,false
sensitivity_439,policy,virgin_metal_tax_tax_0_02,virgin_metal_tax,0.02,LOCALLY_INFEASIBLE,INFEASIBLE_POINT,false,30.49576113,0.0010832128662682239,1,0.0,0,material_composite_production_REU,eqpzs,IND_REU_NEW_ELMA,0.0010832128662682239,EOL_FLOW_EOL_DE_ELMA_INC,0.0,,0.5,2.0,0.5,1.0,2.0,1.0,sensitivity_439,sensitivity_277,circular_routes.eol_productivity_elasticity,0.5,2.0,0.6513671875,1.47705078125,parameter_bisection,parameter_only,17,false
sensitivity_439,policy,virgin_metal_tax_tax_0_02,virgin_metal_tax,0.02,LOCALLY_INFEASIBLE,INFEASIBLE_POINT,false,32.037330943,0.0010748484227869337,1,0.0,0,material_composite_production_REU,eqpzs,IND_REU_NEW_ELMA,0.0010748484227869337,EOL_FLOW_EOL_DE_ELMA_INC,0.0,,0.5,2.0,0.5,1.0,2.0,1.0,sensitivity_439,sensitivity_277,circular_routes.eol_productivity_elasticity,0.5,2.0,0.64990234375,1.474853515625,parameter_bisection,parameter_only,18,false
sensitivity_439,policy,virgin_metal_tax_tax_0_02,virgin_metal_tax,0.02,LOCALLY_INFEASIBLE,INFEASIBLE_POINT,false,55.566127932,0.001071199335573092,1,0.0,0,material_composite_production_REU,eqpzs,IND_REU_NEW_ELMA,0.001071199335573092,EOL_FLOW_EOL_DE_ELMA_INC,0.0,,0.5,2.0,0.5,1.0,2.0,1.0,sensitivity_439,sensitivity_277,circular_routes.eol_productivity_elasticity,0.5,2.0,0.649169921875,1.4737548828125,parameter_bisection,parameter_only,19,false
sensitivity_439,policy,virgin_metal_tax_tax_0_02,virgin_metal_tax,0.02,LOCALLY_INFEASIBLE,INFEASIBLE_POINT,false,64.979059819,0.0010528516819341416,1,0.0,0,material_composite_production_REU,eqpzs,IND_REU_NEW_ELMA,0.0010528516819341416,EOL_FLOW_EOL_DE_ELMA_INC,0.0,,0.5,2.0,0.5,1.0,2.0,1.0,sensitivity_439,sensitivity_277,circular_routes.eol_productivity_elasticity,0.5,2.0,0.6488037109375,1.47320556640625,parameter_bisection,parameter_only,20,false
sensitivity_439,policy,virgin_metal_tax_tax_0_02,virgin_metal_tax,0.02,LOCALLY_INFEASIBLE,INFEASIBLE_POINT,false,42.773853019,0.0010824751279133737,1,0.0,0,material_composite_production_REU,eqpzs,IND_REU_NEW_ELMA,0.0010824751279133737,EOL_FLOW_EOL_DE_ELMA_INC,0.0,,0.5,2.0,0.5,1.0,2.0,1.0,sensitivity_439,sensitivity_277,circular_routes.eol_productivity_elasticity,0.5,2.0,0.64862060546875,1.472930908203125,parameter_bisection,parameter_only,21,false
sensitivity_448,policy,virgin_metal_tax_tax_0_02,virgin_metal_tax,0.02,LOCALLY_INFEASIBLE,INFEASIBLE_POINT,false,58.464540574,0.0010637419687059557,1,0.0,0,material_composite_production_REU,eqpzs,IND_REU_NEW_ELMA,0.0010637419687059557,EOL_FLOW_EOL_DE_ELMA_INC,0.0,,0.5,2.0,1.0,1.0,2.0,1.0,sensitivity_448,sensitivity_205,circular_metal.material_substitution_elasticity,0.5,1.0,1.0,1.0,direct_target,parameter_only,1,false
sensitivity_448,policy,virgin_metal_tax_tax_0_02,virgin_metal_tax,0.02,LOCALLY_INFEASIBLE,INFEASIBLE_POINT,true,71.687452212,0.000913992259740537,0,0.0,0,material_composite_production_REU,eqpzs,IND_REU_NEW_ELMA,0.000913992259740537,EOL_FLOW_EOL_DE_ELMA_INC,0.0,,0.5,2.0,1.0,1.0,2.0,1.0,sensitivity_448,sensitivity_205,circular_metal.material_substitution_elasticity,0.5,1.0,0.5,0.75,parameter_bisection,parameter_only,2,true
sensitivity_448,policy,virgin_metal_tax_tax_0_02,virgin_metal_tax,0.02,LOCALLY_INFEASIBLE,INFEASIBLE_POINT,false,15.640115568,0.0010095235513769563,1,0.0,0,material_composite_production_REU,eqpzs,IND_REU_NEW_ELMA,0.0010095235513769563,EOL_FLOW_EOL_DE_ELMA_INC,0.0,,0.5,2.0,1.0,1.0,2.0,1.0,sensitivity_448,sensitivity_205,circular_metal.material_substitution_elasticity,0.5,1.0,1.0,1.0,parameter_bisection,parameter_only,3,false
sensitivity_448,policy,virgin_metal_tax_tax_0_02,virgin_metal_tax,0.02,LOCALLY_INFEASIBLE,INFEASIBLE_POINT,true,11.900156062,0.0009921481122135978,0,0.0,0,material_composite_production_REU,eqpzs,IND_REU_NEW_ELMA,0.0009921481122135978,EOL_FLOW_EOL_DE_ELMA_INC,0.0,,0.5,2.0,1.0,1.0,2.0,1.0,sensitivity_448,sensitivity_205,circular_metal.material_substitution_elasticity,0.5,1.0,0.75,0.875,parameter_bisection,parameter_only,4,true
sensitivity_448,policy,virgin_metal_tax_tax_0_02,virgin_metal_tax,0.02,LOCALLY_INFEASIBLE,INFEASIBLE_POINT,false,35.111113222,0.0017538443177016582,2,0.0,0,regional_composite_market,regional_composite_market,IND_IT_OTHER_SERVICES|IT,0.0017538443177016582,EOL_FLOW_EOL_DE_ELMA_INC,0.0,,0.5,2.0,1.0,1.0,2.0,1.0,sensitivity_448,sensitivity_205,circular_metal.material_substitution_elasticity,0.5,1.0,1.0,1.0,parameter_bisection,parameter_only,5,false
sensitivity_448,policy,virgin_metal_tax_tax_0_02,virgin_metal_tax,0.02,LOCALLY_INFEASIBLE,INFEASIBLE_POINT,false,14.9997743,0.0010126100347714884,1,0.0,0,material_composite_production_REU,eqpzs,IND_REU_NEW_ELMA,0.0010126100347714884,EOL_FLOW_EOL_DE_ELMA_INC,0.0,,0.5,2.0,1.0,1.0,2.0,1.0,sensitivity_448,sensitivity_205,circular_metal.material_substitution_elasticity,0.5,1.0,0.875,0.9375,parameter_bisection,parameter_only,6,false
sensitivity_448,policy,virgin_metal_tax_tax_0_02,virgin_metal_tax,0.02,LOCALLY_INFEASIBLE,INFEASIBLE_POINT,false,36.460230574,0.001043113039625676,1,0.0,0,material_composite_production_REU,eqpzs,IND_REU_NEW_ELMA,0.001043113039625676,EOL_FLOW_EOL_DE_ELMA_INC,0.0,,0.5,2.0,1.0,1.0,2.0,1.0,sensitivity_448,sensitivity_205,circular_metal.material_substitution_elasticity,0.5,1.0,0.8125,0.90625,parameter_bisection,parameter_only,7,false
sensitivity_448,policy,virgin_metal_tax_tax_0_02,virgin_metal_tax,0.02,LOCALLY_INFEASIBLE,INFEASIBLE_POINT,false,12.73845199,0.0010096736466510547,1,0.0,0,material_composite_production_REU,eqpzs,IND_REU_NEW_ELMA,0.0010096736466510547,EOL_FLOW_EOL_DE_ELMA_INC,0.0,,0.5,2.0,1.0,1.0,2.0,1.0,sensitivity_448,sensitivity_205,circular_metal.material_substitution_elasticity,0.5,1.0,0.78125,0.890625,parameter_bisection,parameter_only,8,false
sensitivity_448,policy,virgin_metal_tax_tax_0_02,virgin_metal_tax,0.02,LOCALLY_INFEASIBLE,INFEASIBLE_POINT,false,39.451181858,0.0010665409935167736,1,0.0,0,material_composite_production_REU,eqpzs,IND_REU_NEW_ELMA,0.0010665409935167736,EOL_FLOW_EOL_DE_ELMA_INC,0.0,,0.5,2.0,1.0,1.0,2.0,1.0,sensitivity_448,sensitivity_205,circular_metal.material_substitution_elasticity,0.5,1.0,0.765625,0.8828125,parameter_bisection,parameter_only,9,false
sensitivity_448,policy,virgin_metal_tax_tax_0_02,virgin_metal_tax,0.02,LOCALLY_INFEASIBLE,INFEASIBLE_POINT,false,22.002650387,0.0010272557805534044,1,0.0,0,material_composite_production_REU,eqpzs,IND_REU_NEW_ELMA,0.0010272557805534044,EOL_FLOW_EOL_DE_ELMA_INC,0.0,,0.5,2.0,1.0,1.0,2.0,1.0,sensitivity_448,sensitivity_205,circular_metal.material_substitution_elasticity,0.5,1.0,0.7578125,0.87890625,parameter_bisection,parameter_only,10,false
sensitivity_448,policy,virgin_metal_tax_tax_0_02,virgin_metal_tax,0.02,LOCALLY_INFEASIBLE,INFEASIBLE_POINT,false,18.355372728,0.0010292050334860248,1,0.0,0,material_composite_production_REU,eqpzs,IND_REU_NEW_ELMA,0.0010292050334860248,EOL_FLOW_EOL_DE_ELMA_INC,0.0,,0.5,2.0,1.0,1.0,2.0,1.0,sensitivity_448,sensitivity_205,circular_metal.material_substitution_elasticity,0.5,1.0,0.75390625,0.876953125,parameter_bisection,parameter_only,11,false
sensitivity_448,policy,virgin_metal_tax_tax_0_02,virgin_metal_tax,0.02,LOCALLY_INFEASIBLE,INFEASIBLE_POINT,false,21.028592587,0.0010530505167710702,1,0.0,0,material_composite_production_REU,eqpzs,IND_REU_NEW_ELMA,0.0010530505167710702,EOL_FLOW_EOL_DE_ELMA_INC,0.0,,0.5,2.0,1.0,1.0,2.0,1.0,sensitivity_448,sensitivity_205,circular_metal.material_substitution_elasticity,0.5,1.0,0.751953125,0.8759765625,parameter_bisection,parameter_only,12,false
sensitivity_448,policy,virgin_metal_tax_tax_0_02,virgin_metal_tax,0.02,LOCALLY_INFEASIBLE,INFEASIBLE_POINT,false,18.724904071,0.0010319391428419422,1,0.0,0,material_composite_production_REU,eqpzs,IND_REU_NEW_ELMA,0.0010319391428419422,EOL_FLOW_EOL_DE_ELMA_INC,0.0,,0.5,2.0,1.0,1.0,2.0,1.0,sensitivity_448,sensitivity_205,circular_metal.material_substitution_elasticity,0.5,1.0,0.7509765625,0.87548828125,parameter_bisection,parameter_only,13,false
sensitivity_448,policy,virgin_metal_tax_tax_0_02,virgin_metal_tax,0.02,LOCALLY_INFEASIBLE,INFEASIBLE_POINT,false,14.233573585,0.0010361462836099289,1,0.0,0,material_composite_production_REU,eqpzs,IND_REU_NEW_ELMA,0.0010361462836099289,EOL_FLOW_EOL_DE_ELMA_INC,0.0,,0.5,2.0,1.0,1.0,2.0,1.0,sensitivity_448,sensitivity_205,circular_metal.material_substitution_elasticity,0.5,1.0,0.75048828125,0.875244140625,parameter_bisection,parameter_only,14,false
sensitivity_448,policy,virgin_metal_tax_tax_0_02,virgin_metal_tax,0.02,LOCALLY_INFEASIBLE,INFEASIBLE_POINT,true,9.091121038,0.0009632416590176218,0,0.0,0,material_composite_production_REU,eqpzs,IND_REU_NEW_ELMA,0.0009632416590176218,EOL_FLOW_EOL_DE_ELMA_INC,0.0,,0.5,2.0,1.0,1.0,2.0,1.0,sensitivity_448,sensitivity_205,circular_metal.material_substitution_elasticity,0.5,1.0,0.750244140625,0.8751220703125,parameter_bisection,parameter_only,15,true
sensitivity_448,policy,virgin_metal_tax_tax_0_02,virgin_metal_tax,0.02,LOCALLY_INFEASIBLE,INFEASIBLE_POINT,false,11.972506803,0.0010257732740571734,1,0.0,0,material_composite_production_REU,eqpzs,IND_REU_NEW_ELMA,0.0010257732740571734,EOL_FLOW_EOL_DE_ELMA_INC,0.0,,0.5,2.0,1.0,1.0,2.0,1.0,sensitivity_448,sensitivity_205,circular_metal.material_substitution_elasticity,0.5,1.0,0.750732421875,0.8753662109375,parameter_bisection,parameter_only,16,false
sensitivity_448,policy,virgin_metal_tax_tax_0_02,virgin_metal_tax,0.02,LOCALLY_INFEASIBLE,INFEASIBLE_POINT,false,34.579772368,0.050153335043584435,1,0.0,0,observed_physical_flow_links,quantity_link,physical_SK_OFMA_REP_route_input_mass,0.050153335043584435,EOL_FLOW_EOL_DE_ELMA_INC,0.0,,0.5,2.0,1.0,1.0,2.0,1.0,sensitivity_448,sensitivity_205,circular_metal.material_substitution_elasticity,0.5,1.0,0.75048828125,0.875244140625,parameter_bisection,parameter_only,17,false
sensitivity_448,policy,virgin_metal_tax_tax_0_02,virgin_metal_tax,0.02,LOCALLY_INFEASIBLE,INFEASIBLE_POINT,false,42.856097358,0.0037378349677335,1,0.0,0,observed_physical_flow_links,quantity_link,physical_SK_OFMA_REP_route_input_mass,0.0037378349677335,EOL_FLOW_EOL_DE_ELMA_INC,0.0,,0.5,2.0,1.0,1.0,2.0,1.0,sensitivity_448,sensitivity_205,circular_metal.material_substitution_elasticity,0.5,1.0,0.7503662109375,0.87518310546875,parameter_bisection,parameter_only,18,false
sensitivity_457,policy,virgin_metal_tax_tax_0_02,virgin_metal_tax,0.02,LOCALLY_INFEASIBLE,INFEASIBLE_POINT,false,26.689066223,0.0010658728151178298,1,0.0,0,material_composite_production_REU,eqpzs,IND_REU_NEW_ELMA,0.0010658728151178298,EOL_FLOW_EOL_DE_ELMA_INC,0.0,,0.5,2.0,2.0,1.0,2.0,1.0,sensitivity_457,sensitivity_451,trade.cet_transformation_elasticity,0.5,2.0,1.0,2.0,direct_target,parameter_only,1,false
sensitivity_457,policy,virgin_metal_tax_tax_0_02,virgin_metal_tax,0.02,LOCALLY_INFEASIBLE,INFEASIBLE_POINT,true,25.285720135,0.0009060310768873592,0,0.0,0,material_composite_production_SK,eqpzs,IND_SK_NEW_ELMA,0.0009060310768873592,EOL_FLOW_EOL_DE_ELMA_INC,0.0,,0.5,2.0,2.0,1.0,2.0,1.0,sensitivity_457,sensitivity_451,trade.cet_transformation_elasticity,0.5,2.0,0.5,1.25,parameter_bisection,parameter_only,2,true
sensitivity_457,policy,virgin_metal_tax_tax_0_02,virgin_metal_tax,0.02,LOCALLY_INFEASIBLE,INFEASIBLE_POINT,false,35.829371886,0.0010651123792905226,1,0.0,0,material_composite_production_REU,eqpzs,IND_REU_NEW_ELMA,0.0010651123792905226,EOL_FLOW_EOL_DE_ELMA_INC,0.0,,0.5,2.0,2.0,1.0,2.0,1.0,sensitivity_457,sensitivity_451,trade.cet_transformation_elasticity,0.5,2.0,1.0,2.0,parameter_bisection,parameter_only,3,false
sensitivity_457,policy,virgin_metal_tax_tax_0_02,virgin_metal_tax,0.02,LOCALLY_INFEASIBLE,INFEASIBLE_POINT,true,16.216324078,0.0008444530775761905,0,0.0,0,material_composite_production_SK,eqpzs,IND_SK_NEW_ELMA,0.0008444530775761905,EOL_FLOW_EOL_DE_ELMA_INC,0.0,,0.5,2.0,2.0,1.0,2.0,1.0,sensitivity_457,sensitivity_451,trade.cet_transformation_elasticity,0.5,2.0,0.75,1.625,parameter_bisection,parameter_only,4,true
sensitivity_457,policy,virgin_metal_tax_tax_0_02,virgin_metal_tax,0.02,LOCALLY_INFEASIBLE,INFEASIBLE_POINT,false,17.807029271,0.0010393171574787363,1,0.0,0,material_composite_production_REU,eqpzs,IND_REU_NEW_ELMA,0.0010393171574787363,EOL_FLOW_EOL_DE_ELMA_INC,0.0,,0.5,2.0,2.0,1.0,2.0,1.0,sensitivity_457,sensitivity_451,trade.cet_transformation_elasticity,0.5,2.0,1.0,2.0,parameter_bisection,parameter_only,5,false
sensitivity_457,policy,virgin_metal_tax_tax_0_02,virgin_metal_tax,0.02,LOCALLY_INFEASIBLE,INFEASIBLE_POINT,true,9.741480042,0.0008513318589991048,0,0.0,0,material_composite_production_REU,eqpzs,IND_REU_NEW_ELMA,0.0008513318589991048,EOL_FLOW_EOL_DE_ELMA_INC,0.0,,0.5,2.0,2.0,1.0,2.0,1.0,sensitivity_457,sensitivity_451,trade.cet_transformation_elasticity,0.5,2.0,0.875,1.8125,parameter_bisection,parameter_only,6,true
sensitivity_457,policy,virgin_metal_tax_tax_0_02,virgin_metal_tax,0.02,LOCALLY_INFEASIBLE,INFEASIBLE_POINT,false,45.683355162,0.0010820368801770508,1,0.0,0,material_composite_production_REU,eqpzs,IND_REU_NEW_ELMA,0.0010820368801770508,EOL_FLOW_EOL_DE_ELMA_INC,0.0,,0.5,2.0,2.0,1.0,2.0,1.0,sensitivity_457,sensitivity_451,trade.cet_transformation_elasticity,0.5,2.0,1.0,2.0,parameter_bisection,parameter_only,7,false
sensitivity_457,policy,virgin_metal_tax_tax_0_02,virgin_metal_tax,0.02,LOCALLY_INFEASIBLE,INFEASIBLE_POINT,false,17.031178,0.001032344267758445,1,0.0,0,material_composite_production_REU,eqpzs,IND_REU_NEW_ELMA,0.001032344267758445,EOL_FLOW_EOL_DE_ELMA_INC,0.0,,0.5,2.0,2.0,1.0,2.0,1.0,sensitivity_457,sensitivity_451,trade.cet_transformation_elasticity,0.5,2.0,0.9375,1.90625,parameter_bisection,parameter_only,8,false
sensitivity_457,policy,virgin_metal_tax_tax_0_02,virgin_metal_tax,0.02,LOCALLY_INFEASIBLE,INFEASIBLE_POINT,true,13.041229455,0.0009435301511996341,0,0.0,0,material_composite_production_REU,eqpzs,IND_REU_NEW_ELMA,0.0009435301511996341,EOL_FLOW_EOL_DE_ELMA_INC,0.0,,0.5,2.0,2.0,1.0,2.0,1.0,sensitivity_457,sensitivity_451,trade.cet_transformation_elasticity,0.5,2.0,0.90625,1.859375,parameter_bisection,parameter_only,9,true
sensitivity_457,policy,virgin_metal_tax_tax_0_02,virgin_metal_tax,0.02,LOCALLY_INFEASIBLE,INFEASIBLE_POINT,true,6.134809696,0.00098165993825583,0,0.0,0,material_composite_production_REU,eqpzs,IND_REU_NEW_ELMA,0.00098165993825583,EOL_FLOW_EOL_DE_ELMA_INC,0.0,,0.5,2.0,2.0,1.0,2.0,1.0,sensitivity_457,sensitivity_451,trade.cet_transformation_elasticity,0.5,2.0,0.96875,1.953125,parameter_bisection,parameter_only,10,true
sensitivity_457,policy,virgin_metal_tax_tax_0_02,virgin_metal_tax,0.02,LOCALLY_INFEASIBLE,INFEASIBLE_POINT,false,5.380851895,0.0010001784000319702,1,0.0,0,material_composite_production_REU,eqpzs,IND_REU_NEW_ELMA,0.0010001784000319702,EOL_FLOW_EOL_DE_ELMA_INC,0.0,,0.5,2.0,2.0,1.0,2.0,1.0,sensitivity_457,sensitivity_451,trade.cet_transformation_elasticity,0.5,2.0,1.0,2.0,parameter_bisection,parameter_only,11,false
sensitivity_457,policy,virgin_metal_tax_tax_0_02,virgin_metal_tax,0.02,LOCALLY_INFEASIBLE,INFEASIBLE_POINT,true,5.374691785,0.0009878784281491804,0,0.0,0,material_composite_production_REU,eqpzs,IND_REU_NEW_ELMA,0.0009878784281491804,EOL_FLOW_EOL_DE_ELMA_INC,0.0,,0.5,2.0,2.0,1.0,2.0,1.0,sensitivity_457,sensitivity_451,trade.cet_transformation_elasticity,0.5,2.0,0.984375,1.9765625,parameter_bisection,parameter_only,12,true
sensitivity_457,policy,virgin_metal_tax_tax_0_02,virgin_metal_tax,0.02,LOCALLY_INFEASIBLE,INFEASIBLE_POINT,false,17.108819229,0.0010493468157783958,1,0.0,0,material_composite_production_REU,eqpzs,IND_REU_NEW_ELMA,0.0010493468157783958,EOL_FLOW_EOL_DE_ELMA_INC,0.0,,0.5,2.0,2.0,1.0,2.0,1.0,sensitivity_457,sensitivity_451,trade.cet_transformation_elasticity,0.5,2.0,1.0,2.0,parameter_bisection,parameter_only,13,false
sensitivity_457,policy,virgin_metal_tax_tax_0_02,virgin_metal_tax,0.02,LOCALLY_INFEASIBLE,INFEASIBLE_POINT,false,33.206052541,0.00107068332756044,1,0.0,0,material_composite_production_REU,eqpzs,IND_REU_NEW_ELMA,0.00107068332756044,EOL_FLOW_EOL_DE_ELMA_INC,0.0,,0.5,2.0,2.0,1.0,2.0,1.0,sensitivity_457,sensitivity_451,trade.cet_transformation_elasticity,0.5,2.0,0.9921875,1.98828125,parameter_bisection,parameter_only,14,false
sensitivity_457,policy,virgin_metal_tax_tax_0_02,virgin_metal_tax,0.02,LOCALLY_INFEASIBLE,INFEASIBLE_POINT,false,5.508426764,0.0010229456580319596,1,0.0,0,material_composite_production_REU,eqpzs,IND_REU_NEW_ELMA,0.0010229456580319596,EOL_FLOW_EOL_DE_ELMA_INC,0.0,,0.5,2.0,2.0,1.0,2.0,1.0,sensitivity_457,sensitivity_451,trade.cet_transformation_elasticity,0.5,2.0,0.98828125,1.982421875,parameter_bisection,parameter_only,15,false
sensitivity_457,policy,virgin_metal_tax_tax_0_02,virgin_metal_tax,0.02,LOCALLY_INFEASIBLE,INFEASIBLE_POINT,false,35.577681993,0.0010741633489648184,1,0.0,0,material_composite_production_REU,eqpzs,IND_REU_NEW_ELMA,0.0010741633489648184,EOL_FLOW_EOL_DE_ELMA_INC,0.0,,0.5,2.0,2.0,1.0,2.0,1.0,sensitivity_457,sensitivity_451,trade.cet_transformation_elasticity,0.5,2.0,0.986328125,1.9794921875,parameter_bisection,parameter_only,16,false
sensitivity_457,policy,virgin_metal_tax_tax_0_02,virgin_metal_tax,0.02,LOCALLY_INFEASIBLE,INFEASIBLE_POINT,false,57.513174904,0.001080439581594872,1,0.0,0,material_composite_production_REU,eqpzs,IND_REU_NEW_ELMA,0.001080439581594872,EOL_FLOW_EOL_DE_ELMA_INC,0.0,,0.5,2.0,2.0,1.0,2.0,1.0,sensitivity_457,sensitivity_451,trade.cet_transformation_elasticity,0.5,2.0,0.9853515625,1.97802734375,parameter_bisection,parameter_only,17,false
sensitivity_457,policy,virgin_metal_tax_tax_0_02,virgin_metal_tax,0.02,LOCALLY_INFEASIBLE,INFEASIBLE_POINT,false,31.301153157,0.001071750212845668,1,0.0,0,material_composite_production_REU,eqpzs,IND_REU_NEW_ELMA,0.001071750212845668,EOL_FLOW_EOL_DE_ELMA_INC,0.0,,0.5,2.0,2.0,1.0,2.0,1.0,sensitivity_457,sensitivity_451,trade.cet_transformation_elasticity,0.5,2.0,0.98486328125,1.977294921875,parameter_bisection,parameter_only,18,false
sensitivity_457,policy,virgin_metal_tax_tax_0_02,virgin_metal_tax,0.02,LOCALLY_INFEASIBLE,INFEASIBLE_POINT,false,22.933170272,0.0010757752756854755,1,0.0,0,material_composite_production_REU,eqpzs,IND_REU_NEW_ELMA,0.0010757752756854755,EOL_FLOW_EOL_DE_ELMA_INC,0.0,,0.5,2.0,2.0,1.0,2.0,1.0,sensitivity_457,sensitivity_451,trade.cet_transformation_elasticity,0.5,2.0,0.984619140625,1.9769287109375,parameter_bisection,parameter_only,19,false
sensitivity_457,policy,virgin_metal_tax_tax_0_02,virgin_metal_tax,0.02,LOCALLY_INFEASIBLE,INFEASIBLE_POINT,false,11.976314461,0.0010711702714847338,1,0.0,0,material_composite_production_REU,eqpzs,IND_REU_NEW_ELMA,0.0010711702714847338,EOL_FLOW_EOL_DE_ELMA_INC,0.0,,0.5,2.0,2.0,1.0,2.0,1.0,sensitivity_457,sensitivity_451,trade.cet_transformation_elasticity,0.5,2.0,0.9844970703125,1.97674560546875,parameter_bisection,parameter_only,20,false
sensitivity_459,policy,virgin_metal_tax_tax_0_02,virgin_metal_tax,0.02,LOCALLY_INFEASIBLE,INFEASIBLE_POINT,false,30.335101033,0.0010023825713681989,1,0.0,0,material_composite_production_REU,eqpzs,IND_REU_NEW_ELMA,0.0010023825713681989,EOL_FLOW_EOL_DE_ELMA_INC,0.0,,2.0,2.0,2.0,1.0,2.0,1.0,sensitivity_459,sensitivity_216,circular_metal.material_substitution_elasticity,0.5,1.0,1.0,1.0,direct_target,parameter_only,1,false
sensitivity_459,policy,virgin_metal_tax_tax_0_02,virgin_metal_tax,0.02,LOCALLY_INFEASIBLE,INFEASIBLE_POINT,false,19.318828501,0.0010038338198453678,1,0.0,0,material_composite_production_SK,eqpzs,IND_SK_NEW_ELMA,0.0010038338198453678,EOL_FLOW_EOL_DE_ELMA_INC,0.0,,2.0,2.0,2.0,1.0,2.0,1.0,sensitivity_459,sensitivity_216,circular_metal.material_substitution_elasticity,0.5,1.0,0.5,0.75,parameter_bisection,parameter_only,2,false
sensitivity_459,policy,virgin_metal_tax_tax_0_02,virgin_metal_tax,0.02,LOCALLY_INFEASIBLE,INFEASIBLE_POINT,false,39.365139263,0.005522237413393749,3,0.0,0,observed_physical_flow_links,quantity_link,physical_SK_OFMA_REP_route_input_mass,0.005522237413393749,EOL_FLOW_EOL_DE_ELMA_INC,0.0,,2.0,2.0,2.0,1.0,2.0,1.0,sensitivity_459,sensitivity_216,circular_metal.material_substitution_elasticity,0.5,1.0,0.25,0.625,parameter_bisection,parameter_only,3,false
sensitivity_459,policy,virgin_metal_tax_tax_0_02,virgin_metal_tax,0.02,LOCALLY_INFEASIBLE,INFEASIBLE_POINT,false,20.687006456,0.001020332853790995,1,0.0,0,material_composite_production_REU,eqpzs,IND_REU_NEW_ELMA,0.001020332853790995,EOL_FLOW_EOL_DE_ELMA_INC,0.0,,2.0,2.0,2.0,1.0,2.0,1.0,sensitivity_459,sensitivity_216,circular_metal.material_substitution_elasticity,0.5,1.0,0.125,0.5625,parameter_bisection,parameter_only,4,false
sensitivity_459,policy,virgin_metal_tax_tax_0_02,virgin_metal_tax,0.02,LOCALLY_INFEASIBLE,INFEASIBLE_POINT,false,16.853263976,0.0010787797829648893,1,0.0,0,material_composite_production_REU,eqpzs,IND_REU_NEW_ELMA,0.0010787797829648893,EOL_FLOW_EOL_DE_ELMA_INC,0.0,,2.0,2.0,2.0,1.0,2.0,1.0,sensitivity_459,sensitivity_216,circular_metal.material_substitution_elasticity,0.5,1.0,0.0625,0.53125,parameter_bisection,parameter_only,5,false
sensitivity_459,policy,virgin_metal_tax_tax_0_02,virgin_metal_tax,0.02,LOCALLY_INFEASIBLE,INFEASIBLE_POINT,false,23.612391757,0.0010776001985655093,1,0.0,0,material_composite_production_REU,eqpzs,IND_REU_NEW_ELMA,0.0010776001985655093,EOL_FLOW_EOL_DE_ELMA_INC,0.0,,2.0,2.0,2.0,1.0,2.0,1.0,sensitivity_459,sensitivity_216,circular_metal.material_substitution_elasticity,0.5,1.0,0.03125,0.515625,parameter_bisection,parameter_only,6,false
sensitivity_459,policy,virgin_metal_tax_tax_0_02,virgin_metal_tax,0.02,LOCALLY_INFEASIBLE,INFEASIBLE_POINT,true,6.317310011,0.0009016329552904434,0,0.0,0,material_composite_production_SK,eqpzs,IND_SK_NEW_ELMA,0.0009016329552904434,EOL_FLOW_EOL_DE_ELMA_INC,0.0,,2.0,2.0,2.0,1.0,2.0,1.0,sensitivity_459,sensitivity_216,circular_metal.material_substitution_elasticity,0.5,1.0,0.015625,0.5078125,parameter_bisection,parameter_only,7,true
sensitivity_459,policy,virgin_metal_tax_tax_0_02,virgin_metal_tax,0.02,LOCALLY_INFEASIBLE,INFEASIBLE_POINT,true,21.701922785,0.0009714889603057442,0,0.0,0,material_composite_production_SK,eqpzs,IND_SK_NEW_ELMA,0.0009714889603057442,EOL_FLOW_EOL_DE_ELMA_INC,0.0,,2.0,2.0,2.0,1.0,2.0,1.0,sensitivity_459,sensitivity_216,circular_metal.material_substitution_elasticity,0.5,1.0,0.046875,0.5234375,parameter_bisection,parameter_only,8,true
sensitivity_459,policy,virgin_metal_tax_tax_0_02,virgin_metal_tax,0.02,LOCALLY_INFEASIBLE,INFEASIBLE_POINT,true,18.943244436,0.000969547969194795,0,0.0,0,material_composite_production_REU,eqpzs,IND_REU_NEW_ELMA,0.000969547969194795,EOL_FLOW_EOL_DE_ELMA_INC,0.0,,2.0,2.0,2.0,1.0,2.0,1.0,sensitivity_459,sensitivity_216,circular_metal.material_substitution_elasticity,0.5,1.0,0.109375,0.5546875,parameter_bisection,parameter_only,9,true
sensitivity_459,policy,virgin_metal_tax_tax_0_02,virgin_metal_tax,0.02,OTHER_ERROR,NEARLY_FEASIBLE_POINT,false,61.219218543,0.000462973959208246,0,0.0,0,material_composite_production_REU,eqpzs,IND_REU_NEW_ELMA,0.000462973959208246,EOL_FLOW_EOL_DE_ELMA_INC,0.0,,2.0,2.0,2.0,1.0,2.0,1.0,sensitivity_459,sensitivity_216,circular_metal.material_substitution_elasticity,0.5,1.0,0.234375,0.6171875,parameter_bisection,parameter_only,10,false
sensitivity_459,policy,virgin_metal_tax_tax_0_02,virgin_metal_tax,0.02,LOCALLY_INFEASIBLE,INFEASIBLE_POINT,false,7.799227376,0.001078913983105223,1,0.0,0,material_composite_production_REU,eqpzs,IND_REU_NEW_ELMA,0.001078913983105223,EOL_FLOW_EOL_DE_ELMA_INC,0.0,,2.0,2.0,2.0,1.0,2.0,1.0,sensitivity_459,sensitivity_216,circular_metal.material_substitution_elasticity,0.5,1.0,0.171875,0.5859375,parameter_bisection,parameter_only,11,false
sensitivity_459,policy,virgin_metal_tax_tax_0_02,virgin_metal_tax,0.02,LOCALLY_INFEASIBLE,INFEASIBLE_POINT,false,7.303710995,0.0010792949729967471,1,9.992593293810141e-9,0,material_composite_production_REU,eqpzs,IND_REU_NEW_ELMA,0.0010792949729967471,F_FAC_SK_LAB_IND_SK_REP_OFMA,9.992593293810141e-9,,2.0,2.0,2.0,1.0,2.0,1.0,sensitivity_459,sensitivity_216,circular_metal.material_substitution_elasticity,0.5,1.0,0.140625,0.5703125,parameter_bisection,parameter_only,12,false
sensitivity_459,policy,virgin_metal_tax_tax_0_02,virgin_metal_tax,0.02,LOCALLY_INFEASIBLE,INFEASIBLE_POINT,true,3.426436532,0.0009726986905256307,0,0.0,0,material_composite_production_REU,eqpzs,IND_REU_NEW_ELMA,0.0009726986905256307,EOL_FLOW_EOL_DE_ELMA_INC,0.0,,2.0,2.0,2.0,1.0,2.0,1.0,sensitivity_459,sensitivity_216,circular_metal.material_substitution_elasticity,0.5,1.0,0.125,0.5625,parameter_bisection,parameter_only,13,true
sensitivity_459,policy,virgin_metal_tax_tax_0_02,virgin_metal_tax,0.02,LOCALLY_INFEASIBLE,INFEASIBLE_POINT,false,21.538206839,0.005348538774876399,1,0.0,0,observed_physical_flow_links,quantity_link,physical_SK_OFMA_REP_route_input_mass,0.005348538774876399,EOL_FLOW_EOL_DE_ELMA_INC,0.0,,2.0,2.0,2.0,1.0,2.0,1.0,sensitivity_459,sensitivity_216,circular_metal.material_substitution_elasticity,0.5,1.0,0.15625,0.578125,parameter_bisection,parameter_only,14,false
sensitivity_459,policy,virgin_metal_tax_tax_0_02,virgin_metal_tax,0.02,LOCALLY_INFEASIBLE,INFEASIBLE_POINT,false,17.504085961,0.0010362591526750231,1,0.0,0,material_composite_production_REU,eqpzs,IND_REU_NEW_ELMA,0.0010362591526750231,EOL_FLOW_EOL_DE_ELMA_INC,0.0,,2.0,2.0,2.0,1.0,2.0,1.0,sensitivity_459,sensitivity_216,circular_metal.material_substitution_elasticity,0.5,1.0,0.140625,0.5703125,parameter_bisection,parameter_only,15,false
sensitivity_459,policy,virgin_metal_tax_tax_0_02,virgin_metal_tax,0.02,LOCALLY_INFEASIBLE,INFEASIBLE_POINT,false,18.055465258,0.002149088128819754,1,0.0,0,observed_physical_flow_links,quantity_link,physical_SK_OFMA_REP_route_input_mass,0.002149088128819754,EOL_FLOW_EOL_DE_ELMA_INC,0.0,,2.0,2.0,2.0,1.0,2.0,1.0,sensitivity_459,sensitivity_216,circular_metal.material_substitution_elasticity,0.5,1.0,0.1328125,0.56640625,parameter_bisection,parameter_only,16,false
sensitivity_459,policy,virgin_metal_tax_tax_0_02,virgin_metal_tax,0.02,LOCALLY_INFEASIBLE,INFEASIBLE_POINT,true,13.887945058,0.000939477559299462,0,0.0,0,material_composite_production_REU,eqpzs,IND_REU_NEW_ELMA,0.000939477559299462,EOL_FLOW_EOL_DE_ELMA_INC,0.0,,2.0,2.0,2.0,1.0,2.0,1.0,sensitivity_459,sensitivity_216,circular_metal.material_substitution_elasticity,0.5,1.0,0.12890625,0.564453125,parameter_bisection,parameter_only,17,true
sensitivity_459,policy,virgin_metal_tax_tax_0_02,virgin_metal_tax,0.02,LOCALLY_INFEASIBLE,INFEASIBLE_POINT,false,11.127848006,0.00106921907661639,1,0.0,0,material_composite_production_REU,eqpzs,IND_REU_NEW_ELMA,0.00106921907661639,EOL_FLOW_EOL_DE_ELMA_INC,0.0,,2.0,2.0,2.0,1.0,2.0,1.0,sensitivity_459,sensitivity_216,circular_metal.material_substitution_elasticity,0.5,1.0,0.13671875,0.568359375,parameter_bisection,parameter_only,18,false
sensitivity_459,policy,virgin_metal_tax_tax_0_02,virgin_metal_tax,0.02,LOCALLY_INFEASIBLE,INFEASIBLE_POINT,true,8.032370146,0.0009443501189304593,0,0.0,0,material_composite_production_REU,eqpzs,IND_REU_NEW_ELMA,0.0009443501189304593,EOL_FLOW_EOL_DE_ELMA_INC,0.0,,2.0,2.0,2.0,1.0,2.0,1.0,sensitivity_459,sensitivity_216,circular_metal.material_substitution_elasticity,0.5,1.0,0.1328125,0.56640625,parameter_bisection,parameter_only,19,true
sensitivity_459,policy,virgin_metal_tax_tax_0_02,virgin_metal_tax,0.02,LOCALLY_INFEASIBLE,INFEASIBLE_POINT,true,3.212057272,0.0009446598927483896,0,0.0,0,material_composite_production_REU,eqpzs,IND_REU_NEW_ELMA,0.0009446598927483896,EOL_FLOW_EOL_DE_ELMA_INC,0.0,,2.0,2.0,2.0,1.0,2.0,1.0,sensitivity_459,sensitivity_216,circular_metal.material_substitution_elasticity,0.5,1.0,0.140625,0.5703125,parameter_bisection,parameter_only,20,true
sensitivity_459,policy,virgin_metal_tax_tax_0_02,virgin_metal_tax,0.02,LOCALLY_INFEASIBLE,INFEASIBLE_POINT,false,6.937197906,0.0010783724900281788,1,0.0,0,material_composite_production_REU,eqpzs,IND_REU_NEW_ELMA,0.0010783724900281788,EOL_FLOW_EOL_DE_ELMA_INC,0.0,,2.0,2.0,2.0,1.0,2.0,1.0,sensitivity_459,sensitivity_216,circular_metal.material_substitution_elasticity,0.5,1.0,0.15625,0.578125,parameter_bisection,parameter_only,21,false
sensitivity_459,policy,virgin_metal_tax_tax_0_02,virgin_metal_tax,0.02,LOCALLY_INFEASIBLE,INFEASIBLE_POINT,false,6.811979727,0.0010785751297760493,1,6.053627172650242e-9,0,material_composite_production_REU,eqpzs,IND_REU_NEW_ELMA,0.0010785751297760493,F_FAC_SK_LAB_IND_SK_REP_OFMA,6.053627172650242e-9,,2.0,2.0,2.0,1.0,2.0,1.0,sensitivity_459,sensitivity_216,circular_metal.material_substitution_elasticity,0.5,1.0,0.1484375,0.57421875,parameter_bisection,parameter_only,22,false
sensitivity_459,policy,virgin_metal_tax_tax_0_02,virgin_metal_tax,0.02,LOCALLY_INFEASIBLE,INFEASIBLE_POINT,false,6.627989173,0.0010782401030140498,1,0.0,0,material_composite_production_REU,eqpzs,IND_REU_NEW_ELMA,0.0010782401030140498,EOL_FLOW_EOL_DE_ELMA_INC,0.0,,2.0,2.0,2.0,1.0,2.0,1.0,sensitivity_459,sensitivity_216,circular_metal.material_substitution_elasticity,0.5,1.0,0.14453125,0.572265625,parameter_bisection,parameter_only,23,false
sensitivity_459,policy,virgin_metal_tax_tax_0_02,virgin_metal_tax,0.02,LOCALLY_INFEASIBLE,INFEASIBLE_POINT,false,10.100688292,0.0010785846560128487,1,0.0,0,material_composite_production_REU,eqpzs,IND_REU_NEW_ELMA,0.0010785846560128487,EOL_FLOW_EOL_DE_ELMA_INC,0.0,,2.0,2.0,2.0,1.0,2.0,1.0,sensitivity_459,sensitivity_216,circular_metal.material_substitution_elasticity,0.5,1.0,0.142578125,0.5712890625,parameter_bisection,parameter_only,24,false
sensitivity_459,policy,virgin_metal_tax_tax_0_02,virgin_metal_tax,0.02,LOCALLY_INFEASIBLE,INFEASIBLE_POINT,true,4.335631841,0.0009505341207222129,0,0.0,0,material_composite_production_REU,eqpzs,IND_REU_NEW_ELMA,0.0009505341207222129,EOL_FLOW_EOL_DE_ELMA_INC,0.0,,2.0,2.0,2.0,1.0,2.0,1.0,sensitivity_459,sensitivity_216,circular_metal.material_substitution_elasticity,0.5,1.0,0.1416015625,0.57080078125,parameter_bisection,parameter_only,25,true
sensitivity_459,policy,virgin_metal_tax_tax_0_02,virgin_metal_tax,0.02,LOCALLY_INFEASIBLE,INFEASIBLE_POINT,true,4.272124443,0.0009505096213252573,0,0.0,0,material_composite_production_REU,eqpzs,IND_REU_NEW_ELMA,0.0009505096213252573,EOL_FLOW_EOL_DE_ELMA_INC,0.0,,2.0,2.0,2.0,1.0,2.0,1.0,sensitivity_459,sensitivity_216,circular_metal.material_substitution_elasticity,0.5,1.0,0.1435546875,0.57177734375,parameter_bisection,parameter_only,26,true
sensitivity_459,policy,virgin_metal_tax_tax_0_02,virgin_metal_tax,0.02,LOCALLY_INFEASIBLE,INFEASIBLE_POINT,true,5.306001536,0.0009466314550103938,0,0.0,0,material_composite_production_REU,eqpzs,IND_REU_NEW_ELMA,0.0009466314550103938,EOL_FLOW_EOL_DE_ELMA_INC,0.0,,2.0,2.0,2.0,1.0,2.0,1.0,sensitivity_459,sensitivity_216,circular_metal.material_substitution_elasticity,0.5,1.0,0.1474609375,0.57373046875,parameter_bisection,parameter_only,27,true
sensitivity_459,policy,virgin_metal_tax_tax_0_02,virgin_metal_tax,0.02,LOCALLY_INFEASIBLE,INFEASIBLE_POINT,true,7.811916693,0.0009615833621928749,0,0.0,0,material_composite_production_REU,eqpzs,IND_REU_NEW_ELMA,0.0009615833621928749,EOL_FLOW_EOL_DE_ELMA_INC,0.0,,2.0,2.0,2.0,1.0,2.0,1.0,sensitivity_459,sensitivity_216,circular_metal.material_substitution_elasticity,0.5,1.0,0.1552734375,0.57763671875,parameter_bisection,parameter_only,28,true
sensitivity_459,policy,virgin_metal_tax_tax_0_02,virgin_metal_tax,0.02,LOCALLY_INFEASIBLE,INFEASIBLE_POINT,true,7.974712673,0.000964565385081606,0,0.0,0,material_composite_production_REU,eqpzs,IND_REU_NEW_ELMA,0.000964565385081606,EOL_FLOW_EOL_DE_ELMA_INC,0.0,,2.0,2.0,2.0,1.0,2.0,1.0,sensitivity_459,sensitivity_216,circular_metal.material_substitution_elasticity,0.5,1.0,0.1708984375,0.58544921875,parameter_bisection,parameter_only,29,true
sensitivity_459,policy,virgin_metal_tax_tax_0_02,virgin_metal_tax,0.02,LOCALLY_INFEASIBLE,INFEASIBLE_POINT,false,11.734640569,0.0010788235984728889,1,0.0,0,material_composite_production_REU,eqpzs,IND_REU_NEW_ELMA,0.0010788235984728889,EOL_FLOW_EOL_DE_ELMA_INC,0.0,,2.0,2.0,2.0,1.0,2.0,1.0,sensitivity_459,sensitivity_216,circular_metal.material_substitution_elasticity,0.5,1.0,0.2021484375,0.60107421875,parameter_bisection,parameter_only,30,false
sensitivity_459,policy,virgin_metal_tax_tax_0_02,virgin_metal_tax,0.02,LOCALLY_INFEASIBLE,INFEASIBLE_POINT,false,8.256472721,0.0010216054881810877,1,7.220429611613842e-10,0,material_composite_production_REU,eqpzs,IND_REU_NEW_ELMA,0.0010216054881810877,X_IND_SK_REP_OFMA_IND_SK_REP_OFMA,7.220429611613842e-10,,2.0,2.0,2.0,1.0,2.0,1.0,sensitivity_459,sensitivity_216,circular_metal.material_substitution_elasticity,0.5,1.0,0.1865234375,0.59326171875,parameter_bisection,parameter_only,31,false
sensitivity_459,policy,virgin_metal_tax_tax_0_02,virgin_metal_tax,0.02,LOCALLY_INFEASIBLE,INFEASIBLE_POINT,false,7.427265576,0.001078610135258229,1,0.0,0,material_composite_production_REU,eqpzs,IND_REU_NEW_ELMA,0.001078610135258229,EOL_FLOW_EOL_DE_ELMA_INC,0.0,,2.0,2.0,2.0,1.0,2.0,1.0,sensitivity_459,sensitivity_216,circular_metal.material_substitution_elasticity,0.5,1.0,0.1787109375,0.58935546875,parameter_bisection,parameter_only,32,false
sensitivity_459,policy,virgin_metal_tax_tax_0_02,virgin_metal_tax,0.02,LOCALLY_INFEASIBLE,INFEASIBLE_POINT,true,6.992301292,0.0009665846238277043,0,0.0,0,material_composite_production_REU,eqpzs,IND_REU_NEW_ELMA,0.0009665846238277043,EOL_FLOW_EOL_DE_ELMA_INC,0.0,,2.0,2.0,2.0,1.0,2.0,1.0,sensitivity_459,sensitivity_216,circular_metal.material_substitution_elasticity,0.5,1.0,0.1748046875,0.58740234375,parameter_bisection,parameter_only,33,true
sensitivity_459,policy,virgin_metal_tax_tax_0_02,virgin_metal_tax,0.02,LOCALLY_INFEASIBLE,INFEASIBLE_POINT,false,9.112006583,0.001061749966634995,1,0.0,0,material_composite_production_REU,eqpzs,IND_REU_NEW_ELMA,0.001061749966634995,EOL_FLOW_EOL_DE_ELMA_INC,0.0,,2.0,2.0,2.0,1.0,2.0,1.0,sensitivity_459,sensitivity_216,circular_metal.material_substitution_elasticity,0.5,1.0,0.1826171875,0.59130859375,parameter_bisection,parameter_only,34,false
sensitivity_459,policy,virgin_metal_tax_tax_0_02,virgin_metal_tax,0.02,LOCALLY_INFEASIBLE,INFEASIBLE_POINT,false,8.979848815,0.0010303020223410009,1,0.0,0,material_composite_production_REU,eqpzs,IND_REU_NEW_ELMA,0.0010303020223410009,EOL_FLOW_EOL_DE_ELMA_INC,0.0,,2.0,2.0,2.0,1.0,2.0,1.0,sensitivity_459,sensitivity_216,circular_metal.material_substitution_elasticity,0.5,1.0,0.1787109375,0.58935546875,parameter_bisection,parameter_only,35,false
sensitivity_459,policy,virgin_metal_tax_tax_0_02,virgin_metal_tax,0.02,LOCALLY_INFEASIBLE,INFEASIBLE_POINT,false,10.585107638,0.0010782393377414268,1,0.0,0,material_composite_production_REU,eqpzs,IND_REU_NEW_ELMA,0.0010782393377414268,EOL_FLOW_EOL_DE_ELMA_INC,0.0,,2.0,2.0,2.0,1.0,2.0,1.0,sensitivity_459,sensitivity_216,circular_metal.material_substitution_elasticity,0.5,1.0,0.1767578125,0.58837890625,parameter_bisection,parameter_only,36,false
sensitivity_459,policy,virgin_metal_tax_tax_0_02,virgin_metal_tax,0.02,LOCALLY_INFEASIBLE,INFEASIBLE_POINT,true,9.390221433,0.0009899279590483978,0,0.0,0,material_composite_production_REU,eqpzs,IND_REU_NEW_ELMA,0.0009899279590483978,EOL_FLOW_EOL_DE_ELMA_INC,0.0,,2.0,2.0,2.0,1.0,2.0,1.0,sensitivity_459,sensitivity_216,circular_metal.material_substitution_elasticity,0.5,1.0,0.17578125,0.587890625,parameter_bisection,parameter_only,37,true
sensitivity_459,policy,virgin_metal_tax_tax_0_02,virgin_metal_tax,0.02,LOCALLY_INFEASIBLE,INFEASIBLE_POINT,false,9.705047254,0.001006636474123579,1,0.0,0,material_composite_production_REU,eqpzs,IND_REU_NEW_ELMA,0.001006636474123579,EOL_FLOW_EOL_DE_ELMA_INC,0.0,,2.0,2.0,2.0,1.0,2.0,1.0,sensitivity_459,sensitivity_216,circular_metal.material_substitution_elasticity,0.5,1.0,0.177734375,0.5888671875,parameter_bisection,parameter_only,38,false
sensitivity_459,policy,virgin_metal_tax_tax_0_02,virgin_metal_tax,0.02,LOCALLY_INFEASIBLE,INFEASIBLE_POINT,false,5.440545896,0.001078610185452411,1,0.0,0,material_composite_production_REU,eqpzs,IND_REU_NEW_ELMA,0.001078610185452411,EOL_FLOW_EOL_DE_ELMA_INC,0.0,,2.0,2.0,2.0,1.0,2.0,1.0,sensitivity_459,sensitivity_216,circular_metal.material_substitution_elasticity,0.5,1.0,0.1767578125,0.58837890625,parameter_bisection,parameter_only,39,false
sensitivity_459,policy,virgin_metal_tax_tax_0_02,virgin_metal_tax,0.02,LOCALLY_INFEASIBLE,INFEASIBLE_POINT,true,4.225214793,0.0009952367935734951,0,0.0,0,material_composite_production_REU,eqpzs,IND_REU_NEW_ELMA,0.0009952367935734951,EOL_FLOW_EOL_DE_ELMA_INC,0.0,,2.0,2.0,2.0,1.0,2.0,1.0,sensitivity_459,sensitivity_216,circular_metal.material_substitution_elasticity,0.5,1.0,0.17626953125,0.588134765625,parameter_bisection,parameter_only,40,true
sensitivity_459,policy,virgin_metal_tax_tax_0_02,virgin_metal_tax,0.02,LOCALLY_INFEASIBLE,INFEASIBLE_POINT,false,3.967460106,0.0010083889555276837,1,0.0,0,material_composite_production_REU,eqpzs,IND_REU_NEW_ELMA,0.0010083889555276837,EOL_FLOW_EOL_DE_ELMA_INC,0.0,,2.0,2.0,2.0,1.0,2.0,1.0,sensitivity_459,sensitivity_216,circular_metal.material_substitution_elasticity,0.5,1.0,0.17724609375,0.588623046875,parameter_bisection,parameter_only,41,false
sensitivity_459,policy,virgin_metal_tax_tax_0_02,virgin_metal_tax,0.02,LOCALLY_INFEASIBLE,INFEASIBLE_POINT,false,5.478530505,0.0010787171043048494,1,0.0,0,material_composite_production_REU,eqpzs,IND_REU_NEW_ELMA,0.0010787171043048494,EOL_FLOW_EOL_DE_ELMA_INC,0.0,,2.0,2.0,2.0,1.0,2.0,1.0,sensitivity_459,sensitivity_216,circular_metal.material_substitution_elasticity,0.5,1.0,0.1767578125,0.58837890625,parameter_bisection,parameter_only,42,false
sensitivity_459,policy,virgin_metal_tax_tax_0_02,virgin_metal_tax,0.02,LOCALLY_INFEASIBLE,INFEASIBLE_POINT,false,4.754062468,0.0010317899783772733,1,0.0,0,material_composite_production_REU,eqpzs,IND_REU_NEW_ELMA,0.0010317899783772733,EOL_FLOW_EOL_DE_ELMA_INC,0.0,,2.0,2.0,2.0,1.0,2.0,1.0,sensitivity_459,sensitivity_216,circular_metal.material_substitution_elasticity,0.5,1.0,0.176513671875,0.5882568359375,parameter_bisection,parameter_only,43,false
sensitivity_459,policy,virgin_metal_tax_tax_0_02,virgin_metal_tax,0.02,LOCALLY_INFEASIBLE,INFEASIBLE_POINT,false,5.139105728,0.0010783621773982066,1,0.0,0,material_composite_production_REU,eqpzs,IND_REU_NEW_ELMA,0.0010783621773982066,EOL_FLOW_EOL_DE_ELMA_INC,0.0,,2.0,2.0,2.0,1.0,2.0,1.0,sensitivity_459,sensitivity_216,circular_metal.material_substitution_elasticity,0.5,1.0,0.1763916015625,0.58819580078125,parameter_bisection,parameter_only,44,false
sensitivity_477,policy,virgin_metal_tax_tax_0_02,virgin_metal_tax,0.02,LOCALLY_INFEASIBLE,INFEASIBLE_POINT,false,48.843943165,0.0011125902539973476,1,0.0,0,material_composite_production_SK,eqpzs,IND_SK_NEW_ELMA,0.0011125902539973476,EOL_FLOW_EOL_DE_ELMA_INC,0.0,,2.0,2.0,1.0,2.0,2.0,1.0,sensitivity_477,sensitivity_471,trade.cet_transformation_elasticity,0.5,2.0,1.0,2.0,direct_target,parameter_only,1,false
sensitivity_477,policy,virgin_metal_tax_tax_0_02,virgin_metal_tax,0.02,LOCALLY_INFEASIBLE,INFEASIBLE_POINT,false,5.082573589,0.0011788394791848456,1,0.0,0,material_composite_production_SK,eqpzs,IND_SK_NEW_ELMA,0.0011788394791848456,EOL_FLOW_EOL_DE_ELMA_INC,0.0,,2.0,2.0,1.0,2.0,2.0,1.0,sensitivity_477,sensitivity_471,trade.cet_transformation_elasticity,0.5,2.0,0.5,1.25,parameter_bisection,parameter_only,2,false
sensitivity_477,policy,virgin_metal_tax_tax_0_02,virgin_metal_tax,0.02,LOCALLY_INFEASIBLE,INFEASIBLE_POINT,true,14.032278635,0.0009049588677820524,0,0.0,0,common_eu_trade,eu_cet_quantity,NEW_ELMA|REU,0.0009049588677820524,EOL_FLOW_EOL_DE_ELMA_INC,0.0,,2.0,2.0,1.0,2.0,2.0,1.0,sensitivity_477,sensitivity_471,trade.cet_transformation_elasticity,0.5,2.0,0.25,0.875,parameter_bisection,parameter_only,3,true
sensitivity_477,policy,virgin_metal_tax_tax_0_02,virgin_metal_tax,0.02,LOCALLY_INFEASIBLE,INFEASIBLE_POINT,false,32.264629126,0.0012636075969405525,2,0.0,0,material_composite_production_SK,eqpzs,IND_SK_NEW_ELMA,0.0012636075969405525,EOL_FLOW_EOL_DE_ELMA_INC,0.0,,2.0,2.0,1.0,2.0,2.0,1.0,sensitivity_477,sensitivity_471,trade.cet_transformation_elasticity,0.5,2.0,0.75,1.625,parameter_bisection,parameter_only,4,false
sensitivity_477,policy,virgin_metal_tax_tax_0_02,virgin_metal_tax,0.02,LOCALLY_INFEASIBLE,INFEASIBLE_POINT,true,8.397540882,0.0009603849333539305,0,0.0,0,material_composite_production_SK,eqpzs,IND_SK_NEW_ELMA,0.0009603849333539305,EOL_FLOW_EOL_DE_ELMA_INC,0.0,,2.0,2.0,1.0,2.0,2.0,1.0,sensitivity_477,sensitivity_471,trade.cet_transformation_elasticity,0.5,2.0,0.5,1.25,parameter_bisection,parameter_only,5,true
sensitivity_477,policy,virgin_metal_tax_tax_0_02,virgin_metal_tax,0.02,LOCALLY_INFEASIBLE,INFEASIBLE_POINT,false,6.160579731,0.0010267419981070391,1,0.0,0,material_composite_production_SK,eqpzs,IND_SK_NEW_ELMA,0.0010267419981070391,EOL_FLOW_EOL_DE_ELMA_INC,0.0,,2.0,2.0,1.0,2.0,2.0,1.0,sensitivity_477,sensitivity_471,trade.cet_transformation_elasticity,0.5,2.0,1.0,2.0,parameter_bisection,parameter_only,6,false
sensitivity_477,policy,virgin_metal_tax_tax_0_02,virgin_metal_tax,0.02,LOCALLY_INFEASIBLE,INFEASIBLE_POINT,false,14.26336725,0.012069759125575535,1,0.0,0,observed_physical_flow_links,quantity_link,physical_SK_OFMA_REP_route_input_mass,0.012069759125575535,EOL_FLOW_EOL_DE_ELMA_INC,0.0,,2.0,2.0,1.0,2.0,2.0,1.0,sensitivity_477,sensitivity_471,trade.cet_transformation_elasticity,0.5,2.0,0.75,1.625,parameter_bisection,parameter_only,7,false
sensitivity_477,policy,virgin_metal_tax_tax_0_02,virgin_metal_tax,0.02,LOCALLY_INFEASIBLE,INFEASIBLE_POINT,false,11.024366603,0.0010213026721779261,1,0.0,0,material_composite_production_REU,eqpzs,IND_REU_NEW_ELMA,0.0010213026721779261,EOL_FLOW_EOL_DE_ELMA_INC,0.0,,2.0,2.0,1.0,2.0,2.0,1.0,sensitivity_477,sensitivity_471,trade.cet_transformation_elasticity,0.5,2.0,0.625,1.4375,parameter_bisection,parameter_only,8,false
sensitivity_477,policy,virgin_metal_tax_tax_0_02,virgin_metal_tax,0.02,LOCALLY_INFEASIBLE,INFEASIBLE_POINT,true,3.854039936,0.0009736208317764339,0,0.0,0,material_composite_production_SK,eqpzs,IND_SK_NEW_ELMA,0.0009736208317764339,EOL_FLOW_EOL_DE_ELMA_INC,0.0,,2.0,2.0,1.0,2.0,2.0,1.0,sensitivity_477,sensitivity_471,trade.cet_transformation_elasticity,0.5,2.0,0.5625,1.34375,parameter_bisection,parameter_only,9,true
sensitivity_477,policy,virgin_metal_tax_tax_0_02,virgin_metal_tax,0.02,LOCALLY_INFEASIBLE,INFEASIBLE_POINT,false,8.725405719,0.001264987809924123,2,0.0,0,material_composite_production_SK,eqpzs,IND_SK_NEW_ELMA,0.001264987809924123,EOL_FLOW_EOL_DE_ELMA_INC,0.0,,2.0,2.0,1.0,2.0,2.0,1.0,sensitivity_477,sensitivity_471,trade.cet_transformation_elasticity,0.5,2.0,0.6875,1.53125,parameter_bisection,parameter_only,10,false
sensitivity_477,policy,virgin_metal_tax_tax_0_02,virgin_metal_tax,0.02,LOCALLY_INFEASIBLE,INFEASIBLE_POINT,false,8.23110795,0.001148196797122636,1,0.0,0,material_composite_production_SK,eqpzs,IND_SK_NEW_ELMA,0.001148196797122636,EOL_FLOW_EOL_DE_ELMA_INC,0.0,,2.0,2.0,1.0,2.0,2.0,1.0,sensitivity_477,sensitivity_471,trade.cet_transformation_elasticity,0.5,2.0,0.625,1.4375,parameter_bisection,parameter_only,11,false
sensitivity_477,policy,virgin_metal_tax_tax_0_02,virgin_metal_tax,0.02,LOCALLY_INFEASIBLE,INFEASIBLE_POINT,false,7.180495113,0.0011030268990991354,1,0.0,0,material_composite_production_SK,eqpzs,IND_SK_NEW_ELMA,0.0011030268990991354,EOL_FLOW_EOL_DE_ELMA_INC,0.0,,2.0,2.0,1.0,2.0,2.0,1.0,sensitivity_477,sensitivity_471,trade.cet_transformation_elasticity,0.5,2.0,0.59375,1.390625,parameter_bisection,parameter_only,12,false
sensitivity_477,policy,virgin_metal_tax_tax_0_02,virgin_metal_tax,0.02,LOCALLY_INFEASIBLE,INFEASIBLE_POINT,false,7.05837139,0.0010835066936438764,1,0.0,0,material_composite_production_SK,eqpzs,IND_SK_NEW_ELMA,0.0010835066936438764,EOL_FLOW_EOL_DE_ELMA_INC,0.0,,2.0,2.0,1.0,2.0,2.0,1.0,sensitivity_477,sensitivity_471,trade.cet_transformation_elasticity,0.5,2.0,0.578125,1.3671875,parameter_bisection,parameter_only,13,false
sensitivity_477,policy,virgin_metal_tax_tax_0_02,virgin_metal_tax,0.02,LOCALLY_INFEASIBLE,INFEASIBLE_POINT,false,8.373392399,0.0010998482810880006,1,0.0,0,material_composite_production_SK,eqpzs,IND_SK_NEW_ELMA,0.0010998482810880006,EOL_FLOW_EOL_DE_ELMA_INC,0.0,,2.0,2.0,1.0,2.0,2.0,1.0,sensitivity_477,sensitivity_471,trade.cet_transformation_elasticity,0.5,2.0,0.5703125,1.35546875,parameter_bisection,parameter_only,14,false
sensitivity_477,policy,virgin_metal_tax_tax_0_02,virgin_metal_tax,0.02,LOCALLY_INFEASIBLE,INFEASIBLE_POINT,false,10.066462288,0.0010905281694977287,1,0.0,0,material_composite_production_SK,eqpzs,IND_SK_NEW_ELMA,0.0010905281694977287,EOL_FLOW_EOL_DE_ELMA_INC,0.0,,2.0,2.0,1.0,2.0,2.0,1.0,sensitivity_477,sensitivity_471,trade.cet_transformation_elasticity,0.5,2.0,0.56640625,1.349609375,parameter_bisection,parameter_only,15,false
sensitivity_477,policy,virgin_metal_tax_tax_0_02,virgin_metal_tax,0.02,LOCALLY_INFEASIBLE,INFEASIBLE_POINT,false,8.443765742,0.0010076788591324437,1,0.0,0,material_composite_production_SK,eqpzs,IND_SK_NEW_ELMA,0.0010076788591324437,EOL_FLOW_EOL_DE_ELMA_INC,0.0,,2.0,2.0,1.0,2.0,2.0,1.0,sensitivity_477,sensitivity_471,trade.cet_transformation_elasticity,0.5,2.0,0.564453125,1.3466796875,parameter_bisection,parameter_only,16,false
sensitivity_477,policy,virgin_metal_tax_tax_0_02,virgin_metal_tax,0.02,LOCALLY_INFEASIBLE,INFEASIBLE_POINT,false,11.880078466,0.0010100694964862988,1,0.0,0,material_composite_production_SK,eqpzs,IND_SK_NEW_ELMA,0.0010100694964862988,EOL_FLOW_EOL_DE_ELMA_INC,0.0,,2.0,2.0,1.0,2.0,2.0,1.0,sensitivity_477,sensitivity_471,trade.cet_transformation_elasticity,0.5,2.0,0.5634765625,1.34521484375,parameter_bisection,parameter_only,17,false
sensitivity_477,policy,virgin_metal_tax_tax_0_02,virgin_metal_tax,0.02,LOCALLY_INFEASIBLE,INFEASIBLE_POINT,false,19.11602507,0.0012654387061856731,2,0.0,0,material_composite_production_SK,eqpzs,IND_SK_NEW_ELMA,0.0012654387061856731,EOL_FLOW_EOL_DE_ELMA_INC,0.0,,2.0,2.0,1.0,2.0,2.0,1.0,sensitivity_477,sensitivity_471,trade.cet_transformation_elasticity,0.5,2.0,0.56298828125,1.344482421875,parameter_bisection,parameter_only,18,false
sensitivity_477,policy,virgin_metal_tax_tax_0_02,virgin_metal_tax,0.02,LOCALLY_INFEASIBLE,INFEASIBLE_POINT,false,14.170867243,0.0012338543022198944,2,0.0,0,material_composite_production_SK,eqpzs,IND_SK_NEW_ELMA,0.0012338543022198944,EOL_FLOW_EOL_DE_ELMA_INC,0.0,,2.0,2.0,1.0,2.0,2.0,1.0,sensitivity_477,sensitivity_471,trade.cet_transformation_elasticity,0.5,2.0,0.562744140625,1.3441162109375,parameter_bisection,parameter_only,19,false
sensitivity_477,policy,virgin_metal_tax_tax_0_02,virgin_metal_tax,0.02,LOCALLY_INFEASIBLE,INFEASIBLE_POINT,false,16.224219451,0.0012438983106016765,2,0.0,0,material_composite_production_SK,eqpzs,IND_SK_NEW_ELMA,0.0012438983106016765,EOL_FLOW_EOL_DE_ELMA_INC,0.0,,2.0,2.0,1.0,2.0,2.0,1.0,sensitivity_477,sensitivity_471,trade.cet_transformation_elasticity,0.5,2.0,0.5626220703125,1.34393310546875,parameter_bisection,parameter_only,20,false
sensitivity_502,policy,virgin_metal_tax_tax_0_02,virgin_metal_tax,0.02,LOCALLY_INFEASIBLE,INFEASIBLE_POINT,false,17.853264299,0.00309579414504748,1,2.3550667455122085e-9,0,material_composite_production_IT,material_composite_demand,IND_IT_NEW_ELMA|IND_IT_REC_EE,0.00309579414504748,F_FAC_SK_CAP_IND_SK_NEW_OFMA,2.3550667455122085e-9,,0.5,2.0,1.0,0.5,0.5,2.0,sensitivity_502,sensitivity_016,circular_metal.material_substitution_elasticity,0.5,2.0,1.0,2.0,direct_target,parameter_only,1,false
sensitivity_502,policy,virgin_metal_tax_tax_0_02,virgin_metal_tax,0.02,LOCALLY_INFEASIBLE,INFEASIBLE_POINT,false,21.036284786,0.0010802925784577644,1,0.0,0,material_composite_production_REU,eqpzs,IND_REU_NEW_ELMA,0.0010802925784577644,EOL_FLOW_EOL_DE_ELMA_INC,0.0,,0.5,2.0,1.0,0.5,0.5,2.0,sensitivity_502,sensitivity_016,circular_metal.material_substitution_elasticity,0.5,2.0,0.5,1.25,parameter_bisection,parameter_only,2,false
sensitivity_502,policy,virgin_metal_tax_tax_0_02,virgin_metal_tax,0.02,LOCALLY_INFEASIBLE,INFEASIBLE_POINT,false,19.947371176,0.0010765996765244035,1,0.0,0,material_composite_production_REU,eqpzs,IND_REU_NEW_ELMA,0.0010765996765244035,EOL_FLOW_EOL_DE_ELMA_INC,0.0,,0.5,2.0,1.0,0.5,0.5,2.0,sensitivity_502,sensitivity_016,circular_metal.material_substitution_elasticity,0.5,2.0,0.25,0.875,parameter_bisection,parameter_only,3,false
sensitivity_502,policy,virgin_metal_tax_tax_0_02,virgin_metal_tax,0.02,LOCALLY_INFEASIBLE,INFEASIBLE_POINT,false,14.549384948,0.001029924118420178,1,0.0,0,material_composite_production_REU,eqpzs,IND_REU_NEW_ELMA,0.001029924118420178,EOL_FLOW_EOL_DE_ELMA_INC,0.0,,0.5,2.0,1.0,0.5,0.5,2.0,sensitivity_502,sensitivity_016,circular_metal.material_substitution_elasticity,0.5,2.0,0.125,0.6875,parameter_bisection,parameter_only,4,false
sensitivity_502,policy,virgin_metal_tax_tax_0_02,virgin_metal_tax,0.02,LOCALLY_INFEASIBLE,INFEASIBLE_POINT,true,14.431365741,0.0009943264973392152,0,0.0,0,material_composite_production_REU,eqpzs,IND_REU_NEW_ELMA,0.0009943264973392152,EOL_FLOW_EOL_DE_ELMA_INC,0.0,,0.5,2.0,1.0,0.5,0.5,2.0,sensitivity_502,sensitivity_016,circular_metal.material_substitution_elasticity,0.5,2.0,0.0625,0.59375,parameter_bisection,parameter_only,5,true
sensitivity_502,policy,virgin_metal_tax_tax_0_02,virgin_metal_tax,0.02,LOCALLY_INFEASIBLE,INFEASIBLE_POINT,false,15.088948816,0.0010782209448836344,1,0.0,0,material_composite_production_REU,eqpzs,IND_REU_NEW_ELMA,0.0010782209448836344,EOL_FLOW_EOL_DE_ELMA_INC,0.0,,0.5,2.0,1.0,0.5,0.5,2.0,sensitivity_502,sensitivity_016,circular_metal.material_substitution_elasticity,0.5,2.0,0.1875,0.78125,parameter_bisection,parameter_only,6,false
sensitivity_502,policy,virgin_metal_tax_tax_0_02,virgin_metal_tax,0.02,LOCALLY_INFEASIBLE,INFEASIBLE_POINT,true,14.379754856,0.0009729137065475069,0,0.0,0,material_composite_production_REU,eqpzs,IND_REU_NEW_ELMA,0.0009729137065475069,EOL_FLOW_EOL_DE_ELMA_INC,0.0,,0.5,2.0,1.0,0.5,0.5,2.0,sensitivity_502,sensitivity_016,circular_metal.material_substitution_elasticity,0.5,2.0,0.125,0.6875,parameter_bisection,parameter_only,7,true
sensitivity_502,policy,virgin_metal_tax_tax_0_02,virgin_metal_tax,0.02,LOCALLY_INFEASIBLE,INFEASIBLE_POINT,true,22.868945213,0.0009486165621267473,0,0.0,0,material_composite_production_REU,eqpzs,IND_REU_NEW_ELMA,0.0009486165621267473,EOL_FLOW_EOL_DE_ELMA_INC,0.0,,0.5,2.0,1.0,0.5,0.5,2.0,sensitivity_502,sensitivity_016,circular_metal.material_substitution_elasticity,0.5,2.0,0.25,0.875,parameter_bisection,parameter_only,8,true
sensitivity_502,policy,virgin_metal_tax_tax_0_02,virgin_metal_tax,0.02,LOCALLY_INFEASIBLE,INFEASIBLE_POINT,false,28.87193349,0.010408413222587232,1,0.0,0,observed_physical_flow_links,quantity_link,physical_SK_OFMA_REP_route_input_mass,0.010408413222587232,EOL_FLOW_EOL_DE_ELMA_INC,0.0,,0.5,2.0,1.0,0.5,0.5,2.0,sensitivity_502,sensitivity_016,circular_metal.material_substitution_elasticity,0.5,2.0,0.5,1.25,parameter_bisection,parameter_only,9,false
sensitivity_502,policy,virgin_metal_tax_tax_0_02,virgin_metal_tax,0.02,LOCALLY_INFEASIBLE,INFEASIBLE_POINT,true,10.688594252,0.0009737002185807864,0,0.0,0,material_composite_production_REU,eqpzs,IND_REU_NEW_ELMA,0.0009737002185807864,EOL_FLOW_EOL_DE_ELMA_INC,0.0,,0.5,2.0,1.0,0.5,0.5,2.0,sensitivity_502,sensitivity_016,circular_metal.material_substitution_elasticity,0.5,2.0,0.375,1.0625,parameter_bisection,parameter_only,10,true
sensitivity_502,policy,virgin_metal_tax_tax_0_02,virgin_metal_tax,0.02,LOCALLY_INFEASIBLE,INFEASIBLE_POINT,false,9.196511056,0.0036905527405024998,1,0.0,0,material_composite_production_IT,material_composite_demand,IND_IT_NEW_ELMA|IND_IT_REC_EE,0.0036905527405024998,EOL_FLOW_EOL_DE_ELMA_INC,0.0,,0.5,2.0,1.0,0.5,0.5,2.0,sensitivity_502,sensitivity_016,circular_metal.material_substitution_elasticity,0.5,2.0,0.625,1.4375,parameter_bisection,parameter_only,11,false
sensitivity_502,policy,virgin_metal_tax_tax_0_02,virgin_metal_tax,0.02,LOCALLY_INFEASIBLE,INFEASIBLE_POINT,true,13.246989947,0.0009516142419387918,0,0.0,0,material_composite_production_REU,eqpzs,IND_REU_NEW_ELMA,0.0009516142419387918,EOL_FLOW_EOL_DE_ELMA_INC,0.0,,0.5,2.0,1.0,0.5,0.5,2.0,sensitivity_502,sensitivity_016,circular_metal.material_substitution_elasticity,0.5,2.0,0.5,1.25,parameter_bisection,parameter_only,12,true
sensitivity_502,policy,virgin_metal_tax_tax_0_02,virgin_metal_tax,0.02,LOCALLY_INFEASIBLE,INFEASIBLE_POINT,true,7.169008757,0.0009481088289834405,0,0.0,0,material_composite_production_REU,eqpzs,IND_REU_NEW_ELMA,0.0009481088289834405,EOL_FLOW_EOL_DE_ELMA_INC,0.0,,0.5,2.0,1.0,0.5,0.5,2.0,sensitivity_502,sensitivity_016,circular_metal.material_substitution_elasticity,0.5,2.0,0.75,1.625,parameter_bisection,parameter_only,13,true
sensitivity_502,policy,virgin_metal_tax_tax_0_02,virgin_metal_tax,0.02,LOCALLY_INFEASIBLE,INFEASIBLE_POINT,false,21.406822981,0.0010174597396549467,1,0.0,0,material_composite_production_REU,eqpzs,IND_REU_NEW_ELMA,0.0010174597396549467,EOL_FLOW_EOL_DE_ELMA_INC,0.0,,0.5,2.0,1.0,0.5,0.5,2.0,sensitivity_502,sensitivity_016,circular_metal.material_substitution_elasticity,0.5,2.0,1.0,2.0,parameter_bisection,parameter_only,14,false
sensitivity_502,policy,virgin_metal_tax_tax_0_02,virgin_metal_tax,0.02,LOCALLY_INFEASIBLE,INFEASIBLE_POINT,true,8.633449696,0.0009460195381157943,0,0.0,0,material_composite_production_REU,eqpzs,IND_REU_NEW_ELMA,0.0009460195381157943,EOL_FLOW_EOL_DE_ELMA_INC,0.0,,0.5,2.0,1.0,0.5,0.5,2.0,sensitivity_502,sensitivity_016,circular_metal.material_substitution_elasticity,0.5,2.0,0.875,1.8125,parameter_bisection,parameter_only,15,true
sensitivity_502,policy,virgin_metal_tax_tax_0_02,virgin_metal_tax,0.02,LOCALLY_INFEASIBLE,INFEASIBLE_POINT,false,25.040985583,0.001015867533721293,1,0.0,0,material_composite_production_REU,eqpzs,IND_REU_NEW_ELMA,0.001015867533721293,EOL_FLOW_EOL_DE_ELMA_INC,0.0,,0.5,2.0,1.0,0.5,0.5,2.0,sensitivity_502,sensitivity_016,circular_metal.material_substitution_elasticity,0.5,2.0,1.0,2.0,parameter_bisection,parameter_only,16,false
sensitivity_502,policy,virgin_metal_tax_tax_0_02,virgin_metal_tax,0.02,LOCALLY_INFEASIBLE,INFEASIBLE_POINT,false,11.70940172,0.001023985954999862,1,0.0,0,material_composite_production_REU,eqpzs,IND_REU_NEW_ELMA,0.001023985954999862,EOL_FLOW_EOL_DE_ELMA_INC,0.0,,0.5,2.0,1.0,0.5,0.5,2.0,sensitivity_502,sensitivity_016,circular_metal.material_substitution_elasticity,0.5,2.0,0.9375,1.90625,parameter_bisection,parameter_only,17,false
sensitivity_502,policy,virgin_metal_tax_tax_0_02,virgin_metal_tax,0.02,LOCALLY_INFEASIBLE,INFEASIBLE_POINT,false,21.598337614,0.0010773077155149524,1,0.0,0,material_composite_production_REU,eqpzs,IND_REU_NEW_ELMA,0.0010773077155149524,EOL_FLOW_EOL_DE_ELMA_INC,0.0,,0.5,2.0,1.0,0.5,0.5,2.0,sensitivity_502,sensitivity_016,circular_metal.material_substitution_elasticity,0.5,2.0,0.90625,1.859375,parameter_bisection,parameter_only,18,false
sensitivity_502,policy,virgin_metal_tax_tax_0_02,virgin_metal_tax,0.02,LOCALLY_INFEASIBLE,INFEASIBLE_POINT,false,17.729859778,0.0010639197081563356,1,0.0,0,material_composite_production_REU,eqpzs,IND_REU_NEW_ELMA,0.0010639197081563356,EOL_FLOW_EOL_DE_ELMA_INC,0.0,,0.5,2.0,1.0,0.5,0.5,2.0,sensitivity_502,sensitivity_016,circular_metal.material_substitution_elasticity,0.5,2.0,0.890625,1.8359375,parameter_bisection,parameter_only,19,false
sensitivity_502,policy,virgin_metal_tax_tax_0_02,virgin_metal_tax,0.02,LOCALLY_INFEASIBLE,INFEASIBLE_POINT,false,7.96477332,0.0010220007858976476,1,0.0,0,material_composite_production_REU,eqpzs,IND_REU_NEW_ELMA,0.0010220007858976476,EOL_FLOW_EOL_DE_ELMA_INC,0.0,,0.5,2.0,1.0,0.5,0.5,2.0,sensitivity_502,sensitivity_016,circular_metal.material_substitution_elasticity,0.5,2.0,0.8828125,1.82421875,parameter_bisection,parameter_only,20,false
sensitivity_502,policy,virgin_metal_tax_tax_0_02,virgin_metal_tax,0.02,LOCALLY_INFEASIBLE,INFEASIBLE_POINT,false,14.909194678,0.0010575847962550622,1,0.0,0,material_composite_production_REU,eqpzs,IND_REU_NEW_ELMA,0.0010575847962550622,EOL_FLOW_EOL_DE_ELMA_INC,0.0,,0.5,2.0,1.0,0.5,0.5,2.0,sensitivity_502,sensitivity_016,circular_metal.material_substitution_elasticity,0.5,2.0,0.87890625,1.818359375,parameter_bisection,parameter_only,21,false
sensitivity_502,policy,virgin_metal_tax_tax_0_02,virgin_metal_tax,0.02,LOCALLY_INFEASIBLE,INFEASIBLE_POINT,false,12.213897203,0.0010532194358290337,1,0.0,0,material_composite_production_REU,eqpzs,IND_REU_NEW_ELMA,0.0010532194358290337,EOL_FLOW_EOL_DE_ELMA_INC,0.0,,0.5,2.0,1.0,0.5,0.5,2.0,sensitivity_502,sensitivity_016,circular_metal.material_substitution_elasticity,0.5,2.0,0.876953125,1.8154296875,parameter_bisection,parameter_only,22,false
sensitivity_502,policy,virgin_metal_tax_tax_0_02,virgin_metal_tax,0.02,LOCALLY_INFEASIBLE,INFEASIBLE_POINT,false,7.575434881,0.0010337304814270754,1,0.0,0,material_composite_production_REU,eqpzs,IND_REU_NEW_ELMA,0.0010337304814270754,EOL_FLOW_EOL_DE_ELMA_INC,0.0,,0.5,2.0,1.0,0.5,0.5,2.0,sensitivity_502,sensitivity_016,circular_metal.material_substitution_elasticity,0.5,2.0,0.8759765625,1.81396484375,parameter_bisection,parameter_only,23,false
sensitivity_502,policy,virgin_metal_tax_tax_0_02,virgin_metal_tax,0.02,LOCALLY_INFEASIBLE,INFEASIBLE_POINT,false,9.209176418,0.001038449557014598,1,0.0,0,material_composite_production_REU,eqpzs,IND_REU_NEW_ELMA,0.001038449557014598,EOL_FLOW_EOL_DE_ELMA_INC,0.0,,0.5,2.0,1.0,0.5,0.5,2.0,sensitivity_502,sensitivity_016,circular_metal.material_substitution_elasticity,0.5,2.0,0.87548828125,1.813232421875,parameter_bisection,parameter_only,24,false
sensitivity_502,policy,virgin_metal_tax_tax_0_02,virgin_metal_tax,0.02,LOCALLY_INFEASIBLE,INFEASIBLE_POINT,false,9.516727221,0.0010349353958466478,1,0.0,0,material_composite_production_REU,eqpzs,IND_REU_NEW_ELMA,0.0010349353958466478,EOL_FLOW_EOL_DE_ELMA_INC,0.0,,0.5,2.0,1.0,0.5,0.5,2.0,sensitivity_502,sensitivity_016,circular_metal.material_substitution_elasticity,0.5,2.0,0.875244140625,1.8128662109375,parameter_bisection,parameter_only,25,false
sensitivity_502,policy,virgin_metal_tax_tax_0_02,virgin_metal_tax,0.02,LOCALLY_INFEASIBLE,INFEASIBLE_POINT,false,10.179094359,0.0010440798210233915,1,0.0,0,material_composite_production_REU,eqpzs,IND_REU_NEW_ELMA,0.0010440798210233915,EOL_FLOW_EOL_DE_ELMA_INC,0.0,,0.5,2.0,1.0,0.5,0.5,2.0,sensitivity_502,sensitivity_016,circular_metal.material_substitution_elasticity,0.5,2.0,0.8751220703125,1.81268310546875,parameter_bisection,parameter_only,26,false
sensitivity_522,policy,virgin_metal_tax_tax_0_02,virgin_metal_tax,0.02,LOCALLY_INFEASIBLE,INFEASIBLE_POINT,false,25.384254984,0.0012478413917962339,2,0.0,0,material_composite_production_SK,eqpzs,IND_SK_NEW_ELMA,0.0012478413917962339,EOL_FLOW_EOL_DE_ELMA_INC,0.0,,2.0,2.0,0.5,1.0,0.5,2.0,sensitivity_522,sensitivity_279,circular_metal.material_substitution_elasticity,1.0,2.0,1.0,2.0,direct_target,parameter_only,1,false
sensitivity_522,policy,virgin_metal_tax_tax_0_02,virgin_metal_tax,0.02,LOCALLY_INFEASIBLE,INFEASIBLE_POINT,false,46.177772323,0.0010796529431988944,1,0.0,0,material_composite_production_SK,eqpzs,IND_SK_NEW_ELMA,0.0010796529431988944,EOL_FLOW_EOL_DE_ELMA_INC,0.0,,2.0,2.0,0.5,1.0,0.5,2.0,sensitivity_522,sensitivity_279,circular_metal.material_substitution_elasticity,1.0,2.0,0.5,1.5,parameter_bisection,parameter_only,2,false
sensitivity_522,policy,virgin_metal_tax_tax_0_02,virgin_metal_tax,0.02,LOCALLY_INFEASIBLE,INFEASIBLE_POINT,false,7.693158289,0.0027598619805455004,1,0.0,0,material_composite_production_IT,material_composite_demand,IND_IT_NEW_ELMA|IND_IT_REC_EE,0.0027598619805455004,EOL_FLOW_EOL_DE_ELMA_INC,0.0,,2.0,2.0,0.5,1.0,0.5,2.0,sensitivity_522,sensitivity_279,circular_metal.material_substitution_elasticity,1.0,2.0,0.25,1.25,parameter_bisection,parameter_only,3,false
sensitivity_522,policy,virgin_metal_tax_tax_0_02,virgin_metal_tax,0.02,LOCALLY_INFEASIBLE,INFEASIBLE_POINT,false,22.105273728,0.001265225527937619,2,0.0,0,material_composite_production_SK,eqpzs,IND_SK_NEW_ELMA,0.001265225527937619,EOL_FLOW_EOL_DE_ELMA_INC,0.0,,2.0,2.0,0.5,1.0,0.5,2.0,sensitivity_522,sensitivity_279,circular_metal.material_substitution_elasticity,1.0,2.0,0.125,1.125,parameter_bisection,parameter_only,4,false
sensitivity_522,policy,virgin_metal_tax_tax_0_02,virgin_metal_tax,0.02,LOCALLY_INFEASIBLE,INFEASIBLE_POINT,false,22.199228872,0.0011397428630285367,1,0.0,0,material_composite_production_SK,eqpzs,IND_SK_NEW_ELMA,0.0011397428630285367,EOL_FLOW_EOL_DE_ELMA_INC,0.0,,2.0,2.0,0.5,1.0,0.5,2.0,sensitivity_522,sensitivity_279,circular_metal.material_substitution_elasticity,1.0,2.0,0.0625,1.0625,parameter_bisection,parameter_only,5,false
sensitivity_522,policy,virgin_metal_tax_tax_0_02,virgin_metal_tax,0.02,LOCALLY_INFEASIBLE,INFEASIBLE_POINT,false,20.974370264,0.27650229332852194,6,0.0,0,observed_physical_flow_links,quantity_link,physical_SK_OFMA_REP_route_input_mass,0.27650229332852194,EOL_FLOW_EOL_DE_ELMA_INC,0.0,,2.0,2.0,0.5,1.0,0.5,2.0,sensitivity_522,sensitivity_279,circular_metal.material_substitution_elasticity,1.0,2.0,0.03125,1.03125,parameter_bisection,parameter_only,6,false
sensitivity_522,policy,virgin_metal_tax_tax_0_02,virgin_metal_tax,0.02,LOCALLY_INFEASIBLE,INFEASIBLE_POINT,false,19.379930598,0.001267912650821268,2,0.0,0,material_composite_production_SK,eqpzs,IND_SK_NEW_ELMA,0.001267912650821268,EOL_FLOW_EOL_DE_ELMA_INC,0.0,,2.0,2.0,0.5,1.0,0.5,2.0,sensitivity_522,sensitivity_279,circular_metal.material_substitution_elasticity,1.0,2.0,0.015625,1.015625,parameter_bisection,parameter_only,7,false
sensitivity_522,policy,virgin_metal_tax_tax_0_02,virgin_metal_tax,0.02,LOCALLY_INFEASIBLE,INFEASIBLE_POINT,false,28.446828622,0.001079066524097727,1,0.0,0,material_composite_production_REU,eqpzs,IND_REU_NEW_ELMA,0.001079066524097727,EOL_FLOW_EOL_DE_ELMA_INC,0.0,,2.0,2.0,0.5,1.0,0.5,2.0,sensitivity_522,sensitivity_279,circular_metal.material_substitution_elasticity,1.0,2.0,0.0078125,1.0078125,parameter_bisection,parameter_only,8,false
sensitivity_522,policy,virgin_metal_tax_tax_0_02,virgin_metal_tax,0.02,LOCALLY_INFEASIBLE,INFEASIBLE_POINT,false,10.656403047,0.0011828701049058088,1,0.0,0,material_composite_production_SK,eqpzs,IND_SK_NEW_ELMA,0.0011828701049058088,EOL_FLOW_EOL_DE_ELMA_INC,0.0,,2.0,2.0,0.5,1.0,0.5,2.0,sensitivity_522,sensitivity_279,circular_metal.material_substitution_elasticity,1.0,2.0,0.00390625,1.00390625,parameter_bisection,parameter_only,9,false
sensitivity_522,policy,virgin_metal_tax_tax_0_02,virgin_metal_tax,0.02,LOCALLY_INFEASIBLE,INFEASIBLE_POINT,true,4.768338453,0.0008922993925889466,0,0.0,0,material_composite_production_REU,eqpzs,IND_REU_NEW_ELMA,0.0008922993925889466,EOL_FLOW_EOL_DE_ELMA_INC,0.0,,2.0,2.0,0.5,1.0,0.5,2.0,sensitivity_522,sensitivity_279,circular_metal.material_substitution_elasticity,1.0,2.0,0.001953125,1.001953125,parameter_bisection,parameter_only,10,true
sensitivity_522,policy,virgin_metal_tax_tax_0_02,virgin_metal_tax,0.02,LOCALLY_INFEASIBLE,INFEASIBLE_POINT,false,7.740205908,0.0010116542057638789,1,0.0,0,material_composite_production_SK,eqpzs,IND_SK_NEW_ELMA,0.0010116542057638789,EOL_FLOW_EOL_DE_ELMA_INC,0.0,,2.0,2.0,0.5,1.0,0.5,2.0,sensitivity_522,sensitivity_279,circular_metal.material_substitution_elasticity,1.0,2.0,0.005859375,1.005859375,parameter_bisection,parameter_only,11,false
sensitivity_522,policy,virgin_metal_tax_tax_0_02,virgin_metal_tax,0.02,LOCALLY_INFEASIBLE,INFEASIBLE_POINT,true,5.016234923,0.0008898347677298579,0,0.0,0,material_composite_production_REU,eqpzs,IND_REU_NEW_ELMA,0.0008898347677298579,EOL_FLOW_EOL_DE_ELMA_INC,0.0,,2.0,2.0,0.5,1.0,0.5,2.0,sensitivity_522,sensitivity_279,circular_metal.material_substitution_elasticity,1.0,2.0,0.00390625,1.00390625,parameter_bisection,parameter_only,12,true
sensitivity_522,policy,virgin_metal_tax_tax_0_02,virgin_metal_tax,0.02,LOCALLY_INFEASIBLE,INFEASIBLE_POINT,true,6.536355679,0.0008819100153550918,0,0.0,0,material_composite_production_REU,eqpzs,IND_REU_NEW_ELMA,0.0008819100153550918,EOL_FLOW_EOL_DE_ELMA_INC,0.0,,2.0,2.0,0.5,1.0,0.5,2.0,sensitivity_522,sensitivity_279,circular_metal.material_substitution_elasticity,1.0,2.0,0.0078125,1.0078125,parameter_bisection,parameter_only,13,true
sensitivity_522,policy,virgin_metal_tax_tax_0_02,virgin_metal_tax,0.02,LOCALLY_INFEASIBLE,INFEASIBLE_POINT,false,18.87220005,0.0010786532668461968,1,0.0,0,material_composite_production_REU,eqpzs,IND_REU_NEW_ELMA,0.0010786532668461968,EOL_FLOW_EOL_DE_ELMA_INC,0.0,,2.0,2.0,0.5,1.0,0.5,2.0,sensitivity_522,sensitivity_279,circular_metal.material_substitution_elasticity,1.0,2.0,0.015625,1.015625,parameter_bisection,parameter_only,14,false
sensitivity_522,policy,virgin_metal_tax_tax_0_02,virgin_metal_tax,0.02,LOCALLY_INFEASIBLE,INFEASIBLE_POINT,false,12.239258453,0.0011795966926065882,1,0.0,0,material_composite_production_SK,eqpzs,IND_SK_NEW_ELMA,0.0011795966926065882,EOL_FLOW_EOL_DE_ELMA_INC,0.0,,2.0,2.0,0.5,1.0,0.5,2.0,sensitivity_522,sensitivity_279,circular_metal.material_substitution_elasticity,1.0,2.0,0.01171875,1.01171875,parameter_bisection,parameter_only,15,false
sensitivity_522,policy,virgin_metal_tax_tax_0_02,virgin_metal_tax,0.02,LOCALLY_INFEASIBLE,INFEASIBLE_POINT,true,4.853058288,0.0008742747095903391,0,0.0,0,material_composite_production_REU,eqpzs,IND_REU_NEW_ELMA,0.0008742747095903391,EOL_FLOW_EOL_DE_ELMA_INC,0.0,,2.0,2.0,0.5,1.0,0.5,2.0,sensitivity_522,sensitivity_279,circular_metal.material_substitution_elasticity,1.0,2.0,0.009765625,1.009765625,parameter_bisection,parameter_only,16,true
sensitivity_522,policy,virgin_metal_tax_tax_0_02,virgin_metal_tax,0.02,LOCALLY_INFEASIBLE,INFEASIBLE_POINT,true,6.585118141,0.0008794962645956028,0,0.0,0,material_composite_production_SK,eqpzs,IND_SK_NEW_ELMA,0.0008794962645956028,EOL_FLOW_EOL_DE_ELMA_INC,0.0,,2.0,2.0,0.5,1.0,0.5,2.0,sensitivity_522,sensitivity_279,circular_metal.material_substitution_elasticity,1.0,2.0,0.013671875,1.013671875,parameter_bisection,parameter_only,17,true
sensitivity_522,policy,virgin_metal_tax_tax_0_02,virgin_metal_tax,0.02,LOCALLY_INFEASIBLE,INFEASIBLE_POINT,true,8.702326667,0.0009475671202128222,0,0.0,0,material_composite_production_SK,eqpzs,IND_SK_NEW_ELMA,0.0009475671202128222,EOL_FLOW_EOL_DE_ELMA_INC,0.0,,2.0,2.0,0.5,1.0,0.5,2.0,sensitivity_522,sensitivity_279,circular_metal.material_substitution_elasticity,1.0,2.0,0.021484375,1.021484375,parameter_bisection,parameter_only,18,true
sensitivity_522,policy,virgin_metal_tax_tax_0_02,virgin_metal_tax,0.02,LOCALLY_INFEASIBLE,INFEASIBLE_POINT,false,70.850698235,0.0010790240112266147,1,0.0,0,material_composite_production_REU,eqpzs,IND_REU_NEW_ELMA,0.0010790240112266147,EOL_FLOW_EOL_DE_ELMA_INC,0.0,,2.0,2.0,0.5,1.0,0.5,2.0,sensitivity_522,sensitivity_279,circular_metal.material_substitution_elasticity,1.0,2.0,0.037109375,1.037109375,parameter_bisection,parameter_only,19,false
sensitivity_522,policy,virgin_metal_tax_tax_0_02,virgin_metal_tax,0.02,LOCALLY_INFEASIBLE,INFEASIBLE_POINT,true,7.037247603,0.0009346252840448654,0,0.0,0,material_composite_production_SK,eqpzs,IND_SK_NEW_ELMA,0.0009346252840448654,EOL_FLOW_EOL_DE_ELMA_INC,0.0,,2.0,2.0,0.5,1.0,0.5,2.0,sensitivity_522,sensitivity_279,circular_metal.material_substitution_elasticity,1.0,2.0,0.029296875,1.029296875,parameter_bisection,parameter_only,20,true
sensitivity_522,policy,virgin_metal_tax_tax_0_02,virgin_metal_tax,0.02,LOCALLY_INFEASIBLE,INFEASIBLE_POINT,true,8.997290646,0.0009047016342129677,0,0.0,0,material_composite_production_SK,eqpzs,IND_SK_NEW_ELMA,0.0009047016342129677,EOL_FLOW_EOL_DE_ELMA_INC,0.0,,2.0,2.0,0.5,1.0,0.5,2.0,sensitivity_522,sensitivity_279,circular_metal.material_substitution_elasticity,1.0,2.0,0.044921875,1.044921875,parameter_bisection,parameter_only,21,true
sensitivity_522,policy,virgin_metal_tax_tax_0_02,virgin_metal_tax,0.02,LOCALLY_INFEASIBLE,INFEASIBLE_POINT,true,6.162614011,0.0009045453264926451,0,0.0,0,material_composite_production_SK,eqpzs,IND_SK_NEW_ELMA,0.0009045453264926451,EOL_FLOW_EOL_DE_ELMA_INC,0.0,,2.0,2.0,0.5,1.0,0.5,2.0,sensitivity_522,sensitivity_279,circular_metal.material_substitution_elasticity,1.0,2.0,0.076171875,1.076171875,parameter_bisection,parameter_only,22,true
sensitivity_522,policy,virgin_metal_tax_tax_0_02,virgin_metal_tax,0.02,LOCALLY_INFEASIBLE,INFEASIBLE_POINT,true,37.795424791,0.0009414356488358644,0,0.0,0,material_composite_production_SK,eqpzs,IND_SK_NEW_ELMA,0.0009414356488358644,EOL_FLOW_EOL_DE_ELMA_INC,0.0,,2.0,2.0,0.5,1.0,0.5,2.0,sensitivity_522,sensitivity_279,circular_metal.material_substitution_elasticity,1.0,2.0,0.138671875,1.138671875,parameter_bisection,parameter_only,23,true
sensitivity_522,policy,virgin_metal_tax_tax_0_02,virgin_metal_tax,0.02,LOCALLY_INFEASIBLE,INFEASIBLE_POINT,false,34.480832971,0.0010791967905714461,1,8.91956992143541e-9,0,material_composite_production_REU,eqpzs,IND_REU_NEW_ELMA,0.0010791967905714461,F_FAC_SK_LAB_IND_SK_REP_OFMA,8.91956992143541e-9,,2.0,2.0,0.5,1.0,0.5,2.0,sensitivity_522,sensitivity_279,circular_metal.material_substitution_elasticity,1.0,2.0,0.263671875,1.263671875,parameter_bisection,parameter_only,24,false
sensitivity_522,policy,virgin_metal_tax_tax_0_02,virgin_metal_tax,0.02,LOCALLY_INFEASIBLE,INFEASIBLE_POINT,true,7.523560362,0.0009223258404955637,0,0.0,0,material_composite_production_REU,eqpzs,IND_REU_NEW_ELMA,0.0009223258404955637,EOL_FLOW_EOL_DE_ELMA_INC,0.0,,2.0,2.0,0.5,1.0,0.5,2.0,sensitivity_522,sensitivity_279,circular_metal.material_substitution_elasticity,1.0,2.0,0.201171875,1.201171875,parameter_bisection,parameter_only,25,true
sensitivity_522,policy,virgin_metal_tax_tax_0_02,virgin_metal_tax,0.02,LOCALLY_INFEASIBLE,INFEASIBLE_POINT,false,13.266529942,0.0010588895230099205,1,0.0,0,material_composite_production_SK,eqpzs,IND_SK_NEW_ELMA,0.0010588895230099205,EOL_FLOW_EOL_DE_ELMA_INC,0.0,,2.0,2.0,0.5,1.0,0.5,2.0,sensitivity_522,sensitivity_279,circular_metal.material_substitution_elasticity,1.0,2.0,0.326171875,1.326171875,parameter_bisection,parameter_only,26,false
sensitivity_522,policy,virgin_metal_tax_tax_0_02,virgin_metal_tax,0.02,LOCALLY_INFEASIBLE,INFEASIBLE_POINT,true,11.102260855,0.0007560902019171367,0,0.0,0,material_composite_production_SK,eqpzs,IND_SK_NEW_ELMA,0.0007560902019171367,EOL_FLOW_EOL_DE_ELMA_INC,0.0,,2.0,2.0,0.5,1.0,0.5,2.0,sensitivity_522,sensitivity_279,circular_metal.material_substitution_elasticity,1.0,2.0,0.263671875,1.263671875,parameter_bisection,parameter_only,27,true
sensitivity_522,policy,virgin_metal_tax_tax_0_02,virgin_metal_tax,0.02,LOCALLY_INFEASIBLE,INFEASIBLE_POINT,false,14.337349873,0.0012511255969979151,1,0.0,0,material_composite_production_SK,eqpzs,IND_SK_NEW_ELMA,0.0012511255969979151,EOL_FLOW_EOL_DE_ELMA_INC,0.0,,2.0,2.0,0.5,1.0,0.5,2.0,sensitivity_522,sensitivity_279,circular_metal.material_substitution_elasticity,1.0,2.0,0.388671875,1.388671875,parameter_bisection,parameter_only,28,false
sensitivity_522,policy,virgin_metal_tax_tax_0_02,virgin_metal_tax,0.02,LOCALLY_INFEASIBLE,INFEASIBLE_POINT,false,18.571883901,0.0010860225985828142,1,0.0,0,material_composite_production_SK,eqpzs,IND_SK_NEW_ELMA,0.0010860225985828142,EOL_FLOW_EOL_DE_ELMA_INC,0.0,,2.0,2.0,0.5,1.0,0.5,2.0,sensitivity_522,sensitivity_279,circular_metal.material_substitution_elasticity,1.0,2.0,0.326171875,1.326171875,parameter_bisection,parameter_only,29,false
sensitivity_522,policy,virgin_metal_tax_tax_0_02,virgin_metal_tax,0.02,LOCALLY_INFEASIBLE,INFEASIBLE_POINT,false,11.913125574,0.001135016296128999,1,0.0,0,material_composite_production_SK,eqpzs,IND_SK_NEW_ELMA,0.001135016296128999,EOL_FLOW_EOL_DE_ELMA_INC,0.0,,2.0,2.0,0.5,1.0,0.5,2.0,sensitivity_522,sensitivity_279,circular_metal.material_substitution_elasticity,1.0,2.0,0.294921875,1.294921875,parameter_bisection,parameter_only,30,false
sensitivity_522,policy,virgin_metal_tax_tax_0_02,virgin_metal_tax,0.02,LOCALLY_INFEASIBLE,INFEASIBLE_POINT,false,11.257595386,0.0010088710445460558,1,0.0,0,material_composite_production_SK,eqpzs,IND_SK_NEW_ELMA,0.0010088710445460558,EOL_FLOW_EOL_DE_ELMA_INC,0.0,,2.0,2.0,0.5,1.0,0.5,2.0,sensitivity_522,sensitivity_279,circular_metal.material_substitution_elasticity,1.0,2.0,0.279296875,1.279296875,parameter_bisection,parameter_only,31,false
sensitivity_522,policy,virgin_metal_tax_tax_0_02,virgin_metal_tax,0.02,LOCALLY_INFEASIBLE,INFEASIBLE_POINT,false,10.197249928,0.0010090154524934336,1,0.0,0,material_composite_production_SK,eqpzs,IND_SK_NEW_ELMA,0.0010090154524934336,EOL_FLOW_EOL_DE_ELMA_INC,0.0,,2.0,2.0,0.5,1.0,0.5,2.0,sensitivity_522,sensitivity_279,circular_metal.material_substitution_elasticity,1.0,2.0,0.271484375,1.271484375,parameter_bisection,parameter_only,32,false
sensitivity_522,policy,virgin_metal_tax_tax_0_02,virgin_metal_tax,0.02,LOCALLY_INFEASIBLE,INFEASIBLE_POINT,true,13.993624478,0.0009299439316785563,0,0.0,0,material_composite_production_REU,eqpzs,IND_REU_NEW_ELMA,0.0009299439316785563,EOL_FLOW_EOL_DE_ELMA_INC,0.0,,2.0,2.0,0.5,1.0,0.5,2.0,sensitivity_522,sensitivity_279,circular_metal.material_substitution_elasticity,1.0,2.0,0.267578125,1.267578125,parameter_bisection,parameter_only,33,true
sensitivity_522,policy,virgin_metal_tax_tax_0_02,virgin_metal_tax,0.02,LOCALLY_INFEASIBLE,INFEASIBLE_POINT,true,4.600874366,0.0009301038903647418,0,0.0,0,material_composite_production_REU,eqpzs,IND_REU_NEW_ELMA,0.0009301038903647418,EOL_FLOW_EOL_DE_ELMA_INC,0.0,,2.0,2.0,0.5,1.0,0.5,2.0,sensitivity_522,sensitivity_279,circular_metal.material_substitution_elasticity,1.0,2.0,0.275390625,1.275390625,parameter_bisection,parameter_only,34,true
sensitivity_522,policy,virgin_metal_tax_tax_0_02,virgin_metal_tax,0.02,LOCALLY_INFEASIBLE,INFEASIBLE_POINT,true,5.371399435,0.0009321987062147485,0,0.0,0,material_composite_production_REU,eqpzs,IND_REU_NEW_ELMA,0.0009321987062147485,EOL_FLOW_EOL_DE_ELMA_INC,0.0,,2.0,2.0,0.5,1.0,0.5,2.0,sensitivity_522,sensitivity_279,circular_metal.material_substitution_elasticity,1.0,2.0,0.291015625,1.291015625,parameter_bisection,parameter_only,35,true
sensitivity_522,policy,virgin_metal_tax_tax_0_02,virgin_metal_tax,0.02,LOCALLY_INFEASIBLE,INFEASIBLE_POINT,true,6.88391889,0.0009334921678625374,0,0.0,0,material_composite_production_REU,eqpzs,IND_REU_NEW_ELMA,0.0009334921678625374,EOL_FLOW_EOL_DE_ELMA_INC,0.0,,2.0,2.0,0.5,1.0,0.5,2.0,sensitivity_522,sensitivity_279,circular_metal.material_substitution_elasticity,1.0,2.0,0.322265625,1.322265625,parameter_bisection,parameter_only,36,true
sensitivity_522,policy,virgin_metal_tax_tax_0_02,virgin_metal_tax,0.02,LOCALLY_INFEASIBLE,INFEASIBLE_POINT,false,35.517497555,0.0010816652572883667,1,0.0,0,material_composite_production_REU,eqpzs,IND_REU_NEW_ELMA,0.0010816652572883667,EOL_FLOW_EOL_DE_ELMA_INC,0.0,,2.0,2.0,0.5,1.0,0.5,2.0,sensitivity_522,sensitivity_279,circular_metal.material_substitution_elasticity,1.0,2.0,0.384765625,1.384765625,parameter_bisection,parameter_only,37,false
sensitivity_522,policy,virgin_metal_tax_tax_0_02,virgin_metal_tax,0.02,LOCALLY_INFEASIBLE,INFEASIBLE_POINT,true,7.976670043,0.0009333581589243689,0,0.0,0,material_composite_production_REU,eqpzs,IND_REU_NEW_ELMA,0.0009333581589243689,EOL_FLOW_EOL_DE_ELMA_INC,0.0,,2.0,2.0,0.5,1.0,0.5,2.0,sensitivity_522,sensitivity_279,circular_metal.material_substitution_elasticity,1.0,2.0,0.353515625,1.353515625,parameter_bisection,parameter_only,38,true
sensitivity_522,policy,virgin_metal_tax_tax_0_02,virgin_metal_tax,0.02,LOCALLY_INFEASIBLE,INFEASIBLE_POINT,false,18.188396613,0.0010226187350530491,1,0.0,0,material_composite_production_REU,eqpzs,IND_REU_NEW_ELMA,0.0010226187350530491,EOL_FLOW_EOL_DE_ELMA_INC,0.0,,2.0,2.0,0.5,1.0,0.5,2.0,sensitivity_522,sensitivity_279,circular_metal.material_substitution_elasticity,1.0,2.0,0.416015625,1.416015625,parameter_bisection,parameter_only,39,false
sensitivity_522,policy,virgin_metal_tax_tax_0_02,virgin_metal_tax,0.02,LOCALLY_INFEASIBLE,INFEASIBLE_POINT,true,7.434905187,0.0009355314781319679,0,0.0,0,material_composite_production_REU,eqpzs,IND_REU_NEW_ELMA,0.0009355314781319679,EOL_FLOW_EOL_DE_ELMA_INC,0.0,,2.0,2.0,0.5,1.0,0.5,2.0,sensitivity_522,sensitivity_279,circular_metal.material_substitution_elasticity,1.0,2.0,0.384765625,1.384765625,parameter_bisection,parameter_only,40,true
sensitivity_522,policy,virgin_metal_tax_tax_0_02,virgin_metal_tax,0.02,LOCALLY_INFEASIBLE,INFEASIBLE_POINT,true,11.784796804,0.0009273215694185488,0,0.0,0,material_composite_production_REU,eqpzs,IND_REU_NEW_ELMA,0.0009273215694185488,EOL_FLOW_EOL_DE_ELMA_INC,0.0,,2.0,2.0,0.5,1.0,0.5,2.0,sensitivity_522,sensitivity_279,circular_metal.material_substitution_elasticity,1.0,2.0,0.447265625,1.447265625,parameter_bisection,parameter_only,41,true
sensitivity_522,policy,virgin_metal_tax_tax_0_02,virgin_metal_tax,0.02,LOCALLY_INFEASIBLE,INFEASIBLE_POINT,true,18.696241384,0.0009344901814515305,0,0.0,0,material_composite_production_REU,eqpzs,IND_REU_NEW_ELMA,0.0009344901814515305,EOL_FLOW_EOL_DE_ELMA_INC,0.0,,2.0,2.0,0.5,1.0,0.5,2.0,sensitivity_522,sensitivity_279,circular_metal.material_substitution_elasticity,1.0,2.0,0.572265625,1.572265625,parameter_bisection,parameter_only,42,true
sensitivity_522,policy,virgin_metal_tax_tax_0_02,virgin_metal_tax,0.02,LOCALLY_INFEASIBLE,INFEASIBLE_POINT,false,23.545468149,0.0010824634127221122,1,0.0,0,material_composite_production_REU,eqpzs,IND_REU_NEW_ELMA,0.0010824634127221122,EOL_FLOW_EOL_DE_ELMA_INC,0.0,,2.0,2.0,0.5,1.0,0.5,2.0,sensitivity_522,sensitivity_279,circular_metal.material_substitution_elasticity,1.0,2.0,0.822265625,1.822265625,parameter_bisection,parameter_only,43,false
sensitivity_522,policy,virgin_metal_tax_tax_0_02,virgin_metal_tax,0.02,LOCALLY_INFEASIBLE,INFEASIBLE_POINT,true,11.339759944,0.0009617599549047728,0,0.0,0,material_composite_production_REU,eqpzs,IND_REU_NEW_ELMA,0.0009617599549047728,EOL_FLOW_EOL_DE_ELMA_INC,0.0,,2.0,2.0,0.5,1.0,0.5,2.0,sensitivity_522,sensitivity_279,circular_metal.material_substitution_elasticity,1.0,2.0,0.697265625,1.697265625,parameter_bisection,parameter_only,44,true
sensitivity_522,policy,virgin_metal_tax_tax_0_02,virgin_metal_tax,0.02,LOCALLY_INFEASIBLE,INFEASIBLE_POINT,false,16.954141335,0.0011051578101619608,1,0.0,0,material_composite_production_SK,eqpzs,IND_SK_NEW_ELMA,0.0011051578101619608,EOL_FLOW_EOL_DE_ELMA_INC,0.0,,2.0,2.0,0.5,1.0,0.5,2.0,sensitivity_522,sensitivity_279,circular_metal.material_substitution_elasticity,1.0,2.0,0.947265625,1.947265625,parameter_bisection,parameter_only,45,false
sensitivity_522,policy,virgin_metal_tax_tax_0_02,virgin_metal_tax,0.02,LOCALLY_INFEASIBLE,INFEASIBLE_POINT,true,13.598957176,0.0009648675878072277,0,0.0,0,material_composite_production_REU,eqpzs,IND_REU_NEW_ELMA,0.0009648675878072277,EOL_FLOW_EOL_DE_ELMA_INC,0.0,,2.0,2.0,0.5,1.0,0.5,2.0,sensitivity_522,sensitivity_279,circular_metal.material_substitution_elasticity,1.0,2.0,0.822265625,1.822265625,parameter_bisection,parameter_only,46,true
sensitivity_522,policy,virgin_metal_tax_tax_0_02,virgin_metal_tax,0.02,LOCALLY_INFEASIBLE,INFEASIBLE_POINT,false,14.596896842,0.0010802800748046515,1,0.0,0,material_composite_production_SK,eqpzs,IND_SK_NEW_ELMA,0.0010802800748046515,EOL_FLOW_EOL_DE_ELMA_INC,0.0,,2.0,2.0,0.5,1.0,0.5,2.0,sensitivity_522,sensitivity_279,circular_metal.material_substitution_elasticity,1.0,2.0,1.0,2.0,parameter_bisection,parameter_only,47,false
sensitivity_522,policy,virgin_metal_tax_tax_0_02,virgin_metal_tax,0.02,LOCALLY_INFEASIBLE,INFEASIBLE_POINT,true,17.917510128,0.000988917127369704,0,0.0,0,material_composite_production_REU,eqpzs,IND_REU_NEW_ELMA,0.000988917127369704,EOL_FLOW_EOL_DE_ELMA_INC,0.0,,2.0,2.0,0.5,1.0,0.5,2.0,sensitivity_522,sensitivity_279,circular_metal.material_substitution_elasticity,1.0,2.0,0.9111328125,1.9111328125,parameter_bisection,parameter_only,48,true
sensitivity_522,policy,virgin_metal_tax_tax_0_02,virgin_metal_tax,0.02,LOCALLY_INFEASIBLE,INFEASIBLE_POINT,false,13.623782571,0.001005082399680779,1,0.0,0,material_composite_production_REU,eqpzs,IND_REU_NEW_ELMA,0.001005082399680779,EOL_FLOW_EOL_DE_ELMA_INC,0.0,,2.0,2.0,0.5,1.0,0.5,2.0,sensitivity_522,sensitivity_279,circular_metal.material_substitution_elasticity,1.0,2.0,1.0,2.0,parameter_bisection,parameter_only,49,false
sensitivity_522,policy,virgin_metal_tax_tax_0_02,virgin_metal_tax,0.02,LOCALLY_INFEASIBLE,INFEASIBLE_POINT,false,17.916792766,0.0010815003395006073,1,0.0,0,material_composite_production_REU,eqpzs,IND_REU_NEW_ELMA,0.0010815003395006073,EOL_FLOW_EOL_DE_ELMA_INC,0.0,,2.0,2.0,0.5,1.0,0.5,2.0,sensitivity_522,sensitivity_279,circular_metal.material_substitution_elasticity,1.0,2.0,0.95556640625,1.95556640625,parameter_bisection,parameter_only,50,false
sensitivity_522,policy,virgin_metal_tax_tax_0_02,virgin_metal_tax,0.02,LOCALLY_INFEASIBLE,INFEASIBLE_POINT,true,6.821823228,0.0009961189602877285,0,0.0,0,material_composite_production_REU,eqpzs,IND_REU_NEW_ELMA,0.0009961189602877285,EOL_FLOW_EOL_DE_ELMA_INC,0.0,,2.0,2.0,0.5,1.0,0.5,2.0,sensitivity_522,sensitivity_279,circular_metal.material_substitution_elasticity,1.0,2.0,0.933349609375,1.933349609375,parameter_bisection,parameter_only,51,true
sensitivity_522,policy,virgin_metal_tax_tax_0_02,virgin_metal_tax,0.02,LOCALLY_INFEASIBLE,INFEASIBLE_POINT,false,67.29285968,0.0010807785759890942,1,0.0,0,material_composite_production_REU,eqpzs,IND_REU_NEW_ELMA,0.0010807785759890942,EOL_FLOW_EOL_DE_ELMA_INC,0.0,,2.0,2.0,0.5,1.0,0.5,2.0,sensitivity_522,sensitivity_279,circular_metal.material_substitution_elasticity,1.0,2.0,0.977783203125,1.977783203125,parameter_bisection,parameter_only,52,false
sensitivity_522,policy,virgin_metal_tax_tax_0_02,virgin_metal_tax,0.02,LOCALLY_INFEASIBLE,INFEASIBLE_POINT,true,9.359333087,0.000997797829356828,0,0.0,0,material_composite_production_REU,eqpzs,IND_REU_NEW_ELMA,0.000997797829356828,EOL_FLOW_EOL_DE_ELMA_INC,0.0,,2.0,2.0,0.5,1.0,0.5,2.0,sensitivity_522,sensitivity_279,circular_metal.material_substitution_elasticity,1.0,2.0,0.95556640625,1.95556640625,parameter_bisection,parameter_only,53,true
sensitivity_522,policy,virgin_metal_tax_tax_0_02,virgin_metal_tax,0.02,LOCALLY_INFEASIBLE,INFEASIBLE_POINT,false,12.027498155,0.001019760275318915,1,0.0,0,material_composite_production_REU,eqpzs,IND_REU_NEW_ELMA,0.001019760275318915,EOL_FLOW_EOL_DE_ELMA_INC,0.0,,2.0,2.0,0.5,1.0,0.5,2.0,sensitivity_522,sensitivity_279,circular_metal.material_substitution_elasticity,1.0,2.0,1.0,2.0,parameter_bisection,parameter_only,54,false
sensitivity_522,policy,virgin_metal_tax_tax_0_02,virgin_metal_tax,0.02,LOCALLY_INFEASIBLE,INFEASIBLE_POINT,false,6.073698053,0.001000292160247107,1,0.0,0,material_composite_production_REU,eqpzs,IND_REU_NEW_ELMA,0.001000292160247107,EOL_FLOW_EOL_DE_ELMA_INC,0.0,,2.0,2.0,0.5,1.0,0.5,2.0,sensitivity_522,sensitivity_279,circular_metal.material_substitution_elasticity,1.0,2.0,0.977783203125,1.977783203125,parameter_bisection,parameter_only,55,false
sensitivity_522,policy,virgin_metal_tax_tax_0_02,virgin_metal_tax,0.02,LOCALLY_INFEASIBLE,INFEASIBLE_POINT,false,6.65261254,0.0010033180038656608,1,0.0,0,material_composite_production_REU,eqpzs,IND_REU_NEW_ELMA,0.0010033180038656608,EOL_FLOW_EOL_DE_ELMA_INC,0.0,,2.0,2.0,0.5,1.0,0.5,2.0,sensitivity_522,sensitivity_279,circular_metal.material_substitution_elasticity,1.0,2.0,0.9666748046875,1.9666748046875,parameter_bisection,parameter_only,56,false
sensitivity_522,policy,virgin_metal_tax_tax_0_02,virgin_metal_tax,0.02,LOCALLY_INFEASIBLE,INFEASIBLE_POINT,false,5.90585304,0.0010004321373449088,1,0.0,0,material_composite_production_REU,eqpzs,IND_REU_NEW_ELMA,0.0010004321373449088,EOL_FLOW_EOL_DE_ELMA_INC,0.0,,2.0,2.0,0.5,1.0,0.5,2.0,sensitivity_522,sensitivity_279,circular_metal.material_substitution_elasticity,1.0,2.0,0.96112060546875,1.96112060546875,parameter_bisection,parameter_only,57,false
sensitivity_522,policy,virgin_metal_tax_tax_0_02,virgin_metal_tax,0.02,LOCALLY_INFEASIBLE,INFEASIBLE_POINT,false,5.981029,0.001004892550378833,1,0.0,0,material_composite_production_REU,eqpzs,IND_REU_NEW_ELMA,0.001004892550378833,EOL_FLOW_EOL_DE_ELMA_INC,0.0,,2.0,2.0,0.5,1.0,0.5,2.0,sensitivity_522,sensitivity_279,circular_metal.material_substitution_elasticity,1.0,2.0,0.958343505859375,1.958343505859375,parameter_bisection,parameter_only,58,false
sensitivity_522,policy,virgin_metal_tax_tax_0_02,virgin_metal_tax,0.02,LOCALLY_INFEASIBLE,INFEASIBLE_POINT,false,5.017978503,0.0010036422903365594,1,0.0,0,material_composite_production_REU,eqpzs,IND_REU_NEW_ELMA,0.0010036422903365594,EOL_FLOW_EOL_DE_ELMA_INC,0.0,,2.0,2.0,0.5,1.0,0.5,2.0,sensitivity_522,sensitivity_279,circular_metal.material_substitution_elasticity,1.0,2.0,0.9569549560546875,1.9569549560546875,parameter_bisection,parameter_only,59,false
sensitivity_522,policy,virgin_metal_tax_tax_0_02,virgin_metal_tax,0.02,LOCALLY_INFEASIBLE,INFEASIBLE_POINT,false,5.65901924,0.0010030837654146918,1,0.0,0,material_composite_production_REU,eqpzs,IND_REU_NEW_ELMA,0.0010030837654146918,EOL_FLOW_EOL_DE_ELMA_INC,0.0,,2.0,2.0,0.5,1.0,0.5,2.0,sensitivity_522,sensitivity_279,circular_metal.material_substitution_elasticity,1.0,2.0,0.9562606811523438,1.9562606811523438,parameter_bisection,parameter_only,60,false
sensitivity_627,policy,virgin_metal_tax_tax_0_02,virgin_metal_tax,0.02,LOCALLY_INFEASIBLE,INFEASIBLE_POINT,false,53.583928282,0.001050870056169357,1,0.0,0,common_eu_trade,eu_cet_quantity,NEW_ELMA|SK,0.001050870056169357,EOL_FLOW_EOL_DE_ELMA_INC,0.0,,2.0,1.0,0.5,2.0,1.0,2.0,sensitivity_627,sensitivity_141,circular_metal.material_substitution_elasticity,0.5,2.0,1.0,2.0,direct_target,parameter_only,1,false
sensitivity_627,policy,virgin_metal_tax_tax_0_02,virgin_metal_tax,0.02,LOCALLY_INFEASIBLE,INFEASIBLE_POINT,false,72.699443207,0.006227536941084355,1,0.0,0,observed_physical_flow_links,quantity_link,physical_SK_OFMA_REP_route_input_mass,0.006227536941084355,EOL_FLOW_EOL_DE_ELMA_INC,0.0,,2.0,1.0,0.5,2.0,1.0,2.0,sensitivity_627,sensitivity_141,circular_metal.material_substitution_elasticity,0.5,2.0,0.5,1.25,parameter_bisection,parameter_only,2,false
sensitivity_627,policy,virgin_metal_tax_tax_0_02,virgin_metal_tax,0.02,LOCALLY_INFEASIBLE,INFEASIBLE_POINT,false,9.758286142,0.0010138077321192325,1,0.0,0,common_eu_trade,eu_cet_quantity,NEW_ELMA|SK,0.0010138077321192325,EOL_FLOW_EOL_DE_ELMA_INC,0.0,,2.0,1.0,0.5,2.0,1.0,2.0,sensitivity_627,sensitivity_141,circular_metal.material_substitution_elasticity,0.5,2.0,0.25,0.875,parameter_bisection,parameter_only,3,false
sensitivity_627,policy,virgin_metal_tax_tax_0_02,virgin_metal_tax,0.02,LOCALLY_INFEASIBLE,INFEASIBLE_POINT,true,9.540941973,0.0009281323471401337,0,0.0,0,common_eu_trade,eu_cet_quantity,NEW_ELMA|SK,0.0009281323471401337,EOL_FLOW_EOL_DE_ELMA_INC,0.0,,2.0,1.0,0.5,2.0,1.0,2.0,sensitivity_627,sensitivity_141,circular_metal.material_substitution_elasticity,0.5,2.0,0.125,0.6875,parameter_bisection,parameter_only,4,true
sensitivity_627,policy,virgin_metal_tax_tax_0_02,virgin_metal_tax,0.02,LOCALLY_INFEASIBLE,INFEASIBLE_POINT,true,9.748404752,0.0009986032038951987,0,0.0,0,common_eu_trade,eu_cet_quantity,NEW_ELMA|SK,0.0009986032038951987,EOL_FLOW_EOL_DE_ELMA_INC,0.0,,2.0,1.0,0.5,2.0,1.0,2.0,sensitivity_627,sensitivity_141,circular_metal.material_substitution_elasticity,0.5,2.0,0.375,1.0625,parameter_bisection,parameter_only,5,true
sensitivity_627,policy,virgin_metal_tax_tax_0_02,virgin_metal_tax,0.02,LOCALLY_INFEASIBLE,INFEASIBLE_POINT,false,21.634841099,0.001046735997277272,1,0.0,0,common_eu_trade,eu_cet_quantity,NEW_ELMA|SK,0.001046735997277272,EOL_FLOW_EOL_DE_ELMA_INC,0.0,,2.0,1.0,0.5,2.0,1.0,2.0,sensitivity_627,sensitivity_141,circular_metal.material_substitution_elasticity,0.5,2.0,0.875,1.8125,parameter_bisection,parameter_only,6,false
sensitivity_627,policy,virgin_metal_tax_tax_0_02,virgin_metal_tax,0.02,LOCALLY_INFEASIBLE,INFEASIBLE_POINT,false,54.391326396,0.001019384718469699,1,0.0,0,common_eu_trade,eu_cet_quantity,NEW_ELMA|SK,0.001019384718469699,EOL_FLOW_EOL_DE_ELMA_INC,0.0,,2.0,1.0,0.5,2.0,1.0,2.0,sensitivity_627,sensitivity_141,circular_metal.material_substitution_elasticity,0.5,2.0,0.625,1.4375,parameter_bisection,parameter_only,7,false
sensitivity_627,policy,virgin_metal_tax_tax_0_02,virgin_metal_tax,0.02,LOCALLY_INFEASIBLE,INFEASIBLE_POINT,false,36.45409764,0.0010482699621081426,1,0.0,0,common_eu_trade,eu_cet_quantity,NEW_ELMA|SK,0.0010482699621081426,EOL_FLOW_EOL_DE_ELMA_INC,0.0,,2.0,1.0,0.5,2.0,1.0,2.0,sensitivity_627,sensitivity_141,circular_metal.material_substitution_elasticity,0.5,2.0,0.5,1.25,parameter_bisection,parameter_only,8,false
sensitivity_627,policy,virgin_metal_tax_tax_0_02,virgin_metal_tax,0.02,LOCALLY_INFEASIBLE,INFEASIBLE_POINT,false,45.093154397,0.07157893266631654,1,0.0,0,observed_physical_flow_links,quantity_link,physical_SK_OFMA_REP_route_input_mass,0.07157893266631654,EOL_FLOW_EOL_DE_ELMA_INC,0.0,,2.0,1.0,0.5,2.0,1.0,2.0,sensitivity_627,sensitivity_141,circular_metal.material_substitution_elasticity,0.5,2.0,0.4375,1.15625,parameter_bisection,parameter_only,9,false
sensitivity_627,policy,virgin_metal_tax_tax_0_02,virgin_metal_tax,0.02,LOCALLY_INFEASIBLE,INFEASIBLE_POINT,false,45.245528005,0.013756050317063395,1,0.0,0,observed_physical_flow_links,quantity_link,physical_SK_OFMA_REP_route_input_mass,0.013756050317063395,EOL_FLOW_EOL_DE_ELMA_INC,0.0,,2.0,1.0,0.5,2.0,1.0,2.0,sensitivity_627,sensitivity_141,circular_metal.material_substitution_elasticity,0.5,2.0,0.40625,1.109375,parameter_bisection,parameter_only,10,false
sensitivity_627,policy,virgin_metal_tax_tax_0_02,virgin_metal_tax,0.02,LOCALLY_INFEASIBLE,INFEASIBLE_POINT,false,22.074947253,0.0010176573405147903,1,0.0,0,common_eu_trade,eu_cet_quantity,NEW_ELMA|SK,0.0010176573405147903,EOL_FLOW_EOL_DE_ELMA_INC,0.0,,2.0,1.0,0.5,2.0,1.0,2.0,sensitivity_627,sensitivity_141,circular_metal.material_substitution_elasticity,0.5,2.0,0.390625,1.0859375,parameter_bisection,parameter_only,11,false
sensitivity_627,policy,virgin_metal_tax_tax_0_02,virgin_metal_tax,0.02,LOCALLY_INFEASIBLE,INFEASIBLE_POINT,false,20.329548769,0.0010592264277254281,1,0.0,0,common_eu_trade,eu_cet_quantity,NEW_ELMA|SK,0.0010592264277254281,EOL_FLOW_EOL_DE_ELMA_INC,0.0,,2.0,1.0,0.5,2.0,1.0,2.0,sensitivity_627,sensitivity_141,circular_metal.material_substitution_elasticity,0.5,2.0,0.3828125,1.07421875,parameter_bisection,parameter_only,12,false
sensitivity_627,policy,virgin_metal_tax_tax_0_02,virgin_metal_tax,0.02,LOCALLY_INFEASIBLE,INFEASIBLE_POINT,false,21.28536946,0.0010647553048770558,1,0.0,0,common_eu_trade,eu_cet_quantity,NEW_ELMA|SK,0.0010647553048770558,EOL_FLOW_EOL_DE_ELMA_INC,0.0,,2.0,1.0,0.5,2.0,1.0,2.0,sensitivity_627,sensitivity_141,circular_metal.material_substitution_elasticity,0.5,2.0,0.37890625,1.068359375,parameter_bisection,parameter_only,13,false
sensitivity_627,policy,virgin_metal_tax_tax_0_02,virgin_metal_tax,0.02,LOCALLY_INFEASIBLE,INFEASIBLE_POINT,true,5.142050442,0.0009981161715945312,0,0.0,0,common_eu_trade,eu_cet_quantity,NEW_ELMA|SK,0.0009981161715945312,EOL_FLOW_EOL_DE_ELMA_INC,0.0,,2.0,1.0,0.5,2.0,1.0,2.0,sensitivity_627,sensitivity_141,circular_metal.material_substitution_elasticity,0.5,2.0,0.376953125,1.0654296875,parameter_bisection,parameter_only,14,true
sensitivity_627,policy,virgin_metal_tax_tax_0_02,virgin_metal_tax,0.02,LOCALLY_INFEASIBLE,INFEASIBLE_POINT,false,25.140999782,0.0010307431325600356,1,0.0,0,common_eu_trade,eu_cet_quantity,NEW_ELMA|SK,0.0010307431325600356,EOL_FLOW_EOL_DE_ELMA_INC,0.0,,2.0,1.0,0.5,2.0,1.0,2.0,sensitivity_627,sensitivity_141,circular_metal.material_substitution_elasticity,0.5,2.0,0.380859375,1.0712890625,parameter_bisection,parameter_only,15,false
sensitivity_627,policy,virgin_metal_tax_tax_0_02,virgin_metal_tax,0.02,LOCALLY_INFEASIBLE,INFEASIBLE_POINT,false,23.918422304,0.001031685570196875,1,0.0,0,common_eu_trade,eu_cet_quantity,NEW_ELMA|SK,0.001031685570196875,EOL_FLOW_EOL_DE_ELMA_INC,0.0,,2.0,1.0,0.5,2.0,1.0,2.0,sensitivity_627,sensitivity_141,circular_metal.material_substitution_elasticity,0.5,2.0,0.37890625,1.068359375,parameter_bisection,parameter_only,16,false
sensitivity_627,policy,virgin_metal_tax_tax_0_02,virgin_metal_tax,0.02,LOCALLY_INFEASIBLE,INFEASIBLE_POINT,false,23.590673206,0.0010638850859703449,1,0.0,0,common_eu_trade,eu_cet_quantity,NEW_ELMA|SK,0.0010638850859703449,EOL_FLOW_EOL_DE_ELMA_INC,0.0,,2.0,1.0,0.5,2.0,1.0,2.0,sensitivity_627,sensitivity_141,circular_metal.material_substitution_elasticity,0.5,2.0,0.3779296875,1.06689453125,parameter_bisection,parameter_only,17,false
sensitivity_627,policy,virgin_metal_tax_tax_0_02,virgin_metal_tax,0.02,LOCALLY_INFEASIBLE,INFEASIBLE_POINT,false,19.198733841,0.0010543630331366273,1,0.0,0,common_eu_trade,eu_cet_quantity,NEW_ELMA|SK,0.0010543630331366273,EOL_FLOW_EOL_DE_ELMA_INC,0.0,,2.0,1.0,0.5,2.0,1.0,2.0,sensitivity_627,sensitivity_141,circular_metal.material_substitution_elasticity,0.5,2.0,0.37744140625,1.066162109375,parameter_bisection,parameter_only,18,false
sensitivity_627,policy,virgin_metal_tax_tax_0_02,virgin_metal_tax,0.02,LOCALLY_INFEASIBLE,INFEASIBLE_POINT,false,20.883712288,0.001030067915728549,1,0.0,0,common_eu_trade,eu_cet_quantity,NEW_ELMA|SK,0.001030067915728549,EOL_FLOW_EOL_DE_ELMA_INC,0.0,,2.0,1.0,0.5,2.0,1.0,2.0,sensitivity_627,sensitivity_141,circular_metal.material_substitution_elasticity,0.5,2.0,0.377197265625,1.0657958984375,parameter_bisection,parameter_only,19,false
sensitivity_627,policy,virgin_metal_tax_tax_0_02,virgin_metal_tax,0.02,LOCALLY_INFEASIBLE,INFEASIBLE_POINT,false,31.653530385,0.0010660746358498324,1,0.0,0,common_eu_trade,eu_cet_quantity,NEW_ELMA|SK,0.0010660746358498324,EOL_FLOW_EOL_DE_ELMA_INC,0.0,,2.0,1.0,0.5,2.0,1.0,2.0,sensitivity_627,sensitivity_141,circular_metal.material_substitution_elasticity,0.5,2.0,0.3770751953125,1.06561279296875,parameter_bisection,parameter_only,20,false
sensitivity_630,policy,virgin_metal_tax_tax_0_02,virgin_metal_tax,0.02,LOCALLY_INFEASIBLE,INFEASIBLE_POINT,false,21.339245638,0.0010616836716623723,1,0.0,0,material_composite_production_REU,eqpzs,IND_REU_NEW_ELMA,0.0010616836716623723,EOL_FLOW_EOL_DE_ELMA_INC,0.0,,2.0,2.0,0.5,2.0,1.0,2.0,sensitivity_630,sensitivity_549,circular_routes.eol_productivity_elasticity,0.5,1.0,1.0,1.0,direct_target,parameter_only,1,false
sensitivity_630,policy,virgin_metal_tax_tax_0_02,virgin_metal_tax,0.02,LOCALLY_INFEASIBLE,INFEASIBLE_POINT,false,5.144653126,0.0010477390351241178,1,0.0,0,material_composite_production_REU,eqpzs,IND_REU_NEW_ELMA,0.0010477390351241178,EOL_FLOW_EOL_DE_ELMA_INC,0.0,,2.0,2.0,0.5,2.0,1.0,2.0,sensitivity_630,sensitivity_549,circular_routes.eol_productivity_elasticity,0.5,1.0,0.5,0.75,parameter_bisection,parameter_only,2,false
sensitivity_630,policy,virgin_metal_tax_tax_0_02,virgin_metal_tax,0.02,LOCALLY_INFEASIBLE,INFEASIBLE_POINT,false,4.214553266,0.0010050113705943886,1,0.0,0,material_composite_production_REU,eqpzs,IND_REU_NEW_ELMA,0.0010050113705943886,EOL_FLOW_EOL_DE_ELMA_INC,0.0,,2.0,2.0,0.5,2.0,1.0,2.0,sensitivity_630,sensitivity_549,circular_routes.eol_productivity_elasticity,0.5,1.0,0.25,0.625,parameter_bisection,parameter_only,3,false
sensitivity_630,policy,virgin_metal_tax_tax_0_02,virgin_metal_tax,0.02,LOCALLY_INFEASIBLE,INFEASIBLE_POINT,false,10.971830433,0.0010750887035579915,1,0.0,0,material_composite_production_REU,eqpzs,IND_REU_NEW_ELMA,0.0010750887035579915,EOL_FLOW_EOL_DE_ELMA_INC,0.0,,2.0,2.0,0.5,2.0,1.0,2.0,sensitivity_630,sensitivity_549,circular_routes.eol_productivity_elasticity,0.5,1.0,0.125,0.5625,parameter_bisection,parameter_only,4,false
sensitivity_630,policy,virgin_metal_tax_tax_0_02,virgin_metal_tax,0.02,LOCALLY_INFEASIBLE,INFEASIBLE_POINT,true,3.586701014,0.0009993985218478274,0,0.0,0,material_composite_production_REU,eqpzs,IND_REU_NEW_ELMA,0.0009993985218478274,EOL_FLOW_EOL_DE_ELMA_INC,0.0,,2.0,2.0,0.5,2.0,1.0,2.0,sensitivity_630,sensitivity_549,circular_routes.eol_productivity_elasticity,0.5,1.0,0.0625,0.53125,parameter_bisection,parameter_only,5,true
sensitivity_630,policy,virgin_metal_tax_tax_0_02,virgin_metal_tax,0.02,LOCALLY_INFEASIBLE,INFEASIBLE_POINT,false,5.473944079,0.001026127089538753,1,0.0,0,material_composite_production_REU,eqpzs,IND_REU_NEW_ELMA,0.001026127089538753,EOL_FLOW_EOL_DE_ELMA_INC,0.0,,2.0,2.0,0.5,2.0,1.0,2.0,sensitivity_630,sensitivity_549,circular_routes.eol_productivity_elasticity,0.5,1.0,0.1875,0.59375,parameter_bisection,parameter_only,6,false
sensitivity_630,policy,virgin_metal_tax_tax_0_02,virgin_metal_tax,0.02,LOCALLY_INFEASIBLE,INFEASIBLE_POINT,true,4.103355272,0.000999529532086596,0,0.0,0,material_composite_production_REU,eqpzs,IND_REU_NEW_ELMA,0.000999529532086596,EOL_FLOW_EOL_DE_ELMA_INC,0.0,,2.0,2.0,0.5,2.0,1.0,2.0,sensitivity_630,sensitivity_549,circular_routes.eol_productivity_elasticity,0.5,1.0,0.125,0.5625,parameter_bisection,parameter_only,7,true
sensitivity_630,policy,virgin_metal_tax_tax_0_02,virgin_metal_tax,0.02,LOCALLY_INFEASIBLE,INFEASIBLE_POINT,false,5.273753522,0.0010121236366165132,1,0.0,0,material_composite_production_REU,eqpzs,IND_REU_NEW_ELMA,0.0010121236366165132,EOL_FLOW_EOL_DE_ELMA_INC,0.0,,2.0,2.0,0.5,2.0,1.0,2.0,sensitivity_630,sensitivity_549,circular_routes.eol_productivity_elasticity,0.5,1.0,0.25,0.625,parameter_bisection,parameter_only,8,false
sensitivity_630,policy,virgin_metal_tax_tax_0_02,virgin_metal_tax,0.02,LOCALLY_INFEASIBLE,INFEASIBLE_POINT,false,33.558724341,0.0010767810743534945,1,0.0,0,material_composite_production_REU,eqpzs,IND_REU_NEW_ELMA,0.0010767810743534945,EOL_FLOW_EOL_DE_ELMA_INC,0.0,,2.0,2.0,0.5,2.0,1.0,2.0,sensitivity_630,sensitivity_549,circular_routes.eol_productivity_elasticity,0.5,1.0,0.1875,0.59375,parameter_bisection,parameter_only,9,false
sensitivity_630,policy,virgin_metal_tax_tax_0_02,virgin_metal_tax,0.02,LOCALLY_INFEASIBLE,INFEASIBLE_POINT,true,4.760009568,0.0009996554222038156,0,0.0,0,material_composite_production_REU,eqpzs,IND_REU_NEW_ELMA,0.0009996554222038156,EOL_FLOW_EOL_DE_ELMA_INC,0.0,,2.0,2.0,0.5,2.0,1.0,2.0,sensitivity_630,sensitivity_549,circular_routes.eol_productivity_elasticity,0.5,1.0,0.15625,0.578125,parameter_bisection,parameter_only,10,true
sensitivity_630,policy,virgin_metal_tax_tax_0_02,virgin_metal_tax,0.02,LOCALLY_INFEASIBLE,INFEASIBLE_POINT,false,6.348376341,0.0010649143568243202,1,0.0,0,material_composite_production_REU,eqpzs,IND_REU_NEW_ELMA,0.0010649143568243202,EOL_FLOW_EOL_DE_ELMA_INC,0.0,,2.0,2.0,0.5,2.0,1.0,2.0,sensitivity_630,sensitivity_549,circular_routes.eol_productivity_elasticity,0.5,1.0,0.21875,0.609375,parameter_bisection,parameter_only,11,false
sensitivity_630,policy,virgin_metal_tax_tax_0_02,virgin_metal_tax,0.02,LOCALLY_INFEASIBLE,INFEASIBLE_POINT,true,4.044238993,0.0009999989133380183,0,0.0,0,material_composite_production_REU,eqpzs,IND_REU_NEW_ELMA,0.0009999989133380183,EOL_FLOW_EOL_DE_ELMA_INC,0.0,,2.0,2.0,0.5,2.0,1.0,2.0,sensitivity_630,sensitivity_549,circular_routes.eol_productivity_elasticity,0.5,1.0,0.1875,0.59375,parameter_bisection,parameter_only,12,true
sensitivity_630,policy,virgin_metal_tax_tax_0_02,virgin_metal_tax,0.02,LOCALLY_INFEASIBLE,INFEASIBLE_POINT,false,17.125715385,0.0010705960986695517,1,0.0,0,material_composite_production_REU,eqpzs,IND_REU_NEW_ELMA,0.0010705960986695517,EOL_FLOW_EOL_DE_ELMA_INC,0.0,,2.0,2.0,0.5,2.0,1.0,2.0,sensitivity_630,sensitivity_549,circular_routes.eol_productivity_elasticity,0.5,1.0,0.25,0.625,parameter_bisection,parameter_only,13,false
sensitivity_630,policy,virgin_metal_tax_tax_0_02,virgin_metal_tax,0.02,LOCALLY_INFEASIBLE,INFEASIBLE_POINT,false,3.642246498,0.0010000270209021833,1,0.0,0,material_composite_production_REU,eqpzs,IND_REU_NEW_ELMA,0.0010000270209021833,EOL_FLOW_EOL_DE_ELMA_INC,0.0,,2.0,2.0,0.5,2.0,1.0,2.0,sensitivity_630,sensitivity_549,circular_routes.eol_productivity_elasticity,0.5,1.0,0.21875,0.609375,parameter_bisection,parameter_only,14,false
sensitivity_630,policy,virgin_metal_tax_tax_0_02,virgin_metal_tax,0.02,LOCALLY_INFEASIBLE,INFEASIBLE_POINT,false,4.125912657,0.001000116546279739,1,0.0,0,material_composite_production_REU,eqpzs,IND_REU_NEW_ELMA,0.001000116546279739,EOL_FLOW_EOL_DE_ELMA_INC,0.0,,2.0,2.0,0.5,2.0,1.0,2.0,sensitivity_630,sensitivity_549,circular_routes.eol_productivity_elasticity,0.5,1.0,0.203125,0.6015625,parameter_bisection,parameter_only,15,false
sensitivity_630,policy,virgin_metal_tax_tax_0_02,virgin_metal_tax,0.02,LOCALLY_INFEASIBLE,INFEASIBLE_POINT,false,4.125022765,0.0010008561809017325,1,0.0,0,material_composite_production_REU,eqpzs,IND_REU_NEW_ELMA,0.0010008561809017325,EOL_FLOW_EOL_DE_ELMA_INC,0.0,,2.0,2.0,0.5,2.0,1.0,2.0,sensitivity_630,sensitivity_549,circular_routes.eol_productivity_elasticity,0.5,1.0,0.1953125,0.59765625,parameter_bisection,parameter_only,16,false
sensitivity_630,policy,virgin_metal_tax_tax_0_02,virgin_metal_tax,0.02,LOCALLY_INFEASIBLE,INFEASIBLE_POINT,false,40.289761697,0.00107886942427049,1,0.0,0,material_composite_production_REU,eqpzs,IND_REU_NEW_ELMA,0.00107886942427049,EOL_FLOW_EOL_DE_ELMA_INC,0.0,,2.0,2.0,0.5,2.0,1.0,2.0,sensitivity_630,sensitivity_549,circular_routes.eol_productivity_elasticity,0.5,1.0,0.19140625,0.595703125,parameter_bisection,parameter_only,17,false
sensitivity_630,policy,virgin_metal_tax_tax_0_02,virgin_metal_tax,0.02,LOCALLY_INFEASIBLE,INFEASIBLE_POINT,false,32.480215079,0.001079942286147828,1,0.0,0,material_composite_production_REU,eqpzs,IND_REU_NEW_ELMA,0.001079942286147828,EOL_FLOW_EOL_DE_ELMA_INC,0.0,,2.0,2.0,0.5,2.0,1.0,2.0,sensitivity_630,sensitivity_549,circular_routes.eol_productivity_elasticity,0.5,1.0,0.189453125,0.5947265625,parameter_bisection,parameter_only,18,false
sensitivity_630,policy,virgin_metal_tax_tax_0_02,virgin_metal_tax,0.02,LOCALLY_INFEASIBLE,INFEASIBLE_POINT,false,44.034848974,0.0010802221475970653,1,0.0,0,material_composite_production_REU,eqpzs,IND_REU_NEW_ELMA,0.0010802221475970653,EOL_FLOW_EOL_DE_ELMA_INC,0.0,,2.0,2.0,0.5,2.0,1.0,2.0,sensitivity_630,sensitivity_549,circular_routes.eol_productivity_elasticity,0.5,1.0,0.1884765625,0.59423828125,parameter_bisection,parameter_only,19,false
sensitivity_630,policy,virgin_metal_tax_tax_0_02,virgin_metal_tax,0.02,LOCALLY_INFEASIBLE,INFEASIBLE_POINT,false,27.146308368,0.0010781772440623394,1,0.0,0,material_composite_production_REU,eqpzs,IND_REU_NEW_ELMA,0.0010781772440623394,EOL_FLOW_EOL_DE_ELMA_INC,0.0,,2.0,2.0,0.5,2.0,1.0,2.0,sensitivity_630,sensitivity_549,circular_routes.eol_productivity_elasticity,0.5,1.0,0.18798828125,0.593994140625,parameter_bisection,parameter_only,20,false
sensitivity_630,policy,virgin_metal_tax_tax_0_02,virgin_metal_tax,0.02,LOCALLY_INFEASIBLE,INFEASIBLE_POINT,false,34.438951713,0.001076327351978268,1,0.0,0,material_composite_production_REU,eqpzs,IND_REU_NEW_ELMA,0.001076327351978268,EOL_FLOW_EOL_DE_ELMA_INC,0.0,,2.0,2.0,0.5,2.0,1.0,2.0,sensitivity_630,sensitivity_549,circular_routes.eol_productivity_elasticity,0.5,1.0,0.187744140625,0.5938720703125,parameter_bisection,parameter_only,21,false
sensitivity_630,policy,virgin_metal_tax_tax_0_02,virgin_metal_tax,0.02,LOCALLY_INFEASIBLE,INFEASIBLE_POINT,false,17.436920634,0.001077550068763422,1,0.0,0,material_composite_production_REU,eqpzs,IND_REU_NEW_ELMA,0.001077550068763422,EOL_FLOW_EOL_DE_ELMA_INC,0.0,,2.0,2.0,0.5,2.0,1.0,2.0,sensitivity_630,sensitivity_549,circular_routes.eol_productivity_elasticity,0.5,1.0,0.1876220703125,0.59381103515625,parameter_bisection,parameter_only,22,false
sensitivity_638,policy,virgin_metal_tax_tax_0_02,virgin_metal_tax,0.02,LOCALLY_INFEASIBLE,INFEASIBLE_POINT,false,7.002894866,0.0010103217630180739,1,0.0,0,material_composite_production_REU,eqpzs,IND_REU_NEW_ELMA,0.0010103217630180739,EOL_FLOW_EOL_DE_ELMA_INC,0.0,,1.0,2.0,1.0,2.0,1.0,2.0,sensitivity_638,sensitivity_557,circular_routes.eol_productivity_elasticity,0.5,1.0,1.0,1.0,direct_target,parameter_only,1,false
sensitivity_638,policy,virgin_metal_tax_tax_0_02,virgin_metal_tax,0.02,LOCALLY_INFEASIBLE,INFEASIBLE_POINT,false,9.189660801,0.0010407565102412697,1,0.0,0,material_composite_production_REU,eqpzs,IND_REU_NEW_ELMA,0.0010407565102412697,EOL_FLOW_EOL_DE_ELMA_INC,0.0,,1.0,2.0,1.0,2.0,1.0,2.0,sensitivity_638,sensitivity_557,circular_routes.eol_productivity_elasticity,0.5,1.0,0.5,0.75,parameter_bisection,parameter_only,2,false
sensitivity_638,policy,virgin_metal_tax_tax_0_02,virgin_metal_tax,0.02,LOCALLY_INFEASIBLE,INFEASIBLE_POINT,false,17.096032793,0.001054117811139621,1,0.0,0,material_composite_production_REU,eqpzs,IND_REU_NEW_ELMA,0.001054117811139621,EOL_FLOW_EOL_DE_ELMA_INC,0.0,,1.0,2.0,1.0,2.0,1.0,2.0,sensitivity_638,sensitivity_557,circular_routes.eol_productivity_elasticity,0.5,1.0,0.25,0.625,parameter_bisection,parameter_only,3,false
sensitivity_638,policy,virgin_metal_tax_tax_0_02,virgin_metal_tax,0.02,LOCALLY_INFEASIBLE,INFEASIBLE_POINT,false,17.355213711,0.0010729004456437874,1,0.0,0,material_composite_production_REU,eqpzs,IND_REU_NEW_ELMA,0.0010729004456437874,EOL_FLOW_EOL_DE_ELMA_INC,0.0,,1.0,2.0,1.0,2.0,1.0,2.0,sensitivity_638,sensitivity_557,circular_routes.eol_productivity_elasticity,0.5,1.0,0.125,0.5625,parameter_bisection,parameter_only,4,false
sensitivity_638,policy,virgin_metal_tax_tax_0_02,virgin_metal_tax,0.02,LOCALLY_INFEASIBLE,INFEASIBLE_POINT,false,17.681852008,0.0010716865192792469,1,0.0,0,material_composite_production_REU,eqpzs,IND_REU_NEW_ELMA,0.0010716865192792469,EOL_FLOW_EOL_DE_ELMA_INC,0.0,,1.0,2.0,1.0,2.0,1.0,2.0,sensitivity_638,sensitivity_557,circular_routes.eol_productivity_elasticity,0.5,1.0,0.0625,0.53125,parameter_bisection,parameter_only,5,false
sensitivity_638,policy,virgin_metal_tax_tax_0_02,virgin_metal_tax,0.02,LOCALLY_INFEASIBLE,INFEASIBLE_POINT,true,4.472437117,0.0009359212119441906,0,0.0,0,material_composite_production_REU,eqpzs,IND_REU_NEW_ELMA,0.0009359212119441906,EOL_FLOW_EOL_DE_ELMA_INC,0.0,,1.0,2.0,1.0,2.0,1.0,2.0,sensitivity_638,sensitivity_557,circular_routes.eol_productivity_elasticity,0.5,1.0,0.03125,0.515625,parameter_bisection,parameter_only,6,true
sensitivity_638,policy,virgin_metal_tax_tax_0_02,virgin_metal_tax,0.02,LOCALLY_INFEASIBLE,INFEASIBLE_POINT,false,13.917941782,0.0010695622362528745,1,0.0,0,material_composite_production_REU,eqpzs,IND_REU_NEW_ELMA,0.0010695622362528745,EOL_FLOW_EOL_DE_ELMA_INC,0.0,,1.0,2.0,1.0,2.0,1.0,2.0,sensitivity_638,sensitivity_557,circular_routes.eol_productivity_elasticity,0.5,1.0,0.09375,0.546875,parameter_bisection,parameter_only,7,false
sensitivity_638,policy,virgin_metal_tax_tax_0_02,virgin_metal_tax,0.02,LOCALLY_INFEASIBLE,INFEASIBLE_POINT,true,4.659751315,0.0009361112868705446,0,0.0,0,material_composite_production_REU,eqpzs,IND_REU_NEW_ELMA,0.0009361112868705446,EOL_FLOW_EOL_DE_ELMA_INC,0.0,,1.0,2.0,1.0,2.0,1.0,2.0,sensitivity_638,sensitivity_557,circular_routes.eol_productivity_elasticity,0.5,1.0,0.0625,0.53125,parameter_bisection,parameter_only,8,true
sensitivity_638,policy,virgin_metal_tax_tax_0_02,virgin_metal_tax,0.02,LOCALLY_INFEASIBLE,INFEASIBLE_POINT,true,5.805352159,0.0009864112511458467,0,0.0,0,material_composite_production_REU,eqpzs,IND_REU_NEW_ELMA,0.0009864112511458467,EOL_FLOW_EOL_DE_ELMA_INC,0.0,,1.0,2.0,1.0,2.0,1.0,2.0,sensitivity_638,sensitivity_557,circular_routes.eol_productivity_elasticity,0.5,1.0,0.125,0.5625,parameter_bisection,parameter_only,9,true
sensitivity_638,policy,virgin_metal_tax_tax_0_02,virgin_metal_tax,0.02,LOCALLY_INFEASIBLE,INFEASIBLE_POINT,false,5.025844287,0.0010115655136114787,1,0.0,0,material_composite_production_REU,eqpzs,IND_REU_NEW_ELMA,0.0010115655136114787,EOL_FLOW_EOL_DE_ELMA_INC,0.0,,1.0,2.0,1.0,2.0,1.0,2.0,sensitivity_638,sensitivity_557,circular_routes.eol_productivity_elasticity,0.5,1.0,0.25,0.625,parameter_bisection,parameter_only,10,false
sensitivity_638,policy,virgin_metal_tax_tax_0_02,virgin_metal_tax,0.02,LOCALLY_INFEASIBLE,INFEASIBLE_POINT,true,4.708169571,0.0009902031370162545,0,0.0,0,material_composite_production_REU,eqpzs,IND_REU_NEW_ELMA,0.0009902031370162545,EOL_FLOW_EOL_DE_ELMA_INC,0.0,,1.0,2.0,1.0,2.0,1.0,2.0,sensitivity_638,sensitivity_557,circular_routes.eol_productivity_elasticity,0.5,1.0,0.1875,0.59375,parameter_bisection,parameter_only,11,true
sensitivity_638,policy,virgin_metal_tax_tax_0_02,virgin_metal_tax,0.02,LOCALLY_INFEASIBLE,INFEASIBLE_POINT,false,6.722758555,0.0010527379927011138,1,0.0,0,material_composite_production_REU,eqpzs,IND_REU_NEW_ELMA,0.0010527379927011138,EOL_FLOW_EOL_DE_ELMA_INC,0.0,,1.0,2.0,1.0,2.0,1.0,2.0,sensitivity_638,sensitivity_557,circular_routes.eol_productivity_elasticity,0.5,1.0,0.3125,0.65625,parameter_bisection,parameter_only,12,false
sensitivity_638,policy,virgin_metal_tax_tax_0_02,virgin_metal_tax,0.02,LOCALLY_INFEASIBLE,INFEASIBLE_POINT,false,17.983290339,0.001075791718107899,1,0.0,0,material_composite_production_REU,eqpzs,IND_REU_NEW_ELMA,0.001075791718107899,EOL_FLOW_EOL_DE_ELMA_INC,0.0,,1.0,2.0,1.0,2.0,1.0,2.0,sensitivity_638,sensitivity_557,circular_routes.eol_productivity_elasticity,0.5,1.0,0.25,0.625,parameter_bisection,parameter_only,13,false
sensitivity_638,policy,virgin_metal_tax_tax_0_02,virgin_metal_tax,0.02,LOCALLY_INFEASIBLE,INFEASIBLE_POINT,true,4.033758682,0.0009903319607381667,0,0.0,0,material_composite_production_REU,eqpzs,IND_REU_NEW_ELMA,0.0009903319607381667,EOL_FLOW_EOL_DE_ELMA_INC,0.0,,1.0,2.0,1.0,2.0,1.0,2.0,sensitivity_638,sensitivity_557,circular_routes.eol_productivity_elasticity,0.5,1.0,0.21875,0.609375,parameter_bisection,parameter_only,14,true
sensitivity_638,policy,virgin_metal_tax_tax_0_02,virgin_metal_tax,0.02,LOCALLY_INFEASIBLE,INFEASIBLE_POINT,false,13.910792169,0.0010641490094882577,1,0.0,0,material_composite_production_REU,eqpzs,IND_REU_NEW_ELMA,0.0010641490094882577,EOL_FLOW_EOL_DE_ELMA_INC,0.0,,1.0,2.0,1.0,2.0,1.0,2.0,sensitivity_638,sensitivity_557,circular_routes.eol_productivity_elasticity,0.5,1.0,0.28125,0.640625,parameter_bisection,parameter_only,15,false
sensitivity_638,policy,virgin_metal_tax_tax_0_02,virgin_metal_tax,0.02,LOCALLY_INFEASIBLE,INFEASIBLE_POINT,false,6.482916588,0.001027292626467724,1,0.0,0,material_composite_production_REU,eqpzs,IND_REU_NEW_ELMA,0.001027292626467724,EOL_FLOW_EOL_DE_ELMA_INC,0.0,,1.0,2.0,1.0,2.0,1.0,2.0,sensitivity_638,sensitivity_557,circular_routes.eol_productivity_elasticity,0.5,1.0,0.25,0.625,parameter_bisection,parameter_only,16,false
sensitivity_638,policy,virgin_metal_tax_tax_0_02,virgin_metal_tax,0.02,LOCALLY_INFEASIBLE,INFEASIBLE_POINT,false,34.009367322,0.001064560406445092,1,0.0,0,material_composite_production_REU,eqpzs,IND_REU_NEW_ELMA,0.001064560406445092,EOL_FLOW_EOL_DE_ELMA_INC,0.0,,1.0,2.0,1.0,2.0,1.0,2.0,sensitivity_638,sensitivity_557,circular_routes.eol_productivity_elasticity,0.5,1.0,0.234375,0.6171875,parameter_bisection,parameter_only,17,false
sensitivity_638,policy,virgin_metal_tax_tax_0_02,virgin_metal_tax,0.02,LOCALLY_INFEASIBLE,INFEASIBLE_POINT,false,17.402372234,0.0010729642258484606,1,0.0,0,material_composite_production_REU,eqpzs,IND_REU_NEW_ELMA,0.0010729642258484606,EOL_FLOW_EOL_DE_ELMA_INC,0.0,,1.0,2.0,1.0,2.0,1.0,2.0,sensitivity_638,sensitivity_557,circular_routes.eol_productivity_elasticity,0.5,1.0,0.2265625,0.61328125,parameter_bisection,parameter_only,18,false
sensitivity_638,policy,virgin_metal_tax_tax_0_02,virgin_metal_tax,0.02,LOCALLY_INFEASIBLE,INFEASIBLE_POINT,false,3.523427035,0.001043518433874402,1,0.0,0,material_composite_production_REU,eqpzs,IND_REU_NEW_ELMA,0.001043518433874402,EOL_FLOW_EOL_DE_ELMA_INC,0.0,,1.0,2.0,1.0,2.0,1.0,2.0,sensitivity_638,sensitivity_557,circular_routes.eol_productivity_elasticity,0.5,1.0,0.22265625,0.611328125,parameter_bisection,parameter_only,19,false
sensitivity_638,policy,virgin_metal_tax_tax_0_02,virgin_metal_tax,0.02,LOCALLY_INFEASIBLE,INFEASIBLE_POINT,false,6.258241583,0.0010622725969254843,1,0.0,0,material_composite_production_REU,eqpzs,IND_REU_NEW_ELMA,0.0010622725969254843,EOL_FLOW_EOL_DE_ELMA_INC,0.0,,1.0,2.0,1.0,2.0,1.0,2.0,sensitivity_638,sensitivity_557,circular_routes.eol_productivity_elasticity,0.5,1.0,0.220703125,0.6103515625,parameter_bisection,parameter_only,20,false
sensitivity_638,policy,virgin_metal_tax_tax_0_02,virgin_metal_tax,0.02,LOCALLY_INFEASIBLE,INFEASIBLE_POINT,false,5.833797375,0.001052318782142736,1,0.0,0,material_composite_production_REU,eqpzs,IND_REU_NEW_ELMA,0.001052318782142736,EOL_FLOW_EOL_DE_ELMA_INC,0.0,,1.0,2.0,1.0,2.0,1.0,2.0,sensitivity_638,sensitivity_557,circular_routes.eol_productivity_elasticity,0.5,1.0,0.2197265625,0.60986328125,parameter_bisection,parameter_only,21,false
sensitivity_638,policy,virgin_metal_tax_tax_0_02,virgin_metal_tax,0.02,LOCALLY_INFEASIBLE,INFEASIBLE_POINT,false,16.812673727,0.0010679300505871403,1,0.0,0,material_composite_production_REU,eqpzs,IND_REU_NEW_ELMA,0.0010679300505871403,EOL_FLOW_EOL_DE_ELMA_INC,0.0,,1.0,2.0,1.0,2.0,1.0,2.0,sensitivity_638,sensitivity_557,circular_routes.eol_productivity_elasticity,0.5,1.0,0.21923828125,0.609619140625,parameter_bisection,parameter_only,22,false
sensitivity_638,policy,virgin_metal_tax_tax_0_02,virgin_metal_tax,0.02,LOCALLY_INFEASIBLE,INFEASIBLE_POINT,false,16.385759306,0.001075849558427433,1,0.0,0,material_composite_production_REU,eqpzs,IND_REU_NEW_ELMA,0.001075849558427433,EOL_FLOW_EOL_DE_ELMA_INC,0.0,,1.0,2.0,1.0,2.0,1.0,2.0,sensitivity_638,sensitivity_557,circular_routes.eol_productivity_elasticity,0.5,1.0,0.218994140625,0.6094970703125,parameter_bisection,parameter_only,23,false
sensitivity_638,policy,virgin_metal_tax_tax_0_02,virgin_metal_tax,0.02,LOCALLY_INFEASIBLE,INFEASIBLE_POINT,false,27.776630468,0.0010750718671396209,1,0.0,0,material_composite_production_REU,eqpzs,IND_REU_NEW_ELMA,0.0010750718671396209,EOL_FLOW_EOL_DE_ELMA_INC,0.0,,1.0,2.0,1.0,2.0,1.0,2.0,sensitivity_638,sensitivity_557,circular_routes.eol_productivity_elasticity,0.5,1.0,0.2188720703125,0.60943603515625,parameter_bisection,parameter_only,24,false
sensitivity_646,policy,virgin_metal_tax_tax_0_02,virgin_metal_tax,0.02,LOCALLY_INFEASIBLE,INFEASIBLE_POINT,false,76.477438288,0.0010706527687140976,1,0.0,0,material_composite_production_REU,eqpzs,IND_REU_NEW_ELMA,0.0010706527687140976,EOL_FLOW_EOL_DE_ELMA_INC,0.0,,0.5,2.0,2.0,2.0,1.0,2.0,sensitivity_646,sensitivity_403,circular_metal.material_substitution_elasticity,1.0,2.0,1.0,2.0,direct_target,parameter_only,1,false
sensitivity_646,policy,virgin_metal_tax_tax_0_02,virgin_metal_tax,0.02,LOCALLY_INFEASIBLE,INFEASIBLE_POINT,false,10.902482076,0.0010426314273142001,1,0.0,0,material_composite_production_REU,eqpzs,IND_REU_NEW_ELMA,0.0010426314273142001,EOL_FLOW_EOL_DE_ELMA_INC,0.0,,0.5,2.0,2.0,2.0,1.0,2.0,sensitivity_646,sensitivity_403,circular_metal.material_substitution_elasticity,1.0,2.0,0.5,1.5,parameter_bisection,parameter_only,2,false
sensitivity_646,policy,virgin_metal_tax_tax_0_02,virgin_metal_tax,0.02,LOCALLY_INFEASIBLE,INFEASIBLE_POINT,true,19.761790264,0.0008390745679368594,0,0.0,0,material_composite_production_SK,eqpzs,IND_SK_NEW_ELMA,0.0008390745679368594,EOL_FLOW_EOL_DE_ELMA_INC,0.0,,0.5,2.0,2.0,2.0,1.0,2.0,sensitivity_646,sensitivity_403,circular_metal.material_substitution_elasticity,1.0,2.0,0.25,1.25,parameter_bisection,parameter_only,3,true
sensitivity_646,policy,virgin_metal_tax_tax_0_02,virgin_metal_tax,0.02,LOCALLY_INFEASIBLE,INFEASIBLE_POINT,false,21.718949653,0.0010515266224876418,1,0.0,0,material_composite_production_REU,eqpzs,IND_REU_NEW_ELMA,0.0010515266224876418,EOL_FLOW_EOL_DE_ELMA_INC,0.0,,0.5,2.0,2.0,2.0,1.0,2.0,sensitivity_646,sensitivity_403,circular_metal.material_substitution_elasticity,1.0,2.0,0.75,1.75,parameter_bisection,parameter_only,4,false
sensitivity_646,policy,virgin_metal_tax_tax_0_02,virgin_metal_tax,0.02,LOCALLY_INFEASIBLE,INFEASIBLE_POINT,true,12.544915997,0.0009690014638018551,0,0.0,0,material_composite_production_REU,eqpzs,IND_REU_NEW_ELMA,0.0009690014638018551,EOL_FLOW_EOL_DE_ELMA_INC,0.0,,0.5,2.0,2.0,2.0,1.0,2.0,sensitivity_646,sensitivity_403,circular_metal.material_substitution_elasticity,1.0,2.0,0.5,1.5,parameter_bisection,parameter_only,5,true
sensitivity_646,policy,virgin_metal_tax_tax_0_02,virgin_metal_tax,0.02,LOCALLY_INFEASIBLE,INFEASIBLE_POINT,false,75.661139106,0.0010823751108099966,1,0.0,0,material_composite_production_REU,eqpzs,IND_REU_NEW_ELMA,0.0010823751108099966,EOL_FLOW_EOL_DE_ELMA_INC,0.0,,0.5,2.0,2.0,2.0,1.0,2.0,sensitivity_646,sensitivity_403,circular_metal.material_substitution_elasticity,1.0,2.0,1.0,2.0,parameter_bisection,parameter_only,6,false
sensitivity_646,policy,virgin_metal_tax_tax_0_02,virgin_metal_tax,0.02,LOCALLY_INFEASIBLE,INFEASIBLE_POINT,true,12.906342832,0.0008911005959104656,0,0.0,0,material_composite_production_REU,eqpzs,IND_REU_NEW_ELMA,0.0008911005959104656,EOL_FLOW_EOL_DE_ELMA_INC,0.0,,0.5,2.0,2.0,2.0,1.0,2.0,sensitivity_646,sensitivity_403,circular_metal.material_substitution_elasticity,1.0,2.0,0.75,1.75,parameter_bisection,parameter_only,7,true
sensitivity_646,policy,virgin_metal_tax_tax_0_02,virgin_metal_tax,0.02,LOCALLY_INFEASIBLE,INFEASIBLE_POINT,false,40.171292527,0.0010223381117802077,1,0.0,0,material_composite_production_REU,eqpzs,IND_REU_NEW_ELMA,0.0010223381117802077,EOL_FLOW_EOL_DE_ELMA_INC,0.0,,0.5,2.0,2.0,2.0,1.0,2.0,sensitivity_646,sensitivity_403,circular_metal.material_substitution_elasticity,1.0,2.0,1.0,2.0,parameter_bisection,parameter_only,8,false
sensitivity_646,policy,virgin_metal_tax_tax_0_02,virgin_metal_tax,0.02,LOCALLY_INFEASIBLE,INFEASIBLE_POINT,false,41.158760528,0.0031447581622099374,2,0.0,0,observed_physical_flow_links,quantity_link,physical_SK_OFMA_REP_route_input_mass,0.0031447581622099374,EOL_FLOW_EOL_DE_ELMA_INC,0.0,,0.5,2.0,2.0,2.0,1.0,2.0,sensitivity_646,sensitivity_403,circular_metal.material_substitution_elasticity,1.0,2.0,0.875,1.875,parameter_bisection,parameter_only,9,false
sensitivity_646,policy,virgin_metal_tax_tax_0_02,virgin_metal_tax,0.02,LOCALLY_INFEASIBLE,INFEASIBLE_POINT,false,13.53240874,0.0010286342404013382,1,0.0,0,material_composite_production_REU,eqpzs,IND_REU_NEW_ELMA,0.0010286342404013382,EOL_FLOW_EOL_DE_ELMA_INC,0.0,,0.5,2.0,2.0,2.0,1.0,2.0,sensitivity_646,sensitivity_403,circular_metal.material_substitution_elasticity,1.0,2.0,0.8125,1.8125,parameter_bisection,parameter_only,10,false
sensitivity_646,policy,virgin_metal_tax_tax_0_02,virgin_metal_tax,0.02,LOCALLY_INFEASIBLE,INFEASIBLE_POINT,false,15.711849358,0.0010621396483009304,1,0.0,0,material_composite_production_REU,eqpzs,IND_REU_NEW_ELMA,0.0010621396483009304,EOL_FLOW_EOL_DE_ELMA_INC,0.0,,0.5,2.0,2.0,2.0,1.0,2.0,sensitivity_646,sensitivity_403,circular_metal.material_substitution_elasticity,1.0,2.0,0.78125,1.78125,parameter_bisection,parameter_only,11,false
sensitivity_646,policy,virgin_metal_tax_tax_0_02,virgin_metal_tax,0.02,LOCALLY_INFEASIBLE,INFEASIBLE_POINT,false,24.00933442,0.0010749937630089024,1,0.0,0,material_composite_production_REU,eqpzs,IND_REU_NEW_ELMA,0.0010749937630089024,EOL_FLOW_EOL_DE_ELMA_INC,0.0,,0.5,2.0,2.0,2.0,1.0,2.0,sensitivity_646,sensitivity_403,circular_metal.material_substitution_elasticity,1.0,2.0,0.765625,1.765625,parameter_bisection,parameter_only,12,false
sensitivity_646,policy,virgin_metal_tax_tax_0_02,virgin_metal_tax,0.02,LOCALLY_INFEASIBLE,INFEASIBLE_POINT,false,19.491827387,0.0010576741181757,1,0.0,0,material_composite_production_REU,eqpzs,IND_REU_NEW_ELMA,0.0010576741181757,EOL_FLOW_EOL_DE_ELMA_INC,0.0,,0.5,2.0,2.0,2.0,1.0,2.0,sensitivity_646,sensitivity_403,circular_metal.material_substitution_elasticity,1.0,2.0,0.7578125,1.7578125,parameter_bisection,parameter_only,13,false
sensitivity_646,policy,virgin_metal_tax_tax_0_02,virgin_metal_tax,0.02,LOCALLY_INFEASIBLE,INFEASIBLE_POINT,false,28.970560312,0.001046372711716037,1,0.0,0,material_composite_production_REU,eqpzs,IND_REU_NEW_ELMA,0.001046372711716037,EOL_FLOW_EOL_DE_ELMA_INC,0.0,,0.5,2.0,2.0,2.0,1.0,2.0,sensitivity_646,sensitivity_403,circular_metal.material_substitution_elasticity,1.0,2.0,0.75390625,1.75390625,parameter_bisection,parameter_only,14,false
sensitivity_646,policy,virgin_metal_tax_tax_0_02,virgin_metal_tax,0.02,LOCALLY_INFEASIBLE,INFEASIBLE_POINT,false,9.488499503,0.0010441195281356563,1,0.0,0,material_composite_production_REU,eqpzs,IND_REU_NEW_ELMA,0.0010441195281356563,EOL_FLOW_EOL_DE_ELMA_INC,0.0,,0.5,2.0,2.0,2.0,1.0,2.0,sensitivity_646,sensitivity_403,circular_metal.material_substitution_elasticity,1.0,2.0,0.751953125,1.751953125,parameter_bisection,parameter_only,15,false
sensitivity_646,policy,virgin_metal_tax_tax_0_02,virgin_metal_tax,0.02,LOCALLY_INFEASIBLE,INFEASIBLE_POINT,false,8.021872377,0.001012113047830776,1,0.0,0,material_composite_production_REU,eqpzs,IND_REU_NEW_ELMA,0.001012113047830776,EOL_FLOW_EOL_DE_ELMA_INC,0.0,,0.5,2.0,2.0,2.0,1.0,2.0,sensitivity_646,sensitivity_403,circular_metal.material_substitution_elasticity,1.0,2.0,0.7509765625,1.7509765625,parameter_bisection,parameter_only,16,false
sensitivity_646,policy,virgin_metal_tax_tax_0_02,virgin_metal_tax,0.02,LOCALLY_INFEASIBLE,INFEASIBLE_POINT,false,12.975804184,0.0010437432815552095,1,0.0,0,material_composite_production_REU,eqpzs,IND_REU_NEW_ELMA,0.0010437432815552095,EOL_FLOW_EOL_DE_ELMA_INC,0.0,,0.5,2.0,2.0,2.0,1.0,2.0,sensitivity_646,sensitivity_403,circular_metal.material_substitution_elasticity,1.0,2.0,0.75048828125,1.75048828125,parameter_bisection,parameter_only,17,false
sensitivity_646,policy,virgin_metal_tax_tax_0_02,virgin_metal_tax,0.02,LOCALLY_INFEASIBLE,INFEASIBLE_POINT,false,28.25086304,0.0010826137640852496,1,0.0,0,material_composite_production_REU,eqpzs,IND_REU_NEW_ELMA,0.0010826137640852496,EOL_FLOW_EOL_DE_ELMA_INC,0.0,,0.5,2.0,2.0,2.0,1.0,2.0,sensitivity_646,sensitivity_403,circular_metal.material_substitution_elasticity,1.0,2.0,0.750244140625,1.750244140625,parameter_bisection,parameter_only,18,false
sensitivity_646,policy,virgin_metal_tax_tax_0_02,virgin_metal_tax,0.02,LOCALLY_INFEASIBLE,INFEASIBLE_POINT,false,33.725835029,0.001039293953804532,1,0.0,0,material_composite_production_REU,eqpzs,IND_REU_NEW_ELMA,0.001039293953804532,EOL_FLOW_EOL_DE_ELMA_INC,0.0,,0.5,2.0,2.0,2.0,1.0,2.0,sensitivity_646,sensitivity_403,circular_metal.material_substitution_elasticity,1.0,2.0,0.7501220703125,1.7501220703125,parameter_bisection,parameter_only,19,false
sensitivity_648,policy,virgin_metal_tax_tax_0_02,virgin_metal_tax,0.02,LOCALLY_INFEASIBLE,INFEASIBLE_POINT,false,44.579195557,0.001013046866152556,1,0.0,0,material_composite_production_REU,eqpzs,IND_REU_NEW_ELMA,0.001013046866152556,EOL_FLOW_EOL_DE_ELMA_INC,0.0,,2.0,2.0,2.0,2.0,1.0,2.0,sensitivity_648,sensitivity_405,circular_metal.material_substitution_elasticity,1.0,2.0,1.0,2.0,direct_target,parameter_only,1,false
sensitivity_648,policy,virgin_metal_tax_tax_0_02,virgin_metal_tax,0.02,LOCALLY_INFEASIBLE,INFEASIBLE_POINT,false,26.312105482,0.016089938013732707,1,0.0,0,observed_physical_flow_links,quantity_link,physical_SK_OFMA_REP_route_input_mass,0.016089938013732707,EOL_FLOW_EOL_DE_ELMA_INC,0.0,,2.0,2.0,2.0,2.0,1.0,2.0,sensitivity_648,sensitivity_405,circular_metal.material_substitution_elasticity,1.0,2.0,0.5,1.5,parameter_bisection,parameter_only,2,false
sensitivity_648,policy,virgin_metal_tax_tax_0_02,virgin_metal_tax,0.02,LOCALLY_INFEASIBLE,INFEASIBLE_POINT,true,14.935714617,0.0009518289817470604,0,0.0,0,material_composite_production_SK,eqpzs,IND_SK_NEW_ELMA,0.0009518289817470604,EOL_FLOW_EOL_DE_ELMA_INC,0.0,,2.0,2.0,2.0,2.0,1.0,2.0,sensitivity_648,sensitivity_405,circular_metal.material_substitution_elasticity,1.0,2.0,0.25,1.25,parameter_bisection,parameter_only,3,true
sensitivity_648,policy,virgin_metal_tax_tax_0_02,virgin_metal_tax,0.02,LOCALLY_INFEASIBLE,INFEASIBLE_POINT,true,18.759524547,0.0007680786508149628,0,0.0,0,material_composite_production_SK,eqpzs,IND_SK_NEW_ELMA,0.0007680786508149628,EOL_FLOW_EOL_DE_ELMA_INC,0.0,,2.0,2.0,2.0,2.0,1.0,2.0,sensitivity_648,sensitivity_405,circular_metal.material_substitution_elasticity,1.0,2.0,0.75,1.75,parameter_bisection,parameter_only,4,true
sensitivity_648,policy,virgin_metal_tax_tax_0_02,virgin_metal_tax,0.02,LOCALLY_INFEASIBLE,INFEASIBLE_POINT,false,17.484965709,0.001238008102606769,1,0.0,0,material_composite_production_SK,eqpzs,IND_SK_NEW_ELMA,0.001238008102606769,EOL_FLOW_EOL_DE_ELMA_INC,0.0,,2.0,2.0,2.0,2.0,1.0,2.0,sensitivity_648,sensitivity_405,circular_metal.material_substitution_elasticity,1.0,2.0,1.0,2.0,parameter_bisection,parameter_only,5,false
sensitivity_648,policy,virgin_metal_tax_tax_0_02,virgin_metal_tax,0.02,LOCALLY_INFEASIBLE,INFEASIBLE_POINT,true,82.220545124,0.0009014009414183288,0,0.0,0,material_composite_production_SK,eqpzs,IND_SK_NEW_ELMA,0.0009014009414183288,EOL_FLOW_EOL_DE_ELMA_INC,0.0,,2.0,2.0,2.0,2.0,1.0,2.0,sensitivity_648,sensitivity_405,circular_metal.material_substitution_elasticity,1.0,2.0,0.875,1.875,parameter_bisection,parameter_only,6,true
sensitivity_648,policy,virgin_metal_tax_tax_0_02,virgin_metal_tax,0.02,LOCALLY_INFEASIBLE,INFEASIBLE_POINT,false,6.914331448,0.0011014351834942593,1,0.0,0,material_composite_production_SK,eqpzs,IND_SK_NEW_ELMA,0.0011014351834942593,EOL_FLOW_EOL_DE_ELMA_INC,0.0,,2.0,2.0,2.0,2.0,1.0,2.0,sensitivity_648,sensitivity_405,circular_metal.material_substitution_elasticity,1.0,2.0,1.0,2.0,parameter_bisection,parameter_only,7,false
sensitivity_648,policy,virgin_metal_tax_tax_0_02,virgin_metal_tax,0.02,LOCALLY_INFEASIBLE,INFEASIBLE_POINT,false,11.492199327,0.0011740269766220557,1,0.0,0,material_composite_production_SK,eqpzs,IND_SK_NEW_ELMA,0.0011740269766220557,EOL_FLOW_EOL_DE_ELMA_INC,0.0,,2.0,2.0,2.0,2.0,1.0,2.0,sensitivity_648,sensitivity_405,circular_metal.material_substitution_elasticity,1.0,2.0,0.9375,1.9375,parameter_bisection,parameter_only,8,false
sensitivity_648,policy,virgin_metal_tax_tax_0_02,virgin_metal_tax,0.02,LOCALLY_INFEASIBLE,INFEASIBLE_POINT,false,15.245915774,0.0011118671246559408,1,0.0,0,material_composite_production_SK,eqpzs,IND_SK_NEW_ELMA,0.0011118671246559408,EOL_FLOW_EOL_DE_ELMA_INC,0.0,,2.0,2.0,2.0,2.0,1.0,2.0,sensitivity_648,sensitivity_405,circular_metal.material_substitution_elasticity,1.0,2.0,0.90625,1.90625,parameter_bisection,parameter_only,9,false
sensitivity_648,policy,virgin_metal_tax_tax_0_02,virgin_metal_tax,0.02,LOCALLY_INFEASIBLE,INFEASIBLE_POINT,true,14.523116774,0.0008953669833235978,0,0.0,0,material_composite_production_REU,eqpzs,IND_REU_NEW_ELMA,0.0008953669833235978,EOL_FLOW_EOL_DE_ELMA_INC,0.0,,2.0,2.0,2.0,2.0,1.0,2.0,sensitivity_648,sensitivity_405,circular_metal.material_substitution_elasticity,1.0,2.0,0.890625,1.890625,parameter_bisection,parameter_only,10,true
sensitivity_648,policy,virgin_metal_tax_tax_0_02,virgin_metal_tax,0.02,LOCALLY_INFEASIBLE,INFEASIBLE_POINT,false,23.471873895,0.0011655475332499332,1,0.0,0,material_composite_production_SK,eqpzs,IND_SK_NEW_ELMA,0.0011655475332499332,EOL_FLOW_EOL_DE_ELMA_INC,0.0,,2.0,2.0,2.0,2.0,1.0,2.0,sensitivity_648,sensitivity_405,circular_metal.material_substitution_elasticity,1.0,2.0,0.921875,1.921875,parameter_bisection,parameter_only,11,false
sensitivity_648,policy,virgin_metal_tax_tax_0_02,virgin_metal_tax,0.02,LOCALLY_INFEASIBLE,INFEASIBLE_POINT,false,84.807448208,0.001112094076905823,1,0.0,0,material_composite_production_REU,eqpzs,IND_REU_NEW_ELMA,0.001112094076905823,EOL_FLOW_EOL_DE_ELMA_INC,0.0,,2.0,2.0,2.0,2.0,1.0,2.0,sensitivity_648,sensitivity_405,circular_metal.material_substitution_elasticity,1.0,2.0,0.90625,1.90625,parameter_bisection,parameter_only,12,false
sensitivity_648,policy,virgin_metal_tax_tax_0_02,virgin_metal_tax,0.02,LOCALLY_INFEASIBLE,INFEASIBLE_POINT,false,13.881737948,0.0011037288202652151,1,0.0,0,material_composite_production_REU,eqpzs,IND_REU_NEW_ELMA,0.0011037288202652151,EOL_FLOW_EOL_DE_ELMA_INC,0.0,,2.0,2.0,2.0,2.0,1.0,2.0,sensitivity_648,sensitivity_405,circular_metal.material_substitution_elasticity,1.0,2.0,0.8984375,1.8984375,parameter_bisection,parameter_only,13,false
sensitivity_648,policy,virgin_metal_tax_tax_0_02,virgin_metal_tax,0.02,LOCALLY_INFEASIBLE,INFEASIBLE_POINT,true,5.292891029,0.0008978311466666389,0,0.0,0,material_composite_production_REU,eqpzs,IND_REU_NEW_ELMA,0.0008978311466666389,EOL_FLOW_EOL_DE_ELMA_INC,0.0,,2.0,2.0,2.0,2.0,1.0,2.0,sensitivity_648,sensitivity_405,circular_metal.material_substitution_elasticity,1.0,2.0,0.89453125,1.89453125,parameter_bisection,parameter_only,14,true
sensitivity_648,policy,virgin_metal_tax_tax_0_02,virgin_metal_tax,0.02,LOCALLY_INFEASIBLE,INFEASIBLE_POINT,true,3.839616012,0.0008997386623919024,0,0.0,0,material_composite_production_REU,eqpzs,IND_REU_NEW_ELMA,0.0008997386623919024,EOL_FLOW_EOL_DE_ELMA_INC,0.0,,2.0,2.0,2.0,2.0,1.0,2.0,sensitivity_648,sensitivity_405,circular_metal.material_substitution_elasticity,1.0,2.0,0.90234375,1.90234375,parameter_bisection,parameter_only,15,true
sensitivity_648,policy,virgin_metal_tax_tax_0_02,virgin_metal_tax,0.02,LOCALLY_INFEASIBLE,INFEASIBLE_POINT,false,19.369028983,0.0011040417495682409,1,0.0,0,material_composite_production_REU,eqpzs,IND_REU_NEW_ELMA,0.0011040417495682409,EOL_FLOW_EOL_DE_ELMA_INC,0.0,,2.0,2.0,2.0,2.0,1.0,2.0,sensitivity_648,sensitivity_405,circular_metal.material_substitution_elasticity,1.0,2.0,0.91796875,1.91796875,parameter_bisection,parameter_only,16,false
sensitivity_648,policy,virgin_metal_tax_tax_0_02,virgin_metal_tax,0.02,LOCALLY_INFEASIBLE,INFEASIBLE_POINT,true,4.39765425,0.0009021023380051396,0,0.0,0,material_composite_production_REU,eqpzs,IND_REU_NEW_ELMA,0.0009021023380051396,EOL_FLOW_EOL_DE_ELMA_INC,0.0,,2.0,2.0,2.0,2.0,1.0,2.0,sensitivity_648,sensitivity_405,circular_metal.material_substitution_elasticity,1.0,2.0,0.91015625,1.91015625,parameter_bisection,parameter_only,17,true
sensitivity_648,policy,virgin_metal_tax_tax_0_02,virgin_metal_tax,0.02,LOCALLY_INFEASIBLE,INFEASIBLE_POINT,true,8.088758537,0.0009107316770836649,0,0.0,0,material_composite_production_REU,eqpzs,IND_REU_NEW_ELMA,0.0009107316770836649,EOL_FLOW_EOL_DE_ELMA_INC,0.0,,2.0,2.0,2.0,2.0,1.0,2.0,sensitivity_648,sensitivity_405,circular_metal.material_substitution_elasticity,1.0,2.0,0.92578125,1.92578125,parameter_bisection,parameter_only,18,true
sensitivity_648,policy,virgin_metal_tax_tax_0_02,virgin_metal_tax,0.02,LOCALLY_INFEASIBLE,INFEASIBLE_POINT,true,7.676504376,0.0009171660080048438,0,0.0,0,material_composite_production_REU,eqpzs,IND_REU_NEW_ELMA,0.0009171660080048438,EOL_FLOW_EOL_DE_ELMA_INC,0.0,,2.0,2.0,2.0,2.0,1.0,2.0,sensitivity_648,sensitivity_405,circular_metal.material_substitution_elasticity,1.0,2.0,0.95703125,1.95703125,parameter_bisection,parameter_only,19,true
sensitivity_648,policy,virgin_metal_tax_tax_0_02,virgin_metal_tax,0.02,LOCALLY_INFEASIBLE,INFEASIBLE_POINT,true,41.712814066,0.0009261616777308523,0,0.0,0,material_composite_production_REU,eqpzs,IND_REU_NEW_ELMA,0.0009261616777308523,EOL_FLOW_EOL_DE_ELMA_INC,0.0,,2.0,2.0,2.0,2.0,1.0,2.0,sensitivity_648,sensitivity_405,circular_metal.material_substitution_elasticity,1.0,2.0,1.0,2.0,parameter_bisection,parameter_only,20,true
sensitivity_675,policy,virgin_metal_tax_tax_0_02,virgin_metal_tax,0.02,LOCALLY_INFEASIBLE,INFEASIBLE_POINT,false,17.825180469,0.001260481314282691,2,0.0,0,material_composite_production_SK,eqpzs,IND_SK_NEW_ELMA,0.001260481314282691,EOL_FLOW_EOL_DE_ELMA_INC,0.0,,2.0,2.0,2.0,0.5,2.0,2.0,sensitivity_675,sensitivity_672,trade.cet_transformation_elasticity,1.0,2.0,1.0,2.0,direct_target,parameter_only,1,false
sensitivity_675,policy,virgin_metal_tax_tax_0_02,virgin_metal_tax,0.02,LOCALLY_INFEASIBLE,INFEASIBLE_POINT,true,15.259251689,0.0009836543116230612,0,0.0,0,material_composite_production_SK,eqpzs,IND_SK_NEW_ELMA,0.0009836543116230612,EOL_FLOW_EOL_DE_ELMA_INC,0.0,,2.0,2.0,2.0,0.5,2.0,2.0,sensitivity_675,sensitivity_672,trade.cet_transformation_elasticity,1.0,2.0,0.5,1.5,parameter_bisection,parameter_only,2,true
sensitivity_675,policy,virgin_metal_tax_tax_0_02,virgin_metal_tax,0.02,LOCALLY_INFEASIBLE,INFEASIBLE_POINT,false,11.649463193,0.0011790171945731398,2,0.0,0,material_composite_production_SK,eqpzs,IND_SK_NEW_ELMA,0.0011790171945731398,EOL_FLOW_EOL_DE_ELMA_INC,0.0,,2.0,2.0,2.0,0.5,2.0,2.0,sensitivity_675,sensitivity_672,trade.cet_transformation_elasticity,1.0,2.0,1.0,2.0,parameter_bisection,parameter_only,3,false
sensitivity_675,policy,virgin_metal_tax_tax_0_02,virgin_metal_tax,0.02,LOCALLY_INFEASIBLE,INFEASIBLE_POINT,false,6.664482382,0.0010869290143820098,1,0.0,0,material_composite_production_SK,eqpzs,IND_SK_NEW_ELMA,0.0010869290143820098,EOL_FLOW_EOL_DE_ELMA_INC,0.0,,2.0,2.0,2.0,0.5,2.0,2.0,sensitivity_675,sensitivity_672,trade.cet_transformation_elasticity,1.0,2.0,0.75,1.75,parameter_bisection,parameter_only,4,false
sensitivity_675,policy,virgin_metal_tax_tax_0_02,virgin_metal_tax,0.02,LOCALLY_INFEASIBLE,INFEASIBLE_POINT,false,11.169775337,0.0011632457515547978,1,0.0,0,material_composite_production_SK,eqpzs,IND_SK_NEW_ELMA,0.0011632457515547978,EOL_FLOW_EOL_DE_ELMA_INC,0.0,,2.0,2.0,2.0,0.5,2.0,2.0,sensitivity_675,sensitivity_672,trade.cet_transformation_elasticity,1.0,2.0,0.625,1.625,parameter_bisection,parameter_only,5,false
sensitivity_675,policy,virgin_metal_tax_tax_0_02,virgin_metal_tax,0.02,LOCALLY_INFEASIBLE,INFEASIBLE_POINT,false,19.455914461,0.0010224047546958381,1,0.0,0,material_composite_production_SK,eqpzs,IND_SK_NEW_ELMA,0.0010224047546958381,EOL_FLOW_EOL_DE_ELMA_INC,0.0,,2.0,2.0,2.0,0.5,2.0,2.0,sensitivity_675,sensitivity_672,trade.cet_transformation_elasticity,1.0,2.0,0.5625,1.5625,parameter_bisection,parameter_only,6,false
sensitivity_675,policy,virgin_metal_tax_tax_0_02,virgin_metal_tax,0.02,LOCALLY_INFEASIBLE,INFEASIBLE_POINT,false,10.75778772,0.001020027843942506,1,0.0,0,material_composite_production_SK,eqpzs,IND_SK_NEW_ELMA,0.001020027843942506,EOL_FLOW_EOL_DE_ELMA_INC,0.0,,2.0,2.0,2.0,0.5,2.0,2.0,sensitivity_675,sensitivity_672,trade.cet_transformation_elasticity,1.0,2.0,0.53125,1.53125,parameter_bisection,parameter_only,7,false
sensitivity_675,policy,virgin_metal_tax_tax_0_02,virgin_metal_tax,0.02,LOCALLY_INFEASIBLE,INFEASIBLE_POINT,true,6.797285322,0.0009890047781722089,0,0.0,0,material_composite_production_SK,eqpzs,IND_SK_NEW_ELMA,0.0009890047781722089,EOL_FLOW_EOL_DE_ELMA_INC,0.0,,2.0,2.0,2.0,0.5,2.0,2.0,sensitivity_675,sensitivity_672,trade.cet_transformation_elasticity,1.0,2.0,0.515625,1.515625,parameter_bisection,parameter_only,8,true
sensitivity_675,policy,virgin_metal_tax_tax_0_02,virgin_metal_tax,0.02,LOCALLY_INFEASIBLE,INFEASIBLE_POINT,false,5.609667033,0.0010373297772767742,1,0.0,0,material_composite_production_SK,eqpzs,IND_SK_NEW_ELMA,0.0010373297772767742,EOL_FLOW_EOL_DE_ELMA_INC,0.0,,2.0,2.0,2.0,0.5,2.0,2.0,sensitivity_675,sensitivity_672,trade.cet_transformation_elasticity,1.0,2.0,0.546875,1.546875,parameter_bisection,parameter_only,9,false
sensitivity_675,policy,virgin_metal_tax_tax_0_02,virgin_metal_tax,0.02,LOCALLY_INFEASIBLE,INFEASIBLE_POINT,true,4.997956417,0.0009824431370466513,0,0.0,0,material_composite_production_SK,eqpzs,IND_SK_NEW_ELMA,0.0009824431370466513,EOL_FLOW_EOL_DE_ELMA_INC,0.0,,2.0,2.0,2.0,0.5,2.0,2.0,sensitivity_675,sensitivity_672,trade.cet_transformation_elasticity,1.0,2.0,0.53125,1.53125,parameter_bisection,parameter_only,10,true
sensitivity_675,policy,virgin_metal_tax_tax_0_02,virgin_metal_tax,0.02,LOCALLY_INFEASIBLE,INFEASIBLE_POINT,true,5.113652039,0.0009619600074645129,0,0.0,0,material_composite_production_SK,eqpzs,IND_SK_NEW_ELMA,0.0009619600074645129,EOL_FLOW_EOL_DE_ELMA_INC,0.0,,2.0,2.0,2.0,0.5,2.0,2.0,sensitivity_675,sensitivity_672,trade.cet_transformation_elasticity,1.0,2.0,0.5625,1.5625,parameter_bisection,parameter_only,11,true
sensitivity_675,policy,virgin_metal_tax_tax_0_02,virgin_metal_tax,0.02,LOCALLY_INFEASIBLE,INFEASIBLE_POINT,true,4.216688053,0.0009687464569980708,0,0.0,0,material_composite_production_SK,eqpzs,IND_SK_NEW_ELMA,0.0009687464569980708,EOL_FLOW_EOL_DE_ELMA_INC,0.0,,2.0,2.0,2.0,0.5,2.0,2.0,sensitivity_675,sensitivity_672,trade.cet_transformation_elasticity,1.0,2.0,0.625,1.625,parameter_bisection,parameter_only,12,true
sensitivity_675,policy,virgin_metal_tax_tax_0_02,virgin_metal_tax,0.02,LOCALLY_INFEASIBLE,INFEASIBLE_POINT,false,6.930418381,0.001093491668903268,1,0.0,0,material_composite_production_SK,eqpzs,IND_SK_NEW_ELMA,0.001093491668903268,EOL_FLOW_EOL_DE_ELMA_INC,0.0,,2.0,2.0,2.0,0.5,2.0,2.0,sensitivity_675,sensitivity_672,trade.cet_transformation_elasticity,1.0,2.0,0.75,1.75,parameter_bisection,parameter_only,13,false
sensitivity_675,policy,virgin_metal_tax_tax_0_02,virgin_metal_tax,0.02,LOCALLY_INFEASIBLE,INFEASIBLE_POINT,false,8.610522525,0.0010341499165466006,1,0.0,0,material_composite_production_SK,eqpzs,IND_SK_NEW_ELMA,0.0010341499165466006,EOL_FLOW_EOL_DE_ELMA_INC,0.0,,2.0,2.0,2.0,0.5,2.0,2.0,sensitivity_675,sensitivity_672,trade.cet_transformation_elasticity,1.0,2.0,0.6875,1.6875,parameter_bisection,parameter_only,14,false
sensitivity_675,policy,virgin_metal_tax_tax_0_02,virgin_metal_tax,0.02,LOCALLY_INFEASIBLE,INFEASIBLE_POINT,true,9.085092814,0.0009872241008646032,0,0.0,0,material_composite_production_SK,eqpzs,IND_SK_NEW_ELMA,0.0009872241008646032,EOL_FLOW_EOL_DE_ELMA_INC,0.0,,2.0,2.0,2.0,0.5,2.0,2.0,sensitivity_675,sensitivity_672,trade.cet_transformation_elasticity,1.0,2.0,0.65625,1.65625,parameter_bisection,parameter_only,15,true
sensitivity_675,policy,virgin_metal_tax_tax_0_02,virgin_metal_tax,0.02,LOCALLY_INFEASIBLE,INFEASIBLE_POINT,false,6.694704598,0.0010114908621643437,1,0.0,0,material_composite_production_SK,eqpzs,IND_SK_NEW_ELMA,0.0010114908621643437,EOL_FLOW_EOL_DE_ELMA_INC,0.0,,2.0,2.0,2.0,0.5,2.0,2.0,sensitivity_675,sensitivity_672,trade.cet_transformation_elasticity,1.0,2.0,0.71875,1.71875,parameter_bisection,parameter_only,16,false
sensitivity_675,policy,virgin_metal_tax_tax_0_02,virgin_metal_tax,0.02,LOCALLY_INFEASIBLE,INFEASIBLE_POINT,false,5.866667564,0.0010449886886103599,1,0.0,0,material_composite_production_SK,eqpzs,IND_SK_NEW_ELMA,0.0010449886886103599,EOL_FLOW_EOL_DE_ELMA_INC,0.0,,2.0,2.0,2.0,0.5,2.0,2.0,sensitivity_675,sensitivity_672,trade.cet_transformation_elasticity,1.0,2.0,0.6875,1.6875,parameter_bisection,parameter_only,17,false
sensitivity_675,policy,virgin_metal_tax_tax_0_02,virgin_metal_tax,0.02,LOCALLY_INFEASIBLE,INFEASIBLE_POINT,false,7.772329447,0.001084433404328622,1,0.0,0,material_composite_production_SK,eqpzs,IND_SK_NEW_ELMA,0.001084433404328622,EOL_FLOW_EOL_DE_ELMA_INC,0.0,,2.0,2.0,2.0,0.5,2.0,2.0,sensitivity_675,sensitivity_672,trade.cet_transformation_elasticity,1.0,2.0,0.671875,1.671875,parameter_bisection,parameter_only,18,false
sensitivity_675,policy,virgin_metal_tax_tax_0_02,virgin_metal_tax,0.02,LOCALLY_INFEASIBLE,INFEASIBLE_POINT,false,5.61146308,0.0010129350832615014,1,0.0,0,material_composite_production_SK,eqpzs,IND_SK_NEW_ELMA,0.0010129350832615014,EOL_FLOW_EOL_DE_ELMA_INC,0.0,,2.0,2.0,2.0,0.5,2.0,2.0,sensitivity_675,sensitivity_672,trade.cet_transformation_elasticity,1.0,2.0,0.6640625,1.6640625,parameter_bisection,parameter_only,19,false
sensitivity_675,policy,virgin_metal_tax_tax_0_02,virgin_metal_tax,0.02,LOCALLY_INFEASIBLE,INFEASIBLE_POINT,false,6.41522426,0.0010450988643401216,1,0.0,0,material_composite_production_SK,eqpzs,IND_SK_NEW_ELMA,0.0010450988643401216,EOL_FLOW_EOL_DE_ELMA_INC,0.0,,2.0,2.0,2.0,0.5,2.0,2.0,sensitivity_675,sensitivity_672,trade.cet_transformation_elasticity,1.0,2.0,0.66015625,1.66015625,parameter_bisection,parameter_only,20,false
sensitivity_675,policy,virgin_metal_tax_tax_0_02,virgin_metal_tax,0.02,LOCALLY_INFEASIBLE,INFEASIBLE_POINT,false,5.312854878,0.0010403259884331773,1,0.0,0,material_composite_production_SK,eqpzs,IND_SK_NEW_ELMA,0.0010403259884331773,EOL_FLOW_EOL_DE_ELMA_INC,0.0,,2.0,2.0,2.0,0.5,2.0,2.0,sensitivity_675,sensitivity_672,trade.cet_transformation_elasticity,1.0,2.0,0.658203125,1.658203125,parameter_bisection,parameter_only,21,false
sensitivity_675,policy,virgin_metal_tax_tax_0_02,virgin_metal_tax,0.02,LOCALLY_INFEASIBLE,INFEASIBLE_POINT,false,5.869890032,0.0010358763306343999,1,0.0,0,material_composite_production_SK,eqpzs,IND_SK_NEW_ELMA,0.0010358763306343999,EOL_FLOW_EOL_DE_ELMA_INC,0.0,,2.0,2.0,2.0,0.5,2.0,2.0,sensitivity_675,sensitivity_672,trade.cet_transformation_elasticity,1.0,2.0,0.6572265625,1.6572265625,parameter_bisection,parameter_only,22,false
sensitivity_675,policy,virgin_metal_tax_tax_0_02,virgin_metal_tax,0.02,LOCALLY_INFEASIBLE,INFEASIBLE_POINT,false,5.301116298,0.0010356003713604123,1,0.0,0,material_composite_production_SK,eqpzs,IND_SK_NEW_ELMA,0.0010356003713604123,EOL_FLOW_EOL_DE_ELMA_INC,0.0,,2.0,2.0,2.0,0.5,2.0,2.0,sensitivity_675,sensitivity_672,trade.cet_transformation_elasticity,1.0,2.0,0.65673828125,1.65673828125,parameter_bisection,parameter_only,23,false
sensitivity_675,policy,virgin_metal_tax_tax_0_02,virgin_metal_tax,0.02,LOCALLY_INFEASIBLE,INFEASIBLE_POINT,false,5.305619417,0.0010353574911216024,1,0.0,0,material_composite_production_SK,eqpzs,IND_SK_NEW_ELMA,0.0010353574911216024,EOL_FLOW_EOL_DE_ELMA_INC,0.0,,2.0,2.0,2.0,0.5,2.0,2.0,sensitivity_675,sensitivity_672,trade.cet_transformation_elasticity,1.0,2.0,0.656494140625,1.656494140625,parameter_bisection,parameter_only,24,false
sensitivity_675,policy,virgin_metal_tax_tax_0_02,virgin_metal_tax,0.02,LOCALLY_INFEASIBLE,INFEASIBLE_POINT,false,6.048664615,0.0010355785166360487,1,0.0,0,material_composite_production_SK,eqpzs,IND_SK_NEW_ELMA,0.0010355785166360487,EOL_FLOW_EOL_DE_ELMA_INC,0.0,,2.0,2.0,2.0,0.5,2.0,2.0,sensitivity_675,sensitivity_672,trade.cet_transformation_elasticity,1.0,2.0,0.6563720703125,1.6563720703125,parameter_bisection,parameter_only,25,false
sensitivity_683,policy,virgin_metal_tax_tax_0_02,virgin_metal_tax,0.02,LOCALLY_INFEASIBLE,INFEASIBLE_POINT,false,36.997019276,0.0010366536933800186,1,0.0,0,material_composite_production_REU,eqpzs,IND_REU_NEW_ELMA,0.0010366536933800186,EOL_FLOW_EOL_DE_ELMA_INC,0.0,,1.0,2.0,0.5,1.0,2.0,2.0,sensitivity_683,sensitivity_656,circular_routes.eol_allocation_elasticity,0.5,1.0,1.0,1.0,direct_target,parameter_only,1,false
sensitivity_683,policy,virgin_metal_tax_tax_0_02,virgin_metal_tax,0.02,LOCALLY_INFEASIBLE,INFEASIBLE_POINT,false,45.155099852,0.0010489480718803845,1,0.0,0,material_composite_production_REU,eqpzs,IND_REU_NEW_ELMA,0.0010489480718803845,EOL_FLOW_EOL_DE_ELMA_INC,0.0,,1.0,2.0,0.5,1.0,2.0,2.0,sensitivity_683,sensitivity_656,circular_routes.eol_allocation_elasticity,0.5,1.0,0.5,0.75,parameter_bisection,parameter_only,2,false
sensitivity_683,policy,virgin_metal_tax_tax_0_02,virgin_metal_tax,0.02,LOCALLY_INFEASIBLE,INFEASIBLE_POINT,true,5.407583561,0.0009699550265417356,0,0.0,0,material_composite_production_REU,eqpzs,IND_REU_NEW_ELMA,0.0009699550265417356,EOL_FLOW_EOL_DE_ELMA_INC,0.0,,1.0,2.0,0.5,1.0,2.0,2.0,sensitivity_683,sensitivity_656,circular_routes.eol_allocation_elasticity,0.5,1.0,0.25,0.625,parameter_bisection,parameter_only,3,true
sensitivity_683,policy,virgin_metal_tax_tax_0_02,virgin_metal_tax,0.02,LOCALLY_INFEASIBLE,INFEASIBLE_POINT,true,7.705947204,0.0009968948728564797,0,0.0,0,material_composite_production_REU,eqpzs,IND_REU_NEW_ELMA,0.0009968948728564797,EOL_FLOW_EOL_DE_ELMA_INC,0.0,,1.0,2.0,0.5,1.0,2.0,2.0,sensitivity_683,sensitivity_656,circular_routes.eol_allocation_elasticity,0.5,1.0,0.75,0.875,parameter_bisection,parameter_only,4,true
sensitivity_683,policy,virgin_metal_tax_tax_0_02,virgin_metal_tax,0.02,LOCALLY_INFEASIBLE,INFEASIBLE_POINT,false,9.972560883,0.0010237890383988368,1,0.0,0,material_composite_production_REU,eqpzs,IND_REU_NEW_ELMA,0.0010237890383988368,EOL_FLOW_EOL_DE_ELMA_INC,0.0,,1.0,2.0,0.5,1.0,2.0,2.0,sensitivity_683,sensitivity_656,circular_routes.eol_allocation_elasticity,0.5,1.0,1.0,1.0,parameter_bisection,parameter_only,5,false
sensitivity_683,policy,virgin_metal_tax_tax_0_02,virgin_metal_tax,0.02,LOCALLY_INFEASIBLE,INFEASIBLE_POINT,false,30.984606135,0.0010770055697678638,1,0.0,0,material_composite_production_REU,eqpzs,IND_REU_NEW_ELMA,0.0010770055697678638,EOL_FLOW_EOL_DE_ELMA_INC,0.0,,1.0,2.0,0.5,1.0,2.0,2.0,sensitivity_683,sensitivity_656,circular_routes.eol_allocation_elasticity,0.5,1.0,0.875,0.9375,parameter_bisection,parameter_only,6,false
sensitivity_683,policy,virgin_metal_tax_tax_0_02,virgin_metal_tax,0.02,LOCALLY_INFEASIBLE,INFEASIBLE_POINT,false,34.749017306,0.0010755235453666634,1,0.0,0,material_composite_production_REU,eqpzs,IND_REU_NEW_ELMA,0.0010755235453666634,EOL_FLOW_EOL_DE_ELMA_INC,0.0,,1.0,2.0,0.5,1.0,2.0,2.0,sensitivity_683,sensitivity_656,circular_routes.eol_allocation_elasticity,0.5,1.0,0.8125,0.90625,parameter_bisection,parameter_only,7,false
sensitivity_683,policy,virgin_metal_tax_tax_0_02,virgin_metal_tax,0.02,LOCALLY_INFEASIBLE,INFEASIBLE_POINT,true,4.455267114,0.0009958569505350567,0,0.0,0,material_composite_production_REU,eqpzs,IND_REU_NEW_ELMA,0.0009958569505350567,EOL_FLOW_EOL_DE_ELMA_INC,0.0,,1.0,2.0,0.5,1.0,2.0,2.0,sensitivity_683,sensitivity_656,circular_routes.eol_allocation_elasticity,0.5,1.0,0.78125,0.890625,parameter_bisection,parameter_only,8,true
sensitivity_683,policy,virgin_metal_tax_tax_0_02,virgin_metal_tax,0.02,LOCALLY_INFEASIBLE,INFEASIBLE_POINT,false,6.428102767,0.001011773607142663,1,0.0,0,material_composite_production_REU,eqpzs,IND_REU_NEW_ELMA,0.001011773607142663,EOL_FLOW_EOL_DE_ELMA_INC,0.0,,1.0,2.0,0.5,1.0,2.0,2.0,sensitivity_683,sensitivity_656,circular_routes.eol_allocation_elasticity,0.5,1.0,0.84375,0.921875,parameter_bisection,parameter_only,9,false
sensitivity_683,policy,virgin_metal_tax_tax_0_02,virgin_metal_tax,0.02,LOCALLY_INFEASIBLE,INFEASIBLE_POINT,true,5.127554983,0.0009969644646373732,0,0.0,0,material_composite_production_REU,eqpzs,IND_REU_NEW_ELMA,0.0009969644646373732,EOL_FLOW_EOL_DE_ELMA_INC,0.0,,1.0,2.0,0.5,1.0,2.0,2.0,sensitivity_683,sensitivity_656,circular_routes.eol_allocation_elasticity,0.5,1.0,0.8125,0.90625,parameter_bisection,parameter_only,10,true
sensitivity_683,policy,virgin_metal_tax_tax_0_02,virgin_metal_tax,0.02,LOCALLY_INFEASIBLE,INFEASIBLE_POINT,false,5.710450535,0.0010094191261519336,1,0.0,0,material_composite_production_REU,eqpzs,IND_REU_NEW_ELMA,0.0010094191261519336,EOL_FLOW_EOL_DE_ELMA_INC,0.0,,1.0,2.0,0.5,1.0,2.0,2.0,sensitivity_683,sensitivity_656,circular_routes.eol_allocation_elasticity,0.5,1.0,0.875,0.9375,parameter_bisection,parameter_only,11,false
sensitivity_683,policy,virgin_metal_tax_tax_0_02,virgin_metal_tax,0.02,LOCALLY_INFEASIBLE,INFEASIBLE_POINT,false,33.335834196,0.0010449627261078787,1,0.0,0,material_composite_production_REU,eqpzs,IND_REU_NEW_ELMA,0.0010449627261078787,EOL_FLOW_EOL_DE_ELMA_INC,0.0,,1.0,2.0,0.5,1.0,2.0,2.0,sensitivity_683,sensitivity_656,circular_routes.eol_allocation_elasticity,0.5,1.0,0.84375,0.921875,parameter_bisection,parameter_only,12,false
sensitivity_683,policy,virgin_metal_tax_tax_0_02,virgin_metal_tax,0.02,LOCALLY_INFEASIBLE,INFEASIBLE_POINT,false,36.177450502,0.001057429324482273,1,0.0,0,material_composite_production_REU,eqpzs,IND_REU_NEW_ELMA,0.001057429324482273,EOL_FLOW_EOL_DE_ELMA_INC,0.0,,1.0,2.0,0.5,1.0,2.0,2.0,sensitivity_683,sensitivity_656,circular_routes.eol_allocation_elasticity,0.5,1.0,0.828125,0.9140625,parameter_bisection,parameter_only,13,false
sensitivity_683,policy,virgin_metal_tax_tax_0_02,virgin_metal_tax,0.02,LOCALLY_INFEASIBLE,INFEASIBLE_POINT,true,3.470839992,0.0009969667501160684,0,0.0,0,material_composite_production_REU,eqpzs,IND_REU_NEW_ELMA,0.0009969667501160684,EOL_FLOW_EOL_DE_ELMA_INC,0.0,,1.0,2.0,0.5,1.0,2.0,2.0,sensitivity_683,sensitivity_656,circular_routes.eol_allocation_elasticity,0.5,1.0,0.8203125,0.91015625,parameter_bisection,parameter_only,14,true
sensitivity_683,policy,virgin_metal_tax_tax_0_02,virgin_metal_tax,0.02,LOCALLY_INFEASIBLE,INFEASIBLE_POINT,false,37.020134399,0.0010804192357710685,1,0.0,0,material_composite_production_REU,eqpzs,IND_REU_NEW_ELMA,0.0010804192357710685,EOL_FLOW_EOL_DE_ELMA_INC,0.0,,1.0,2.0,0.5,1.0,2.0,2.0,sensitivity_683,sensitivity_656,circular_routes.eol_allocation_elasticity,0.5,1.0,0.8359375,0.91796875,parameter_bisection,parameter_only,15,false
sensitivity_683,policy,virgin_metal_tax_tax_0_02,virgin_metal_tax,0.02,LOCALLY_INFEASIBLE,INFEASIBLE_POINT,false,30.569011099,0.001050840196734848,1,0.0,0,material_composite_production_REU,eqpzs,IND_REU_NEW_ELMA,0.001050840196734848,EOL_FLOW_EOL_DE_ELMA_INC,0.0,,1.0,2.0,0.5,1.0,2.0,2.0,sensitivity_683,sensitivity_656,circular_routes.eol_allocation_elasticity,0.5,1.0,0.828125,0.9140625,parameter_bisection,parameter_only,16,false
sensitivity_683,policy,virgin_metal_tax_tax_0_02,virgin_metal_tax,0.02,LOCALLY_INFEASIBLE,INFEASIBLE_POINT,false,15.502859596,0.0010725285090789072,1,0.0,0,material_composite_production_REU,eqpzs,IND_REU_NEW_ELMA,0.0010725285090789072,EOL_FLOW_EOL_DE_ELMA_INC,0.0,,1.0,2.0,0.5,1.0,2.0,2.0,sensitivity_683,sensitivity_656,circular_routes.eol_allocation_elasticity,0.5,1.0,0.82421875,0.912109375,parameter_bisection,parameter_only,17,false
sensitivity_683,policy,virgin_metal_tax_tax_0_02,virgin_metal_tax,0.02,LOCALLY_INFEASIBLE,INFEASIBLE_POINT,false,2.922141567,0.001003085450617891,1,0.0,0,material_composite_production_REU,eqpzs,IND_REU_NEW_ELMA,0.001003085450617891,EOL_FLOW_EOL_DE_ELMA_INC,0.0,,1.0,2.0,0.5,1.0,2.0,2.0,sensitivity_683,sensitivity_656,circular_routes.eol_allocation_elasticity,0.5,1.0,0.822265625,0.9111328125,parameter_bisection,parameter_only,18,false
sensitivity_683,policy,virgin_metal_tax_tax_0_02,virgin_metal_tax,0.02,LOCALLY_INFEASIBLE,INFEASIBLE_POINT,false,2.503801361,0.0010022578016918304,1,0.0,0,material_composite_production_REU,eqpzs,IND_REU_NEW_ELMA,0.0010022578016918304,EOL_FLOW_EOL_DE_ELMA_INC,0.0,,1.0,2.0,0.5,1.0,2.0,2.0,sensitivity_683,sensitivity_656,circular_routes.eol_allocation_elasticity,0.5,1.0,0.8212890625,0.91064453125,parameter_bisection,parameter_only,19,false
sensitivity_683,policy,virgin_metal_tax_tax_0_02,virgin_metal_tax,0.02,LOCALLY_INFEASIBLE,INFEASIBLE_POINT,false,3.044355316,0.0010012981244521546,1,0.0,0,material_composite_production_REU,eqpzs,IND_REU_NEW_ELMA,0.0010012981244521546,EOL_FLOW_EOL_DE_ELMA_INC,0.0,,1.0,2.0,0.5,1.0,2.0,2.0,sensitivity_683,sensitivity_656,circular_routes.eol_allocation_elasticity,0.5,1.0,0.82080078125,0.910400390625,parameter_bisection,parameter_only,20,false
sensitivity_683,policy,virgin_metal_tax_tax_0_02,virgin_metal_tax,0.02,LOCALLY_INFEASIBLE,INFEASIBLE_POINT,false,35.115291888,0.0010642780775160787,1,0.0,0,material_composite_production_REU,eqpzs,IND_REU_NEW_ELMA,0.0010642780775160787,EOL_FLOW_EOL_DE_ELMA_INC,0.0,,1.0,2.0,0.5,1.0,2.0,2.0,sensitivity_683,sensitivity_656,circular_routes.eol_allocation_elasticity,0.5,1.0,0.820556640625,0.9102783203125,parameter_bisection,parameter_only,21,false
sensitivity_683,policy,virgin_metal_tax_tax_0_02,virgin_metal_tax,0.02,LOCALLY_INFEASIBLE,INFEASIBLE_POINT,false,3.013712029,0.0010013951983042224,1,0.0,0,material_composite_production_REU,eqpzs,IND_REU_NEW_ELMA,0.0010013951983042224,EOL_FLOW_EOL_DE_ELMA_INC,0.0,,1.0,2.0,0.5,1.0,2.0,2.0,sensitivity_683,sensitivity_656,circular_routes.eol_allocation_elasticity,0.5,1.0,0.8204345703125,0.91021728515625,parameter_bisection,parameter_only,22,false
sensitivity_684,policy,virgin_metal_tax_tax_0_02,virgin_metal_tax,0.02,LOCALLY_INFEASIBLE,INFEASIBLE_POINT,false,37.767779962,0.0030946923308012853,1,0.0,0,observed_physical_flow_links,quantity_link,physical_SK_OFMA_REP_route_input_mass,0.0030946923308012853,EOL_FLOW_EOL_DE_ELMA_INC,0.0,,2.0,2.0,0.5,1.0,2.0,2.0,sensitivity_684,sensitivity_681,trade.cet_transformation_elasticity,1.0,2.0,1.0,2.0,direct_target,parameter_only,1,false
sensitivity_684,policy,virgin_metal_tax_tax_0_02,virgin_metal_tax,0.02,LOCALLY_INFEASIBLE,INFEASIBLE_POINT,true,10.738555482,0.0009575801280894414,0,0.0,0,material_composite_production_SK,eqpzs,IND_SK_NEW_ELMA,0.0009575801280894414,EOL_FLOW_EOL_DE_ELMA_INC,0.0,,2.0,2.0,0.5,1.0,2.0,2.0,sensitivity_684,sensitivity_681,trade.cet_transformation_elasticity,1.0,2.0,0.5,1.5,parameter_bisection,parameter_only,2,true
sensitivity_684,policy,virgin_metal_tax_tax_0_02,virgin_metal_tax,0.02,LOCALLY_INFEASIBLE,INFEASIBLE_POINT,false,60.747849919,0.0011394278007509362,1,0.0,0,material_composite_production_SK,eqpzs,IND_SK_NEW_ELMA,0.0011394278007509362,EOL_FLOW_EOL_DE_ELMA_INC,0.0,,2.0,2.0,0.5,1.0,2.0,2.0,sensitivity_684,sensitivity_681,trade.cet_transformation_elasticity,1.0,2.0,1.0,2.0,parameter_bisection,parameter_only,3,false
sensitivity_684,policy,virgin_metal_tax_tax_0_02,virgin_metal_tax,0.02,LOCALLY_INFEASIBLE,INFEASIBLE_POINT,false,7.185406802,0.0012737288521024182,2,0.0,0,material_composite_production_SK,eqpzs,IND_SK_NEW_ELMA,0.0012737288521024182,EOL_FLOW_EOL_DE_ELMA_INC,0.0,,2.0,2.0,0.5,1.0,2.0,2.0,sensitivity_684,sensitivity_681,trade.cet_transformation_elasticity,1.0,2.0,0.75,1.75,parameter_bisection,parameter_only,4,false
sensitivity_684,policy,virgin_metal_tax_tax_0_02,virgin_metal_tax,0.02,LOCALLY_INFEASIBLE,INFEASIBLE_POINT,false,7.220266458,0.001159927357685886,1,0.0,0,material_composite_production_SK,eqpzs,IND_SK_NEW_ELMA,0.001159927357685886,EOL_FLOW_EOL_DE_ELMA_INC,0.0,,2.0,2.0,0.5,1.0,2.0,2.0,sensitivity_684,sensitivity_681,trade.cet_transformation_elasticity,1.0,2.0,0.625,1.625,parameter_bisection,parameter_only,5,false
sensitivity_684,policy,virgin_metal_tax_tax_0_02,virgin_metal_tax,0.02,LOCALLY_INFEASIBLE,INFEASIBLE_POINT,true,11.521928152,0.0009686063322769112,0,0.0,0,material_composite_production_SK,eqpzs,IND_SK_NEW_ELMA,0.0009686063322769112,EOL_FLOW_EOL_DE_ELMA_INC,0.0,,2.0,2.0,0.5,1.0,2.0,2.0,sensitivity_684,sensitivity_681,trade.cet_transformation_elasticity,1.0,2.0,0.5625,1.5625,parameter_bisection,parameter_only,6,true
sensitivity_684,policy,virgin_metal_tax_tax_0_02,virgin_metal_tax,0.02,LOCALLY_INFEASIBLE,INFEASIBLE_POINT,false,28.951056753,0.0010780145441096067,1,0.0,0,material_composite_production_REU,eqpzs,IND_REU_NEW_ELMA,0.0010780145441096067,EOL_FLOW_EOL_DE_ELMA_INC,0.0,,2.0,2.0,0.5,1.0,2.0,2.0,sensitivity_684,sensitivity_681,trade.cet_transformation_elasticity,1.0,2.0,0.6875,1.6875,parameter_bisection,parameter_only,7,false
sensitivity_684,policy,virgin_metal_tax_tax_0_02,virgin_metal_tax,0.02,LOCALLY_INFEASIBLE,INFEASIBLE_POINT,false,5.281416108,0.0011969649248465553,1,0.0,0,material_composite_production_SK,eqpzs,IND_SK_NEW_ELMA,0.0011969649248465553,EOL_FLOW_EOL_DE_ELMA_INC,0.0,,2.0,2.0,0.5,1.0,2.0,2.0,sensitivity_684,sensitivity_681,trade.cet_transformation_elasticity,1.0,2.0,0.625,1.625,parameter_bisection,parameter_only,8,false
sensitivity_684,policy,virgin_metal_tax_tax_0_02,virgin_metal_tax,0.02,LOCALLY_INFEASIBLE,INFEASIBLE_POINT,false,12.508156295,0.0010276782798631645,1,0.0,0,material_composite_production_SK,eqpzs,IND_SK_NEW_ELMA,0.0010276782798631645,EOL_FLOW_EOL_DE_ELMA_INC,0.0,,2.0,2.0,0.5,1.0,2.0,2.0,sensitivity_684,sensitivity_681,trade.cet_transformation_elasticity,1.0,2.0,0.59375,1.59375,parameter_bisection,parameter_only,9,false
sensitivity_684,policy,virgin_metal_tax_tax_0_02,virgin_metal_tax,0.02,LOCALLY_INFEASIBLE,INFEASIBLE_POINT,false,5.103721551,0.0010280190370743902,1,0.0,0,material_composite_production_SK,eqpzs,IND_SK_NEW_ELMA,0.0010280190370743902,EOL_FLOW_EOL_DE_ELMA_INC,0.0,,2.0,2.0,0.5,1.0,2.0,2.0,sensitivity_684,sensitivity_681,trade.cet_transformation_elasticity,1.0,2.0,0.578125,1.578125,parameter_bisection,parameter_only,10,false
sensitivity_684,policy,virgin_metal_tax_tax_0_02,virgin_metal_tax,0.02,LOCALLY_INFEASIBLE,INFEASIBLE_POINT,false,81.950090151,0.001306753663532334,1,0.0,0,observed_physical_flow_links,quantity_link,physical_SK_OFMA_REP_route_input_mass,0.001306753663532334,EOL_FLOW_EOL_DE_ELMA_INC,0.0,,2.0,2.0,0.5,1.0,2.0,2.0,sensitivity_684,sensitivity_681,trade.cet_transformation_elasticity,1.0,2.0,0.5703125,1.5703125,parameter_bisection,parameter_only,11,false
sensitivity_684,policy,virgin_metal_tax_tax_0_02,virgin_metal_tax,0.02,LOCALLY_INFEASIBLE,INFEASIBLE_POINT,true,21.838525669,0.0009738228917047786,0,0.0,0,material_composite_production_SK,eqpzs,IND_SK_NEW_ELMA,0.0009738228917047786,EOL_FLOW_EOL_DE_ELMA_INC,0.0,,2.0,2.0,0.5,1.0,2.0,2.0,sensitivity_684,sensitivity_681,trade.cet_transformation_elasticity,1.0,2.0,0.56640625,1.56640625,parameter_bisection,parameter_only,12,true
sensitivity_684,policy,virgin_metal_tax_tax_0_02,virgin_metal_tax,0.02,LOCALLY_INFEASIBLE,INFEASIBLE_POINT,true,5.982890097,0.0009966587579232078,0,0.0,0,material_composite_production_SK,eqpzs,IND_SK_NEW_ELMA,0.0009966587579232078,EOL_FLOW_EOL_DE_ELMA_INC,0.0,,2.0,2.0,0.5,1.0,2.0,2.0,sensitivity_684,sensitivity_681,trade.cet_transformation_elasticity,1.0,2.0,0.57421875,1.57421875,parameter_bisection,parameter_only,13,true
sensitivity_684,policy,virgin_metal_tax_tax_0_02,virgin_metal_tax,0.02,LOCALLY_INFEASIBLE,INFEASIBLE_POINT,false,35.505016073,0.0010220574599627552,1,0.0,0,material_composite_production_SK,eqpzs,IND_SK_NEW_ELMA,0.0010220574599627552,EOL_FLOW_EOL_DE_ELMA_INC,0.0,,2.0,2.0,0.5,1.0,2.0,2.0,sensitivity_684,sensitivity_681,trade.cet_transformation_elasticity,1.0,2.0,0.58984375,1.58984375,parameter_bisection,parameter_only,14,false
sensitivity_684,policy,virgin_metal_tax_tax_0_02,virgin_metal_tax,0.02,LOCALLY_INFEASIBLE,INFEASIBLE_POINT,false,7.155369634,0.001042336832189461,1,0.0,0,material_composite_production_SK,eqpzs,IND_SK_NEW_ELMA,0.001042336832189461,EOL_FLOW_EOL_DE_ELMA_INC,0.0,,2.0,2.0,0.5,1.0,2.0,2.0,sensitivity_684,sensitivity_681,trade.cet_transformation_elasticity,1.0,2.0,0.58203125,1.58203125,parameter_bisection,parameter_only,15,false
sensitivity_684,policy,virgin_metal_tax_tax_0_02,virgin_metal_tax,0.02,LOCALLY_INFEASIBLE,INFEASIBLE_POINT,false,6.437440817,0.0010156550289586175,1,0.0,0,material_composite_production_SK,eqpzs,IND_SK_NEW_ELMA,0.0010156550289586175,EOL_FLOW_EOL_DE_ELMA_INC,0.0,,2.0,2.0,0.5,1.0,2.0,2.0,sensitivity_684,sensitivity_681,trade.cet_transformation_elasticity,1.0,2.0,0.578125,1.578125,parameter_bisection,parameter_only,16,false
sensitivity_684,policy,virgin_metal_tax_tax_0_02,virgin_metal_tax,0.02,LOCALLY_INFEASIBLE,INFEASIBLE_POINT,true,4.04776002,0.0009967654561160444,0,0.0,0,material_composite_production_SK,eqpzs,IND_SK_NEW_ELMA,0.0009967654561160444,EOL_FLOW_EOL_DE_ELMA_INC,0.0,,2.0,2.0,0.5,1.0,2.0,2.0,sensitivity_684,sensitivity_681,trade.cet_transformation_elasticity,1.0,2.0,0.576171875,1.576171875,parameter_bisection,parameter_only,17,true
sensitivity_684,policy,virgin_metal_tax_tax_0_02,virgin_metal_tax,0.02,LOCALLY_INFEASIBLE,INFEASIBLE_POINT,true,31.980586928,0.0009960129221348035,0,0.0,0,material_composite_production_SK,eqpzs,IND_SK_NEW_ELMA,0.0009960129221348035,EOL_FLOW_EOL_DE_ELMA_INC,0.0,,2.0,2.0,0.5,1.0,2.0,2.0,sensitivity_684,sensitivity_681,trade.cet_transformation_elasticity,1.0,2.0,0.580078125,1.580078125,parameter_bisection,parameter_only,18,true
sensitivity_684,policy,virgin_metal_tax_tax_0_02,virgin_metal_tax,0.02,LOCALLY_INFEASIBLE,INFEASIBLE_POINT,false,9.1239541,0.0010134964391945722,1,0.0,0,material_composite_production_SK,eqpzs,IND_SK_NEW_ELMA,0.0010134964391945722,EOL_FLOW_EOL_DE_ELMA_INC,0.0,,2.0,2.0,0.5,1.0,2.0,2.0,sensitivity_684,sensitivity_681,trade.cet_transformation_elasticity,1.0,2.0,0.587890625,1.587890625,parameter_bisection,parameter_only,19,false
sensitivity_684,policy,virgin_metal_tax_tax_0_02,virgin_metal_tax,0.02,LOCALLY_INFEASIBLE,INFEASIBLE_POINT,false,22.955204026,0.0010137578947688741,1,0.0,0,material_composite_production_REU,eqpzs,IND_REU_NEW_ELMA,0.0010137578947688741,EOL_FLOW_EOL_DE_ELMA_INC,0.0,,2.0,2.0,0.5,1.0,2.0,2.0,sensitivity_684,sensitivity_681,trade.cet_transformation_elasticity,1.0,2.0,0.583984375,1.583984375,parameter_bisection,parameter_only,20,false
sensitivity_684,policy,virgin_metal_tax_tax_0_02,virgin_metal_tax,0.02,LOCALLY_INFEASIBLE,INFEASIBLE_POINT,true,3.485043135,0.0009959458623062245,0,0.0,0,material_composite_production_SK,eqpzs,IND_SK_NEW_ELMA,0.0009959458623062245,EOL_FLOW_EOL_DE_ELMA_INC,0.0,,2.0,2.0,0.5,1.0,2.0,2.0,sensitivity_684,sensitivity_681,trade.cet_transformation_elasticity,1.0,2.0,0.58203125,1.58203125,parameter_bisection,parameter_only,21,true
sensitivity_684,policy,virgin_metal_tax_tax_0_02,virgin_metal_tax,0.02,LOCALLY_INFEASIBLE,INFEASIBLE_POINT,false,80.776098632,0.0010781421498236021,1,0.0,0,material_composite_production_REU,eqpzs,IND_REU_NEW_ELMA,0.0010781421498236021,EOL_FLOW_EOL_DE_ELMA_INC,0.0,,2.0,2.0,0.5,1.0,2.0,2.0,sensitivity_684,sensitivity_681,trade.cet_transformation_elasticity,1.0,2.0,0.5859375,1.5859375,parameter_bisection,parameter_only,22,false
sensitivity_684,policy,virgin_metal_tax_tax_0_02,virgin_metal_tax,0.02,LOCALLY_INFEASIBLE,INFEASIBLE_POINT,true,2.92239722,0.0009941330976040996,0,0.0,0,material_composite_production_SK,eqpzs,IND_SK_NEW_ELMA,0.0009941330976040996,EOL_FLOW_EOL_DE_ELMA_INC,0.0,,2.0,2.0,0.5,1.0,2.0,2.0,sensitivity_684,sensitivity_681,trade.cet_transformation_elasticity,1.0,2.0,0.583984375,1.583984375,parameter_bisection,parameter_only,23,true
sensitivity_684,policy,virgin_metal_tax_tax_0_02,virgin_metal_tax,0.02,LOCALLY_INFEASIBLE,INFEASIBLE_POINT,false,3.735173364,0.0010145505212928452,1,0.0,0,material_composite_production_SK,eqpzs,IND_SK_NEW_ELMA,0.0010145505212928452,EOL_FLOW_EOL_DE_ELMA_INC,0.0,,2.0,2.0,0.5,1.0,2.0,2.0,sensitivity_684,sensitivity_681,trade.cet_transformation_elasticity,1.0,2.0,0.587890625,1.587890625,parameter_bisection,parameter_only,24,false
sensitivity_684,policy,virgin_metal_tax_tax_0_02,virgin_metal_tax,0.02,LOCALLY_INFEASIBLE,INFEASIBLE_POINT,true,2.393662898,0.0009940246665950392,0,0.0,0,material_composite_production_SK,eqpzs,IND_SK_NEW_ELMA,0.0009940246665950392,EOL_FLOW_EOL_DE_ELMA_INC,0.0,,2.0,2.0,0.5,1.0,2.0,2.0,sensitivity_684,sensitivity_681,trade.cet_transformation_elasticity,1.0,2.0,0.5859375,1.5859375,parameter_bisection,parameter_only,25,true
sensitivity_684,policy,virgin_metal_tax_tax_0_02,virgin_metal_tax,0.02,LOCALLY_INFEASIBLE,INFEASIBLE_POINT,false,43.574021242,0.001078131430394258,1,0.0,0,material_composite_production_REU,eqpzs,IND_REU_NEW_ELMA,0.001078131430394258,EOL_FLOW_EOL_DE_ELMA_INC,0.0,,2.0,2.0,0.5,1.0,2.0,2.0,sensitivity_684,sensitivity_681,trade.cet_transformation_elasticity,1.0,2.0,0.58984375,1.58984375,parameter_bisection,parameter_only,26,false
sensitivity_684,policy,virgin_metal_tax_tax_0_02,virgin_metal_tax,0.02,LOCALLY_INFEASIBLE,INFEASIBLE_POINT,false,24.097811774,0.0010777299582452882,1,0.0,0,material_composite_production_REU,eqpzs,IND_REU_NEW_ELMA,0.0010777299582452882,EOL_FLOW_EOL_DE_ELMA_INC,0.0,,2.0,2.0,0.5,1.0,2.0,2.0,sensitivity_684,sensitivity_681,trade.cet_transformation_elasticity,1.0,2.0,0.587890625,1.587890625,parameter_bisection,parameter_only,27,false
sensitivity_684,policy,virgin_metal_tax_tax_0_02,virgin_metal_tax,0.02,LOCALLY_INFEASIBLE,INFEASIBLE_POINT,true,2.112514326,0.000993432016380913,0,0.0,0,material_composite_production_SK,eqpzs,IND_SK_NEW_ELMA,0.000993432016380913,EOL_FLOW_EOL_DE_ELMA_INC,0.0,,2.0,2.0,0.5,1.0,2.0,2.0,sensitivity_684,sensitivity_681,trade.cet_transformation_elasticity,1.0,2.0,0.5869140625,1.5869140625,parameter_bisection,parameter_only,28,true
sensitivity_684,policy,virgin_metal_tax_tax_0_02,virgin_metal_tax,0.02,LOCALLY_INFEASIBLE,INFEASIBLE_POINT,false,30.130690067,0.001077794552943545,1,0.0,0,material_composite_production_REU,eqpzs,IND_REU_NEW_ELMA,0.001077794552943545,EOL_FLOW_EOL_DE_ELMA_INC,0.0,,2.0,2.0,0.5,1.0,2.0,2.0,sensitivity_684,sensitivity_681,trade.cet_transformation_elasticity,1.0,2.0,0.5888671875,1.5888671875,parameter_bisection,parameter_only,29,false
sensitivity_684,policy,virgin_metal_tax_tax_0_02,virgin_metal_tax,0.02,LOCALLY_INFEASIBLE,INFEASIBLE_POINT,true,2.849900385,0.0009970982845491916,0,0.0,0,material_composite_production_SK,eqpzs,IND_SK_NEW_ELMA,0.0009970982845491916,EOL_FLOW_EOL_DE_ELMA_INC,0.0,,2.0,2.0,0.5,1.0,2.0,2.0,sensitivity_684,sensitivity_681,trade.cet_transformation_elasticity,1.0,2.0,0.587890625,1.587890625,parameter_bisection,parameter_only,30,true
sensitivity_684,policy,virgin_metal_tax_tax_0_02,virgin_metal_tax,0.02,LOCALLY_INFEASIBLE,INFEASIBLE_POINT,false,62.217840128,0.0010787099160159963,1,0.0,0,material_composite_production_REU,eqpzs,IND_REU_NEW_ELMA,0.0010787099160159963,EOL_FLOW_EOL_DE_ELMA_INC,0.0,,2.0,2.0,0.5,1.0,2.0,2.0,sensitivity_684,sensitivity_681,trade.cet_transformation_elasticity,1.0,2.0,0.58984375,1.58984375,parameter_bisection,parameter_only,31,false
sensitivity_684,policy,virgin_metal_tax_tax_0_02,virgin_metal_tax,0.02,LOCALLY_INFEASIBLE,INFEASIBLE_POINT,false,4.313016813,0.0010164323299599598,1,0.0,0,material_composite_production_SK,eqpzs,IND_SK_NEW_ELMA,0.0010164323299599598,EOL_FLOW_EOL_DE_ELMA_INC,0.0,,2.0,2.0,0.5,1.0,2.0,2.0,sensitivity_684,sensitivity_681,trade.cet_transformation_elasticity,1.0,2.0,0.5888671875,1.5888671875,parameter_bisection,parameter_only,32,false
sensitivity_684,policy,virgin_metal_tax_tax_0_02,virgin_metal_tax,0.02,LOCALLY_INFEASIBLE,INFEASIBLE_POINT,false,24.45081343,0.0010776966075854988,1,0.0,0,material_composite_production_REU,eqpzs,IND_REU_NEW_ELMA,0.0010776966075854988,EOL_FLOW_EOL_DE_ELMA_INC,0.0,,2.0,2.0,0.5,1.0,2.0,2.0,sensitivity_684,sensitivity_681,trade.cet_transformation_elasticity,1.0,2.0,0.58837890625,1.58837890625,parameter_bisection,parameter_only,33,false
sensitivity_684,policy,virgin_metal_tax_tax_0_02,virgin_metal_tax,0.02,LOCALLY_INFEASIBLE,INFEASIBLE_POINT,true,19.835533271,0.0009343757006389231,0,0.0,0,material_composite_production_SK,eqpzs,IND_SK_NEW_ELMA,0.0009343757006389231,EOL_FLOW_EOL_DE_ELMA_INC,0.0,,2.0,2.0,0.5,1.0,2.0,2.0,sensitivity_684,sensitivity_681,trade.cet_transformation_elasticity,1.0,2.0,0.588134765625,1.588134765625,parameter_bisection,parameter_only,34,true
sensitivity_684,policy,virgin_metal_tax_tax_0_02,virgin_metal_tax,0.02,LOCALLY_INFEASIBLE,INFEASIBLE_POINT,true,1.785155183,0.0009343503619103632,0,0.0,0,material_composite_production_SK,eqpzs,IND_SK_NEW_ELMA,0.0009343503619103632,EOL_FLOW_EOL_DE_ELMA_INC,0.0,,2.0,2.0,0.5,1.0,2.0,2.0,sensitivity_684,sensitivity_681,trade.cet_transformation_elasticity,1.0,2.0,0.588623046875,1.588623046875,parameter_bisection,parameter_only,35,true
sensitivity_684,policy,virgin_metal_tax_tax_0_02,virgin_metal_tax,0.02,LOCALLY_INFEASIBLE,INFEASIBLE_POINT,true,1.452382189,0.0009333865046138312,0,0.0,0,material_composite_production_SK,eqpzs,IND_SK_NEW_ELMA,0.0009333865046138312,EOL_FLOW_EOL_DE_ELMA_INC,0.0,,2.0,2.0,0.5,1.0,2.0,2.0,sensitivity_684,sensitivity_681,trade.cet_transformation_elasticity,1.0,2.0,0.589599609375,1.589599609375,parameter_bisection,parameter_only,36,true
sensitivity_684,policy,virgin_metal_tax_tax_0_02,virgin_metal_tax,0.02,LOCALLY_INFEASIBLE,INFEASIBLE_POINT,true,1.606326762,0.0009330981625120804,0,0.0,0,material_composite_production_SK,eqpzs,IND_SK_NEW_ELMA,0.0009330981625120804,EOL_FLOW_EOL_DE_ELMA_INC,0.0,,2.0,2.0,0.5,1.0,2.0,2.0,sensitivity_684,sensitivity_681,trade.cet_transformation_elasticity,1.0,2.0,0.591552734375,1.591552734375,parameter_bisection,parameter_only,37,true
sensitivity_684,policy,virgin_metal_tax_tax_0_02,virgin_metal_tax,0.02,LOCALLY_INFEASIBLE,INFEASIBLE_POINT,true,2.807286256,0.0009473720764998639,0,0.0,0,material_composite_production_SK,eqpzs,IND_SK_NEW_ELMA,0.0009473720764998639,EOL_FLOW_EOL_DE_ELMA_INC,0.0,,2.0,2.0,0.5,1.0,2.0,2.0,sensitivity_684,sensitivity_681,trade.cet_transformation_elasticity,1.0,2.0,0.595458984375,1.595458984375,parameter_bisection,parameter_only,38,true
sensitivity_684,policy,virgin_metal_tax_tax_0_02,virgin_metal_tax,0.02,LOCALLY_INFEASIBLE,INFEASIBLE_POINT,false,65.071988816,0.0010770964329799293,1,0.0,0,material_composite_production_REU,eqpzs,IND_REU_NEW_ELMA,0.0010770964329799293,EOL_FLOW_EOL_DE_ELMA_INC,0.0,,2.0,2.0,0.5,1.0,2.0,2.0,sensitivity_684,sensitivity_681,trade.cet_transformation_elasticity,1.0,2.0,0.603271484375,1.603271484375,parameter_bisection,parameter_only,39,false
sensitivity_684,policy,virgin_metal_tax_tax_0_02,virgin_metal_tax,0.02,LOCALLY_INFEASIBLE,INFEASIBLE_POINT,false,27.536095333,0.001078094928240958,1,0.0,0,material_composite_production_REU,eqpzs,IND_REU_NEW_ELMA,0.001078094928240958,EOL_FLOW_EOL_DE_ELMA_INC,0.0,,2.0,2.0,0.5,1.0,2.0,2.0,sensitivity_684,sensitivity_681,trade.cet_transformation_elasticity,1.0,2.0,0.599365234375,1.599365234375,parameter_bisection,parameter_only,40,false
sensitivity_684,policy,virgin_metal_tax_tax_0_02,virgin_metal_tax,0.02,LOCALLY_INFEASIBLE,INFEASIBLE_POINT,true,5.006140046,0.0009547682948284342,0,0.0,0,material_composite_production_SK,eqpzs,IND_SK_NEW_ELMA,0.0009547682948284342,EOL_FLOW_EOL_DE_ELMA_INC,0.0,,2.0,2.0,0.5,1.0,2.0,2.0,sensitivity_684,sensitivity_681,trade.cet_transformation_elasticity,1.0,2.0,0.597412109375,1.597412109375,parameter_bisection,parameter_only,41,true
sensitivity_684,policy,virgin_metal_tax_tax_0_02,virgin_metal_tax,0.02,LOCALLY_INFEASIBLE,INFEASIBLE_POINT,true,3.771834923,0.0009591532672483805,0,0.0,0,material_composite_production_SK,eqpzs,IND_SK_NEW_ELMA,0.0009591532672483805,EOL_FLOW_EOL_DE_ELMA_INC,0.0,,2.0,2.0,0.5,1.0,2.0,2.0,sensitivity_684,sensitivity_681,trade.cet_transformation_elasticity,1.0,2.0,0.601318359375,1.601318359375,parameter_bisection,parameter_only,42,true
sensitivity_684,policy,virgin_metal_tax_tax_0_02,virgin_metal_tax,0.02,LOCALLY_INFEASIBLE,INFEASIBLE_POINT,true,3.664773357,0.0009631497048301352,0,0.0,0,material_composite_production_SK,eqpzs,IND_SK_NEW_ELMA,0.0009631497048301352,EOL_FLOW_EOL_DE_ELMA_INC,0.0,,2.0,2.0,0.5,1.0,2.0,2.0,sensitivity_684,sensitivity_681,trade.cet_transformation_elasticity,1.0,2.0,0.609130859375,1.609130859375,parameter_bisection,parameter_only,43,true
sensitivity_684,policy,virgin_metal_tax_tax_0_02,virgin_metal_tax,0.02,LOCALLY_INFEASIBLE,INFEASIBLE_POINT,false,18.533487102,0.0010786128130224615,1,0.0,0,material_composite_production_REU,eqpzs,IND_REU_NEW_ELMA,0.0010786128130224615,EOL_FLOW_EOL_DE_ELMA_INC,0.0,,2.0,2.0,0.5,1.0,2.0,2.0,sensitivity_684,sensitivity_681,trade.cet_transformation_elasticity,1.0,2.0,0.624755859375,1.624755859375,parameter_bisection,parameter_only,44,false
sensitivity_684,policy,virgin_metal_tax_tax_0_02,virgin_metal_tax,0.02,LOCALLY_INFEASIBLE,INFEASIBLE_POINT,true,3.574535701,0.0009658449061213936,0,0.0,0,material_composite_production_SK,eqpzs,IND_SK_NEW_ELMA,0.0009658449061213936,EOL_FLOW_EOL_DE_ELMA_INC,0.0,,2.0,2.0,0.5,1.0,2.0,2.0,sensitivity_684,sensitivity_681,trade.cet_transformation_elasticity,1.0,2.0,0.616943359375,1.616943359375,parameter_bisection,parameter_only,45,true
sensitivity_684,policy,virgin_metal_tax_tax_0_02,virgin_metal_tax,0.02,LOCALLY_INFEASIBLE,INFEASIBLE_POINT,false,2.565294446,0.0010121227682263756,1,0.0,0,material_composite_production_SK,eqpzs,IND_SK_NEW_ELMA,0.0010121227682263756,EOL_FLOW_EOL_DE_ELMA_INC,0.0,,2.0,2.0,0.5,1.0,2.0,2.0,sensitivity_684,sensitivity_681,trade.cet_transformation_elasticity,1.0,2.0,0.632568359375,1.632568359375,parameter_bisection,parameter_only,46,false
sensitivity_684,policy,virgin_metal_tax_tax_0_02,virgin_metal_tax,0.02,LOCALLY_INFEASIBLE,INFEASIBLE_POINT,true,2.194910456,0.0009677826920813093,0,0.0,0,material_composite_production_SK,eqpzs,IND_SK_NEW_ELMA,0.0009677826920813093,EOL_FLOW_EOL_DE_ELMA_INC,0.0,,2.0,2.0,0.5,1.0,2.0,2.0,sensitivity_684,sensitivity_681,trade.cet_transformation_elasticity,1.0,2.0,0.624755859375,1.624755859375,parameter_bisection,parameter_only,47,true
sensitivity_684,policy,virgin_metal_tax_tax_0_02,virgin_metal_tax,0.02,LOCALLY_INFEASIBLE,INFEASIBLE_POINT,false,2.952822695,0.0010264569058868744,1,0.0,0,material_composite_production_SK,eqpzs,IND_SK_NEW_ELMA,0.0010264569058868744,EOL_FLOW_EOL_DE_ELMA_INC,0.0,,2.0,2.0,0.5,1.0,2.0,2.0,sensitivity_684,sensitivity_681,trade.cet_transformation_elasticity,1.0,2.0,0.640380859375,1.640380859375,parameter_bisection,parameter_only,48,false
sensitivity_684,policy,virgin_metal_tax_tax_0_02,virgin_metal_tax,0.02,LOCALLY_INFEASIBLE,INFEASIBLE_POINT,false,3.073159185,0.0010136123975995615,1,0.0,0,material_composite_production_SK,eqpzs,IND_SK_NEW_ELMA,0.0010136123975995615,EOL_FLOW_EOL_DE_ELMA_INC,0.0,,2.0,2.0,0.5,1.0,2.0,2.0,sensitivity_684,sensitivity_681,trade.cet_transformation_elasticity,1.0,2.0,0.632568359375,1.632568359375,parameter_bisection,parameter_only,49,false
sensitivity_684,policy,virgin_metal_tax_tax_0_02,virgin_metal_tax,0.02,LOCALLY_INFEASIBLE,INFEASIBLE_POINT,false,3.245120298,0.0010046200195096278,1,0.0,0,material_composite_production_SK,eqpzs,IND_SK_NEW_ELMA,0.0010046200195096278,EOL_FLOW_EOL_DE_ELMA_INC,0.0,,2.0,2.0,0.5,1.0,2.0,2.0,sensitivity_684,sensitivity_681,trade.cet_transformation_elasticity,1.0,2.0,0.628662109375,1.628662109375,parameter_bisection,parameter_only,50,false
sensitivity_684,policy,virgin_metal_tax_tax_0_02,virgin_metal_tax,0.02,LOCALLY_INFEASIBLE,INFEASIBLE_POINT,true,1.833837574,0.000967820061490321,0,0.0,0,material_composite_production_SK,eqpzs,IND_SK_NEW_ELMA,0.000967820061490321,EOL_FLOW_EOL_DE_ELMA_INC,0.0,,2.0,2.0,0.5,1.0,2.0,2.0,sensitivity_684,sensitivity_681,trade.cet_transformation_elasticity,1.0,2.0,0.626708984375,1.626708984375,parameter_bisection,parameter_only,51,true
sensitivity_684,policy,virgin_metal_tax_tax_0_02,virgin_metal_tax,0.02,LOCALLY_INFEASIBLE,INFEASIBLE_POINT,false,2.742878718,0.0010098090017284234,1,0.0,0,material_composite_production_SK,eqpzs,IND_SK_NEW_ELMA,0.0010098090017284234,EOL_FLOW_EOL_DE_ELMA_INC,0.0,,2.0,2.0,0.5,1.0,2.0,2.0,sensitivity_684,sensitivity_681,trade.cet_transformation_elasticity,1.0,2.0,0.630615234375,1.630615234375,parameter_bisection,parameter_only,52,false
sensitivity_684,policy,virgin_metal_tax_tax_0_02,virgin_metal_tax,0.02,LOCALLY_INFEASIBLE,INFEASIBLE_POINT,false,37.04519386,0.0010790225156512845,1,0.0,0,material_composite_production_REU,eqpzs,IND_REU_NEW_ELMA,0.0010790225156512845,EOL_FLOW_EOL_DE_ELMA_INC,0.0,,2.0,2.0,0.5,1.0,2.0,2.0,sensitivity_684,sensitivity_681,trade.cet_transformation_elasticity,1.0,2.0,0.628662109375,1.628662109375,parameter_bisection,parameter_only,53,false
sensitivity_684,policy,virgin_metal_tax_tax_0_02,virgin_metal_tax,0.02,LOCALLY_INFEASIBLE,INFEASIBLE_POINT,false,24.958713825,0.001078536209498271,1,0.0,0,material_composite_production_REU,eqpzs,IND_REU_NEW_ELMA,0.001078536209498271,EOL_FLOW_EOL_DE_ELMA_INC,0.0,,2.0,2.0,0.5,1.0,2.0,2.0,sensitivity_684,sensitivity_681,trade.cet_transformation_elasticity,1.0,2.0,0.627685546875,1.627685546875,parameter_bisection,parameter_only,54,false
sensitivity_684,policy,virgin_metal_tax_tax_0_02,virgin_metal_tax,0.02,LOCALLY_INFEASIBLE,INFEASIBLE_POINT,false,23.005664405,0.0010785816196322573,1,0.0,0,material_composite_production_REU,eqpzs,IND_REU_NEW_ELMA,0.0010785816196322573,EOL_FLOW_EOL_DE_ELMA_INC,0.0,,2.0,2.0,0.5,1.0,2.0,2.0,sensitivity_684,sensitivity_681,trade.cet_transformation_elasticity,1.0,2.0,0.627197265625,1.627197265625,parameter_bisection,parameter_only,55,false
sensitivity_684,policy,virgin_metal_tax_tax_0_02,virgin_metal_tax,0.02,LOCALLY_INFEASIBLE,INFEASIBLE_POINT,false,14.126753819,0.001077793498497015,1,0.0,0,material_composite_production_REU,eqpzs,IND_REU_NEW_ELMA,0.001077793498497015,EOL_FLOW_EOL_DE_ELMA_INC,0.0,,2.0,2.0,0.5,1.0,2.0,2.0,sensitivity_684,sensitivity_681,trade.cet_transformation_elasticity,1.0,2.0,0.626953125,1.626953125,parameter_bisection,parameter_only,56,false
sensitivity_684,policy,virgin_metal_tax_tax_0_02,virgin_metal_tax,0.02,LOCALLY_INFEASIBLE,INFEASIBLE_POINT,true,6.223070201,0.0009727810647192081,0,0.0,0,material_composite_production_SK,eqpzs,IND_SK_NEW_ELMA,0.0009727810647192081,EOL_FLOW_EOL_DE_ELMA_INC,0.0,,2.0,2.0,0.5,1.0,2.0,2.0,sensitivity_684,sensitivity_681,trade.cet_transformation_elasticity,1.0,2.0,0.6268310546875,1.6268310546875,parameter_bisection,parameter_only,57,true
sensitivity_684,policy,virgin_metal_tax_tax_0_02,virgin_metal_tax,0.02,LOCALLY_INFEASIBLE,INFEASIBLE_POINT,true,1.420740519,0.0009728107693209864,0,0.0,0,material_composite_production_SK,eqpzs,IND_SK_NEW_ELMA,0.0009728107693209864,EOL_FLOW_EOL_DE_ELMA_INC,0.0,,2.0,2.0,0.5,1.0,2.0,2.0,sensitivity_684,sensitivity_681,trade.cet_transformation_elasticity,1.0,2.0,0.6270751953125,1.6270751953125,parameter_bisection,parameter_only,58,true
sensitivity_684,policy,virgin_metal_tax_tax_0_02,virgin_metal_tax,0.02,LOCALLY_INFEASIBLE,INFEASIBLE_POINT,true,3.131651643,0.0009820199163406151,0,0.0,0,material_composite_production_SK,eqpzs,IND_SK_NEW_ELMA,0.0009820199163406151,EOL_FLOW_EOL_DE_ELMA_INC,0.0,,2.0,2.0,0.5,1.0,2.0,2.0,sensitivity_684,sensitivity_681,trade.cet_transformation_elasticity,1.0,2.0,0.6275634765625,1.6275634765625,parameter_bisection,parameter_only,59,true
sensitivity_684,policy,virgin_metal_tax_tax_0_02,virgin_metal_tax,0.02,LOCALLY_INFEASIBLE,INFEASIBLE_POINT,false,39.763811528,0.0010789199183662834,1,0.0,0,material_composite_production_REU,eqpzs,IND_REU_NEW_ELMA,0.0010789199183662834,EOL_FLOW_EOL_DE_ELMA_INC,0.0,,2.0,2.0,0.5,1.0,2.0,2.0,sensitivity_684,sensitivity_681,trade.cet_transformation_elasticity,1.0,2.0,0.6285400390625,1.6285400390625,parameter_bisection,parameter_only,60,false
sensitivity_688,policy,virgin_metal_tax_tax_0_02,virgin_metal_tax,0.02,LOCALLY_INFEASIBLE,INFEASIBLE_POINT,false,47.684744239,0.12511543058574137,4,0.0,0,observed_physical_flow_links,quantity_link,physical_SK_OFMA_REP_route_input_mass,0.12511543058574137,EOL_FLOW_EOL_DE_ELMA_INC,0.0,,0.5,1.0,1.0,1.0,2.0,2.0,sensitivity_688,sensitivity_697,circular_routes.service_elasticity,2.0,1.0,1.0,1.0,direct_target,parameter_only,1,false
sensitivity_688,policy,virgin_metal_tax_tax_0_02,virgin_metal_tax,0.02,LOCALLY_INFEASIBLE,INFEASIBLE_POINT,false,26.920201705,0.0010522218683188156,1,0.0,0,common_eu_trade,eu_cet_quantity,NEW_ELMA|SK,0.0010522218683188156,EOL_FLOW_EOL_DE_ELMA_INC,0.0,,0.5,1.0,1.0,1.0,2.0,2.0,sensitivity_688,sensitivity_697,circular_routes.service_elasticity,2.0,1.0,0.5,1.5,parameter_bisection,parameter_only,2,false
sensitivity_688,policy,virgin_metal_tax_tax_0_02,virgin_metal_tax,0.02,LOCALLY_INFEASIBLE,INFEASIBLE_POINT,false,7.769891785,0.0011141822582503287,1,0.0,0,common_eu_trade,eu_cet_quantity,NEW_ELMA|SK,0.0011141822582503287,EOL_FLOW_EOL_DE_ELMA_INC,0.0,,0.5,1.0,1.0,1.0,2.0,2.0,sensitivity_688,sensitivity_697,circular_routes.service_elasticity,2.0,1.0,0.25,1.75,parameter_bisection,parameter_only,3,false
sensitivity_688,policy,virgin_metal_tax_tax_0_02,virgin_metal_tax,0.02,LOCALLY_INFEASIBLE,INFEASIBLE_POINT,true,10.718813865,0.0008212489074012198,0,0.0,0,common_eu_trade,eu_cet_quantity,NEW_ELMA|SK,0.0008212489074012198,EOL_FLOW_EOL_DE_ELMA_INC,0.0,,0.5,1.0,1.0,1.0,2.0,2.0,sensitivity_688,sensitivity_697,circular_routes.service_elasticity,2.0,1.0,0.125,1.875,parameter_bisection,parameter_only,4,true
sensitivity_688,policy,virgin_metal_tax_tax_0_02,virgin_metal_tax,0.02,LOCALLY_INFEASIBLE,INFEASIBLE_POINT,false,49.686683848,0.07765188429611458,3,0.0,0,observed_physical_flow_links,quantity_link,physical_SK_OFMA_REP_route_input_mass,0.07765188429611458,EOL_FLOW_EOL_DE_ELMA_INC,0.0,,0.5,1.0,1.0,1.0,2.0,2.0,sensitivity_688,sensitivity_697,circular_routes.service_elasticity,2.0,1.0,0.375,1.625,parameter_bisection,parameter_only,5,false
sensitivity_688,policy,virgin_metal_tax_tax_0_02,virgin_metal_tax,0.02,LOCALLY_INFEASIBLE,INFEASIBLE_POINT,false,28.353819033,0.0011166534741680713,2,0.0,0,common_eu_trade,eu_cet_quantity,NEW_ELMA|SK,0.0011166534741680713,EOL_FLOW_EOL_DE_ELMA_INC,0.0,,0.5,1.0,1.0,1.0,2.0,2.0,sensitivity_688,sensitivity_697,circular_routes.service_elasticity,2.0,1.0,0.25,1.75,parameter_bisection,parameter_only,6,false
sensitivity_688,policy,virgin_metal_tax_tax_0_02,virgin_metal_tax,0.02,LOCALLY_INFEASIBLE,INFEASIBLE_POINT,false,14.257563852,0.0010608110078594059,1,0.0,0,common_eu_trade,eu_cet_quantity,NEW_ELMA|SK,0.0010608110078594059,EOL_FLOW_EOL_DE_ELMA_INC,0.0,,0.5,1.0,1.0,1.0,2.0,2.0,sensitivity_688,sensitivity_697,circular_routes.service_elasticity,2.0,1.0,0.1875,1.8125,parameter_bisection,parameter_only,7,false
sensitivity_688,policy,virgin_metal_tax_tax_0_02,virgin_metal_tax,0.02,LOCALLY_INFEASIBLE,INFEASIBLE_POINT,true,14.781924874,0.0009958627453294923,0,0.0,0,common_eu_trade,eu_cet_quantity,NEW_ELMA|SK,0.0009958627453294923,EOL_FLOW_EOL_DE_ELMA_INC,0.0,,0.5,1.0,1.0,1.0,2.0,2.0,sensitivity_688,sensitivity_697,circular_routes.service_elasticity,2.0,1.0,0.15625,1.84375,parameter_bisection,parameter_only,8,true
sensitivity_688,policy,virgin_metal_tax_tax_0_02,virgin_metal_tax,0.02,LOCALLY_INFEASIBLE,INFEASIBLE_POINT,false,3.734102667,0.0010003312145738898,1,0.0,0,common_eu_trade,eu_cet_quantity,NEW_ELMA|SK,0.0010003312145738898,EOL_FLOW_EOL_DE_ELMA_INC,0.0,,0.5,1.0,1.0,1.0,2.0,2.0,sensitivity_688,sensitivity_697,circular_routes.service_elasticity,2.0,1.0,0.21875,1.78125,parameter_bisection,parameter_only,9,false
sensitivity_688,policy,virgin_metal_tax_tax_0_02,virgin_metal_tax,0.02,LOCALLY_INFEASIBLE,INFEASIBLE_POINT,true,6.624926948,0.0009940436165980383,0,0.0,0,common_eu_trade,eu_cet_quantity,NEW_ELMA|SK,0.0009940436165980383,EOL_FLOW_EOL_DE_ELMA_INC,0.0,,0.5,1.0,1.0,1.0,2.0,2.0,sensitivity_688,sensitivity_697,circular_routes.service_elasticity,2.0,1.0,0.1875,1.8125,parameter_bisection,parameter_only,10,true
sensitivity_688,policy,virgin_metal_tax_tax_0_02,virgin_metal_tax,0.02,LOCALLY_INFEASIBLE,INFEASIBLE_POINT,false,8.153452636,0.001010295301332327,1,0.0,0,common_eu_trade,eu_cet_quantity,NEW_ELMA|SK,0.001010295301332327,EOL_FLOW_EOL_DE_ELMA_INC,0.0,,0.5,1.0,1.0,1.0,2.0,2.0,sensitivity_688,sensitivity_697,circular_routes.service_elasticity,2.0,1.0,0.25,1.75,parameter_bisection,parameter_only,11,false
sensitivity_688,policy,virgin_metal_tax_tax_0_02,virgin_metal_tax,0.02,LOCALLY_INFEASIBLE,INFEASIBLE_POINT,false,5.193670682,0.001004803501198081,1,0.0,0,common_eu_trade,eu_cet_quantity,NEW_ELMA|SK,0.001004803501198081,EOL_FLOW_EOL_DE_ELMA_INC,0.0,,0.5,1.0,1.0,1.0,2.0,2.0,sensitivity_688,sensitivity_697,circular_routes.service_elasticity,2.0,1.0,0.21875,1.78125,parameter_bisection,parameter_only,12,false
sensitivity_688,policy,virgin_metal_tax_tax_0_02,virgin_metal_tax,0.02,LOCALLY_INFEASIBLE,INFEASIBLE_POINT,false,10.126451846,0.0010699924232119619,1,0.0,0,common_eu_trade,eu_cet_quantity,NEW_ELMA|SK,0.0010699924232119619,EOL_FLOW_EOL_DE_ELMA_INC,0.0,,0.5,1.0,1.0,1.0,2.0,2.0,sensitivity_688,sensitivity_697,circular_routes.service_elasticity,2.0,1.0,0.203125,1.796875,parameter_bisection,parameter_only,13,false
sensitivity_688,policy,virgin_metal_tax_tax_0_02,virgin_metal_tax,0.02,LOCALLY_INFEASIBLE,INFEASIBLE_POINT,false,16.633660597,0.0011320853071934995,1,0.0,0,common_eu_trade,eu_cet_quantity,NEW_ELMA|SK,0.0011320853071934995,EOL_FLOW_EOL_DE_ELMA_INC,0.0,,0.5,1.0,1.0,1.0,2.0,2.0,sensitivity_688,sensitivity_697,circular_routes.service_elasticity,2.0,1.0,0.1953125,1.8046875,parameter_bisection,parameter_only,14,false
sensitivity_688,policy,virgin_metal_tax_tax_0_02,virgin_metal_tax,0.02,LOCALLY_INFEASIBLE,INFEASIBLE_POINT,false,36.537631024,0.0011406859139840525,2,0.0,0,common_eu_trade,eu_cet_quantity,NEW_ELMA|SK,0.0011406859139840525,EOL_FLOW_EOL_DE_ELMA_INC,0.0,,0.5,1.0,1.0,1.0,2.0,2.0,sensitivity_688,sensitivity_697,circular_routes.service_elasticity,2.0,1.0,0.19140625,1.80859375,parameter_bisection,parameter_only,15,false
sensitivity_688,policy,virgin_metal_tax_tax_0_02,virgin_metal_tax,0.02,LOCALLY_INFEASIBLE,INFEASIBLE_POINT,false,32.899778948,0.0011157630640194346,2,0.0,0,common_eu_trade,eu_cet_quantity,NEW_ELMA|SK,0.0011157630640194346,EOL_FLOW_EOL_DE_ELMA_INC,0.0,,0.5,1.0,1.0,1.0,2.0,2.0,sensitivity_688,sensitivity_697,circular_routes.service_elasticity,2.0,1.0,0.189453125,1.810546875,parameter_bisection,parameter_only,16,false
sensitivity_688,policy,virgin_metal_tax_tax_0_02,virgin_metal_tax,0.02,LOCALLY_INFEASIBLE,INFEASIBLE_POINT,false,6.168404206,0.0010147189922156243,1,0.0,0,common_eu_trade,eu_cet_quantity,NEW_ELMA|SK,0.0010147189922156243,EOL_FLOW_EOL_DE_ELMA_INC,0.0,,0.5,1.0,1.0,1.0,2.0,2.0,sensitivity_688,sensitivity_697,circular_routes.service_elasticity,2.0,1.0,0.1884765625,1.8115234375,parameter_bisection,parameter_only,17,false
sensitivity_688,policy,virgin_metal_tax_tax_0_02,virgin_metal_tax,0.02,LOCALLY_INFEASIBLE,INFEASIBLE_POINT,false,15.297169388,0.001131158683016034,1,0.0,0,common_eu_trade,eu_cet_quantity,NEW_ELMA|SK,0.001131158683016034,EOL_FLOW_EOL_DE_ELMA_INC,0.0,,0.5,1.0,1.0,1.0,2.0,2.0,sensitivity_688,sensitivity_697,circular_routes.service_elasticity,2.0,1.0,0.18798828125,1.81201171875,parameter_bisection,parameter_only,18,false
sensitivity_688,policy,virgin_metal_tax_tax_0_02,virgin_metal_tax,0.02,LOCALLY_INFEASIBLE,INFEASIBLE_POINT,false,37.005194258,0.0011280770234752264,2,0.0,0,common_eu_trade,eu_cet_quantity,NEW_ELMA|SK,0.0011280770234752264,EOL_FLOW_EOL_DE_ELMA_INC,0.0,,0.5,1.0,1.0,1.0,2.0,2.0,sensitivity_688,sensitivity_697,circular_routes.service_elasticity,2.0,1.0,0.187744140625,1.812255859375,parameter_bisection,parameter_only,19,false
sensitivity_688,policy,virgin_metal_tax_tax_0_02,virgin_metal_tax,0.02,LOCALLY_INFEASIBLE,INFEASIBLE_POINT,false,12.782050539,0.001120801953472307,1,0.0,0,common_eu_trade,eu_cet_quantity,NEW_ELMA|SK,0.001120801953472307,EOL_FLOW_EOL_DE_ELMA_INC,0.0,,0.5,1.0,1.0,1.0,2.0,2.0,sensitivity_688,sensitivity_697,circular_routes.service_elasticity,2.0,1.0,0.1876220703125,1.8123779296875,parameter_bisection,parameter_only,20,false
sensitivity_692,policy,virgin_metal_tax_tax_0_02,virgin_metal_tax,0.02,LOCALLY_INFEASIBLE,INFEASIBLE_POINT,false,33.543003098,0.009429231478111366,1,0.0,0,observed_physical_flow_links,quantity_link,physical_SK_OFMA_REP_route_input_mass,0.009429231478111366,EOL_FLOW_EOL_DE_ELMA_INC,0.0,,1.0,2.0,1.0,1.0,2.0,2.0,sensitivity_692,sensitivity_449,circular_metal.material_substitution_elasticity,1.0,2.0,1.0,2.0,direct_target,parameter_only,1,false
sensitivity_692,policy,virgin_metal_tax_tax_0_02,virgin_metal_tax,0.02,LOCALLY_INFEASIBLE,INFEASIBLE_POINT,false,10.180217705,0.0010451402762885476,1,0.0,0,material_composite_production_REU,eqpzs,IND_REU_NEW_ELMA,0.0010451402762885476,EOL_FLOW_EOL_DE_ELMA_INC,0.0,,1.0,2.0,1.0,1.0,2.0,2.0,sensitivity_692,sensitivity_449,circular_metal.material_substitution_elasticity,1.0,2.0,0.5,1.5,parameter_bisection,parameter_only,2,false
sensitivity_692,policy,virgin_metal_tax_tax_0_02,virgin_metal_tax,0.02,LOCALLY_INFEASIBLE,INFEASIBLE_POINT,true,10.311835616,0.0009862128492317268,0,0.0,0,material_composite_production_REU,eqpzs,IND_REU_NEW_ELMA,0.0009862128492317268,EOL_FLOW_EOL_DE_ELMA_INC,0.0,,1.0,2.0,1.0,1.0,2.0,2.0,sensitivity_692,sensitivity_449,circular_metal.material_substitution_elasticity,1.0,2.0,0.25,1.25,parameter_bisection,parameter_only,3,true
sensitivity_692,policy,virgin_metal_tax_tax_0_02,virgin_metal_tax,0.02,LOCALLY_INFEASIBLE,INFEASIBLE_POINT,false,54.448711086,0.1052724357057615,3,0.0,0,observed_physical_flow_links,quantity_link,physical_SK_OFMA_REP_route_input_mass,0.1052724357057615,EOL_FLOW_EOL_DE_ELMA_INC,0.0,,1.0,2.0,1.0,1.0,2.0,2.0,sensitivity_692,sensitivity_449,circular_metal.material_substitution_elasticity,1.0,2.0,0.75,1.75,parameter_bisection,parameter_only,4,false
sensitivity_692,policy,virgin_metal_tax_tax_0_02,virgin_metal_tax,0.02,LOCALLY_INFEASIBLE,INFEASIBLE_POINT,false,60.300266422,0.050455234666556326,3,0.0,0,observed_physical_flow_links,quantity_link,physical_SK_OFMA_REP_route_input_mass,0.050455234666556326,EOL_FLOW_EOL_DE_ELMA_INC,0.0,,1.0,2.0,1.0,1.0,2.0,2.0,sensitivity_692,sensitivity_449,circular_metal.material_substitution_elasticity,1.0,2.0,0.5,1.5,parameter_bisection,parameter_only,5,false
sensitivity_692,policy,virgin_metal_tax_tax_0_02,virgin_metal_tax,0.02,LOCALLY_INFEASIBLE,INFEASIBLE_POINT,false,16.397914925,0.001048491606009172,1,0.0,0,material_composite_production_REU,eqpzs,IND_REU_NEW_ELMA,0.001048491606009172,EOL_FLOW_EOL_DE_ELMA_INC,0.0,,1.0,2.0,1.0,1.0,2.0,2.0,sensitivity_692,sensitivity_449,circular_metal.material_substitution_elasticity,1.0,2.0,0.375,1.375,parameter_bisection,parameter_only,6,false
sensitivity_692,policy,virgin_metal_tax_tax_0_02,virgin_metal_tax,0.02,LOCALLY_INFEASIBLE,INFEASIBLE_POINT,false,12.488907061,0.0010659927619308673,1,0.0,0,material_composite_production_REU,eqpzs,IND_REU_NEW_ELMA,0.0010659927619308673,EOL_FLOW_EOL_DE_ELMA_INC,0.0,,1.0,2.0,1.0,1.0,2.0,2.0,sensitivity_692,sensitivity_449,circular_metal.material_substitution_elasticity,1.0,2.0,0.3125,1.3125,parameter_bisection,parameter_only,7,false
sensitivity_692,policy,virgin_metal_tax_tax_0_02,virgin_metal_tax,0.02,LOCALLY_INFEASIBLE,INFEASIBLE_POINT,false,19.248466633,0.0010781304169505956,1,0.0,0,material_composite_production_REU,eqpzs,IND_REU_NEW_ELMA,0.0010781304169505956,EOL_FLOW_EOL_DE_ELMA_INC,0.0,,1.0,2.0,1.0,1.0,2.0,2.0,sensitivity_692,sensitivity_449,circular_metal.material_substitution_elasticity,1.0,2.0,0.28125,1.28125,parameter_bisection,parameter_only,8,false
sensitivity_692,policy,virgin_metal_tax_tax_0_02,virgin_metal_tax,0.02,LOCALLY_INFEASIBLE,INFEASIBLE_POINT,true,3.746416847,0.0009886987294459582,0,0.0,0,material_composite_production_REU,eqpzs,IND_REU_NEW_ELMA,0.0009886987294459582,EOL_FLOW_EOL_DE_ELMA_INC,0.0,,1.0,2.0,1.0,1.0,2.0,2.0,sensitivity_692,sensitivity_449,circular_metal.material_substitution_elasticity,1.0,2.0,0.265625,1.265625,parameter_bisection,parameter_only,9,true
sensitivity_692,policy,virgin_metal_tax_tax_0_02,virgin_metal_tax,0.02,LOCALLY_INFEASIBLE,INFEASIBLE_POINT,false,11.139407774,0.0010723993165775436,1,0.0,0,material_composite_production_REU,eqpzs,IND_REU_NEW_ELMA,0.0010723993165775436,EOL_FLOW_EOL_DE_ELMA_INC,0.0,,1.0,2.0,1.0,1.0,2.0,2.0,sensitivity_692,sensitivity_449,circular_metal.material_substitution_elasticity,1.0,2.0,0.296875,1.296875,parameter_bisection,parameter_only,10,false
sensitivity_692,policy,virgin_metal_tax_tax_0_02,virgin_metal_tax,0.02,LOCALLY_INFEASIBLE,INFEASIBLE_POINT,false,3.360608608,0.0010002024520030517,1,0.0,0,material_composite_production_REU,eqpzs,IND_REU_NEW_ELMA,0.0010002024520030517,EOL_FLOW_EOL_DE_ELMA_INC,0.0,,1.0,2.0,1.0,1.0,2.0,2.0,sensitivity_692,sensitivity_449,circular_metal.material_substitution_elasticity,1.0,2.0,0.28125,1.28125,parameter_bisection,parameter_only,11,false
sensitivity_692,policy,virgin_metal_tax_tax_0_02,virgin_metal_tax,0.02,LOCALLY_INFEASIBLE,INFEASIBLE_POINT,false,6.096443091,0.0010370024976154024,1,0.0,0,material_composite_production_REU,eqpzs,IND_REU_NEW_ELMA,0.0010370024976154024,EOL_FLOW_EOL_DE_ELMA_INC,0.0,,1.0,2.0,1.0,1.0,2.0,2.0,sensitivity_692,sensitivity_449,circular_metal.material_substitution_elasticity,1.0,2.0,0.2734375,1.2734375,parameter_bisection,parameter_only,12,false
sensitivity_692,policy,virgin_metal_tax_tax_0_02,virgin_metal_tax,0.02,LOCALLY_INFEASIBLE,INFEASIBLE_POINT,false,4.441023955,0.0010429241782796694,1,0.0,0,material_composite_production_REU,eqpzs,IND_REU_NEW_ELMA,0.0010429241782796694,EOL_FLOW_EOL_DE_ELMA_INC,0.0,,1.0,2.0,1.0,1.0,2.0,2.0,sensitivity_692,sensitivity_449,circular_metal.material_substitution_elasticity,1.0,2.0,0.26953125,1.26953125,parameter_bisection,parameter_only,13,false
sensitivity_692,policy,virgin_metal_tax_tax_0_02,virgin_metal_tax,0.02,LOCALLY_INFEASIBLE,INFEASIBLE_POINT,false,19.639228212,0.001057563729858213,1,0.0,0,material_composite_production_REU,eqpzs,IND_REU_NEW_ELMA,0.001057563729858213,EOL_FLOW_EOL_DE_ELMA_INC,0.0,,1.0,2.0,1.0,1.0,2.0,2.0,sensitivity_692,sensitivity_449,circular_metal.material_substitution_elasticity,1.0,2.0,0.267578125,1.267578125,parameter_bisection,parameter_only,14,false
sensitivity_692,policy,virgin_metal_tax_tax_0_02,virgin_metal_tax,0.02,LOCALLY_INFEASIBLE,INFEASIBLE_POINT,false,3.572585831,0.0010410044168419619,1,0.0,0,material_composite_production_REU,eqpzs,IND_REU_NEW_ELMA,0.0010410044168419619,EOL_FLOW_EOL_DE_ELMA_INC,0.0,,1.0,2.0,1.0,1.0,2.0,2.0,sensitivity_692,sensitivity_449,circular_metal.material_substitution_elasticity,1.0,2.0,0.2666015625,1.2666015625,parameter_bisection,parameter_only,15,false
sensitivity_692,policy,virgin_metal_tax_tax_0_02,virgin_metal_tax,0.02,LOCALLY_INFEASIBLE,INFEASIBLE_POINT,false,20.466062608,0.0010230278889171718,1,0.0,0,material_composite_production_REU,eqpzs,IND_REU_NEW_ELMA,0.0010230278889171718,EOL_FLOW_EOL_DE_ELMA_INC,0.0,,1.0,2.0,1.0,1.0,2.0,2.0,sensitivity_692,sensitivity_449,circular_metal.material_substitution_elasticity,1.0,2.0,0.26611328125,1.26611328125,parameter_bisection,parameter_only,16,false
sensitivity_692,policy,virgin_metal_tax_tax_0_02,virgin_metal_tax,0.02,LOCALLY_INFEASIBLE,INFEASIBLE_POINT,false,15.37645081,0.001061812650581917,1,0.0,0,material_composite_production_REU,eqpzs,IND_REU_NEW_ELMA,0.001061812650581917,EOL_FLOW_EOL_DE_ELMA_INC,0.0,,1.0,2.0,1.0,1.0,2.0,2.0,sensitivity_692,sensitivity_449,circular_metal.material_substitution_elasticity,1.0,2.0,0.265869140625,1.265869140625,parameter_bisection,parameter_only,17,false
sensitivity_692,policy,virgin_metal_tax_tax_0_02,virgin_metal_tax,0.02,LOCALLY_INFEASIBLE,INFEASIBLE_POINT,false,5.386018324,0.0010541268122445935,1,0.0,0,material_composite_production_REU,eqpzs,IND_REU_NEW_ELMA,0.0010541268122445935,EOL_FLOW_EOL_DE_ELMA_INC,0.0,,1.0,2.0,1.0,1.0,2.0,2.0,sensitivity_692,sensitivity_449,circular_metal.material_substitution_elasticity,1.0,2.0,0.2657470703125,1.2657470703125,parameter_bisection,parameter_only,18,false
sensitivity_710,policy,virgin_metal_tax_tax_0_02,virgin_metal_tax,0.02,LOCALLY_INFEASIBLE,INFEASIBLE_POINT,false,30.782305323,0.0010580915696019044,1,0.0,0,material_composite_production_REU,eqpzs,IND_REU_NEW_ELMA,0.0010580915696019044,EOL_FLOW_EOL_DE_ELMA_INC,0.0,,1.0,2.0,0.5,2.0,2.0,2.0,sensitivity_710,sensitivity_656,circular_routes.eol_allocation_elasticity,0.5,2.0,1.0,2.0,direct_target,parameter_only,1,false
sensitivity_710,policy,virgin_metal_tax_tax_0_02,virgin_metal_tax,0.02,LOCALLY_INFEASIBLE,INFEASIBLE_POINT,true,7.692183971,0.0009802225646344809,0,0.0,0,material_composite_production_REU,eqpzs,IND_REU_NEW_ELMA,0.0009802225646344809,EOL_FLOW_EOL_DE_ELMA_INC,0.0,,1.0,2.0,0.5,2.0,2.0,2.0,sensitivity_710,sensitivity_656,circular_routes.eol_allocation_elasticity,0.5,2.0,0.5,1.25,parameter_bisection,parameter_only,2,true
sensitivity_710,policy,virgin_metal_tax_tax_0_02,virgin_metal_tax,0.02,LOCALLY_INFEASIBLE,INFEASIBLE_POINT,false,39.635408725,0.0010781964332475802,1,0.0,0,material_composite_production_REU,eqpzs,IND_REU_NEW_ELMA,0.0010781964332475802,EOL_FLOW_EOL_DE_ELMA_INC,0.0,,1.0,2.0,0.5,2.0,2.0,2.0,sensitivity_710,sensitivity_656,circular_routes.eol_allocation_elasticity,0.5,2.0,1.0,2.0,parameter_bisection,parameter_only,3,false
sensitivity_710,policy,virgin_metal_tax_tax_0_02,virgin_metal_tax,0.02,LOCALLY_INFEASIBLE,INFEASIBLE_POINT,false,11.49939456,0.0010612619413299385,1,0.0,0,material_composite_production_REU,eqpzs,IND_REU_NEW_ELMA,0.0010612619413299385,EOL_FLOW_EOL_DE_ELMA_INC,0.0,,1.0,2.0,0.5,2.0,2.0,2.0,sensitivity_710,sensitivity_656,circular_routes.eol_allocation_elasticity,0.5,2.0,0.75,1.625,parameter_bisection,parameter_only,4,false
sensitivity_710,policy,virgin_metal_tax_tax_0_02,virgin_metal_tax,0.02,LOCALLY_INFEASIBLE,INFEASIBLE_POINT,false,35.184551963,0.0010614956340440074,1,0.0,0,material_composite_production_REU,eqpzs,IND_REU_NEW_ELMA,0.0010614956340440074,EOL_FLOW_EOL_DE_ELMA_INC,0.0,,1.0,2.0,0.5,2.0,2.0,2.0,sensitivity_710,sensitivity_656,circular_routes.eol_allocation_elasticity,0.5,2.0,0.625,1.4375,parameter_bisection,parameter_only,5,false
sensitivity_710,policy,virgin_metal_tax_tax_0_02,virgin_metal_tax,0.02,LOCALLY_INFEASIBLE,INFEASIBLE_POINT,true,4.782007675,0.0008828473048462238,0,0.0,0,material_composite_production_REU,eqpzs,IND_REU_NEW_ELMA,0.0008828473048462238,EOL_FLOW_EOL_DE_ELMA_INC,0.0,,1.0,2.0,0.5,2.0,2.0,2.0,sensitivity_710,sensitivity_656,circular_routes.eol_allocation_elasticity,0.5,2.0,0.5625,1.34375,parameter_bisection,parameter_only,6,true
sensitivity_710,policy,virgin_metal_tax_tax_0_02,virgin_metal_tax,0.02,LOCALLY_INFEASIBLE,INFEASIBLE_POINT,false,5.13317715,0.0010338356176249341,1,0.0,0,material_composite_production_REU,eqpzs,IND_REU_NEW_ELMA,0.0010338356176249341,EOL_FLOW_EOL_DE_ELMA_INC,0.0,,1.0,2.0,0.5,2.0,2.0,2.0,sensitivity_710,sensitivity_656,circular_routes.eol_allocation_elasticity,0.5,2.0,0.6875,1.53125,parameter_bisection,parameter_only,7,false
sensitivity_710,policy,virgin_metal_tax_tax_0_02,virgin_metal_tax,0.02,LOCALLY_INFEASIBLE,INFEASIBLE_POINT,true,2.940540434,0.0009076403331970129,0,0.0,0,material_composite_production_REU,eqpzs,IND_REU_NEW_ELMA,0.0009076403331970129,EOL_FLOW_EOL_DE_ELMA_INC,0.0,,1.0,2.0,0.5,2.0,2.0,2.0,sensitivity_710,sensitivity_656,circular_routes.eol_allocation_elasticity,0.5,2.0,0.625,1.4375,parameter_bisection,parameter_only,8,true
sensitivity_710,policy,virgin_metal_tax_tax_0_02,virgin_metal_tax,0.02,LOCALLY_INFEASIBLE,INFEASIBLE_POINT,false,11.186600577,0.0010487796215364886,1,0.0,0,material_composite_production_REU,eqpzs,IND_REU_NEW_ELMA,0.0010487796215364886,EOL_FLOW_EOL_DE_ELMA_INC,0.0,,1.0,2.0,0.5,2.0,2.0,2.0,sensitivity_710,sensitivity_656,circular_routes.eol_allocation_elasticity,0.5,2.0,0.75,1.625,parameter_bisection,parameter_only,9,false
sensitivity_710,policy,virgin_metal_tax_tax_0_02,virgin_metal_tax,0.02,LOCALLY_INFEASIBLE,INFEASIBLE_POINT,false,26.841873627,0.0010791795773100743,1,0.0,0,material_composite_production_REU,eqpzs,IND_REU_NEW_ELMA,0.0010791795773100743,EOL_FLOW_EOL_DE_ELMA_INC,0.0,,1.0,2.0,0.5,2.0,2.0,2.0,sensitivity_710,sensitivity_656,circular_routes.eol_allocation_elasticity,0.5,2.0,0.6875,1.53125,parameter_bisection,parameter_only,10,false
sensitivity_710,policy,virgin_metal_tax_tax_0_02,virgin_metal_tax,0.02,LOCALLY_INFEASIBLE,INFEASIBLE_POINT,false,19.213036918,0.0010806400243308367,1,4.85621624497004e-10,0,material_composite_production_REU,eqpzs,IND_REU_NEW_ELMA,0.0010806400243308367,X_IND_SK_REU_ELMA_IND_SK_REP_OFMA,4.85621624497004e-10,,1.0,2.0,0.5,2.0,2.0,2.0,sensitivity_710,sensitivity_656,circular_routes.eol_allocation_elasticity,0.5,2.0,0.65625,1.484375,parameter_bisection,parameter_only,11,false
sensitivity_710,policy,virgin_metal_tax_tax_0_02,virgin_metal_tax,0.02,LOCALLY_INFEASIBLE,INFEASIBLE_POINT,false,24.150523697,0.0010770610544318382,1,0.0,0,material_composite_production_REU,eqpzs,IND_REU_NEW_ELMA,0.0010770610544318382,EOL_FLOW_EOL_DE_ELMA_INC,0.0,,1.0,2.0,0.5,2.0,2.0,2.0,sensitivity_710,sensitivity_656,circular_routes.eol_allocation_elasticity,0.5,2.0,0.640625,1.4609375,parameter_bisection,parameter_only,12,false
sensitivity_710,policy,virgin_metal_tax_tax_0_02,virgin_metal_tax,0.02,LOCALLY_INFEASIBLE,INFEASIBLE_POINT,true,2.136604438,0.000907638252530818,0,0.0,0,material_composite_production_REU,eqpzs,IND_REU_NEW_ELMA,0.000907638252530818,EOL_FLOW_EOL_DE_ELMA_INC,0.0,,1.0,2.0,0.5,2.0,2.0,2.0,sensitivity_710,sensitivity_656,circular_routes.eol_allocation_elasticity,0.5,2.0,0.6328125,1.44921875,parameter_bisection,parameter_only,13,true
sensitivity_710,policy,virgin_metal_tax_tax_0_02,virgin_metal_tax,0.02,LOCALLY_INFEASIBLE,INFEASIBLE_POINT,false,17.572481799,0.0010666101366744174,1,0.0,0,material_composite_production_REU,eqpzs,IND_REU_NEW_ELMA,0.0010666101366744174,EOL_FLOW_EOL_DE_ELMA_INC,0.0,,1.0,2.0,0.5,2.0,2.0,2.0,sensitivity_710,sensitivity_656,circular_routes.eol_allocation_elasticity,0.5,2.0,0.6484375,1.47265625,parameter_bisection,parameter_only,14,false
sensitivity_710,policy,virgin_metal_tax_tax_0_02,virgin_metal_tax,0.02,LOCALLY_INFEASIBLE,INFEASIBLE_POINT,true,1.747130822,0.0009076083713478456,0,0.0,0,material_composite_production_REU,eqpzs,IND_REU_NEW_ELMA,0.0009076083713478456,EOL_FLOW_EOL_DE_ELMA_INC,0.0,,1.0,2.0,0.5,2.0,2.0,2.0,sensitivity_710,sensitivity_656,circular_routes.eol_allocation_elasticity,0.5,2.0,0.640625,1.4609375,parameter_bisection,parameter_only,15,true
sensitivity_710,policy,virgin_metal_tax_tax_0_02,virgin_metal_tax,0.02,LOCALLY_INFEASIBLE,INFEASIBLE_POINT,false,10.040805126,0.0010587222126333673,1,0.0,0,material_composite_production_REU,eqpzs,IND_REU_NEW_ELMA,0.0010587222126333673,EOL_FLOW_EOL_DE_ELMA_INC,0.0,,1.0,2.0,0.5,2.0,2.0,2.0,sensitivity_710,sensitivity_656,circular_routes.eol_allocation_elasticity,0.5,2.0,0.65625,1.484375,parameter_bisection,parameter_only,16,false
sensitivity_710,policy,virgin_metal_tax_tax_0_02,virgin_metal_tax,0.02,LOCALLY_INFEASIBLE,INFEASIBLE_POINT,false,16.663996043,0.0010530443583920412,1,0.0,0,material_composite_production_REU,eqpzs,IND_REU_NEW_ELMA,0.0010530443583920412,EOL_FLOW_EOL_DE_ELMA_INC,0.0,,1.0,2.0,0.5,2.0,2.0,2.0,sensitivity_710,sensitivity_656,circular_routes.eol_allocation_elasticity,0.5,2.0,0.6484375,1.47265625,parameter_bisection,parameter_only,17,false
sensitivity_710,policy,virgin_metal_tax_tax_0_02,virgin_metal_tax,0.02,LOCALLY_INFEASIBLE,INFEASIBLE_POINT,false,21.154059441,0.0010760374719948063,1,0.0,0,material_composite_production_REU,eqpzs,IND_REU_NEW_ELMA,0.0010760374719948063,EOL_FLOW_EOL_DE_ELMA_INC,0.0,,1.0,2.0,0.5,2.0,2.0,2.0,sensitivity_710,sensitivity_656,circular_routes.eol_allocation_elasticity,0.5,2.0,0.64453125,1.466796875,parameter_bisection,parameter_only,18,false
sensitivity_710,policy,virgin_metal_tax_tax_0_02,virgin_metal_tax,0.02,LOCALLY_INFEASIBLE,INFEASIBLE_POINT,true,1.893568609,0.0009076071894102977,0,0.0,0,material_composite_production_REU,eqpzs,IND_REU_NEW_ELMA,0.0009076071894102977,EOL_FLOW_EOL_DE_ELMA_INC,0.0,,1.0,2.0,0.5,2.0,2.0,2.0,sensitivity_710,sensitivity_656,circular_routes.eol_allocation_elasticity,0.5,2.0,0.642578125,1.4638671875,parameter_bisection,parameter_only,19,true
sensitivity_710,policy,virgin_metal_tax_tax_0_02,virgin_metal_tax,0.02,LOCALLY_INFEASIBLE,INFEASIBLE_POINT,false,11.476231724,0.001072722674301807,1,0.0,0,material_composite_production_REU,eqpzs,IND_REU_NEW_ELMA,0.001072722674301807,EOL_FLOW_EOL_DE_ELMA_INC,0.0,,1.0,2.0,0.5,2.0,2.0,2.0,sensitivity_710,sensitivity_656,circular_routes.eol_allocation_elasticity,0.5,2.0,0.646484375,1.4697265625,parameter_bisection,parameter_only,20,false
sensitivity_710,policy,virgin_metal_tax_tax_0_02,virgin_metal_tax,0.02,LOCALLY_INFEASIBLE,INFEASIBLE_POINT,false,18.881829031,0.0010797849644300639,1,0.0,0,material_composite_production_REU,eqpzs,IND_REU_NEW_ELMA,0.0010797849644300639,EOL_FLOW_EOL_DE_ELMA_INC,0.0,,1.0,2.0,0.5,2.0,2.0,2.0,sensitivity_710,sensitivity_656,circular_routes.eol_allocation_elasticity,0.5,2.0,0.64453125,1.466796875,parameter_bisection,parameter_only,21,false
sensitivity_710,policy,virgin_metal_tax_tax_0_02,virgin_metal_tax,0.02,LOCALLY_INFEASIBLE,INFEASIBLE_POINT,true,2.182098894,0.0009076496954438795,0,0.0,0,material_composite_production_REU,eqpzs,IND_REU_NEW_ELMA,0.0009076496954438795,EOL_FLOW_EOL_DE_ELMA_INC,0.0,,1.0,2.0,0.5,2.0,2.0,2.0,sensitivity_710,sensitivity_656,circular_routes.eol_allocation_elasticity,0.5,2.0,0.6435546875,1.46533203125,parameter_bisection,parameter_only,22,true
sensitivity_710,policy,virgin_metal_tax_tax_0_02,virgin_metal_tax,0.02,LOCALLY_INFEASIBLE,INFEASIBLE_POINT,true,1.470570875,0.0009076499932285653,0,0.0,0,material_composite_production_REU,eqpzs,IND_REU_NEW_ELMA,0.0009076499932285653,EOL_FLOW_EOL_DE_ELMA_INC,0.0,,1.0,2.0,0.5,2.0,2.0,2.0,sensitivity_710,sensitivity_656,circular_routes.eol_allocation_elasticity,0.5,2.0,0.6455078125,1.46826171875,parameter_bisection,parameter_only,23,true
sensitivity_710,policy,virgin_metal_tax_tax_0_02,virgin_metal_tax,0.02,LOCALLY_INFEASIBLE,INFEASIBLE_POINT,false,21.776796215,0.001077852046334593,1,0.0,0,material_composite_production_REU,eqpzs,IND_REU_NEW_ELMA,0.001077852046334593,EOL_FLOW_EOL_DE_ELMA_INC,0.0,,1.0,2.0,0.5,2.0,2.0,2.0,sensitivity_710,sensitivity_656,circular_routes.eol_allocation_elasticity,0.5,2.0,0.6494140625,1.47412109375,parameter_bisection,parameter_only,24,false
sensitivity_710,policy,virgin_metal_tax_tax_0_02,virgin_metal_tax,0.02,LOCALLY_INFEASIBLE,INFEASIBLE_POINT,true,1.499028685,0.0009076502314347978,0,0.0,0,material_composite_production_REU,eqpzs,IND_REU_NEW_ELMA,0.0009076502314347978,EOL_FLOW_EOL_DE_ELMA_INC,0.0,,1.0,2.0,0.5,2.0,2.0,2.0,sensitivity_710,sensitivity_656,circular_routes.eol_allocation_elasticity,0.5,2.0,0.6474609375,1.47119140625,parameter_bisection,parameter_only,25,true
sensitivity_710,policy,virgin_metal_tax_tax_0_02,virgin_metal_tax,0.02,LOCALLY_INFEASIBLE,INFEASIBLE_POINT,false,23.839715173,0.001080572896115184,1,0.0,0,material_composite_production_REU,eqpzs,IND_REU_NEW_ELMA,0.001080572896115184,EOL_FLOW_EOL_DE_ELMA_INC,0.0,,1.0,2.0,0.5,2.0,2.0,2.0,sensitivity_710,sensitivity_656,circular_routes.eol_allocation_elasticity,0.5,2.0,0.6513671875,1.47705078125,parameter_bisection,parameter_only,26,false
sensitivity_710,policy,virgin_metal_tax_tax_0_02,virgin_metal_tax,0.02,LOCALLY_INFEASIBLE,INFEASIBLE_POINT,true,1.790296926,0.0009076503936913394,0,0.0,0,material_composite_production_REU,eqpzs,IND_REU_NEW_ELMA,0.0009076503936913394,EOL_FLOW_EOL_DE_ELMA_INC,0.0,,1.0,2.0,0.5,2.0,2.0,2.0,sensitivity_710,sensitivity_656,circular_routes.eol_allocation_elasticity,0.5,2.0,0.6494140625,1.47412109375,parameter_bisection,parameter_only,27,true
sensitivity_710,policy,virgin_metal_tax_tax_0_02,virgin_metal_tax,0.02,LOCALLY_INFEASIBLE,INFEASIBLE_POINT,false,18.69099528,0.0010800383943342373,1,0.0,0,material_composite_production_REU,eqpzs,IND_REU_NEW_ELMA,0.0010800383943342373,EOL_FLOW_EOL_DE_ELMA_INC,0.0,,1.0,2.0,0.5,2.0,2.0,2.0,sensitivity_710,sensitivity_656,circular_routes.eol_allocation_elasticity,0.5,2.0,0.6533203125,1.47998046875,parameter_bisection,parameter_only,28,false
sensitivity_710,policy,virgin_metal_tax_tax_0_02,virgin_metal_tax,0.02,LOCALLY_INFEASIBLE,INFEASIBLE_POINT,true,1.893667931,0.0009076504649886408,0,0.0,0,material_composite_production_REU,eqpzs,IND_REU_NEW_ELMA,0.0009076504649886408,EOL_FLOW_EOL_DE_ELMA_INC,0.0,,1.0,2.0,0.5,2.0,2.0,2.0,sensitivity_710,sensitivity_656,circular_routes.eol_allocation_elasticity,0.5,2.0,0.6513671875,1.47705078125,parameter_bisection,parameter_only,29,true
sensitivity_710,policy,virgin_metal_tax_tax_0_02,virgin_metal_tax,0.02,LOCALLY_INFEASIBLE,INFEASIBLE_POINT,true,2.445042866,0.0009077363455598508,0,0.0,0,material_composite_production_REU,eqpzs,IND_REU_NEW_ELMA,0.0009077363455598508,EOL_FLOW_EOL_DE_ELMA_INC,0.0,,1.0,2.0,0.5,2.0,2.0,2.0,sensitivity_710,sensitivity_656,circular_routes.eol_allocation_elasticity,0.5,2.0,0.6552734375,1.48291015625,parameter_bisection,parameter_only,30,true
sensitivity_710,policy,virgin_metal_tax_tax_0_02,virgin_metal_tax,0.02,LOCALLY_INFEASIBLE,INFEASIBLE_POINT,false,12.087265099,0.0010683057809427465,1,0.0,0,material_composite_production_REU,eqpzs,IND_REU_NEW_ELMA,0.0010683057809427465,EOL_FLOW_EOL_DE_ELMA_INC,0.0,,1.0,2.0,0.5,2.0,2.0,2.0,sensitivity_710,sensitivity_656,circular_routes.eol_allocation_elasticity,0.5,2.0,0.6630859375,1.49462890625,parameter_bisection,parameter_only,31,false
sensitivity_710,policy,virgin_metal_tax_tax_0_02,virgin_metal_tax,0.02,LOCALLY_INFEASIBLE,INFEASIBLE_POINT,true,2.403837958,0.0009077877097025677,0,0.0,0,material_composite_production_REU,eqpzs,IND_REU_NEW_ELMA,0.0009077877097025677,EOL_FLOW_EOL_DE_ELMA_INC,0.0,,1.0,2.0,0.5,2.0,2.0,2.0,sensitivity_710,sensitivity_656,circular_routes.eol_allocation_elasticity,0.5,2.0,0.6591796875,1.48876953125,parameter_bisection,parameter_only,32,true
sensitivity_710,policy,virgin_metal_tax_tax_0_02,virgin_metal_tax,0.02,LOCALLY_INFEASIBLE,INFEASIBLE_POINT,false,14.730253897,0.0010608533658853503,1,0.0,0,material_composite_production_REU,eqpzs,IND_REU_NEW_ELMA,0.0010608533658853503,EOL_FLOW_EOL_DE_ELMA_INC,0.0,,1.0,2.0,0.5,2.0,2.0,2.0,sensitivity_710,sensitivity_656,circular_routes.eol_allocation_elasticity,0.5,2.0,0.6669921875,1.50048828125,parameter_bisection,parameter_only,33,false
sensitivity_710,policy,virgin_metal_tax_tax_0_02,virgin_metal_tax,0.02,LOCALLY_INFEASIBLE,INFEASIBLE_POINT,false,17.045674379,0.0010777597009153927,1,0.0,0,material_composite_production_REU,eqpzs,IND_REU_NEW_ELMA,0.0010777597009153927,EOL_FLOW_EOL_DE_ELMA_INC,0.0,,1.0,2.0,0.5,2.0,2.0,2.0,sensitivity_710,sensitivity_656,circular_routes.eol_allocation_elasticity,0.5,2.0,0.6630859375,1.49462890625,parameter_bisection,parameter_only,34,false
sensitivity_710,policy,virgin_metal_tax_tax_0_02,virgin_metal_tax,0.02,LOCALLY_INFEASIBLE,INFEASIBLE_POINT,true,3.746364681,0.0009077473077582221,0,1.190131224594213e-12,0,material_composite_production_REU,eqpzs,IND_REU_NEW_ELMA,0.0009077473077582221,X_IND_SK_REP_OFMA_IND_SK_REP_OFMA,1.190131224594213e-12,,1.0,2.0,0.5,2.0,2.0,2.0,sensitivity_710,sensitivity_656,circular_routes.eol_allocation_elasticity,0.5,2.0,0.6611328125,1.49169921875,parameter_bisection,parameter_only,35,true
sensitivity_710,policy,virgin_metal_tax_tax_0_02,virgin_metal_tax,0.02,LOCALLY_INFEASIBLE,INFEASIBLE_POINT,false,26.123108754,0.0010762119823719551,1,0.0,0,material_composite_production_REU,eqpzs,IND_REU_NEW_ELMA,0.0010762119823719551,EOL_FLOW_EOL_DE_ELMA_INC,0.0,,1.0,2.0,0.5,2.0,2.0,2.0,sensitivity_710,sensitivity_656,circular_routes.eol_allocation_elasticity,0.5,2.0,0.6650390625,1.49755859375,parameter_bisection,parameter_only,36,false
sensitivity_710,policy,virgin_metal_tax_tax_0_02,virgin_metal_tax,0.02,LOCALLY_INFEASIBLE,INFEASIBLE_POINT,false,19.741524634,0.00106077743385391,1,0.0,0,material_composite_production_REU,eqpzs,IND_REU_NEW_ELMA,0.00106077743385391,EOL_FLOW_EOL_DE_ELMA_INC,0.0,,1.0,2.0,0.5,2.0,2.0,2.0,sensitivity_710,sensitivity_656,circular_routes.eol_allocation_elasticity,0.5,2.0,0.6630859375,1.49462890625,parameter_bisection,parameter_only,37,false
sensitivity_710,policy,virgin_metal_tax_tax_0_02,virgin_metal_tax,0.02,LOCALLY_INFEASIBLE,INFEASIBLE_POINT,false,27.028079498,0.0010804863919339214,1,0.0,0,material_composite_production_REU,eqpzs,IND_REU_NEW_ELMA,0.0010804863919339214,EOL_FLOW_EOL_DE_ELMA_INC,0.0,,1.0,2.0,0.5,2.0,2.0,2.0,sensitivity_710,sensitivity_656,circular_routes.eol_allocation_elasticity,0.5,2.0,0.662109375,1.4931640625,parameter_bisection,parameter_only,38,false
sensitivity_710,policy,virgin_metal_tax_tax_0_02,virgin_metal_tax,0.02,LOCALLY_INFEASIBLE,INFEASIBLE_POINT,false,19.578008995,0.0010800853827592771,1,0.0,0,material_composite_production_REU,eqpzs,IND_REU_NEW_ELMA,0.0010800853827592771,EOL_FLOW_EOL_DE_ELMA_INC,0.0,,1.0,2.0,0.5,2.0,2.0,2.0,sensitivity_710,sensitivity_656,circular_routes.eol_allocation_elasticity,0.5,2.0,0.66162109375,1.492431640625,parameter_bisection,parameter_only,39,false
sensitivity_710,policy,virgin_metal_tax_tax_0_02,virgin_metal_tax,0.02,LOCALLY_INFEASIBLE,INFEASIBLE_POINT,false,25.491403559,0.0010535294681778273,1,0.0,0,material_composite_production_REU,eqpzs,IND_REU_NEW_ELMA,0.0010535294681778273,EOL_FLOW_EOL_DE_ELMA_INC,0.0,,1.0,2.0,0.5,2.0,2.0,2.0,sensitivity_710,sensitivity_656,circular_routes.eol_allocation_elasticity,0.5,2.0,0.661376953125,1.4920654296875,parameter_bisection,parameter_only,40,false
sensitivity_710,policy,virgin_metal_tax_tax_0_02,virgin_metal_tax,0.02,LOCALLY_INFEASIBLE,INFEASIBLE_POINT,false,18.105729166,0.001063126055040442,1,0.0,0,material_composite_production_REU,eqpzs,IND_REU_NEW_ELMA,0.001063126055040442,EOL_FLOW_EOL_DE_ELMA_INC,0.0,,1.0,2.0,0.5,2.0,2.0,2.0,sensitivity_710,sensitivity_656,circular_routes.eol_allocation_elasticity,0.5,2.0,0.6612548828125,1.49188232421875,parameter_bisection,parameter_only,41,false
sensitivity_718,policy,virgin_metal_tax_tax_0_02,virgin_metal_tax,0.02,LOCALLY_INFEASIBLE,INFEASIBLE_POINT,false,44.878434276,0.0010815813358334703,1,0.0,0,material_composite_production_REU,eqpzs,IND_REU_NEW_ELMA,0.0010815813358334703,EOL_FLOW_EOL_DE_ELMA_INC,0.0,,0.5,2.0,1.0,2.0,2.0,2.0,sensitivity_718,sensitivity_691,circular_routes.eol_allocation_elasticity,1.0,2.0,1.0,2.0,direct_target,parameter_only,1,false
sensitivity_718,policy,virgin_metal_tax_tax_0_02,virgin_metal_tax,0.02,LOCALLY_INFEASIBLE,INFEASIBLE_POINT,false,16.122610581,0.0010705653776744706,1,0.0,0,material_composite_production_REU,eqpzs,IND_REU_NEW_ELMA,0.0010705653776744706,EOL_FLOW_EOL_DE_ELMA_INC,0.0,,0.5,2.0,1.0,2.0,2.0,2.0,sensitivity_718,sensitivity_691,circular_routes.eol_allocation_elasticity,1.0,2.0,0.5,1.5,parameter_bisection,parameter_only,2,false
sensitivity_718,policy,virgin_metal_tax_tax_0_02,virgin_metal_tax,0.02,LOCALLY_INFEASIBLE,INFEASIBLE_POINT,false,21.936792846,0.0010559346511522794,1,0.0,0,material_composite_production_REU,eqpzs,IND_REU_NEW_ELMA,0.0010559346511522794,EOL_FLOW_EOL_DE_ELMA_INC,0.0,,0.5,2.0,1.0,2.0,2.0,2.0,sensitivity_718,sensitivity_691,circular_routes.eol_allocation_elasticity,1.0,2.0,0.25,1.25,parameter_bisection,parameter_only,3,false
sensitivity_718,policy,virgin_metal_tax_tax_0_02,virgin_metal_tax,0.02,LOCALLY_INFEASIBLE,INFEASIBLE_POINT,true,11.021144594,0.0009438358263892388,0,0.0,0,material_composite_production_REU,eqpzs,IND_REU_NEW_ELMA,0.0009438358263892388,EOL_FLOW_EOL_DE_ELMA_INC,0.0,,0.5,2.0,1.0,2.0,2.0,2.0,sensitivity_718,sensitivity_691,circular_routes.eol_allocation_elasticity,1.0,2.0,0.125,1.125,parameter_bisection,parameter_only,4,true
sensitivity_718,policy,virgin_metal_tax_tax_0_02,virgin_metal_tax,0.02,LOCALLY_INFEASIBLE,INFEASIBLE_POINT,false,15.263070975,0.001035261942425203,1,0.0,0,material_composite_production_REU,eqpzs,IND_REU_NEW_ELMA,0.001035261942425203,EOL_FLOW_EOL_DE_ELMA_INC,0.0,,0.5,2.0,1.0,2.0,2.0,2.0,sensitivity_718,sensitivity_691,circular_routes.eol_allocation_elasticity,1.0,2.0,0.375,1.375,parameter_bisection,parameter_only,5,false
sensitivity_718,policy,virgin_metal_tax_tax_0_02,virgin_metal_tax,0.02,LOCALLY_INFEASIBLE,INFEASIBLE_POINT,false,26.865239142,0.026788008443529687,1,0.0,0,observed_physical_flow_links,quantity_link,physical_SK_OFMA_REP_route_input_mass,0.026788008443529687,EOL_FLOW_EOL_DE_ELMA_INC,0.0,,0.5,2.0,1.0,2.0,2.0,2.0,sensitivity_718,sensitivity_691,circular_routes.eol_allocation_elasticity,1.0,2.0,0.25,1.25,parameter_bisection,parameter_only,6,false
sensitivity_718,policy,virgin_metal_tax_tax_0_02,virgin_metal_tax,0.02,LOCALLY_INFEASIBLE,INFEASIBLE_POINT,false,61.932300173,0.0010793801870599973,1,0.0,0,material_composite_production_REU,eqpzs,IND_REU_NEW_ELMA,0.0010793801870599973,EOL_FLOW_EOL_DE_ELMA_INC,0.0,,0.5,2.0,1.0,2.0,2.0,2.0,sensitivity_718,sensitivity_691,circular_routes.eol_allocation_elasticity,1.0,2.0,0.1875,1.1875,parameter_bisection,parameter_only,7,false
sensitivity_718,policy,virgin_metal_tax_tax_0_02,virgin_metal_tax,0.02,LOCALLY_INFEASIBLE,INFEASIBLE_POINT,false,24.068817157,0.0010430580407813084,1,0.0,0,material_composite_production_REU,eqpzs,IND_REU_NEW_ELMA,0.0010430580407813084,EOL_FLOW_EOL_DE_ELMA_INC,0.0,,0.5,2.0,1.0,2.0,2.0,2.0,sensitivity_718,sensitivity_691,circular_routes.eol_allocation_elasticity,1.0,2.0,0.15625,1.15625,parameter_bisection,parameter_only,8,false
sensitivity_718,policy,virgin_metal_tax_tax_0_02,virgin_metal_tax,0.02,LOCALLY_INFEASIBLE,INFEASIBLE_POINT,false,10.365940487,0.001007848899007957,1,0.0,0,material_composite_production_REU,eqpzs,IND_REU_NEW_ELMA,0.001007848899007957,EOL_FLOW_EOL_DE_ELMA_INC,0.0,,0.5,2.0,1.0,2.0,2.0,2.0,sensitivity_718,sensitivity_691,circular_routes.eol_allocation_elasticity,1.0,2.0,0.140625,1.140625,parameter_bisection,parameter_only,9,false
sensitivity_718,policy,virgin_metal_tax_tax_0_02,virgin_metal_tax,0.02,LOCALLY_INFEASIBLE,INFEASIBLE_POINT,false,14.331628682,0.0010608880008516897,1,0.0,0,material_composite_production_REU,eqpzs,IND_REU_NEW_ELMA,0.0010608880008516897,EOL_FLOW_EOL_DE_ELMA_INC,0.0,,0.5,2.0,1.0,2.0,2.0,2.0,sensitivity_718,sensitivity_691,circular_routes.eol_allocation_elasticity,1.0,2.0,0.1328125,1.1328125,parameter_bisection,parameter_only,10,false
sensitivity_718,policy,virgin_metal_tax_tax_0_02,virgin_metal_tax,0.02,LOCALLY_INFEASIBLE,INFEASIBLE_POINT,true,6.768823579,0.0009712850432664899,0,0.0,0,material_composite_production_REU,eqpzs,IND_REU_NEW_ELMA,0.0009712850432664899,EOL_FLOW_EOL_DE_ELMA_INC,0.0,,0.5,2.0,1.0,2.0,2.0,2.0,sensitivity_718,sensitivity_691,circular_routes.eol_allocation_elasticity,1.0,2.0,0.12890625,1.12890625,parameter_bisection,parameter_only,11,true
sensitivity_718,policy,virgin_metal_tax_tax_0_02,virgin_metal_tax,0.02,LOCALLY_INFEASIBLE,INFEASIBLE_POINT,false,9.997953806,0.0010572601504500456,1,0.0,0,material_composite_production_REU,eqpzs,IND_REU_NEW_ELMA,0.0010572601504500456,EOL_FLOW_EOL_DE_ELMA_INC,0.0,,0.5,2.0,1.0,2.0,2.0,2.0,sensitivity_718,sensitivity_691,circular_routes.eol_allocation_elasticity,1.0,2.0,0.13671875,1.13671875,parameter_bisection,parameter_only,12,false
sensitivity_718,policy,virgin_metal_tax_tax_0_02,virgin_metal_tax,0.02,LOCALLY_INFEASIBLE,INFEASIBLE_POINT,true,2.803643451,0.0009693860227752982,0,0.0,0,material_composite_production_REU,eqpzs,IND_REU_NEW_ELMA,0.0009693860227752982,EOL_FLOW_EOL_DE_ELMA_INC,0.0,,0.5,2.0,1.0,2.0,2.0,2.0,sensitivity_718,sensitivity_691,circular_routes.eol_allocation_elasticity,1.0,2.0,0.1328125,1.1328125,parameter_bisection,parameter_only,13,true
sensitivity_718,policy,virgin_metal_tax_tax_0_02,virgin_metal_tax,0.02,LOCALLY_INFEASIBLE,INFEASIBLE_POINT,false,7.166192631,0.0010159003350797002,1,0.0,0,material_composite_production_REU,eqpzs,IND_REU_NEW_ELMA,0.0010159003350797002,EOL_FLOW_EOL_DE_ELMA_INC,0.0,,0.5,2.0,1.0,2.0,2.0,2.0,sensitivity_718,sensitivity_691,circular_routes.eol_allocation_elasticity,1.0,2.0,0.140625,1.140625,parameter_bisection,parameter_only,14,false
sensitivity_718,policy,virgin_metal_tax_tax_0_02,virgin_metal_tax,0.02,LOCALLY_INFEASIBLE,INFEASIBLE_POINT,true,15.953655717,0.0009095629619237933,0,0.0,0,material_composite_production_REU,eqpzs,IND_REU_NEW_ELMA,0.0009095629619237933,EOL_FLOW_EOL_DE_ELMA_INC,0.0,,0.5,2.0,1.0,2.0,2.0,2.0,sensitivity_718,sensitivity_691,circular_routes.eol_allocation_elasticity,1.0,2.0,0.13671875,1.13671875,parameter_bisection,parameter_only,15,true
sensitivity_718,policy,virgin_metal_tax_tax_0_02,virgin_metal_tax,0.02,LOCALLY_INFEASIBLE,INFEASIBLE_POINT,true,2.394162721,0.0008878423810937397,0,0.0,0,material_composite_production_REU,eqpzs,IND_REU_NEW_ELMA,0.0008878423810937397,EOL_FLOW_EOL_DE_ELMA_INC,0.0,,0.5,2.0,1.0,2.0,2.0,2.0,sensitivity_718,sensitivity_691,circular_routes.eol_allocation_elasticity,1.0,2.0,0.14453125,1.14453125,parameter_bisection,parameter_only,16,true
sensitivity_718,policy,virgin_metal_tax_tax_0_02,virgin_metal_tax,0.02,LOCALLY_INFEASIBLE,INFEASIBLE_POINT,false,30.244004569,0.0018470089213009633,1,0.0,0,observed_physical_flow_links,quantity_link,physical_SK_OFMA_REP_route_input_mass,0.0018470089213009633,EOL_FLOW_EOL_DE_ELMA_INC,0.0,,0.5,2.0,1.0,2.0,2.0,2.0,sensitivity_718,sensitivity_691,circular_routes.eol_allocation_elasticity,1.0,2.0,0.16015625,1.16015625,parameter_bisection,parameter_only,17,false
sensitivity_718,policy,virgin_metal_tax_tax_0_02,virgin_metal_tax,0.02,LOCALLY_INFEASIBLE,INFEASIBLE_POINT,false,40.197807935,0.0010350909064009706,1,0.0,0,material_composite_production_REU,eqpzs,IND_REU_NEW_ELMA,0.0010350909064009706,EOL_FLOW_EOL_DE_ELMA_INC,0.0,,0.5,2.0,1.0,2.0,2.0,2.0,sensitivity_718,sensitivity_691,circular_routes.eol_allocation_elasticity,1.0,2.0,0.15234375,1.15234375,parameter_bisection,parameter_only,18,false
sensitivity_718,policy,virgin_metal_tax_tax_0_02,virgin_metal_tax,0.02,LOCALLY_INFEASIBLE,INFEASIBLE_POINT,true,2.756626065,0.0009163063112562764,0,0.0,0,material_composite_production_REU,eqpzs,IND_REU_NEW_ELMA,0.0009163063112562764,EOL_FLOW_EOL_DE_ELMA_INC,0.0,,0.5,2.0,1.0,2.0,2.0,2.0,sensitivity_718,sensitivity_691,circular_routes.eol_allocation_elasticity,1.0,2.0,0.1484375,1.1484375,parameter_bisection,parameter_only,19,true
sensitivity_718,policy,virgin_metal_tax_tax_0_02,virgin_metal_tax,0.02,LOCALLY_INFEASIBLE,INFEASIBLE_POINT,false,12.287278586,0.001024536957006994,1,0.0,0,material_composite_production_REU,eqpzs,IND_REU_NEW_ELMA,0.001024536957006994,EOL_FLOW_EOL_DE_ELMA_INC,0.0,,0.5,2.0,1.0,2.0,2.0,2.0,sensitivity_718,sensitivity_691,circular_routes.eol_allocation_elasticity,1.0,2.0,0.15625,1.15625,parameter_bisection,parameter_only,20,false
sensitivity_718,policy,virgin_metal_tax_tax_0_02,virgin_metal_tax,0.02,LOCALLY_INFEASIBLE,INFEASIBLE_POINT,true,5.390941418,0.0009330201187628395,0,0.0,0,material_composite_production_REU,eqpzs,IND_REU_NEW_ELMA,0.0009330201187628395,EOL_FLOW_EOL_DE_ELMA_INC,0.0,,0.5,2.0,1.0,2.0,2.0,2.0,sensitivity_718,sensitivity_691,circular_routes.eol_allocation_elasticity,1.0,2.0,0.15234375,1.15234375,parameter_bisection,parameter_only,21,true
sensitivity_718,policy,virgin_metal_tax_tax_0_02,virgin_metal_tax,0.02,LOCALLY_INFEASIBLE,INFEASIBLE_POINT,false,20.80603499,0.0010821301952528284,1,0.0,0,material_composite_production_REU,eqpzs,IND_REU_NEW_ELMA,0.0010821301952528284,EOL_FLOW_EOL_DE_ELMA_INC,0.0,,0.5,2.0,1.0,2.0,2.0,2.0,sensitivity_718,sensitivity_691,circular_routes.eol_allocation_elasticity,1.0,2.0,0.16015625,1.16015625,parameter_bisection,parameter_only,22,false
sensitivity_718,policy,virgin_metal_tax_tax_0_02,virgin_metal_tax,0.02,LOCALLY_INFEASIBLE,INFEASIBLE_POINT,true,3.261918004,0.0009413324415648017,0,0.0,0,material_composite_production_REU,eqpzs,IND_REU_NEW_ELMA,0.0009413324415648017,EOL_FLOW_EOL_DE_ELMA_INC,0.0,,0.5,2.0,1.0,2.0,2.0,2.0,sensitivity_718,sensitivity_691,circular_routes.eol_allocation_elasticity,1.0,2.0,0.15625,1.15625,parameter_bisection,parameter_only,23,true
sensitivity_718,policy,virgin_metal_tax_tax_0_02,virgin_metal_tax,0.02,LOCALLY_INFEASIBLE,INFEASIBLE_POINT,false,17.203241029,0.0010843277518695071,1,0.0,0,material_composite_production_REU,eqpzs,IND_REU_NEW_ELMA,0.0010843277518695071,EOL_FLOW_EOL_DE_ELMA_INC,0.0,,0.5,2.0,1.0,2.0,2.0,2.0,sensitivity_718,sensitivity_691,circular_routes.eol_allocation_elasticity,1.0,2.0,0.1640625,1.1640625,parameter_bisection,parameter_only,24,false
sensitivity_718,policy,virgin_metal_tax_tax_0_02,virgin_metal_tax,0.02,LOCALLY_INFEASIBLE,INFEASIBLE_POINT,false,19.629681329,0.001061933985899377,1,0.0,0,material_composite_production_REU,eqpzs,IND_REU_NEW_ELMA,0.001061933985899377,EOL_FLOW_EOL_DE_ELMA_INC,0.0,,0.5,2.0,1.0,2.0,2.0,2.0,sensitivity_718,sensitivity_691,circular_routes.eol_allocation_elasticity,1.0,2.0,0.16015625,1.16015625,parameter_bisection,parameter_only,25,false
sensitivity_718,policy,virgin_metal_tax_tax_0_02,virgin_metal_tax,0.02,LOCALLY_INFEASIBLE,INFEASIBLE_POINT,true,1.87114722,0.000936588605126687,0,0.0,0,material_composite_production_REU,eqpzs,IND_REU_NEW_ELMA,0.000936588605126687,EOL_FLOW_EOL_DE_ELMA_INC,0.0,,0.5,2.0,1.0,2.0,2.0,2.0,sensitivity_718,sensitivity_691,circular_routes.eol_allocation_elasticity,1.0,2.0,0.158203125,1.158203125,parameter_bisection,parameter_only,26,true
sensitivity_718,policy,virgin_metal_tax_tax_0_02,virgin_metal_tax,0.02,LOCALLY_INFEASIBLE,INFEASIBLE_POINT,false,12.652841148,0.001082405587698676,1,0.0,0,material_composite_production_REU,eqpzs,IND_REU_NEW_ELMA,0.001082405587698676,EOL_FLOW_EOL_DE_ELMA_INC,0.0,,0.5,2.0,1.0,2.0,2.0,2.0,sensitivity_718,sensitivity_691,circular_routes.eol_allocation_elasticity,1.0,2.0,0.162109375,1.162109375,parameter_bisection,parameter_only,27,false
sensitivity_718,policy,virgin_metal_tax_tax_0_02,virgin_metal_tax,0.02,LOCALLY_INFEASIBLE,INFEASIBLE_POINT,false,18.230179283,0.001045325648026063,1,0.0,0,material_composite_production_REU,eqpzs,IND_REU_NEW_ELMA,0.001045325648026063,EOL_FLOW_EOL_DE_ELMA_INC,0.0,,0.5,2.0,1.0,2.0,2.0,2.0,sensitivity_718,sensitivity_691,circular_routes.eol_allocation_elasticity,1.0,2.0,0.16015625,1.16015625,parameter_bisection,parameter_only,28,false
sensitivity_718,policy,virgin_metal_tax_tax_0_02,virgin_metal_tax,0.02,LOCALLY_INFEASIBLE,INFEASIBLE_POINT,true,3.531586305,0.0009594909161249054,0,0.0,0,material_composite_production_REU,eqpzs,IND_REU_NEW_ELMA,0.0009594909161249054,EOL_FLOW_EOL_DE_ELMA_INC,0.0,,0.5,2.0,1.0,2.0,2.0,2.0,sensitivity_718,sensitivity_691,circular_routes.eol_allocation_elasticity,1.0,2.0,0.1591796875,1.1591796875,parameter_bisection,parameter_only,29,true
sensitivity_718,policy,virgin_metal_tax_tax_0_02,virgin_metal_tax,0.02,LOCALLY_INFEASIBLE,INFEASIBLE_POINT,true,2.220104304,0.0009596870530816926,0,4.4396735015286965e-10,0,material_composite_production_REU,eqpzs,IND_REU_NEW_ELMA,0.0009596870530816926,X_IND_SK_REP_OFMA_IND_SK_REP_OFMA,4.4396735015286965e-10,,0.5,2.0,1.0,2.0,2.0,2.0,sensitivity_718,sensitivity_691,circular_routes.eol_allocation_elasticity,1.0,2.0,0.1611328125,1.1611328125,parameter_bisection,parameter_only,30,true
sensitivity_718,policy,virgin_metal_tax_tax_0_02,virgin_metal_tax,0.02,LOCALLY_INFEASIBLE,INFEASIBLE_POINT,false,21.893728563,0.001077874290039471,1,0.0,0,material_composite_production_REU,eqpzs,IND_REU_NEW_ELMA,0.001077874290039471,EOL_FLOW_EOL_DE_ELMA_INC,0.0,,0.5,2.0,1.0,2.0,2.0,2.0,sensitivity_718,sensitivity_691,circular_routes.eol_allocation_elasticity,1.0,2.0,0.1650390625,1.1650390625,parameter_bisection,parameter_only,31,false
sensitivity_718,policy,virgin_metal_tax_tax_0_02,virgin_metal_tax,0.02,LOCALLY_INFEASIBLE,INFEASIBLE_POINT,false,31.108999829,0.0010788749949416365,1,0.0,0,material_composite_production_REU,eqpzs,IND_REU_NEW_ELMA,0.0010788749949416365,EOL_FLOW_EOL_DE_ELMA_INC,0.0,,0.5,2.0,1.0,2.0,2.0,2.0,sensitivity_718,sensitivity_691,circular_routes.eol_allocation_elasticity,1.0,2.0,0.1630859375,1.1630859375,parameter_bisection,parameter_only,32,false
sensitivity_718,policy,virgin_metal_tax_tax_0_02,virgin_metal_tax,0.02,LOCALLY_INFEASIBLE,INFEASIBLE_POINT,false,5.796201433,0.0010173094436031205,1,0.0,0,material_composite_production_REU,eqpzs,IND_REU_NEW_ELMA,0.0010173094436031205,EOL_FLOW_EOL_DE_ELMA_INC,0.0,,0.5,2.0,1.0,2.0,2.0,2.0,sensitivity_718,sensitivity_691,circular_routes.eol_allocation_elasticity,1.0,2.0,0.162109375,1.162109375,parameter_bisection,parameter_only,33,false
sensitivity_718,policy,virgin_metal_tax_tax_0_02,virgin_metal_tax,0.02,LOCALLY_INFEASIBLE,INFEASIBLE_POINT,true,4.807874773,0.0009755374013964424,0,0.0,0,material_composite_production_REU,eqpzs,IND_REU_NEW_ELMA,0.0009755374013964424,EOL_FLOW_EOL_DE_ELMA_INC,0.0,,0.5,2.0,1.0,2.0,2.0,2.0,sensitivity_718,sensitivity_691,circular_routes.eol_allocation_elasticity,1.0,2.0,0.16162109375,1.16162109375,parameter_bisection,parameter_only,34,true
sensitivity_718,policy,virgin_metal_tax_tax_0_02,virgin_metal_tax,0.02,LOCALLY_INFEASIBLE,INFEASIBLE_POINT,false,32.155616644,0.0010789019566521674,1,0.0,0,material_composite_production_REU,eqpzs,IND_REU_NEW_ELMA,0.0010789019566521674,EOL_FLOW_EOL_DE_ELMA_INC,0.0,,0.5,2.0,1.0,2.0,2.0,2.0,sensitivity_718,sensitivity_691,circular_routes.eol_allocation_elasticity,1.0,2.0,0.16259765625,1.16259765625,parameter_bisection,parameter_only,35,false
sensitivity_718,policy,virgin_metal_tax_tax_0_02,virgin_metal_tax,0.02,LOCALLY_INFEASIBLE,INFEASIBLE_POINT,false,8.665188807,0.0010795748004762684,1,0.0,0,material_composite_production_REU,eqpzs,IND_REU_NEW_ELMA,0.0010795748004762684,EOL_FLOW_EOL_DE_ELMA_INC,0.0,,0.5,2.0,1.0,2.0,2.0,2.0,sensitivity_718,sensitivity_691,circular_routes.eol_allocation_elasticity,1.0,2.0,0.162109375,1.162109375,parameter_bisection,parameter_only,36,false
sensitivity_718,policy,virgin_metal_tax_tax_0_02,virgin_metal_tax,0.02,LOCALLY_INFEASIBLE,INFEASIBLE_POINT,true,1.664030543,0.0009755245937757007,0,0.0,0,material_composite_production_REU,eqpzs,IND_REU_NEW_ELMA,0.0009755245937757007,EOL_FLOW_EOL_DE_ELMA_INC,0.0,,0.5,2.0,1.0,2.0,2.0,2.0,sensitivity_718,sensitivity_691,circular_routes.eol_allocation_elasticity,1.0,2.0,0.161865234375,1.161865234375,parameter_bisection,parameter_only,37,true
sensitivity_718,policy,virgin_metal_tax_tax_0_02,virgin_metal_tax,0.02,LOCALLY_INFEASIBLE,INFEASIBLE_POINT,true,2.591296644,0.0009848934960390299,0,0.0,0,material_composite_production_REU,eqpzs,IND_REU_NEW_ELMA,0.0009848934960390299,EOL_FLOW_EOL_DE_ELMA_INC,0.0,,0.5,2.0,1.0,2.0,2.0,2.0,sensitivity_718,sensitivity_691,circular_routes.eol_allocation_elasticity,1.0,2.0,0.162353515625,1.162353515625,parameter_bisection,parameter_only,38,true
sensitivity_718,policy,virgin_metal_tax_tax_0_02,virgin_metal_tax,0.02,LOCALLY_INFEASIBLE,INFEASIBLE_POINT,true,2.289079227,0.0009830373725830954,0,0.0,0,material_composite_production_REU,eqpzs,IND_REU_NEW_ELMA,0.0009830373725830954,EOL_FLOW_EOL_DE_ELMA_INC,0.0,,0.5,2.0,1.0,2.0,2.0,2.0,sensitivity_718,sensitivity_691,circular_routes.eol_allocation_elasticity,1.0,2.0,0.163330078125,1.163330078125,parameter_bisection,parameter_only,39,true
sensitivity_718,policy,virgin_metal_tax_tax_0_02,virgin_metal_tax,0.02,LOCALLY_INFEASIBLE,INFEASIBLE_POINT,true,2.518915678,0.0009821229884589,0,0.0,0,material_composite_production_REU,eqpzs,IND_REU_NEW_ELMA,0.0009821229884589,EOL_FLOW_EOL_DE_ELMA_INC,0.0,,0.5,2.0,1.0,2.0,2.0,2.0,sensitivity_718,sensitivity_691,circular_routes.eol_allocation_elasticity,1.0,2.0,0.165283203125,1.165283203125,parameter_bisection,parameter_only,40,true
sensitivity_718,policy,virgin_metal_tax_tax_0_02,virgin_metal_tax,0.02,LOCALLY_INFEASIBLE,INFEASIBLE_POINT,false,5.065487177,0.001005839788764229,1,0.0,0,material_composite_production_REU,eqpzs,IND_REU_NEW_ELMA,0.001005839788764229,EOL_FLOW_EOL_DE_ELMA_INC,0.0,,0.5,2.0,1.0,2.0,2.0,2.0,sensitivity_718,sensitivity_691,circular_routes.eol_allocation_elasticity,1.0,2.0,0.169189453125,1.169189453125,parameter_bisection,parameter_only,41,false
sensitivity_718,policy,virgin_metal_tax_tax_0_02,virgin_metal_tax,0.02,LOCALLY_INFEASIBLE,INFEASIBLE_POINT,true,4.210016411,0.0009981078920000552,0,0.0,0,material_composite_production_REU,eqpzs,IND_REU_NEW_ELMA,0.0009981078920000552,EOL_FLOW_EOL_DE_ELMA_INC,0.0,,0.5,2.0,1.0,2.0,2.0,2.0,sensitivity_718,sensitivity_691,circular_routes.eol_allocation_elasticity,1.0,2.0,0.167236328125,1.167236328125,parameter_bisection,parameter_only,42,true
sensitivity_718,policy,virgin_metal_tax_tax_0_02,virgin_metal_tax,0.02,LOCALLY_INFEASIBLE,INFEASIBLE_POINT,false,2.832524109,0.0010055319118164041,1,0.0,0,material_composite_production_REU,eqpzs,IND_REU_NEW_ELMA,0.0010055319118164041,EOL_FLOW_EOL_DE_ELMA_INC,0.0,,0.5,2.0,1.0,2.0,2.0,2.0,sensitivity_718,sensitivity_691,circular_routes.eol_allocation_elasticity,1.0,2.0,0.171142578125,1.171142578125,parameter_bisection,parameter_only,43,false
sensitivity_718,policy,virgin_metal_tax_tax_0_02,virgin_metal_tax,0.02,LOCALLY_INFEASIBLE,INFEASIBLE_POINT,false,2.652523853,0.001000946521838686,1,0.0,0,material_composite_production_REU,eqpzs,IND_REU_NEW_ELMA,0.001000946521838686,EOL_FLOW_EOL_DE_ELMA_INC,0.0,,0.5,2.0,1.0,2.0,2.0,2.0,sensitivity_718,sensitivity_691,circular_routes.eol_allocation_elasticity,1.0,2.0,0.169189453125,1.169189453125,parameter_bisection,parameter_only,44,false
sensitivity_718,policy,virgin_metal_tax_tax_0_02,virgin_metal_tax,0.02,LOCALLY_INFEASIBLE,INFEASIBLE_POINT,true,3.082343662,0.000998331851193579,0,0.0,0,material_composite_production_REU,eqpzs,IND_REU_NEW_ELMA,0.000998331851193579,EOL_FLOW_EOL_DE_ELMA_INC,0.0,,0.5,2.0,1.0,2.0,2.0,2.0,sensitivity_718,sensitivity_691,circular_routes.eol_allocation_elasticity,1.0,2.0,0.168212890625,1.168212890625,parameter_bisection,parameter_only,45,true
sensitivity_718,policy,virgin_metal_tax_tax_0_02,virgin_metal_tax,0.02,LOCALLY_INFEASIBLE,INFEASIBLE_POINT,true,2.07183945,0.000998244046883423,0,0.0,0,material_composite_production_REU,eqpzs,IND_REU_NEW_ELMA,0.000998244046883423,EOL_FLOW_EOL_DE_ELMA_INC,0.0,,0.5,2.0,1.0,2.0,2.0,2.0,sensitivity_718,sensitivity_691,circular_routes.eol_allocation_elasticity,1.0,2.0,0.170166015625,1.170166015625,parameter_bisection,parameter_only,46,true
sensitivity_718,policy,virgin_metal_tax_tax_0_02,virgin_metal_tax,0.02,LOCALLY_INFEASIBLE,INFEASIBLE_POINT,false,10.213992725,0.0010655935649558357,1,0.0,0,material_composite_production_REU,eqpzs,IND_REU_NEW_ELMA,0.0010655935649558357,EOL_FLOW_EOL_DE_ELMA_INC,0.0,,0.5,2.0,1.0,2.0,2.0,2.0,sensitivity_718,sensitivity_691,circular_routes.eol_allocation_elasticity,1.0,2.0,0.174072265625,1.174072265625,parameter_bisection,parameter_only,47,false
sensitivity_718,policy,virgin_metal_tax_tax_0_02,virgin_metal_tax,0.02,LOCALLY_INFEASIBLE,INFEASIBLE_POINT,true,2.156322141,0.0009937769178122169,0,0.0,0,material_composite_production_REU,eqpzs,IND_REU_NEW_ELMA,0.0009937769178122169,EOL_FLOW_EOL_DE_ELMA_INC,0.0,,0.5,2.0,1.0,2.0,2.0,2.0,sensitivity_718,sensitivity_691,circular_routes.eol_allocation_elasticity,1.0,2.0,0.172119140625,1.172119140625,parameter_bisection,parameter_only,48,true
sensitivity_718,policy,virgin_metal_tax_tax_0_02,virgin_metal_tax,0.02,LOCALLY_INFEASIBLE,INFEASIBLE_POINT,false,9.36825748,0.0010359049889899774,1,0.0,0,material_composite_production_REU,eqpzs,IND_REU_NEW_ELMA,0.0010359049889899774,EOL_FLOW_EOL_DE_ELMA_INC,0.0,,0.5,2.0,1.0,2.0,2.0,2.0,sensitivity_718,sensitivity_691,circular_routes.eol_allocation_elasticity,1.0,2.0,0.176025390625,1.176025390625,parameter_bisection,parameter_only,49,false
sensitivity_718,policy,virgin_metal_tax_tax_0_02,virgin_metal_tax,0.02,LOCALLY_INFEASIBLE,INFEASIBLE_POINT,false,13.336979383,0.0010820790979889638,1,0.0,0,material_composite_production_REU,eqpzs,IND_REU_NEW_ELMA,0.0010820790979889638,EOL_FLOW_EOL_DE_ELMA_INC,0.0,,0.5,2.0,1.0,2.0,2.0,2.0,sensitivity_718,sensitivity_691,circular_routes.eol_allocation_elasticity,1.0,2.0,0.174072265625,1.174072265625,parameter_bisection,parameter_only,50,false
sensitivity_718,policy,virgin_metal_tax_tax_0_02,virgin_metal_tax,0.02,LOCALLY_INFEASIBLE,INFEASIBLE_POINT,false,13.70659982,0.0010430897418021168,1,0.0,0,material_composite_production_REU,eqpzs,IND_REU_NEW_ELMA,0.0010430897418021168,EOL_FLOW_EOL_DE_ELMA_INC,0.0,,0.5,2.0,1.0,2.0,2.0,2.0,sensitivity_718,sensitivity_691,circular_routes.eol_allocation_elasticity,1.0,2.0,0.173095703125,1.173095703125,parameter_bisection,parameter_only,51,false
sensitivity_718,policy,virgin_metal_tax_tax_0_02,virgin_metal_tax,0.02,LOCALLY_INFEASIBLE,INFEASIBLE_POINT,false,3.150115899,0.0010042169932376055,1,0.0,0,material_composite_production_REU,eqpzs,IND_REU_NEW_ELMA,0.0010042169932376055,EOL_FLOW_EOL_DE_ELMA_INC,0.0,,0.5,2.0,1.0,2.0,2.0,2.0,sensitivity_718,sensitivity_691,circular_routes.eol_allocation_elasticity,1.0,2.0,0.172607421875,1.172607421875,parameter_bisection,parameter_only,52,false
sensitivity_718,policy,virgin_metal_tax_tax_0_02,virgin_metal_tax,0.02,LOCALLY_INFEASIBLE,INFEASIBLE_POINT,false,3.221362449,0.0010042198674559133,1,0.0,0,material_composite_production_REU,eqpzs,IND_REU_NEW_ELMA,0.0010042198674559133,EOL_FLOW_EOL_DE_ELMA_INC,0.0,,0.5,2.0,1.0,2.0,2.0,2.0,sensitivity_718,sensitivity_691,circular_routes.eol_allocation_elasticity,1.0,2.0,0.17236328125,1.17236328125,parameter_bisection,parameter_only,53,false
sensitivity_718,policy,virgin_metal_tax_tax_0_02,virgin_metal_tax,0.02,LOCALLY_INFEASIBLE,INFEASIBLE_POINT,false,4.169587436,0.0010594473174193597,1,0.0,0,material_composite_production_REU,eqpzs,IND_REU_NEW_ELMA,0.0010594473174193597,EOL_FLOW_EOL_DE_ELMA_INC,0.0,,0.5,2.0,1.0,2.0,2.0,2.0,sensitivity_718,sensitivity_691,circular_routes.eol_allocation_elasticity,1.0,2.0,0.1722412109375,1.1722412109375,parameter_bisection,parameter_only,54,false
sensitivity_719,policy,virgin_metal_tax_tax_0_02,virgin_metal_tax,0.02,LOCALLY_INFEASIBLE,INFEASIBLE_POINT,false,30.259117606,0.13593597144966862,1,0.0,0,observed_physical_flow_links,quantity_link,physical_SK_OFMA_REP_route_input_mass,0.13593597144966862,EOL_FLOW_EOL_DE_ELMA_INC,0.0,,1.0,2.0,1.0,2.0,2.0,2.0,sensitivity_719,sensitivity_476,circular_metal.material_substitution_elasticity,1.0,2.0,1.0,2.0,direct_target,parameter_only,1,false
sensitivity_719,policy,virgin_metal_tax_tax_0_02,virgin_metal_tax,0.02,LOCALLY_INFEASIBLE,INFEASIBLE_POINT,false,40.288328156,0.0010796621905586612,1,0.0,0,material_composite_production_REU,eqpzs,IND_REU_NEW_ELMA,0.0010796621905586612,EOL_FLOW_EOL_DE_ELMA_INC,0.0,,1.0,2.0,1.0,2.0,2.0,2.0,sensitivity_719,sensitivity_476,circular_metal.material_substitution_elasticity,1.0,2.0,0.5,1.5,parameter_bisection,parameter_only,2,false
sensitivity_719,policy,virgin_metal_tax_tax_0_02,virgin_metal_tax,0.02,LOCALLY_INFEASIBLE,INFEASIBLE_POINT,true,16.002310979,0.0008350471608851162,0,0.0,0,material_composite_production_SK,eqpzs,IND_SK_NEW_ELMA,0.0008350471608851162,EOL_FLOW_EOL_DE_ELMA_INC,0.0,,1.0,2.0,1.0,2.0,2.0,2.0,sensitivity_719,sensitivity_476,circular_metal.material_substitution_elasticity,1.0,2.0,0.25,1.25,parameter_bisection,parameter_only,3,true
sensitivity_719,policy,virgin_metal_tax_tax_0_02,virgin_metal_tax,0.02,LOCALLY_INFEASIBLE,INFEASIBLE_POINT,true,7.481935982,0.0008200173335558558,0,3.925983305818317e-9,0,material_composite_production_SK,eqpzs,IND_SK_NEW_ELMA,0.0008200173335558558,F_FAC_SK_CAP_IND_SK_REF_OFMA,3.925983305818317e-9,,1.0,2.0,1.0,2.0,2.0,2.0,sensitivity_719,sensitivity_476,circular_metal.material_substitution_elasticity,1.0,2.0,0.75,1.75,parameter_bisection,parameter_only,4,true
sensitivity_719,policy,virgin_metal_tax_tax_0_02,virgin_metal_tax,0.02,LOCALLY_INFEASIBLE,INFEASIBLE_POINT,false,11.695641327,0.030560650999193584,1,0.0,0,observed_physical_flow_links,quantity_link,physical_SK_OFMA_REP_route_input_mass,0.030560650999193584,EOL_FLOW_EOL_DE_ELMA_INC,0.0,,1.0,2.0,1.0,2.0,2.0,2.0,sensitivity_719,sensitivity_476,circular_metal.material_substitution_elasticity,1.0,2.0,1.0,2.0,parameter_bisection,parameter_only,5,false
sensitivity_719,policy,virgin_metal_tax_tax_0_02,virgin_metal_tax,0.02,LOCALLY_INFEASIBLE,INFEASIBLE_POINT,false,17.566890001,0.0010665718141241731,1,0.0,0,material_composite_production_REU,eqpzs,IND_REU_NEW_ELMA,0.0010665718141241731,EOL_FLOW_EOL_DE_ELMA_INC,0.0,,1.0,2.0,1.0,2.0,2.0,2.0,sensitivity_719,sensitivity_476,circular_metal.material_substitution_elasticity,1.0,2.0,0.875,1.875,parameter_bisection,parameter_only,6,false
sensitivity_719,policy,virgin_metal_tax_tax_0_02,virgin_metal_tax,0.02,LOCALLY_INFEASIBLE,INFEASIBLE_POINT,false,12.829532109,0.0010574805496994522,1,0.0,0,material_composite_production_REU,eqpzs,IND_REU_NEW_ELMA,0.0010574805496994522,EOL_FLOW_EOL_DE_ELMA_INC,0.0,,1.0,2.0,1.0,2.0,2.0,2.0,sensitivity_719,sensitivity_476,circular_metal.material_substitution_elasticity,1.0,2.0,0.8125,1.8125,parameter_bisection,parameter_only,7,false
sensitivity_719,policy,virgin_metal_tax_tax_0_02,virgin_metal_tax,0.02,LOCALLY_INFEASIBLE,INFEASIBLE_POINT,false,14.640791047,0.0010740572343262977,1,0.0,0,material_composite_production_REU,eqpzs,IND_REU_NEW_ELMA,0.0010740572343262977,EOL_FLOW_EOL_DE_ELMA_INC,0.0,,1.0,2.0,1.0,2.0,2.0,2.0,sensitivity_719,sensitivity_476,circular_metal.material_substitution_elasticity,1.0,2.0,0.78125,1.78125,parameter_bisection,parameter_only,8,false
sensitivity_719,policy,virgin_metal_tax_tax_0_02,virgin_metal_tax,0.02,LOCALLY_INFEASIBLE,INFEASIBLE_POINT,false,16.840406597,0.0010578654968971257,1,0.0,0,material_composite_production_REU,eqpzs,IND_REU_NEW_ELMA,0.0010578654968971257,EOL_FLOW_EOL_DE_ELMA_INC,0.0,,1.0,2.0,1.0,2.0,2.0,2.0,sensitivity_719,sensitivity_476,circular_metal.material_substitution_elasticity,1.0,2.0,0.765625,1.765625,parameter_bisection,parameter_only,9,false
sensitivity_719,policy,virgin_metal_tax_tax_0_02,virgin_metal_tax,0.02,LOCALLY_INFEASIBLE,INFEASIBLE_POINT,false,44.595647782,0.0010618076834285617,1,0.0,0,material_composite_production_REU,eqpzs,IND_REU_NEW_ELMA,0.0010618076834285617,EOL_FLOW_EOL_DE_ELMA_INC,0.0,,1.0,2.0,1.0,2.0,2.0,2.0,sensitivity_719,sensitivity_476,circular_metal.material_substitution_elasticity,1.0,2.0,0.7578125,1.7578125,parameter_bisection,parameter_only,10,false
sensitivity_719,policy,virgin_metal_tax_tax_0_02,virgin_metal_tax,0.02,LOCALLY_INFEASIBLE,INFEASIBLE_POINT,false,41.094348432,0.0010625341223533535,1,0.0,0,material_composite_production_REU,eqpzs,IND_REU_NEW_ELMA,0.0010625341223533535,EOL_FLOW_EOL_DE_ELMA_INC,0.0,,1.0,2.0,1.0,2.0,2.0,2.0,sensitivity_719,sensitivity_476,circular_metal.material_substitution_elasticity,1.0,2.0,0.75390625,1.75390625,parameter_bisection,parameter_only,11,false
sensitivity_719,policy,virgin_metal_tax_tax_0_02,virgin_metal_tax,0.02,LOCALLY_INFEASIBLE,INFEASIBLE_POINT,false,11.230227884,0.0010434462146301504,1,0.0,0,material_composite_production_REU,eqpzs,IND_REU_NEW_ELMA,0.0010434462146301504,EOL_FLOW_EOL_DE_ELMA_INC,0.0,,1.0,2.0,1.0,2.0,2.0,2.0,sensitivity_719,sensitivity_476,circular_metal.material_substitution_elasticity,1.0,2.0,0.751953125,1.751953125,parameter_bisection,parameter_only,12,false
sensitivity_719,policy,virgin_metal_tax_tax_0_02,virgin_metal_tax,0.02,LOCALLY_INFEASIBLE,INFEASIBLE_POINT,false,25.677946866,0.0010731536503700845,1,0.0,0,material_composite_production_REU,eqpzs,IND_REU_NEW_ELMA,0.0010731536503700845,EOL_FLOW_EOL_DE_ELMA_INC,0.0,,1.0,2.0,1.0,2.0,2.0,2.0,sensitivity_719,sensitivity_476,circular_metal.material_substitution_elasticity,1.0,2.0,0.7509765625,1.7509765625,parameter_bisection,parameter_only,13,false
sensitivity_719,policy,virgin_metal_tax_tax_0_02,virgin_metal_tax,0.02,LOCALLY_INFEASIBLE,INFEASIBLE_POINT,false,10.191858546,0.0010259780764240167,1,0.0,0,material_composite_production_REU,eqpzs,IND_REU_NEW_ELMA,0.0010259780764240167,EOL_FLOW_EOL_DE_ELMA_INC,0.0,,1.0,2.0,1.0,2.0,2.0,2.0,sensitivity_719,sensitivity_476,circular_metal.material_substitution_elasticity,1.0,2.0,0.75048828125,1.75048828125,parameter_bisection,parameter_only,14,false
sensitivity_719,policy,virgin_metal_tax_tax_0_02,virgin_metal_tax,0.02,LOCALLY_INFEASIBLE,INFEASIBLE_POINT,false,20.23263557,0.0010755745715608223,1,0.0,0,material_composite_production_REU,eqpzs,IND_REU_NEW_ELMA,0.0010755745715608223,EOL_FLOW_EOL_DE_ELMA_INC,0.0,,1.0,2.0,1.0,2.0,2.0,2.0,sensitivity_719,sensitivity_476,circular_metal.material_substitution_elasticity,1.0,2.0,0.750244140625,1.750244140625,parameter_bisection,parameter_only,15,false
sensitivity_719,policy,virgin_metal_tax_tax_0_02,virgin_metal_tax,0.02,LOCALLY_INFEASIBLE,INFEASIBLE_POINT,false,19.358667104,0.0010663146960602221,1,0.0,0,material_composite_production_REU,eqpzs,IND_REU_NEW_ELMA,0.0010663146960602221,EOL_FLOW_EOL_DE_ELMA_INC,0.0,,1.0,2.0,1.0,2.0,2.0,2.0,sensitivity_719,sensitivity_476,circular_metal.material_substitution_elasticity,1.0,2.0,0.7501220703125,1.7501220703125,parameter_bisection,parameter_only,16,false
sensitivity_727,policy,virgin_metal_tax_tax_0_02,virgin_metal_tax,0.02,LOCALLY_INFEASIBLE,INFEASIBLE_POINT,false,18.36303758,0.0010656987723115519,1,0.0,0,material_composite_production_REU,eqpzs,IND_REU_NEW_ELMA,0.0010656987723115519,EOL_FLOW_EOL_DE_ELMA_INC,0.0,,0.5,2.0,2.0,2.0,2.0,2.0,sensitivity_727,sensitivity_484,circular_metal.material_substitution_elasticity,1.0,2.0,1.0,2.0,direct_target,parameter_only,1,false
sensitivity_727,policy,virgin_metal_tax_tax_0_02,virgin_metal_tax,0.02,LOCALLY_INFEASIBLE,INFEASIBLE_POINT,true,14.815103085,0.0007283223179229692,0,0.0,0,material_composite_production_SK,eqpzs,IND_SK_NEW_ELMA,0.0007283223179229692,EOL_FLOW_EOL_DE_ELMA_INC,0.0,,0.5,2.0,2.0,2.0,2.0,2.0,sensitivity_727,sensitivity_484,circular_metal.material_substitution_elasticity,1.0,2.0,0.5,1.5,parameter_bisection,parameter_only,2,true
sensitivity_727,policy,virgin_metal_tax_tax_0_02,virgin_metal_tax,0.02,LOCALLY_INFEASIBLE,INFEASIBLE_POINT,false,21.345342804,0.0010373974198040203,1,0.0,0,material_composite_production_REU,eqpzs,IND_REU_NEW_ELMA,0.0010373974198040203,EOL_FLOW_EOL_DE_ELMA_INC,0.0,,0.5,2.0,2.0,2.0,2.0,2.0,sensitivity_727,sensitivity_484,circular_metal.material_substitution_elasticity,1.0,2.0,1.0,2.0,parameter_bisection,parameter_only,3,false
sensitivity_727,policy,virgin_metal_tax_tax_0_02,virgin_metal_tax,0.02,LOCALLY_INFEASIBLE,INFEASIBLE_POINT,false,15.864468019,0.004594379173059539,8,9.989787836373084e-9,0,material_composite_production_IT,material_composite_demand,IND_IT_NEW_ELMA|IND_IT_REC_EE,0.004594379173059539,F_FAC_SK_CAP_IND_SK_REF_OFMA,9.989787836373084e-9,,0.5,2.0,2.0,2.0,2.0,2.0,sensitivity_727,sensitivity_484,circular_metal.material_substitution_elasticity,1.0,2.0,0.75,1.75,parameter_bisection,parameter_only,4,false
sensitivity_727,policy,virgin_metal_tax_tax_0_02,virgin_metal_tax,0.02,LOCALLY_INFEASIBLE,INFEASIBLE_POINT,false,16.35494364,0.00106821683455538,1,0.0,0,material_composite_production_REU,eqpzs,IND_REU_NEW_ELMA,0.00106821683455538,EOL_FLOW_EOL_DE_ELMA_INC,0.0,,0.5,2.0,2.0,2.0,2.0,2.0,sensitivity_727,sensitivity_484,circular_metal.material_substitution_elasticity,1.0,2.0,0.625,1.625,parameter_bisection,parameter_only,5,false
sensitivity_727,policy,virgin_metal_tax_tax_0_02,virgin_metal_tax,0.02,LOCALLY_INFEASIBLE,INFEASIBLE_POINT,false,12.752433082,0.0010725544793073194,1,9.162644173638306e-9,0,material_composite_production_REU,eqpzs,IND_REU_NEW_ELMA,0.0010725544793073194,F_FAC_SK_CAP_IND_SK_REF_OFMA,9.162644173638306e-9,,0.5,2.0,2.0,2.0,2.0,2.0,sensitivity_727,sensitivity_484,circular_metal.material_substitution_elasticity,1.0,2.0,0.5625,1.5625,parameter_bisection,parameter_only,6,false
sensitivity_727,policy,virgin_metal_tax_tax_0_02,virgin_metal_tax,0.02,LOCALLY_INFEASIBLE,INFEASIBLE_POINT,true,10.004143766,0.0007888186552390865,0,0.0,0,material_composite_production_IT,material_composite_demand,IND_IT_NEW_ELMA|IND_IT_REC_EE,0.0007888186552390865,EOL_FLOW_EOL_DE_ELMA_INC,0.0,,0.5,2.0,2.0,2.0,2.0,2.0,sensitivity_727,sensitivity_484,circular_metal.material_substitution_elasticity,1.0,2.0,0.53125,1.53125,parameter_bisection,parameter_only,7,true
sensitivity_727,policy,virgin_metal_tax_tax_0_02,virgin_metal_tax,0.02,LOCALLY_INFEASIBLE,INFEASIBLE_POINT,true,8.012302976,0.000850842309495341,0,0.0,0,material_composite_production_IT,material_composite_demand,IND_IT_NEW_ELMA|IND_IT_REC_EE,0.000850842309495341,EOL_FLOW_EOL_DE_ELMA_INC,0.0,,0.5,2.0,2.0,2.0,2.0,2.0,sensitivity_727,sensitivity_484,circular_metal.material_substitution_elasticity,1.0,2.0,0.59375,1.59375,parameter_bisection,parameter_only,8,true
sensitivity_727,policy,virgin_metal_tax_tax_0_02,virgin_metal_tax,0.02,LOCALLY_INFEASIBLE,INFEASIBLE_POINT,false,33.451627819,0.0010642853621749548,1,0.0,0,material_composite_production_REU,eqpzs,IND_REU_NEW_ELMA,0.0010642853621749548,EOL_FLOW_EOL_DE_ELMA_INC,0.0,,0.5,2.0,2.0,2.0,2.0,2.0,sensitivity_727,sensitivity_484,circular_metal.material_substitution_elasticity,1.0,2.0,0.71875,1.71875,parameter_bisection,parameter_only,9,false
sensitivity_727,policy,virgin_metal_tax_tax_0_02,virgin_metal_tax,0.02,LOCALLY_INFEASIBLE,INFEASIBLE_POINT,true,10.875086235,0.0008040298350061592,0,0.0,0,material_composite_production_SK,eqpzs,IND_SK_NEW_ELMA,0.0008040298350061592,EOL_FLOW_EOL_DE_ELMA_INC,0.0,,0.5,2.0,2.0,2.0,2.0,2.0,sensitivity_727,sensitivity_484,circular_metal.material_substitution_elasticity,1.0,2.0,0.65625,1.65625,parameter_bisection,parameter_only,10,true
sensitivity_727,policy,virgin_metal_tax_tax_0_02,virgin_metal_tax,0.02,LOCALLY_INFEASIBLE,INFEASIBLE_POINT,false,20.603003096,0.005924009711837819,1,0.0,0,observed_physical_flow_links,quantity_link,physical_SK_OFMA_REP_route_input_mass,0.005924009711837819,EOL_FLOW_EOL_DE_ELMA_INC,0.0,,0.5,2.0,2.0,2.0,2.0,2.0,sensitivity_727,sensitivity_484,circular_metal.material_substitution_elasticity,1.0,2.0,0.78125,1.78125,parameter_bisection,parameter_only,11,false
sensitivity_727,policy,virgin_metal_tax_tax_0_02,virgin_metal_tax,0.02,LOCALLY_INFEASIBLE,INFEASIBLE_POINT,false,26.608017365,0.00107490526166365,1,0.0,0,material_composite_production_REU,eqpzs,IND_REU_NEW_ELMA,0.00107490526166365,EOL_FLOW_EOL_DE_ELMA_INC,0.0,,0.5,2.0,2.0,2.0,2.0,2.0,sensitivity_727,sensitivity_484,circular_metal.material_substitution_elasticity,1.0,2.0,0.71875,1.71875,parameter_bisection,parameter_only,12,false
sensitivity_727,policy,virgin_metal_tax_tax_0_02,virgin_metal_tax,0.02,LOCALLY_INFEASIBLE,INFEASIBLE_POINT,false,30.191072795,0.001078048599697068,1,0.0,0,material_composite_production_REU,eqpzs,IND_REU_NEW_ELMA,0.001078048599697068,EOL_FLOW_EOL_DE_ELMA_INC,0.0,,0.5,2.0,2.0,2.0,2.0,2.0,sensitivity_727,sensitivity_484,circular_metal.material_substitution_elasticity,1.0,2.0,0.6875,1.6875,parameter_bisection,parameter_only,13,false
sensitivity_727,policy,virgin_metal_tax_tax_0_02,virgin_metal_tax,0.02,LOCALLY_INFEASIBLE,INFEASIBLE_POINT,false,17.922007998,0.0010742238451429964,1,0.0,0,material_composite_production_REU,eqpzs,IND_REU_NEW_ELMA,0.0010742238451429964,EOL_FLOW_EOL_DE_ELMA_INC,0.0,,0.5,2.0,2.0,2.0,2.0,2.0,sensitivity_727,sensitivity_484,circular_metal.material_substitution_elasticity,1.0,2.0,0.671875,1.671875,parameter_bisection,parameter_only,14,false
sensitivity_727,policy,virgin_metal_tax_tax_0_02,virgin_metal_tax,0.02,LOCALLY_INFEASIBLE,INFEASIBLE_POINT,false,13.045280487,0.00105599047287519,1,0.0,0,material_composite_production_REU,eqpzs,IND_REU_NEW_ELMA,0.00105599047287519,EOL_FLOW_EOL_DE_ELMA_INC,0.0,,0.5,2.0,2.0,2.0,2.0,2.0,sensitivity_727,sensitivity_484,circular_metal.material_substitution_elasticity,1.0,2.0,0.6640625,1.6640625,parameter_bisection,parameter_only,15,false
sensitivity_727,policy,virgin_metal_tax_tax_0_02,virgin_metal_tax,0.02,LOCALLY_INFEASIBLE,INFEASIBLE_POINT,false,31.055525125,0.0010760815902084442,1,0.0,0,material_composite_production_REU,eqpzs,IND_REU_NEW_ELMA,0.0010760815902084442,EOL_FLOW_EOL_DE_ELMA_INC,0.0,,0.5,2.0,2.0,2.0,2.0,2.0,sensitivity_727,sensitivity_484,circular_metal.material_substitution_elasticity,1.0,2.0,0.66015625,1.66015625,parameter_bisection,parameter_only,16,false
sensitivity_727,policy,virgin_metal_tax_tax_0_02,virgin_metal_tax,0.02,LOCALLY_INFEASIBLE,INFEASIBLE_POINT,false,13.805513723,0.001076171119518854,1,0.0,0,material_composite_production_REU,eqpzs,IND_REU_NEW_ELMA,0.001076171119518854,EOL_FLOW_EOL_DE_ELMA_INC,0.0,,0.5,2.0,2.0,2.0,2.0,2.0,sensitivity_727,sensitivity_484,circular_metal.material_substitution_elasticity,1.0,2.0,0.658203125,1.658203125,parameter_bisection,parameter_only,17,false
sensitivity_727,policy,virgin_metal_tax_tax_0_02,virgin_metal_tax,0.02,LOCALLY_INFEASIBLE,INFEASIBLE_POINT,true,3.132456293,0.0008002009245324793,0,1.4039739926996084e-9,0,material_composite_production_SK,eqpzs,IND_SK_NEW_ELMA,0.0008002009245324793,X_IND_SK_REF_OFMA_IND_SK_NEW_OFMA,1.4039739926996084e-9,,0.5,2.0,2.0,2.0,2.0,2.0,sensitivity_727,sensitivity_484,circular_metal.material_substitution_elasticity,1.0,2.0,0.6572265625,1.6572265625,parameter_bisection,parameter_only,18,true
sensitivity_727,policy,virgin_metal_tax_tax_0_02,virgin_metal_tax,0.02,LOCALLY_INFEASIBLE,INFEASIBLE_POINT,false,21.509128899,0.0010486681954500199,1,0.0,0,material_composite_production_REU,eqpzs,IND_REU_NEW_ELMA,0.0010486681954500199,EOL_FLOW_EOL_DE_ELMA_INC,0.0,,0.5,2.0,2.0,2.0,2.0,2.0,sensitivity_727,sensitivity_484,circular_metal.material_substitution_elasticity,1.0,2.0,0.6591796875,1.6591796875,parameter_bisection,parameter_only,19,false
sensitivity_727,policy,virgin_metal_tax_tax_0_02,virgin_metal_tax,0.02,LOCALLY_INFEASIBLE,INFEASIBLE_POINT,false,13.717824172,0.0010781785946473166,1,0.0,0,material_composite_production_REU,eqpzs,IND_REU_NEW_ELMA,0.0010781785946473166,EOL_FLOW_EOL_DE_ELMA_INC,0.0,,0.5,2.0,2.0,2.0,2.0,2.0,sensitivity_727,sensitivity_484,circular_metal.material_substitution_elasticity,1.0,2.0,0.658203125,1.658203125,parameter_bisection,parameter_only,20,false
sensitivity_727,policy,virgin_metal_tax_tax_0_02,virgin_metal_tax,0.02,LOCALLY_INFEASIBLE,INFEASIBLE_POINT,false,15.11601473,0.001077050925112455,1,0.0,0,material_composite_production_REU,eqpzs,IND_REU_NEW_ELMA,0.001077050925112455,EOL_FLOW_EOL_DE_ELMA_INC,0.0,,0.5,2.0,2.0,2.0,2.0,2.0,sensitivity_727,sensitivity_484,circular_metal.material_substitution_elasticity,1.0,2.0,0.65771484375,1.65771484375,parameter_bisection,parameter_only,21,false
sensitivity_727,policy,virgin_metal_tax_tax_0_02,virgin_metal_tax,0.02,LOCALLY_INFEASIBLE,INFEASIBLE_POINT,false,10.148157205,0.0010699012577680689,1,0.0,0,material_composite_production_REU,eqpzs,IND_REU_NEW_ELMA,0.0010699012577680689,EOL_FLOW_EOL_DE_ELMA_INC,0.0,,0.5,2.0,2.0,2.0,2.0,2.0,sensitivity_727,sensitivity_484,circular_metal.material_substitution_elasticity,1.0,2.0,0.657470703125,1.657470703125,parameter_bisection,parameter_only,22,false
sensitivity_727,policy,virgin_metal_tax_tax_0_02,virgin_metal_tax,0.02,LOCALLY_INFEASIBLE,INFEASIBLE_POINT,false,13.874115879,0.001073064293101611,1,0.0,0,material_composite_production_REU,eqpzs,IND_REU_NEW_ELMA,0.001073064293101611,EOL_FLOW_EOL_DE_ELMA_INC,0.0,,0.5,2.0,2.0,2.0,2.0,2.0,sensitivity_727,sensitivity_484,circular_metal.material_substitution_elasticity,1.0,2.0,0.6573486328125,1.6573486328125,parameter_bisection,parameter_only,23,false
sensitivity_728,policy,virgin_metal_tax_tax_0_02,virgin_metal_tax,0.02,LOCALLY_INFEASIBLE,INFEASIBLE_POINT,false,19.427970784,0.0010666070392492122,1,0.0,0,material_composite_production_REU,eqpzs,IND_REU_NEW_ELMA,0.0010666070392492122,EOL_FLOW_EOL_DE_ELMA_INC,0.0,,1.0,2.0,2.0,2.0,2.0,2.0,sensitivity_728,sensitivity_485,circular_metal.material_substitution_elasticity,1.0,2.0,1.0,2.0,direct_target,parameter_only,1,false
sensitivity_728,policy,virgin_metal_tax_tax_0_02,virgin_metal_tax,0.02,LOCALLY_INFEASIBLE,INFEASIBLE_POINT,false,22.485036525,0.0010725551192247718,1,0.0,0,material_composite_production_REU,eqpzs,IND_REU_NEW_ELMA,0.0010725551192247718,EOL_FLOW_EOL_DE_ELMA_INC,0.0,,1.0,2.0,2.0,2.0,2.0,2.0,sensitivity_728,sensitivity_485,circular_metal.material_substitution_elasticity,1.0,2.0,0.5,1.5,parameter_bisection,parameter_only,2,false
sensitivity_728,policy,virgin_metal_tax_tax_0_02,virgin_metal_tax,0.02,LOCALLY_INFEASIBLE,INFEASIBLE_POINT,false,69.596824,0.10549160785562484,21,0.0,0,eu_wide_eol_allocation,eu_wide_eol_allocation,OFMA|EOL_REU_OFMA_REF,0.10549160785562484,EOL_FLOW_EOL_DE_ELMA_INC,0.0,,1.0,2.0,2.0,2.0,2.0,2.0,sensitivity_728,sensitivity_485,circular_metal.material_substitution_elasticity,1.0,2.0,0.25,1.25,parameter_bisection,parameter_only,3,false
sensitivity_728,policy,virgin_metal_tax_tax_0_02,virgin_metal_tax,0.02,LOCALLY_INFEASIBLE,INFEASIBLE_POINT,false,19.41285199,0.001078478767928659,1,0.0,0,material_composite_production_REU,eqpzs,IND_REU_NEW_ELMA,0.001078478767928659,EOL_FLOW_EOL_DE_ELMA_INC,0.0,,1.0,2.0,2.0,2.0,2.0,2.0,sensitivity_728,sensitivity_485,circular_metal.material_substitution_elasticity,1.0,2.0,0.125,1.125,parameter_bisection,parameter_only,4,false
sensitivity_728,policy,virgin_metal_tax_tax_0_02,virgin_metal_tax,0.02,LOCALLY_INFEASIBLE,INFEASIBLE_POINT,false,25.02749336,0.0010747035315453735,1,0.0,0,material_composite_production_REU,eqpzs,IND_REU_NEW_ELMA,0.0010747035315453735,EOL_FLOW_EOL_DE_ELMA_INC,0.0,,1.0,2.0,2.0,2.0,2.0,2.0,sensitivity_728,sensitivity_485,circular_metal.material_substitution_elasticity,1.0,2.0,0.0625,1.0625,parameter_bisection,parameter_only,5,false
sensitivity_728,policy,virgin_metal_tax_tax_0_02,virgin_metal_tax,0.02,LOCALLY_INFEASIBLE,INFEASIBLE_POINT,true,13.150513354,0.0009705502185460846,0,0.0,0,material_composite_production_REU,eqpzs,IND_REU_NEW_ELMA,0.0009705502185460846,EOL_FLOW_EOL_DE_ELMA_INC,0.0,,1.0,2.0,2.0,2.0,2.0,2.0,sensitivity_728,sensitivity_485,circular_metal.material_substitution_elasticity,1.0,2.0,0.03125,1.03125,parameter_bisection,parameter_only,6,true
sensitivity_728,policy,virgin_metal_tax_tax_0_02,virgin_metal_tax,0.02,LOCALLY_INFEASIBLE,INFEASIBLE_POINT,true,3.77296174,0.0009585318187742553,0,0.0,0,material_composite_production_REU,eqpzs,IND_REU_NEW_ELMA,0.0009585318187742553,EOL_FLOW_EOL_DE_ELMA_INC,0.0,,1.0,2.0,2.0,2.0,2.0,2.0,sensitivity_728,sensitivity_485,circular_metal.material_substitution_elasticity,1.0,2.0,0.09375,1.09375,parameter_bisection,parameter_only,7,true
sensitivity_728,policy,virgin_metal_tax_tax_0_02,virgin_metal_tax,0.02,LOCALLY_INFEASIBLE,INFEASIBLE_POINT,true,5.714553839,0.0009199467899709823,0,0.0,0,material_composite_production_REU,eqpzs,IND_REU_NEW_ELMA,0.0009199467899709823,EOL_FLOW_EOL_DE_ELMA_INC,0.0,,1.0,2.0,2.0,2.0,2.0,2.0,sensitivity_728,sensitivity_485,circular_metal.material_substitution_elasticity,1.0,2.0,0.21875,1.21875,parameter_bisection,parameter_only,8,true
sensitivity_728,policy,virgin_metal_tax_tax_0_02,virgin_metal_tax,0.02,LOCALLY_INFEASIBLE,INFEASIBLE_POINT,true,6.289870994,0.0009517887843540906,0,0.0,0,material_composite_production_REU,eqpzs,IND_REU_NEW_ELMA,0.0009517887843540906,EOL_FLOW_EOL_DE_ELMA_INC,0.0,,1.0,2.0,2.0,2.0,2.0,2.0,sensitivity_728,sensitivity_485,circular_metal.material_substitution_elasticity,1.0,2.0,0.46875,1.46875,parameter_bisection,parameter_only,9,true
sensitivity_728,policy,virgin_metal_tax_tax_0_02,virgin_metal_tax,0.02,LOCALLY_INFEASIBLE,INFEASIBLE_POINT,true,5.901346786,0.0008960562600260902,0,0.0,0,material_composite_production_REU,eqpzs,IND_REU_NEW_ELMA,0.0008960562600260902,EOL_FLOW_EOL_DE_ELMA_INC,0.0,,1.0,2.0,2.0,2.0,2.0,2.0,sensitivity_728,sensitivity_485,circular_metal.material_substitution_elasticity,1.0,2.0,0.96875,1.96875,parameter_bisection,parameter_only,10,true
sensitivity_728,policy,virgin_metal_tax_tax_0_02,virgin_metal_tax,0.02,LOCALLY_INFEASIBLE,INFEASIBLE_POINT,false,18.047469381,0.0010753671571940293,1,0.0,0,material_composite_production_REU,eqpzs,IND_REU_NEW_ELMA,0.0010753671571940293,EOL_FLOW_EOL_DE_ELMA_INC,0.0,,1.0,2.0,2.0,2.0,2.0,2.0,sensitivity_728,sensitivity_485,circular_metal.material_substitution_elasticity,1.0,2.0,1.0,2.0,parameter_bisection,parameter_only,11,false
sensitivity_728,policy,virgin_metal_tax_tax_0_02,virgin_metal_tax,0.02,LOCALLY_INFEASIBLE,INFEASIBLE_POINT,false,21.948574809,0.0010816470873120654,1,0.0,0,material_composite_production_REU,eqpzs,IND_REU_NEW_ELMA,0.0010816470873120654,EOL_FLOW_EOL_DE_ELMA_INC,0.0,,1.0,2.0,2.0,2.0,2.0,2.0,sensitivity_728,sensitivity_485,circular_metal.material_substitution_elasticity,1.0,2.0,0.984375,1.984375,parameter_bisection,parameter_only,12,false
sensitivity_728,policy,virgin_metal_tax_tax_0_02,virgin_metal_tax,0.02,LOCALLY_INFEASIBLE,INFEASIBLE_POINT,false,9.161750819,0.0010617502711103288,1,0.0,0,material_composite_production_REU,eqpzs,IND_REU_NEW_ELMA,0.0010617502711103288,EOL_FLOW_EOL_DE_ELMA_INC,0.0,,1.0,2.0,2.0,2.0,2.0,2.0,sensitivity_728,sensitivity_485,circular_metal.material_substitution_elasticity,1.0,2.0,0.9765625,1.9765625,parameter_bisection,parameter_only,13,false
sensitivity_728,policy,virgin_metal_tax_tax_0_02,virgin_metal_tax,0.02,LOCALLY_INFEASIBLE,INFEASIBLE_POINT,false,6.668676268,0.0010510898901404664,1,0.0,0,material_composite_production_REU,eqpzs,IND_REU_NEW_ELMA,0.0010510898901404664,EOL_FLOW_EOL_DE_ELMA_INC,0.0,,1.0,2.0,2.0,2.0,2.0,2.0,sensitivity_728,sensitivity_485,circular_metal.material_substitution_elasticity,1.0,2.0,0.97265625,1.97265625,parameter_bisection,parameter_only,14,false
sensitivity_728,policy,virgin_metal_tax_tax_0_02,virgin_metal_tax,0.02,LOCALLY_INFEASIBLE,INFEASIBLE_POINT,false,13.72088901,0.001079699824590108,1,0.0,0,material_composite_production_REU,eqpzs,IND_REU_NEW_ELMA,0.001079699824590108,EOL_FLOW_EOL_DE_ELMA_INC,0.0,,1.0,2.0,2.0,2.0,2.0,2.0,sensitivity_728,sensitivity_485,circular_metal.material_substitution_elasticity,1.0,2.0,0.970703125,1.970703125,parameter_bisection,parameter_only,15,false
sensitivity_728,policy,virgin_metal_tax_tax_0_02,virgin_metal_tax,0.02,LOCALLY_INFEASIBLE,INFEASIBLE_POINT,false,18.08190938,0.0010761926912763453,1,0.0,0,material_composite_production_REU,eqpzs,IND_REU_NEW_ELMA,0.0010761926912763453,EOL_FLOW_EOL_DE_ELMA_INC,0.0,,1.0,2.0,2.0,2.0,2.0,2.0,sensitivity_728,sensitivity_485,circular_metal.material_substitution_elasticity,1.0,2.0,0.9697265625,1.9697265625,parameter_bisection,parameter_only,16,false
sensitivity_728,policy,virgin_metal_tax_tax_0_02,virgin_metal_tax,0.02,LOCALLY_INFEASIBLE,INFEASIBLE_POINT,false,5.903544696,0.0010582160357468506,1,0.0,0,material_composite_production_REU,eqpzs,IND_REU_NEW_ELMA,0.0010582160357468506,EOL_FLOW_EOL_DE_ELMA_INC,0.0,,1.0,2.0,2.0,2.0,2.0,2.0,sensitivity_728,sensitivity_485,circular_metal.material_substitution_elasticity,1.0,2.0,0.96923828125,1.96923828125,parameter_bisection,parameter_only,17,false
sensitivity_728,policy,virgin_metal_tax_tax_0_02,virgin_metal_tax,0.02,LOCALLY_INFEASIBLE,INFEASIBLE_POINT,false,11.159254102,0.0010595146563033842,1,0.0,0,material_composite_production_REU,eqpzs,IND_REU_NEW_ELMA,0.0010595146563033842,EOL_FLOW_EOL_DE_ELMA_INC,0.0,,1.0,2.0,2.0,2.0,2.0,2.0,sensitivity_728,sensitivity_485,circular_metal.material_substitution_elasticity,1.0,2.0,0.968994140625,1.968994140625,parameter_bisection,parameter_only,18,false
sensitivity_728,policy,virgin_metal_tax_tax_0_02,virgin_metal_tax,0.02,LOCALLY_INFEASIBLE,INFEASIBLE_POINT,false,13.653097275,0.0010809587623852313,1,0.0,0,material_composite_production_REU,eqpzs,IND_REU_NEW_ELMA,0.0010809587623852313,EOL_FLOW_EOL_DE_ELMA_INC,0.0,,1.0,2.0,2.0,2.0,2.0,2.0,sensitivity_728,sensitivity_485,circular_metal.material_substitution_elasticity,1.0,2.0,0.9688720703125,1.9688720703125,parameter_bisection,parameter_only,19,false
