instrument,wedge_percent,region,outcome,factor,valid_parameter_configurations,median_absolute_change,lower_quartile_absolute_change,upper_quartile_absolute_change,median_change_percent,lower_quartile_change_percent,upper_quartile_change_percent
recycling_support,0.25,DE,Factor income,FAC_DE_CAP,729,0.011717072455212474,-0.03449740260839462,0.04092707624658942,9.5910717388587e-7,-2.8238031682988786e-6,3.3501075105764515e-6
recycling_support,0.25,DE,Factor income,FAC_DE_LAB,729,0.016570065170526505,-0.03507918445393443,0.04816309013403952,9.99756430897538e-7,-2.116505872905404e-6,2.9059245450716187e-6
recycling_support,0.25,DE,Household consumption,,729,0.0016816328279674053,-0.04510033433325589,0.031190271023660898,1.1420296137874894e-7,-3.062851565608294e-6,2.118192067749122e-6
recycling_support,0.25,DE,Household disposable income,,729,0.008295121602714062,-0.08615822484716773,0.07117772288620472,2.881176161321689e-7,-2.9925664193999814e-6,2.4722429425244556e-6
recycling_support,0.25,DE,Household utility,,729,-0.006594247737666592,-0.01315536699257791,-0.00317553139757365,-2.678132739406423e-6,-5.342810953322854e-6,-1.289683818258303e-6
recycling_support,0.25,FR,Factor income,FAC_FR_CAP,729,0.08465555345173925,0.032857623999007046,0.10294974001590163,1.1023395338526733e-5,4.278544814325709e-6,1.3405566887545604e-5
recycling_support,0.25,FR,Factor income,FAC_FR_LAB,729,0.10011097602546215,0.02386348624713719,0.14839537465013564,8.593269551321807e-6,2.048380486300614e-6,1.273787855398366e-5
recycling_support,0.25,FR,Household consumption,,729,0.0847751481924206,0.033321467926725745,0.12002509040758014,7.818484837930041e-6,3.07311042583652e-6,1.1069451006909445e-5
recycling_support,0.25,FR,Household disposable income,,729,0.1550725696142763,0.06424661912024021,0.21882912190631032,8.022563036981578e-6,3.323750635517349e-6,1.1320960432785365e-5
recycling_support,0.25,FR,Household utility,,729,-0.008871417318005115,-0.01798273462918587,-0.0027584003109950572,-4.529570276302643e-6,-9.181628745801672e-6,-1.4083846595142185e-6
recycling_support,0.25,IT,Factor income,FAC_IT_CAP,729,0.12482203601393849,0.011265859589911997,0.2150186039507389,1.5082489074840333e-5,1.3612756978294867e-6,2.598111558245867e-5
recycling_support,0.25,IT,Factor income,FAC_IT_LAB,729,0.18616564897820354,0.09606594080105424,0.21729683165904135,2.7985251525012522e-5,1.4441061125169306e-5,3.266502989546133e-5
recycling_support,0.25,IT,Household consumption,,729,0.16283859929535538,0.041186003014445305,0.22836777393240482,1.787293490182515e-5,4.5205175795443064e-6,2.5065324651656644e-5
recycling_support,0.25,IT,Household disposable income,,729,0.2721598129719496,0.063006023876369,0.3746348456479609,1.8231212372577358e-5,4.220594471688228e-6,2.509572357015238e-5
recycling_support,0.25,IT,Household utility,,729,-0.015009810944320634,-0.03708581795217469,-0.004657002747990191,-9.661715611159793e-6,-2.3871894695431425e-5,-2.9976817375235356e-6
recycling_support,0.25,PL,Factor income,FAC_PL_CAP,729,-0.029349016025662422,-0.07745886573684402,-0.0004024111549369991,-1.3807591153855612e-5,-3.644143804938722e-5,-1.8931907966169856e-7
recycling_support,0.25,PL,Factor income,FAC_PL_LAB,729,0.0028507967363111675,-0.01879303969326429,0.00974682520609349,1.7256532291756813e-6,-1.137586177901058e-5,5.899978829322648e-6
recycling_support,0.25,PL,Household consumption,,729,-0.019145579950418323,-0.06125385288032703,0.002603537170216441,-8.563051842272316e-6,-2.739639745165294e-5,1.1644580012771242e-6
recycling_support,0.25,PL,Household disposable income,,729,-0.033360012515913695,-0.10347972839372233,0.0031918627792038023,-8.831050957835986e-6,-2.7393117856606442e-5,8.449488092872081e-7
recycling_support,0.25,PL,Household utility,,729,-0.004486652909690747,-0.010978573496686295,-0.0013650115724885836,-1.393351940723028e-5,-3.4094495375244306e-5,-4.239110004537183e-6
recycling_support,0.25,REU,Factor income,FAC_REU_CAP,729,-0.08837777748703957,-0.18407547008246183,-0.006814056076109409,-1.9984604747769134e-6,-4.162444019220614e-6,-1.5408422941289508e-7
recycling_support,0.25,REU,Factor income,FAC_REU_LAB,729,-0.09983562771230936,-0.20126192551106215,-0.011699429713189602,-2.086796114732937e-6,-4.206840922565772e-6,-2.445452092547162e-7
recycling_support,0.25,REU,Household consumption,,729,-0.1302308989688754,-0.23915455397218466,-0.031179722398519516,-2.5060139741217257e-6,-4.602015796364954e-6,-5.999867977255508e-7
recycling_support,0.25,REU,Household disposable income,,729,-0.2033227328211069,-0.39912516064941883,-0.05011243186891079,-2.2084810785024454e-6,-4.3352769905051785e-6,-5.44318660494487e-7
recycling_support,0.25,REU,Household utility,,729,-0.014000316383317113,-0.026071470812894404,-0.006518029607832432,-1.5597097684432546e-6,-2.904500626357991e-6,-7.261431936247358e-7
recycling_support,0.25,SK,Factor income,FAC_SK_CAP,729,-0.007649092607607599,-0.017566177557455376,-0.001898154674563557,-1.8400932406994692e-5,-4.225782880532915e-5,-4.566269182955484e-6
recycling_support,0.25,SK,Factor income,FAC_SK_LAB,729,-0.008601749286754057,-0.025539098583976738,-0.0027066952461609617,-2.6876729830112643e-5,-7.979858861419245e-5,-8.45724682377811e-6
recycling_support,0.25,SK,Household consumption,,729,-0.009074255198356695,-0.02532790962868603,-0.002589097850432154,-2.3390863921797176e-5,-6.52881888919476e-5,-6.673962123345536e-6
recycling_support,0.25,SK,Household disposable income,,729,-0.01716034987475723,-0.047985667348257266,-0.004888349547400139,-2.3324091343265246e-5,-6.522140261748418e-5,-6.6441717213036495e-6
recycling_support,0.25,SK,Household utility,,729,-0.0015072309543029405,-0.004239805755787529,-0.0005237697214397485,-2.390551920376573e-5,-6.724567168414599e-5,-8.307278389193744e-6
recycling_support,0.5,DE,Factor income,FAC_DE_CAP,729,0.027240531286224723,-0.027902458095923066,0.09653496090322733,2.229788121311461e-6,-2.2839704910713937e-6,7.90192037189528e-6
recycling_support,0.5,DE,Factor income,FAC_DE_LAB,729,0.04230010253377259,-0.024430818390101194,0.1250221561640501,2.5521806401870253e-6,-1.4740357111371878e-6,7.543223478050671e-6
recycling_support,0.5,DE,Household consumption,,729,0.012995320605114102,-0.0471061491407454,0.08570325397886336,8.825375388097571e-7,-3.1990703566666514e-6,5.82027493823198e-6
recycling_support,0.5,DE,Household disposable income,,729,0.02369381207972765,-0.0951678417623043,0.16637604357674718,8.229661939240275e-7,-3.3055008731924006e-6,5.778802451938935e-6
recycling_support,0.5,DE,Household utility,,729,-0.010212597699137405,-0.021960278798360378,-0.006634679913986474,-4.147659193363089e-6,-8.918764346756678e-6,-2.6945535260428156e-6
recycling_support,0.5,FR,Factor income,FAC_FR_CAP,729,0.13325546437408775,0.014751345384866,0.18714746821206063,1.7351816920837885e-5,1.920841637943654e-6,2.4369346659357327e-5
recycling_support,0.5,FR,Factor income,FAC_FR_LAB,729,0.23232834064401686,0.11752188857644796,0.3009557081386447,1.9942469195611237e-5,1.008777765242896e-5,2.583326649809181e-5
recycling_support,0.5,FR,Household consumption,,729,0.18895763461478055,0.07937057525850832,0.24377867090515792,1.742683360263306e-5,7.320041928173142e-6,2.2482766269550544e-5
recycling_support,0.5,FR,Household disposable income,,729,0.3379448833875358,0.143770981580019,0.43313107336871326,1.748332497921907e-5,7.43788385969145e-6,2.2407711099572608e-5
recycling_support,0.5,FR,Household utility,,729,-0.014620893489336595,-0.03453145021921955,-0.005903286975808442,-7.465139130347884e-6,-1.7631075723734864e-5,-3.0141016096534214e-6
recycling_support,0.5,IT,Factor income,FAC_IT_CAP,729,0.2994770013028756,0.12665727687999606,0.4449726833263412,3.6186387792159775e-5,1.5304244793658178e-5,5.3766913673114245e-5
recycling_support,0.5,IT,Factor income,FAC_IT_LAB,729,0.38578749040607363,0.2717695818282664,0.44088039349298924,5.7993297976022e-5,4.085361690553661e-5,6.627510914098366e-5
recycling_support,0.5,IT,Household consumption,,729,0.37074673222377896,0.20447051886003464,0.47552124375943094,4.069263822416433e-5,2.2442395652781472e-5,5.219254077889796e-5
recycling_support,0.5,IT,Household disposable income,,729,0.6061029934789985,0.333852645708248,0.7791988672688603,4.0601116943343504e-5,2.2363839901941883e-5,5.219631757722467e-5
recycling_support,0.5,IT,Household utility,,729,-0.02516630745958537,-0.052047111792489886,-0.007874898088630289,-1.619938495957705e-5,-3.350238016898881e-5,-5.069019595346759e-6
recycling_support,0.5,PL,Factor income,FAC_PL_CAP,729,-0.047076929884497076,-0.18375460169045255,0.0018674403836484998,-2.2147897566334188e-5,-8.64495222107888e-5,8.785593799109732e-7
recycling_support,0.5,PL,Factor income,FAC_PL_LAB,729,0.010032807098468766,-0.02592039341107011,0.022615645546466112,6.073090286143254e-6,-1.5690213904303325e-5,1.3689773553337229e-5
recycling_support,0.5,PL,Household consumption,,729,-0.032256761158350855,-0.11897079751361161,0.004385347128845751,-1.4427158580828291e-5,-5.3210877366513365e-5,1.961390300466602e-6
recycling_support,0.5,PL,Household disposable income,,729,-0.054758961603511125,-0.20099175808718428,0.007404037460219115,-1.4495773347926256e-5,-5.320646858076454e-5,1.9599942318361175e-6
recycling_support,0.5,PL,Household utility,,729,-0.008298602675495204,-0.021445323563966667,-0.0032295976670866366,-2.5771715298534333e-5,-6.659949813087377e-5,-1.0029673049743884e-5
recycling_support,0.5,REU,Factor income,FAC_REU_CAP,729,-0.18640878796577454,-0.36773181334137917,-0.03558680787682533,-4.2152066446506906e-6,-8.315410448118335e-6,-8.047139336291476e-7
recycling_support,0.5,REU,Factor income,FAC_REU_LAB,729,-0.2144083110615611,-0.4113323539495468,-0.04526952654123306,-4.48163086414873e-6,-8.59779998142254e-6,-9.462380741913824e-7
recycling_support,0.5,REU,Household consumption,,729,-0.25263454765081406,-0.46447259932756424,-0.08279313705861568,-4.86140932578296e-6,-8.937777699075936e-6,-1.5931761207346374e-6
recycling_support,0.5,REU,Household disposable income,,729,-0.4529616180807352,-0.821050651371479,-0.14645575918257236,-4.9200458253602685e-6,-8.918209994968146e-6,-1.5907949322875443e-6
recycling_support,0.5,REU,Household utility,,729,-0.029825992533005774,-0.05313250201288611,-0.019938248791731894,-3.322774331205697e-6,-5.919243547244363e-6,-2.221227046209658e-6
recycling_support,0.5,SK,Factor income,FAC_SK_CAP,729,-0.011986147699644789,-0.05383180158241885,-0.0017321451668976806,-2.8834308192817175e-5,-0.00012949971885047146,-4.166910738980556e-6
recycling_support,0.5,SK,Factor income,FAC_SK_LAB,729,-0.020964527157047996,-0.10803333706280682,-0.004249313780746888,-6.550504014376521e-5,-0.00033755724738979213,-1.3277259615186025e-5
recycling_support,0.5,SK,Household consumption,,729,-0.020848126943747047,-0.09370101004606113,-0.004464825600734912,-5.374057593069731e-5,-0.0002415347075645653,-1.150905785349451e-5
recycling_support,0.5,SK,Household disposable income,,729,-0.03959921943896916,-0.17772568119107746,-0.008572706778068095,-5.38226678741561e-5,-0.00024156209241365316,-1.1651895066765641e-5
recycling_support,0.5,SK,Household utility,,729,-0.0035674481723617646,-0.015520582016506523,-0.0008235027207774692,-5.6581707369757745e-5,-0.0002461650421756282,-1.3061210061027764e-5
recycling_support,1.0,DE,Factor income,FAC_DE_CAP,729,0.09569055656902492,-0.000789404846727848,0.2113445163704455,7.832801207807304e-6,-6.46171519803066e-8,1.729971736427058e-5
recycling_support,1.0,DE,Factor income,FAC_DE_LAB,729,0.0959544728975743,-0.02835017372854054,0.25566858937963843,5.789422091204239e-6,-1.710510381778914e-6,1.542578823772688e-5
recycling_support,1.0,DE,Household consumption,,729,0.06341182277537882,-0.05757770547643304,0.19500029110349715,4.306420418750037e-6,-3.910214147379199e-6,1.3242849652870158e-5
recycling_support,1.0,DE,Household disposable income,,729,0.1194943436421454,-0.1068396046757698,0.3759613954462111,4.150442522703496e-6,-3.71090065728277e-6,1.3058410255832498e-5
recycling_support,1.0,DE,Household utility,,729,-0.018335571308853105,-0.03762089376687072,-0.013860222272342071,-7.4466558994243445e-6,-1.5279035803777634e-5,-5.629074993798204e-6
recycling_support,1.0,FR,Factor income,FAC_FR_CAP,729,0.1987107468303293,-0.04713971493765712,0.3467216371791437,2.587505522097059e-5,-6.138282637306777e-6,4.5148245132658565e-5
recycling_support,1.0,FR,Factor income,FAC_FR_LAB,729,0.5619512628763914,0.47697915975004435,0.6864274903200567,4.82364558642831e-5,4.0942668354927346e-5,5.892117613627592e-5
recycling_support,1.0,FR,Household consumption,,729,0.40506677282974124,0.2418761234730482,0.5170720319729298,3.735774562764064e-5,2.2307301659162268e-5,4.768755853927642e-5
recycling_support,1.0,FR,Household disposable income,,729,0.721089746337384,0.4308413160033524,0.9230978153645992,3.730503698823779e-5,2.2289252220194518e-5,4.775577287009088e-5
recycling_support,1.0,FR,Household utility,,729,-0.026559081888990477,-0.0612322264641989,-0.007373562024440616,-1.3560542084532533e-5,-3.126396414484485e-5,-3.7647949791060536e-6
recycling_support,1.0,IT,Factor income,FAC_IT_CAP,729,0.8838518373668194,0.7006618019659072,0.988061765790917,0.00010679753436374202,8.466232654581453e-5,0.0001193894224411154
recycling_support,1.0,IT,Factor income,FAC_IT_LAB,729,0.7835675429087132,0.6492706361459568,0.8849439540645108,0.00011778937143086106,9.76012608113938e-5,0.0001330287261653019
recycling_support,1.0,IT,Household consumption,,729,0.9055513887433335,0.7441589089576155,1.013346258434467,9.939204274227584e-5,8.167783187598715e-5,0.00011122345554567601
recycling_support,1.0,IT,Household disposable income,,729,1.4814474866725504,1.2230016479734331,1.6592820815276355,9.923795674855496e-5,8.192540453634931e-5,0.00011115059083844763
recycling_support,1.0,IT,Household utility,,729,-0.020104438590351492,-0.05271701791207306,-0.00624208664521575,-1.294109358889025e-5,-3.393359428871341e-5,-4.017989714195077e-6
recycling_support,1.0,PL,Factor income,FAC_PL_CAP,729,-0.033360586588969454,-0.18218153523048386,0.025981696147937328,-1.5694881895159326e-5,-8.570945451824028e-5,1.222339575452391e-5
recycling_support,1.0,PL,Factor income,FAC_PL_LAB,729,0.02233657063334249,0.0031504273938480765,0.04355762014165521,1.3520843050926054e-5,1.90702659932699e-6,2.6366435352824653e-5
recycling_support,1.0,PL,Household consumption,,729,-0.021817824977915734,-0.11197865640860982,0.02212020065053366,-9.758240119023096e-6,-5.0083572425552733e-5,9.893480658412111e-6
recycling_support,1.0,PL,Household disposable income,,729,-0.03685541346203536,-0.18918159540044144,0.03792265889933333,-9.756352285517609e-6,-5.00800864050809e-5,1.0038873127783108e-5
recycling_support,1.0,PL,Household utility,,729,-0.01037006892147474,-0.024858359513018513,-0.003519979254633654,-3.2204754742573484e-5,-7.719884771079971e-5,-1.0931467230627888e-5
recycling_support,1.0,REU,Factor income,FAC_REU_CAP,729,-0.2820891384035349,-0.6767938900738955,-0.05894407816231251,-6.378798036194956e-6,-1.5304139540112214e-5,-1.3328849602460517e-6
recycling_support,1.0,REU,Factor income,FAC_REU_LAB,729,-0.42440018709748983,-0.8187851458787918,-0.13733402080833912,-8.870947995251833e-6,-1.711450812058719e-5,-2.870599480464415e-6
recycling_support,1.0,REU,Household consumption,,729,-0.42350366059690714,-0.8981026895344257,-0.18338158167898655,-8.149418455417469e-6,-1.728205754533691e-5,-3.528784719459509e-6
recycling_support,1.0,REU,Household disposable income,,729,-0.7490389682352543,-1.5927506424486637,-0.3280387185513973,-8.136022792133979e-6,-1.7300375653110344e-5,-3.563139708399625e-6
recycling_support,1.0,REU,Household utility,,729,-0.055556132923811674,-0.08691738650668412,-0.0439649464096874,-6.189248931649539e-6,-9.683059515967408e-6,-4.897929054373745e-6
recycling_support,1.0,SK,Factor income,FAC_SK_CAP,729,-0.015404387886519544,-0.10421367532399017,-0.002702004407183267,-3.7057349780018075e-5,-0.0002507001671942354,-6.500039024969046e-6
recycling_support,1.0,SK,Factor income,FAC_SK_LAB,729,-0.048139120583073236,-0.7403099922012188,-0.006139396362414118,-0.00015041383963285704,-0.0023131471270538932,-1.9182946614909028e-5
recycling_support,1.0,SK,Household consumption,,729,-0.04413350964023266,-0.48106350581656443,-0.006513954191177618,-0.00011376370807992358,-0.0012400456857395385,-1.6791131915931956e-5
recycling_support,1.0,SK,Household disposable income,,729,-0.08499355158710387,-0.9123980773438234,-0.013294614866026677,-0.00011552196634276714,-0.001240117844926869,-1.806984203379997e-5
recycling_support,1.0,SK,Household utility,,729,-0.007623161664923828,-0.07965205108121154,-0.0012577824372783653,-0.00012090757360807117,-0.0012633257239625523,-1.994912731906403e-5
recycling_support,2.0,DE,Factor income,FAC_DE_CAP,729,0.2748551513068378,0.030937011819332838,0.4644862876739353,2.2498414036877822e-5,2.532365493852332e-6,3.802077117684704e-5
recycling_support,2.0,DE,Factor income,FAC_DE_LAB,729,0.2859901550691575,-0.01365304202772677,0.5652117196004838,1.725524273723367e-5,-8.237575668783083e-7,3.4102101932292156e-5
recycling_support,2.0,DE,Household consumption,,729,0.19649394089356065,-0.07376964786089957,0.4327057476621121,1.3344286320740752e-5,-5.009840498739138e-6,2.9385890288430665e-5
recycling_support,2.0,DE,Household disposable income,,729,0.3714365162886679,-0.1426194398663938,0.8277162974700332,1.2901245905999794e-5,-4.953655292505696e-6,2.8749385226966688e-5
recycling_support,2.0,DE,Household utility,,729,-0.0357165010063909,-0.06492199029889889,-0.028938193718204275,-1.45056016224385e-5,-2.636687528946737e-5,-1.1752716473377755e-5
recycling_support,2.0,FR,Factor income,FAC_FR_CAP,729,0.15324587910436094,-0.404502495075576,0.5854528202908114,1.995486226820329e-5,-5.267216073600947e-5,7.623454843666527e-5
recycling_support,2.0,FR,Factor income,FAC_FR_LAB,729,1.2406315768603235,1.0446575374808162,1.4376451652497053,0.00010649263424518443,8.967072507716901e-5,0.00012340377563515185
recycling_support,2.0,FR,Household consumption,,729,0.6885532217565924,0.3397440833505243,0.9866797851864249,6.350260706312904e-5,3.133328600537685e-5,9.099766977516397e-5
recycling_support,2.0,FR,Household disposable income,,729,1.229674244998023,0.6053299936465919,1.7585195945575833,6.361627443218947e-5,3.1316293038192964e-5,9.097569179513977e-5
recycling_support,2.0,FR,Household utility,,729,-0.06306537412456237,-0.1594549199216999,-0.02607284765690565,-3.219993309510533e-5,-8.141452935842303e-5,-1.331228049948654e-5
recycling_support,2.0,IT,Factor income,FAC_IT_CAP,729,1.9333451953716576,1.6766502372920513,2.108942514634691,0.00023360985542485895,0.0002025929050186451,0.0002548276206044013
recycling_support,2.0,IT,Factor income,FAC_IT_LAB,729,1.545174916391261,1.1393564871978015,1.7546569289406762,0.0002322775921484987,0.00017127315402004484,0.0002637678635441527
recycling_support,2.0,IT,Household consumption,,729,1.8815645022550598,1.5349634847370908,2.1166996139800176,0.00020651786496849643,0.00016847542633031644,0.00023232596306855773
recycling_support,2.0,IT,Household disposable income,,729,3.082625114824623,2.516155895544216,3.4544697429519147,0.00020649629539243295,0.00016855013234075408,0.00023140511022060048
recycling_support,2.0,IT,Household utility,,729,-0.029254575521918014,-0.09257649804931134,-0.004324844107031822,-1.8830975957423107e-5,-5.959087691027674e-5,-2.783873426503907e-6
recycling_support,2.0,PL,Factor income,FAC_PL_CAP,729,0.03964304074179381,-0.22055224308860488,0.09960483713075519,1.8650536636982565e-5,-0.00010376140712595884,4.686027180007379e-5
recycling_support,2.0,PL,Factor income,FAC_PL_LAB,729,0.05201262186164968,0.01691915182163939,0.09489963453961536,3.1484443534070235e-5,1.0241554090125642e-5,5.744494467192988e-5
recycling_support,2.0,PL,Household consumption,,729,0.031909418787108734,-0.14390503274626099,0.08866666327230632,1.427180623634991e-5,-6.436296309562425e-5,3.965705067498729e-5
recycling_support,2.0,PL,Household disposable income,,729,0.05307082732906565,-0.24501796072581783,0.14981594978598878,1.4048891027682662e-5,-6.486106969314482e-5,3.965922633326908e-5
recycling_support,2.0,PL,Household utility,,729,-0.008331692075444153,-0.040722414716583444,-0.0034237526524520945,-2.5874476043716657e-5,-0.00012646544477224538,-1.063263082496422e-5
recycling_support,2.0,REU,Factor income,FAC_REU_CAP,729,-0.3883541664108634,-1.3699391800910234,0.005226241424679756,-8.781737602771929e-6,-3.0978028438594375e-5,1.1817944755073042e-7
recycling_support,2.0,REU,Factor income,FAC_REU_LAB,729,-0.8707021307200193,-1.7118257842957973,-0.19264010339975357,-1.8199693486628782e-5,-3.578112821645812e-5,-4.026624848530798e-6
recycling_support,2.0,REU,Household consumption,,729,-0.7790481112897396,-1.8529004119336605,-0.15340567007660866,-1.4991107861891222e-5,-3.565508924232964e-5,-2.9519626752479758e-6
recycling_support,2.0,REU,Household disposable income,,729,-1.3834425527602434,-3.267332697287202,-0.26872274093329906,-1.5026881935814771e-5,-3.5489599903516015e-5,-2.918852606680537e-6
recycling_support,2.0,REU,Household utility,,729,-0.10566448047757149,-0.17921970807947218,-0.09052306599915028,-1.1771585574647002e-5,-1.996602946217646e-5,-1.0084751404371897e-5
recycling_support,2.0,SK,Factor income,FAC_SK_CAP,729,-0.017246840841835365,-0.24529307793272892,-0.0005870668610441498,-4.14896209042309e-5,-0.000590085854201272,-1.4122691647931326e-6
recycling_support,2.0,SK,Factor income,FAC_SK_LAB,729,-0.5041453275989625,-2.91171796294293,-0.014846577360003721,-0.0015752351423259571,-0.009097853751842879,-4.638910473144054e-5
recycling_support,2.0,SK,Household consumption,,729,-0.35710285985987866,-1.7626014302659314,-0.012782743564457633,-0.0009205101925961016,-0.0045434880659267285,-3.295029827931865e-5
recycling_support,2.0,SK,Household disposable income,,729,-0.6796429015666945,-3.345672107723658,-0.027408529262174852,-0.0009237604845816617,-0.004547387576976125,-3.725326375121351e-5
recycling_support,2.0,SK,Household utility,,729,-0.05938687910474982,-0.2872151316223608,-0.0025422740372960106,-0.0009419088526764383,-0.004555391345029787,-4.032187677751548e-5
refurbishment_support,0.25,DE,Factor income,FAC_DE_CAP,729,-0.36425024806521833,-0.94864681805484,-0.13938928279094398,-2.981589704644628e-5,-7.765198791462746e-5,-1.1409783595479458e-5
refurbishment_support,0.25,DE,Factor income,FAC_DE_LAB,729,-0.24536047270521522,-0.6317956664133817,-0.01516098715364933,-1.4803847054665491e-5,-3.811945058745661e-5,-9.147395770205259e-7
refurbishment_support,0.25,DE,Household consumption,,729,4.212713088607416,3.6870881034992635,4.4424291318282485,0.00028609355273174195,0.00025039733601817126,0.00030169401674259687
refurbishment_support,0.25,DE,Household disposable income,,729,-9.903526257257909,-10.885372383520007,-9.456721108406782,-0.0003439829472326535,-0.00037808578247153267,-0.00032846389392266986
refurbishment_support,0.25,DE,Household utility,,729,-0.2927411587734241,-0.3609615485474933,-0.21208186470903456,-0.00011889145095423779,-0.00014659791067751963,-8.613315845980227e-5
refurbishment_support,0.25,FR,Factor income,FAC_FR_CAP,729,0.7936162651749328,-0.34337839751970023,1.0716146397171542,0.00010334048365897643,-4.471290626834854e-5,0.00013953995151615997
refurbishment_support,0.25,FR,Factor income,FAC_FR_LAB,729,0.4979497503954917,-1.1234374369960278,1.4016232234425843,4.274273009840831e-5,-9.643298970211365e-5,0.00012031174448881864
refurbishment_support,0.25,FR,Household consumption,,729,1.2429374577477574,0.06502248020842671,1.949193540494889,0.00011463132621883541,5.9967724794208895e-6,0.00017976659984828133
refurbishment_support,0.25,FR,Household disposable income,,729,-0.8340034743305296,-2.9448983322363347,0.41271574050188065,-4.3146543985455785e-5,-0.00015235210563816027,2.1351539171079592e-5
refurbishment_support,0.25,FR,Household utility,,729,-0.2629268840246368,-0.4654631980811246,-0.16085575459874235,-0.00013424526837462215,-0.0002376563057699925,-8.212976784712159e-5
refurbishment_support,0.25,IT,Factor income,FAC_IT_CAP,729,0.35977337090298533,-0.054348409990780056,0.45759148872457445,4.347211525626257e-5,-6.567023949250486e-6,5.529166844112592e-5
refurbishment_support,0.25,IT,Factor income,FAC_IT_LAB,729,0.11733620543964207,-0.13098627631552517,0.23805377585813403,1.763850227060321e-5,-1.9690441868000187e-5,3.578530642163711e-5
refurbishment_support,0.25,IT,Household consumption,,729,1.6534157298738137,1.2603855853667483,1.7833280164049938,0.0001814765776269614,0.00013833814350644973,0.0001957355668967599
refurbishment_support,0.25,IT,Household disposable income,,729,-3.0215152706950903,-3.652108159614727,-2.80767720611766,-0.0002024027206152619,-0.0002446443460494667,-0.00018807831641143785
refurbishment_support,0.25,IT,Household utility,,729,-0.20759296364849433,-0.2459149719798006,-0.16959497681818902,-0.00013362621188833145,-0.00015829383412015408,-0.00010916716014458402
refurbishment_support,0.25,PL,Factor income,FAC_PL_CAP,729,0.10639190740766935,-0.09678862628061324,0.14637723015039228,5.0053329156075345e-5,-4.553535215096397e-5,6.886489640247719e-5
refurbishment_support,0.25,PL,Factor income,FAC_PL_LAB,729,0.05725564161548391,-0.10821219350327738,0.08766556979389861,3.465816470875769e-5,-6.550334465168321e-5,5.3065997892495816e-5
refurbishment_support,0.25,PL,Household consumption,,729,0.4387680644867942,0.20260403063730337,0.4841193461616058,0.00019624339887600823,9.06166761383435e-5,0.00021652721253770846
refurbishment_support,0.25,PL,Household disposable income,,729,-0.7017619902617298,-1.098000375146512,-0.6263869179529138,-0.00018577019098001203,-0.0002906622789815152,-0.00016581692794935364
refurbishment_support,0.25,PL,Household utility,,729,-0.044869612636830425,-0.06580215962094371,-0.03055988378037,-0.00013934477015589098,-0.0002043518156119698,-9.490520936369751e-5
refurbishment_support,0.25,REU,Factor income,FAC_REU_CAP,729,-0.476465723477304,-3.273202077485621,1.379573824815452,-1.0774178113909322e-5,-7.401594794495126e-5,3.119589380265879e-5
refurbishment_support,0.25,REU,Factor income,FAC_REU_LAB,729,1.1330402810126543,-0.3667461322620511,1.8791820807382464,2.368316912944199e-5,-7.665844563184648e-6,3.927926287336441e-5
refurbishment_support,0.25,REU,Household consumption,,729,12.55923207104206,10.540156313218176,13.994498045183718,0.00024167544970816055,0.00020282267280076645,0.00026929406108346733
refurbishment_support,0.25,REU,Household disposable income,,729,-27.833613697439432,-31.46395294740796,-25.524405447766185,-0.00030232728206879396,-0.0003417598405071567,-0.0002772447806947168
refurbishment_support,0.25,REU,Household utility,,729,-1.2749988270225003,-1.5835799566702917,-1.0884986793389544,-0.00014204165611788247,-0.00017641923653045313,-0.00012126454693021021
refurbishment_support,0.25,SK,Factor income,FAC_SK_CAP,729,-0.17629439375014044,-0.664652525454585,-0.09600679286813829,-0.0004241001369522606,-0.0015989120302088346,-0.00023095739544727446
refurbishment_support,0.25,SK,Factor income,FAC_SK_LAB,729,-0.18150878386950353,-2.112841491420113,-0.1059599041036563,-0.0005671361000929494,-0.006601711818790315,-0.00033107867049680776
refurbishment_support,0.25,SK,Household consumption,,729,-0.002018224164203275,-1.4008773270761594,0.09503143388428725,-5.2024111915782855e-6,-0.0036110656149287465,0.00024496416402382655
refurbishment_support,0.25,SK,Household disposable income,,729,-0.8527790804801043,-3.4997376490937313,-0.6637422086496372,-0.0011590845938363296,-0.004756791161005164,-0.0009021485003027172
refurbishment_support,0.25,SK,Household utility,,729,-0.02378076570767007,-0.25025458342952334,-0.013866863008843211,-0.0003771761385601974,-0.003969176543660409,-0.0002199361411598842
refurbishment_support,0.5,DE,Factor income,FAC_DE_CAP,729,-0.7071263471152633,-2.021683803992346,-0.3227302802260965,-5.788220179865455e-5,-0.00016548599892455206,-2.6417258080516442e-5
refurbishment_support,0.5,DE,Factor income,FAC_DE_LAB,729,-0.47389956982806325,-1.6589681135956198,-0.0005364005919545889,-2.859277484130152e-5,-0.00010009399619721708,-3.236377985326524e-8
refurbishment_support,0.5,DE,Household consumption,,729,8.390032285358757,7.2439942243508995,8.880145230330527,0.0005697834373180509,0.0004919537599747047,0.0006030679622157452
refurbishment_support,0.5,DE,Household disposable income,,729,-19.943584975320846,-22.160253694280982,-19.077937277033925,-0.0006927081283988227,-0.000769700526769009,-0.0006626412573860738
refurbishment_support,0.5,DE,Household utility,,729,-0.5944554749003146,-0.7372818540898152,-0.4199154634261504,-0.00024142718514443833,-0.00029943349873398964,-0.00017054096162643343
refurbishment_support,0.5,FR,Factor income,FAC_FR_CAP,729,0.8807267330121249,-2.0921549127670005,1.9846444049617276,0.0001146835448742992,-0.000272429271001318,0.0002584298252192214
refurbishment_support,0.5,FR,Factor income,FAC_FR_LAB,729,1.7047039899043739,-1.1377204668242484,3.135754559421912,0.0001463274205483706,-9.765900836527877e-5,0.0002691651329922535
refurbishment_support,0.5,FR,Household consumption,,729,2.4399924457538873,0.3245682551059872,3.8260261740069836,0.0002250310892743765,2.9933677917641117e-5,0.00035285963243034834
refurbishment_support,0.5,FR,Household disposable income,,729,-1.8024453716352582,-5.550880667055026,0.6855187141336501,-9.324815891326225e-5,-0.0002871706464429703,3.546479632645462e-5
refurbishment_support,0.5,FR,Household utility,,729,-0.5567740938568022,-0.9376140076201409,-0.3360004741989542,-0.0002842778437477688,-0.00047872717372247285,-0.00017155519870159898
refurbishment_support,0.5,IT,Factor income,FAC_IT_CAP,729,0.6919132675975561,-0.8788042647065595,0.888655561953783,8.360522414590279e-5,-0.00010618762635801716,0.00010737797773900875
refurbishment_support,0.5,IT,Factor income,FAC_IT_LAB,729,0.2736275828210637,-0.7343891604105011,0.49792575964238495,4.113291990892743e-5,-0.00011039665740736852,7.485042327012112e-5
refurbishment_support,0.5,IT,Household consumption,,729,3.2837667249841616,1.9039844174403697,3.549123527482152,0.00036042160249265053,0.00020897864323346727,0.0003895467907461973
refurbishment_support,0.5,IT,Household disposable income,,729,-6.126178903970867,-8.362054442754015,-5.681758493650705,-0.0004103753137263224,-0.0005601502615391567,-0.00038060485351050754
refurbishment_support,0.5,IT,Household utility,,729,-0.42862968565896153,-0.5894872840726748,-0.341500314330915,-0.00027590608174213376,-0.0003794490494405715,-0.00021982148412305114
refurbishment_support,0.5,PL,Factor income,FAC_PL_CAP,729,0.15781265159603208,-0.9250044352374971,0.2771761835901998,7.42448254541543e-5,-0.00043517925935859737,0.00013040080856915694
refurbishment_support,0.5,PL,Factor income,FAC_PL_LAB,729,0.10551243895315565,-0.7425372235593386,0.17325994570273906,6.386912075212509e-5,-0.00044947496301097,0.0001048782542012497
refurbishment_support,0.5,PL,Household consumption,,729,0.8265692076529376,-0.2785300108953379,0.9619040685356595,0.0003696913331756042,-0.00012457532909059845,0.0004302212013232197
refurbishment_support,0.5,PL,Household disposable income,,729,-1.5035390828852542,-3.3738848060602322,-1.2742741519468836,-0.00039801634521373147,-0.0008931336171919761,-0.00033732541211261414
refurbishment_support,0.5,PL,Household utility,,729,-0.09665337169280974,-0.2365511991774838,-0.06115687776400591,-0.0003001617591918041,-0.0007346212847051335,-0.00018992566627335403
refurbishment_support,0.5,REU,Factor income,FAC_REU_CAP,729,-0.1682115849107504,-4.504638495855033,2.617614203132689,-3.803718688116146e-6,-0.00010186205450455942,5.9191333750184305e-5
refurbishment_support,0.5,REU,Factor income,FAC_REU_LAB,729,2.4550078567117453,0.722725685685873,3.43158217985183,5.131535679633512e-5,1.5106642663192591e-5,7.17280245979896e-5
refurbishment_support,0.5,REU,Household consumption,,729,25.825598860159516,22.431381152942777,27.719311431981623,0.0004969581884575415,0.0004316437579144319,0.0005333986200702339
refurbishment_support,0.5,REU,Household disposable income,,729,-54.77152034081519,-60.721715960651636,-51.421444833278656,-0.0005949254401341415,-0.0006595561592551464,-0.0005585370920816576
refurbishment_support,0.5,REU,Household utility,,729,-2.4377235842403024,-2.872147223330103,-2.1061177861411124,-0.00027157538322739364,-0.0003199724890484044,-0.00023463273218959007
refurbishment_support,0.5,SK,Factor income,FAC_SK_CAP,729,-1.1917259189722245,-10.45220294912724,-0.24940145769505762,-0.0028668587511904635,-0.02514419551170393,-0.000599969120437762
refurbishment_support,0.5,SK,Factor income,FAC_SK_LAB,729,-2.380749013140303,-16.02271498071059,-0.30090890257633873,-0.00743880644337202,-0.05006402387112661,-0.0009402096023360009
refurbishment_support,0.5,SK,Household consumption,,729,-2.3122144617009326,-13.258876204316039,0.027917303748836275,-0.00596023504399072,-0.03417763357299083,7.196291472045117e-5
refurbishment_support,0.5,SK,Household disposable income,,729,-6.107977594787371,-26.8987797354348,-1.6527395407756558,-0.008301871955791426,-0.036560419817222654,-0.0022463789079409167
refurbishment_support,0.5,SK,Household utility,,729,-0.4359368660971086,-2.186720838852125,-0.042745775916046114,-0.006914200570293254,-0.03468260577743542,-0.0006779717229511517
refurbishment_support,1.0,DE,Factor income,FAC_DE_CAP,729,-1.5022131016012281,-4.900335606420413,-0.5904308322351426,-0.00012296444935051332,-0.00040111956741179075,-4.833002860164899e-5
refurbishment_support,1.0,DE,Factor income,FAC_DE_LAB,729,-0.9206870279740542,-3.462619240861386,0.10530226049013436,-5.554973789028063e-5,-0.0002089174555483448,6.353421729337716e-6
refurbishment_support,1.0,DE,Household consumption,,729,16.89871310419403,13.709331962512806,18.033108672127128,0.0011476245277231986,0.0009310274410507697,0.0012246635406534248
refurbishment_support,1.0,DE,Household disposable income,,729,-40.09610024606809,-46.12782655097544,-38.076226856559515,-0.0013926731122740504,-0.0016021753579767656,-0.0013225160809903092
refurbishment_support,1.0,DE,Household utility,,729,-1.1152041830064263,-1.4762376321887132,-0.6580628487863578,-0.00045291971919292026,-0.0005995468309941594,-0.00026726015309601185
refurbishment_support,1.0,FR,Factor income,FAC_FR_CAP,729,0.9757199942832813,-4.459064609836787,3.644710486405529,0.00012705306147358606,-0.0005806356467929584,0.00047459478968828937
refurbishment_support,1.0,FR,Factor income,FAC_FR_LAB,729,3.2344006828498095,-1.192945169750601,6.026617655064911,0.00027763266335141247,-0.00010239935529955636,0.0005173094105051661
refurbishment_support,1.0,FR,Household consumption,,729,4.545311542460695,0.006032355362549424,7.5025064900983125,0.0004191965468175832,5.563408610105822e-7,0.0006919272273784694
refurbishment_support,1.0,FR,Household disposable income,,729,-4.16018586512655,-12.437558647012338,1.009785610018298,-0.0002152240943169158,-0.0006434477646061106,5.224050088513437e-5
refurbishment_support,1.0,FR,Household utility,,729,-1.006476093782112,-1.688937689497834,-0.6231977755378466,-0.0005138867933708917,-0.0008623381904659306,-0.00031819246228052687
refurbishment_support,1.0,IT,Factor income,FAC_IT_CAP,729,1.249216306139715,-3.9590320432325825,1.804239018354565,0.00015094523283845323,-0.0004783775320797644,0.00021800970527097367
refurbishment_support,1.0,IT,Factor income,FAC_IT_LAB,729,0.5017794992309064,-2.7394745469791815,1.004304908681661,7.542973460828524e-5,-0.0004118100447893825,0.00015097159777613807
refurbishment_support,1.0,IT,Household consumption,,729,6.399775442201644,1.728608196717687,7.193522068671882,0.0007024303227832076,0.00018972959669446662,0.0007895508325695784
refurbishment_support,1.0,IT,Household disposable income,,729,-12.603769508190453,-20.33226408949122,-11.4049610379152,-0.0008442906985081269,-0.0013620005855147675,-0.0007639859261851877
refurbishment_support,1.0,IT,Household utility,,729,-0.8463355139247142,-1.3330776673101354,-0.6349143711850047,-0.0005447805490354536,-0.0008580932402757712,-0.0004086901636924991
refurbishment_support,1.0,PL,Factor income,FAC_PL_CAP,729,0.3168365682649892,-3.270050090854056,0.5517325365217403,0.00014905950486515397,-0.0015384336792101374,0.00025956908687513097
refurbishment_support,1.0,PL,Factor income,FAC_PL_LAB,729,0.20714129591942765,-1.9248161792638712,0.36054425322799943,0.000125387419465738,-0.0011651357716947037,0.0002182457791232503
refurbishment_support,1.0,PL,Household consumption,,729,1.657529250398511,-1.572009412193438,1.9344741890090518,0.000741346511217729,-0.0007030969094705867,0.0008652129008931954
refurbishment_support,1.0,PL,Household disposable income,,729,-3.0395325992722064,-8.439592729555443,-2.5697351685375907,-0.0008046240168308803,-0.0022341260640058014,-0.0006802594036820415
refurbishment_support,1.0,PL,Household utility,,729,-0.18384934867935954,-0.5508644383735373,-0.10879722061145003,-0.0005709531179239213,-0.0017107363768322688,-0.00033787507421576864
refurbishment_support,1.0,REU,Factor income,FAC_REU_CAP,729,-1.6194289987906814,-11.003842285834253,4.872513177804649,-3.661966772530188e-5,-0.00024882662252673926,0.00011018069559746562
refurbishment_support,1.0,REU,Factor income,FAC_REU_LAB,729,4.373498787172139,-1.4094645865261555,6.388012513518333,9.141626577621964e-5,-2.946107807809673e-5,0.00013352427384379998
refurbishment_support,1.0,REU,Household consumption,,729,50.825902114622295,43.728722169063985,55.13295900914818,0.0009780353353485412,0.0008414653487922821,0.0010609153956958653
refurbishment_support,1.0,REU,Household disposable income,,729,-112.14562238939106,-125.23810482025146,-104.39076592586935,-0.0012181199890684252,-0.001360329860585777,-0.001133887136580787
refurbishment_support,1.0,REU,Household utility,,729,-4.772487276582979,-5.641101335990243,-3.504438179312274,-0.000531680486444405,-0.0006284487162737704,-0.00039041306721411415
refurbishment_support,1.0,SK,Factor income,FAC_SK_CAP,729,-5.615645005389524,-27.544240053561225,-0.7671326980853337,-0.013509197686581997,-0.06626141497148509,-0.0018454420212179938
refurbishment_support,1.0,SK,Factor income,FAC_SK_LAB,729,-15.087776232856413,-45.47982259420678,-1.4159489188568841,-0.04714274642991536,-0.14210468867195922,-0.004424225268523405
refurbishment_support,1.0,SK,Household consumption,,729,-12.938439648030908,-39.56208799373417,-1.92856605561974,-0.03335163873683146,-0.10197987563813755,-0.004971297940467517
refurbishment_support,1.0,SK,Household disposable income,,729,-28.17676456879417,-78.63011180356261,-7.230703171167988,-0.03829743773134463,-0.10687287399282283,-0.009827863793847395
refurbishment_support,1.0,SK,Household utility,,729,-2.222856144871912,-6.525390926996806,-0.43689061254372064,-0.035255731779618965,-0.10349632062861304,-0.006929327517911278
refurbishment_support,2.0,DE,Factor income,FAC_DE_CAP,729,-5.477411976549774,-16.48666954273358,-1.4106341255828738,-0.0004483564594463709,-0.001349525070563855,-0.00011546820374348955
refurbishment_support,2.0,DE,Factor income,FAC_DE_LAB,729,-2.0230806907638907,-8.211797932395712,0.5808344022370875,-0.00012206276257634995,-0.0004954595958102438,3.5044697949954686e-5
refurbishment_support,2.0,DE,Household consumption,,729,32.715023207478225,23.324942664708942,36.47906797030009,0.002221740958910469,0.0015840422962169073,0.002477364571646296
refurbishment_support,2.0,DE,Household disposable income,,729,-83.5802394268103,-101.7074972493574,-77.46602886077017,-0.0029030242705119567,-0.003532645216492038,-0.002690657067560298
refurbishment_support,2.0,DE,Household utility,,729,-2.105494426272344,-3.1980038600740954,-0.8538595891732257,-0.0008551079334536836,-0.0012988105966190476,-0.00034677940708216574
refurbishment_support,2.0,FR,Factor income,FAC_FR_CAP,729,-1.4550895998254418,-15.05018506210763,6.590590899810195,-0.00018947401863050057,-0.0019597549492419157,0.0008581916488813231
refurbishment_support,2.0,FR,Factor income,FAC_FR_LAB,729,4.850126590114087,-2.909792775521055,11.877796726999804,0.00041632243337781985,-0.00024976915270685974,0.0010195596227584658
refurbishment_support,2.0,FR,Household consumption,,729,6.7195836280006915,-4.023288791067898,14.328781780553982,0.0006197212724792981,-0.0003710524025269633,0.0013214882602377333
refurbishment_support,2.0,FR,Household disposable income,,729,-13.264772136462852,-32.351193812908605,0.6623646742664278,-0.0006862430338296079,-0.0016736647385846319,3.426693944641945e-5
refurbishment_support,2.0,FR,Household utility,,729,-2.0298608705052175,-3.7998548539471813,-1.1923072972276714,-0.0010364068259318179,-0.0019401307574350257,-0.0006087685315829133
refurbishment_support,2.0,IT,Factor income,FAC_IT_CAP,729,1.4095588133204728,-19.643248128471896,3.696990576456301,0.00017031972944036693,-0.002373531827811181,0.0004467145526473839
refurbishment_support,2.0,IT,Factor income,FAC_IT_LAB,729,0.916552833863534,-10.673012594110332,2.2243498796597123,0.0001377803141045265,-0.001604414904711745,0.0003343742049180116
refurbishment_support,2.0,IT,Household consumption,,729,12.23545322404243,-6.3605737157631665,14.62342396331951,0.0013429460822751435,-0.0006981275966033872,0.0016050463813130922
refurbishment_support,2.0,IT,Household disposable income,,729,-26.90810812730342,-56.6445077334065,-23.087386425584555,-0.0018024976886101803,-0.0037944545851570227,-0.0015465584005813831
refurbishment_support,2.0,IT,Household utility,,729,-1.7197349535126705,-3.9240779140382074,-1.089654855109984,-0.0011069819672643844,-0.002525902889923859,-0.000701403592853095
refurbishment_support,2.0,PL,Factor income,FAC_PL_CAP,729,0.20143834812915884,-12.729146782396128,1.1730924306320958,9.476904953969717e-5,-0.005988577414360164,0.000551895186306892
refurbishment_support,2.0,PL,Factor income,FAC_PL_LAB,729,0.32131523097632453,-5.191657882358413,0.7705819426919334,0.00019449954423365572,-0.0031426306460738914,0.0004664510804282583
refurbishment_support,2.0,PL,Household consumption,,729,2.9514200414414518,-7.724463751306757,3.9693278500635643,0.0013200520897798205,-0.0034548435580806264,0.0017753215231637025
refurbishment_support,2.0,PL,Household disposable income,,729,-6.884360442229081,-24.791365385404788,-5.175289400562178,-0.0018224255116418067,-0.006562761657473339,-0.0013700008174661082
refurbishment_support,2.0,PL,Household utility,,729,-0.3739044145659136,-1.6342932140323683,-0.20670391528256005,-0.0011611783932625006,-0.005075377274145205,-0.0006419290890362799
refurbishment_support,2.0,REU,Factor income,FAC_REU_CAP,729,-8.963529675267637,-29.859534815885127,6.900478769093752,-0.00020268963850782946,-0.0006752048062801234,0.00015603848014518796
refurbishment_support,2.0,REU,Factor income,FAC_REU_LAB,729,6.842517358250916,-8.56127652619034,13.597159491851926,0.00014302447899310782,-0.00017895053099970722,0.000284212162023194
refurbishment_support,2.0,REU,Household consumption,,729,98.46896413248032,80.52712798118591,110.98486313503236,0.0018948237482774345,0.0015495716424784771,0.002135665346191012
refurbishment_support,2.0,REU,Household disposable income,,729,-233.1000889763236,-264.400140138343,-213.5506503842771,-0.002531921191271345,-0.0028719007390181047,-0.0023195761936254593
refurbishment_support,2.0,REU,Household utility,,729,-9.232817949727178,-11.555119863944128,-5.525027368450537,-0.0010285850656637638,-0.0012873018604638291,-0.0006155174584309566
refurbishment_support,2.0,SK,Factor income,FAC_SK_CAP,729,-8.848147386175697,-45.15830766929139,-1.330753158814332,-0.02128542172420123,-0.10863444981294537,-0.0032013076823148175
refurbishment_support,2.0,SK,Factor income,FAC_SK_LAB,729,-45.56138351853224,-102.93973964594261,-11.758184164023987,-0.14235953117954447,-0.3216419682249204,-0.036739217626433125
refurbishment_support,2.0,SK,Household consumption,,729,-35.498328727684566,-82.1194579682342,-9.410759629565291,-0.09150465338839954,-0.2116807413877451,-0.024258277190959566
refurbishment_support,2.0,SK,Household disposable income,,729,-75.40310101272189,-162.6935251745599,-25.488688347570132,-0.10248676912298656,-0.22113061049708765,-0.03464384464828148
refurbishment_support,2.0,SK,Household utility,,729,-6.022115667605249,-13.530120010095743,-1.7664451333321267,-0.09551409578155336,-0.21459521036786694,-0.02801679990507028
repair_support,0.25,DE,Factor income,FAC_DE_CAP,729,0.0023931211326271296,-0.01819477486424148,0.016872909385710955,1.9589019826153671e-7,-1.4893429366788403e-6,1.3811409375614138e-6
repair_support,0.25,DE,Factor income,FAC_DE_LAB,729,0.021717420546337962,0.009280831553041935,0.04696304886601865,1.3103225986306099e-6,5.599598392528266e-7,2.8335199429914417e-6
repair_support,0.25,DE,Household consumption,,729,0.08428845298476517,0.0685890894383192,0.1041502736043185,5.724193046415324e-6,4.658018683889372e-6,7.0730479781044485e-6
repair_support,0.25,DE,Household disposable income,,729,-0.12493426585569978,-0.15463138604536653,-0.08917331555858254,-4.339389411717798e-6,-5.370870791336305e-6,-3.097290712771543e-6
repair_support,0.25,DE,Household utility,,729,-0.001815897092455998,-0.004675227391999215,0.005356639856472611,-7.37493289328589e-7,-1.898757832703656e-6,2.1755010038347384e-6
repair_support,0.25,FR,Factor income,FAC_FR_CAP,729,0.0002603697357699275,-0.01180719689000398,0.010949979186989367,3.3903960396772346e-8,-1.5374702999686894e-6,1.425847975764493e-6
repair_support,0.25,FR,Factor income,FAC_FR_LAB,729,0.016221501166000962,0.009347667451947927,0.03133959602564573,1.3924120768800346e-6,8.023798116832769e-7,2.69011058496196e-6
repair_support,0.25,FR,Household consumption,,729,0.04488268052227795,0.03436433128081262,0.05367445992305875,4.139356458021779e-6,3.1692896894164235e-6,4.95018835165554e-6
repair_support,0.25,FR,Household disposable income,,729,-0.06668751919642091,-0.08434571931138635,-0.04416890093125403,-3.450028769535829e-6,-4.3635625034104375e-6,-2.285044949446968e-6
repair_support,0.25,FR,Household utility,,729,-0.0028828223003074527,-0.0048622584727127105,0.0021433974034152925,-1.4719120671770338e-6,-2.482573039259596e-6,1.0943763347835976e-6
repair_support,0.25,IT,Factor income,FAC_IT_CAP,729,0.015642392681911588,-0.005078691989183426,0.021623407723382115,1.8901006926580924e-6,-6.136682182661656e-7,2.6127983580384773e-6
repair_support,0.25,IT,Factor income,FAC_IT_LAB,729,0.005546980653889477,-0.008162459474988282,0.009973125765100121,8.338468974002546e-7,-1.2270173510786193e-6,1.4992047918499676e-6
repair_support,0.25,IT,Household consumption,,729,0.032919837976805866,0.011846080422401428,0.039008592488244176,3.613234968130453e-6,1.3002090729453141e-6,4.281528072399912e-6
repair_support,0.25,IT,Household disposable income,,729,-0.030696398811414838,-0.06553231156431139,-0.02114261477254331,-2.056264514959092e-6,-4.389823303978924e-6,-1.4162836747290065e-6
repair_support,0.25,IT,Household utility,,729,-0.0020129379408899695,-0.005006742663681507,0.001708416239125654,-1.295714782813524e-6,-3.2228069983156515e-6,1.099696185991257e-6
repair_support,0.25,PL,Factor income,FAC_PL_CAP,729,0.0016073366568889469,-0.0007071871659718454,0.0031372417288366705,7.561905102829658e-7,-3.327045529702721e-7,1.4759524170834702e-6
repair_support,0.25,PL,Factor income,FAC_PL_LAB,729,0.0010230948391836137,-0.0008612078963778913,0.0021110932575538754,6.193029795780165e-7,-5.213090671903848e-7,1.2778935974561055e-6
repair_support,0.25,PL,Household consumption,,729,0.009283396095270291,0.007039945223368704,0.010802607372170314,4.152091618159766e-6,3.1486858100021875e-6,4.831574034318747e-6
repair_support,0.25,PL,Household disposable income,,729,-0.016037688998039812,-0.02018302131909877,-0.013409861014224589,-4.245491476326368e-6,-5.342842412460704e-6,-3.549853762749277e-6
repair_support,0.25,PL,Household utility,,729,-0.00026945672289002687,-0.0006767340564692859,0.0001637399400351569,-8.368109932656101e-7,-2.1016306139887952e-6,5.085023687233766e-7
repair_support,0.25,REU,Factor income,FAC_REU_CAP,729,0.08631470520049334,0.02783054392784834,0.1545990714803338,1.9518088330006982e-6,6.293238369848028e-7,3.4959029586782788e-6
repair_support,0.25,REU,Factor income,FAC_REU_LAB,729,0.09300901554524899,0.03297352325171232,0.1733839577063918,1.9441040910834576e-6,6.892230938682545e-7,3.6241267530512964e-6
repair_support,0.25,REU,Household consumption,,729,0.26823030039668083,0.21130471117794514,0.3605008199810982,5.1615160946890145e-6,4.066105380425922e-6,6.937064089304417e-6
repair_support,0.25,REU,Household disposable income,,729,-0.2201517429202795,-0.3229151237756014,-0.07658207044005394,-2.3912769216348663e-6,-3.507487485245876e-6,-8.318305148335109e-7
repair_support,0.25,REU,Household utility,,729,-0.006868342403322458,-0.01586863910779357,0.004718077485449612,-7.651699037487682e-7,-1.7678508649861042e-6,5.256189460901604e-7
repair_support,0.25,SK,Factor income,FAC_SK_CAP,729,0.000790909216448199,-2.6753223210107535e-5,0.0013905436935601756,1.9026396696068242e-6,-6.435851639190505e-8,3.345141943945789e-6
repair_support,0.25,SK,Factor income,FAC_SK_LAB,729,0.0003360812879691366,-0.0006238397145352792,0.0009206798204104416,1.0501080274625252e-6,-1.9492281057773333e-6,2.876724485588902e-6
repair_support,0.25,SK,Household consumption,,729,0.0010470815395819955,5.500309634953737e-5,0.001630323393328581,2.699080119942735e-6,1.4178242887030204e-7,4.202512693328909e-6
repair_support,0.25,SK,Household disposable income,,729,0.0001781670725904405,-0.0017376485338900238,0.0012887006741948426,2.421620250196303e-7,-2.361785943844565e-6,1.7515827161711653e-6
repair_support,0.25,SK,Household utility,,729,-4.9997621317743324e-5,-0.00018734197510639206,9.50465073401574e-6,-7.929900146168883e-7,-2.9713476694099947e-6,1.5074903417187496e-7
repair_support,0.5,DE,Factor income,FAC_DE_CAP,729,-0.0028302448336035013,-0.0388291678391397,0.013580121798440814,-2.316711904057711e-7,-3.178382106358968e-6,1.1116080649733648e-6
repair_support,0.5,DE,Factor income,FAC_DE_LAB,729,0.017373796086758375,-0.0006614814046770334,0.025915122125297785,1.0482496108602885e-6,-3.991054238026504e-8,1.5635913157088434e-6
repair_support,0.5,DE,Household consumption,,729,0.149863641243428,0.1250267473515123,0.16368762985803187,1.0177531829765486e-5,8.490809979831528e-6,1.1116345827595759e-5
repair_support,0.5,DE,Household disposable income,,729,-0.2891514780931175,-0.33483717404305935,-0.26405811635777354,-1.004320835313403e-5,-1.1630027020563032e-5,-9.1716310681609e-6
repair_support,0.5,DE,Household utility,,729,-0.007685343123739585,-0.01182658231118694,-0.004293582460377365,-3.1212611130291248e-6,-4.803149433097025e-6,-1.7437597454515276e-6
repair_support,0.5,FR,Factor income,FAC_FR_CAP,729,-0.016691673430614173,-0.05791991367004812,0.00839622423518449,-2.1735008228698442e-6,-7.542022706471531e-6,1.0933116059403366e-6
repair_support,0.5,FR,Factor income,FAC_FR_LAB,729,0.011326879262924194,-0.01827147603034973,0.020978392800316215,9.722702799002352e-7,-1.5683766641766883e-6,1.8007314606595671e-6
repair_support,0.5,FR,Household consumption,,729,0.06597915454767644,0.0205027109477669,0.08759016986005008,6.0850028628208696e-6,1.8908859269987793e-6,8.078103425370801e-6
repair_support,0.5,FR,Household disposable income,,729,-0.1774605039972812,-0.2447200631722808,-0.1407531234435737,-9.1807860244955e-6,-1.2660408853112125e-5,-7.28175723316536e-6
repair_support,0.5,FR,Household utility,,729,-0.008891337463865057,-0.015574956603813916,-0.005593252863036469,-4.53974110891624e-6,-7.952264892798766e-6,-2.855804321687759e-6
repair_support,0.5,IT,Factor income,FAC_IT_CAP,729,0.020398723077960312,-0.03664793213829398,0.0318035091040656,2.4648173334572637e-6,-4.428240827857915e-6,3.842879782469784e-6
repair_support,0.5,IT,Factor income,FAC_IT_LAB,729,-0.000801200745627284,-0.0436859984183684,0.018074263934977353,-1.2044007318987875e-7,-6.567074326233085e-6,2.7170040505288375e-6
repair_support,0.5,IT,Household consumption,,729,0.0514721890212968,-0.006986625725403428,0.0706302342005074,5.6495148423824745e-6,-7.668421818538968e-7,7.752274849842968e-6
repair_support,0.5,IT,Household disposable income,,729,-0.0873278952203691,-0.18192506302148104,-0.05533098406158388,-5.8498475084009975e-6,-1.2186642927329046e-5,-3.7064653675294166e-6
repair_support,0.5,IT,Household utility,,729,-0.007394217565888539,-0.017746217374224216,-0.004259467590600252,-4.759608735491024e-6,-1.1423122255144289e-5,-2.741790997101352e-6
repair_support,0.5,PL,Factor income,FAC_PL_CAP,729,0.0011021144746337086,-0.0029404598171822727,0.0036666784435510635,5.185027687745597e-7,-1.3833740430648399e-6,1.7250321712649798e-6
repair_support,0.5,PL,Factor income,FAC_PL_LAB,729,0.00019021658226847649,-0.0029438322235364467,0.0018597786838654429,1.1514249867400281e-7,-1.7819697623396143e-6,1.125767070815361e-6
repair_support,0.5,PL,Household consumption,,729,0.016135651705553755,0.011561821651412174,0.018581528682261705,7.216831374293816e-6,5.171140203050629e-6,8.310774279580327e-6
repair_support,0.5,PL,Household disposable income,,729,-0.03634132363367826,-0.043826325912959874,-0.03227146569406614,-9.620262604170823e-6,-1.1601689814809038e-5,-8.542891220235586e-6
repair_support,0.5,PL,Household utility,,729,-0.0013374939335335512,-0.002003723056986928,-0.0007058717310428619,-4.15365263483799e-6,-6.222659667061824e-6,-2.1921190833054287e-6
repair_support,0.5,REU,Factor income,FAC_REU_CAP,729,0.08613021578639746,0.016988050192594528,0.13992148637771606,1.9476370285847495e-6,3.841457413644799e-7,3.1640030791224386e-6
repair_support,0.5,REU,Factor income,FAC_REU_LAB,729,0.12591210287064314,0.03930188622325659,0.1621979782357812,2.631854910814979e-6,8.215005539720831e-7,3.3903138442981876e-6
repair_support,0.5,REU,Household consumption,,729,0.46465619653463364,0.3905985103920102,0.506315621547401,8.941310632870308e-6,7.5162295051109816e-6,9.742956801492635e-6
repair_support,0.5,REU,Household disposable income,,729,-0.5875688642263412,-0.7186699826270342,-0.5080408956855536,-6.382142817734915e-6,-7.806156430681711e-6,-5.518314109162617e-6
repair_support,0.5,REU,Household utility,,729,-0.02812302520032972,-0.04022893973160535,-0.01787677383981645,-3.133054705492119e-6,-4.481718023763222e-6,-1.9915677633855226e-6
repair_support,0.5,SK,Factor income,FAC_SK_CAP,729,0.0007873923386796378,-0.007579087890917435,0.0027055448153987527,1.8941793420366664e-6,-1.8232526546592587e-5,6.508555958056736e-6
repair_support,0.5,SK,Factor income,FAC_SK_LAB,729,-7.479917985619977e-5,-0.011885585608979454,0.0019687209751282353,-2.337149435666221e-7,-3.713729180350029e-5,6.1513978133344015e-6
repair_support,0.5,SK,Household consumption,,729,0.0008845454649417661,-0.00967256679723505,0.0032756051296018995,2.28010808195028e-6,-2.4933142044598756e-5,8.443583757795138e-6
repair_support,0.5,SK,Household disposable income,,729,-0.0017648466600803658,-0.02200394609826617,0.002477320871548727,-2.3987532311441558e-6,-2.99074350175643e-5,3.36713754267707e-6
repair_support,0.5,SK,Household utility,,729,-0.00037620123111992143,-0.002241188688458351,-8.528401758667314e-5,-5.966760255894612e-6,-3.5546496092578314e-5,-1.3526518376404802e-6
repair_support,1.0,DE,Factor income,FAC_DE_CAP,729,-0.03774799546226859,-0.08646240248344839,0.0032619209960103035,-3.0898821685866664e-6,-7.077425765754333e-6,2.6700627139831193e-7
repair_support,1.0,DE,Factor income,FAC_DE_LAB,729,0.010457859141752124,-0.04039037344045937,0.02866405458189547,6.309759088198114e-7,-2.436956956803226e-6,1.7294484124487424e-6
repair_support,1.0,DE,Household consumption,,729,0.2774897024501115,0.22454760153777897,0.307863166090101,1.8844866277687585e-5,1.5249465066904676e-5,2.090758736469312e-5
repair_support,1.0,DE,Household disposable income,,729,-0.6318931565620005,-0.7270527114160359,-0.5728375827893615,-2.1947785534609238e-5,-2.5252998575359474e-5,-1.9896585811675235e-5
repair_support,1.0,DE,Household utility,,729,-0.018852234876248986,-0.026843966508749872,-0.011470344819827005,-7.656489328520089e-6,-1.0902184513324312e-5,-4.658470111577834e-6
repair_support,1.0,FR,Factor income,FAC_FR_CAP,729,-0.06763087306171656,-0.17789424350485206,-0.005671812454238534,-8.806532122615934e-6,-2.3164441015921567e-5,-7.385532126389835e-7
repair_support,1.0,FR,Factor income,FAC_FR_LAB,729,-0.0020308878738433123,-0.08206854271702468,0.024774317629635334,-1.7432620898615558e-7,-7.0445533271954216e-6,2.1265639172975686e-6
repair_support,1.0,FR,Household consumption,,729,0.1030206570867449,-0.016945200972259045,0.15173434745520353,9.501197728377048e-6,-1.5627905075482868e-6,1.3993873443675027e-5
repair_support,1.0,FR,Household disposable income,,729,-0.4106672497000545,-0.6215347957331687,-0.32562593719922006,-2.1245562036847615e-5,-3.215463631539961e-5,-1.6846013541607544e-5
repair_support,1.0,FR,Household utility,,729,-0.023032709170365706,-0.04298897390253842,-0.01436812014435418,-1.176004589808562e-5,-2.194932009370002e-5,-7.336078058251749e-6
repair_support,1.0,IT,Factor income,FAC_IT_CAP,729,0.02307567826937884,-0.12210409459657967,0.05021035752724856,2.7882790290964056e-6,-1.4754074933822356e-5,6.067015032209689e-6
repair_support,1.0,IT,Factor income,FAC_IT_LAB,729,-0.026570544112473726,-0.13097682769875973,0.01896661752834916,-3.9942028200317115e-6,-1.9689021509120745e-5,2.851146626787639e-6
repair_support,1.0,IT,Household consumption,,729,0.07597776700276881,-0.07031775126233697,0.1230224200990051,8.339212505502396e-6,-7.717977163783182e-6,1.3502767251781428e-5
repair_support,1.0,IT,Household disposable income,,729,-0.22275305120274425,-0.459875401109457,-0.14550980948843062,-1.4921593819538797e-5,-3.080574612015395e-5,-9.747288587672104e-6
repair_support,1.0,IT,Household utility,,729,-0.0196304238634184,-0.044961986190173775,-0.011052764108171687,-1.2635973457522971e-5,-2.894173187749068e-5,-7.114590845049611e-6
repair_support,1.0,PL,Factor income,FAC_PL_CAP,729,-0.004974586103344336,-0.03326857869978994,0.0027703471714630723,-2.3403527741096553e-6,-1.565159569733608e-5,1.303342540098975e-6
repair_support,1.0,PL,Factor income,FAC_PL_LAB,729,-0.003763852932024747,-0.016619031550362706,0.000585154804866761,-2.2783472716516723e-6,-1.0059884345550765e-5,3.5420774330088586e-7
repair_support,1.0,PL,Household consumption,,729,0.024770532472757623,0.00013976209447719157,0.03268287662649527,1.1078868035291302e-5,6.250999257840367e-8,1.4617742978954741e-5
repair_support,1.0,PL,Household disposable income,,729,-0.08615201635984704,-0.12764997460180894,-0.07286638050572947,-2.2806131928999817e-5,-3.379145706070832e-5,-1.9289163007619506e-5
repair_support,1.0,PL,Household utility,,729,-0.003776989640755346,-0.00700556058291113,-0.002164109431760153,-1.1729625518100239e-5,-2.1756110023495106e-5,-6.720747375324983e-6
repair_support,1.0,REU,Factor income,FAC_REU_CAP,729,0.13943976629525423,0.0066457465291023254,0.22483174595981836,3.1531100859153415e-6,1.5027829553692095e-7,5.084053599920054e-6
repair_support,1.0,REU,Factor income,FAC_REU_LAB,729,0.2053450383245945,0.030554497614502907,0.26844217721372843,4.292187448234462e-6,6.386598488998859e-7,5.611063958609592e-6
repair_support,1.0,REU,Household consumption,,729,0.8790236851200461,0.7246757885441184,0.9675879199057817,1.6914923078748212e-5,1.3944829276936694e-5,1.8619151581139736e-5
repair_support,1.0,REU,Household disposable income,,729,-1.274244248867035,-1.529851894825697,-1.108470780774951,-1.3840775568792158e-5,-1.6617172687655998e-5,-1.2040152675039772e-5
repair_support,1.0,REU,Household utility,,729,-0.06512320891488343,-0.09228503098711371,-0.04256549885030836,-7.255072122366469e-6,-1.0281043682927566e-5,-4.742023147033785e-6
repair_support,1.0,SK,Factor income,FAC_SK_CAP,729,-0.006238653280888684,-0.0777813540698844,0.003752039781829808,-1.5007928816532213e-5,-0.0001871136240686764,9.026041904296745e-6
repair_support,1.0,SK,Factor income,FAC_SK_LAB,729,-0.01287784515079693,-0.1300338883738732,0.0022782571068091784,-4.0237671837541635e-5,-0.0004062994129354886,7.118563763930748e-6
repair_support,1.0,SK,Household consumption,,729,-0.01199640914273914,-0.11753931071871193,0.004400142242957372,-3.092335047807899e-5,-0.0003029831060308917,1.134232245293432e-5
repair_support,1.0,SK,Household disposable income,,729,-0.029997114950674586,-0.23089734734094236,0.000529766155523248,-4.077163078031782e-5,-0.00031383222734189195,7.200502489075303e-7
repair_support,1.0,SK,Household utility,,729,-0.003172123620970524,-0.020367778110085055,-0.0004944477386743529,-5.031164064169921e-5,-0.000323044261616541,-7.842215473082313e-6
repair_support,2.0,DE,Factor income,FAC_DE_CAP,729,-0.11232833191752434,-0.1926209582015872,-0.019591453950852156,-9.194695124175076e-6,-1.5767090590066505e-5,-1.6036688433368433e-6
repair_support,2.0,DE,Factor income,FAC_DE_LAB,729,-0.025712962029501796,-0.19115798105485737,0.03069461416453123,-1.5513939674528913e-6,-1.1533534654595907e-5,1.851962414669257e-6
repair_support,2.0,DE,Household consumption,,729,0.5256984059233218,0.40252330247312784,0.5950856041163206,3.570120287260635e-5,2.733614163592082e-5,4.041342267598432e-5
repair_support,2.0,DE,Household disposable income,,729,-1.3542310297489166,-1.580509116873145,-1.2265063477680087,-4.703702183914955e-5,-5.489642477074428e-5,-4.260071184269159e-5
repair_support,2.0,DE,Household utility,,729,-0.04221091640647501,-0.061318925610976294,-0.02717448805924505,-1.7143189289477696e-5,-2.4903556668935945e-5,-1.1036419777250523e-5
repair_support,2.0,FR,Factor income,FAC_FR_CAP,729,-0.1906100498745218,-0.4356046817265451,-0.08166186499875039,-2.4820225603025332e-5,-5.672212184797755e-5,-1.0633573171086666e-5
repair_support,2.0,FR,Factor income,FAC_FR_LAB,729,-0.05246099317446351,-0.2527012915816158,0.024070532293990254,-4.503117172298712e-6,-2.1691231078458146e-5,2.0661527881982956e-6
repair_support,2.0,FR,Household consumption,,729,0.15186949633061886,-0.12071697553619742,0.25537880323827267,1.4006337703019133e-5,-1.1133260902366767e-5,2.3552601718997183e-5
repair_support,2.0,FR,Household disposable income,,729,-0.9346538365352899,-1.364890065509826,-0.760762034682557,-4.8353614955953255e-5,-7.061156345291389e-5,-3.9357453059366895e-5
repair_support,2.0,FR,Household utility,,729,-0.054559334384975955,-0.097548050689511,-0.03607468097470701,-2.785691738607277e-5,-4.980610595532552e-5,-1.8419018834622607e-5
repair_support,2.0,IT,Factor income,FAC_IT_CAP,729,0.010567554389126599,-0.19834297499619424,0.07992627599742264,1.2768981240193756e-6,-2.3966166944466837e-5,9.657647183330721e-6
repair_support,2.0,IT,Factor income,FAC_IT_LAB,729,-0.08645046316087246,-0.2604621921200305,-0.0004212080966681242,-1.2995619596195404e-5,-3.91538396003657e-5,-6.331788165161536e-8
repair_support,2.0,IT,Household consumption,,729,0.12397341371979564,-0.11034206277690828,0.21393771970178932,1.3607146969728676e-5,-1.2110989123563621e-5,2.348150225926999e-5
repair_support,2.0,IT,Household disposable income,,729,-0.4974198287818581,-0.8974632709287107,-0.35224050865508616,-3.332074062594018e-5,-6.011851386201811e-5,-2.3595590581161696e-5
repair_support,2.0,IT,Household utility,,729,-0.042990157526219264,-0.0822592573822476,-0.027034322207327932,-2.7672478863196704e-5,-5.294973761899337e-5,-1.7401813645527342e-5
repair_support,2.0,PL,Factor income,FAC_PL_CAP,729,-0.04687922011362389,-0.1675905781739857,-0.004085675900569186,-2.2054882670222187e-5,-7.884496647642011e-5,-1.922154472623679e-6
repair_support,2.0,PL,Factor income,FAC_PL_LAB,729,-0.019845731410896406,-0.08608099829871207,-0.005140611436218023,-1.2013080433902506e-5,-5.210682010083079e-5,-3.1117310510937893e-6
repair_support,2.0,PL,Household consumption,,729,0.015343928738730028,-0.08909326113644056,0.056214455427834764,6.862725370365431e-6,-3.984785083001852e-5,2.5142476610969327e-5
repair_support,2.0,PL,Household disposable income,,729,-0.23206277674762532,-0.4089174718828872,-0.16593772871419787,-6.143157787764949e-5,-0.00010824849151343809,-4.392697806704737e-5
repair_support,2.0,PL,Household utility,,729,-0.011331121815601364,-0.026908910062047653,-0.006419885023206007,-3.5189351372009435e-5,-8.356693243800945e-5,-1.9937266011779274e-5
repair_support,2.0,REU,Factor income,FAC_REU_CAP,729,0.219008999876678,-0.011666551232337952,0.4122915556654334,4.952385569416304e-6,-2.638122634237785e-7,9.323026687613169e-6
repair_support,2.0,REU,Factor income,FAC_REU_LAB,729,0.3420448759570718,0.03225051239132881,0.5047722840681672,7.149531029816009e-6,6.741104903983992e-7,1.0550911186214707e-5
repair_support,2.0,REU,Household consumption,,729,1.7166633801534772,1.4303065622225404,1.896588540636003,3.303350014138867e-5,2.7523178144004262e-5,3.649577345810067e-5
repair_support,2.0,REU,Household disposable income,,729,-2.68048126809299,-3.154268253594637,-2.362533373758197,-2.911524982827334e-5,-3.426149972461789e-5,-2.5661716134022095e-5
repair_support,2.0,REU,Household utility,,729,-0.14156756200827658,-0.18431015557143837,-0.09889715234749019,-1.5771379968392523e-5,-2.0533132409109005e-5,-1.1017669198633807e-5
repair_support,2.0,SK,Factor income,FAC_SK_CAP,729,-0.06821507724089315,-0.2041382603274542,-0.0019988822314189747,-0.00016410064431247187,-0.0004910823443649318,-4.808583021022177e-6
repair_support,2.0,SK,Factor income,FAC_SK_LAB,729,-0.10791922487624106,-0.3825663958268706,-0.009633728201151825,-0.0003372006964583074,-0.0011953537956543372,-3.010121565374401e-5
repair_support,2.0,SK,Household consumption,,729,-0.0938217741495464,-0.31829474082042,-0.008544947471818887,-0.00024184600344913186,-0.0008204738357698901,-2.2026458280542745e-5
repair_support,2.0,SK,Household disposable income,,729,-0.19570610648952425,-0.6201998040778562,-0.03125502020702697,-0.00026600081816937704,-0.0008429663138251587,-4.248135682966993e-5
repair_support,2.0,SK,Household utility,,729,-0.018162095184379723,-0.054143355302585405,-0.003613992214013706,-0.00028806090662653045,-0.0008587436558549376,-5.731992169060254e-5
reuse_support,0.25,DE,Factor income,FAC_DE_CAP,729,-1.3666063805576414,-1.8591697039082646,-1.1534063699655235,-0.00011186428935242571,-0.00015218332116143405,-9.44126895238458e-5
reuse_support,0.25,DE,Factor income,FAC_DE_LAB,729,-1.7077706393320113,-2.3217515372671187,-1.4059800994582474,-0.00010303850114890121,-0.00014008309601716364,-8.482994071858717e-5
reuse_support,0.25,DE,Household consumption,,729,2.8799420099239796,2.305568894604221,3.1524387393146753,0.0001955824723692691,0.00015657567516541102,0.00021408825612705056
reuse_support,0.25,DE,Household disposable income,,729,-12.216240093577653,-13.317353720776737,-11.681419838219881,-0.0004243113172330093,-0.00046255671598470017,-0.00040573520172735894
reuse_support,0.25,DE,Household utility,,729,-0.2641844541649334,-0.30035437701735646,-0.1821856914611999,-0.00010729366928390284,-0.00012198341987054908,-7.39913761757287e-5
reuse_support,0.25,FR,Factor income,FAC_FR_CAP,729,0.19470313226338476,-0.4220191017957404,0.4015396843897179,2.5353204994011077e-5,-5.495307997914831e-5,5.228635930735879e-5
reuse_support,0.25,FR,Factor income,FAC_FR_LAB,729,0.48755594389513135,0.2072354748379439,0.6536675097886473,4.185055239156339e-5,1.77885619192684e-5,5.610914338815689e-5
reuse_support,0.25,FR,Household consumption,,729,0.9937248413916677,0.5859863632358611,1.238359063398093,9.16474081278799e-5,5.404326142609349e-5,0.00011420907857398489
reuse_support,0.25,FR,Household disposable income,,729,-1.0436344081535935,-1.759425716707483,-0.6107711279764771,-5.399164305960858e-5,-9.102256934168325e-5,-3.1597786040126864e-5
reuse_support,0.25,FR,Household utility,,729,-0.12811280009918846,-0.18860450998181477,-0.10153611298301257,-6.541186267558829e-5,-9.629773369542671e-5,-5.1842331710146665e-5
reuse_support,0.25,IT,Factor income,FAC_IT_CAP,729,0.5048000265378505,0.04724044445902109,0.6319454754702747,6.099596776634154e-5,5.708154667213425e-6,7.635919933718992e-5
reuse_support,0.25,IT,Factor income,FAC_IT_LAB,729,0.16201023350004107,-0.3251794428797439,0.4199132826179266,2.435410162420704e-5,-4.888242567661866e-5,6.31232394210529e-5
reuse_support,0.25,IT,Household consumption,,729,0.7599598850356415,0.3417492874432355,0.9844782794825733,8.341212471710647e-5,3.7509919598882696e-5,0.0001080549469037024
reuse_support,0.25,IT,Household disposable income,,729,-0.3973892612848431,-1.0878907951992005,-0.032807722920551896,-2.661997720364025e-5,-7.287471250423582e-5,-2.197696116463299e-6
reuse_support,0.25,IT,Household utility,,729,-0.10674433986423537,-0.17037762864492834,-0.08352621499216184,-6.871062258512073e-5,-0.00010967094792715905,-5.376526981748643e-5
reuse_support,0.25,PL,Factor income,FAC_PL_CAP,729,0.027725812135031447,-0.018674534687306732,0.053789000579854473,1.304393571578223e-5,-8.785655359659967e-6,2.530567048360176e-5
reuse_support,0.25,PL,Factor income,FAC_PL_LAB,729,-0.00044386007357388735,-0.03886249798233621,0.021580542845185846,-2.686787730192763e-7,-2.3524369269221236e-5,1.306320193693064e-5
reuse_support,0.25,PL,Household consumption,,729,0.25559645681641996,0.19501805969048291,0.2850230690673925,0.00011431806798864724,8.722377486907453e-5,0.0001274794142064895
reuse_support,0.25,PL,Household disposable income,,729,-0.5732455816469155,-0.6734360046684742,-0.5238084416487254,-0.00015174937180879213,-0.00017827174588275338,-0.0001386623892324492
reuse_support,0.25,PL,Household utility,,729,-0.031583779677021084,-0.037363692394137615,-0.019673358736326918,-9.808496800204731e-5,-0.00011603476880835866,-6.109657494697653e-5
reuse_support,0.25,REU,Factor income,FAC_REU_CAP,729,1.5723271165043116,0.727881571277976,2.011198072694242,3.5554566828485853e-5,1.6459370125799888e-5,4.547862561878258e-5
reuse_support,0.25,REU,Factor income,FAC_REU_LAB,729,1.7420283211395144,0.6020850092172623,2.5778341656550765,3.6412431269533306e-5,1.2584972787204939e-5,5.388271145866465e-5
reuse_support,0.25,REU,Household consumption,,729,7.955925557762384,6.959903270937502,8.648211598396301,0.00015309470166025978,0.00013392839175340563,0.00016641625979900987
reuse_support,0.25,REU,Household disposable income,,729,-10.684396112337708,-12.406065190210938,-9.621294487267733,-0.00011605336167629287,-0.00013475404275306102,-0.00010450600644101561
reuse_support,0.25,REU,Household utility,,729,-0.6360999431926757,-0.7960010399110615,-0.4745041053975001,-7.086491961610575e-5,-8.867875294016136e-5,-5.286228311503046e-5
reuse_support,0.25,SK,Factor income,FAC_SK_CAP,729,-0.2669421943210182,-0.40574382180784596,-0.1768381588772172,-0.0006421657478777393,-0.0009760719375043863,-0.0004254082379589899
reuse_support,0.25,SK,Factor income,FAC_SK_LAB,729,-0.25555034193894244,-0.7790508015423256,-0.1661540437817166,-0.000798483804613547,-0.0024341953273356053,-0.0005191592076837034
reuse_support,0.25,SK,Household consumption,,729,-0.02557029473973671,-0.3737283669106546,0.08108016172627686,-6.591298918060928e-5,-0.0009633660482711591,0.00020900172943362654
reuse_support,0.25,SK,Household disposable income,,729,-1.11165846856602,-1.7742006328044226,-0.9096489207731793,-0.001510949593173075,-0.00241146701050117,-0.001236381232178545
reuse_support,0.25,SK,Household utility,,729,-0.018274053056302364,-0.08394807845979813,-0.01366888722168369,-0.00028983662058431914,-0.0013314631018507396,-0.00021679613533760603
reuse_support,0.5,DE,Factor income,FAC_DE_CAP,729,-2.7200483137276024,-3.772995024221018,-2.285098756896332,-0.00022265099588488613,-0.00030884050675969687,-0.00018704796946133939
reuse_support,0.5,DE,Factor income,FAC_DE_LAB,729,-3.565061494708061,-4.7041046009399,-2.8950705374591053,-0.0002150983185045951,-0.00028382259079368273,-0.00017467435148073952
reuse_support,0.5,DE,Household consumption,,729,5.667282861657441,4.581166553078219,6.321065829601139,0.00038487621970902954,0.0003111159453008896,0.00042927589470598
reuse_support,0.5,DE,Household disposable income,,729,-24.62977237906307,-26.810325319878757,-23.466809164267033,-0.0008554752592649416,-0.0009312132345807542,-0.0008150816152479875
reuse_support,0.5,DE,Household utility,,729,-0.5243244057637639,-0.6069809377659112,-0.3584800476965029,-0.00021294473805174942,-0.00024651417209292127,-0.0001455900946329477
reuse_support,0.5,FR,Factor income,FAC_FR_CAP,729,-0.6192306035663933,-2.685624100966379,0.6574497112305835,-8.06329114924627e-5,-0.00034970766817283346,8.560960015678905e-5
reuse_support,0.5,FR,Factor income,FAC_FR_LAB,729,0.973146736389026,0.2957401431631297,1.2804282156284899,8.35324212265697e-5,2.5385575770334478e-5,0.00010990867569755187
reuse_support,0.5,FR,Household consumption,,729,1.5315971241798252,0.00391548965126276,2.2481797211803496,0.00014125329354842673,3.611105037750544e-7,0.00020734094174682376
reuse_support,0.5,FR,Household disposable income,,729,-2.9096573155838996,-5.643208597553894,-1.6486845486797392,-0.00015052893808610636,-0.0002919471626479205,-8.529345810532577e-5
reuse_support,0.5,FR,Household utility,,729,-0.35323547379812226,-0.5836925110779703,-0.2336245145124849,-0.00018035504872534198,-0.0002980218553481084,-0.00011928405787017415
reuse_support,0.5,IT,Factor income,FAC_IT_CAP,729,0.9857359857996926,-0.010823541088029742,1.2398668382083997,0.000119108393928903,-1.3078294940665165e-6,0.0001498155184668002
reuse_support,0.5,IT,Factor income,FAC_IT_LAB,729,0.49690679577179253,-0.4845394096337259,0.9102662063669413,7.469724807057346e-5,-7.28381273709709e-5,0.00013683528019011213
reuse_support,0.5,IT,Household consumption,,729,1.6261696913279593,0.736872426001355,2.0420120308408514,0.00017848609087837275,8.087807778874267e-5,0.00022412835933047069
reuse_support,0.5,IT,Household disposable income,,729,-0.6377321840263903,-2.1046876206528395,0.0394066059961915,-4.271986652437029e-5,-0.0001409870420294817,2.6397365391941666e-6
reuse_support,0.5,IT,Household utility,,729,-0.20378783327760175,-0.3259958035487216,-0.15290068811737,-0.0001311768747418923,-0.00020984133351200065,-9.842115738970313e-5
reuse_support,0.5,PL,Factor income,FAC_PL_CAP,729,0.032543943932978436,-0.10972138709621504,0.10221187057322823,1.5310682714294485e-5,-5.161972219110648e-5,4.8086781467374156e-5
reuse_support,0.5,PL,Factor income,FAC_PL_LAB,729,-0.014710569725139067,-0.18512289816862904,0.039364769676467404,-8.904648242955444e-6,-0.00011205917382665651,2.3828405947664186e-5
reuse_support,0.5,PL,Household consumption,,729,0.4772338498441968,0.2868751199566759,0.5657017528719734,0.00021344760553586471,0.0001283077624588236,0.0002530157587165423
reuse_support,0.5,PL,Household disposable income,,729,-1.209051435929723,-1.5293166865012608,-1.0644720274722204,-0.0003200596773216594,-0.0004048401835141513,-0.0002817866663945357
reuse_support,0.5,PL,Household utility,,729,-0.06526511424453929,-0.0806719680185779,-0.0388234550046036,-0.00020268399500590818,-0.00025053073073212737,-0.00012056813278199155
reuse_support,0.5,REU,Factor income,FAC_REU_CAP,729,3.126819610595703,1.576986144296825,3.864972789771855,7.07058446294406e-5,3.5659920042721166e-5,8.739748357845354e-5
reuse_support,0.5,REU,Factor income,FAC_REU_LAB,729,3.223019660450518,0.9758252184838057,4.293591947294772,6.736858433415983e-5,2.0397009777273925e-5,8.974602753498847e-5
reuse_support,0.5,REU,Household consumption,,729,15.847605984658003,13.74580074287951,16.860053102485836,0.00030495314374511396,0.000264508415595483,0.00032443551425760696
reuse_support,0.5,REU,Household disposable income,,729,-21.72076185978949,-25.269951472058892,-20.016823599115014,-0.00023592979944052326,-0.00027448091468324333,-0.0002174217095979747
reuse_support,0.5,REU,Household utility,,729,-1.2778468242613599,-1.563440264086239,-0.9545333484420553,-0.00014235893817011108,-0.00017417556757349855,-0.00010634009597411544
reuse_support,0.5,SK,Factor income,FAC_SK_CAP,729,-0.6840962934657,-9.781172920491372,-0.37071655158069916,-0.0016456866584584494,-0.023529941529130193,-0.0008918090755325419
reuse_support,0.5,SK,Factor income,FAC_SK_LAB,729,-1.1719067896046909,-14.463530357716081,-0.38249997302045813,-0.003661699628354977,-0.045192249290414266,-0.001195146253415325
reuse_support,0.5,SK,Household consumption,,729,-0.9060427903095842,-12.860921070940094,0.1084361643079319,-0.002335522107143428,-0.033151817761333,0.0002795177685050987
reuse_support,0.5,SK,Household disposable income,,729,-3.916921171126887,-26.522826454180176,-1.9373056625045137,-0.00532382077627915,-0.03604942972305292,-0.002633156932274713
reuse_support,0.5,SK,Household utility,,729,-0.20210809006312047,-2.1261260703431617,-0.034663629419810604,-0.0032055464456409908,-0.033721539128266746,-0.0005497843952707518
reuse_support,1.0,DE,Factor income,FAC_DE_CAP,729,-5.632562833139673,-7.963899701135233,-4.390696638962254,-0.00046105641501410815,-0.0006518892295647469,-0.0003594027997058211
reuse_support,1.0,DE,Factor income,FAC_DE_LAB,729,-6.795174184255302,-9.54443058744073,-5.294558285269886,-0.00040998746955638634,-0.0005758641116246122,-0.0003194476690267511
reuse_support,1.0,DE,Household consumption,,729,11.56011227471754,8.896189060527831,12.938421824248508,0.0007850697450974251,0.0006041575299725721,0.000878673431757009
reuse_support,1.0,DE,Household disposable income,,729,-49.22168605076149,-54.57116781966761,-46.771743648219854,-0.0017096355575923065,-0.0018954411441915772,-0.0016245407755946847
reuse_support,1.0,DE,Household utility,,729,-0.9366268079029396,-1.2305306690686848,-0.6087156231224071,-0.0003803937945070604,-0.0004997574557067936,-0.00024721868272561476
reuse_support,1.0,FR,Factor income,FAC_FR_CAP,729,-2.5043034853879362,-9.73866033158265,0.5950676158536226,-0.00032609706323449004,-0.0012681164852533574,7.748653591263688e-5
reuse_support,1.0,FR,Factor income,FAC_FR_LAB,729,1.7281054058112204,-0.06384281907230616,2.489206691039726,0.0001483361381015957,-5.480103930407262e-6,0.00021366712137117953
reuse_support,1.0,FR,Household consumption,,729,2.142438343958929,-2.5630339218769222,3.943181869573891,0.00019758882249842148,-0.00023637872989833744,0.00036366445022965627
reuse_support,1.0,FR,Household disposable income,,729,-7.5163198579102755,-15.983484603697434,-4.338657031301409,-0.00038885116830302967,-0.0008268935834549823,-0.0002244571661906625
reuse_support,1.0,FR,Household utility,,729,-0.7670043790421914,-1.6737592339050025,-0.47944770444883034,-0.00039161727067583225,-0.0008545883711496943,-0.00024479651821872545
reuse_support,1.0,IT,Factor income,FAC_IT_CAP,729,1.764202849357389,-1.2933305681217462,2.400509382132441,0.0002131720571989924,-0.00015627564480415348,0.00029005821156461185
reuse_support,1.0,IT,Factor income,FAC_IT_LAB,729,1.0610816784901544,-0.6627681575482711,1.7679840790806338,0.00015950653530201917,-9.963026849263547e-5,0.00026577126025589874
reuse_support,1.0,IT,Household consumption,,729,3.0123539357446134,0.7566859126091003,4.026706189382821,0.0003306317177048175,8.305277812309426e-5,0.00044196558987041033
reuse_support,1.0,IT,Household disposable income,,729,-1.7668066446203738,-5.444967346498743,-0.06429515802301466,-0.00011835335572878413,-0.00036474288754030675,-4.306949904327916e-6
reuse_support,1.0,IT,Household utility,,729,-0.3829572478425689,-0.652610484539764,-0.2620949395932257,-0.00024650703687159646,-0.0004200810343231002,-0.00016870877180715
reuse_support,1.0,PL,Factor income,FAC_PL_CAP,729,0.004821529088076204,-0.9551646028412506,0.18541552699753083,2.2683452939240137e-6,-0.0004493684663535909,8.72309241329784e-5
reuse_support,1.0,PL,Factor income,FAC_PL_LAB,729,-0.02991580165689811,-0.5091929140326101,0.10151427186792716,-1.810872696536337e-5,-0.00030822625309347693,6.144893770249155e-5
reuse_support,1.0,PL,Household consumption,,729,0.9447117438830901,0.034316962060984224,1.1404158603982069,0.0004225317624266894,1.534860401027018e-5,0.0005100623830555103
reuse_support,1.0,PL,Household disposable income,,729,-2.458149883430451,-4.016322613635566,-2.1326168737141415,-0.0006507205856779795,-0.0010631995310795659,-0.0005645456001021496
reuse_support,1.0,PL,Household utility,,729,-0.12868218108269502,-0.20647312129221973,-0.07634014745053719,-0.00039962878866943533,-0.0006412123470443555,-0.00023707805071244027
reuse_support,1.0,REU,Factor income,FAC_REU_CAP,729,5.592571496032178,0.41507098264992237,7.222017928026617,0.00012646316082242905,9.385877045432421e-6,0.00016330934978798226
reuse_support,1.0,REU,Factor income,FAC_REU_LAB,729,5.932941230013967,-0.1715230830013752,8.4212357243523,0.00012401222881464502,-3.585230156775059e-6,0.00017602335351767892
reuse_support,1.0,REU,Household consumption,,729,31.032906733453274,25.14889459591359,33.35036752093583,0.0005971616455587975,0.0004839364681215579,0.0006417562015866744
reuse_support,1.0,REU,Household disposable income,,729,-45.233486684039235,-55.7940948009491,-41.37712231092155,-0.000491323808546968,-0.0006060325913877116,-0.0004494361768528888
reuse_support,1.0,REU,Household utility,,729,-2.289368051569909,-2.932782688178122,-1.61907604848966,-0.00025504778719503946,-0.0003267276025935703,-0.00018037369010395944
reuse_support,1.0,SK,Factor income,FAC_SK_CAP,729,-2.1562281205988256,-20.652820416180475,-0.7815909139026189,-0.00518709995432274,-0.04968316791997885,-0.001880223225542379
reuse_support,1.0,SK,Factor income,FAC_SK_LAB,729,-15.578594823840831,-50.930399426215445,-1.4479377583884343,-0.04867634130605603,-0.1591353735001831,-0.004524176494530739
reuse_support,1.0,SK,Household consumption,,729,-11.767611261580896,-40.63318163732038,-0.549845637389808,-0.03033357423618683,-0.10474085226015727,-0.0014173465702576446
reuse_support,1.0,SK,Household disposable income,,729,-26.803976458424586,-81.54754031015909,-5.4456622889847495,-0.03643156462023904,-0.1108381992712223,-0.007401662878499129
reuse_support,1.0,SK,Household utility,,729,-2.0054427410786957,-6.633965085451564,-0.19428091304598638,-0.03180743456704545,-0.10521836701812265,-0.0030814030752723664
reuse_support,2.0,DE,Factor income,FAC_DE_CAP,729,-11.930981429060921,-21.161389554152265,-9.131115386728197,-0.0009766168062793836,-0.001732176753915504,-0.0007474322879302124
reuse_support,2.0,DE,Factor income,FAC_DE_LAB,729,-13.694956264924258,-19.65989969111979,-10.170069344574586,-0.0008262864663221733,-0.00118618188548392,-0.0006136120845079027
reuse_support,2.0,DE,Household consumption,,729,23.059755344875157,15.180351265938953,26.371391004882753,0.001566032908760858,0.001030927227661716,0.0017909325378644607
reuse_support,2.0,DE,Household disposable income,,729,-100.47696706699207,-116.64857165934518,-94.75695504294708,-0.003489904743287681,-0.004051599241356223,-0.0032912293883770806
reuse_support,2.0,DE,Household utility,,729,-1.7296042246452998,-2.765531059849309,-0.6315596882777754,-0.0007024470242116404,-0.0011231697030309922,-0.00025649638068716787
reuse_support,2.0,FR,Factor income,FAC_FR_CAP,729,-8.355510495137423,-27.250889234710485,-1.1134700765833259,-0.001088010079530345,-0.003548465671933235,-0.00014499014360340435
reuse_support,2.0,FR,Factor income,FAC_FR_LAB,729,2.353763621998951,-0.6983309530187398,4.488218761747703,0.00020204103552766628,-5.99429388620005e-5,0.0003852571931284721
reuse_support,2.0,FR,Household consumption,,729,1.529250367777422,-10.750583023997024,6.331175877247006,0.00014103686125668677,-0.0009914847943235145,0.0005838999241747729
reuse_support,2.0,FR,Household disposable income,,729,-20.06279293820262,-41.908675379352644,-11.762086723465472,-0.001037933539407808,-0.0021681138763441177,-0.0006085027314647103
reuse_support,2.0,FR,Household utility,,729,-1.8955891795339994,-3.8743763275269885,-1.0343353980861139,-0.0009678503553509837,-0.0019781799484011975,-0.0005281112033124423
reuse_support,2.0,IT,Factor income,FAC_IT_CAP,729,2.34923511010129,-5.593347268761136,4.415051935473457,0.0002838626416683613,-0.0006758550153973339,0.0005334793014766608
reuse_support,2.0,IT,Factor income,FAC_IT_LAB,729,2.055279727675952,-1.1423359412001446,3.4338176832534373,0.0003089588248365577,-0.00017172103884447072,0.0005161868050521873
reuse_support,2.0,IT,Household consumption,,729,5.516672497265972,-0.16980441473424435,7.763354778755456,0.0006055021895386591,-1.8637492975722108e-5,0.0008520948668190349
reuse_support,2.0,IT,Household disposable income,,729,-4.518799813464284,-13.753588310675696,-0.8264670658390969,-0.0003027015567403928,-0.0009213137921889277,-5.536267985988081e-5
reuse_support,2.0,IT,Household utility,,729,-0.7200278925593011,-1.3702856495510787,-0.4583133677369915,-0.0004634771720854313,-0.0008820437713124786,-0.00029501327073964235
reuse_support,2.0,PL,Factor income,FAC_PL_CAP,729,-0.12302632830687799,-5.086342512688134,0.341511303675361,-5.78791888939e-5,-0.002392929896562898,0.0001606680255119086
reuse_support,2.0,PL,Factor income,FAC_PL_LAB,729,-0.0981449616374448,-1.73768254215247,0.22978563740616664,-5.940941625789709e-5,-0.0010518594510583142,0.00013909456333784686
reuse_support,2.0,PL,Household consumption,,729,1.7502605438930914,-2.908167151355883,2.2930079435463995,0.0007828215083012745,-0.0013007068027094104,0.001025570703349012
reuse_support,2.0,PL,Household disposable income,,729,-5.2702269773581065,-13.028508444491308,-4.416837425727863,-0.0013951326599115374,-0.0034489022426083056,-0.00116922367342032
reuse_support,2.0,PL,Household utility,,729,-0.2545455887229764,-0.7458671554304601,-0.11570343420316931,-0.000790503738953346,-0.002316326824158618,-0.0003593226573133748
reuse_support,2.0,REU,Factor income,FAC_REU_CAP,729,8.714146400801837,-2.189305929467082,13.473612151108682,0.00019705040847744774,-4.950612576891503e-5,0.0003046747961181512
reuse_support,2.0,REU,Factor income,FAC_REU_LAB,729,9.77447750326246,-2.1201168010011315,16.11538582202047,0.00020430924454933452,-4.4315357197490626e-5,0.00033684893150177214
reuse_support,2.0,REU,Household consumption,,729,59.648996014148,47.95181249640882,66.61709995102137,0.0011478168294593426,0.0009227296528871611,0.0012819030254357811
reuse_support,2.0,REU,Household disposable income,,729,-96.76469353027642,-117.62715802155435,-85.87748014181852,-0.0010510531299823208,-0.0012776601475038727,-0.0009327967774725877
reuse_support,2.0,REU,Household utility,,729,-4.042039357009344,-5.598754454520531,-1.820486927172169,-0.0004503047000474895,-0.00062373104826663,-0.00020281193409437266
reuse_support,2.0,SK,Factor income,FAC_SK_CAP,729,-7.841040248829813,-47.22330236229027,-1.6294733823015122,-0.018862688557000833,-0.11360207534819507,-0.003919919800769736
reuse_support,2.0,SK,Factor income,FAC_SK_LAB,729,-54.641272606786515,-133.67486689765428,-15.85974833997534,-0.17073024009977092,-0.4176758891292355,-0.04955482391274479
reuse_support,2.0,SK,Household consumption,,729,-44.40722121744329,-93.83701687308348,-10.660877204878489,-0.11446925901954,-0.24188529468428785,-0.02748072679776936
reuse_support,2.0,SK,Household disposable income,,729,-92.82510555440967,-186.55689961308963,-29.072554873710033,-0.12616649757923837,-0.25356535264133595,-0.03951498252568525
reuse_support,2.0,SK,Household utility,,729,-7.356376798227757,-15.338236879948454,-1.9567510267825128,-0.11667621760787933,-0.24327294715437547,-0.031035156962176097
virgin_metal_tax,0.25,DE,Factor income,FAC_DE_CAP,729,-0.5764277190901339,-1.7984526276122779,2.7300054249353707,-4.718379635601835e-5,-0.00014721329270920894,0.00022346604049300732
virgin_metal_tax,0.25,DE,Factor income,FAC_DE_LAB,729,-1.521803371142596,-2.9531550134997815,3.4604219018947333,-9.181814864195363e-5,-0.00017817888377258373,0.00020878487889866912
virgin_metal_tax,0.25,DE,Household consumption,,729,2.84875478153117,1.5848005283623934,7.611232236260548,0.00019346448694002773,0.00010762689126314261,0.0005168936087870616
virgin_metal_tax,0.25,DE,Household disposable income,,729,6.066059407778084,3.5269332975149155,14.272752651944757,0.00021069475042970786,0.00012250231673522512,0.0004957409507122964
virgin_metal_tax,0.25,DE,Household utility,,729,-0.035062253824435174,-0.16646339333965443,0.24446271886699833,-1.4239891132422845e-5,-6.760605323775267e-5,9.928404831112498e-5
virgin_metal_tax,0.25,FR,Factor income,FAC_FR_CAP,729,-2.058498896774836,-2.5020591989159584,-1.6982546529034153,-0.0002680467638332812,-0.00032580482420125267,-0.00022113767687155617
virgin_metal_tax,0.25,FR,Factor income,FAC_FR_LAB,729,-3.0235741960350424,-3.745294383028522,-2.5200895094312727,-0.0002595358581684598,-0.00032148646891685153,-0.00021631802333198016
virgin_metal_tax,0.25,FR,Household consumption,,729,-1.2604054175317287,-1.9624511010479182,-0.7659379309043288,-0.00011624232875690304,-0.0001809892935122233,-7.063950022091737e-5
virgin_metal_tax,0.25,FR,Household disposable income,,729,-2.110978035023436,-3.30295651149936,-1.2646580468863249,-0.00010920986476058987,-0.00017087597689174972,-6.542613517422635e-5
virgin_metal_tax,0.25,FR,Household utility,,729,-0.041130661324132234,-0.11742337024770677,0.013059258606517687,-2.1000502433849366e-5,-5.995405114556082e-5,6.667799235932403e-6
virgin_metal_tax,0.25,IT,Factor income,FAC_IT_CAP,729,-3.8124966410687193,-4.862910995609127,-3.263891482260078,-0.00046067137480705964,-0.0005875949816500956,-0.00039438234781239616
virgin_metal_tax,0.25,IT,Factor income,FAC_IT_LAB,729,-2.741930103395134,-3.694083583774045,-2.28825123119168,-0.00041217917499354964,-0.000555311137210497,-0.0003439801413892029
virgin_metal_tax,0.25,IT,Household consumption,,729,0.19953459303360432,-1.0811168055515736,0.8072122579906136,2.190063539825156e-5,-0.00011866185517740965,8.859847850005302e-5
virgin_metal_tax,0.25,IT,Household disposable income,,729,0.3447793456725776,-1.734820798272267,1.3366099714767188,2.3095788478277452e-5,-0.00011621071478683279,8.953570324531172e-5
virgin_metal_tax,0.25,IT,Household utility,,729,0.24462511588353664,0.12110143605968915,0.34397328484919854,0.0001574635623180872,7.795219004770259e-5,0.00022141331882044143
virgin_metal_tax,0.25,PL,Factor income,FAC_PL_CAP,729,-1.3324253354221582,-1.7666011624969542,-1.0303884109889623,-0.0006268552328418618,-0.0008311183775908096,-0.0004847583951606837
virgin_metal_tax,0.25,PL,Factor income,FAC_PL_LAB,729,-0.5583240116538946,-0.8627766605350189,-0.4114004554867279,-0.0003379664433309915,-0.0005222586764401523,-0.00024903021511290093
virgin_metal_tax,0.25,PL,Household consumption,,729,0.37708853516960517,-0.018725753092439845,0.6273320935724769,0.0001686566133910461,-8.375280087396852e-6,0.00028058054410623766
virgin_metal_tax,0.25,PL,Household disposable income,,729,0.652254948799964,-0.03240981977432966,1.0742243985878304,0.00017266470411499534,-8.579516264356906e-6,0.0002843683106982327
virgin_metal_tax,0.25,PL,Household utility,,729,0.053629289166565286,0.00017883376494864933,0.09072766748795402,0.00016654837279351357,5.553769780582094e-7,0.00028175919581068914
virgin_metal_tax,0.25,REU,Factor income,FAC_REU_CAP,729,-13.187839269638062,-21.232485007494688,-7.886277025565505,-0.0002982126986810977,-0.0004801238872083678,-0.00017833004379247616
virgin_metal_tax,0.25,REU,Factor income,FAC_REU_LAB,729,-13.5151003357023,-21.63713559228927,-6.718039128929377,-0.000282496935381987,-0.00045226630535244157,-0.00014042259536094427
virgin_metal_tax,0.25,REU,Household consumption,,729,6.237153542228043,-2.2829986112192273,13.545620712451637,0.00012002062536028731,-4.393140543137734e-5,0.00026065638079981107
virgin_metal_tax,0.25,REU,Household disposable income,,729,15.093035342171788,-1.307204583659768,27.170169170945883,0.0001639397744998553,-1.4198789031426227e-5,0.0002951209817075884
virgin_metal_tax,0.25,REU,Household utility,,729,1.4036282476736233,0.8028257335536182,1.9410362463677302,0.00015637165826967804,8.943906013961953e-5,0.0002162417699338362
virgin_metal_tax,0.25,SK,Factor income,FAC_SK_CAP,729,-0.40921358489868,-0.6826291471297736,-0.2642281961525441,-0.0009844189240769202,-0.001642157238832788,-0.0006356368561276395
virgin_metal_tax,0.25,SK,Factor income,FAC_SK_LAB,729,-0.9192842438569642,-1.9480819024392986,-0.5059851924706891,-0.002872363914637322,-0.006086909681321988,-0.0015809839206815735
virgin_metal_tax,0.25,SK,Household consumption,,729,-0.6062261260303785,-1.2527896306055482,-0.30941625322884647,-0.0015626795270707217,-0.0032293374092817024,-0.0007975876061055688
virgin_metal_tax,0.25,SK,Household disposable income,,729,-1.1497771161375567,-2.376058480993379,-0.5870187730470207,-0.0015627598900191406,-0.003229503212350442,-0.0007978671524448911
virgin_metal_tax,0.25,SK,Household utility,,729,-0.10577652113624936,-0.21765921344649541,-0.054716815719075385,-0.00167767431392819,-0.00345219589056151,-0.0008678390561798006
virgin_metal_tax,0.5,DE,Factor income,FAC_DE_CAP,729,10.798920366447419,-2.502259392058477,40.1327739385888,0.0008839513481765969,-0.00020482376831197535,0.0032850894743439163
virgin_metal_tax,0.5,DE,Factor income,FAC_DE_LAB,729,13.398624001769349,-4.763155075488612,53.44791341200471,0.000808407231525546,-0.00028738540669438105,0.0032247848516084167
virgin_metal_tax,0.5,DE,Household consumption,,729,20.43694111262448,3.9833540918771178,56.27439675340429,0.0013879124846562561,0.00027051733645040574,0.003821703912857406
virgin_metal_tax,0.5,DE,Household disposable income,,729,40.60619636112824,9.249596117530018,110.58844244899228,0.0014103904747807326,0.0003212697427730619,0.0038411104667298163
virgin_metal_tax,0.5,DE,Household utility,,729,0.6504798129899427,-0.23924942483427003,2.0349419922567904,0.0002641804422270271,-9.716676458375592e-5,0.0008264543567458232
virgin_metal_tax,0.5,FR,Factor income,FAC_FR_CAP,729,-4.376561765791848,-7.106049598078243,-3.275685951230116,-0.0005698925658241565,-0.0009253119354859473,-0.00042654237994609295
virgin_metal_tax,0.5,FR,Factor income,FAC_FR_LAB,729,-5.882786098634824,-7.822249396005645,-4.080086803296581,-0.000504963278404391,-0.0006714418360988409,-0.00035022419203951406
virgin_metal_tax,0.5,FR,Household consumption,,729,-2.636486286530271,-4.9118762847501785,-1.165287580806762,-0.0002431529581033765,-0.00045300339869825345,-0.00010746997765936661
virgin_metal_tax,0.5,FR,Household disposable income,,729,-4.464678809279576,-8.78653431404382,-2.009183084825054,-0.00023097680831936476,-0.00045456476012825295,-0.00010394357938825277
virgin_metal_tax,0.5,FR,Household utility,,729,-0.11779200201272033,-0.4633982095983811,0.03536214114865288,-6.014226723616424e-5,-0.000236601963479797,1.8055210087825607e-5
virgin_metal_tax,0.5,IT,Factor income,FAC_IT_CAP,729,-8.459872385719791,-13.197634173789993,-6.659865940338932,-0.0010222228134317602,-0.0015946957732562279,-0.0008047245381740461
virgin_metal_tax,0.5,IT,Factor income,FAC_IT_LAB,729,-6.447809228789993,-10.20713609654922,-4.950521154329181,-0.0009692634706643774,-0.0015343822696526738,-0.0007441844424246354
virgin_metal_tax,0.5,IT,Household consumption,,729,-0.8540391817223281,-6.1184282031608745,1.3388927134219557,-9.373813558078673e-5,-0.0006715500467925885,0.00014695497511663517
virgin_metal_tax,0.5,IT,Household disposable income,,729,-1.3121002584230155,-9.258461930789053,2.1817872098181397,-8.789386722539141e-5,-0.000620198051514074,0.00014615172438447815
virgin_metal_tax,0.5,IT,Household utility,,729,0.39201952872099355,0.047878608922474086,0.5884677080903202,0.0002523403668822532,3.081914255834886e-5,0.000378792755152654
virgin_metal_tax,0.5,PL,Factor income,FAC_PL_CAP,729,-2.312462542002322,-3.1989684756554198,-1.6673966475646012,-0.0010879253093001053,-0.0015049924940005908,-0.000784446442093259
virgin_metal_tax,0.5,PL,Factor income,FAC_PL_LAB,729,-1.258812687417958,-2.0300258874776773,-0.8128726482391357,-0.0007619884473979642,-0.0012288216425208691,-0.000492050623061681
virgin_metal_tax,0.5,PL,Household consumption,,729,0.8916376166453119,-0.08970321324886754,1.4617818787228316,0.0003987938289519751,-4.0120658004562325e-5,0.000653796544252066
virgin_metal_tax,0.5,PL,Household disposable income,,729,1.5351637701387517,-0.1519736820482649,2.4902931565302424,0.0004063880214715242,-4.0230420470128454e-5,0.0006592295417961447
virgin_metal_tax,0.5,PL,Household utility,,729,0.1176065372164885,0.02384127578625339,0.18427774082738324,0.0003652328365278285,7.404024459819748e-5,0.0005722835106303171
virgin_metal_tax,0.5,REU,Factor income,FAC_REU_CAP,729,-51.30506887845695,-100.09370744042099,-26.50232043862343,-0.0011601463085832858,-0.0022633893246954487,-0.0005992891130805805
virgin_metal_tax,0.5,REU,Factor income,FAC_REU_LAB,729,-49.86765444930643,-99.7818357590586,-26.72625910397619,-0.00104234960944679,-0.0020856717381837683,-0.0005586407872357176
virgin_metal_tax,0.5,REU,Household consumption,,729,-6.989483779296279,-58.38403866998851,12.965698873624206,-0.00013449760510700928,-0.00112347544193301,0.00024949703040707307
virgin_metal_tax,0.5,REU,Household disposable income,,729,-16.221901370212436,-119.4032210148871,30.23146819509566,-0.00017620145930740037,-0.0012969516525041783,0.00032837265443856894
virgin_metal_tax,0.5,REU,Household utility,,729,2.2688059243373573,0.7920754259685054,3.830037798732519,0.0002527570567696328,8.82414186510136e-5,0.00042668659797634104
virgin_metal_tax,0.5,SK,Factor income,FAC_SK_CAP,729,-1.2688709285575897,-16.365870527726656,-0.6138043341416051,-0.00305244156248769,-0.039370327025801934,-0.0014765897918921054
virgin_metal_tax,0.5,SK,Factor income,FAC_SK_LAB,729,-5.7475441721435345,-39.6841102036924,-1.7790030082869634,-0.017958578741167627,-0.12399560527061247,-0.005558611581562166
virgin_metal_tax,0.5,SK,Household consumption,,729,-3.5755284887272865,-27.66074766642123,-1.0727683930308558,-0.00921670138164647,-0.0713015857189914,-0.002765293564147338
virgin_metal_tax,0.5,SK,Household disposable income,,729,-6.7813254541833885,-52.604692746230285,-2.0351491739274934,-0.009217076317371849,-0.0714995130088268,-0.0027661443718678194
virgin_metal_tax,0.5,SK,Household utility,,729,-0.6236543495269871,-4.709662019847201,-0.18930362692753988,-0.009891504009796808,-0.0746978527291204,-0.003002460555828229
virgin_metal_tax,1.0,DE,Factor income,FAC_DE_CAP,729,54.11913207010366,11.065764122642577,102.86139471968636,0.004429950229524302,0.0009057939852464985,0.008419773964028553
virgin_metal_tax,1.0,DE,Factor income,FAC_DE_LAB,729,72.0452580768615,14.258195152273402,139.7449373176787,0.004346857380173483,0.0008602695372354329,0.008431523854801818
virgin_metal_tax,1.0,DE,Household consumption,,729,80.40492340247147,28.639215511037037,138.45536105963401,0.005460454987002867,0.0019449449180176611,0.009402773297230365
virgin_metal_tax,1.0,DE,Household disposable income,,729,162.42892823554575,59.482150472234935,276.4581249281764,0.005641705792328853,0.0020660161740029114,0.009602325286051015
virgin_metal_tax,1.0,DE,Household utility,,729,2.869661615899531,0.4347854118095711,5.595225567900343,0.001165460417973009,0.0001765801183556307,0.002272398213395033
virgin_metal_tax,1.0,FR,Factor income,FAC_FR_CAP,729,-10.050279814749956,-18.027589443605393,-6.134644481120631,-0.0013086939148548734,-0.002347456691687531,-0.0007988207343712201
virgin_metal_tax,1.0,FR,Factor income,FAC_FR_LAB,729,-11.01593368127942,-15.967283364385366,-5.281647285912186,-0.0009455795082665532,-0.0013705906724493855,-0.00045336306371760804
virgin_metal_tax,1.0,FR,Household consumption,,729,-6.243882323382422,-12.937581063248217,-0.7711811542976648,-0.0005758491765096538,-0.0011931831856323372,-7.11230624859093e-5
virgin_metal_tax,1.0,FR,Household disposable income,,729,-10.695733391912654,-22.766802087891847,-1.143983190646395,-0.0005533357419468061,-0.0011778234239276037,-5.9183112029525406e-5
virgin_metal_tax,1.0,FR,Household utility,,729,-0.22632676977082156,-1.2499287375540007,0.19100835191784427,-0.00011555797369658963,-0.0006381888997184716,9.752508785903596e-5
virgin_metal_tax,1.0,IT,Factor income,FAC_IT_CAP,729,-19.78947275399696,-27.93533459340688,-14.540783480508253,-0.002391200433357929,-0.003375480742463217,-0.0017569911130141007
virgin_metal_tax,1.0,IT,Factor income,FAC_IT_LAB,729,-15.022472144686617,-21.411272923345678,-11.005258068093099,-0.002258245083358978,-0.0032186381403857215,-0.0016543595277798164
virgin_metal_tax,1.0,IT,Household consumption,,729,-4.739484395133331,-13.924455534550361,1.169706798158586,-0.0005201991200398594,-0.0015283285927856173,0.00012838536776595624
virgin_metal_tax,1.0,IT,Household disposable income,,729,-7.413693668553606,-22.040262456750497,1.862680859863758,-0.0004966222685940567,-0.0014764145419176918,0.00012477569692552465
virgin_metal_tax,1.0,IT,Household utility,,729,0.3465184445376508,-0.6418706044496503,0.966017950209789,0.00022305162120719648,-0.000413167844842329,0.0006218193383530962
virgin_metal_tax,1.0,PL,Factor income,FAC_PL_CAP,729,-4.3124337455956265,-6.304635561915347,-3.015399303956656,-0.0020288353784592814,-0.0029660902476144287,-0.0014186302095213754
virgin_metal_tax,1.0,PL,Factor income,FAC_PL_LAB,729,-2.531835329835303,-3.742941654083552,-1.4835401833988726,-0.001532578509344687,-0.002265689191222285,-0.0008980212006851954
virgin_metal_tax,1.0,PL,Household consumption,,729,1.8711462672799826,0.03188609902281314,3.236876758892322,0.0008368888554455167,1.4261376238787344e-5,0.0014477254575577547
virgin_metal_tax,1.0,PL,Household disposable income,,729,3.1977919211494736,0.07334855303633958,5.48058995656902,0.000846518369702715,1.9416803552818847e-5,0.0014508198748970176
virgin_metal_tax,1.0,PL,Household utility,,729,0.21305778527312214,0.004629243980161846,0.338274593665119,0.0006616613421448899,1.4376342930171325e-5,0.0010505282469310754
virgin_metal_tax,1.0,REU,Factor income,FAC_REU_CAP,729,-149.33820082619786,-220.30771128553897,-86.74694102630019,-0.0033769404507264155,-0.0049817529454101415,-0.001961582853548598
virgin_metal_tax,1.0,REU,Factor income,FAC_REU_LAB,729,-149.09147326741368,-227.05236088018864,-84.05831426940858,-0.0031163574996501114,-0.004745920823839569,-0.0017570136798599559
virgin_metal_tax,1.0,REU,Household consumption,,729,-53.72400110308081,-128.85287404898554,6.073675896972418,-0.0010338030265782912,-0.0024794968438989254,0.00011687484915141548
virgin_metal_tax,1.0,REU,Household disposable income,,729,-128.88315654359758,-275.8734217993915,-0.7809557002037764,-0.0013999222251992352,-0.00299652293498144,-8.48270069508864e-6
virgin_metal_tax,1.0,REU,Household utility,,729,5.509949495317414,1.4559645612025633,8.813108455506153,0.0006138377031047768,0.00016220220218171897,0.0009818271939041681
virgin_metal_tax,1.0,SK,Factor income,FAC_SK_CAP,729,-12.515233729485772,-70.16166039156087,-1.9595738498537685,-0.030107096590115297,-0.16878341479145478,-0.0047140213626554696
virgin_metal_tax,1.0,SK,Factor income,FAC_SK_LAB,729,-35.58657420631425,-137.44719237627214,-10.38251698696331,-0.11119258517587693,-0.4294627675235326,-0.03244085529454348
virgin_metal_tax,1.0,SK,Household consumption,,729,-25.830765499122208,-110.50550611102517,-6.326219730064622,-0.06658440916898174,-0.28485194650445955,-0.016307205571602982
virgin_metal_tax,1.0,SK,Household disposable income,,729,-49.36438880561036,-209.58961839014955,-12.041318514267914,-0.06709534025315475,-0.2848710801228365,-0.01636638034435524
virgin_metal_tax,1.0,SK,Household utility,,729,-4.276680777371439,-18.100419109428913,-1.0853798222742626,-0.06783052998145164,-0.28708268983536905,-0.01721472618886645
virgin_metal_tax,2.0,DE,Factor income,FAC_DE_CAP,719,127.60945293097757,43.65023658971768,214.14255901088472,0.010445539381140966,0.0035730132433042768,0.01752875262687202
virgin_metal_tax,2.0,DE,Factor income,FAC_DE_LAB,719,175.26547408266924,62.11803264240734,291.9172547616763,0.010574658760963916,0.003747897305707205,0.017612854851600506
virgin_metal_tax,2.0,DE,Household consumption,,719,181.30163833778352,84.93944308301434,288.98211031523533,0.0123125474571157,0.0057684030521721,0.019625338084380637
virgin_metal_tax,2.0,DE,Household disposable income,,719,367.88881743932143,171.98202280700207,574.4307295081671,0.012778022331235163,0.00597351706244134,0.01995192118282936
virgin_metal_tax,2.0,DE,Household utility,,719,5.106725409888895,0.5737717309966683,10.241200354430475,0.0020740028363298393,0.00023302686202563263,0.004159275637060948
virgin_metal_tax,2.0,FR,Factor income,FAC_FR_CAP,719,-17.749004832701758,-31.02365764445858,-9.86984963278519,-0.0023111808872506097,-0.004039735482375803,-0.0012851992574317997
virgin_metal_tax,2.0,FR,Factor income,FAC_FR_LAB,719,-17.51511566177942,-26.24515976535622,-5.6843697322765365,-0.001503452629062742,-0.0022528172357782618,-0.000487931726144201
virgin_metal_tax,2.0,FR,Household consumption,,719,-8.44552475726232,-17.137690517003648,3.245890707243234,-0.0007788981637999855,-0.001580543075652765,0.00029935597661801276
virgin_metal_tax,2.0,FR,Household disposable income,,719,-14.370298736030236,-30.393685881514102,6.4328684287611395,-0.0007434366229753783,-0.0015723945344892675,0.0003327996215367982
virgin_metal_tax,2.0,FR,Household utility,,719,-0.19671256819856353,-1.8681583217839943,0.6100909215747379,-0.00010043754790781625,-0.000953844701748629,0.00031150036179657776
virgin_metal_tax,2.0,IT,Factor income,FAC_IT_CAP,719,-44.25322701409459,-72.07815171184484,-32.63458207203075,-0.005347203380764269,-0.008709343081103502,-0.003943299943515879
virgin_metal_tax,2.0,IT,Factor income,FAC_IT_LAB,719,-33.33657170843799,-53.62367732077837,-25.146930834802333,-0.005011302296416787,-0.008060950587426674,-0.0037801989161623285
virgin_metal_tax,2.0,IT,Household consumption,,719,-13.643779653357342,-43.06139468494803,-2.109536223113537,-0.0014975220040809203,-0.004726357923130199,-0.0002315397193965797
virgin_metal_tax,2.0,IT,Household disposable income,,719,-21.673111891373992,-70.38441304850858,-3.392108940752223,-0.0014518201690095478,-0.004714851792358317,-0.00022722773731240507
virgin_metal_tax,2.0,IT,Household utility,,719,0.31798472881200723,-1.8659750163642457,1.4069880652677966,0.00020468465791275426,-0.0012011157244097175,0.0009056688725354664
virgin_metal_tax,2.0,PL,Factor income,FAC_PL_CAP,719,-8.15491742483573,-11.8956033243594,-5.39263214233506,-0.0038365771988225624,-0.0055964270518063675,-0.0025370274696122474
virgin_metal_tax,2.0,PL,Factor income,FAC_PL_LAB,719,-4.514293980668299,-7.313162938284222,-2.468949652145966,-0.0027326066029022236,-0.0044268267460710374,-0.001494512353546772
virgin_metal_tax,2.0,PL,Household consumption,,719,4.5960268863418605,0.4414554017566843,6.895309036932304,0.0020556189260925394,0.00019744533731149035,0.0030839958311797166
virgin_metal_tax,2.0,PL,Household disposable income,,719,7.772588035673834,0.7412083613453433,11.668619633099297,0.0020575568125042808,0.00019621242067079163,0.003088912947427646
virgin_metal_tax,2.0,PL,Household utility,,719,0.4210862536820059,0.02643107907169906,0.6921917197396397,0.0013077038955082083,8.20830049955701e-5,0.0021496351410834353
virgin_metal_tax,2.0,REU,Factor income,FAC_REU_CAP,719,-319.4965592510998,-434.3120351093821,-194.74755890714005,-0.0072246809509826865,-0.009820969259338038,-0.004403768799321376
virgin_metal_tax,2.0,REU,Factor income,FAC_REU_LAB,719,-331.0509762717411,-455.1049450142309,-184.0927627212368,-0.006919733034261985,-0.009512748633028893,-0.003847965609115118
virgin_metal_tax,2.0,REU,Household consumption,,719,-149.04263591766357,-268.45033533638343,-16.473599667660892,-0.002868005452672804,-0.005165750194717426,-0.00031699904783337354
virgin_metal_tax,2.0,REU,Household disposable income,,719,-318.82471736148,-555.7611111477017,-45.25477478001267,-0.0034630577008251486,-0.00603664863789356,-0.0004915550387604847
virgin_metal_tax,2.0,REU,Household utility,,719,8.567716389079578,-0.2547171975602396,15.347263881878462,0.0009544892114882791,-2.837685166162415e-5,0.001709766889551584
virgin_metal_tax,2.0,SK,Factor income,FAC_SK_CAP,719,-40.74705676277517,-122.21229036045042,-10.029629901651788,-0.09802258590534349,-0.2939982831416132,-0.0241276385745299
virgin_metal_tax,2.0,SK,Factor income,FAC_SK_LAB,719,-89.0160603001168,-235.72263763940282,-34.427333444398755,-0.27813651912510107,-0.7365308420703942,-0.10757046140697235
virgin_metal_tax,2.0,SK,Household consumption,,719,-70.25483788445126,-200.0073723808273,-24.330463683381822,-0.18109710590805714,-0.5155624488901045,-0.06271705532151126
virgin_metal_tax,2.0,SK,Household disposable income,,719,-133.43940479961748,-379.3314535930185,-46.87357045819954,-0.18136884671457715,-0.5155816483066791,-0.0637098571382248
virgin_metal_tax,2.0,SK,Household utility,,719,-11.72410954280167,-32.559402057349416,-4.115113982033563,-0.18595088232977044,-0.516410181793296,-0.06526799097341526
