instrument,wedge_percent,x_parameter,x_value,y_parameter,y_value,valid_remaining_parameter_configurations,median_reduction_tonnes,minimum_reduction_tonnes,maximum_reduction_tonnes,material_outcome_regime
recycling_support,0.25,Armington elasticity,0.5,CET transformation elasticity,0.5,81,20.95334541797638,-27.338189601898193,211.05343788862228,parameter_dependent
recycling_support,0.25,Armington elasticity,0.5,CET transformation elasticity,1.0,81,15.585891127586365,-10.214306056499481,123.85625159740448,parameter_dependent
recycling_support,0.25,Armington elasticity,0.5,CET transformation elasticity,2.0,81,10.509531378746033,-7.008592784404755,197.25103896856308,parameter_dependent
recycling_support,0.25,Armington elasticity,1.0,CET transformation elasticity,0.5,81,20.486019015312195,-27.11171180009842,189.25451052188873,parameter_dependent
recycling_support,0.25,Armington elasticity,1.0,CET transformation elasticity,1.0,81,15.9702427983284,-7.66431736946106,138.14463824033737,parameter_dependent
recycling_support,0.25,Armington elasticity,1.0,CET transformation elasticity,2.0,81,8.651046097278595,-4.248336136341095,102.07785922288895,parameter_dependent
recycling_support,0.25,Armington elasticity,2.0,CET transformation elasticity,0.5,81,20.926370680332184,-25.554572105407715,66.77815449237823,parameter_dependent
recycling_support,0.25,Armington elasticity,2.0,CET transformation elasticity,1.0,81,20.36365967988968,-17.284153997898102,233.0325146317482,parameter_dependent
recycling_support,0.25,Armington elasticity,2.0,CET transformation elasticity,2.0,81,6.184630393981934,-21.36956614255905,818.7990084290504,parameter_dependent
recycling_support,0.25,Armington elasticity,0.5,Circular-service elasticity,0.5,81,15.315168738365173,-8.730955839157104,211.05343788862228,parameter_dependent
recycling_support,0.25,Armington elasticity,0.5,Circular-service elasticity,1.0,81,17.604754984378815,-27.338189601898193,83.32314991950989,parameter_dependent
recycling_support,0.25,Armington elasticity,0.5,Circular-service elasticity,2.0,81,15.689355552196503,-22.912907481193542,197.25103896856308,parameter_dependent
recycling_support,0.25,Armington elasticity,1.0,Circular-service elasticity,0.5,81,16.68113100528717,-12.254344761371613,138.14463824033737,parameter_dependent
recycling_support,0.25,Armington elasticity,1.0,Circular-service elasticity,1.0,81,15.858966886997223,-26.052862584590912,189.25451052188873,parameter_dependent
recycling_support,0.25,Armington elasticity,1.0,Circular-service elasticity,2.0,81,15.884042263031006,-27.11171180009842,102.48972362279892,parameter_dependent
recycling_support,0.25,Armington elasticity,2.0,Circular-service elasticity,0.5,81,14.688955128192902,-17.960032761096954,233.0325146317482,parameter_dependent
recycling_support,0.25,Armington elasticity,2.0,Circular-service elasticity,1.0,81,14.89762258529663,-21.36956614255905,152.41929352283478,parameter_dependent
recycling_support,0.25,Armington elasticity,2.0,Circular-service elasticity,2.0,81,17.459522247314453,-25.554572105407715,818.7990084290504,parameter_dependent
recycling_support,0.25,Armington elasticity,0.5,EOL-allocation elasticity,0.5,81,18.508621156215668,-21.90527468919754,83.27118813991547,parameter_dependent
recycling_support,0.25,Armington elasticity,0.5,EOL-allocation elasticity,1.0,81,15.03308242559433,-22.912907481193542,211.05343788862228,parameter_dependent
recycling_support,0.25,Armington elasticity,0.5,EOL-allocation elasticity,2.0,81,17.57296520471573,-27.338189601898193,145.4260127544403,parameter_dependent
recycling_support,0.25,Armington elasticity,1.0,EOL-allocation elasticity,0.5,81,14.851918399333954,-22.696335077285767,110.03533446788788,parameter_dependent
recycling_support,0.25,Armington elasticity,1.0,EOL-allocation elasticity,1.0,81,15.760617852210999,-24.119407892227173,162.34354048967361,parameter_dependent
recycling_support,0.25,Armington elasticity,1.0,EOL-allocation elasticity,2.0,81,20.26888394355774,-27.11171180009842,189.25451052188873,parameter_dependent
recycling_support,0.25,Armington elasticity,2.0,EOL-allocation elasticity,0.5,81,11.98627483844757,-17.746657073497772,152.41929352283478,parameter_dependent
recycling_support,0.25,Armington elasticity,2.0,EOL-allocation elasticity,1.0,81,12.295756816864014,-21.36956614255905,233.0325146317482,parameter_dependent
recycling_support,0.25,Armington elasticity,2.0,EOL-allocation elasticity,2.0,81,20.428982615470886,-25.554572105407715,818.7990084290504,parameter_dependent
recycling_support,0.25,Armington elasticity,0.5,EOL-productivity elasticity,0.5,81,15.427453994750977,-21.811234056949615,76.5710301399231,parameter_dependent
recycling_support,0.25,Armington elasticity,0.5,EOL-productivity elasticity,1.0,81,18.60648202896118,-27.338189601898193,211.05343788862228,parameter_dependent
recycling_support,0.25,Armington elasticity,0.5,EOL-productivity elasticity,2.0,81,14.296862304210663,-21.90527468919754,123.85625159740448,parameter_dependent
recycling_support,0.25,Armington elasticity,1.0,EOL-productivity elasticity,0.5,81,15.9702427983284,-19.460489571094513,110.03533446788788,parameter_dependent
recycling_support,0.25,Armington elasticity,1.0,EOL-productivity elasticity,1.0,81,17.715833365917206,-27.11171180009842,189.25451052188873,parameter_dependent
recycling_support,0.25,Armington elasticity,1.0,EOL-productivity elasticity,2.0,81,15.057090401649475,-24.119407892227173,86.04168128967285,parameter_dependent
recycling_support,0.25,Armington elasticity,2.0,EOL-productivity elasticity,0.5,81,12.779449224472046,-17.960032761096954,66.77815449237823,parameter_dependent
recycling_support,0.25,Armington elasticity,2.0,EOL-productivity elasticity,1.0,81,18.135445833206177,-25.554572105407715,818.7990084290504,parameter_dependent
recycling_support,0.25,Armington elasticity,2.0,EOL-productivity elasticity,2.0,81,17.37840908765793,-21.36956614255905,233.0325146317482,parameter_dependent
recycling_support,0.25,Armington elasticity,0.5,Metal-substitution elasticity,0.5,81,8.048827350139618,-27.338189601898193,76.5710301399231,parameter_dependent
recycling_support,0.25,Armington elasticity,0.5,Metal-substitution elasticity,1.0,81,17.808271765708923,-8.730955839157104,211.05343788862228,parameter_dependent
recycling_support,0.25,Armington elasticity,0.5,Metal-substitution elasticity,2.0,81,36.15884971618652,2.945383369922638,197.25103896856308,primary_metal_saving
recycling_support,0.25,Armington elasticity,1.0,Metal-substitution elasticity,0.5,81,6.458985507488251,-27.11171180009842,27.126172065734863,parameter_dependent
recycling_support,0.25,Armington elasticity,1.0,Metal-substitution elasticity,1.0,81,16.68113100528717,-5.176849067211151,189.25451052188873,parameter_dependent
recycling_support,0.25,Armington elasticity,1.0,Metal-substitution elasticity,2.0,81,33.07532173395157,8.572070002555847,110.03533446788788,primary_metal_saving
recycling_support,0.25,Armington elasticity,2.0,Metal-substitution elasticity,0.5,81,1.7856234312057495,-25.554572105407715,26.430016219615936,parameter_dependent
recycling_support,0.25,Armington elasticity,2.0,Metal-substitution elasticity,1.0,81,19.411373913288116,-21.36956614255905,818.7990084290504,parameter_dependent
recycling_support,0.25,Armington elasticity,2.0,Metal-substitution elasticity,2.0,81,31.52707529067993,5.622551262378693,168.42056530714035,primary_metal_saving
recycling_support,0.25,CET transformation elasticity,0.5,Circular-service elasticity,0.5,81,20.898459374904633,-12.254344761371613,211.05343788862228,parameter_dependent
recycling_support,0.25,CET transformation elasticity,0.5,Circular-service elasticity,1.0,81,20.44507372379303,-27.338189601898193,189.25451052188873,parameter_dependent
recycling_support,0.25,CET transformation elasticity,0.5,Circular-service elasticity,2.0,81,22.121960043907166,-27.11171180009842,102.48972362279892,parameter_dependent
recycling_support,0.25,CET transformation elasticity,1.0,Circular-service elasticity,0.5,81,15.969511568546295,-17.284153997898102,233.0325146317482,parameter_dependent
recycling_support,0.25,CET transformation elasticity,1.0,Circular-service elasticity,1.0,81,18.92646026611328,-5.697763979434967,152.41929352283478,parameter_dependent
recycling_support,0.25,CET transformation elasticity,1.0,Circular-service elasticity,2.0,81,15.760617852210999,-10.214306056499481,168.42056530714035,parameter_dependent
recycling_support,0.25,CET transformation elasticity,2.0,Circular-service elasticity,0.5,81,8.651046097278595,-17.960032761096954,157.9198482632637,parameter_dependent
recycling_support,0.25,CET transformation elasticity,2.0,Circular-service elasticity,1.0,81,8.074414312839508,-21.36956614255905,102.07785922288895,parameter_dependent
recycling_support,0.25,CET transformation elasticity,2.0,Circular-service elasticity,2.0,81,8.572070002555847,-13.515071272850037,818.7990084290504,parameter_dependent
recycling_support,0.25,CET transformation elasticity,0.5,EOL-allocation elasticity,0.5,81,20.804616510868073,-22.696335077285767,110.03533446788788,parameter_dependent
recycling_support,0.25,CET transformation elasticity,0.5,EOL-allocation elasticity,1.0,81,20.90270322561264,-24.119407892227173,211.05343788862228,parameter_dependent
recycling_support,0.25,CET transformation elasticity,0.5,EOL-allocation elasticity,2.0,81,23.051607966423035,-27.338189601898193,189.25451052188873,parameter_dependent
recycling_support,0.25,CET transformation elasticity,1.0,EOL-allocation elasticity,0.5,81,14.851918399333954,-5.176849067211151,152.41929352283478,parameter_dependent
recycling_support,0.25,CET transformation elasticity,1.0,EOL-allocation elasticity,1.0,81,16.665579319000244,-17.284153997898102,233.0325146317482,parameter_dependent
recycling_support,0.25,CET transformation elasticity,1.0,EOL-allocation elasticity,2.0,81,20.1188023686409,-10.214306056499481,138.14463824033737,parameter_dependent
recycling_support,0.25,CET transformation elasticity,2.0,EOL-allocation elasticity,0.5,81,7.627015173435211,-17.746657073497772,48.32224041223526,parameter_dependent
recycling_support,0.25,CET transformation elasticity,2.0,EOL-allocation elasticity,1.0,81,8.048827350139618,-21.36956614255905,197.25103896856308,parameter_dependent
recycling_support,0.25,CET transformation elasticity,2.0,EOL-allocation elasticity,2.0,81,13.348642468452454,-17.960032761096954,818.7990084290504,parameter_dependent
recycling_support,0.25,CET transformation elasticity,0.5,EOL-productivity elasticity,0.5,81,20.476525843143463,-21.811234056949615,110.03533446788788,parameter_dependent
recycling_support,0.25,CET transformation elasticity,0.5,EOL-productivity elasticity,1.0,81,21.040415823459625,-27.338189601898193,211.05343788862228,parameter_dependent
recycling_support,0.25,CET transformation elasticity,0.5,EOL-productivity elasticity,2.0,81,23.564380824565887,-24.119407892227173,80.13585460186005,parameter_dependent
recycling_support,0.25,CET transformation elasticity,1.0,EOL-productivity elasticity,0.5,81,15.315168738365173,-5.697763979434967,73.51611071825027,parameter_dependent
recycling_support,0.25,CET transformation elasticity,1.0,EOL-productivity elasticity,1.0,81,17.715833365917206,-10.214306056499481,168.42056530714035,parameter_dependent
recycling_support,0.25,CET transformation elasticity,1.0,EOL-productivity elasticity,2.0,81,19.986069917678833,-17.284153997898102,233.0325146317482,parameter_dependent
recycling_support,0.25,CET transformation elasticity,2.0,EOL-productivity elasticity,0.5,81,8.38907265663147,-17.960032761096954,76.5710301399231,parameter_dependent
recycling_support,0.25,CET transformation elasticity,2.0,EOL-productivity elasticity,1.0,81,10.477435827255249,-17.40473711490631,818.7990084290504,parameter_dependent
recycling_support,0.25,CET transformation elasticity,2.0,EOL-productivity elasticity,2.0,81,8.048827350139618,-21.36956614255905,59.15817505121231,parameter_dependent
recycling_support,0.25,CET transformation elasticity,0.5,Metal-substitution elasticity,0.5,81,6.930055558681488,-27.338189601898193,27.126172065734863,parameter_dependent
recycling_support,0.25,CET transformation elasticity,0.5,Metal-substitution elasticity,1.0,81,20.911965787410736,-8.730955839157104,211.05343788862228,parameter_dependent
recycling_support,0.25,CET transformation elasticity,0.5,Metal-substitution elasticity,2.0,81,38.43518626689911,19.040350794792175,110.03533446788788,primary_metal_saving
recycling_support,0.25,CET transformation elasticity,1.0,Metal-substitution elasticity,0.5,81,8.295211374759674,-17.284153997898102,21.272052824497223,parameter_dependent
recycling_support,0.25,CET transformation elasticity,1.0,Metal-substitution elasticity,1.0,81,16.15613842010498,-5.176849067211151,233.0325146317482,parameter_dependent
recycling_support,0.25,CET transformation elasticity,1.0,Metal-substitution elasticity,2.0,81,34.898175954818726,15.689355552196503,168.42056530714035,primary_metal_saving
recycling_support,0.25,CET transformation elasticity,2.0,Metal-substitution elasticity,0.5,81,6.415745258331299,-17.960032761096954,76.5710301399231,parameter_dependent
recycling_support,0.25,CET transformation elasticity,2.0,Metal-substitution elasticity,1.0,81,8.004357099533081,-21.36956614255905,818.7990084290504,parameter_dependent
recycling_support,0.25,CET transformation elasticity,2.0,Metal-substitution elasticity,2.0,81,24.11177968978882,2.945383369922638,197.25103896856308,primary_metal_saving
recycling_support,0.25,Circular-service elasticity,0.5,EOL-allocation elasticity,0.5,81,13.718546628952026,-17.746657073497772,66.21352916955948,parameter_dependent
recycling_support,0.25,Circular-service elasticity,0.5,EOL-allocation elasticity,1.0,81,13.25741982460022,-17.284153997898102,233.0325146317482,parameter_dependent
recycling_support,0.25,Circular-service elasticity,0.5,EOL-allocation elasticity,2.0,81,22.390830039978027,-17.960032761096954,138.14463824033737,parameter_dependent
recycling_support,0.25,Circular-service elasticity,1.0,EOL-allocation elasticity,0.5,81,14.675313949584961,-14.840965449810028,152.41929352283478,parameter_dependent
recycling_support,0.25,Circular-service elasticity,1.0,EOL-allocation elasticity,1.0,81,15.858966886997223,-21.36956614255905,162.34354048967361,parameter_dependent
recycling_support,0.25,Circular-service elasticity,1.0,EOL-allocation elasticity,2.0,81,19.040350794792175,-27.338189601898193,189.25451052188873,parameter_dependent
recycling_support,0.25,Circular-service elasticity,2.0,EOL-allocation elasticity,0.5,81,14.851918399333954,-22.696335077285767,102.48972362279892,parameter_dependent
recycling_support,0.25,Circular-service elasticity,2.0,EOL-allocation elasticity,1.0,81,15.427453994750977,-24.119407892227173,197.25103896856308,parameter_dependent
recycling_support,0.25,Circular-service elasticity,2.0,EOL-allocation elasticity,2.0,81,19.50575864315033,-27.11171180009842,818.7990084290504,parameter_dependent
recycling_support,0.25,Circular-service elasticity,0.5,EOL-productivity elasticity,0.5,81,15.585891127586365,-17.960032761096954,71.94483953714371,parameter_dependent
recycling_support,0.25,Circular-service elasticity,0.5,EOL-productivity elasticity,1.0,81,18.39549094438553,-16.43373417854309,211.05343788862228,parameter_dependent
recycling_support,0.25,Circular-service elasticity,0.5,EOL-productivity elasticity,2.0,81,13.658542096614838,-17.746657073497772,233.0325146317482,parameter_dependent
recycling_support,0.25,Circular-service elasticity,1.0,EOL-productivity elasticity,0.5,81,15.226848423480988,-15.466403603553772,110.03533446788788,parameter_dependent
recycling_support,0.25,Circular-service elasticity,1.0,EOL-productivity elasticity,1.0,81,18.752668380737305,-27.338189601898193,189.25451052188873,parameter_dependent
recycling_support,0.25,Circular-service elasticity,1.0,EOL-productivity elasticity,2.0,81,14.675313949584961,-21.36956614255905,152.41929352283478,parameter_dependent
recycling_support,0.25,Circular-service elasticity,2.0,EOL-productivity elasticity,0.5,81,14.901593506336212,-21.811234056949615,102.48972362279892,parameter_dependent
recycling_support,0.25,Circular-service elasticity,2.0,EOL-productivity elasticity,1.0,81,17.715833365917206,-27.11171180009842,818.7990084290504,parameter_dependent
recycling_support,0.25,Circular-service elasticity,2.0,EOL-productivity elasticity,2.0,81,17.524432837963104,-24.119407892227173,123.85625159740448,parameter_dependent
recycling_support,0.25,Circular-service elasticity,0.5,Metal-substitution elasticity,0.5,81,6.948789358139038,-17.960032761096954,24.6142156124115,parameter_dependent
recycling_support,0.25,Circular-service elasticity,0.5,Metal-substitution elasticity,1.0,81,17.59996849298477,-8.730955839157104,233.0325146317482,parameter_dependent
recycling_support,0.25,Circular-service elasticity,0.5,Metal-substitution elasticity,2.0,81,35.92280429601669,8.693438649177551,71.94483953714371,primary_metal_saving
recycling_support,0.25,Circular-service elasticity,1.0,Metal-substitution elasticity,0.5,81,6.728573381900787,-27.338189601898193,76.5710301399231,parameter_dependent
recycling_support,0.25,Circular-service elasticity,1.0,Metal-substitution elasticity,1.0,81,17.57296520471573,-21.36956614255905,189.25451052188873,parameter_dependent
recycling_support,0.25,Circular-service elasticity,1.0,Metal-substitution elasticity,2.0,81,32.129836440086365,2.945383369922638,152.41929352283478,primary_metal_saving
recycling_support,0.25,Circular-service elasticity,2.0,Metal-substitution elasticity,0.5,81,7.064627945423126,-27.11171180009842,27.126172065734863,parameter_dependent
recycling_support,0.25,Circular-service elasticity,2.0,Metal-substitution elasticity,1.0,81,18.508621156215668,-7.363188743591309,818.7990084290504,parameter_dependent
recycling_support,0.25,Circular-service elasticity,2.0,Metal-substitution elasticity,2.0,81,30.885107159614563,7.910063028335571,197.25103896856308,primary_metal_saving
recycling_support,0.25,EOL-allocation elasticity,0.5,EOL-productivity elasticity,0.5,81,14.549592733383179,-6.899215638637543,110.03533446788788,parameter_dependent
recycling_support,0.25,EOL-allocation elasticity,0.5,EOL-productivity elasticity,1.0,81,17.827844619750977,-14.840965449810028,83.27118813991547,parameter_dependent
recycling_support,0.25,EOL-allocation elasticity,0.5,EOL-productivity elasticity,2.0,81,11.655081927776337,-22.696335077285767,152.41929352283478,parameter_dependent
recycling_support,0.25,EOL-allocation elasticity,1.0,EOL-productivity elasticity,0.5,81,15.9702427983284,-8.707833051681519,69.38893443346024,parameter_dependent
recycling_support,0.25,EOL-allocation elasticity,1.0,EOL-productivity elasticity,1.0,81,13.84021520614624,-22.912907481193542,211.05343788862228,parameter_dependent
recycling_support,0.25,EOL-allocation elasticity,1.0,EOL-productivity elasticity,2.0,81,10.26658147573471,-24.119407892227173,233.0325146317482,parameter_dependent
recycling_support,0.25,EOL-allocation elasticity,2.0,EOL-productivity elasticity,0.5,81,13.083434164524078,-21.811234056949615,76.5710301399231,parameter_dependent
recycling_support,0.25,EOL-allocation elasticity,2.0,EOL-productivity elasticity,1.0,81,22.16474986076355,-27.338189601898193,818.7990084290504,parameter_dependent
recycling_support,0.25,EOL-allocation elasticity,2.0,EOL-productivity elasticity,2.0,81,23.073396861553192,-14.09530121088028,80.13585460186005,parameter_dependent
recycling_support,0.25,EOL-allocation elasticity,0.5,Metal-substitution elasticity,0.5,81,6.5129159688949585,-22.696335077285767,14.549592733383179,parameter_dependent
recycling_support,0.25,EOL-allocation elasticity,0.5,Metal-substitution elasticity,1.0,81,15.011726915836334,-8.041068851947784,65.68651062250137,parameter_dependent
recycling_support,0.25,EOL-allocation elasticity,0.5,Metal-substitution elasticity,2.0,81,34.201336085796356,5.622551262378693,152.41929352283478,primary_metal_saving
recycling_support,0.25,EOL-allocation elasticity,1.0,Metal-substitution elasticity,0.5,81,6.930055558681488,-24.119407892227173,21.272052824497223,parameter_dependent
recycling_support,0.25,EOL-allocation elasticity,1.0,Metal-substitution elasticity,1.0,81,15.858966886997223,-21.36956614255905,233.0325146317482,parameter_dependent
recycling_support,0.25,EOL-allocation elasticity,1.0,Metal-substitution elasticity,2.0,81,29.31063950061798,7.910063028335571,197.25103896856308,primary_metal_saving
recycling_support,0.25,EOL-allocation elasticity,2.0,Metal-substitution elasticity,0.5,81,7.928193986415863,-27.338189601898193,76.5710301399231,parameter_dependent
recycling_support,0.25,EOL-allocation elasticity,2.0,Metal-substitution elasticity,1.0,81,21.234801769256592,-1.9612513780593872,818.7990084290504,parameter_dependent
recycling_support,0.25,EOL-allocation elasticity,2.0,Metal-substitution elasticity,2.0,81,35.438736498355865,2.945383369922638,80.13585460186005,primary_metal_saving
recycling_support,0.25,EOL-productivity elasticity,0.5,Metal-substitution elasticity,0.5,81,6.685330629348755,-21.811234056949615,76.5710301399231,parameter_dependent
recycling_support,0.25,EOL-productivity elasticity,0.5,Metal-substitution elasticity,1.0,81,15.315168738365173,-7.363188743591309,66.77815449237823,parameter_dependent
recycling_support,0.25,EOL-productivity elasticity,0.5,Metal-substitution elasticity,2.0,81,32.129836440086365,9.883483648300171,110.03533446788788,primary_metal_saving
recycling_support,0.25,EOL-productivity elasticity,1.0,Metal-substitution elasticity,0.5,81,6.762442708015442,-27.338189601898193,21.272052824497223,parameter_dependent
recycling_support,0.25,EOL-productivity elasticity,1.0,Metal-substitution elasticity,1.0,81,20.804616510868073,-8.041068851947784,818.7990084290504,parameter_dependent
recycling_support,0.25,EOL-productivity elasticity,1.0,Metal-substitution elasticity,2.0,81,30.987727105617523,2.945383369922638,197.25103896856308,primary_metal_saving
recycling_support,0.25,EOL-productivity elasticity,2.0,Metal-substitution elasticity,0.5,81,7.589192986488342,-24.119407892227173,27.126172065734863,parameter_dependent
recycling_support,0.25,EOL-productivity elasticity,2.0,Metal-substitution elasticity,1.0,81,17.524432837963104,-21.36956614255905,233.0325146317482,parameter_dependent
recycling_support,0.25,EOL-productivity elasticity,2.0,Metal-substitution elasticity,2.0,81,38.38159328699112,5.622551262378693,152.41929352283478,primary_metal_saving
recycling_support,0.5,Armington elasticity,0.5,CET transformation elasticity,0.5,81,29.865471065044403,-12.53782033920288,496.668692946434,parameter_dependent
recycling_support,0.5,Armington elasticity,0.5,CET transformation elasticity,1.0,81,25.274659395217896,-15.353819131851196,414.40333038568497,parameter_dependent
recycling_support,0.5,Armington elasticity,0.5,CET transformation elasticity,2.0,81,21.86318552494049,-65.39156359434128,441.94171595573425,parameter_dependent
recycling_support,0.5,Armington elasticity,1.0,CET transformation elasticity,0.5,81,32.66741406917572,-16.145567655563354,683.8483199477196,parameter_dependent
recycling_support,0.5,Armington elasticity,1.0,CET transformation elasticity,1.0,81,31.411563992500305,-5.120601952075958,174.52936840057373,parameter_dependent
recycling_support,0.5,Armington elasticity,1.0,CET transformation elasticity,2.0,81,24.263435900211334,-20.076373040676117,313.5806609392166,parameter_dependent
recycling_support,0.5,Armington elasticity,2.0,CET transformation elasticity,0.5,81,45.70252311229706,-12.02513176202774,372.21249002218246,parameter_dependent
recycling_support,0.5,Armington elasticity,2.0,CET transformation elasticity,1.0,81,32.0325208902359,-12.040744841098785,249.38035535812378,parameter_dependent
recycling_support,0.5,Armington elasticity,2.0,CET transformation elasticity,2.0,81,22.06754571199417,-33.50950366258621,820.0558096170425,parameter_dependent
recycling_support,0.5,Armington elasticity,0.5,Circular-service elasticity,0.5,81,25.274659395217896,-15.353819131851196,232.72340816259384,parameter_dependent
recycling_support,0.5,Armington elasticity,0.5,Circular-service elasticity,1.0,81,29.611723721027374,-4.270676791667938,496.668692946434,parameter_dependent
recycling_support,0.5,Armington elasticity,0.5,Circular-service elasticity,2.0,81,26.879420936107635,-65.39156359434128,414.40333038568497,parameter_dependent
recycling_support,0.5,Armington elasticity,1.0,Circular-service elasticity,0.5,81,32.50184327363968,-9.850640714168549,313.5806609392166,parameter_dependent
recycling_support,0.5,Armington elasticity,1.0,Circular-service elasticity,1.0,81,30.54499077796936,-11.056396722793579,439.5927299261093,parameter_dependent
recycling_support,0.5,Armington elasticity,1.0,Circular-service elasticity,2.0,81,28.619378209114075,-20.076373040676117,683.8483199477196,parameter_dependent
recycling_support,0.5,Armington elasticity,2.0,Circular-service elasticity,0.5,81,32.60244083404541,-13.588330686092377,372.21249002218246,parameter_dependent
recycling_support,0.5,Armington elasticity,2.0,Circular-service elasticity,1.0,81,30.76910811662674,-22.65156465768814,323.66719675064087,parameter_dependent
recycling_support,0.5,Armington elasticity,2.0,Circular-service elasticity,2.0,81,38.919379353523254,-33.50950366258621,820.0558096170425,parameter_dependent
recycling_support,0.5,Armington elasticity,0.5,EOL-allocation elasticity,0.5,81,23.85447245836258,-65.39156359434128,163.63722717761993,parameter_dependent
recycling_support,0.5,Armington elasticity,0.5,EOL-allocation elasticity,1.0,81,28.91998517513275,-10.80773240327835,441.94171595573425,parameter_dependent
recycling_support,0.5,Armington elasticity,0.5,EOL-allocation elasticity,2.0,81,33.84583270549774,-15.353819131851196,496.668692946434,parameter_dependent
recycling_support,0.5,Armington elasticity,1.0,EOL-allocation elasticity,0.5,81,28.214404940605164,-11.801594972610474,683.8483199477196,parameter_dependent
recycling_support,0.5,Armington elasticity,1.0,EOL-allocation elasticity,1.0,81,30.54499077796936,-20.076373040676117,439.5927299261093,parameter_dependent
recycling_support,0.5,Armington elasticity,1.0,EOL-allocation elasticity,2.0,81,36.11369287967682,-16.145567655563354,436.51598328351974,parameter_dependent
recycling_support,0.5,Armington elasticity,2.0,EOL-allocation elasticity,0.5,81,30.76910811662674,-12.02513176202774,244.53150582313538,parameter_dependent
recycling_support,0.5,Armington elasticity,2.0,EOL-allocation elasticity,1.0,81,31.365605533123016,-33.50950366258621,372.21249002218246,parameter_dependent
recycling_support,0.5,Armington elasticity,2.0,EOL-allocation elasticity,2.0,81,37.761255979537964,-23.320895552635193,820.0558096170425,parameter_dependent
recycling_support,0.5,Armington elasticity,0.5,EOL-productivity elasticity,0.5,81,23.780521392822266,-13.633292615413666,414.40333038568497,parameter_dependent
recycling_support,0.5,Armington elasticity,0.5,EOL-productivity elasticity,1.0,81,30.90010416507721,-12.53782033920288,232.72340816259384,parameter_dependent
recycling_support,0.5,Armington elasticity,0.5,EOL-productivity elasticity,2.0,81,25.034494817256927,-65.39156359434128,496.668692946434,parameter_dependent
recycling_support,0.5,Armington elasticity,1.0,EOL-productivity elasticity,0.5,81,28.631108045578003,-12.131373286247253,683.8483199477196,parameter_dependent
recycling_support,0.5,Armington elasticity,1.0,EOL-productivity elasticity,1.0,81,36.11369287967682,-20.076373040676117,436.51598328351974,parameter_dependent
recycling_support,0.5,Armington elasticity,1.0,EOL-productivity elasticity,2.0,81,27.49240082502365,-13.627661883831024,187.19864523410797,parameter_dependent
recycling_support,0.5,Armington elasticity,2.0,EOL-productivity elasticity,0.5,81,29.629400610923767,-23.320895552635193,372.21249002218246,parameter_dependent
recycling_support,0.5,Armington elasticity,2.0,EOL-productivity elasticity,1.0,81,36.42597407102585,-17.448852598667145,820.0558096170425,parameter_dependent
recycling_support,0.5,Armington elasticity,2.0,EOL-productivity elasticity,2.0,81,33.91935312747955,-33.50950366258621,353.55459839105606,parameter_dependent
recycling_support,0.5,Armington elasticity,0.5,Metal-substitution elasticity,0.5,81,10.422456920146942,-26.562891125679016,310.26023066043854,parameter_dependent
recycling_support,0.5,Armington elasticity,0.5,Metal-substitution elasticity,1.0,81,26.25364637374878,-4.313024401664734,496.668692946434,parameter_dependent
recycling_support,0.5,Armington elasticity,0.5,Metal-substitution elasticity,2.0,81,96.48300266265869,-65.39156359434128,414.40333038568497,parameter_dependent
recycling_support,0.5,Armington elasticity,1.0,Metal-substitution elasticity,0.5,81,6.111608684062958,-20.076373040676117,109.94539737701416,parameter_dependent
recycling_support,0.5,Armington elasticity,1.0,Metal-substitution elasticity,1.0,81,28.631108045578003,-11.056396722793579,436.51598328351974,parameter_dependent
recycling_support,0.5,Armington elasticity,1.0,Metal-substitution elasticity,2.0,81,100.1725070476532,62.704451501369476,683.8483199477196,primary_metal_saving
recycling_support,0.5,Armington elasticity,2.0,Metal-substitution elasticity,0.5,81,1.9882062673568726,-33.50950366258621,86.95662981271744,parameter_dependent
recycling_support,0.5,Armington elasticity,2.0,Metal-substitution elasticity,1.0,81,30.219918251037598,2.698360502719879,820.0558096170425,primary_metal_saving
recycling_support,0.5,Armington elasticity,2.0,Metal-substitution elasticity,2.0,81,97.83160883188248,46.07972311973572,353.55459839105606,primary_metal_saving
recycling_support,0.5,CET transformation elasticity,0.5,Circular-service elasticity,0.5,81,30.33626437187195,-12.02513176202774,372.21249002218246,parameter_dependent
recycling_support,0.5,CET transformation elasticity,0.5,Circular-service elasticity,1.0,81,32.857240080833435,-7.501456141471863,496.668692946434,parameter_dependent
recycling_support,0.5,CET transformation elasticity,0.5,Circular-service elasticity,2.0,81,37.73376613855362,-16.145567655563354,683.8483199477196,parameter_dependent
recycling_support,0.5,CET transformation elasticity,1.0,Circular-service elasticity,0.5,81,27.36649125814438,-15.353819131851196,249.38035535812378,parameter_dependent
recycling_support,0.5,CET transformation elasticity,1.0,Circular-service elasticity,1.0,81,31.411563992500305,-2.815953254699707,244.53150582313538,parameter_dependent
recycling_support,0.5,CET transformation elasticity,1.0,Circular-service elasticity,2.0,81,28.23238956928253,-11.801606237888336,414.40333038568497,parameter_dependent
recycling_support,0.5,CET transformation elasticity,2.0,Circular-service elasticity,0.5,81,28.9707869887352,-13.588330686092377,313.5806609392166,parameter_dependent
recycling_support,0.5,CET transformation elasticity,2.0,Circular-service elasticity,1.0,81,21.86318552494049,-22.65156465768814,441.94171595573425,parameter_dependent
recycling_support,0.5,CET transformation elasticity,2.0,Circular-service elasticity,2.0,81,19.054720163345337,-65.39156359434128,820.0558096170425,parameter_dependent
recycling_support,0.5,CET transformation elasticity,0.5,EOL-allocation elasticity,0.5,81,32.03811860084534,-12.02513176202774,683.8483199477196,parameter_dependent
recycling_support,0.5,CET transformation elasticity,0.5,EOL-allocation elasticity,1.0,81,43.642406940460205,-13.627661883831024,439.5927299261093,parameter_dependent
recycling_support,0.5,CET transformation elasticity,0.5,EOL-allocation elasticity,2.0,81,36.11369287967682,-16.145567655563354,496.668692946434,parameter_dependent
recycling_support,0.5,CET transformation elasticity,1.0,EOL-allocation elasticity,0.5,81,26.130728840827942,-0.9884253740310669,244.53150582313538,parameter_dependent
recycling_support,0.5,CET transformation elasticity,1.0,EOL-allocation elasticity,1.0,81,32.0325208902359,-12.040744841098785,414.40333038568497,parameter_dependent
recycling_support,0.5,CET transformation elasticity,1.0,EOL-allocation elasticity,2.0,81,42.73235863447189,-15.353819131851196,156.1902437210083,parameter_dependent
recycling_support,0.5,CET transformation elasticity,2.0,EOL-allocation elasticity,0.5,81,22.06754571199417,-65.39156359434128,187.19864523410797,parameter_dependent
recycling_support,0.5,CET transformation elasticity,2.0,EOL-allocation elasticity,1.0,81,18.785082638263702,-33.50950366258621,441.94171595573425,parameter_dependent
recycling_support,0.5,CET transformation elasticity,2.0,EOL-allocation elasticity,2.0,81,29.524982213974,-23.320895552635193,820.0558096170425,parameter_dependent
recycling_support,0.5,CET transformation elasticity,0.5,EOL-productivity elasticity,0.5,81,30.54499077796936,-12.131373286247253,683.8483199477196,parameter_dependent
recycling_support,0.5,CET transformation elasticity,0.5,EOL-productivity elasticity,1.0,81,37.761255979537964,-16.145567655563354,436.51598328351974,parameter_dependent
recycling_support,0.5,CET transformation elasticity,0.5,EOL-productivity elasticity,2.0,81,33.91935312747955,-13.627661883831024,496.668692946434,parameter_dependent
recycling_support,0.5,CET transformation elasticity,1.0,EOL-productivity elasticity,0.5,81,27.36649125814438,2.490161657333374,414.40333038568497,primary_metal_saving
recycling_support,0.5,CET transformation elasticity,1.0,EOL-productivity elasticity,1.0,81,32.50184327363968,-6.1591756939888,215.6678558588028,parameter_dependent
recycling_support,0.5,CET transformation elasticity,1.0,EOL-productivity elasticity,2.0,81,25.59755426645279,-15.353819131851196,249.38035535812378,parameter_dependent
recycling_support,0.5,CET transformation elasticity,2.0,EOL-productivity elasticity,0.5,81,24.263435900211334,-23.320895552635193,313.5806609392166,parameter_dependent
recycling_support,0.5,CET transformation elasticity,2.0,EOL-productivity elasticity,1.0,81,25.59135127067566,-20.076373040676117,820.0558096170425,parameter_dependent
recycling_support,0.5,CET transformation elasticity,2.0,EOL-productivity elasticity,2.0,81,19.054720163345337,-65.39156359434128,441.94171595573425,parameter_dependent
recycling_support,0.5,CET transformation elasticity,0.5,Metal-substitution elasticity,0.5,81,5.387325882911682,-16.145567655563354,310.26023066043854,parameter_dependent
recycling_support,0.5,CET transformation elasticity,0.5,Metal-substitution elasticity,1.0,81,31.365605533123016,17.978904962539673,496.668692946434,primary_metal_saving
recycling_support,0.5,CET transformation elasticity,0.5,Metal-substitution elasticity,2.0,81,110.70874100923538,80.27240234613419,683.8483199477196,primary_metal_saving
recycling_support,0.5,CET transformation elasticity,1.0,Metal-substitution elasticity,0.5,81,12.450999796390533,-15.353819131851196,89.11758697032928,parameter_dependent
recycling_support,0.5,CET transformation elasticity,1.0,Metal-substitution elasticity,1.0,81,29.201830506324768,16.85801738500595,249.38035535812378,primary_metal_saving
recycling_support,0.5,CET transformation elasticity,1.0,Metal-substitution elasticity,2.0,81,96.48300266265869,46.07972311973572,414.40333038568497,primary_metal_saving
recycling_support,0.5,CET transformation elasticity,2.0,Metal-substitution elasticity,0.5,81,2.8412835001945496,-33.50950366258621,24.263435900211334,parameter_dependent
recycling_support,0.5,CET transformation elasticity,2.0,Metal-substitution elasticity,1.0,81,22.06754571199417,-11.056396722793579,820.0558096170425,parameter_dependent
recycling_support,0.5,CET transformation elasticity,2.0,Metal-substitution elasticity,2.0,81,81.99998539686203,-65.39156359434128,191.69184929132462,parameter_dependent
recycling_support,0.5,Circular-service elasticity,0.5,EOL-allocation elasticity,0.5,81,27.36649125814438,-12.02513176202774,189.31914299726486,parameter_dependent
recycling_support,0.5,Circular-service elasticity,0.5,EOL-allocation elasticity,1.0,81,29.201830506324768,-13.588330686092377,372.21249002218246,parameter_dependent
recycling_support,0.5,Circular-service elasticity,0.5,EOL-allocation elasticity,2.0,81,36.11369287967682,-15.353819131851196,313.5806609392166,parameter_dependent
recycling_support,0.5,Circular-service elasticity,1.0,EOL-allocation elasticity,0.5,81,27.001610696315765,-12.023508727550507,244.53150582313538,parameter_dependent
recycling_support,0.5,Circular-service elasticity,1.0,EOL-allocation elasticity,1.0,81,31.411563992500305,-18.480077743530273,441.94171595573425,parameter_dependent
recycling_support,0.5,Circular-service elasticity,1.0,EOL-allocation elasticity,2.0,81,32.857240080833435,-22.65156465768814,496.668692946434,parameter_dependent
recycling_support,0.5,Circular-service elasticity,2.0,EOL-allocation elasticity,0.5,81,27.062307238578796,-65.39156359434128,683.8483199477196,parameter_dependent
recycling_support,0.5,Circular-service elasticity,2.0,EOL-allocation elasticity,1.0,81,28.619378209114075,-33.50950366258621,414.40333038568497,parameter_dependent
recycling_support,0.5,Circular-service elasticity,2.0,EOL-allocation elasticity,2.0,81,38.919379353523254,-23.320895552635193,820.0558096170425,parameter_dependent
recycling_support,0.5,Circular-service elasticity,0.5,EOL-productivity elasticity,0.5,81,26.180310249328613,-12.28528207540512,372.21249002218246,parameter_dependent
recycling_support,0.5,Circular-service elasticity,0.5,EOL-productivity elasticity,1.0,81,32.60244083404541,-12.02513176202774,232.72340816259384,parameter_dependent
recycling_support,0.5,Circular-service elasticity,0.5,EOL-productivity elasticity,2.0,81,30.33626437187195,-15.353819131851196,249.38035535812378,parameter_dependent
recycling_support,0.5,Circular-service elasticity,1.0,EOL-productivity elasticity,0.5,81,29.524982213974,-9.36442095041275,439.5927299261093,parameter_dependent
recycling_support,0.5,Circular-service elasticity,1.0,EOL-productivity elasticity,1.0,81,36.42597407102585,-11.57026207447052,191.77452045679092,parameter_dependent
recycling_support,0.5,Circular-service elasticity,1.0,EOL-productivity elasticity,2.0,81,24.965400099754333,-22.65156465768814,496.668692946434,parameter_dependent
recycling_support,0.5,Circular-service elasticity,2.0,EOL-productivity elasticity,0.5,81,28.23238956928253,-23.320895552635193,683.8483199477196,parameter_dependent
recycling_support,0.5,Circular-service elasticity,2.0,EOL-productivity elasticity,1.0,81,31.369389295578003,-20.076373040676117,820.0558096170425,parameter_dependent
recycling_support,0.5,Circular-service elasticity,2.0,EOL-productivity elasticity,2.0,81,26.22993528842926,-65.39156359434128,353.55459839105606,parameter_dependent
recycling_support,0.5,Circular-service elasticity,0.5,Metal-substitution elasticity,0.5,81,6.111608684062958,-15.353819131851196,84.30537950992584,parameter_dependent
recycling_support,0.5,Circular-service elasticity,0.5,Metal-substitution elasticity,1.0,81,27.36649125814438,-6.039391994476318,372.21249002218246,parameter_dependent
recycling_support,0.5,Circular-service elasticity,0.5,Metal-substitution elasticity,2.0,81,95.79383367300034,56.751379907131195,208.42234355211258,primary_metal_saving
recycling_support,0.5,Circular-service elasticity,1.0,Metal-substitution elasticity,0.5,81,9.111645638942719,-22.65156465768814,109.94539737701416,parameter_dependent
recycling_support,0.5,Circular-service elasticity,1.0,Metal-substitution elasticity,1.0,81,29.524982213974,-11.056396722793579,496.668692946434,parameter_dependent
recycling_support,0.5,Circular-service elasticity,1.0,Metal-substitution elasticity,2.0,81,97.34262216091156,46.07972311973572,439.5927299261093,primary_metal_saving
recycling_support,0.5,Circular-service elasticity,2.0,Metal-substitution elasticity,0.5,81,5.391475796699524,-33.50950366258621,310.26023066043854,parameter_dependent
recycling_support,0.5,Circular-service elasticity,2.0,Metal-substitution elasticity,1.0,81,28.619378209114075,-4.313024401664734,820.0558096170425,parameter_dependent
recycling_support,0.5,Circular-service elasticity,2.0,Metal-substitution elasticity,2.0,81,98.21041071414948,-65.39156359434128,683.8483199477196,parameter_dependent
recycling_support,0.5,EOL-allocation elasticity,0.5,EOL-productivity elasticity,0.5,81,27.36649125814438,-13.633292615413666,683.8483199477196,parameter_dependent
recycling_support,0.5,EOL-allocation elasticity,0.5,EOL-productivity elasticity,1.0,81,29.865471065044403,-12.02513176202774,163.63722717761993,parameter_dependent
recycling_support,0.5,EOL-allocation elasticity,0.5,EOL-productivity elasticity,2.0,81,25.59755426645279,-65.39156359434128,244.53150582313538,parameter_dependent
recycling_support,0.5,EOL-allocation elasticity,1.0,EOL-productivity elasticity,0.5,81,27.01822417974472,-10.80773240327835,439.5927299261093,parameter_dependent
recycling_support,0.5,EOL-allocation elasticity,1.0,EOL-productivity elasticity,1.0,81,30.858541131019592,-20.076373040676117,232.72340816259384,parameter_dependent
recycling_support,0.5,EOL-allocation elasticity,1.0,EOL-productivity elasticity,2.0,81,44.70324045419693,-33.50950366258621,441.94171595573425,parameter_dependent
recycling_support,0.5,EOL-allocation elasticity,2.0,EOL-productivity elasticity,0.5,81,28.797254621982574,-23.320895552635193,313.5806609392166,parameter_dependent
recycling_support,0.5,EOL-allocation elasticity,2.0,EOL-productivity elasticity,1.0,81,65.89706617593765,-17.448852598667145,820.0558096170425,parameter_dependent
recycling_support,0.5,EOL-allocation elasticity,2.0,EOL-productivity elasticity,2.0,81,26.22993528842926,-22.65156465768814,496.668692946434,parameter_dependent
recycling_support,0.5,EOL-allocation elasticity,0.5,Metal-substitution elasticity,0.5,81,7.055023908615112,-26.562891125679016,84.30537950992584,parameter_dependent
recycling_support,0.5,EOL-allocation elasticity,0.5,Metal-substitution elasticity,1.0,81,27.062307238578796,-10.428250789642334,91.53169655799866,parameter_dependent
recycling_support,0.5,EOL-allocation elasticity,0.5,Metal-substitution elasticity,2.0,81,96.12555426359177,-65.39156359434128,683.8483199477196,parameter_dependent
recycling_support,0.5,EOL-allocation elasticity,1.0,Metal-substitution elasticity,0.5,81,6.384266376495361,-33.50950366258621,310.26023066043854,parameter_dependent
recycling_support,0.5,EOL-allocation elasticity,1.0,Metal-substitution elasticity,1.0,81,28.619378209114075,-11.056396722793579,441.94171595573425,parameter_dependent
recycling_support,0.5,EOL-allocation elasticity,1.0,Metal-substitution elasticity,2.0,81,99.39803355932236,46.07972311973572,439.5927299261093,primary_metal_saving
recycling_support,0.5,EOL-allocation elasticity,2.0,Metal-substitution elasticity,0.5,81,5.3054487109184265,-23.320895552635193,109.94539737701416,parameter_dependent
recycling_support,0.5,EOL-allocation elasticity,2.0,Metal-substitution elasticity,1.0,81,32.857240080833435,-4.584678828716278,820.0558096170425,parameter_dependent
recycling_support,0.5,EOL-allocation elasticity,2.0,Metal-substitution elasticity,2.0,81,95.64595472812653,60.00600981712341,353.55459839105606,primary_metal_saving
recycling_support,0.5,EOL-productivity elasticity,0.5,Metal-substitution elasticity,0.5,81,6.384266376495361,-23.320895552635193,89.11758697032928,parameter_dependent
recycling_support,0.5,EOL-productivity elasticity,0.5,Metal-substitution elasticity,1.0,81,27.062307238578796,1.793977975845337,372.21249002218246,primary_metal_saving
recycling_support,0.5,EOL-productivity elasticity,0.5,Metal-substitution elasticity,2.0,81,93.8440090417862,46.07972311973572,683.8483199477196,primary_metal_saving
recycling_support,0.5,EOL-productivity elasticity,1.0,Metal-substitution elasticity,0.5,81,5.56360924243927,-20.076373040676117,109.94539737701416,parameter_dependent
recycling_support,0.5,EOL-productivity elasticity,1.0,Metal-substitution elasticity,1.0,81,32.50184327363968,-1.8806614875793457,820.0558096170425,parameter_dependent
recycling_support,0.5,EOL-productivity elasticity,1.0,Metal-substitution elasticity,2.0,81,99.92667192220688,56.751379907131195,215.6678558588028,primary_metal_saving
recycling_support,0.5,EOL-productivity elasticity,2.0,Metal-substitution elasticity,0.5,81,6.739177703857422,-33.50950366258621,310.26023066043854,parameter_dependent
recycling_support,0.5,EOL-productivity elasticity,2.0,Metal-substitution elasticity,1.0,81,25.937208473682404,-11.056396722793579,496.668692946434,parameter_dependent
recycling_support,0.5,EOL-productivity elasticity,2.0,Metal-substitution elasticity,2.0,81,100.02497178316116,-65.39156359434128,353.55459839105606,parameter_dependent
recycling_support,1.0,Armington elasticity,0.5,CET transformation elasticity,0.5,81,97.34593617916107,10.986721634864807,1494.1679919362068,primary_metal_saving
recycling_support,1.0,Armington elasticity,0.5,CET transformation elasticity,1.0,81,80.1943873167038,4.880173742771149,815.2813611030579,primary_metal_saving
recycling_support,1.0,Armington elasticity,0.5,CET transformation elasticity,2.0,81,57.053159952163696,-27.168857276439667,529.1654044389725,parameter_dependent
recycling_support,1.0,Armington elasticity,1.0,CET transformation elasticity,0.5,81,98.97228646278381,15.115219473838806,27199.923710346222,primary_metal_saving
recycling_support,1.0,Armington elasticity,1.0,CET transformation elasticity,1.0,81,93.82477176189423,6.081930041313171,4494.5790603756905,primary_metal_saving
recycling_support,1.0,Armington elasticity,1.0,CET transformation elasticity,2.0,81,68.2585135102272,-40.723413705825806,524.3504921197891,parameter_dependent
recycling_support,1.0,Armington elasticity,2.0,CET transformation elasticity,0.5,81,118.49392533302307,15.436881482601166,1141.9522434473038,primary_metal_saving
recycling_support,1.0,Armington elasticity,2.0,CET transformation elasticity,1.0,81,114.94732296466827,8.120382189750671,479.89641362428665,primary_metal_saving
recycling_support,1.0,Armington elasticity,2.0,CET transformation elasticity,2.0,81,74.12035781145096,-37.977608263492584,899.5320863723755,parameter_dependent
recycling_support,1.0,Armington elasticity,0.5,Circular-service elasticity,0.5,81,88.55189996957779,-0.43126505613327026,1494.1679919362068,parameter_dependent
recycling_support,1.0,Armington elasticity,0.5,Circular-service elasticity,1.0,81,93.54513096809387,1.3258250951766968,815.2813611030579,primary_metal_saving
recycling_support,1.0,Armington elasticity,0.5,Circular-service elasticity,2.0,81,87.55967903137207,-27.168857276439667,529.1654044389725,parameter_dependent
recycling_support,1.0,Armington elasticity,1.0,Circular-service elasticity,0.5,81,91.16991174221039,-40.723413705825806,4494.5790603756905,parameter_dependent
recycling_support,1.0,Armington elasticity,1.0,Circular-service elasticity,1.0,81,93.45883393287659,-1.781818449497223,503.38894468545914,parameter_dependent
recycling_support,1.0,Armington elasticity,1.0,Circular-service elasticity,2.0,81,91.92559456825256,-14.90168708562851,27199.923710346222,parameter_dependent
recycling_support,1.0,Armington elasticity,2.0,Circular-service elasticity,0.5,81,114.94732296466827,-12.288561403751373,762.2390576004982,parameter_dependent
recycling_support,1.0,Armington elasticity,2.0,Circular-service elasticity,1.0,81,98.47921097278595,-37.977608263492584,1141.9522434473038,parameter_dependent
recycling_support,1.0,Armington elasticity,2.0,Circular-service elasticity,2.0,81,98.33762919902802,-13.795029878616333,941.5727301836014,parameter_dependent
recycling_support,1.0,Armington elasticity,0.5,EOL-allocation elasticity,0.5,81,83.6741179227829,-7.460021436214447,1494.1679919362068,parameter_dependent
recycling_support,1.0,Armington elasticity,0.5,EOL-allocation elasticity,1.0,81,97.34593617916107,-27.168857276439667,815.2813611030579,parameter_dependent
recycling_support,1.0,Armington elasticity,0.5,EOL-allocation elasticity,2.0,81,107.03837060928345,4.891987979412079,509.50259894132614,primary_metal_saving
recycling_support,1.0,Armington elasticity,1.0,EOL-allocation elasticity,0.5,81,88.64705741405487,-4.907003402709961,27199.923710346222,parameter_dependent
recycling_support,1.0,Armington elasticity,1.0,EOL-allocation elasticity,1.0,81,92.2021171450615,-40.723413705825806,630.7283234000206,parameter_dependent
recycling_support,1.0,Armington elasticity,1.0,EOL-allocation elasticity,2.0,81,98.97228646278381,-8.060094177722931,704.4163019061089,parameter_dependent
recycling_support,1.0,Armington elasticity,2.0,EOL-allocation elasticity,0.5,81,108.39589661359787,-37.977608263492584,393.40963953733444,parameter_dependent
recycling_support,1.0,Armington elasticity,2.0,EOL-allocation elasticity,1.0,81,104.11566162109375,-14.214638233184814,1141.9522434473038,parameter_dependent
recycling_support,1.0,Armington elasticity,2.0,EOL-allocation elasticity,2.0,81,113.38763958215714,-10.020300269126892,899.5320863723755,parameter_dependent
recycling_support,1.0,Armington elasticity,0.5,EOL-productivity elasticity,0.5,81,86.82740718126297,-27.168857276439667,509.50259894132614,parameter_dependent
recycling_support,1.0,Armington elasticity,0.5,EOL-productivity elasticity,1.0,81,89.06868088245392,4.891987979412079,1494.1679919362068,primary_metal_saving
recycling_support,1.0,Armington elasticity,0.5,EOL-productivity elasticity,2.0,81,92.42696237564087,-7.460021436214447,815.2813611030579,parameter_dependent
recycling_support,1.0,Armington elasticity,1.0,EOL-productivity elasticity,0.5,81,92.6807998418808,-40.723413705825806,27199.923710346222,parameter_dependent
recycling_support,1.0,Armington elasticity,1.0,EOL-productivity elasticity,1.0,81,93.2638977766037,-14.90168708562851,643.2420792579651,parameter_dependent
recycling_support,1.0,Armington elasticity,1.0,EOL-productivity elasticity,2.0,81,91.92559456825256,1.760230541229248,4494.5790603756905,primary_metal_saving
recycling_support,1.0,Armington elasticity,2.0,EOL-productivity elasticity,0.5,81,96.94193887710571,-37.977608263492584,941.5727301836014,parameter_dependent
recycling_support,1.0,Armington elasticity,2.0,EOL-productivity elasticity,1.0,81,109.92734968662262,-10.78577709197998,899.5320863723755,parameter_dependent
recycling_support,1.0,Armington elasticity,2.0,EOL-productivity elasticity,2.0,81,108.39589661359787,-14.214638233184814,1141.9522434473038,parameter_dependent
recycling_support,1.0,Armington elasticity,0.5,Metal-substitution elasticity,0.5,81,20.170621931552887,-7.460021436214447,318.6412623524666,parameter_dependent
recycling_support,1.0,Armington elasticity,0.5,Metal-substitution elasticity,1.0,81,86.82740718126297,-27.168857276439667,515.4974529743195,parameter_dependent
recycling_support,1.0,Armington elasticity,0.5,Metal-substitution elasticity,2.0,81,238.80936670303345,168.85568702220917,1494.1679919362068,primary_metal_saving
recycling_support,1.0,Armington elasticity,1.0,Metal-substitution elasticity,0.5,81,20.996575891971588,-14.90168708562851,27199.923710346222,parameter_dependent
recycling_support,1.0,Armington elasticity,1.0,Metal-substitution elasticity,1.0,81,91.62485700845718,-40.723413705825806,643.2420792579651,parameter_dependent
recycling_support,1.0,Armington elasticity,1.0,Metal-substitution elasticity,2.0,81,236.4802782535553,181.9940192103386,4494.5790603756905,primary_metal_saving
recycling_support,1.0,Armington elasticity,2.0,Metal-substitution elasticity,0.5,81,28.560988068580627,-37.977608263492584,562.6516932845116,parameter_dependent
recycling_support,1.0,Armington elasticity,2.0,Metal-substitution elasticity,1.0,81,96.15921783447266,11.336628675460815,1141.9522434473038,primary_metal_saving
recycling_support,1.0,Armington elasticity,2.0,Metal-substitution elasticity,2.0,81,242.34051620960236,175.0918207168579,575.4427664279938,primary_metal_saving
recycling_support,1.0,CET transformation elasticity,0.5,Circular-service elasticity,0.5,81,105.19677269458771,15.724626302719116,1494.1679919362068,primary_metal_saving
recycling_support,1.0,CET transformation elasticity,0.5,Circular-service elasticity,1.0,81,101.39202415943146,14.773086369037628,1141.9522434473038,primary_metal_saving
recycling_support,1.0,CET transformation elasticity,0.5,Circular-service elasticity,2.0,81,117.21491730213165,10.986721634864807,27199.923710346222,primary_metal_saving
recycling_support,1.0,CET transformation elasticity,1.0,Circular-service elasticity,0.5,81,108.85656493902206,6.081930041313171,4494.5790603756905,primary_metal_saving
recycling_support,1.0,CET transformation elasticity,1.0,Circular-service elasticity,1.0,81,107.69486612081528,4.880173742771149,815.2813611030579,primary_metal_saving
recycling_support,1.0,CET transformation elasticity,1.0,Circular-service elasticity,2.0,81,88.00971031188965,9.023345232009888,704.4163019061089,primary_metal_saving
recycling_support,1.0,CET transformation elasticity,2.0,Circular-service elasticity,0.5,81,77.49281924962997,-40.723413705825806,524.3504921197891,parameter_dependent
recycling_support,1.0,CET transformation elasticity,2.0,Circular-service elasticity,1.0,81,61.726160764694214,-37.977608263492584,515.4974529743195,parameter_dependent
recycling_support,1.0,CET transformation elasticity,2.0,Circular-service elasticity,2.0,81,64.66809695959091,-27.168857276439667,899.5320863723755,parameter_dependent
recycling_support,1.0,CET transformation elasticity,0.5,EOL-allocation elasticity,0.5,81,95.81383019685745,10.986721634864807,27199.923710346222,primary_metal_saving
recycling_support,1.0,CET transformation elasticity,0.5,EOL-allocation elasticity,1.0,81,107.6383244395256,14.773086369037628,1141.9522434473038,primary_metal_saving
recycling_support,1.0,CET transformation elasticity,0.5,EOL-allocation elasticity,2.0,81,115.74254739284515,17.364600598812103,762.2390576004982,primary_metal_saving
recycling_support,1.0,CET transformation elasticity,1.0,EOL-allocation elasticity,0.5,81,88.64705741405487,4.880173742771149,4494.5790603756905,primary_metal_saving
recycling_support,1.0,CET transformation elasticity,1.0,EOL-allocation elasticity,1.0,81,107.69486612081528,9.506820738315582,815.2813611030579,primary_metal_saving
recycling_support,1.0,CET transformation elasticity,1.0,EOL-allocation elasticity,2.0,81,113.38763958215714,6.081930041313171,704.4163019061089,primary_metal_saving
recycling_support,1.0,CET transformation elasticity,2.0,EOL-allocation elasticity,0.5,81,66.57179969549179,-37.977608263492584,529.1654044389725,parameter_dependent
recycling_support,1.0,CET transformation elasticity,2.0,EOL-allocation elasticity,1.0,81,61.726160764694214,-40.723413705825806,524.3504921197891,parameter_dependent
recycling_support,1.0,CET transformation elasticity,2.0,EOL-allocation elasticity,2.0,81,80.42779433727264,-10.020300269126892,899.5320863723755,parameter_dependent
recycling_support,1.0,CET transformation elasticity,0.5,EOL-productivity elasticity,0.5,81,94.66901588439941,15.724626302719116,27199.923710346222,primary_metal_saving
recycling_support,1.0,CET transformation elasticity,0.5,EOL-productivity elasticity,1.0,81,126.87082278728485,10.986721634864807,1494.1679919362068,primary_metal_saving
recycling_support,1.0,CET transformation elasticity,0.5,EOL-productivity elasticity,2.0,81,111.21977984905243,14.773086369037628,1141.9522434473038,primary_metal_saving
recycling_support,1.0,CET transformation elasticity,1.0,EOL-productivity elasticity,0.5,81,97.73313754796982,4.880173742771149,704.4163019061089,primary_metal_saving
recycling_support,1.0,CET transformation elasticity,1.0,EOL-productivity elasticity,1.0,81,101.22329038381577,6.081930041313171,479.89641362428665,primary_metal_saving
recycling_support,1.0,CET transformation elasticity,1.0,EOL-productivity elasticity,2.0,81,89.76378256082535,11.036323964595795,4494.5790603756905,primary_metal_saving
recycling_support,1.0,CET transformation elasticity,2.0,EOL-productivity elasticity,0.5,81,60.25892847776413,-40.723413705825806,524.3504921197891,parameter_dependent
recycling_support,1.0,CET transformation elasticity,2.0,EOL-productivity elasticity,1.0,81,83.63746666908264,-14.90168708562851,899.5320863723755,parameter_dependent
recycling_support,1.0,CET transformation elasticity,2.0,EOL-productivity elasticity,2.0,81,68.2585135102272,-14.214638233184814,529.1654044389725,parameter_dependent
recycling_support,1.0,CET transformation elasticity,0.5,Metal-substitution elasticity,0.5,81,30.03447014093399,10.986721634864807,27199.923710346222,primary_metal_saving
recycling_support,1.0,CET transformation elasticity,0.5,Metal-substitution elasticity,1.0,81,100.53063303232193,81.29719424247742,1141.9522434473038,primary_metal_saving
recycling_support,1.0,CET transformation elasticity,0.5,Metal-substitution elasticity,2.0,81,249.21374493837357,175.0918207168579,1494.1679919362068,primary_metal_saving
recycling_support,1.0,CET transformation elasticity,1.0,Metal-substitution elasticity,0.5,81,26.160722732543945,4.880173742771149,418.66120690107346,primary_metal_saving
recycling_support,1.0,CET transformation elasticity,1.0,Metal-substitution elasticity,1.0,81,89.46622270345688,50.033160507678986,630.7283234000206,primary_metal_saving
recycling_support,1.0,CET transformation elasticity,1.0,Metal-substitution elasticity,2.0,81,240.48413586616516,197.07727217674255,4494.5790603756905,primary_metal_saving
recycling_support,1.0,CET transformation elasticity,2.0,Metal-substitution elasticity,0.5,81,8.604275524616241,-37.977608263492584,291.3896515369415,parameter_dependent
recycling_support,1.0,CET transformation elasticity,2.0,Metal-substitution elasticity,1.0,81,61.726160764694214,-40.723413705825806,899.5320863723755,parameter_dependent
recycling_support,1.0,CET transformation elasticity,2.0,Metal-substitution elasticity,2.0,81,204.13618236780167,168.85568702220917,529.1654044389725,primary_metal_saving
recycling_support,1.0,Circular-service elasticity,0.5,EOL-allocation elasticity,0.5,81,89.46622270345688,-10.78577709197998,4494.5790603756905,parameter_dependent
recycling_support,1.0,Circular-service elasticity,0.5,EOL-allocation elasticity,1.0,81,104.11566162109375,-40.723413705825806,562.6516932845116,parameter_dependent
recycling_support,1.0,Circular-service elasticity,0.5,EOL-allocation elasticity,2.0,81,98.97228646278381,-5.854290187358856,762.2390576004982,parameter_dependent
recycling_support,1.0,Circular-service elasticity,1.0,EOL-allocation elasticity,0.5,81,88.66951245069504,-37.977608263492584,546.4858611226082,parameter_dependent
recycling_support,1.0,Circular-service elasticity,1.0,EOL-allocation elasticity,1.0,81,101.39202415943146,-14.214638233184814,1141.9522434473038,parameter_dependent
recycling_support,1.0,Circular-service elasticity,1.0,EOL-allocation elasticity,2.0,81,107.03837060928345,-3.0078463554382324,509.50259894132614,parameter_dependent
recycling_support,1.0,Circular-service elasticity,2.0,EOL-allocation elasticity,0.5,81,89.76378256082535,-7.460021436214447,27199.923710346222,parameter_dependent
recycling_support,1.0,Circular-service elasticity,2.0,EOL-allocation elasticity,1.0,81,91.3495152592659,-27.168857276439667,941.5727301836014,parameter_dependent
recycling_support,1.0,Circular-service elasticity,2.0,EOL-allocation elasticity,2.0,81,94.04645401239395,-10.020300269126892,899.5320863723755,parameter_dependent
recycling_support,1.0,Circular-service elasticity,0.5,EOL-productivity elasticity,0.5,81,91.09018927812576,-40.723413705825806,524.3504921197891,parameter_dependent
recycling_support,1.0,Circular-service elasticity,0.5,EOL-productivity elasticity,1.0,81,101.56948286294937,-10.78577709197998,1494.1679919362068,parameter_dependent
recycling_support,1.0,Circular-service elasticity,0.5,EOL-productivity elasticity,2.0,81,104.11566162109375,-12.288561403751373,4494.5790603756905,parameter_dependent
recycling_support,1.0,Circular-service elasticity,1.0,EOL-productivity elasticity,0.5,81,92.6807998418808,-37.977608263492584,509.50259894132614,parameter_dependent
recycling_support,1.0,Circular-service elasticity,1.0,EOL-productivity elasticity,1.0,81,107.03837060928345,-3.0078463554382324,546.4858611226082,parameter_dependent
recycling_support,1.0,Circular-service elasticity,1.0,EOL-productivity elasticity,2.0,81,93.8065550327301,-14.214638233184814,1141.9522434473038,parameter_dependent
recycling_support,1.0,Circular-service elasticity,2.0,EOL-productivity elasticity,0.5,81,91.07368093729019,-27.168857276439667,27199.923710346222,parameter_dependent
recycling_support,1.0,Circular-service elasticity,2.0,EOL-productivity elasticity,1.0,81,95.6082894206047,-14.90168708562851,899.5320863723755,parameter_dependent
recycling_support,1.0,Circular-service elasticity,2.0,EOL-productivity elasticity,2.0,81,91.04397320747375,-7.460021436214447,630.7283234000206,parameter_dependent
recycling_support,1.0,Circular-service elasticity,0.5,Metal-substitution elasticity,0.5,81,22.280569314956665,-12.288561403751373,562.6516932845116,parameter_dependent
recycling_support,1.0,Circular-service elasticity,0.5,Metal-substitution elasticity,1.0,81,92.42696237564087,-40.723413705825806,762.2390576004982,parameter_dependent
recycling_support,1.0,Circular-service elasticity,0.5,Metal-substitution elasticity,2.0,81,238.21332877874374,175.0918207168579,4494.5790603756905,primary_metal_saving
recycling_support,1.0,Circular-service elasticity,1.0,Metal-substitution elasticity,0.5,81,24.774446606636047,-37.977608263492584,418.66120690107346,parameter_dependent
recycling_support,1.0,Circular-service elasticity,1.0,Metal-substitution elasticity,1.0,81,92.2021171450615,11.336628675460815,1141.9522434473038,primary_metal_saving
recycling_support,1.0,Circular-service elasticity,1.0,Metal-substitution elasticity,2.0,81,242.20932739973068,168.85568702220917,815.2813611030579,primary_metal_saving
recycling_support,1.0,Circular-service elasticity,2.0,Metal-substitution elasticity,0.5,81,21.231839656829834,-14.90168708562851,27199.923710346222,parameter_dependent
recycling_support,1.0,Circular-service elasticity,2.0,Metal-substitution elasticity,1.0,81,89.06868088245392,-27.168857276439667,941.5727301836014,parameter_dependent
recycling_support,1.0,Circular-service elasticity,2.0,Metal-substitution elasticity,2.0,81,234.8264651298523,184.77363508939743,723.540151655674,primary_metal_saving
recycling_support,1.0,EOL-allocation elasticity,0.5,EOL-productivity elasticity,0.5,81,91.09018927812576,-37.977608263492584,27199.923710346222,parameter_dependent
recycling_support,1.0,EOL-allocation elasticity,0.5,EOL-productivity elasticity,1.0,81,88.55189996957779,-10.78577709197998,1494.1679919362068,parameter_dependent
recycling_support,1.0,EOL-allocation elasticity,0.5,EOL-productivity elasticity,2.0,81,89.76378256082535,-7.460021436214447,4494.5790603756905,parameter_dependent
recycling_support,1.0,EOL-allocation elasticity,1.0,EOL-productivity elasticity,0.5,81,92.2021171450615,-40.723413705825806,941.5727301836014,parameter_dependent
recycling_support,1.0,EOL-allocation elasticity,1.0,EOL-productivity elasticity,1.0,81,96.15921783447266,-14.90168708562851,562.6516932845116,parameter_dependent
recycling_support,1.0,EOL-allocation elasticity,1.0,EOL-productivity elasticity,2.0,81,112.2895917892456,-14.214638233184814,1141.9522434473038,parameter_dependent
recycling_support,1.0,EOL-allocation elasticity,2.0,EOL-productivity elasticity,0.5,81,90.59993624687195,-1.7659140229225159,704.4163019061089,parameter_dependent
recycling_support,1.0,EOL-allocation elasticity,2.0,EOL-productivity elasticity,1.0,81,142.0302675962448,-10.020300269126892,899.5320863723755,parameter_dependent
recycling_support,1.0,EOL-allocation elasticity,2.0,EOL-productivity elasticity,2.0,81,98.38763344287872,1.760230541229248,575.4427664279938,primary_metal_saving
recycling_support,1.0,EOL-allocation elasticity,0.5,Metal-substitution elasticity,0.5,81,26.431688904762268,-37.977608263492584,27199.923710346222,parameter_dependent
recycling_support,1.0,EOL-allocation elasticity,0.5,Metal-substitution elasticity,1.0,81,87.90289151668549,8.87257844209671,278.45948988199234,primary_metal_saving
recycling_support,1.0,EOL-allocation elasticity,0.5,Metal-substitution elasticity,2.0,81,240.11474514007568,175.0918207168579,4494.5790603756905,primary_metal_saving
recycling_support,1.0,EOL-allocation elasticity,1.0,Metal-substitution elasticity,0.5,81,20.996575891971588,-14.90168708562851,562.6516932845116,parameter_dependent
recycling_support,1.0,EOL-allocation elasticity,1.0,Metal-substitution elasticity,1.0,81,94.69954186677933,-40.723413705825806,1141.9522434473038,parameter_dependent
recycling_support,1.0,EOL-allocation elasticity,1.0,Metal-substitution elasticity,2.0,81,240.44612169265747,184.69393956661224,815.2813611030579,primary_metal_saving
recycling_support,1.0,EOL-allocation elasticity,2.0,Metal-substitution elasticity,0.5,81,22.234227418899536,-10.020300269126892,291.3896515369415,parameter_dependent
recycling_support,1.0,EOL-allocation elasticity,2.0,Metal-substitution elasticity,1.0,81,96.94193887710571,11.336628675460815,899.5320863723755,primary_metal_saving
recycling_support,1.0,EOL-allocation elasticity,2.0,Metal-substitution elasticity,2.0,81,236.03325080871582,168.85568702220917,704.4163019061089,primary_metal_saving
recycling_support,1.0,EOL-productivity elasticity,0.5,Metal-substitution elasticity,0.5,81,22.916738748550415,-37.977608263492584,27199.923710346222,parameter_dependent
recycling_support,1.0,EOL-productivity elasticity,0.5,Metal-substitution elasticity,1.0,81,87.92860209941864,-40.723413705825806,941.5727301836014,parameter_dependent
recycling_support,1.0,EOL-productivity elasticity,0.5,Metal-substitution elasticity,2.0,81,240.61038845777512,181.43492072820663,723.540151655674,primary_metal_saving
recycling_support,1.0,EOL-productivity elasticity,1.0,Metal-substitution elasticity,0.5,81,22.234227418899536,-14.90168708562851,562.6516932845116,parameter_dependent
recycling_support,1.0,EOL-productivity elasticity,1.0,Metal-substitution elasticity,1.0,81,95.8575729727745,33.862974643707275,899.5320863723755,primary_metal_saving
recycling_support,1.0,EOL-productivity elasticity,1.0,Metal-substitution elasticity,2.0,81,233.83227974176407,168.85568702220917,1494.1679919362068,primary_metal_saving
recycling_support,1.0,EOL-productivity elasticity,2.0,Metal-substitution elasticity,0.5,81,24.62342482805252,-14.214638233184814,318.6412623524666,parameter_dependent
recycling_support,1.0,EOL-productivity elasticity,2.0,Metal-substitution elasticity,1.0,81,91.8630034327507,11.336628675460815,1141.9522434473038,primary_metal_saving
recycling_support,1.0,EOL-productivity elasticity,2.0,Metal-substitution elasticity,2.0,81,241.5151658654213,175.0918207168579,4494.5790603756905,primary_metal_saving
recycling_support,2.0,Armington elasticity,0.5,CET transformation elasticity,0.5,81,251.98576033115387,75.80825686454773,6705.182469367981,primary_metal_saving
recycling_support,2.0,Armington elasticity,0.5,CET transformation elasticity,1.0,81,211.8345468044281,43.70324766635895,1085.247835636139,primary_metal_saving
recycling_support,2.0,Armington elasticity,0.5,CET transformation elasticity,2.0,81,151.38228940963745,-52.02266699075699,927.180524289608,parameter_dependent
recycling_support,2.0,Armington elasticity,1.0,CET transformation elasticity,0.5,81,322.20560520887375,69.4062796831131,27267.102212131023,primary_metal_saving
recycling_support,2.0,Armington elasticity,1.0,CET transformation elasticity,1.0,81,246.9337136745453,-9.365109384059906,4617.153058767319,parameter_dependent
recycling_support,2.0,Armington elasticity,1.0,CET transformation elasticity,2.0,81,180.14330196380615,-30.028833031654358,2492.55665820837,parameter_dependent
recycling_support,2.0,Armington elasticity,2.0,CET transformation elasticity,0.5,81,498.4266051054001,78.63036966323853,109013.14483368397,primary_metal_saving
recycling_support,2.0,Armington elasticity,2.0,CET transformation elasticity,1.0,81,258.3412549495697,60.52753084897995,51313.56269854307,primary_metal_saving
recycling_support,2.0,Armington elasticity,2.0,CET transformation elasticity,2.0,81,180.0891672372818,-29.575456738471985,930.3774590492249,parameter_dependent
recycling_support,2.0,Armington elasticity,0.5,Circular-service elasticity,0.5,81,219.02886271476746,-52.02266699075699,979.1680506467819,parameter_dependent
recycling_support,2.0,Armington elasticity,0.5,Circular-service elasticity,1.0,81,225.82071316242218,5.158373475074768,6705.182469367981,primary_metal_saving
recycling_support,2.0,Armington elasticity,0.5,Circular-service elasticity,2.0,81,226.8120700120926,-6.979636371135712,1617.4297577142715,parameter_dependent
recycling_support,2.0,Armington elasticity,1.0,Circular-service elasticity,0.5,81,237.8261838555336,-30.028833031654358,16002.862294197083,parameter_dependent
recycling_support,2.0,Armington elasticity,1.0,Circular-service elasticity,1.0,81,238.0981360077858,-6.617220520973206,2308.9491562843323,parameter_dependent
recycling_support,2.0,Armington elasticity,1.0,Circular-service elasticity,2.0,81,245.84625560045242,-9.365109384059906,27267.102212131023,parameter_dependent
recycling_support,2.0,Armington elasticity,2.0,Circular-service elasticity,0.5,81,279.0549483895302,13.807031452655792,109013.14483368397,primary_metal_saving
recycling_support,2.0,Armington elasticity,2.0,Circular-service elasticity,1.0,81,249.70205783843994,-3.5235878229141235,2089.8131235837936,parameter_dependent
recycling_support,2.0,Armington elasticity,2.0,Circular-service elasticity,2.0,81,255.478621840477,-29.575456738471985,6358.684893429279,parameter_dependent
recycling_support,2.0,Armington elasticity,0.5,EOL-allocation elasticity,0.5,81,208.1418263912201,-6.979636371135712,1220.365364074707,parameter_dependent
recycling_support,2.0,Armington elasticity,0.5,EOL-allocation elasticity,1.0,81,227.57234472036362,-52.02266699075699,6705.182469367981,parameter_dependent
recycling_support,2.0,Armington elasticity,0.5,EOL-allocation elasticity,2.0,81,237.06830042600632,-0.6923612952232361,1617.4297577142715,parameter_dependent
recycling_support,2.0,Armington elasticity,1.0,EOL-allocation elasticity,0.5,81,240.80978280305862,-30.028833031654358,27267.102212131023,parameter_dependent
recycling_support,2.0,Armington elasticity,1.0,EOL-allocation elasticity,1.0,81,233.2516689300537,12.272758543491364,1222.7292284965515,primary_metal_saving
recycling_support,2.0,Armington elasticity,1.0,EOL-allocation elasticity,2.0,81,245.84625560045242,-9.365109384059906,2492.55665820837,parameter_dependent
recycling_support,2.0,Armington elasticity,2.0,EOL-allocation elasticity,0.5,81,279.0549483895302,-3.5235878229141235,51313.56269854307,parameter_dependent
recycling_support,2.0,Armington elasticity,2.0,EOL-allocation elasticity,1.0,81,258.9480288028717,7.894370973110199,9131.828867197037,primary_metal_saving
recycling_support,2.0,Armington elasticity,2.0,EOL-allocation elasticity,2.0,81,253.99921220541,-29.575456738471985,109013.14483368397,parameter_dependent
recycling_support,2.0,Armington elasticity,0.5,EOL-productivity elasticity,0.5,81,228.9274445772171,5.158373475074768,6705.182469367981,primary_metal_saving
recycling_support,2.0,Armington elasticity,0.5,EOL-productivity elasticity,1.0,81,209.83707410097122,-52.02266699075699,1220.365364074707,parameter_dependent
recycling_support,2.0,Armington elasticity,0.5,EOL-productivity elasticity,2.0,81,230.6700877547264,-6.979636371135712,1058.7298852801323,parameter_dependent
recycling_support,2.0,Armington elasticity,1.0,EOL-productivity elasticity,0.5,81,254.70365005731583,-6.617220520973206,27267.102212131023,parameter_dependent
recycling_support,2.0,Armington elasticity,1.0,EOL-productivity elasticity,1.0,81,240.12451726198196,5.984232306480408,16002.862294197083,primary_metal_saving
recycling_support,2.0,Armington elasticity,1.0,EOL-productivity elasticity,2.0,81,231.7345376610756,-30.028833031654358,4617.153058767319,parameter_dependent
recycling_support,2.0,Armington elasticity,2.0,EOL-productivity elasticity,0.5,81,258.08275455236435,23.43412297964096,51313.56269854307,primary_metal_saving
recycling_support,2.0,Armington elasticity,2.0,EOL-productivity elasticity,1.0,81,281.55475091934204,-29.575456738471985,6358.684893429279,parameter_dependent
recycling_support,2.0,Armington elasticity,2.0,EOL-productivity elasticity,2.0,81,253.99921220541,7.894370973110199,109013.14483368397,primary_metal_saving
recycling_support,2.0,Armington elasticity,0.5,Metal-substitution elasticity,0.5,81,79.26532536745071,-52.02266699075699,1617.4297577142715,parameter_dependent
recycling_support,2.0,Armington elasticity,0.5,Metal-substitution elasticity,1.0,81,211.8345468044281,112.84646666049957,6705.182469367981,primary_metal_saving
recycling_support,2.0,Armington elasticity,0.5,Metal-substitution elasticity,2.0,81,512.1473033428192,289.0770798921585,1220.365364074707,primary_metal_saving
recycling_support,2.0,Armington elasticity,1.0,Metal-substitution elasticity,0.5,81,78.64970821142197,-30.028833031654358,27267.102212131023,parameter_dependent
recycling_support,2.0,Armington elasticity,1.0,Metal-substitution elasticity,1.0,81,230.50385236740112,61.29713708162308,678.4160171151161,primary_metal_saving
recycling_support,2.0,Armington elasticity,1.0,Metal-substitution elasticity,2.0,81,535.6419323682785,414.89720088243484,4617.153058767319,primary_metal_saving
recycling_support,2.0,Armington elasticity,2.0,Metal-substitution elasticity,0.5,81,97.18727493286133,-29.575456738471985,109013.14483368397,parameter_dependent
recycling_support,2.0,Armington elasticity,2.0,Metal-substitution elasticity,1.0,81,244.11425232887268,107.36107951402664,51313.56269854307,primary_metal_saving
recycling_support,2.0,Armington elasticity,2.0,Metal-substitution elasticity,2.0,81,537.6544298529625,214.65276730060577,1325.5062258839607,primary_metal_saving
recycling_support,2.0,CET transformation elasticity,0.5,Circular-service elasticity,0.5,81,293.32696318626404,78.64970821142197,109013.14483368397,primary_metal_saving
recycling_support,2.0,CET transformation elasticity,0.5,Circular-service elasticity,1.0,81,258.6173818707466,78.63036966323853,6705.182469367981,primary_metal_saving
recycling_support,2.0,CET transformation elasticity,0.5,Circular-service elasticity,2.0,81,424.3549856543541,69.4062796831131,27267.102212131023,primary_metal_saving
recycling_support,2.0,CET transformation elasticity,1.0,Circular-service elasticity,0.5,81,253.99921220541,48.216218292713165,51313.56269854307,primary_metal_saving
recycling_support,2.0,CET transformation elasticity,1.0,Circular-service elasticity,1.0,81,239.8329005241394,16.399899423122406,2308.9491562843323,primary_metal_saving
recycling_support,2.0,CET transformation elasticity,1.0,Circular-service elasticity,2.0,81,231.97099751234055,-9.365109384059906,1783.2629175186157,parameter_dependent
recycling_support,2.0,CET transformation elasticity,2.0,Circular-service elasticity,0.5,81,180.0041577219963,-52.02266699075699,927.180524289608,parameter_dependent
recycling_support,2.0,CET transformation elasticity,2.0,Circular-service elasticity,1.0,81,176.66157412528992,-6.617220520973206,825.2028731107712,parameter_dependent
recycling_support,2.0,CET transformation elasticity,2.0,Circular-service elasticity,2.0,81,164.8491280078888,-29.575456738471985,2492.55665820837,parameter_dependent
recycling_support,2.0,CET transformation elasticity,0.5,EOL-allocation elasticity,0.5,81,293.32696318626404,75.80825686454773,27267.102212131023,primary_metal_saving
recycling_support,2.0,CET transformation elasticity,0.5,EOL-allocation elasticity,1.0,81,338.7865277528763,69.4062796831131,6705.182469367981,primary_metal_saving
recycling_support,2.0,CET transformation elasticity,0.5,EOL-allocation elasticity,2.0,81,259.92552173137665,75.81633001565933,109013.14483368397,primary_metal_saving
recycling_support,2.0,CET transformation elasticity,1.0,EOL-allocation elasticity,0.5,81,237.7802585363388,43.70324766635895,51313.56269854307,primary_metal_saving
recycling_support,2.0,CET transformation elasticity,1.0,EOL-allocation elasticity,1.0,81,239.8329005241394,48.216218292713165,9131.828867197037,primary_metal_saving
recycling_support,2.0,CET transformation elasticity,1.0,EOL-allocation elasticity,2.0,81,245.09863424301147,-9.365109384059906,2308.9491562843323,parameter_dependent
recycling_support,2.0,CET transformation elasticity,2.0,EOL-allocation elasticity,0.5,81,167.35257518291473,-30.028833031654358,927.180524289608,parameter_dependent
recycling_support,2.0,CET transformation elasticity,2.0,EOL-allocation elasticity,1.0,81,164.8491280078888,-52.02266699075699,930.3774590492249,parameter_dependent
recycling_support,2.0,CET transformation elasticity,2.0,EOL-allocation elasticity,2.0,81,185.30174535512924,-29.575456738471985,2492.55665820837,parameter_dependent
recycling_support,2.0,CET transformation elasticity,0.5,EOL-productivity elasticity,0.5,81,305.4292077422142,79.2286866903305,27267.102212131023,primary_metal_saving
recycling_support,2.0,CET transformation elasticity,0.5,EOL-productivity elasticity,1.0,81,323.6319691538811,75.81633001565933,16002.862294197083,primary_metal_saving
recycling_support,2.0,CET transformation elasticity,0.5,EOL-productivity elasticity,2.0,81,258.6173818707466,69.4062796831131,109013.14483368397,primary_metal_saving
recycling_support,2.0,CET transformation elasticity,1.0,EOL-productivity elasticity,0.5,81,255.478621840477,57.762387692928314,51313.56269854307,primary_metal_saving
recycling_support,2.0,CET transformation elasticity,1.0,EOL-productivity elasticity,1.0,81,225.18730318546295,52.60841101408005,2308.9491562843323,primary_metal_saving
recycling_support,2.0,CET transformation elasticity,1.0,EOL-productivity elasticity,2.0,81,219.26221024990082,-9.365109384059906,4617.153058767319,parameter_dependent
recycling_support,2.0,CET transformation elasticity,2.0,EOL-productivity elasticity,0.5,81,164.8491280078888,-6.617220520973206,930.3774590492249,parameter_dependent
recycling_support,2.0,CET transformation elasticity,2.0,EOL-productivity elasticity,1.0,81,171.83307844400406,-52.02266699075699,2492.55665820837,parameter_dependent
recycling_support,2.0,CET transformation elasticity,2.0,EOL-productivity elasticity,2.0,81,176.66157412528992,-30.028833031654358,901.2145736217499,parameter_dependent
recycling_support,2.0,CET transformation elasticity,0.5,Metal-substitution elasticity,0.5,81,113.00792169570923,69.4062796831131,109013.14483368397,primary_metal_saving
recycling_support,2.0,CET transformation elasticity,0.5,Metal-substitution elasticity,1.0,81,247.20511651039124,211.3715044260025,7034.369062781334,primary_metal_saving
recycling_support,2.0,CET transformation elasticity,0.5,Metal-substitution elasticity,2.0,81,550.2886146306992,498.4266051054001,1325.5062258839607,primary_metal_saving
recycling_support,2.0,CET transformation elasticity,1.0,Metal-substitution elasticity,0.5,81,86.72364276647568,-9.365109384059906,9131.828867197037,parameter_dependent
recycling_support,2.0,CET transformation elasticity,1.0,Metal-substitution elasticity,1.0,81,222.73521721363068,61.29713708162308,51313.56269854307,primary_metal_saving
recycling_support,2.0,CET transformation elasticity,1.0,Metal-substitution elasticity,2.0,81,527.8884108662605,214.65276730060577,4617.153058767319,primary_metal_saving
recycling_support,2.0,CET transformation elasticity,2.0,Metal-substitution elasticity,0.5,81,38.30088400840759,-52.02266699075699,322.15822130441666,parameter_dependent
recycling_support,2.0,CET transformation elasticity,2.0,Metal-substitution elasticity,1.0,81,165.7234890460968,107.36107951402664,792.8458040952682,primary_metal_saving
recycling_support,2.0,CET transformation elasticity,2.0,Metal-substitution elasticity,2.0,81,450.2191598415375,220.58755242824554,2492.55665820837,primary_metal_saving
recycling_support,2.0,Circular-service elasticity,0.5,EOL-allocation elasticity,0.5,81,245.23188668489456,-30.028833031654358,51313.56269854307,parameter_dependent
recycling_support,2.0,Circular-service elasticity,0.5,EOL-allocation elasticity,1.0,81,241.41027450561523,-52.02266699075699,9131.828867197037,parameter_dependent
recycling_support,2.0,Circular-service elasticity,0.5,EOL-allocation elasticity,2.0,81,240.09431105852127,13.807031452655792,109013.14483368397,primary_metal_saving
recycling_support,2.0,Circular-service elasticity,1.0,EOL-allocation elasticity,0.5,81,220.5923274755478,-6.617220520973206,1085.247835636139,parameter_dependent
recycling_support,2.0,Circular-service elasticity,1.0,EOL-allocation elasticity,1.0,81,247.11265313625336,5.158373475074768,6705.182469367981,primary_metal_saving
recycling_support,2.0,Circular-service elasticity,1.0,EOL-allocation elasticity,2.0,81,242.54852324724197,2.942863881587982,2308.9491562843323,primary_metal_saving
recycling_support,2.0,Circular-service elasticity,2.0,EOL-allocation elasticity,0.5,81,240.80978280305862,-6.979636371135712,27267.102212131023,parameter_dependent
recycling_support,2.0,Circular-service elasticity,2.0,EOL-allocation elasticity,1.0,81,230.16533410549164,7.894370973110199,1378.2828248143196,primary_metal_saving
recycling_support,2.0,Circular-service elasticity,2.0,EOL-allocation elasticity,2.0,81,245.84625560045242,-29.575456738471985,2492.55665820837,parameter_dependent
recycling_support,2.0,Circular-service elasticity,0.5,EOL-productivity elasticity,0.5,81,254.77857339382172,4.265032529830933,51313.56269854307,primary_metal_saving
recycling_support,2.0,Circular-service elasticity,0.5,EOL-productivity elasticity,1.0,81,245.09863424301147,-52.02266699075699,16002.862294197083,parameter_dependent
recycling_support,2.0,Circular-service elasticity,0.5,EOL-productivity elasticity,2.0,81,237.7802585363388,-30.028833031654358,109013.14483368397,parameter_dependent
recycling_support,2.0,Circular-service elasticity,1.0,EOL-productivity elasticity,0.5,81,239.8329005241394,-6.617220520973206,6705.182469367981,parameter_dependent
recycling_support,2.0,Circular-service elasticity,1.0,EOL-productivity elasticity,1.0,81,225.82071316242218,-3.5235878229141235,2308.9491562843323,parameter_dependent
recycling_support,2.0,Circular-service elasticity,1.0,EOL-productivity elasticity,2.0,81,243.35045582056046,16.399899423122406,1068.0478551387787,primary_metal_saving
recycling_support,2.0,Circular-service elasticity,2.0,EOL-productivity elasticity,0.5,81,255.478621840477,8.38396805524826,27267.102212131023,primary_metal_saving
recycling_support,2.0,Circular-service elasticity,2.0,EOL-productivity elasticity,1.0,81,230.16533410549164,-29.575456738471985,6358.684893429279,parameter_dependent
recycling_support,2.0,Circular-service elasticity,2.0,EOL-productivity elasticity,2.0,81,233.2516689300537,-9.365109384059906,3080.9848424196243,parameter_dependent
recycling_support,2.0,Circular-service elasticity,0.5,Metal-substitution elasticity,0.5,81,98.57216268777847,-52.02266699075699,109013.14483368397,parameter_dependent
recycling_support,2.0,Circular-service elasticity,0.5,Metal-substitution elasticity,1.0,81,231.7345376610756,61.29713708162308,51313.56269854307,primary_metal_saving
recycling_support,2.0,Circular-service elasticity,0.5,Metal-substitution elasticity,2.0,81,525.9072577953339,414.89720088243484,4617.153058767319,primary_metal_saving
recycling_support,2.0,Circular-service elasticity,1.0,Metal-substitution elasticity,0.5,81,85.17955136299133,-6.617220520973206,2089.8131235837936,parameter_dependent
recycling_support,2.0,Circular-service elasticity,1.0,Metal-substitution elasticity,1.0,81,224.99080127477646,116.22248947620392,6705.182469367981,primary_metal_saving
recycling_support,2.0,Circular-service elasticity,1.0,Metal-substitution elasticity,2.0,81,535.6419323682785,214.65276730060577,2308.9491562843323,primary_metal_saving
recycling_support,2.0,Circular-service elasticity,2.0,Metal-substitution elasticity,0.5,81,76.6493319272995,-29.575456738471985,27267.102212131023,parameter_dependent
recycling_support,2.0,Circular-service elasticity,2.0,Metal-substitution elasticity,1.0,81,230.36864918470383,112.84646666049957,6358.684893429279,primary_metal_saving
recycling_support,2.0,Circular-service elasticity,2.0,Metal-substitution elasticity,2.0,81,527.6451289653778,289.0770798921585,2492.55665820837,primary_metal_saving
recycling_support,2.0,EOL-allocation elasticity,0.5,EOL-productivity elasticity,0.5,81,247.20511651039124,-6.617220520973206,51313.56269854307,parameter_dependent
recycling_support,2.0,EOL-allocation elasticity,0.5,EOL-productivity elasticity,1.0,81,245.23188668489456,-3.5235878229141235,16002.862294197083,parameter_dependent
recycling_support,2.0,EOL-allocation elasticity,0.5,EOL-productivity elasticity,2.0,81,223.7602927684784,-30.028833031654358,4617.153058767319,parameter_dependent
recycling_support,2.0,EOL-allocation elasticity,1.0,EOL-productivity elasticity,0.5,81,247.11265313625336,5.158373475074768,9131.828867197037,primary_metal_saving
recycling_support,2.0,EOL-allocation elasticity,1.0,EOL-productivity elasticity,1.0,81,227.57234472036362,-52.02266699075699,2089.8131235837936,parameter_dependent
recycling_support,2.0,EOL-allocation elasticity,1.0,EOL-productivity elasticity,2.0,81,260.77790915966034,7.894370973110199,1068.0478551387787,primary_metal_saving
recycling_support,2.0,EOL-allocation elasticity,2.0,EOL-productivity elasticity,0.5,81,246.9337136745453,14.755050539970398,7034.369062781334,primary_metal_saving
recycling_support,2.0,EOL-allocation elasticity,2.0,EOL-productivity elasticity,1.0,81,245.09863424301147,-29.575456738471985,2492.55665820837,parameter_dependent
recycling_support,2.0,EOL-allocation elasticity,2.0,EOL-productivity elasticity,2.0,81,241.58077025413513,-9.365109384059906,109013.14483368397,parameter_dependent
recycling_support,2.0,EOL-allocation elasticity,0.5,Metal-substitution elasticity,0.5,81,97.01747554540634,-30.028833031654358,27267.102212131023,parameter_dependent
recycling_support,2.0,EOL-allocation elasticity,0.5,Metal-substitution elasticity,1.0,81,220.4375777244568,129.49762219190598,51313.56269854307,primary_metal_saving
recycling_support,2.0,EOL-allocation elasticity,0.5,Metal-substitution elasticity,2.0,81,527.6451289653778,214.65276730060577,4617.153058767319,primary_metal_saving
recycling_support,2.0,EOL-allocation elasticity,1.0,Metal-substitution elasticity,0.5,81,82.5098083615303,-52.02266699075699,9131.828867197037,parameter_dependent
recycling_support,2.0,EOL-allocation elasticity,1.0,Metal-substitution elasticity,1.0,81,229.90788733959198,61.29713708162308,6705.182469367981,primary_metal_saving
recycling_support,2.0,EOL-allocation elasticity,1.0,Metal-substitution elasticity,2.0,81,533.6650177836418,289.0770798921585,1222.7292284965515,primary_metal_saving
recycling_support,2.0,EOL-allocation elasticity,2.0,Metal-substitution elasticity,0.5,81,84.94021534919739,-29.575456738471985,109013.14483368397,parameter_dependent
recycling_support,2.0,EOL-allocation elasticity,2.0,Metal-substitution elasticity,1.0,81,236.96149176359177,120.66691148281097,7034.369062781334,primary_metal_saving
recycling_support,2.0,EOL-allocation elasticity,2.0,Metal-substitution elasticity,2.0,81,525.0865653753281,220.58755242824554,2492.55665820837,primary_metal_saving
recycling_support,2.0,EOL-productivity elasticity,0.5,Metal-substitution elasticity,0.5,81,97.18727493286133,-6.617220520973206,27267.102212131023,parameter_dependent
recycling_support,2.0,EOL-productivity elasticity,0.5,Metal-substitution elasticity,1.0,81,230.54839545488358,116.22248947620392,51313.56269854307,primary_metal_saving
recycling_support,2.0,EOL-productivity elasticity,0.5,Metal-substitution elasticity,2.0,81,529.3803434371948,214.65276730060577,1222.7292284965515,primary_metal_saving
recycling_support,2.0,EOL-productivity elasticity,1.0,Metal-substitution elasticity,0.5,81,86.39291399717331,-52.02266699075699,16002.862294197083,parameter_dependent
recycling_support,2.0,EOL-productivity elasticity,1.0,Metal-substitution elasticity,1.0,81,225.82071316242218,126.63312947750092,6358.684893429279,primary_metal_saving
recycling_support,2.0,EOL-productivity elasticity,1.0,Metal-substitution elasticity,2.0,81,517.4071771502495,220.58755242824554,2492.55665820837,primary_metal_saving
recycling_support,2.0,EOL-productivity elasticity,2.0,Metal-substitution elasticity,0.5,81,78.64970821142197,-30.028833031654358,109013.14483368397,parameter_dependent
recycling_support,2.0,EOL-productivity elasticity,2.0,Metal-substitution elasticity,1.0,81,230.50385236740112,61.29713708162308,3080.9848424196243,primary_metal_saving
recycling_support,2.0,EOL-productivity elasticity,2.0,Metal-substitution elasticity,2.0,81,539.6290464401245,413.31284725666046,4617.153058767319,primary_metal_saving
refurbishment_support,0.25,Armington elasticity,0.5,CET transformation elasticity,0.5,81,181.5008783340454,-160.0178820490837,1643.4055352210999,parameter_dependent
refurbishment_support,0.25,Armington elasticity,0.5,CET transformation elasticity,1.0,81,31.274352371692657,-216.5056284070015,95196.16584599018,parameter_dependent
refurbishment_support,0.25,Armington elasticity,0.5,CET transformation elasticity,2.0,81,-16.01211053133011,-291.6205126643181,639.6083301305771,parameter_dependent
refurbishment_support,0.25,Armington elasticity,1.0,CET transformation elasticity,0.5,81,221.6218329668045,-176.19565504789352,13005.38555854559,parameter_dependent
refurbishment_support,0.25,Armington elasticity,1.0,CET transformation elasticity,1.0,81,56.34443908929825,-207.1473469734192,1534.5878541469574,parameter_dependent
refurbishment_support,0.25,Armington elasticity,1.0,CET transformation elasticity,2.0,81,-33.17561912536621,-224.4801178574562,849.1942905187607,parameter_dependent
refurbishment_support,0.25,Armington elasticity,2.0,CET transformation elasticity,0.5,81,430.6260176897049,-56.60555815696716,2517.399642944336,parameter_dependent
refurbishment_support,0.25,Armington elasticity,2.0,CET transformation elasticity,1.0,81,127.17558866739273,-177.00221753120422,3569.7231706380844,parameter_dependent
refurbishment_support,0.25,Armington elasticity,2.0,CET transformation elasticity,2.0,81,3.018850088119507,-215.55445390939713,1571.6286028027534,parameter_dependent
refurbishment_support,0.25,Armington elasticity,0.5,Circular-service elasticity,0.5,81,-111.03534799814224,-291.6205126643181,95196.16584599018,parameter_dependent
refurbishment_support,0.25,Armington elasticity,0.5,Circular-service elasticity,1.0,81,31.274352371692657,-113.48602825403214,925.9792736768723,parameter_dependent
refurbishment_support,0.25,Armington elasticity,0.5,Circular-service elasticity,2.0,81,620.2727887034416,308.40728545188904,1643.4055352210999,primary_metal_saving
refurbishment_support,0.25,Armington elasticity,1.0,Circular-service elasticity,0.5,81,-106.00295597314835,-224.4801178574562,251.12785011529922,parameter_dependent
refurbishment_support,0.25,Armington elasticity,1.0,Circular-service elasticity,1.0,81,42.8484987616539,-111.8930075764656,714.8563312292099,parameter_dependent
refurbishment_support,0.25,Armington elasticity,1.0,Circular-service elasticity,2.0,81,619.2944474816322,380.13587749004364,13005.38555854559,primary_metal_saving
refurbishment_support,0.25,Armington elasticity,2.0,Circular-service elasticity,0.5,81,-86.85809588432312,-215.55445390939713,3569.7231706380844,parameter_dependent
refurbishment_support,0.25,Armington elasticity,2.0,Circular-service elasticity,1.0,81,101.14727967977524,-72.2929213643074,2517.399642944336,parameter_dependent
refurbishment_support,0.25,Armington elasticity,2.0,Circular-service elasticity,2.0,81,728.8040956258774,419.52948278188705,1571.6286028027534,primary_metal_saving
refurbishment_support,0.25,Armington elasticity,0.5,EOL-allocation elasticity,0.5,81,31.274352371692657,-264.86644983291626,805.215454697609,parameter_dependent
refurbishment_support,0.25,Armington elasticity,0.5,EOL-allocation elasticity,1.0,81,37.00732856988907,-247.9103400707245,931.4158226251602,parameter_dependent
refurbishment_support,0.25,Armington elasticity,0.5,EOL-allocation elasticity,2.0,81,37.39825463294983,-291.6205126643181,95196.16584599018,parameter_dependent
refurbishment_support,0.25,Armington elasticity,1.0,EOL-allocation elasticity,0.5,81,45.593471348285675,-207.1473469734192,848.6638693809509,parameter_dependent
refurbishment_support,0.25,Armington elasticity,1.0,EOL-allocation elasticity,1.0,81,75.96645349264145,-198.56736731529236,1758.7891248464584,parameter_dependent
refurbishment_support,0.25,Armington elasticity,1.0,EOL-allocation elasticity,2.0,81,42.8484987616539,-224.4801178574562,13005.38555854559,parameter_dependent
refurbishment_support,0.25,Armington elasticity,2.0,EOL-allocation elasticity,0.5,81,124.19319373369217,-188.64192897081375,1174.357774078846,parameter_dependent
refurbishment_support,0.25,Armington elasticity,2.0,EOL-allocation elasticity,1.0,81,159.02204018831253,-215.55445390939713,1354.7764312624931,parameter_dependent
refurbishment_support,0.25,Armington elasticity,2.0,EOL-allocation elasticity,2.0,81,266.0805224776268,-159.2394613623619,3569.7231706380844,parameter_dependent
refurbishment_support,0.25,Armington elasticity,0.5,EOL-productivity elasticity,0.5,81,37.00732856988907,-264.86644983291626,1147.0241839289665,parameter_dependent
refurbishment_support,0.25,Armington elasticity,0.5,EOL-productivity elasticity,1.0,81,58.05265831947327,-181.2668114900589,95196.16584599018,parameter_dependent
refurbishment_support,0.25,Armington elasticity,0.5,EOL-productivity elasticity,2.0,81,27.160024523735046,-291.6205126643181,1035.0938661694527,parameter_dependent
refurbishment_support,0.25,Armington elasticity,1.0,EOL-productivity elasticity,0.5,81,42.8484987616539,-202.08485358953476,13005.38555854559,parameter_dependent
refurbishment_support,0.25,Armington elasticity,1.0,EOL-productivity elasticity,1.0,81,59.12299036979675,-207.1473469734192,1640.6433928012848,parameter_dependent
refurbishment_support,0.25,Armington elasticity,1.0,EOL-productivity elasticity,2.0,81,18.84437334537506,-224.4801178574562,1758.7891248464584,parameter_dependent
refurbishment_support,0.25,Armington elasticity,2.0,EOL-productivity elasticity,0.5,81,90.75043445825577,-188.64192897081375,3569.7231706380844,parameter_dependent
refurbishment_support,0.25,Armington elasticity,2.0,EOL-productivity elasticity,1.0,81,242.4347175359726,-177.00221753120422,2517.399642944336,parameter_dependent
refurbishment_support,0.25,Armington elasticity,2.0,EOL-productivity elasticity,2.0,81,194.42629981040955,-215.55445390939713,1571.6286028027534,parameter_dependent
refurbishment_support,0.25,Armington elasticity,0.5,Metal-substitution elasticity,0.5,81,52.45243239402771,-247.9103400707245,1643.4055352210999,parameter_dependent
refurbishment_support,0.25,Armington elasticity,0.5,Metal-substitution elasticity,1.0,81,37.00732856988907,-291.6205126643181,1120.4753738045692,parameter_dependent
refurbishment_support,0.25,Armington elasticity,0.5,Metal-substitution elasticity,2.0,81,27.059094607830048,-222.9196942448616,95196.16584599018,parameter_dependent
refurbishment_support,0.25,Armington elasticity,1.0,Metal-substitution elasticity,0.5,81,75.33700770139694,-217.82068598270416,975.7770430445671,parameter_dependent
refurbishment_support,0.25,Armington elasticity,1.0,Metal-substitution elasticity,1.0,81,45.593471348285675,-208.5413745045662,1716.442352771759,parameter_dependent
refurbishment_support,0.25,Armington elasticity,1.0,Metal-substitution elasticity,2.0,81,19.50746250152588,-224.4801178574562,13005.38555854559,parameter_dependent
refurbishment_support,0.25,Armington elasticity,2.0,Metal-substitution elasticity,0.5,81,194.42629981040955,-212.15051436424255,2517.399642944336,parameter_dependent
refurbishment_support,0.25,Armington elasticity,2.0,Metal-substitution elasticity,1.0,81,104.53611397743225,-168.88882672786713,1304.8539512753487,parameter_dependent
refurbishment_support,0.25,Armington elasticity,2.0,Metal-substitution elasticity,2.0,81,250.5475606918335,-215.55445390939713,3569.7231706380844,parameter_dependent
refurbishment_support,0.25,CET transformation elasticity,0.5,Circular-service elasticity,0.5,81,-58.981109738349915,-176.19565504789352,346.2522493004799,parameter_dependent
refurbishment_support,0.25,CET transformation elasticity,0.5,Circular-service elasticity,1.0,81,266.45700097084045,14.40340119600296,2517.399642944336,primary_metal_saving
refurbishment_support,0.25,CET transformation elasticity,0.5,Circular-service elasticity,2.0,81,861.5359504818916,596.5600430369377,13005.38555854559,primary_metal_saving
refurbishment_support,0.25,CET transformation elasticity,1.0,Circular-service elasticity,0.5,81,-109.81701022386551,-216.5056284070015,95196.16584599018,parameter_dependent
refurbishment_support,0.25,CET transformation elasticity,1.0,Circular-service elasticity,1.0,81,56.34443908929825,-26.16038578748703,467.40244203805923,parameter_dependent
refurbishment_support,0.25,CET transformation elasticity,1.0,Circular-service elasticity,2.0,81,650.4110180735588,481.9654375910759,1534.5878541469574,primary_metal_saving
refurbishment_support,0.25,CET transformation elasticity,2.0,Circular-service elasticity,0.5,81,-134.2389640212059,-291.6205126643181,280.00423699617386,parameter_dependent
refurbishment_support,0.25,CET transformation elasticity,2.0,Circular-service elasticity,1.0,81,-28.878932416439056,-113.48602825403214,77.62164157629013,parameter_dependent
refurbishment_support,0.25,CET transformation elasticity,2.0,Circular-service elasticity,2.0,81,450.72632843255997,308.40728545188904,1571.6286028027534,primary_metal_saving
refurbishment_support,0.25,CET transformation elasticity,0.5,EOL-allocation elasticity,0.5,81,203.8860266804695,-160.0178820490837,1174.357774078846,parameter_dependent
refurbishment_support,0.25,CET transformation elasticity,0.5,EOL-allocation elasticity,1.0,81,266.45700097084045,-155.0206382870674,1758.7891248464584,parameter_dependent
refurbishment_support,0.25,CET transformation elasticity,0.5,EOL-allocation elasticity,2.0,81,296.9881485104561,-176.19565504789352,13005.38555854559,parameter_dependent
refurbishment_support,0.25,CET transformation elasticity,1.0,EOL-allocation elasticity,0.5,81,53.72778809070587,-216.5056284070015,1062.0671340227127,parameter_dependent
refurbishment_support,0.25,CET transformation elasticity,1.0,EOL-allocation elasticity,1.0,81,71.65730381011963,-210.83801114559174,1534.5878541469574,parameter_dependent
refurbishment_support,0.25,CET transformation elasticity,1.0,EOL-allocation elasticity,2.0,81,56.34443908929825,-163.65643227100372,95196.16584599018,parameter_dependent
refurbishment_support,0.25,CET transformation elasticity,2.0,EOL-allocation elasticity,0.5,81,-23.319003343582153,-264.86644983291626,722.0606068372726,parameter_dependent
refurbishment_support,0.25,CET transformation elasticity,2.0,EOL-allocation elasticity,1.0,81,-12.583481669425964,-247.9103400707245,965.6014779806137,parameter_dependent
refurbishment_support,0.25,CET transformation elasticity,2.0,EOL-allocation elasticity,2.0,81,-11.02756541967392,-291.6205126643181,1571.6286028027534,parameter_dependent
refurbishment_support,0.25,CET transformation elasticity,0.5,EOL-productivity elasticity,0.5,81,258.9417454600334,-176.19565504789352,13005.38555854559,parameter_dependent
refurbishment_support,0.25,CET transformation elasticity,0.5,EOL-productivity elasticity,1.0,81,342.1847613453865,-160.0178820490837,2517.399642944336,parameter_dependent
refurbishment_support,0.25,CET transformation elasticity,0.5,EOL-productivity elasticity,2.0,81,273.45672339200974,-155.0206382870674,1758.7891248464584,parameter_dependent
refurbishment_support,0.25,CET transformation elasticity,1.0,EOL-productivity elasticity,0.5,81,56.34443908929825,-216.5056284070015,3569.7231706380844,parameter_dependent
refurbishment_support,0.25,CET transformation elasticity,1.0,EOL-productivity elasticity,1.0,81,87.79375702142715,-207.1473469734192,95196.16584599018,parameter_dependent
refurbishment_support,0.25,CET transformation elasticity,1.0,EOL-productivity elasticity,2.0,81,52.45243239402771,-210.83801114559174,1534.5878541469574,parameter_dependent
refurbishment_support,0.25,CET transformation elasticity,2.0,EOL-productivity elasticity,0.5,81,-28.328564405441284,-264.86644983291626,965.6014779806137,parameter_dependent
refurbishment_support,0.25,CET transformation elasticity,2.0,EOL-productivity elasticity,1.0,81,-11.09301233291626,-181.2668114900589,849.1942905187607,parameter_dependent
refurbishment_support,0.25,CET transformation elasticity,2.0,EOL-productivity elasticity,2.0,81,-27.235509634017944,-291.6205126643181,1571.6286028027534,parameter_dependent
refurbishment_support,0.25,CET transformation elasticity,0.5,Metal-substitution elasticity,0.5,81,273.45672339200974,-176.19565504789352,2517.399642944336,parameter_dependent
refurbishment_support,0.25,CET transformation elasticity,0.5,Metal-substitution elasticity,1.0,81,288.0379026532173,-155.0206382870674,1716.442352771759,parameter_dependent
refurbishment_support,0.25,CET transformation elasticity,0.5,Metal-substitution elasticity,2.0,81,266.45700097084045,-127.09291911125183,13005.38555854559,parameter_dependent
refurbishment_support,0.25,CET transformation elasticity,1.0,Metal-substitution elasticity,0.5,81,58.145600855350494,-216.5056284070015,1062.0671340227127,parameter_dependent
refurbishment_support,0.25,CET transformation elasticity,1.0,Metal-substitution elasticity,1.0,81,58.05265831947327,-210.83801114559174,1534.5878541469574,parameter_dependent
refurbishment_support,0.25,CET transformation elasticity,1.0,Metal-substitution elasticity,2.0,81,61.463186502456665,-177.00221753120422,95196.16584599018,parameter_dependent
refurbishment_support,0.25,CET transformation elasticity,2.0,Metal-substitution elasticity,0.5,81,-4.928971290588379,-247.9103400707245,965.6014779806137,parameter_dependent
refurbishment_support,0.25,CET transformation elasticity,2.0,Metal-substitution elasticity,1.0,81,-12.077823519706726,-291.6205126643181,849.1942905187607,parameter_dependent
refurbishment_support,0.25,CET transformation elasticity,2.0,Metal-substitution elasticity,2.0,81,-17.51788890361786,-224.4801178574562,1571.6286028027534,parameter_dependent
refurbishment_support,0.25,Circular-service elasticity,0.5,EOL-allocation elasticity,0.5,81,-92.55704736709595,-264.86644983291626,280.00423699617386,parameter_dependent
refurbishment_support,0.25,Circular-service elasticity,0.5,EOL-allocation elasticity,1.0,81,-116.34028905630112,-247.9103400707245,288.6112469434738,parameter_dependent
refurbishment_support,0.25,Circular-service elasticity,0.5,EOL-allocation elasticity,2.0,81,-105.89568829536438,-291.6205126643181,95196.16584599018,parameter_dependent
refurbishment_support,0.25,Circular-service elasticity,1.0,EOL-allocation elasticity,0.5,81,46.725617945194244,-113.48602825403214,655.7942430973053,parameter_dependent
refurbishment_support,0.25,Circular-service elasticity,1.0,EOL-allocation elasticity,1.0,81,61.463186502456665,-111.8930075764656,1354.7764312624931,parameter_dependent
refurbishment_support,0.25,Circular-service elasticity,1.0,EOL-allocation elasticity,2.0,81,54.254878759384155,-88.52093613147736,2517.399642944336,parameter_dependent
refurbishment_support,0.25,Circular-service elasticity,2.0,EOL-allocation elasticity,0.5,81,606.3007474541664,308.40728545188904,1174.357774078846,primary_metal_saving
refurbishment_support,0.25,Circular-service elasticity,2.0,EOL-allocation elasticity,1.0,81,630.512826025486,328.7730351090431,1758.7891248464584,primary_metal_saving
refurbishment_support,0.25,Circular-service elasticity,2.0,EOL-allocation elasticity,2.0,81,755.9539586305618,350.4956181049347,13005.38555854559,primary_metal_saving
refurbishment_support,0.25,Circular-service elasticity,0.5,EOL-productivity elasticity,0.5,81,-113.36736536026001,-264.86644983291626,3569.7231706380844,parameter_dependent
refurbishment_support,0.25,Circular-service elasticity,0.5,EOL-productivity elasticity,1.0,81,-88.63663673400879,-207.1473469734192,95196.16584599018,parameter_dependent
refurbishment_support,0.25,Circular-service elasticity,0.5,EOL-productivity elasticity,2.0,81,-109.39226108789444,-291.6205126643181,288.6112469434738,parameter_dependent
refurbishment_support,0.25,Circular-service elasticity,1.0,EOL-productivity elasticity,0.5,81,55.077550292015076,-113.48602825403214,655.7942430973053,parameter_dependent
refurbishment_support,0.25,Circular-service elasticity,1.0,EOL-productivity elasticity,1.0,81,77.62164157629013,-100.67559456825256,2517.399642944336,parameter_dependent
refurbishment_support,0.25,Circular-service elasticity,1.0,EOL-productivity elasticity,2.0,81,31.274352371692657,-88.52093613147736,1354.7764312624931,parameter_dependent
refurbishment_support,0.25,Circular-service elasticity,2.0,EOL-productivity elasticity,0.5,81,630.512826025486,328.7730351090431,13005.38555854559,primary_metal_saving
refurbishment_support,0.25,Circular-service elasticity,2.0,EOL-productivity elasticity,1.0,81,639.6083301305771,308.40728545188904,1643.4055352210999,primary_metal_saving
refurbishment_support,0.25,Circular-service elasticity,2.0,EOL-productivity elasticity,2.0,81,715.481023311615,350.4956181049347,1758.7891248464584,primary_metal_saving
refurbishment_support,0.25,Circular-service elasticity,0.5,Metal-substitution elasticity,0.5,81,-110.85041552782059,-247.9103400707245,280.00423699617386,parameter_dependent
refurbishment_support,0.25,Circular-service elasticity,0.5,Metal-substitution elasticity,1.0,81,-111.09497207403183,-291.6205126643181,132.2377392053604,parameter_dependent
refurbishment_support,0.25,Circular-service elasticity,0.5,Metal-substitution elasticity,2.0,81,-90.12374901771545,-224.4801178574562,95196.16584599018,parameter_dependent
refurbishment_support,0.25,Circular-service elasticity,1.0,Metal-substitution elasticity,0.5,81,58.145600855350494,-107.41644239425659,2517.399642944336,parameter_dependent
refurbishment_support,0.25,Circular-service elasticity,1.0,Metal-substitution elasticity,1.0,81,58.05265831947327,-88.52093613147736,1291.4791314601898,parameter_dependent
refurbishment_support,0.25,Circular-service elasticity,1.0,Metal-substitution elasticity,2.0,81,44.53262549638748,-113.48602825403214,1164.8269366025925,parameter_dependent
refurbishment_support,0.25,Circular-service elasticity,2.0,Metal-substitution elasticity,0.5,81,696.3343753814697,308.40728545188904,1643.4055352210999,primary_metal_saving
refurbishment_support,0.25,Circular-service elasticity,2.0,Metal-substitution elasticity,1.0,81,699.8050866127014,324.3856137394905,1716.442352771759,primary_metal_saving
refurbishment_support,0.25,Circular-service elasticity,2.0,Metal-substitution elasticity,2.0,81,652.3012043237686,337.1655013561249,13005.38555854559,primary_metal_saving
refurbishment_support,0.25,EOL-allocation elasticity,0.5,EOL-productivity elasticity,0.5,81,49.67852824926376,-264.86644983291626,927.8688319921494,parameter_dependent
refurbishment_support,0.25,EOL-allocation elasticity,0.5,EOL-productivity elasticity,1.0,81,58.145600855350494,-207.1473469734192,1062.0671340227127,parameter_dependent
refurbishment_support,0.25,EOL-allocation elasticity,0.5,EOL-productivity elasticity,2.0,81,124.19319373369217,-106.95168787240982,1174.357774078846,parameter_dependent
refurbishment_support,0.25,EOL-allocation elasticity,1.0,EOL-productivity elasticity,0.5,81,71.65730381011963,-167.802772462368,1015.5127856731415,parameter_dependent
refurbishment_support,0.25,EOL-allocation elasticity,1.0,EOL-productivity elasticity,1.0,81,87.79375702142715,-151.67285877466202,1264.386128783226,parameter_dependent
refurbishment_support,0.25,EOL-allocation elasticity,1.0,EOL-productivity elasticity,2.0,81,75.96645349264145,-247.9103400707245,1758.7891248464584,parameter_dependent
refurbishment_support,0.25,EOL-allocation elasticity,2.0,EOL-productivity elasticity,0.5,81,70.33241814374924,-202.08485358953476,13005.38555854559,parameter_dependent
refurbishment_support,0.25,EOL-allocation elasticity,2.0,EOL-productivity elasticity,1.0,81,225.5516927242279,-157.36067497730255,95196.16584599018,parameter_dependent
refurbishment_support,0.25,EOL-allocation elasticity,2.0,EOL-productivity elasticity,2.0,81,14.210287749767303,-291.6205126643181,1571.6286028027534,parameter_dependent
refurbishment_support,0.25,EOL-allocation elasticity,0.5,Metal-substitution elasticity,0.5,81,75.33700770139694,-240.71403867006302,1174.357774078846,parameter_dependent
refurbishment_support,0.25,EOL-allocation elasticity,0.5,Metal-substitution elasticity,1.0,81,69.63419753313065,-264.86644983291626,927.8688319921494,parameter_dependent
refurbishment_support,0.25,EOL-allocation elasticity,0.5,Metal-substitution elasticity,2.0,81,44.56963104009628,-222.9196942448616,1126.780867278576,parameter_dependent
refurbishment_support,0.25,EOL-allocation elasticity,1.0,Metal-substitution elasticity,0.5,81,82.02887964248657,-247.9103400707245,1354.7764312624931,parameter_dependent
refurbishment_support,0.25,EOL-allocation elasticity,1.0,Metal-substitution elasticity,1.0,81,79.55501413345337,-210.83801114559174,1716.442352771759,parameter_dependent
refurbishment_support,0.25,EOL-allocation elasticity,1.0,Metal-substitution elasticity,2.0,81,82.0610402226448,-215.55445390939713,1758.7891248464584,parameter_dependent
refurbishment_support,0.25,EOL-allocation elasticity,2.0,Metal-substitution elasticity,0.5,81,95.2817394733429,-217.82068598270416,2517.399642944336,parameter_dependent
refurbishment_support,0.25,EOL-allocation elasticity,2.0,Metal-substitution elasticity,1.0,81,87.35041803121567,-291.6205126643181,1640.6433928012848,parameter_dependent
refurbishment_support,0.25,EOL-allocation elasticity,2.0,Metal-substitution elasticity,2.0,81,123.0116565823555,-224.4801178574562,95196.16584599018,parameter_dependent
refurbishment_support,0.25,EOL-productivity elasticity,0.5,Metal-substitution elasticity,0.5,81,56.34443908929825,-240.71403867006302,1147.0241839289665,parameter_dependent
refurbishment_support,0.25,EOL-productivity elasticity,0.5,Metal-substitution elasticity,1.0,81,55.077550292015076,-264.86644983291626,1362.2126990556717,parameter_dependent
refurbishment_support,0.25,EOL-productivity elasticity,0.5,Metal-substitution elasticity,2.0,81,90.75043445825577,-222.9196942448616,13005.38555854559,parameter_dependent
refurbishment_support,0.25,EOL-productivity elasticity,1.0,Metal-substitution elasticity,0.5,81,95.2817394733429,-207.1473469734192,2517.399642944336,parameter_dependent
refurbishment_support,0.25,EOL-productivity elasticity,1.0,Metal-substitution elasticity,1.0,81,104.53611397743225,-157.36067497730255,1640.6433928012848,parameter_dependent
refurbishment_support,0.25,EOL-productivity elasticity,1.0,Metal-substitution elasticity,2.0,81,82.0610402226448,-177.00221753120422,95196.16584599018,parameter_dependent
refurbishment_support,0.25,EOL-productivity elasticity,2.0,Metal-substitution elasticity,0.5,81,99.38896244764328,-247.9103400707245,1354.7764312624931,parameter_dependent
refurbishment_support,0.25,EOL-productivity elasticity,2.0,Metal-substitution elasticity,1.0,81,46.725617945194244,-291.6205126643181,1716.442352771759,parameter_dependent
refurbishment_support,0.25,EOL-productivity elasticity,2.0,Metal-substitution elasticity,2.0,81,61.463186502456665,-224.4801178574562,1758.7891248464584,parameter_dependent
refurbishment_support,0.5,Armington elasticity,0.5,CET transformation elasticity,0.5,81,516.4595247507095,-264.2969893813133,8917.32265663147,parameter_dependent
refurbishment_support,0.5,Armington elasticity,0.5,CET transformation elasticity,1.0,81,239.7677304148674,-567.0384393334389,95052.27366012335,parameter_dependent
refurbishment_support,0.5,Armington elasticity,0.5,CET transformation elasticity,2.0,81,-25.97715789079666,-542.2450815439224,1678.0413482785225,parameter_dependent
refurbishment_support,0.5,Armington elasticity,1.0,CET transformation elasticity,0.5,81,646.396865427494,-314.9086947441101,12521.286637961864,parameter_dependent
refurbishment_support,0.5,Armington elasticity,1.0,CET transformation elasticity,1.0,81,163.30666941404343,-349.6905083656311,3424.946755051613,parameter_dependent
refurbishment_support,0.5,Armington elasticity,1.0,CET transformation elasticity,2.0,81,-52.92050129175186,-324.84267872571945,2147.1044368743896,parameter_dependent
refurbishment_support,0.5,Armington elasticity,2.0,CET transformation elasticity,0.5,81,1475.3271090984344,-406.5370993614197,5832.163733482361,parameter_dependent
refurbishment_support,0.5,Armington elasticity,2.0,CET transformation elasticity,1.0,81,457.02489387989044,-16391.6267644763,3639.2057784199715,parameter_dependent
refurbishment_support,0.5,Armington elasticity,2.0,CET transformation elasticity,2.0,81,23.973385870456696,-343.8882619738579,2870.2833445072174,parameter_dependent
refurbishment_support,0.5,Armington elasticity,0.5,Circular-service elasticity,0.5,81,-149.21663004159927,-567.0384393334389,95052.27366012335,parameter_dependent
refurbishment_support,0.5,Armington elasticity,0.5,Circular-service elasticity,1.0,81,229.2454932332039,-122.0668603181839,2772.072897732258,parameter_dependent
refurbishment_support,0.5,Armington elasticity,0.5,Circular-service elasticity,2.0,81,1534.0869808197021,653.9547008872032,8917.32265663147,primary_metal_saving
refurbishment_support,0.5,Armington elasticity,1.0,Circular-service elasticity,0.5,81,-147.4092584848404,-349.6905083656311,1529.044432580471,parameter_dependent
refurbishment_support,0.5,Armington elasticity,1.0,Circular-service elasticity,1.0,81,173.5658296942711,-160.84167701005936,3899.7275173664093,parameter_dependent
refurbishment_support,0.5,Armington elasticity,1.0,Circular-service elasticity,2.0,81,1423.2992255687714,854.7141757011414,12521.286637961864,primary_metal_saving
refurbishment_support,0.5,Armington elasticity,2.0,Circular-service elasticity,0.5,81,-177.39160627126694,-16391.6267644763,3992.1905643343925,parameter_dependent
refurbishment_support,0.5,Armington elasticity,2.0,Circular-service elasticity,1.0,81,438.5641376376152,-102.33745592832565,2634.525800049305,parameter_dependent
refurbishment_support,0.5,Armington elasticity,2.0,Circular-service elasticity,2.0,81,1597.8843770623207,937.0681678056717,5832.163733482361,primary_metal_saving
refurbishment_support,0.5,Armington elasticity,0.5,EOL-allocation elasticity,0.5,81,222.6328142285347,-567.0384393334389,2741.2086859941483,parameter_dependent
refurbishment_support,0.5,Armington elasticity,0.5,EOL-allocation elasticity,1.0,81,285.92867654561996,-364.9685452580452,4717.668445646763,parameter_dependent
refurbishment_support,0.5,Armington elasticity,0.5,EOL-allocation elasticity,2.0,81,212.21744030714035,-542.2450815439224,95052.27366012335,parameter_dependent
refurbishment_support,0.5,Armington elasticity,1.0,EOL-allocation elasticity,0.5,81,314.4524358510971,-250.74738776683807,3147.575064063072,parameter_dependent
refurbishment_support,0.5,Armington elasticity,1.0,EOL-allocation elasticity,1.0,81,163.30666941404343,-328.04847407341003,5164.807822585106,parameter_dependent
refurbishment_support,0.5,Armington elasticity,1.0,EOL-allocation elasticity,2.0,81,297.13447701931,-349.6905083656311,12521.286637961864,parameter_dependent
refurbishment_support,0.5,Armington elasticity,2.0,EOL-allocation elasticity,0.5,81,428.85740917921066,-406.5370993614197,2289.233227491379,parameter_dependent
refurbishment_support,0.5,Armington elasticity,2.0,EOL-allocation elasticity,1.0,81,679.13284522295,-343.8882619738579,4274.654558002949,parameter_dependent
refurbishment_support,0.5,Armington elasticity,2.0,EOL-allocation elasticity,2.0,81,995.911425113678,-16391.6267644763,5832.163733482361,parameter_dependent
refurbishment_support,0.5,Armington elasticity,0.5,EOL-productivity elasticity,0.5,81,229.2454932332039,-542.2450815439224,2723.580155134201,parameter_dependent
refurbishment_support,0.5,Armington elasticity,0.5,EOL-productivity elasticity,1.0,81,241.97314190864563,-503.0647365450859,95052.27366012335,parameter_dependent
refurbishment_support,0.5,Armington elasticity,0.5,EOL-productivity elasticity,2.0,81,303.7767587900162,-567.0384393334389,4717.668445646763,parameter_dependent
refurbishment_support,0.5,Armington elasticity,1.0,EOL-productivity elasticity,0.5,81,107.31616997718811,-328.04847407341003,12521.286637961864,parameter_dependent
refurbishment_support,0.5,Armington elasticity,1.0,EOL-productivity elasticity,1.0,81,302.0829291343689,-261.6904990077019,4614.787806630135,parameter_dependent
refurbishment_support,0.5,Armington elasticity,1.0,EOL-productivity elasticity,2.0,81,297.13447701931,-349.6905083656311,5164.807822585106,parameter_dependent
refurbishment_support,0.5,Armington elasticity,2.0,EOL-productivity elasticity,0.5,81,535.977164208889,-406.5370993614197,3992.1905643343925,parameter_dependent
refurbishment_support,0.5,Armington elasticity,2.0,EOL-productivity elasticity,1.0,81,851.2451922893524,-16391.6267644763,5832.163733482361,parameter_dependent
refurbishment_support,0.5,Armington elasticity,2.0,EOL-productivity elasticity,2.0,81,655.2268754839897,-305.6249118447304,4274.654558002949,parameter_dependent
refurbishment_support,0.5,Armington elasticity,0.5,Metal-substitution elasticity,0.5,81,245.6520586013794,-503.0647365450859,8917.32265663147,parameter_dependent
refurbishment_support,0.5,Armington elasticity,0.5,Metal-substitution elasticity,1.0,81,208.30319887399673,-567.0384393334389,3520.2802817225456,parameter_dependent
refurbishment_support,0.5,Armington elasticity,0.5,Metal-substitution elasticity,2.0,81,303.7767587900162,-531.7100549340248,95052.27366012335,parameter_dependent
refurbishment_support,0.5,Armington elasticity,1.0,Metal-substitution elasticity,0.5,81,300.2887826561928,-267.5252174139023,5164.807822585106,parameter_dependent
refurbishment_support,0.5,Armington elasticity,1.0,Metal-substitution elasticity,1.0,81,211.3387348651886,-349.6905083656311,3059.689828157425,parameter_dependent
refurbishment_support,0.5,Armington elasticity,1.0,Metal-substitution elasticity,2.0,81,242.13583928346634,-328.04847407341003,12521.286637961864,parameter_dependent
refurbishment_support,0.5,Armington elasticity,2.0,Metal-substitution elasticity,0.5,81,676.8203827142715,-16391.6267644763,4274.654558002949,parameter_dependent
refurbishment_support,0.5,Armington elasticity,2.0,Metal-substitution elasticity,1.0,81,630.1256726384163,-343.8882619738579,5832.163733482361,parameter_dependent
refurbishment_support,0.5,Armington elasticity,2.0,Metal-substitution elasticity,2.0,81,679.13284522295,-406.5370993614197,3992.1905643343925,parameter_dependent
refurbishment_support,0.5,CET transformation elasticity,0.5,Circular-service elasticity,0.5,81,-35.99727511405945,-406.5370993614197,3992.1905643343925,parameter_dependent
refurbishment_support,0.5,CET transformation elasticity,0.5,Circular-service elasticity,1.0,81,676.8203827142715,222.6328142285347,3899.7275173664093,primary_metal_saving
refurbishment_support,0.5,CET transformation elasticity,0.5,Circular-service elasticity,2.0,81,2149.8095721006393,1522.617321908474,12521.286637961864,primary_metal_saving
refurbishment_support,0.5,CET transformation elasticity,1.0,Circular-service elasticity,0.5,81,-181.89441710710526,-16391.6267644763,95052.27366012335,parameter_dependent
refurbishment_support,0.5,CET transformation elasticity,1.0,Circular-service elasticity,1.0,81,271.6968606710434,-29.56162792444229,2340.5687500834465,parameter_dependent
refurbishment_support,0.5,CET transformation elasticity,1.0,Circular-service elasticity,2.0,81,1482.2419451475143,935.2383775115013,3639.2057784199715,primary_metal_saving
refurbishment_support,0.5,CET transformation elasticity,2.0,Circular-service elasticity,0.5,81,-205.7815512418747,-542.2450815439224,143.1967492699623,parameter_dependent
refurbishment_support,0.5,CET transformation elasticity,2.0,Circular-service elasticity,1.0,81,-32.47137087583542,-160.84167701005936,438.5641376376152,parameter_dependent
refurbishment_support,0.5,CET transformation elasticity,2.0,Circular-service elasticity,2.0,81,1109.1297562718391,653.9547008872032,2870.2833445072174,primary_metal_saving
refurbishment_support,0.5,CET transformation elasticity,0.5,EOL-allocation elasticity,0.5,81,646.396865427494,-406.5370993614197,3147.575064063072,parameter_dependent
refurbishment_support,0.5,CET transformation elasticity,0.5,EOL-allocation elasticity,1.0,81,915.9193492531776,-256.49704813957214,5164.807822585106,parameter_dependent
refurbishment_support,0.5,CET transformation elasticity,0.5,EOL-allocation elasticity,2.0,81,946.8742189407349,-314.9086947441101,12521.286637961864,parameter_dependent
refurbishment_support,0.5,CET transformation elasticity,1.0,EOL-allocation elasticity,0.5,81,274.4679256081581,-567.0384393334389,1967.9845137000084,parameter_dependent
refurbishment_support,0.5,CET transformation elasticity,1.0,EOL-allocation elasticity,1.0,81,254.13624680042267,-328.04847407341003,3639.2057784199715,parameter_dependent
refurbishment_support,0.5,CET transformation elasticity,1.0,EOL-allocation elasticity,2.0,81,385.4043019413948,-16391.6267644763,95052.27366012335,parameter_dependent
refurbishment_support,0.5,CET transformation elasticity,2.0,EOL-allocation elasticity,0.5,81,-38.99705618619919,-503.0647365450859,1268.3765643239021,parameter_dependent
refurbishment_support,0.5,CET transformation elasticity,2.0,EOL-allocation elasticity,1.0,81,-4.973600625991821,-364.9685452580452,2844.635127723217,parameter_dependent
refurbishment_support,0.5,CET transformation elasticity,2.0,EOL-allocation elasticity,2.0,81,-15.59989333152771,-542.2450815439224,2870.2833445072174,parameter_dependent
refurbishment_support,0.5,CET transformation elasticity,0.5,EOL-productivity elasticity,0.5,81,676.8203827142715,-406.5370993614197,12521.286637961864,parameter_dependent
refurbishment_support,0.5,CET transformation elasticity,0.5,EOL-productivity elasticity,1.0,81,946.8742189407349,-238.5085037946701,8917.32265663147,parameter_dependent
refurbishment_support,0.5,CET transformation elasticity,0.5,EOL-productivity elasticity,2.0,81,861.4268426299095,-264.2969893813133,5164.807822585106,parameter_dependent
refurbishment_support,0.5,CET transformation elasticity,1.0,EOL-productivity elasticity,0.5,81,237.30484414100647,-328.04847407341003,3340.1663725972176,parameter_dependent
refurbishment_support,0.5,CET transformation elasticity,1.0,EOL-productivity elasticity,1.0,81,322.91477394104004,-16391.6267644763,95052.27366012335,parameter_dependent
refurbishment_support,0.5,CET transformation elasticity,1.0,EOL-productivity elasticity,2.0,81,418.2226675748825,-567.0384393334389,3639.2057784199715,parameter_dependent
refurbishment_support,0.5,CET transformation elasticity,2.0,EOL-productivity elasticity,0.5,81,-61.79163855314255,-542.2450815439224,2844.635127723217,parameter_dependent
refurbishment_support,0.5,CET transformation elasticity,2.0,EOL-productivity elasticity,1.0,81,15.85522997379303,-503.0647365450859,2870.2833445072174,parameter_dependent
refurbishment_support,0.5,CET transformation elasticity,2.0,EOL-productivity elasticity,2.0,81,-27.630221903324127,-364.9685452580452,2432.363781630993,parameter_dependent
refurbishment_support,0.5,CET transformation elasticity,0.5,Metal-substitution elasticity,0.5,81,851.2451922893524,-264.2969893813133,8917.32265663147,parameter_dependent
refurbishment_support,0.5,CET transformation elasticity,0.5,Metal-substitution elasticity,1.0,81,855.0681512951851,-314.9086947441101,5832.163733482361,parameter_dependent
refurbishment_support,0.5,CET transformation elasticity,0.5,Metal-substitution elasticity,2.0,81,830.1833655238152,-406.5370993614197,12521.286637961864,parameter_dependent
refurbishment_support,0.5,CET transformation elasticity,1.0,Metal-substitution elasticity,0.5,81,309.9118784070015,-16391.6267644763,3424.946755051613,parameter_dependent
refurbishment_support,0.5,CET transformation elasticity,1.0,Metal-substitution elasticity,1.0,81,232.832565844059,-567.0384393334389,3639.2057784199715,parameter_dependent
refurbishment_support,0.5,CET transformation elasticity,1.0,Metal-substitution elasticity,2.0,81,322.91477394104004,-531.7100549340248,95052.27366012335,parameter_dependent
refurbishment_support,0.5,CET transformation elasticity,2.0,Metal-substitution elasticity,0.5,81,-27.630221903324127,-503.0647365450859,2844.635127723217,parameter_dependent
refurbishment_support,0.5,CET transformation elasticity,2.0,Metal-substitution elasticity,1.0,81,-38.99705618619919,-542.2450815439224,2432.363781630993,parameter_dependent
refurbishment_support,0.5,CET transformation elasticity,2.0,Metal-substitution elasticity,2.0,81,-15.59989333152771,-364.9685452580452,2870.2833445072174,parameter_dependent
refurbishment_support,0.5,Circular-service elasticity,0.5,EOL-allocation elasticity,0.5,81,-158.00747525691986,-567.0384393334389,718.034061551094,parameter_dependent
refurbishment_support,0.5,Circular-service elasticity,0.5,EOL-allocation elasticity,1.0,81,-156.18010312318802,-364.9685452580452,1590.762222468853,parameter_dependent
refurbishment_support,0.5,Circular-service elasticity,0.5,EOL-allocation elasticity,2.0,81,-153.4637484550476,-16391.6267644763,95052.27366012335,parameter_dependent
refurbishment_support,0.5,Circular-service elasticity,1.0,EOL-allocation elasticity,0.5,81,241.97314190864563,-124.06742852926254,3147.575064063072,parameter_dependent
refurbishment_support,0.5,Circular-service elasticity,1.0,EOL-allocation elasticity,1.0,81,268.9095718860626,-160.84167701005936,2579.712928891182,parameter_dependent
refurbishment_support,0.5,Circular-service elasticity,1.0,EOL-allocation elasticity,2.0,81,300.2887826561928,-126.003162920475,3899.7275173664093,parameter_dependent
refurbishment_support,0.5,Circular-service elasticity,2.0,EOL-allocation elasticity,0.5,81,1448.8566327095032,692.6746707558632,2741.2086859941483,primary_metal_saving
refurbishment_support,0.5,Circular-service elasticity,2.0,EOL-allocation elasticity,1.0,81,1567.1165237426758,865.7016634941101,5164.807822585106,primary_metal_saving
refurbishment_support,0.5,Circular-service elasticity,2.0,EOL-allocation elasticity,2.0,81,1597.8843770623207,653.9547008872032,12521.286637961864,primary_metal_saving
refurbishment_support,0.5,Circular-service elasticity,0.5,EOL-productivity elasticity,0.5,81,-174.9417451620102,-542.2450815439224,3992.1905643343925,parameter_dependent
refurbishment_support,0.5,Circular-service elasticity,0.5,EOL-productivity elasticity,1.0,81,-149.21663004159927,-16391.6267644763,95052.27366012335,parameter_dependent
refurbishment_support,0.5,Circular-service elasticity,0.5,EOL-productivity elasticity,2.0,81,-142.70065432786942,-567.0384393334389,1590.762222468853,parameter_dependent
refurbishment_support,0.5,Circular-service elasticity,1.0,EOL-productivity elasticity,0.5,81,229.2454932332039,-160.84167701005936,3147.575064063072,parameter_dependent
refurbishment_support,0.5,Circular-service elasticity,1.0,EOL-productivity elasticity,1.0,81,300.79461175203323,-117.52043288946152,3899.7275173664093,parameter_dependent
refurbishment_support,0.5,Circular-service elasticity,1.0,EOL-productivity elasticity,2.0,81,300.2887826561928,-121.03838849067688,2579.712928891182,parameter_dependent
refurbishment_support,0.5,Circular-service elasticity,2.0,EOL-productivity elasticity,0.5,81,1443.9486035108566,865.7016634941101,12521.286637961864,primary_metal_saving
refurbishment_support,0.5,Circular-service elasticity,2.0,EOL-productivity elasticity,1.0,81,1569.701881468296,692.6746707558632,8917.32265663147,primary_metal_saving
refurbishment_support,0.5,Circular-service elasticity,2.0,EOL-productivity elasticity,2.0,81,1605.6705443263054,653.9547008872032,5164.807822585106,primary_metal_saving
refurbishment_support,0.5,Circular-service elasticity,0.5,Metal-substitution elasticity,0.5,81,-149.21663004159927,-16391.6267644763,2110.029068827629,parameter_dependent
refurbishment_support,0.5,Circular-service elasticity,0.5,Metal-substitution elasticity,1.0,81,-158.15866494178772,-567.0384393334389,1590.762222468853,parameter_dependent
refurbishment_support,0.5,Circular-service elasticity,0.5,Metal-substitution elasticity,2.0,81,-152.69071447849274,-531.7100549340248,95052.27366012335,parameter_dependent
refurbishment_support,0.5,Circular-service elasticity,1.0,Metal-substitution elasticity,0.5,81,285.92867654561996,-139.19579887390137,3899.7275173664093,parameter_dependent
refurbishment_support,0.5,Circular-service elasticity,1.0,Metal-substitution elasticity,1.0,81,232.832565844059,-122.0668603181839,1963.7526663541794,parameter_dependent
refurbishment_support,0.5,Circular-service elasticity,1.0,Metal-substitution elasticity,2.0,81,271.6968606710434,-160.84167701005936,3147.575064063072,parameter_dependent
refurbishment_support,0.5,Circular-service elasticity,2.0,Metal-substitution elasticity,0.5,81,1581.03372746706,891.4509239792824,8917.32265663147,primary_metal_saving
refurbishment_support,0.5,Circular-service elasticity,2.0,Metal-substitution elasticity,1.0,81,1538.9678586125374,653.9547008872032,5832.163733482361,primary_metal_saving
refurbishment_support,0.5,Circular-service elasticity,2.0,Metal-substitution elasticity,2.0,81,1492.9617235660553,854.7141757011414,12521.286637961864,primary_metal_saving
refurbishment_support,0.5,EOL-allocation elasticity,0.5,EOL-productivity elasticity,0.5,81,263.46496427059174,-406.5370993614197,3147.575064063072,parameter_dependent
refurbishment_support,0.5,EOL-allocation elasticity,0.5,EOL-productivity elasticity,1.0,81,339.1741263270378,-503.0647365450859,2418.197666168213,parameter_dependent
refurbishment_support,0.5,EOL-allocation elasticity,0.5,EOL-productivity elasticity,2.0,81,428.85740917921066,-567.0384393334389,2741.2086859941483,parameter_dependent
refurbishment_support,0.5,EOL-allocation elasticity,1.0,EOL-productivity elasticity,0.5,81,288.4039506316185,-328.04847407341003,2844.635127723217,parameter_dependent
refurbishment_support,0.5,EOL-allocation elasticity,1.0,EOL-productivity elasticity,1.0,81,242.13583928346634,-343.8882619738579,3393.8028165102005,parameter_dependent
refurbishment_support,0.5,EOL-allocation elasticity,1.0,EOL-productivity elasticity,2.0,81,655.2268754839897,-364.9685452580452,5164.807822585106,parameter_dependent
refurbishment_support,0.5,EOL-allocation elasticity,2.0,EOL-productivity elasticity,0.5,81,344.5615354180336,-542.2450815439224,12521.286637961864,parameter_dependent
refurbishment_support,0.5,EOL-allocation elasticity,2.0,EOL-productivity elasticity,1.0,81,946.8742189407349,-16391.6267644763,95052.27366012335,parameter_dependent
refurbishment_support,0.5,EOL-allocation elasticity,2.0,EOL-productivity elasticity,2.0,81,345.6035577058792,-531.7100549340248,2568.5864038467407,parameter_dependent
refurbishment_support,0.5,EOL-allocation elasticity,0.5,Metal-substitution elasticity,0.5,81,365.1809098124504,-503.0647365450859,2741.2086859941483,parameter_dependent
refurbishment_support,0.5,EOL-allocation elasticity,0.5,Metal-substitution elasticity,1.0,81,241.97314190864563,-567.0384393334389,2418.197666168213,parameter_dependent
refurbishment_support,0.5,EOL-allocation elasticity,0.5,Metal-substitution elasticity,2.0,81,314.4524358510971,-406.5370993614197,3147.575064063072,parameter_dependent
refurbishment_support,0.5,EOL-allocation elasticity,1.0,Metal-substitution elasticity,0.5,81,458.3441348671913,-327.0385445356369,5164.807822585106,parameter_dependent
refurbishment_support,0.5,EOL-allocation elasticity,1.0,Metal-substitution elasticity,1.0,81,323.1286610364914,-343.8882619738579,3639.2057784199715,parameter_dependent
refurbishment_support,0.5,EOL-allocation elasticity,1.0,Metal-substitution elasticity,2.0,81,303.7767587900162,-364.9685452580452,3609.512453019619,parameter_dependent
refurbishment_support,0.5,EOL-allocation elasticity,2.0,Metal-substitution elasticity,0.5,81,332.90656650066376,-16391.6267644763,8917.32265663147,parameter_dependent
refurbishment_support,0.5,EOL-allocation elasticity,2.0,Metal-substitution elasticity,1.0,81,345.6035577058792,-542.2450815439224,5832.163733482361,parameter_dependent
refurbishment_support,0.5,EOL-allocation elasticity,2.0,Metal-substitution elasticity,2.0,81,644.2248445153236,-531.7100549340248,95052.27366012335,parameter_dependent
refurbishment_support,0.5,EOL-productivity elasticity,0.5,Metal-substitution elasticity,0.5,81,274.4679256081581,-267.2210058569908,2844.635127723217,parameter_dependent
refurbishment_support,0.5,EOL-productivity elasticity,0.5,Metal-substitution elasticity,1.0,81,288.4039506316185,-542.2450815439224,2299.729015827179,parameter_dependent
refurbishment_support,0.5,EOL-productivity elasticity,0.5,Metal-substitution elasticity,2.0,81,271.6968606710434,-406.5370993614197,12521.286637961864,parameter_dependent
refurbishment_support,0.5,EOL-productivity elasticity,1.0,Metal-substitution elasticity,0.5,81,385.4043019413948,-16391.6267644763,8917.32265663147,parameter_dependent
refurbishment_support,0.5,EOL-productivity elasticity,1.0,Metal-substitution elasticity,1.0,81,268.9095718860626,-448.8580600619316,5832.163733482361,parameter_dependent
refurbishment_support,0.5,EOL-productivity elasticity,1.0,Metal-substitution elasticity,2.0,81,438.5641376376152,-261.6904990077019,95052.27366012335,parameter_dependent
refurbishment_support,0.5,EOL-productivity elasticity,2.0,Metal-substitution elasticity,0.5,81,407.01785403490067,-327.0385445356369,5164.807822585106,parameter_dependent
refurbishment_support,0.5,EOL-productivity elasticity,2.0,Metal-substitution elasticity,1.0,81,391.0843003988266,-567.0384393334389,3639.2057784199715,parameter_dependent
refurbishment_support,0.5,EOL-productivity elasticity,2.0,Metal-substitution elasticity,2.0,81,429.449325799942,-531.7100549340248,3609.512453019619,parameter_dependent
refurbishment_support,1.0,Armington elasticity,0.5,CET transformation elasticity,0.5,81,1487.6541883349419,-1592.4747666716576,32260.803468823433,parameter_dependent
refurbishment_support,1.0,Armington elasticity,0.5,CET transformation elasticity,1.0,81,647.7655428647995,-1145.9874214529991,94922.13662612438,parameter_dependent
refurbishment_support,1.0,Armington elasticity,0.5,CET transformation elasticity,2.0,81,135.95196318626404,-1512.4327360391617,55535.490888834,parameter_dependent
refurbishment_support,1.0,Armington elasticity,1.0,CET transformation elasticity,0.5,81,1867.8500384688377,-1164.223089158535,29362.82283014059,parameter_dependent
refurbishment_support,1.0,Armington elasticity,1.0,CET transformation elasticity,1.0,81,660.6475005745888,-884.3821043968201,4540.385247766972,parameter_dependent
refurbishment_support,1.0,Armington elasticity,1.0,CET transformation elasticity,2.0,81,-3.7805712819099426,-17348.28187441826,14388.204820513725,parameter_dependent
refurbishment_support,1.0,Armington elasticity,2.0,CET transformation elasticity,0.5,81,2641.946527659893,-465.72488236427307,78885.15724903345,parameter_dependent
refurbishment_support,1.0,Armington elasticity,2.0,CET transformation elasticity,1.0,81,1104.633195757866,-15135.065976262093,65391.6213709116,parameter_dependent
refurbishment_support,1.0,Armington elasticity,2.0,CET transformation elasticity,2.0,81,116.2957888841629,-1425.8492400050163,4521.001552641392,parameter_dependent
refurbishment_support,1.0,Armington elasticity,0.5,Circular-service elasticity,0.5,81,-307.5586782693863,-1592.4747666716576,94922.13662612438,parameter_dependent
refurbishment_support,1.0,Armington elasticity,0.5,Circular-service elasticity,1.0,81,633.3376532196999,-243.4773110151291,55535.490888834,parameter_dependent
refurbishment_support,1.0,Armington elasticity,0.5,Circular-service elasticity,2.0,81,3578.8064153194427,1655.3019684553146,32260.803468823433,primary_metal_saving
refurbishment_support,1.0,Armington elasticity,1.0,Circular-service elasticity,0.5,81,-223.6235420703888,-17348.28187441826,17187.498929440975,parameter_dependent
refurbishment_support,1.0,Armington elasticity,1.0,Circular-service elasticity,1.0,81,473.1467961072922,-1042.4659543037415,7241.698140442371,parameter_dependent
refurbishment_support,1.0,Armington elasticity,1.0,Circular-service elasticity,2.0,81,3148.325686275959,1512.9665428996086,29362.82283014059,primary_metal_saving
refurbishment_support,1.0,Armington elasticity,2.0,Circular-service elasticity,0.5,81,-306.9820950627327,-15135.065976262093,65391.6213709116,parameter_dependent
refurbishment_support,1.0,Armington elasticity,2.0,Circular-service elasticity,1.0,81,800.8084349036217,-142.12092369794846,78885.15724903345,parameter_dependent
refurbishment_support,1.0,Armington elasticity,2.0,Circular-service elasticity,2.0,81,3486.5366809368134,1223.4632305502892,8529.269802570343,primary_metal_saving
refurbishment_support,1.0,Armington elasticity,0.5,EOL-allocation elasticity,0.5,81,773.3971729874611,-1512.4327360391617,55535.490888834,parameter_dependent
refurbishment_support,1.0,Armington elasticity,0.5,EOL-allocation elasticity,1.0,81,601.3745322227478,-1592.4747666716576,31621.75040125847,parameter_dependent
refurbishment_support,1.0,Armington elasticity,0.5,EOL-allocation elasticity,2.0,81,899.7655895352364,-1029.9524589776993,94922.13662612438,parameter_dependent
refurbishment_support,1.0,Armington elasticity,1.0,EOL-allocation elasticity,0.5,81,704.9270870685577,-884.3821043968201,7241.698140442371,parameter_dependent
refurbishment_support,1.0,Armington elasticity,1.0,EOL-allocation elasticity,1.0,81,896.3820266127586,-17348.28187441826,17187.498929440975,parameter_dependent
refurbishment_support,1.0,Armington elasticity,1.0,EOL-allocation elasticity,2.0,81,671.0837823748589,-1164.223089158535,29362.82283014059,parameter_dependent
refurbishment_support,1.0,Armington elasticity,2.0,EOL-allocation elasticity,0.5,81,1016.6054542660713,-667.6622946858406,6477.566176056862,parameter_dependent
refurbishment_support,1.0,Armington elasticity,2.0,EOL-allocation elasticity,1.0,81,1299.4649595022202,-874.5039323568344,73261.299259305,parameter_dependent
refurbishment_support,1.0,Armington elasticity,2.0,EOL-allocation elasticity,2.0,81,1985.4994655251503,-15135.065976262093,78885.15724903345,parameter_dependent
refurbishment_support,1.0,Armington elasticity,0.5,EOL-productivity elasticity,0.5,81,688.2754872441292,-1592.4747666716576,8209.614933252335,parameter_dependent
refurbishment_support,1.0,Armington elasticity,0.5,EOL-productivity elasticity,1.0,81,649.0863487124443,-1000.2209834456444,94922.13662612438,parameter_dependent
refurbishment_support,1.0,Armington elasticity,0.5,EOL-productivity elasticity,2.0,81,899.7655895352364,-1512.4327360391617,55535.490888834,parameter_dependent
refurbishment_support,1.0,Armington elasticity,1.0,EOL-productivity elasticity,0.5,81,697.0953040719032,-1164.223089158535,29362.82283014059,parameter_dependent
refurbishment_support,1.0,Armington elasticity,1.0,EOL-productivity elasticity,1.0,81,871.3347710967064,-17348.28187441826,7241.698140442371,parameter_dependent
refurbishment_support,1.0,Armington elasticity,1.0,EOL-productivity elasticity,2.0,81,716.3140727877617,-1042.4659543037415,6372.588794469833,parameter_dependent
refurbishment_support,1.0,Armington elasticity,2.0,EOL-productivity elasticity,0.5,81,1248.286381304264,-987.7528485059738,78885.15724903345,parameter_dependent
refurbishment_support,1.0,Armington elasticity,2.0,EOL-productivity elasticity,1.0,81,1550.0198481082916,-15135.065976262093,22707.24434262514,parameter_dependent
refurbishment_support,1.0,Armington elasticity,2.0,EOL-productivity elasticity,2.0,81,1637.711034655571,-918.3315515518188,73261.299259305,parameter_dependent
refurbishment_support,1.0,Armington elasticity,0.5,Metal-substitution elasticity,0.5,81,679.1117317080498,-809.8873465061188,32260.803468823433,parameter_dependent
refurbishment_support,1.0,Armington elasticity,0.5,Metal-substitution elasticity,1.0,81,894.3993583321571,-1512.4327360391617,26161.824111402035,parameter_dependent
refurbishment_support,1.0,Armington elasticity,0.5,Metal-substitution elasticity,2.0,81,773.3971729874611,-1592.4747666716576,94922.13662612438,parameter_dependent
refurbishment_support,1.0,Armington elasticity,1.0,Metal-substitution elasticity,0.5,81,773.56719404459,-1164.223089158535,17187.498929440975,parameter_dependent
refurbishment_support,1.0,Armington elasticity,1.0,Metal-substitution elasticity,1.0,81,895.3683795928955,-859.8545411229134,14388.204820513725,parameter_dependent
refurbishment_support,1.0,Armington elasticity,1.0,Metal-substitution elasticity,2.0,81,716.3140727877617,-17348.28187441826,29362.82283014059,parameter_dependent
refurbishment_support,1.0,Armington elasticity,2.0,Metal-substitution elasticity,0.5,81,1104.633195757866,-15135.065976262093,78885.15724903345,parameter_dependent
refurbishment_support,1.0,Armington elasticity,2.0,Metal-substitution elasticity,1.0,81,1383.4606912732124,-987.7528485059738,65391.6213709116,parameter_dependent
refurbishment_support,1.0,Armington elasticity,2.0,Metal-substitution elasticity,2.0,81,1550.0198481082916,-670.4345829486847,73261.299259305,parameter_dependent
refurbishment_support,1.0,CET transformation elasticity,0.5,Circular-service elasticity,0.5,81,128.65457689762115,-1592.4747666716576,26161.824111402035,parameter_dependent
refurbishment_support,1.0,CET transformation elasticity,0.5,Circular-service elasticity,1.0,81,1735.7727761864662,-1042.4659543037415,78885.15724903345,parameter_dependent
refurbishment_support,1.0,CET transformation elasticity,0.5,Circular-service elasticity,2.0,81,4592.761594593525,2536.7755368351936,32260.803468823433,primary_metal_saving
refurbishment_support,1.0,CET transformation elasticity,1.0,Circular-service elasticity,0.5,81,-268.049298286438,-15135.065976262093,94922.13662612438,parameter_dependent
refurbishment_support,1.0,CET transformation elasticity,1.0,Circular-service elasticity,1.0,81,675.1356976628304,33.11913686990738,4079.3358671069145,primary_metal_saving
refurbishment_support,1.0,CET transformation elasticity,1.0,Circular-service elasticity,2.0,81,3180.2979750037193,1512.9665428996086,31621.75040125847,primary_metal_saving
refurbishment_support,1.0,CET transformation elasticity,2.0,Circular-service elasticity,0.5,81,-359.8741742968559,-17348.28187441826,8209.614933252335,parameter_dependent
refurbishment_support,1.0,CET transformation elasticity,2.0,Circular-service elasticity,1.0,81,34.702387034893036,-290.21716380119324,55535.490888834,parameter_dependent
refurbishment_support,1.0,CET transformation elasticity,2.0,Circular-service elasticity,2.0,81,2416.9216173291206,1223.4632305502892,14388.204820513725,primary_metal_saving
refurbishment_support,1.0,CET transformation elasticity,0.5,EOL-allocation elasticity,0.5,81,1881.4062148332596,-939.197805762291,26161.824111402035,parameter_dependent
refurbishment_support,1.0,CET transformation elasticity,0.5,EOL-allocation elasticity,1.0,81,1979.0976487994194,-1592.4747666716576,73261.299259305,parameter_dependent
refurbishment_support,1.0,CET transformation elasticity,0.5,EOL-allocation elasticity,2.0,81,2268.053646683693,-1164.223089158535,78885.15724903345,parameter_dependent
refurbishment_support,1.0,CET transformation elasticity,1.0,EOL-allocation elasticity,0.5,81,679.1117317080498,-1145.9874214529991,5265.3147341012955,parameter_dependent
refurbishment_support,1.0,CET transformation elasticity,1.0,EOL-allocation elasticity,1.0,81,788.2885786294937,-809.8873465061188,31621.75040125847,parameter_dependent
refurbishment_support,1.0,CET transformation elasticity,1.0,EOL-allocation elasticity,2.0,81,869.8617853522301,-15135.065976262093,94922.13662612438,parameter_dependent
refurbishment_support,1.0,CET transformation elasticity,2.0,EOL-allocation elasticity,0.5,81,85.9150698184967,-1512.4327360391617,55535.490888834,parameter_dependent
refurbishment_support,1.0,CET transformation elasticity,2.0,EOL-allocation elasticity,1.0,81,88.65404623746872,-17348.28187441826,14388.204820513725,parameter_dependent
refurbishment_support,1.0,CET transformation elasticity,2.0,EOL-allocation elasticity,2.0,81,26.814333379268646,-1425.8492400050163,6798.576611280441,parameter_dependent
refurbishment_support,1.0,CET transformation elasticity,0.5,EOL-productivity elasticity,0.5,81,1979.0976487994194,-1592.4747666716576,78885.15724903345,parameter_dependent
refurbishment_support,1.0,CET transformation elasticity,0.5,EOL-productivity elasticity,1.0,81,2238.9275428652763,-1000.2209834456444,32260.803468823433,parameter_dependent
refurbishment_support,1.0,CET transformation elasticity,0.5,EOL-productivity elasticity,2.0,81,2167.8416392207146,-1042.4659543037415,73261.299259305,parameter_dependent
refurbishment_support,1.0,CET transformation elasticity,1.0,EOL-productivity elasticity,0.5,81,688.2754872441292,-656.6972290873528,65391.6213709116,parameter_dependent
refurbishment_support,1.0,CET transformation elasticity,1.0,EOL-productivity elasticity,1.0,81,745.619016289711,-15135.065976262093,94922.13662612438,parameter_dependent
refurbishment_support,1.0,CET transformation elasticity,1.0,EOL-productivity elasticity,2.0,81,869.8617853522301,-1145.9874214529991,31621.75040125847,parameter_dependent
refurbishment_support,1.0,CET transformation elasticity,2.0,EOL-productivity elasticity,0.5,81,-14.551788806915283,-987.7528485059738,14388.204820513725,parameter_dependent
refurbishment_support,1.0,CET transformation elasticity,2.0,EOL-productivity elasticity,1.0,81,116.2957888841629,-17348.28187441826,7241.698140442371,parameter_dependent
refurbishment_support,1.0,CET transformation elasticity,2.0,EOL-productivity elasticity,2.0,81,80.03816109895706,-1512.4327360391617,55535.490888834,parameter_dependent
refurbishment_support,1.0,CET transformation elasticity,0.5,Metal-substitution elasticity,0.5,81,2238.9275428652763,-1164.223089158535,78885.15724903345,parameter_dependent
refurbishment_support,1.0,CET transformation elasticity,0.5,Metal-substitution elasticity,1.0,81,2018.0144939422607,-1000.2209834456444,26161.824111402035,parameter_dependent
refurbishment_support,1.0,CET transformation elasticity,0.5,Metal-substitution elasticity,2.0,81,1915.3985311985016,-1592.4747666716576,73261.299259305,parameter_dependent
refurbishment_support,1.0,CET transformation elasticity,1.0,Metal-substitution elasticity,0.5,81,620.0782589316368,-15135.065976262093,6173.590375959873,parameter_dependent
refurbishment_support,1.0,CET transformation elasticity,1.0,Metal-substitution elasticity,1.0,81,688.2754872441292,-667.6622946858406,65391.6213709116,parameter_dependent
refurbishment_support,1.0,CET transformation elasticity,1.0,Metal-substitution elasticity,2.0,81,800.8084349036217,-1145.9874214529991,94922.13662612438,parameter_dependent
refurbishment_support,1.0,CET transformation elasticity,2.0,Metal-substitution elasticity,0.5,81,80.03816109895706,-1425.8492400050163,5194.31271147728,parameter_dependent
refurbishment_support,1.0,CET transformation elasticity,2.0,Metal-substitution elasticity,1.0,81,115.30302149057388,-1512.4327360391617,14388.204820513725,parameter_dependent
refurbishment_support,1.0,CET transformation elasticity,2.0,Metal-substitution elasticity,2.0,81,60.391805946826935,-17348.28187441826,55535.490888834,parameter_dependent
refurbishment_support,1.0,Circular-service elasticity,0.5,EOL-allocation elasticity,0.5,81,-268.049298286438,-1512.4327360391617,26161.824111402035,parameter_dependent
refurbishment_support,1.0,Circular-service elasticity,0.5,EOL-allocation elasticity,1.0,81,-255.56525313854218,-17348.28187441826,17187.498929440975,parameter_dependent
refurbishment_support,1.0,Circular-service elasticity,0.5,EOL-allocation elasticity,2.0,81,-213.18498134613037,-15135.065976262093,94922.13662612438,parameter_dependent
refurbishment_support,1.0,Circular-service elasticity,1.0,EOL-allocation elasticity,0.5,81,688.2754872441292,-210.66707241535187,55535.490888834,parameter_dependent
refurbishment_support,1.0,Circular-service elasticity,1.0,EOL-allocation elasticity,1.0,81,745.619016289711,-1042.4659543037415,73261.299259305,parameter_dependent
refurbishment_support,1.0,Circular-service elasticity,1.0,EOL-allocation elasticity,2.0,81,647.7655428647995,-243.4773110151291,78885.15724903345,parameter_dependent
refurbishment_support,1.0,Circular-service elasticity,2.0,EOL-allocation elasticity,0.5,81,3079.8164396882057,1512.9665428996086,6351.045577406883,primary_metal_saving
refurbishment_support,1.0,Circular-service elasticity,2.0,EOL-allocation elasticity,1.0,81,3511.1915625333786,1223.4632305502892,31621.75040125847,primary_metal_saving
refurbishment_support,1.0,Circular-service elasticity,2.0,EOL-allocation elasticity,2.0,81,3597.659338057041,1655.3019684553146,32260.803468823433,primary_metal_saving
refurbishment_support,1.0,Circular-service elasticity,0.5,EOL-productivity elasticity,0.5,81,-244.820043861866,-1592.4747666716576,65391.6213709116,parameter_dependent
refurbishment_support,1.0,Circular-service elasticity,0.5,EOL-productivity elasticity,1.0,81,-245.52397471666336,-17348.28187441826,94922.13662612438,parameter_dependent
refurbishment_support,1.0,Circular-service elasticity,0.5,EOL-productivity elasticity,2.0,81,-264.2780463695526,-1512.4327360391617,26161.824111402035,parameter_dependent
refurbishment_support,1.0,Circular-service elasticity,1.0,EOL-productivity elasticity,0.5,81,660.6475005745888,-243.4773110151291,78885.15724903345,parameter_dependent
refurbishment_support,1.0,Circular-service elasticity,1.0,EOL-productivity elasticity,1.0,81,649.0863487124443,-236.83508199453354,22707.24434262514,parameter_dependent
refurbishment_support,1.0,Circular-service elasticity,1.0,EOL-productivity elasticity,2.0,81,773.3971729874611,-1042.4659543037415,73261.299259305,parameter_dependent
refurbishment_support,1.0,Circular-service elasticity,2.0,EOL-productivity elasticity,0.5,81,3112.8151537775993,1707.1600002646446,29362.82283014059,primary_metal_saving
refurbishment_support,1.0,Circular-service elasticity,2.0,EOL-productivity elasticity,1.0,81,3578.8064153194427,1223.4632305502892,32260.803468823433,primary_metal_saving
refurbishment_support,1.0,Circular-service elasticity,2.0,EOL-productivity elasticity,2.0,81,3597.659338057041,1512.9665428996086,31621.75040125847,primary_metal_saving
refurbishment_support,1.0,Circular-service elasticity,0.5,Metal-substitution elasticity,0.5,81,-261.82570177316666,-15135.065976262093,17187.498929440975,parameter_dependent
refurbishment_support,1.0,Circular-service elasticity,0.5,Metal-substitution elasticity,1.0,81,-257.7515541911125,-1512.4327360391617,65391.6213709116,parameter_dependent
refurbishment_support,1.0,Circular-service elasticity,0.5,Metal-substitution elasticity,2.0,81,-224.82089269161224,-17348.28187441826,94922.13662612438,parameter_dependent
refurbishment_support,1.0,Circular-service elasticity,1.0,Metal-substitution elasticity,0.5,81,609.3567314743996,-236.83508199453354,78885.15724903345,parameter_dependent
refurbishment_support,1.0,Circular-service elasticity,1.0,Metal-substitution elasticity,1.0,81,669.510714828968,-178.77949917316437,22707.24434262514,parameter_dependent
refurbishment_support,1.0,Circular-service elasticity,1.0,Metal-substitution elasticity,2.0,81,704.9270870685577,-1042.4659543037415,73261.299259305,parameter_dependent
refurbishment_support,1.0,Circular-service elasticity,2.0,Metal-substitution elasticity,0.5,81,3181.4564415812492,1512.9665428996086,32260.803468823433,primary_metal_saving
refurbishment_support,1.0,Circular-service elasticity,2.0,Metal-substitution elasticity,1.0,81,3353.4047647714615,1223.4632305502892,14388.204820513725,primary_metal_saving
refurbishment_support,1.0,Circular-service elasticity,2.0,Metal-substitution elasticity,2.0,81,3486.5366809368134,1674.7629812955856,31621.75040125847,primary_metal_saving
refurbishment_support,1.0,EOL-allocation elasticity,0.5,EOL-productivity elasticity,0.5,81,757.3920733332634,-939.197805762291,8209.614933252335,parameter_dependent
refurbishment_support,1.0,EOL-allocation elasticity,0.5,EOL-productivity elasticity,1.0,81,837.1545728445053,-868.292663037777,7241.698140442371,parameter_dependent
refurbishment_support,1.0,EOL-allocation elasticity,0.5,EOL-productivity elasticity,2.0,81,938.1098724007607,-1512.4327360391617,55535.490888834,parameter_dependent
refurbishment_support,1.0,EOL-allocation elasticity,1.0,EOL-productivity elasticity,0.5,81,996.6327192187309,-1592.4747666716576,17187.498929440975,parameter_dependent
refurbishment_support,1.0,EOL-allocation elasticity,1.0,EOL-productivity elasticity,1.0,81,755.1118577718735,-17348.28187441826,6173.590375959873,parameter_dependent
refurbishment_support,1.0,EOL-allocation elasticity,1.0,EOL-productivity elasticity,2.0,81,1575.9424223303795,-1042.4659543037415,73261.299259305,parameter_dependent
refurbishment_support,1.0,EOL-allocation elasticity,2.0,EOL-productivity elasticity,0.5,81,1049.1571108102798,-1164.223089158535,78885.15724903345,parameter_dependent
refurbishment_support,1.0,EOL-allocation elasticity,2.0,EOL-productivity elasticity,1.0,81,1550.0198481082916,-15135.065976262093,94922.13662612438,parameter_dependent
refurbishment_support,1.0,EOL-allocation elasticity,2.0,EOL-productivity elasticity,2.0,81,869.8617853522301,-1029.9524589776993,6073.5074934363365,parameter_dependent
refurbishment_support,1.0,EOL-allocation elasticity,0.5,Metal-substitution elasticity,0.5,81,679.1117317080498,-884.3821043968201,5835.095244765282,parameter_dependent
refurbishment_support,1.0,EOL-allocation elasticity,0.5,Metal-substitution elasticity,1.0,81,938.1098724007607,-1512.4327360391617,26161.824111402035,parameter_dependent
refurbishment_support,1.0,EOL-allocation elasticity,0.5,Metal-substitution elasticity,2.0,81,837.1545728445053,-1145.9874214529991,55535.490888834,parameter_dependent
refurbishment_support,1.0,EOL-allocation elasticity,1.0,Metal-substitution elasticity,0.5,81,896.3820266127586,-809.8873465061188,17187.498929440975,parameter_dependent
refurbishment_support,1.0,EOL-allocation elasticity,1.0,Metal-substitution elasticity,1.0,81,1223.4632305502892,-1000.2209834456444,14388.204820513725,parameter_dependent
refurbishment_support,1.0,EOL-allocation elasticity,1.0,Metal-substitution elasticity,2.0,81,996.6327192187309,-17348.28187441826,73261.299259305,parameter_dependent
refurbishment_support,1.0,EOL-allocation elasticity,2.0,Metal-substitution elasticity,0.5,81,933.13497787714,-15135.065976262093,78885.15724903345,parameter_dependent
refurbishment_support,1.0,EOL-allocation elasticity,2.0,Metal-substitution elasticity,1.0,81,1224.149690926075,-987.7528485059738,65391.6213709116,parameter_dependent
refurbishment_support,1.0,EOL-allocation elasticity,2.0,Metal-substitution elasticity,2.0,81,968.653518974781,-1029.9524589776993,94922.13662612438,parameter_dependent
refurbishment_support,1.0,EOL-productivity elasticity,0.5,Metal-substitution elasticity,0.5,81,709.1090657114983,-1164.223089158535,78885.15724903345,parameter_dependent
refurbishment_support,1.0,EOL-productivity elasticity,0.5,Metal-substitution elasticity,1.0,81,968.189345240593,-987.7528485059738,65391.6213709116,parameter_dependent
refurbishment_support,1.0,EOL-productivity elasticity,0.5,Metal-substitution elasticity,2.0,81,1158.501026570797,-1592.4747666716576,29362.82283014059,parameter_dependent
refurbishment_support,1.0,EOL-productivity elasticity,1.0,Metal-substitution elasticity,0.5,81,877.5103121995926,-15135.065976262093,32260.803468823433,parameter_dependent
refurbishment_support,1.0,EOL-productivity elasticity,1.0,Metal-substitution elasticity,1.0,81,1086.7227428555489,-1000.2209834456444,22707.24434262514,parameter_dependent
refurbishment_support,1.0,EOL-productivity elasticity,1.0,Metal-substitution elasticity,2.0,81,968.653518974781,-17348.28187441826,94922.13662612438,parameter_dependent
refurbishment_support,1.0,EOL-productivity elasticity,2.0,Metal-substitution elasticity,0.5,81,994.9682483673096,-918.3315515518188,6310.900814473629,parameter_dependent
refurbishment_support,1.0,EOL-productivity elasticity,2.0,Metal-substitution elasticity,1.0,81,1297.551579117775,-1512.4327360391617,26161.824111402035,parameter_dependent
refurbishment_support,1.0,EOL-productivity elasticity,2.0,Metal-substitution elasticity,2.0,81,886.486067712307,-1145.9874214529991,73261.299259305,parameter_dependent
refurbishment_support,2.0,Armington elasticity,0.5,CET transformation elasticity,0.5,81,3598.3052458763123,-1909.578183889389,175354.63018786907,parameter_dependent
refurbishment_support,2.0,Armington elasticity,0.5,CET transformation elasticity,1.0,81,1665.7864945530891,-1387.6573266983032,96467.21598172188,parameter_dependent
refurbishment_support,2.0,Armington elasticity,0.5,CET transformation elasticity,2.0,81,394.9407671689987,-2215.5531032681465,55394.77881872654,parameter_dependent
refurbishment_support,2.0,Armington elasticity,1.0,CET transformation elasticity,0.5,81,3666.881251335144,-1631.5905540585518,76333.61501979828,parameter_dependent
refurbishment_support,2.0,Armington elasticity,1.0,CET transformation elasticity,1.0,81,926.7267760634422,-2692.1261392831802,32242.41499096155,parameter_dependent
refurbishment_support,2.0,Armington elasticity,1.0,CET transformation elasticity,2.0,81,234.77271860837936,-17073.003414094448,16389.830838680267,parameter_dependent
refurbishment_support,2.0,Armington elasticity,2.0,CET transformation elasticity,0.5,81,5557.653309881687,-320.3117706179619,86538.37849378586,parameter_dependent
refurbishment_support,2.0,Armington elasticity,2.0,CET transformation elasticity,1.0,81,2468.04978710413,-15541.300599813461,200487.2818209529,parameter_dependent
refurbishment_support,2.0,Armington elasticity,2.0,CET transformation elasticity,2.0,81,657.7259624004364,-11637.93746894598,74188.03951072693,parameter_dependent
refurbishment_support,2.0,Armington elasticity,0.5,Circular-service elasticity,0.5,81,-519.6932937502861,-2215.5531032681465,175354.63018786907,parameter_dependent
refurbishment_support,2.0,Armington elasticity,0.5,Circular-service elasticity,1.0,81,1544.6926828622818,-535.3102775812149,102959.90905988216,parameter_dependent
refurbishment_support,2.0,Armington elasticity,0.5,Circular-service elasticity,2.0,81,7135.922848880291,-529.0379154086113,81324.55524039268,parameter_dependent
refurbishment_support,2.0,Armington elasticity,1.0,Circular-service elasticity,0.5,81,-405.7855061888695,-17073.003414094448,76333.61501979828,parameter_dependent
refurbishment_support,2.0,Armington elasticity,1.0,Circular-service elasticity,1.0,81,762.1752603054047,-959.2287961244583,32242.41499096155,parameter_dependent
refurbishment_support,2.0,Armington elasticity,1.0,Circular-service elasticity,2.0,81,6627.814340591431,429.69866210222244,31309.57957303524,primary_metal_saving
refurbishment_support,2.0,Armington elasticity,2.0,Circular-service elasticity,0.5,81,162.13591039180756,-15541.300599813461,200487.2818209529,parameter_dependent
refurbishment_support,2.0,Armington elasticity,2.0,Circular-service elasticity,1.0,81,1674.821126818657,-11637.93746894598,86538.37849378586,parameter_dependent
refurbishment_support,2.0,Armington elasticity,2.0,Circular-service elasticity,2.0,81,7127.1275490522385,3746.3549560308456,35584.55236119032,primary_metal_saving
refurbishment_support,2.0,Armington elasticity,0.5,EOL-allocation elasticity,0.5,81,3274.1287049651146,-2215.5531032681465,71817.59744441509,parameter_dependent
refurbishment_support,2.0,Armington elasticity,0.5,EOL-allocation elasticity,1.0,81,1220.6705858707428,-1861.7939313054085,51338.91076874733,parameter_dependent
refurbishment_support,2.0,Armington elasticity,0.5,EOL-allocation elasticity,2.0,81,1860.5887015461922,-1909.578183889389,175354.63018786907,parameter_dependent
refurbishment_support,2.0,Armington elasticity,1.0,EOL-allocation elasticity,0.5,81,1192.0729134082794,-1631.5905540585518,10699.36826878786,parameter_dependent
refurbishment_support,2.0,Armington elasticity,1.0,EOL-allocation elasticity,1.0,81,2735.019094347954,-17073.003414094448,76333.61501979828,parameter_dependent
refurbishment_support,2.0,Armington elasticity,1.0,EOL-allocation elasticity,2.0,81,1280.142766714096,-3512.969359397888,32242.41499096155,parameter_dependent
refurbishment_support,2.0,Armington elasticity,2.0,EOL-allocation elasticity,0.5,81,2607.405454158783,-1626.625158727169,74188.03951072693,parameter_dependent
refurbishment_support,2.0,Armington elasticity,2.0,EOL-allocation elasticity,1.0,81,3690.7360348701477,-1139.768131494522,200487.2818209529,parameter_dependent
refurbishment_support,2.0,Armington elasticity,2.0,EOL-allocation elasticity,2.0,81,3411.9631202220917,-15541.300599813461,86538.37849378586,parameter_dependent
refurbishment_support,2.0,Armington elasticity,0.5,EOL-productivity elasticity,0.5,81,2255.389145195484,-2215.5531032681465,65009.79647785425,parameter_dependent
refurbishment_support,2.0,Armington elasticity,0.5,EOL-productivity elasticity,1.0,81,1908.5631266236305,-2204.506852865219,96467.21598172188,parameter_dependent
refurbishment_support,2.0,Armington elasticity,0.5,EOL-productivity elasticity,2.0,81,1680.1453150510788,-2198.8674632310867,175354.63018786907,parameter_dependent
refurbishment_support,2.0,Armington elasticity,1.0,EOL-productivity elasticity,0.5,81,2539.935054242611,-2692.1261392831802,73396.82385540009,parameter_dependent
refurbishment_support,2.0,Armington elasticity,1.0,EOL-productivity elasticity,1.0,81,2376.941399514675,-17073.003414094448,76333.61501979828,parameter_dependent
refurbishment_support,2.0,Armington elasticity,1.0,EOL-productivity elasticity,2.0,81,1713.2087051272392,-3512.969359397888,10493.062013745308,parameter_dependent
refurbishment_support,2.0,Armington elasticity,2.0,EOL-productivity elasticity,0.5,81,2455.780943095684,-11637.93746894598,200487.2818209529,parameter_dependent
refurbishment_support,2.0,Armington elasticity,2.0,EOL-productivity elasticity,1.0,81,3411.9631202220917,-15541.300599813461,75848.72514748573,parameter_dependent
refurbishment_support,2.0,Armington elasticity,2.0,EOL-productivity elasticity,2.0,81,3737.0151247382164,-3255.3898733258247,72763.09659874439,parameter_dependent
refurbishment_support,2.0,Armington elasticity,0.5,Metal-substitution elasticity,0.5,81,1680.1453150510788,-2215.5531032681465,71817.59744441509,parameter_dependent
refurbishment_support,2.0,Armington elasticity,0.5,Metal-substitution elasticity,1.0,81,1646.3540706038475,-2204.506852865219,81324.55524039268,parameter_dependent
refurbishment_support,2.0,Armington elasticity,0.5,Metal-substitution elasticity,2.0,81,3146.4484816789627,-1909.578183889389,175354.63018786907,parameter_dependent
refurbishment_support,2.0,Armington elasticity,1.0,Metal-substitution elasticity,0.5,81,1280.142766714096,-2692.1261392831802,31309.57957303524,parameter_dependent
refurbishment_support,2.0,Armington elasticity,1.0,Metal-substitution elasticity,1.0,81,2376.941399514675,-1730.8293060660362,76333.61501979828,parameter_dependent
refurbishment_support,2.0,Armington elasticity,1.0,Metal-substitution elasticity,2.0,81,2915.1519160866737,-17073.003414094448,33439.8546320796,parameter_dependent
refurbishment_support,2.0,Armington elasticity,2.0,Metal-substitution elasticity,0.5,81,2274.079712867737,-15541.300599813461,86538.37849378586,parameter_dependent
refurbishment_support,2.0,Armington elasticity,2.0,Metal-substitution elasticity,1.0,81,3737.0151247382164,-11637.93746894598,75848.72514748573,parameter_dependent
refurbishment_support,2.0,Armington elasticity,2.0,Metal-substitution elasticity,2.0,81,3390.7926221489906,-1350.1030643582344,200487.2818209529,parameter_dependent
refurbishment_support,2.0,CET transformation elasticity,0.5,Circular-service elasticity,0.5,81,727.852081656456,-1909.578183889389,175354.63018786907,parameter_dependent
refurbishment_support,2.0,CET transformation elasticity,0.5,Circular-service elasticity,1.0,81,3565.6949014663696,-428.3370074033737,102959.90905988216,parameter_dependent
refurbishment_support,2.0,CET transformation elasticity,0.5,Circular-service elasticity,2.0,81,9555.755989551544,429.69866210222244,81324.55524039268,primary_metal_saving
refurbishment_support,2.0,CET transformation elasticity,1.0,Circular-service elasticity,0.5,81,-586.5756611227989,-15541.300599813461,200487.2818209529,parameter_dependent
refurbishment_support,2.0,CET transformation elasticity,1.0,Circular-service elasticity,1.0,81,1298.517140030861,-68.77529549598694,59305.75404834747,parameter_dependent
refurbishment_support,2.0,CET transformation elasticity,1.0,Circular-service elasticity,2.0,81,6861.391862988472,3746.3549560308456,38066.1349170208,primary_metal_saving
refurbishment_support,2.0,CET transformation elasticity,2.0,Circular-service elasticity,0.5,81,-554.2633273005486,-17073.003414094448,16389.830838680267,parameter_dependent
refurbishment_support,2.0,CET transformation elasticity,2.0,Circular-service elasticity,1.0,81,141.53244560956955,-11637.93746894598,74188.03951072693,parameter_dependent
refurbishment_support,2.0,CET transformation elasticity,2.0,Circular-service elasticity,2.0,81,5247.688754379749,-529.0379154086113,15986.75274670124,parameter_dependent
refurbishment_support,2.0,CET transformation elasticity,0.5,EOL-allocation elasticity,0.5,81,3726.2592576146126,-1631.5905540585518,58372.41233319044,parameter_dependent
refurbishment_support,2.0,CET transformation elasticity,0.5,EOL-allocation elasticity,1.0,81,4478.202028810978,-1861.7939313054085,76333.61501979828,parameter_dependent
refurbishment_support,2.0,CET transformation elasticity,0.5,EOL-allocation elasticity,2.0,81,4318.528268396854,-1909.578183889389,175354.63018786907,parameter_dependent
refurbishment_support,2.0,CET transformation elasticity,1.0,EOL-allocation elasticity,0.5,81,1586.4748977422714,-1430.5924651026726,71817.59744441509,parameter_dependent
refurbishment_support,2.0,CET transformation elasticity,1.0,EOL-allocation elasticity,1.0,81,1752.2452123761177,-2692.1261392831802,200487.2818209529,parameter_dependent
refurbishment_support,2.0,CET transformation elasticity,1.0,EOL-allocation elasticity,2.0,81,1766.7898588180542,-15541.300599813461,96467.21598172188,parameter_dependent
refurbishment_support,2.0,CET transformation elasticity,2.0,EOL-allocation elasticity,0.5,81,779.0973269343376,-2215.5531032681465,74188.03951072693,parameter_dependent
refurbishment_support,2.0,CET transformation elasticity,2.0,EOL-allocation elasticity,1.0,81,521.9345016479492,-17073.003414094448,16389.830838680267,parameter_dependent
refurbishment_support,2.0,CET transformation elasticity,2.0,EOL-allocation elasticity,2.0,81,234.77271860837936,-11637.93746894598,10641.711454689503,parameter_dependent
refurbishment_support,2.0,CET transformation elasticity,0.5,EOL-productivity elasticity,0.5,81,5022.023106336594,-1909.578183889389,86538.37849378586,parameter_dependent
refurbishment_support,2.0,CET transformation elasticity,0.5,EOL-productivity elasticity,1.0,81,3690.7360348701477,-1861.7939313054085,76333.61501979828,parameter_dependent
refurbishment_support,2.0,CET transformation elasticity,0.5,EOL-productivity elasticity,2.0,81,4235.084403455257,-1541.9039953947067,175354.63018786907,parameter_dependent
refurbishment_support,2.0,CET transformation elasticity,1.0,EOL-productivity elasticity,0.5,81,1665.7864945530891,-2692.1261392831802,200487.2818209529,parameter_dependent
refurbishment_support,2.0,CET transformation elasticity,1.0,EOL-productivity elasticity,1.0,81,1846.3414012789726,-15541.300599813461,96467.21598172188,parameter_dependent
refurbishment_support,2.0,CET transformation elasticity,1.0,EOL-productivity elasticity,2.0,81,1646.3540706038475,-1387.6573266983032,38066.1349170208,parameter_dependent
refurbishment_support,2.0,CET transformation elasticity,2.0,EOL-productivity elasticity,0.5,81,593.3945632576942,-11637.93746894598,74188.03951072693,parameter_dependent
refurbishment_support,2.0,CET transformation elasticity,2.0,EOL-productivity elasticity,1.0,81,678.9716799259186,-17073.003414094448,10315.165296852589,parameter_dependent
refurbishment_support,2.0,CET transformation elasticity,2.0,EOL-productivity elasticity,2.0,81,243.04138976335526,-3512.969359397888,55394.77881872654,parameter_dependent
refurbishment_support,2.0,CET transformation elasticity,0.5,Metal-substitution elasticity,0.5,81,3615.357382297516,-1631.5905540585518,86538.37849378586,parameter_dependent
refurbishment_support,2.0,CET transformation elasticity,0.5,Metal-substitution elasticity,1.0,81,4320.035860002041,-1289.696870148182,81324.55524039268,parameter_dependent
refurbishment_support,2.0,CET transformation elasticity,0.5,Metal-substitution elasticity,2.0,81,4976.504185795784,-1909.578183889389,175354.63018786907,parameter_dependent
refurbishment_support,2.0,CET transformation elasticity,1.0,Metal-substitution elasticity,0.5,81,1460.4439887404442,-15541.300599813461,71817.59744441509,parameter_dependent
refurbishment_support,2.0,CET transformation elasticity,1.0,Metal-substitution elasticity,1.0,81,1659.34132874012,-1730.8293060660362,64812.010524868965,parameter_dependent
refurbishment_support,2.0,CET transformation elasticity,1.0,Metal-substitution elasticity,2.0,81,2348.910403609276,-1387.6573266983032,200487.2818209529,parameter_dependent
refurbishment_support,2.0,CET transformation elasticity,2.0,Metal-substitution elasticity,0.5,81,331.970694065094,-2215.5531032681465,10641.711454689503,parameter_dependent
refurbishment_support,2.0,CET transformation elasticity,2.0,Metal-substitution elasticity,1.0,81,285.7347100377083,-11637.93746894598,74188.03951072693,parameter_dependent
refurbishment_support,2.0,CET transformation elasticity,2.0,Metal-substitution elasticity,2.0,81,1401.0536116957664,-17073.003414094448,55394.77881872654,parameter_dependent
refurbishment_support,2.0,Circular-service elasticity,0.5,EOL-allocation elasticity,0.5,81,-441.722373008728,-2215.5531032681465,71817.59744441509,parameter_dependent
refurbishment_support,2.0,Circular-service elasticity,0.5,EOL-allocation elasticity,1.0,81,-281.04447293281555,-17073.003414094448,200487.2818209529,parameter_dependent
refurbishment_support,2.0,Circular-service elasticity,0.5,EOL-allocation elasticity,2.0,81,-443.61760944128036,-15541.300599813461,175354.63018786907,parameter_dependent
refurbishment_support,2.0,Circular-service elasticity,1.0,EOL-allocation elasticity,0.5,81,1313.9926840662956,-535.3102775812149,74188.03951072693,parameter_dependent
refurbishment_support,2.0,Circular-service elasticity,1.0,EOL-allocation elasticity,1.0,81,1523.8070621490479,-428.3370074033737,72763.09659874439,parameter_dependent
refurbishment_support,2.0,Circular-service elasticity,1.0,EOL-allocation elasticity,2.0,81,1398.7270588874817,-11637.93746894598,102959.90905988216,parameter_dependent
refurbishment_support,2.0,Circular-service elasticity,2.0,EOL-allocation elasticity,0.5,81,6905.533570826054,2539.935054242611,16601.277878522873,primary_metal_saving
refurbishment_support,2.0,Circular-service elasticity,2.0,EOL-allocation elasticity,1.0,81,6997.68925088644,-529.0379154086113,51338.91076874733,parameter_dependent
refurbishment_support,2.0,Circular-service elasticity,2.0,EOL-allocation elasticity,2.0,81,7135.134364128113,429.69866210222244,81324.55524039268,primary_metal_saving
refurbishment_support,2.0,Circular-service elasticity,0.5,EOL-productivity elasticity,0.5,81,-498.95977944135666,-2692.1261392831802,200487.2818209529,parameter_dependent
refurbishment_support,2.0,Circular-service elasticity,0.5,EOL-productivity elasticity,1.0,81,-320.3117706179619,-17073.003414094448,96467.21598172188,parameter_dependent
refurbishment_support,2.0,Circular-service elasticity,0.5,EOL-productivity elasticity,2.0,81,-392.36340177059174,-3512.969359397888,175354.63018786907,parameter_dependent
refurbishment_support,2.0,Circular-service elasticity,1.0,EOL-productivity elasticity,0.5,81,1523.8070621490479,-11637.93746894598,86538.37849378586,parameter_dependent
refurbishment_support,2.0,Circular-service elasticity,1.0,EOL-productivity elasticity,1.0,81,1401.0536116957664,-264.35934633016586,59305.75404834747,parameter_dependent
refurbishment_support,2.0,Circular-service elasticity,1.0,EOL-productivity elasticity,2.0,81,1313.9926840662956,-959.2287961244583,102959.90905988216,parameter_dependent
refurbishment_support,2.0,Circular-service elasticity,2.0,EOL-productivity elasticity,0.5,81,6949.050300896168,2539.935054242611,31309.57957303524,primary_metal_saving
refurbishment_support,2.0,Circular-service elasticity,2.0,EOL-productivity elasticity,1.0,81,6889.457200944424,429.69866210222244,51338.91076874733,primary_metal_saving
refurbishment_support,2.0,Circular-service elasticity,2.0,EOL-productivity elasticity,2.0,81,7346.717219650745,-529.0379154086113,81324.55524039268,parameter_dependent
refurbishment_support,2.0,Circular-service elasticity,0.5,Metal-substitution elasticity,0.5,81,-586.5756611227989,-15541.300599813461,71817.59744441509,parameter_dependent
refurbishment_support,2.0,Circular-service elasticity,0.5,Metal-substitution elasticity,1.0,81,-454.58795660734177,-3255.3898733258247,76333.61501979828,parameter_dependent
refurbishment_support,2.0,Circular-service elasticity,0.5,Metal-substitution elasticity,2.0,81,162.13591039180756,-17073.003414094448,200487.2818209529,parameter_dependent
refurbishment_support,2.0,Circular-service elasticity,1.0,Metal-substitution elasticity,0.5,81,993.4899436831474,-959.2287961244583,86538.37849378586,parameter_dependent
refurbishment_support,2.0,Circular-service elasticity,1.0,Metal-substitution elasticity,1.0,81,1605.7139873504639,-11637.93746894598,74188.03951072693,parameter_dependent
refurbishment_support,2.0,Circular-service elasticity,1.0,Metal-substitution elasticity,2.0,81,1514.8620914816856,-428.3370074033737,102959.90905988216,parameter_dependent
refurbishment_support,2.0,Circular-service elasticity,2.0,Metal-substitution elasticity,0.5,81,7353.278928160667,-529.0379154086113,32680.265520632267,parameter_dependent
refurbishment_support,2.0,Circular-service elasticity,2.0,Metal-substitution elasticity,1.0,81,6808.6142573952675,1176.651495397091,81324.55524039268,primary_metal_saving
refurbishment_support,2.0,Circular-service elasticity,2.0,Metal-substitution elasticity,2.0,81,7127.1275490522385,4399.004884719849,51338.91076874733,primary_metal_saving
refurbishment_support,2.0,EOL-allocation elasticity,0.5,EOL-productivity elasticity,0.5,81,2955.5452075004578,-2215.5531032681465,74188.03951072693,parameter_dependent
refurbishment_support,2.0,EOL-allocation elasticity,0.5,EOL-productivity elasticity,1.0,81,2376.941399514675,-2204.506852865219,71817.59744441509,parameter_dependent
refurbishment_support,2.0,EOL-allocation elasticity,0.5,EOL-productivity elasticity,2.0,81,2232.4655984044075,-2198.8674632310867,58372.41233319044,parameter_dependent
refurbishment_support,2.0,EOL-allocation elasticity,1.0,EOL-productivity elasticity,0.5,81,2255.389145195484,-2692.1261392831802,200487.2818209529,parameter_dependent
refurbishment_support,2.0,EOL-allocation elasticity,1.0,EOL-productivity elasticity,1.0,81,2348.910403609276,-17073.003414094448,76333.61501979828,parameter_dependent
refurbishment_support,2.0,EOL-allocation elasticity,1.0,EOL-productivity elasticity,2.0,81,2932.7324625849724,-2012.449574828148,72763.09659874439,parameter_dependent
refurbishment_support,2.0,EOL-allocation elasticity,2.0,EOL-productivity elasticity,0.5,81,1860.5887015461922,-11637.93746894598,86538.37849378586,parameter_dependent
refurbishment_support,2.0,EOL-allocation elasticity,2.0,EOL-productivity elasticity,1.0,81,3109.616937637329,-15541.300599813461,96467.21598172188,parameter_dependent
refurbishment_support,2.0,EOL-allocation elasticity,2.0,EOL-productivity elasticity,2.0,81,1868.4134296774864,-3512.969359397888,175354.63018786907,parameter_dependent
refurbishment_support,2.0,EOL-allocation elasticity,0.5,Metal-substitution elasticity,0.5,81,1242.0032904744148,-2215.5531032681465,71817.59744441509,parameter_dependent
refurbishment_support,2.0,EOL-allocation elasticity,0.5,Metal-substitution elasticity,1.0,81,2779.749044716358,-2204.506852865219,74188.03951072693,parameter_dependent
refurbishment_support,2.0,EOL-allocation elasticity,0.5,Metal-substitution elasticity,2.0,81,2846.498350918293,-1409.8346403837204,65009.79647785425,parameter_dependent
refurbishment_support,2.0,EOL-allocation elasticity,1.0,Metal-substitution elasticity,0.5,81,1908.5631266236305,-2692.1261392831802,16102.768766999245,parameter_dependent
refurbishment_support,2.0,EOL-allocation elasticity,1.0,Metal-substitution elasticity,1.0,81,2984.150784909725,-1139.768131494522,76333.61501979828,parameter_dependent
refurbishment_support,2.0,EOL-allocation elasticity,1.0,Metal-substitution elasticity,2.0,81,3049.4922431111336,-17073.003414094448,200487.2818209529,parameter_dependent
refurbishment_support,2.0,EOL-allocation elasticity,2.0,Metal-substitution elasticity,0.5,81,1741.1994714140892,-15541.300599813461,86538.37849378586,parameter_dependent
refurbishment_support,2.0,EOL-allocation elasticity,2.0,Metal-substitution elasticity,1.0,81,1860.5887015461922,-11637.93746894598,81324.55524039268,parameter_dependent
refurbishment_support,2.0,EOL-allocation elasticity,2.0,Metal-substitution elasticity,2.0,81,3908.3444117307663,-3512.969359397888,175354.63018786907,parameter_dependent
refurbishment_support,2.0,EOL-productivity elasticity,0.5,Metal-substitution elasticity,0.5,81,1523.8070621490479,-2692.1261392831802,86538.37849378586,parameter_dependent
refurbishment_support,2.0,EOL-productivity elasticity,0.5,Metal-substitution elasticity,1.0,81,1860.5887015461922,-11637.93746894598,74188.03951072693,parameter_dependent
refurbishment_support,2.0,EOL-productivity elasticity,0.5,Metal-substitution elasticity,2.0,81,3475.130030453205,-1909.578183889389,200487.2818209529,parameter_dependent
refurbishment_support,2.0,EOL-productivity elasticity,1.0,Metal-substitution elasticity,0.5,81,2183.845354914665,-15541.300599813461,71817.59744441509,parameter_dependent
refurbishment_support,2.0,EOL-productivity elasticity,1.0,Metal-substitution elasticity,1.0,81,3155.5333198308945,-2204.506852865219,76333.61501979828,parameter_dependent
refurbishment_support,2.0,EOL-productivity elasticity,1.0,Metal-substitution elasticity,2.0,81,3107.2410429120064,-17073.003414094448,96467.21598172188,parameter_dependent
refurbishment_support,2.0,EOL-productivity elasticity,2.0,Metal-substitution elasticity,0.5,81,1010.11832934618,-2012.449574828148,15223.11162185669,parameter_dependent
refurbishment_support,2.0,EOL-productivity elasticity,2.0,Metal-substitution elasticity,1.0,81,2735.019094347954,-3255.3898733258247,81324.55524039268,parameter_dependent
refurbishment_support,2.0,EOL-productivity elasticity,2.0,Metal-substitution elasticity,2.0,81,2915.1519160866737,-3512.969359397888,175354.63018786907,parameter_dependent
repair_support,0.25,Armington elasticity,0.5,CET transformation elasticity,0.5,81,-0.19774538278579712,-7.105078458786011,44.84280210733414,parameter_dependent
repair_support,0.25,Armington elasticity,0.5,CET transformation elasticity,1.0,81,-1.0729627013206482,-7.076387882232666,10.868866443634033,parameter_dependent
repair_support,0.25,Armington elasticity,0.5,CET transformation elasticity,2.0,81,-1.5615078210830688,-9.4691561460495,2.818973958492279,parameter_dependent
repair_support,0.25,Armington elasticity,1.0,CET transformation elasticity,0.5,81,-0.47347909212112427,-11.70005053281784,11.926922142505646,parameter_dependent
repair_support,0.25,Armington elasticity,1.0,CET transformation elasticity,1.0,81,-1.1053407788276672,-7.208022117614746,5.036233901977539,parameter_dependent
repair_support,0.25,Armington elasticity,1.0,CET transformation elasticity,2.0,81,-1.4864030480384827,-8.913105726242065,13.400908887386322,parameter_dependent
repair_support,0.25,Armington elasticity,2.0,CET transformation elasticity,0.5,81,0.8706908822059631,-7.196623384952545,19.447996616363525,parameter_dependent
repair_support,0.25,Armington elasticity,2.0,CET transformation elasticity,1.0,81,-0.8142326474189758,-7.174153685569763,5.955937147140503,parameter_dependent
repair_support,0.25,Armington elasticity,2.0,CET transformation elasticity,2.0,81,-1.6384930610656738,-6.991966366767883,3.8779317140579224,parameter_dependent
repair_support,0.25,Armington elasticity,0.5,Circular-service elasticity,0.5,81,-1.636886715888977,-9.4691561460495,3.3537479639053345,parameter_dependent
repair_support,0.25,Armington elasticity,0.5,Circular-service elasticity,1.0,81,-1.0729627013206482,-3.814801573753357,8.244313836097717,parameter_dependent
repair_support,0.25,Armington elasticity,0.5,Circular-service elasticity,2.0,81,1.3300463557243347,-7.120145499706268,44.84280210733414,parameter_dependent
repair_support,0.25,Armington elasticity,1.0,Circular-service elasticity,0.5,81,-1.5611146688461304,-11.70005053281784,3.1682451963424683,parameter_dependent
repair_support,0.25,Armington elasticity,1.0,Circular-service elasticity,1.0,81,-1.0780040621757507,-6.257502555847168,2.523502290248871,parameter_dependent
repair_support,0.25,Armington elasticity,1.0,Circular-service elasticity,2.0,81,1.158853828907013,-7.208022117614746,13.400908887386322,parameter_dependent
repair_support,0.25,Armington elasticity,2.0,Circular-service elasticity,0.5,81,-1.5432987809181213,-6.991966366767883,6.289513528347015,parameter_dependent
repair_support,0.25,Armington elasticity,2.0,Circular-service elasticity,1.0,81,-1.200473129749298,-3.8015701174736023,7.573425650596619,parameter_dependent
repair_support,0.25,Armington elasticity,2.0,Circular-service elasticity,2.0,81,1.247147023677826,-7.196623384952545,19.447996616363525,parameter_dependent
repair_support,0.25,Armington elasticity,0.5,EOL-allocation elasticity,0.5,81,-0.2814326882362366,-9.4691561460495,10.33407598733902,parameter_dependent
repair_support,0.25,Armington elasticity,0.5,EOL-allocation elasticity,1.0,81,-1.2500934600830078,-6.33860981464386,12.094066858291626,parameter_dependent
repair_support,0.25,Armington elasticity,0.5,EOL-allocation elasticity,2.0,81,-1.4468867778778076,-7.120145499706268,44.84280210733414,parameter_dependent
repair_support,0.25,Armington elasticity,1.0,EOL-allocation elasticity,0.5,81,-0.5474604964256287,-11.70005053281784,5.089680850505829,parameter_dependent
repair_support,0.25,Armington elasticity,1.0,EOL-allocation elasticity,1.0,81,-1.4342461228370667,-5.155096709728241,8.521043717861176,parameter_dependent
repair_support,0.25,Armington elasticity,1.0,EOL-allocation elasticity,2.0,81,-1.6186147928237915,-7.208022117614746,13.400908887386322,parameter_dependent
repair_support,0.25,Armington elasticity,2.0,EOL-allocation elasticity,0.5,81,0.03855937719345093,-6.991966366767883,6.767735183238983,parameter_dependent
repair_support,0.25,Armington elasticity,2.0,EOL-allocation elasticity,1.0,81,-1.2098295092582703,-4.151866853237152,10.625893592834473,parameter_dependent
repair_support,0.25,Armington elasticity,2.0,EOL-allocation elasticity,2.0,81,-1.6193038821220398,-7.196623384952545,19.447996616363525,parameter_dependent
repair_support,0.25,Armington elasticity,0.5,EOL-productivity elasticity,0.5,81,-0.08977341651916504,-6.33860981464386,4.643963575363159,parameter_dependent
repair_support,0.25,Armington elasticity,0.5,EOL-productivity elasticity,1.0,81,-1.6188652515411377,-9.4691561460495,44.84280210733414,parameter_dependent
repair_support,0.25,Armington elasticity,0.5,EOL-productivity elasticity,2.0,81,-1.175704538822174,-4.709384799003601,10.868866443634033,parameter_dependent
repair_support,0.25,Armington elasticity,1.0,EOL-productivity elasticity,0.5,81,-0.3854299783706665,-5.155096709728241,10.516855001449585,parameter_dependent
repair_support,0.25,Armington elasticity,1.0,EOL-productivity elasticity,1.0,81,-1.6349948644638062,-7.208022117614746,5.089680850505829,parameter_dependent
repair_support,0.25,Armington elasticity,1.0,EOL-productivity elasticity,2.0,81,-1.4175917506217957,-11.70005053281784,13.400908887386322,parameter_dependent
repair_support,0.25,Armington elasticity,2.0,EOL-productivity elasticity,0.5,81,0.05756223201751709,-6.991966366767883,6.72237491607666,parameter_dependent
repair_support,0.25,Armington elasticity,2.0,EOL-productivity elasticity,1.0,81,-1.4674094319343567,-7.196623384952545,19.447996616363525,parameter_dependent
repair_support,0.25,Armington elasticity,2.0,EOL-productivity elasticity,2.0,81,-1.32394278049469,-5.100143373012543,7.573425650596619,parameter_dependent
repair_support,0.25,Armington elasticity,0.5,Metal-substitution elasticity,0.5,81,-0.9348847270011902,-9.4691561460495,10.33407598733902,parameter_dependent
repair_support,0.25,Armington elasticity,0.5,Metal-substitution elasticity,1.0,81,-0.9878916144371033,-7.105078458786011,12.094066858291626,parameter_dependent
repair_support,0.25,Armington elasticity,0.5,Metal-substitution elasticity,2.0,81,-1.5431487560272217,-6.89561402797699,44.84280210733414,parameter_dependent
repair_support,0.25,Armington elasticity,1.0,Metal-substitution elasticity,0.5,81,-0.9040724039077759,-7.068464398384094,8.670877516269684,parameter_dependent
repair_support,0.25,Armington elasticity,1.0,Metal-substitution elasticity,1.0,81,-0.9113467335700989,-11.70005053281784,13.400908887386322,parameter_dependent
repair_support,0.25,Armington elasticity,1.0,Metal-substitution elasticity,2.0,81,-1.3691967129707336,-7.116192281246185,5.090701699256897,parameter_dependent
repair_support,0.25,Armington elasticity,2.0,Metal-substitution elasticity,0.5,81,-1.0449143052101135,-7.196623384952545,10.403414070606232,parameter_dependent
repair_support,0.25,Armington elasticity,2.0,Metal-substitution elasticity,1.0,81,-0.9670388698577881,-7.174153685569763,19.447996616363525,parameter_dependent
repair_support,0.25,Armington elasticity,2.0,Metal-substitution elasticity,2.0,81,-0.9600111842155457,-7.138215899467468,6.767735183238983,parameter_dependent
repair_support,0.25,CET transformation elasticity,0.5,Circular-service elasticity,0.5,81,-1.1095419526100159,-11.70005053281784,6.289513528347015,parameter_dependent
repair_support,0.25,CET transformation elasticity,0.5,Circular-service elasticity,1.0,81,0.16916155815124512,-3.813661277294159,7.573425650596619,parameter_dependent
repair_support,0.25,CET transformation elasticity,0.5,Circular-service elasticity,2.0,81,2.11884868144989,-7.196623384952545,44.84280210733414,parameter_dependent
repair_support,0.25,CET transformation elasticity,1.0,Circular-service elasticity,0.5,81,-1.5430707931518555,-5.820199608802795,2.440621078014374,parameter_dependent
repair_support,0.25,CET transformation elasticity,1.0,Circular-service elasticity,1.0,81,-0.9826564788818359,-6.257502555847168,8.244313836097717,parameter_dependent
repair_support,0.25,CET transformation elasticity,1.0,Circular-service elasticity,2.0,81,0.8707166910171509,-7.208022117614746,10.868866443634033,parameter_dependent
repair_support,0.25,CET transformation elasticity,2.0,Circular-service elasticity,0.5,81,-1.6588405966758728,-9.4691561460495,0.8345478177070618,parameter_dependent
repair_support,0.25,CET transformation elasticity,2.0,Circular-service elasticity,1.0,81,-1.8100672364234924,-3.814801573753357,0.42390191555023193,parameter_dependent
repair_support,0.25,CET transformation elasticity,2.0,Circular-service elasticity,2.0,81,0.9319738745689392,-7.120145499706268,13.400908887386322,parameter_dependent
repair_support,0.25,CET transformation elasticity,0.5,EOL-allocation elasticity,0.5,81,0.39157480001449585,-11.70005053281784,10.33407598733902,parameter_dependent
repair_support,0.25,CET transformation elasticity,0.5,EOL-allocation elasticity,1.0,81,-0.7622933983802795,-4.136764109134674,12.094066858291626,parameter_dependent
repair_support,0.25,CET transformation elasticity,0.5,EOL-allocation elasticity,2.0,81,-0.6622666716575623,-7.196623384952545,44.84280210733414,parameter_dependent
repair_support,0.25,CET transformation elasticity,1.0,EOL-allocation elasticity,0.5,81,-0.26405465602874756,-5.820199608802795,5.118382632732391,parameter_dependent
repair_support,0.25,CET transformation elasticity,1.0,EOL-allocation elasticity,1.0,81,-1.2098295092582703,-4.151866853237152,5.036233901977539,parameter_dependent
repair_support,0.25,CET transformation elasticity,1.0,EOL-allocation elasticity,2.0,81,-1.4092099070549011,-7.208022117614746,10.868866443634033,parameter_dependent
repair_support,0.25,CET transformation elasticity,2.0,EOL-allocation elasticity,0.5,81,-1.3691967129707336,-9.4691561460495,3.8779317140579224,parameter_dependent
repair_support,0.25,CET transformation elasticity,2.0,EOL-allocation elasticity,1.0,81,-1.543313980102539,-6.33860981464386,3.823379337787628,parameter_dependent
repair_support,0.25,CET transformation elasticity,2.0,EOL-allocation elasticity,2.0,81,-1.6429853439331055,-7.120145499706268,13.400908887386322,parameter_dependent
repair_support,0.25,CET transformation elasticity,0.5,EOL-productivity elasticity,0.5,81,0.80229651927948,-4.128970503807068,10.516855001449585,parameter_dependent
repair_support,0.25,CET transformation elasticity,0.5,EOL-productivity elasticity,1.0,81,-1.1095419526100159,-7.196623384952545,44.84280210733414,parameter_dependent
repair_support,0.25,CET transformation elasticity,0.5,EOL-productivity elasticity,2.0,81,-0.33647865056991577,-11.70005053281784,11.926922142505646,parameter_dependent
repair_support,0.25,CET transformation elasticity,1.0,EOL-productivity elasticity,0.5,81,-0.5246763229370117,-4.328497290611267,5.118382632732391,parameter_dependent
repair_support,0.25,CET transformation elasticity,1.0,EOL-productivity elasticity,1.0,81,-1.4674094319343567,-7.208022117614746,8.244313836097717,parameter_dependent
repair_support,0.25,CET transformation elasticity,1.0,EOL-productivity elasticity,2.0,81,-1.1741930842399597,-5.070031821727753,10.868866443634033,parameter_dependent
repair_support,0.25,CET transformation elasticity,2.0,EOL-productivity elasticity,0.5,81,-1.0244592428207397,-6.991966366767883,3.8779317140579224,parameter_dependent
repair_support,0.25,CET transformation elasticity,2.0,EOL-productivity elasticity,1.0,81,-1.6432005167007446,-9.4691561460495,4.917907118797302,parameter_dependent
repair_support,0.25,CET transformation elasticity,2.0,EOL-productivity elasticity,2.0,81,-1.5611992478370667,-8.913105726242065,13.400908887386322,parameter_dependent
repair_support,0.25,CET transformation elasticity,0.5,Metal-substitution elasticity,0.5,81,-0.9040724039077759,-7.196623384952545,10.403414070606232,parameter_dependent
repair_support,0.25,CET transformation elasticity,0.5,Metal-substitution elasticity,1.0,81,-0.11531335115432739,-11.70005053281784,19.447996616363525,parameter_dependent
repair_support,0.25,CET transformation elasticity,0.5,Metal-substitution elasticity,2.0,81,0.2638934850692749,-7.138215899467468,44.84280210733414,parameter_dependent
repair_support,0.25,CET transformation elasticity,1.0,Metal-substitution elasticity,0.5,81,-1.2500934600830078,-7.037016034126282,5.955937147140503,parameter_dependent
repair_support,0.25,CET transformation elasticity,1.0,Metal-substitution elasticity,1.0,81,-0.9878916144371033,-7.208022117614746,10.868866443634033,parameter_dependent
repair_support,0.25,CET transformation elasticity,1.0,Metal-substitution elasticity,2.0,81,-1.0404986143112183,-6.945826530456543,5.454038321971893,parameter_dependent
repair_support,0.25,CET transformation elasticity,2.0,Metal-substitution elasticity,0.5,81,-0.9084721803665161,-9.4691561460495,2.9086767435073853,parameter_dependent
repair_support,0.25,CET transformation elasticity,2.0,Metal-substitution elasticity,1.0,81,-1.4864030480384827,-8.913105726242065,13.400908887386322,parameter_dependent
repair_support,0.25,CET transformation elasticity,2.0,Metal-substitution elasticity,2.0,81,-2.0493825674057007,-7.116192281246185,3.8779317140579224,parameter_dependent
repair_support,0.25,Circular-service elasticity,0.5,EOL-allocation elasticity,0.5,81,-1.562384009361267,-11.70005053281784,3.8232083916664124,parameter_dependent
repair_support,0.25,Circular-service elasticity,0.5,EOL-allocation elasticity,1.0,81,-1.5610352754592896,-6.33860981464386,3.656100630760193,parameter_dependent
repair_support,0.25,Circular-service elasticity,0.5,EOL-allocation elasticity,2.0,81,-1.6190730333328247,-5.100143373012543,6.289513528347015,parameter_dependent
repair_support,0.25,Circular-service elasticity,1.0,EOL-allocation elasticity,0.5,81,-0.6417927742004395,-3.3605950474739075,4.6836936473846436,parameter_dependent
repair_support,0.25,Circular-service elasticity,1.0,EOL-allocation elasticity,1.0,81,-1.3355365991592407,-3.811947822570801,4.525719106197357,parameter_dependent
repair_support,0.25,Circular-service elasticity,1.0,EOL-allocation elasticity,2.0,81,-1.4468867778778076,-6.257502555847168,8.244313836097717,parameter_dependent
repair_support,0.25,Circular-service elasticity,2.0,EOL-allocation elasticity,0.5,81,1.7365524768829346,-4.3204017877578735,10.33407598733902,parameter_dependent
repair_support,0.25,Circular-service elasticity,2.0,EOL-allocation elasticity,1.0,81,1.247147023677826,-4.151866853237152,12.094066858291626,parameter_dependent
repair_support,0.25,Circular-service elasticity,2.0,EOL-allocation elasticity,2.0,81,-1.4092099070549011,-7.208022117614746,44.84280210733414,parameter_dependent
repair_support,0.25,Circular-service elasticity,0.5,EOL-productivity elasticity,0.5,81,-1.3101038932800293,-6.991966366767883,3.8232083916664124,parameter_dependent
repair_support,0.25,Circular-service elasticity,0.5,EOL-productivity elasticity,1.0,81,-1.6374271512031555,-9.4691561460495,3.7340229749679565,parameter_dependent
repair_support,0.25,Circular-service elasticity,0.5,EOL-productivity elasticity,2.0,81,-1.5608410239219666,-11.70005053281784,6.289513528347015,parameter_dependent
repair_support,0.25,Circular-service elasticity,1.0,EOL-productivity elasticity,0.5,81,-0.5790697932243347,-3.3605950474739075,4.6836936473846436,parameter_dependent
repair_support,0.25,Circular-service elasticity,1.0,EOL-productivity elasticity,1.0,81,-1.2500934600830078,-6.257502555847168,8.244313836097717,parameter_dependent
repair_support,0.25,Circular-service elasticity,1.0,EOL-productivity elasticity,2.0,81,-1.4776046872138977,-3.811947822570801,7.573425650596619,parameter_dependent
repair_support,0.25,Circular-service elasticity,2.0,EOL-productivity elasticity,0.5,81,2.11884868144989,-4.1453269720077515,10.516855001449585,parameter_dependent
repair_support,0.25,Circular-service elasticity,2.0,EOL-productivity elasticity,1.0,81,-1.330116868019104,-7.208022117614746,44.84280210733414,parameter_dependent
repair_support,0.25,Circular-service elasticity,2.0,EOL-productivity elasticity,2.0,81,1.992254376411438,-4.3204017877578735,13.400908887386322,parameter_dependent
repair_support,0.25,Circular-service elasticity,0.5,Metal-substitution elasticity,0.5,81,-1.5662294626235962,-9.4691561460495,3.0349037647247314,parameter_dependent
repair_support,0.25,Circular-service elasticity,0.5,Metal-substitution elasticity,1.0,81,-1.5611146688461304,-11.70005053281784,3.44818913936615,parameter_dependent
repair_support,0.25,Circular-service elasticity,0.5,Metal-substitution elasticity,2.0,81,-1.5432987809181213,-6.3481555581092834,6.289513528347015,parameter_dependent
repair_support,0.25,Circular-service elasticity,1.0,Metal-substitution elasticity,0.5,81,-1.0661861896514893,-3.814801573753357,7.573425650596619,parameter_dependent
repair_support,0.25,Circular-service elasticity,1.0,Metal-substitution elasticity,1.0,81,-1.1542930006980896,-6.257502555847168,8.244313836097717,parameter_dependent
repair_support,0.25,Circular-service elasticity,1.0,Metal-substitution elasticity,2.0,81,-0.9943435192108154,-3.810743570327759,4.6836936473846436,parameter_dependent
repair_support,0.25,Circular-service elasticity,2.0,Metal-substitution elasticity,0.5,81,1.0098800659179688,-7.196623384952545,10.403414070606232,parameter_dependent
repair_support,0.25,Circular-service elasticity,2.0,Metal-substitution elasticity,1.0,81,2.001989006996155,-7.208022117614746,19.447996616363525,parameter_dependent
repair_support,0.25,Circular-service elasticity,2.0,Metal-substitution elasticity,2.0,81,-1.2098295092582703,-7.138215899467468,44.84280210733414,parameter_dependent
repair_support,0.25,EOL-allocation elasticity,0.5,EOL-productivity elasticity,0.5,81,0.42390191555023193,-6.991966366767883,6.667149364948273,parameter_dependent
repair_support,0.25,EOL-allocation elasticity,0.5,EOL-productivity elasticity,1.0,81,0.5282231569290161,-9.4691561460495,6.767735183238983,parameter_dependent
repair_support,0.25,EOL-allocation elasticity,0.5,EOL-productivity elasticity,2.0,81,-1.4776046872138977,-11.70005053281784,10.33407598733902,parameter_dependent
repair_support,0.25,EOL-allocation elasticity,1.0,EOL-productivity elasticity,0.5,81,0.3768532872200012,-6.33860981464386,6.72237491607666,parameter_dependent
repair_support,0.25,EOL-allocation elasticity,1.0,EOL-productivity elasticity,1.0,81,-1.2500934600830078,-4.273629367351532,12.094066858291626,parameter_dependent
repair_support,0.25,EOL-allocation elasticity,1.0,EOL-productivity elasticity,2.0,81,-1.5615078210830688,-3.811947822570801,8.521043717861176,parameter_dependent
repair_support,0.25,EOL-allocation elasticity,2.0,EOL-productivity elasticity,0.5,81,-1.2815446257591248,-4.328497290611267,10.516855001449585,parameter_dependent
repair_support,0.25,EOL-allocation elasticity,2.0,EOL-productivity elasticity,1.0,81,-3.8008039593696594,-7.208022117614746,44.84280210733414,parameter_dependent
repair_support,0.25,EOL-allocation elasticity,2.0,EOL-productivity elasticity,2.0,81,0.9915273189544678,-5.100143373012543,13.400908887386322,parameter_dependent
repair_support,0.25,EOL-allocation elasticity,0.5,Metal-substitution elasticity,0.5,81,-0.5790697932243347,-9.4691561460495,10.33407598733902,parameter_dependent
repair_support,0.25,EOL-allocation elasticity,0.5,Metal-substitution elasticity,1.0,81,-0.26405465602874756,-11.70005053281784,3.745016038417816,parameter_dependent
repair_support,0.25,EOL-allocation elasticity,0.5,Metal-substitution elasticity,2.0,81,0.22246575355529785,-6.3481555581092834,6.767735183238983,parameter_dependent
repair_support,0.25,EOL-allocation elasticity,1.0,Metal-substitution elasticity,0.5,81,-0.9348847270011902,-3.811947822570801,10.403414070606232,parameter_dependent
repair_support,0.25,EOL-allocation elasticity,1.0,Metal-substitution elasticity,1.0,81,-0.9878916144371033,-3.808498501777649,12.094066858291626,parameter_dependent
repair_support,0.25,EOL-allocation elasticity,1.0,Metal-substitution elasticity,2.0,81,-1.5431487560272217,-6.33860981464386,7.591860234737396,parameter_dependent
repair_support,0.25,EOL-allocation elasticity,2.0,Metal-substitution elasticity,0.5,81,-1.6424588561058044,-7.196623384952545,8.670877516269684,parameter_dependent
repair_support,0.25,EOL-allocation elasticity,2.0,Metal-substitution elasticity,1.0,81,-1.636886715888977,-7.208022117614746,19.447996616363525,parameter_dependent
repair_support,0.25,EOL-allocation elasticity,2.0,Metal-substitution elasticity,2.0,81,-1.3101038932800293,-7.138215899467468,44.84280210733414,parameter_dependent
repair_support,0.25,EOL-productivity elasticity,0.5,Metal-substitution elasticity,0.5,81,-0.5474604964256287,-6.991966366767883,8.670877516269684,parameter_dependent
repair_support,0.25,EOL-productivity elasticity,0.5,Metal-substitution elasticity,1.0,81,-0.0450935959815979,-4.328497290611267,10.516855001449585,parameter_dependent
repair_support,0.25,EOL-productivity elasticity,0.5,Metal-substitution elasticity,2.0,81,0.3114856481552124,-6.33860981464386,6.72237491607666,parameter_dependent
repair_support,0.25,EOL-productivity elasticity,1.0,Metal-substitution elasticity,0.5,81,-1.4674094319343567,-9.4691561460495,10.403414070606232,parameter_dependent
repair_support,0.25,EOL-productivity elasticity,1.0,Metal-substitution elasticity,1.0,81,-1.428289771080017,-7.208022117614746,19.447996616363525,parameter_dependent
repair_support,0.25,EOL-productivity elasticity,1.0,Metal-substitution elasticity,2.0,81,-1.61940199136734,-7.138215899467468,44.84280210733414,parameter_dependent
repair_support,0.25,EOL-productivity elasticity,2.0,Metal-substitution elasticity,0.5,81,-0.9348847270011902,-5.070031821727753,10.33407598733902,parameter_dependent
repair_support,0.25,EOL-productivity elasticity,2.0,Metal-substitution elasticity,1.0,81,-1.4776046872138977,-11.70005053281784,13.400908887386322,parameter_dependent
repair_support,0.25,EOL-productivity elasticity,2.0,Metal-substitution elasticity,2.0,81,-1.542959213256836,-5.457216739654541,7.591860234737396,parameter_dependent
repair_support,0.5,Armington elasticity,0.5,CET transformation elasticity,0.5,81,1.7914453148841858,-14.714210450649261,58.70792371034622,parameter_dependent
repair_support,0.5,Armington elasticity,0.5,CET transformation elasticity,1.0,81,-0.189170241355896,-19.018554627895355,91.9794334769249,parameter_dependent
repair_support,0.5,Armington elasticity,0.5,CET transformation elasticity,2.0,81,-1.55484139919281,-29.425756990909576,100.47832536697388,parameter_dependent
repair_support,0.5,Armington elasticity,1.0,CET transformation elasticity,0.5,81,1.7264809608459473,-14.862874031066895,102.31215155124664,parameter_dependent
repair_support,0.5,Armington elasticity,1.0,CET transformation elasticity,1.0,81,-0.4030930995941162,-14.663819134235382,191.15735590457916,parameter_dependent
repair_support,0.5,Armington elasticity,1.0,CET transformation elasticity,2.0,81,-1.6902913451194763,-11.833252787590027,79.80801999568939,parameter_dependent
repair_support,0.5,Armington elasticity,2.0,CET transformation elasticity,0.5,81,5.179413974285126,-14.787634015083313,56.98045599460602,parameter_dependent
repair_support,0.5,Armington elasticity,2.0,CET transformation elasticity,1.0,81,-0.4816034436225891,-14.855481564998627,60.85089302062988,parameter_dependent
repair_support,0.5,Armington elasticity,2.0,CET transformation elasticity,2.0,81,-2.1806230545043945,-14.62164968252182,77.79623758792877,parameter_dependent
repair_support,0.5,Armington elasticity,0.5,Circular-service elasticity,0.5,81,-3.4138078689575195,-29.425756990909576,100.47832536697388,parameter_dependent
repair_support,0.5,Armington elasticity,0.5,Circular-service elasticity,1.0,81,-0.6091481447219849,-8.261413931846619,91.9794334769249,parameter_dependent
repair_support,0.5,Armington elasticity,0.5,Circular-service elasticity,2.0,81,7.904323637485504,-14.795243322849274,37.187993586063385,parameter_dependent
repair_support,0.5,Armington elasticity,1.0,Circular-service elasticity,0.5,81,-2.720160961151123,-13.680807054042816,79.80801999568939,parameter_dependent
repair_support,0.5,Armington elasticity,1.0,Circular-service elasticity,1.0,81,-1.135462760925293,-8.581604778766632,191.15735590457916,parameter_dependent
repair_support,0.5,Armington elasticity,1.0,Circular-service elasticity,2.0,81,8.420717239379883,-14.862874031066895,38.058593928813934,parameter_dependent
repair_support,0.5,Armington elasticity,2.0,Circular-service elasticity,0.5,81,-1.8575857281684875,-9.228403151035309,56.98045599460602,parameter_dependent
repair_support,0.5,Armington elasticity,2.0,Circular-service elasticity,1.0,81,-0.6586849689483643,-7.68397319316864,77.79623758792877,parameter_dependent
repair_support,0.5,Armington elasticity,2.0,Circular-service elasticity,2.0,81,9.174411714076996,-14.855481564998627,29.095264554023743,parameter_dependent
repair_support,0.5,Armington elasticity,0.5,EOL-allocation elasticity,0.5,81,1.5388638973236084,-14.48066771030426,91.9794334769249,parameter_dependent
repair_support,0.5,Armington elasticity,0.5,EOL-allocation elasticity,1.0,81,0.3142486810684204,-19.018554627895355,100.47832536697388,parameter_dependent
repair_support,0.5,Armington elasticity,0.5,EOL-allocation elasticity,2.0,81,-1.570752203464508,-29.425756990909576,37.187993586063385,parameter_dependent
repair_support,0.5,Armington elasticity,1.0,EOL-allocation elasticity,0.5,81,1.2690531015396118,-13.680807054042816,102.31215155124664,parameter_dependent
repair_support,0.5,Armington elasticity,1.0,EOL-allocation elasticity,1.0,81,0.7640480399131775,-8.581604778766632,191.15735590457916,parameter_dependent
repair_support,0.5,Armington elasticity,1.0,EOL-allocation elasticity,2.0,81,-1.122435986995697,-14.862874031066895,79.80801999568939,parameter_dependent
repair_support,0.5,Armington elasticity,2.0,EOL-allocation elasticity,0.5,81,3.2572832107543945,-9.228403151035309,77.79623758792877,parameter_dependent
repair_support,0.5,Armington elasticity,2.0,EOL-allocation elasticity,1.0,81,1.0969546437263489,-9.198065340518951,56.98045599460602,parameter_dependent
repair_support,0.5,Armington elasticity,2.0,EOL-allocation elasticity,2.0,81,-0.44167888164520264,-14.855481564998627,60.85089302062988,parameter_dependent
repair_support,0.5,Armington elasticity,0.5,EOL-productivity elasticity,0.5,81,2.0768972039222717,-7.737714409828186,91.9794334769249,parameter_dependent
repair_support,0.5,Armington elasticity,0.5,EOL-productivity elasticity,1.0,81,-0.6091481447219849,-29.425756990909576,37.187993586063385,parameter_dependent
repair_support,0.5,Armington elasticity,0.5,EOL-productivity elasticity,2.0,81,-0.7043439745903015,-19.018554627895355,100.47832536697388,parameter_dependent
repair_support,0.5,Armington elasticity,1.0,EOL-productivity elasticity,0.5,81,0.5784666538238525,-8.663986504077911,75.56148773431778,parameter_dependent
repair_support,0.5,Armington elasticity,1.0,EOL-productivity elasticity,1.0,81,-0.305619478225708,-14.862874031066895,191.15735590457916,parameter_dependent
repair_support,0.5,Armington elasticity,1.0,EOL-productivity elasticity,2.0,81,-0.19547754526138306,-13.680807054042816,36.63110548257828,parameter_dependent
repair_support,0.5,Armington elasticity,2.0,EOL-productivity elasticity,0.5,81,3.755230724811554,-9.228403151035309,77.79623758792877,parameter_dependent
repair_support,0.5,Armington elasticity,2.0,EOL-productivity elasticity,1.0,81,0.004483044147491455,-14.855481564998627,60.85089302062988,parameter_dependent
repair_support,0.5,Armington elasticity,2.0,EOL-productivity elasticity,2.0,81,0.5234650373458862,-9.198065340518951,56.98045599460602,parameter_dependent
repair_support,0.5,Armington elasticity,0.5,Metal-substitution elasticity,0.5,81,-0.7043439745903015,-21.23180514574051,13.155567586421967,parameter_dependent
repair_support,0.5,Armington elasticity,0.5,Metal-substitution elasticity,1.0,81,-0.026556015014648438,-29.425756990909576,91.9794334769249,parameter_dependent
repair_support,0.5,Armington elasticity,0.5,Metal-substitution elasticity,2.0,81,1.7914453148841858,-19.018554627895355,100.47832536697388,parameter_dependent
repair_support,0.5,Armington elasticity,1.0,Metal-substitution elasticity,0.5,81,-0.5009903907775879,-14.862874031066895,79.80801999568939,parameter_dependent
repair_support,0.5,Armington elasticity,1.0,Metal-substitution elasticity,1.0,81,-0.22771185636520386,-13.680807054042816,102.31215155124664,parameter_dependent
repair_support,0.5,Armington elasticity,1.0,Metal-substitution elasticity,2.0,81,0.9028217196464539,-14.694755017757416,191.15735590457916,parameter_dependent
repair_support,0.5,Armington elasticity,2.0,Metal-substitution elasticity,0.5,81,0.13960516452789307,-14.30213338136673,60.85089302062988,parameter_dependent
repair_support,0.5,Armington elasticity,2.0,Metal-substitution elasticity,1.0,81,1.0969546437263489,-14.855481564998627,77.79623758792877,parameter_dependent
repair_support,0.5,Armington elasticity,2.0,Metal-substitution elasticity,2.0,81,2.9053351879119873,-14.787634015083313,29.095264554023743,parameter_dependent
repair_support,0.5,CET transformation elasticity,0.5,Circular-service elasticity,0.5,81,-1.165732741355896,-13.680807054042816,56.98045599460602,parameter_dependent
repair_support,0.5,CET transformation elasticity,0.5,Circular-service elasticity,1.0,81,1.3486514687538147,-7.71661502122879,102.31215155124664,parameter_dependent
repair_support,0.5,CET transformation elasticity,0.5,Circular-service elasticity,2.0,81,11.545357584953308,-14.862874031066895,37.187993586063385,parameter_dependent
repair_support,0.5,CET transformation elasticity,1.0,Circular-service elasticity,0.5,81,-3.5726587176322937,-19.018554627895355,28.02691501379013,parameter_dependent
repair_support,0.5,CET transformation elasticity,1.0,Circular-service elasticity,1.0,81,-0.6091481447219849,-7.720395445823669,191.15735590457916,parameter_dependent
repair_support,0.5,CET transformation elasticity,1.0,Circular-service elasticity,2.0,81,8.005719661712646,-14.855481564998627,29.095264554023743,parameter_dependent
repair_support,0.5,CET transformation elasticity,2.0,Circular-service elasticity,0.5,81,-4.032683432102203,-29.425756990909576,100.47832536697388,parameter_dependent
repair_support,0.5,CET transformation elasticity,2.0,Circular-service elasticity,1.0,81,-2.922965407371521,-8.581604778766632,77.79623758792877,parameter_dependent
repair_support,0.5,CET transformation elasticity,2.0,Circular-service elasticity,2.0,81,5.730052053928375,-14.68293446302414,38.058593928813934,parameter_dependent
repair_support,0.5,CET transformation elasticity,0.5,EOL-allocation elasticity,0.5,81,6.169670283794403,-13.680807054042816,102.31215155124664,parameter_dependent
repair_support,0.5,CET transformation elasticity,0.5,EOL-allocation elasticity,1.0,81,3.997543215751648,-7.71661502122879,58.70792371034622,parameter_dependent
repair_support,0.5,CET transformation elasticity,0.5,EOL-allocation elasticity,2.0,81,1.0645791292190552,-14.862874031066895,37.187993586063385,parameter_dependent
repair_support,0.5,CET transformation elasticity,1.0,EOL-allocation elasticity,0.5,81,0.6040694713592529,-8.307108283042908,91.9794334769249,parameter_dependent
repair_support,0.5,CET transformation elasticity,1.0,EOL-allocation elasticity,1.0,81,-0.26677054166793823,-19.018554627895355,191.15735590457916,parameter_dependent
repair_support,0.5,CET transformation elasticity,1.0,EOL-allocation elasticity,2.0,81,-0.9803003072738647,-17.09986186027527,60.85089302062988,parameter_dependent
repair_support,0.5,CET transformation elasticity,2.0,EOL-allocation elasticity,0.5,81,-0.5502302646636963,-14.48066771030426,77.79623758792877,parameter_dependent
repair_support,0.5,CET transformation elasticity,2.0,EOL-allocation elasticity,1.0,81,-2.163788616657257,-10.361576497554779,100.47832536697388,parameter_dependent
repair_support,0.5,CET transformation elasticity,2.0,EOL-allocation elasticity,2.0,81,-2.922965407371521,-29.425756990909576,79.80801999568939,parameter_dependent
repair_support,0.5,CET transformation elasticity,0.5,EOL-productivity elasticity,0.5,81,4.646806240081787,-4.200283586978912,58.70792371034622,parameter_dependent
repair_support,0.5,CET transformation elasticity,0.5,EOL-productivity elasticity,1.0,81,2.0806421041488647,-14.862874031066895,102.31215155124664,parameter_dependent
repair_support,0.5,CET transformation elasticity,0.5,EOL-productivity elasticity,2.0,81,4.184017062187195,-13.680807054042816,56.98045599460602,parameter_dependent
repair_support,0.5,CET transformation elasticity,1.0,EOL-productivity elasticity,0.5,81,-0.015568435192108154,-7.737714409828186,91.9794334769249,parameter_dependent
repair_support,0.5,CET transformation elasticity,1.0,EOL-productivity elasticity,1.0,81,-0.6091481447219849,-17.09986186027527,191.15735590457916,parameter_dependent
repair_support,0.5,CET transformation elasticity,1.0,EOL-productivity elasticity,2.0,81,-0.568997859954834,-19.018554627895355,29.095264554023743,parameter_dependent
repair_support,0.5,CET transformation elasticity,2.0,EOL-productivity elasticity,0.5,81,-0.6465884447097778,-9.228403151035309,77.79623758792877,parameter_dependent
repair_support,0.5,CET transformation elasticity,2.0,EOL-productivity elasticity,1.0,81,-2.1806230545043945,-29.425756990909576,79.80801999568939,parameter_dependent
repair_support,0.5,CET transformation elasticity,2.0,EOL-productivity elasticity,2.0,81,-2.2411609888076782,-12.351106524467468,100.47832536697388,parameter_dependent
repair_support,0.5,CET transformation elasticity,0.5,Metal-substitution elasticity,0.5,81,1.4963889122009277,-14.862874031066895,56.98045599460602,parameter_dependent
repair_support,0.5,CET transformation elasticity,0.5,Metal-substitution elasticity,1.0,81,3.997543215751648,-14.532134056091309,102.31215155124664,parameter_dependent
repair_support,0.5,CET transformation elasticity,0.5,Metal-substitution elasticity,2.0,81,4.365335464477539,-14.787634015083313,37.187993586063385,parameter_dependent
repair_support,0.5,CET transformation elasticity,1.0,Metal-substitution elasticity,0.5,81,-0.568997859954834,-17.09986186027527,60.85089302062988,parameter_dependent
repair_support,0.5,CET transformation elasticity,1.0,Metal-substitution elasticity,1.0,81,-0.7662568688392639,-15.334179997444153,91.9794334769249,parameter_dependent
repair_support,0.5,CET transformation elasticity,1.0,Metal-substitution elasticity,2.0,81,0.6040694713592529,-19.018554627895355,191.15735590457916,parameter_dependent
repair_support,0.5,CET transformation elasticity,2.0,Metal-substitution elasticity,0.5,81,-1.6902913451194763,-21.23180514574051,79.80801999568939,parameter_dependent
repair_support,0.5,CET transformation elasticity,2.0,Metal-substitution elasticity,1.0,81,-1.110317051410675,-29.425756990909576,77.79623758792877,parameter_dependent
repair_support,0.5,CET transformation elasticity,2.0,Metal-substitution elasticity,2.0,81,-2.394411623477936,-14.68293446302414,100.47832536697388,parameter_dependent
repair_support,0.5,Circular-service elasticity,0.5,EOL-allocation elasticity,0.5,81,-2.33307147026062,-14.48066771030426,26.43422943353653,parameter_dependent
repair_support,0.5,Circular-service elasticity,0.5,EOL-allocation elasticity,1.0,81,-2.6351630687713623,-19.018554627895355,100.47832536697388,parameter_dependent
repair_support,0.5,Circular-service elasticity,0.5,EOL-allocation elasticity,2.0,81,-3.223950445652008,-29.425756990909576,79.80801999568939,parameter_dependent
repair_support,0.5,Circular-service elasticity,1.0,EOL-allocation elasticity,0.5,81,0.41993433237075806,-4.091147065162659,102.31215155124664,parameter_dependent
repair_support,0.5,Circular-service elasticity,1.0,EOL-allocation elasticity,1.0,81,-1.3442410826683044,-8.581604778766632,191.15735590457916,parameter_dependent
repair_support,0.5,Circular-service elasticity,1.0,EOL-allocation elasticity,2.0,81,-1.4483079314231873,-7.694282412528992,60.85089302062988,parameter_dependent
repair_support,0.5,Circular-service elasticity,2.0,EOL-allocation elasticity,0.5,81,8.827317118644714,-1.9135165214538574,25.68889057636261,parameter_dependent
repair_support,0.5,Circular-service elasticity,2.0,EOL-allocation elasticity,1.0,81,8.50883036851883,-2.1963719725608826,36.63110548257828,parameter_dependent
repair_support,0.5,Circular-service elasticity,2.0,EOL-allocation elasticity,2.0,81,7.2260302901268005,-14.862874031066895,38.058593928813934,parameter_dependent
repair_support,0.5,Circular-service elasticity,0.5,EOL-productivity elasticity,0.5,81,-2.502097964286804,-9.228403151035309,26.43422943353653,parameter_dependent
repair_support,0.5,Circular-service elasticity,0.5,EOL-productivity elasticity,1.0,81,-2.33307147026062,-29.425756990909576,79.80801999568939,parameter_dependent
repair_support,0.5,Circular-service elasticity,0.5,EOL-productivity elasticity,2.0,81,-3.4138078689575195,-19.018554627895355,100.47832536697388,parameter_dependent
repair_support,0.5,Circular-service elasticity,1.0,EOL-productivity elasticity,0.5,81,0.08869427442550659,-4.088188350200653,91.9794334769249,parameter_dependent
repair_support,0.5,Circular-service elasticity,1.0,EOL-productivity elasticity,1.0,81,-1.1743639707565308,-7.694282412528992,191.15735590457916,parameter_dependent
repair_support,0.5,Circular-service elasticity,1.0,EOL-productivity elasticity,2.0,81,-1.4483079314231873,-8.581604778766632,13.931441605091095,parameter_dependent
repair_support,0.5,Circular-service elasticity,2.0,EOL-productivity elasticity,0.5,81,8.893883347511292,0.3762053847312927,23.380206286907196,primary_metal_saving
repair_support,0.5,Circular-service elasticity,2.0,EOL-productivity elasticity,1.0,81,8.432059168815613,-14.862874031066895,38.058593928813934,parameter_dependent
repair_support,0.5,Circular-service elasticity,2.0,EOL-productivity elasticity,2.0,81,7.718403100967407,-2.1963719725608826,36.63110548257828,parameter_dependent
repair_support,0.5,Circular-service elasticity,0.5,Metal-substitution elasticity,0.5,81,-3.210829257965088,-21.23180514574051,79.80801999568939,parameter_dependent
repair_support,0.5,Circular-service elasticity,0.5,Metal-substitution elasticity,1.0,81,-2.2355579137802124,-29.425756990909576,36.09187090396881,parameter_dependent
repair_support,0.5,Circular-service elasticity,0.5,Metal-substitution elasticity,2.0,81,-3.0443124771118164,-19.018554627895355,100.47832536697388,parameter_dependent
repair_support,0.5,Circular-service elasticity,1.0,Metal-substitution elasticity,0.5,81,-0.9696860313415527,-8.261413931846619,60.85089302062988,parameter_dependent
repair_support,0.5,Circular-service elasticity,1.0,Metal-substitution elasticity,1.0,81,-0.7662568688392639,-7.694282412528992,102.31215155124664,parameter_dependent
repair_support,0.5,Circular-service elasticity,1.0,Metal-substitution elasticity,2.0,81,-0.44167888164520264,-8.581604778766632,191.15735590457916,parameter_dependent
repair_support,0.5,Circular-service elasticity,2.0,Metal-substitution elasticity,0.5,81,8.465896844863892,-14.862874031066895,38.058593928813934,parameter_dependent
repair_support,0.5,Circular-service elasticity,2.0,Metal-substitution elasticity,1.0,81,8.005719661712646,-14.855481564998627,23.988920509815216,parameter_dependent
repair_support,0.5,Circular-service elasticity,2.0,Metal-substitution elasticity,2.0,81,8.991172015666962,-14.787634015083313,37.187993586063385,parameter_dependent
repair_support,0.5,EOL-allocation elasticity,0.5,EOL-productivity elasticity,0.5,81,4.578687131404877,-9.228403151035309,91.9794334769249,parameter_dependent
repair_support,0.5,EOL-allocation elasticity,0.5,EOL-productivity elasticity,1.0,81,1.4022749066352844,-14.48066771030426,102.31215155124664,parameter_dependent
repair_support,0.5,EOL-allocation elasticity,0.5,EOL-productivity elasticity,2.0,81,0.1713348627090454,-13.680807054042816,25.56490659713745,parameter_dependent
repair_support,0.5,EOL-allocation elasticity,1.0,EOL-productivity elasticity,0.5,81,1.7914453148841858,-8.161763608455658,58.70792371034622,parameter_dependent
repair_support,0.5,EOL-allocation elasticity,1.0,EOL-productivity elasticity,1.0,81,0.7640480399131775,-10.361576497554779,191.15735590457916,parameter_dependent
repair_support,0.5,EOL-allocation elasticity,1.0,EOL-productivity elasticity,2.0,81,-1.3209946155548096,-19.018554627895355,100.47832536697388,parameter_dependent
repair_support,0.5,EOL-allocation elasticity,2.0,EOL-productivity elasticity,0.5,81,0.5784666538238525,-6.027859807014465,15.339946866035461,parameter_dependent
repair_support,0.5,EOL-allocation elasticity,2.0,EOL-productivity elasticity,1.0,81,-7.03730309009552,-29.425756990909576,79.80801999568939,parameter_dependent
repair_support,0.5,EOL-allocation elasticity,2.0,EOL-productivity elasticity,2.0,81,-0.19547754526138306,-5.997001051902771,18.62732630968094,parameter_dependent
repair_support,0.5,EOL-allocation elasticity,0.5,Metal-substitution elasticity,0.5,81,-0.09791338443756104,-14.48066771030426,26.43422943353653,parameter_dependent
repair_support,0.5,EOL-allocation elasticity,0.5,Metal-substitution elasticity,1.0,81,1.2962607145309448,-13.680807054042816,102.31215155124664,parameter_dependent
repair_support,0.5,EOL-allocation elasticity,0.5,Metal-substitution elasticity,2.0,81,4.036830961704254,-12.351106524467468,25.56490659713745,parameter_dependent
repair_support,0.5,EOL-allocation elasticity,1.0,Metal-substitution elasticity,0.5,81,-0.22400665283203125,-10.234065294265747,56.98045599460602,parameter_dependent
repair_support,0.5,EOL-allocation elasticity,1.0,Metal-substitution elasticity,1.0,81,-0.26677054166793823,-15.334179997444153,58.70792371034622,parameter_dependent
repair_support,0.5,EOL-allocation elasticity,1.0,Metal-substitution elasticity,2.0,81,3.3582199811935425,-19.018554627895355,191.15735590457916,parameter_dependent
repair_support,0.5,EOL-allocation elasticity,2.0,Metal-substitution elasticity,0.5,81,-0.9279306530952454,-21.23180514574051,79.80801999568939,parameter_dependent
repair_support,0.5,EOL-allocation elasticity,2.0,Metal-substitution elasticity,1.0,81,-0.6764704585075378,-29.425756990909576,23.988920509815216,parameter_dependent
repair_support,0.5,EOL-allocation elasticity,2.0,Metal-substitution elasticity,2.0,81,-2.2371392846107483,-14.787634015083313,37.187993586063385,parameter_dependent
repair_support,0.5,EOL-productivity elasticity,0.5,Metal-substitution elasticity,0.5,81,-0.35890471935272217,-9.228403151035309,26.43422943353653,parameter_dependent
repair_support,0.5,EOL-productivity elasticity,0.5,Metal-substitution elasticity,1.0,81,3.1100950837135315,-5.865809261798859,91.9794334769249,parameter_dependent
repair_support,0.5,EOL-productivity elasticity,0.5,Metal-substitution elasticity,2.0,81,4.578687131404877,-8.663986504077911,25.028913915157318,parameter_dependent
repair_support,0.5,EOL-productivity elasticity,1.0,Metal-substitution elasticity,0.5,81,-1.1743639707565308,-21.23180514574051,79.80801999568939,parameter_dependent
repair_support,0.5,EOL-productivity elasticity,1.0,Metal-substitution elasticity,1.0,81,-0.10233384370803833,-29.425756990909576,102.31215155124664,parameter_dependent
repair_support,0.5,EOL-productivity elasticity,1.0,Metal-substitution elasticity,2.0,81,0.2778139114379883,-14.787634015083313,191.15735590457916,parameter_dependent
repair_support,0.5,EOL-productivity elasticity,2.0,Metal-substitution elasticity,0.5,81,-0.09791338443756104,-10.234065294265747,56.98045599460602,parameter_dependent
repair_support,0.5,EOL-productivity elasticity,2.0,Metal-substitution elasticity,1.0,81,-1.165732741355896,-15.334179997444153,36.09187090396881,parameter_dependent
repair_support,0.5,EOL-productivity elasticity,2.0,Metal-substitution elasticity,2.0,81,0.7676060795783997,-19.018554627895355,100.47832536697388,parameter_dependent
repair_support,1.0,Armington elasticity,0.5,CET transformation elasticity,0.5,81,8.091603338718414,-29.58089715242386,126.42860442399979,parameter_dependent
repair_support,1.0,Armington elasticity,0.5,CET transformation elasticity,1.0,81,3.7296785712242126,-30.065344393253326,174.59809803962708,parameter_dependent
repair_support,1.0,Armington elasticity,0.5,CET transformation elasticity,2.0,81,3.26406466960907,-54.9130722284317,96.5310041308403,parameter_dependent
repair_support,1.0,Armington elasticity,1.0,CET transformation elasticity,0.5,81,12.612454533576965,-30.23177409172058,537.3977771997452,parameter_dependent
repair_support,1.0,Armington elasticity,1.0,CET transformation elasticity,1.0,81,5.273877561092377,-30.05795556306839,188.40766495466232,parameter_dependent
repair_support,1.0,Armington elasticity,1.0,CET transformation elasticity,2.0,81,-0.22444111108779907,-21.045530259609222,75.73355340957642,parameter_dependent
repair_support,1.0,Armington elasticity,2.0,CET transformation elasticity,0.5,81,14.796409845352173,-15.59203714132309,240.14962136745453,parameter_dependent
repair_support,1.0,Armington elasticity,2.0,CET transformation elasticity,1.0,81,3.8816909790039062,-30.030475974082947,90.66891759634018,parameter_dependent
repair_support,1.0,Armington elasticity,2.0,CET transformation elasticity,2.0,81,4.720847547054291,-29.881311893463135,104.14800637960434,parameter_dependent
repair_support,1.0,Armington elasticity,0.5,Circular-service elasticity,0.5,81,-3.828577160835266,-33.515079498291016,126.42860442399979,parameter_dependent
repair_support,1.0,Armington elasticity,0.5,Circular-service elasticity,1.0,81,-0.13700062036514282,-54.9130722284317,94.37916600704193,parameter_dependent
repair_support,1.0,Armington elasticity,0.5,Circular-service elasticity,2.0,81,16.754875361919403,-30.065344393253326,174.59809803962708,parameter_dependent
repair_support,1.0,Armington elasticity,1.0,Circular-service elasticity,0.5,81,-3.161142408847809,-18.01190823316574,89.18174690008163,parameter_dependent
repair_support,1.0,Armington elasticity,1.0,Circular-service elasticity,1.0,81,0.471038818359375,-21.045530259609222,220.23541074991226,parameter_dependent
repair_support,1.0,Armington elasticity,1.0,Circular-service elasticity,2.0,81,18.11042833328247,-30.23177409172058,537.3977771997452,parameter_dependent
repair_support,1.0,Armington elasticity,2.0,Circular-service elasticity,0.5,81,2.5967567563056946,-19.565552353858948,104.14800637960434,parameter_dependent
repair_support,1.0,Armington elasticity,2.0,Circular-service elasticity,1.0,81,2.6738418340682983,-15.59203714132309,77.23008924722672,parameter_dependent
repair_support,1.0,Armington elasticity,2.0,Circular-service elasticity,2.0,81,19.686968743801117,-30.030475974082947,240.14962136745453,parameter_dependent
repair_support,1.0,Armington elasticity,0.5,EOL-allocation elasticity,0.5,81,9.138792634010315,-24.346040070056915,94.37916600704193,parameter_dependent
repair_support,1.0,Armington elasticity,0.5,EOL-allocation elasticity,1.0,81,4.067907392978668,-54.9130722284317,174.59809803962708,parameter_dependent
repair_support,1.0,Armington elasticity,0.5,EOL-allocation elasticity,2.0,81,0.37510257959365845,-33.515079498291016,123.91679674386978,parameter_dependent
repair_support,1.0,Armington elasticity,1.0,EOL-allocation elasticity,0.5,81,10.7462477684021,-18.01190823316574,220.23541074991226,parameter_dependent
repair_support,1.0,Armington elasticity,1.0,EOL-allocation elasticity,1.0,81,6.564998686313629,-16.45749932527542,188.40766495466232,parameter_dependent
repair_support,1.0,Armington elasticity,1.0,EOL-allocation elasticity,2.0,81,1.7821568846702576,-30.23177409172058,537.3977771997452,parameter_dependent
repair_support,1.0,Armington elasticity,2.0,EOL-allocation elasticity,0.5,81,13.96065628528595,-12.521427035331726,99.61376285552979,parameter_dependent
repair_support,1.0,Armington elasticity,2.0,EOL-allocation elasticity,1.0,81,8.270150303840637,-19.565552353858948,200.06660574674606,parameter_dependent
repair_support,1.0,Armington elasticity,2.0,EOL-allocation elasticity,2.0,81,5.694903671741486,-30.030475974082947,240.14962136745453,parameter_dependent
repair_support,1.0,Armington elasticity,0.5,EOL-productivity elasticity,0.5,81,15.420958340168,-18.649187743663788,126.42860442399979,parameter_dependent
repair_support,1.0,Armington elasticity,0.5,EOL-productivity elasticity,1.0,81,2.4151212573051453,-33.515079498291016,95.64678066968918,parameter_dependent
repair_support,1.0,Armington elasticity,0.5,EOL-productivity elasticity,2.0,81,1.361964225769043,-54.9130722284317,174.59809803962708,parameter_dependent
repair_support,1.0,Armington elasticity,1.0,EOL-productivity elasticity,0.5,81,10.506675481796265,-18.01190823316574,220.23541074991226,parameter_dependent
repair_support,1.0,Armington elasticity,1.0,EOL-productivity elasticity,1.0,81,5.644054174423218,-30.23177409172058,537.3977771997452,parameter_dependent
repair_support,1.0,Armington elasticity,1.0,EOL-productivity elasticity,2.0,81,2.6746968626976013,-16.45749932527542,100.01043945550919,parameter_dependent
repair_support,1.0,Armington elasticity,2.0,EOL-productivity elasticity,0.5,81,8.270150303840637,-12.140285313129425,99.61376285552979,parameter_dependent
repair_support,1.0,Armington elasticity,2.0,EOL-productivity elasticity,1.0,81,9.37363576889038,-30.030475974082947,240.14962136745453,parameter_dependent
repair_support,1.0,Armington elasticity,2.0,EOL-productivity elasticity,2.0,81,7.913979768753052,-19.565552353858948,90.66891759634018,parameter_dependent
repair_support,1.0,Armington elasticity,0.5,Metal-substitution elasticity,0.5,81,-1.267641007900238,-21.27921414375305,33.527176439762115,parameter_dependent
repair_support,1.0,Armington elasticity,0.5,Metal-substitution elasticity,1.0,81,6.249394357204437,-33.515079498291016,126.42860442399979,parameter_dependent
repair_support,1.0,Armington elasticity,0.5,Metal-substitution elasticity,2.0,81,10.584559261798859,-54.9130722284317,174.59809803962708,parameter_dependent
repair_support,1.0,Armington elasticity,1.0,Metal-substitution elasticity,0.5,81,1.6559732556343079,-30.23177409172058,148.44684207439423,parameter_dependent
repair_support,1.0,Armington elasticity,1.0,Metal-substitution elasticity,1.0,81,4.506708741188049,-15.45812338590622,220.23541074991226,parameter_dependent
repair_support,1.0,Armington elasticity,1.0,Metal-substitution elasticity,2.0,81,10.506675481796265,-30.05795556306839,537.3977771997452,parameter_dependent
repair_support,1.0,Armington elasticity,2.0,Metal-substitution elasticity,0.5,81,3.3164352774620056,-29.881311893463135,200.06660574674606,parameter_dependent
repair_support,1.0,Armington elasticity,2.0,Metal-substitution elasticity,1.0,81,12.454756498336792,-30.030475974082947,126.28466683626175,parameter_dependent
repair_support,1.0,Armington elasticity,2.0,Metal-substitution elasticity,2.0,81,13.96065628528595,-28.461286067962646,240.14962136745453,parameter_dependent
repair_support,1.0,CET transformation elasticity,0.5,Circular-service elasticity,0.5,81,5.683319985866547,-12.224419891834259,126.42860442399979,parameter_dependent
repair_support,1.0,CET transformation elasticity,0.5,Circular-service elasticity,1.0,81,6.15352201461792,-15.67445820569992,220.23541074991226,parameter_dependent
repair_support,1.0,CET transformation elasticity,0.5,Circular-service elasticity,2.0,81,23.3010191321373,-30.23177409172058,537.3977771997452,parameter_dependent
repair_support,1.0,CET transformation elasticity,1.0,Circular-service elasticity,0.5,81,-3.8611890077590942,-22.95871013402939,123.91679674386978,parameter_dependent
repair_support,1.0,CET transformation elasticity,1.0,Circular-service elasticity,1.0,81,0.2793028950691223,-15.559064507484436,188.40766495466232,parameter_dependent
repair_support,1.0,CET transformation elasticity,1.0,Circular-service elasticity,2.0,81,17.530711114406586,-30.065344393253326,174.59809803962708,parameter_dependent
repair_support,1.0,CET transformation elasticity,2.0,Circular-service elasticity,0.5,81,-3.3190951347351074,-33.515079498291016,104.14800637960434,parameter_dependent
repair_support,1.0,CET transformation elasticity,2.0,Circular-service elasticity,1.0,81,-2.744437873363495,-54.9130722284317,77.23008924722672,parameter_dependent
repair_support,1.0,CET transformation elasticity,2.0,Circular-service elasticity,2.0,81,14.32910680770874,-29.881311893463135,88.60195624828339,parameter_dependent
repair_support,1.0,CET transformation elasticity,0.5,EOL-allocation elasticity,0.5,81,21.129535973072052,-9.320046722888947,220.23541074991226,parameter_dependent
repair_support,1.0,CET transformation elasticity,0.5,EOL-allocation elasticity,1.0,81,10.452085196971893,-15.59203714132309,200.06660574674606,parameter_dependent
repair_support,1.0,CET transformation elasticity,0.5,EOL-allocation elasticity,2.0,81,7.913979768753052,-30.23177409172058,537.3977771997452,parameter_dependent
repair_support,1.0,CET transformation elasticity,1.0,EOL-allocation elasticity,0.5,81,9.646178841590881,-13.635079503059387,94.37916600704193,parameter_dependent
repair_support,1.0,CET transformation elasticity,1.0,EOL-allocation elasticity,1.0,81,6.841809332370758,-22.95871013402939,188.40766495466232,parameter_dependent
repair_support,1.0,CET transformation elasticity,1.0,EOL-allocation elasticity,2.0,81,-2.5742027163505554,-30.065344393253326,123.91679674386978,parameter_dependent
repair_support,1.0,CET transformation elasticity,2.0,EOL-allocation elasticity,0.5,81,4.720847547054291,-24.346040070056915,77.23008924722672,parameter_dependent
repair_support,1.0,CET transformation elasticity,2.0,EOL-allocation elasticity,1.0,81,2.042747378349304,-54.9130722284317,104.14800637960434,parameter_dependent
repair_support,1.0,CET transformation elasticity,2.0,EOL-allocation elasticity,2.0,81,0.582205057144165,-33.515079498291016,88.60195624828339,parameter_dependent
repair_support,1.0,CET transformation elasticity,0.5,EOL-productivity elasticity,0.5,81,21.413019835948944,-8.23266452550888,220.23541074991226,parameter_dependent
repair_support,1.0,CET transformation elasticity,0.5,EOL-productivity elasticity,1.0,81,10.538934111595154,-30.23177409172058,537.3977771997452,parameter_dependent
repair_support,1.0,CET transformation elasticity,0.5,EOL-productivity elasticity,2.0,81,8.091603338718414,-15.59203714132309,100.01043945550919,parameter_dependent
repair_support,1.0,CET transformation elasticity,1.0,EOL-productivity elasticity,0.5,81,9.138792634010315,-13.617145597934723,123.91679674386978,parameter_dependent
repair_support,1.0,CET transformation elasticity,1.0,EOL-productivity elasticity,1.0,81,3.15973436832428,-30.065344393253326,188.40766495466232,parameter_dependent
repair_support,1.0,CET transformation elasticity,1.0,EOL-productivity elasticity,2.0,81,3.1041184067726135,-22.95871013402939,174.59809803962708,parameter_dependent
repair_support,1.0,CET transformation elasticity,2.0,EOL-productivity elasticity,0.5,81,6.505165934562683,-18.649187743663788,79.13684749603271,parameter_dependent
repair_support,1.0,CET transformation elasticity,2.0,EOL-productivity elasticity,1.0,81,0.9704829454421997,-33.515079498291016,104.14800637960434,parameter_dependent
repair_support,1.0,CET transformation elasticity,2.0,EOL-productivity elasticity,2.0,81,-1.8561075329780579,-54.9130722284317,96.5310041308403,parameter_dependent
repair_support,1.0,CET transformation elasticity,0.5,Metal-substitution elasticity,0.5,81,5.644054174423218,-30.23177409172058,200.06660574674606,parameter_dependent
repair_support,1.0,CET transformation elasticity,0.5,Metal-substitution elasticity,1.0,81,17.698936820030212,-29.58089715242386,220.23541074991226,parameter_dependent
repair_support,1.0,CET transformation elasticity,0.5,Metal-substitution elasticity,2.0,81,21.9957794547081,-15.67445820569992,537.3977771997452,parameter_dependent
repair_support,1.0,CET transformation elasticity,1.0,Metal-substitution elasticity,0.5,81,-0.9010105729103088,-29.803893387317657,90.66891759634018,parameter_dependent
repair_support,1.0,CET transformation elasticity,1.0,Metal-substitution elasticity,1.0,81,5.693116843700409,-30.065344393253326,123.91679674386978,parameter_dependent
repair_support,1.0,CET transformation elasticity,1.0,Metal-substitution elasticity,2.0,81,7.909213364124298,-30.05795556306839,188.40766495466232,parameter_dependent
repair_support,1.0,CET transformation elasticity,2.0,Metal-substitution elasticity,0.5,81,-1.6642373204231262,-29.881311893463135,75.73355340957642,parameter_dependent
repair_support,1.0,CET transformation elasticity,2.0,Metal-substitution elasticity,1.0,81,4.506708741188049,-33.515079498291016,79.13684749603271,parameter_dependent
repair_support,1.0,CET transformation elasticity,2.0,Metal-substitution elasticity,2.0,81,8.35169643163681,-54.9130722284317,104.14800637960434,parameter_dependent
repair_support,1.0,Circular-service elasticity,0.5,EOL-allocation elasticity,0.5,81,1.5826025605201721,-24.346040070056915,99.61376285552979,parameter_dependent
repair_support,1.0,Circular-service elasticity,0.5,EOL-allocation elasticity,1.0,81,-3.684822380542755,-22.95871013402939,126.42860442399979,parameter_dependent
repair_support,1.0,Circular-service elasticity,0.5,EOL-allocation elasticity,2.0,81,-3.2739561200141907,-33.515079498291016,123.91679674386978,parameter_dependent
repair_support,1.0,Circular-service elasticity,1.0,EOL-allocation elasticity,0.5,81,3.26406466960907,-5.500575125217438,220.23541074991226,parameter_dependent
repair_support,1.0,Circular-service elasticity,1.0,EOL-allocation elasticity,1.0,81,0.27272897958755493,-54.9130722284317,188.40766495466232,parameter_dependent
repair_support,1.0,Circular-service elasticity,1.0,EOL-allocation elasticity,2.0,81,-0.9513126611709595,-21.045530259609222,148.44684207439423,parameter_dependent
repair_support,1.0,Circular-service elasticity,2.0,EOL-allocation elasticity,0.5,81,19.476672649383545,-11.6948983669281,90.66891759634018,parameter_dependent
repair_support,1.0,Circular-service elasticity,2.0,EOL-allocation elasticity,1.0,81,18.11042833328247,-3.9316630959510803,200.06660574674606,parameter_dependent
repair_support,1.0,Circular-service elasticity,2.0,EOL-allocation elasticity,2.0,81,16.772697389125824,-30.23177409172058,537.3977771997452,parameter_dependent
repair_support,1.0,Circular-service elasticity,0.5,EOL-productivity elasticity,0.5,81,0.5245406627655029,-18.649187743663788,126.42860442399979,parameter_dependent
repair_support,1.0,Circular-service elasticity,0.5,EOL-productivity elasticity,1.0,81,-1.9518844485282898,-33.515079498291016,104.14800637960434,parameter_dependent
repair_support,1.0,Circular-service elasticity,0.5,EOL-productivity elasticity,2.0,81,-3.684822380542755,-24.346040070056915,96.5310041308403,parameter_dependent
repair_support,1.0,Circular-service elasticity,1.0,EOL-productivity elasticity,0.5,81,2.6738418340682983,-6.479605436325073,220.23541074991226,parameter_dependent
repair_support,1.0,Circular-service elasticity,1.0,EOL-productivity elasticity,1.0,81,0.845026433467865,-21.045530259609222,188.40766495466232,parameter_dependent
repair_support,1.0,Circular-service elasticity,1.0,EOL-productivity elasticity,2.0,81,-1.267641007900238,-54.9130722284317,100.01043945550919,parameter_dependent
repair_support,1.0,Circular-service elasticity,2.0,EOL-productivity elasticity,0.5,81,19.248527348041534,-0.862505316734314,83.57186776399612,parameter_dependent
repair_support,1.0,Circular-service elasticity,2.0,EOL-productivity elasticity,1.0,81,16.886599123477936,-30.23177409172058,537.3977771997452,parameter_dependent
repair_support,1.0,Circular-service elasticity,2.0,EOL-productivity elasticity,2.0,81,17.891351342201233,-11.6948983669281,174.59809803962708,parameter_dependent
repair_support,1.0,Circular-service elasticity,0.5,Metal-substitution elasticity,0.5,81,-4.558497428894043,-21.27921414375305,75.73355340957642,parameter_dependent
repair_support,1.0,Circular-service elasticity,0.5,Metal-substitution elasticity,1.0,81,-1.2021595239639282,-33.515079498291016,126.42860442399979,parameter_dependent
repair_support,1.0,Circular-service elasticity,0.5,Metal-substitution elasticity,2.0,81,6.476521015167236,-22.95871013402939,104.14800637960434,parameter_dependent
repair_support,1.0,Circular-service elasticity,1.0,Metal-substitution elasticity,0.5,81,-1.056241512298584,-21.045530259609222,148.44684207439423,parameter_dependent
repair_support,1.0,Circular-service elasticity,1.0,Metal-substitution elasticity,1.0,81,1.054340660572052,-15.561012089252472,220.23541074991226,parameter_dependent
repair_support,1.0,Circular-service elasticity,1.0,Metal-substitution elasticity,2.0,81,5.273877561092377,-54.9130722284317,188.40766495466232,parameter_dependent
repair_support,1.0,Circular-service elasticity,2.0,Metal-substitution elasticity,0.5,81,16.8178528547287,-30.23177409172058,200.06660574674606,parameter_dependent
repair_support,1.0,Circular-service elasticity,2.0,Metal-substitution elasticity,1.0,81,17.891351342201233,-30.065344393253326,126.28466683626175,parameter_dependent
repair_support,1.0,Circular-service elasticity,2.0,Metal-substitution elasticity,2.0,81,20.080545127391815,-30.05795556306839,537.3977771997452,parameter_dependent
repair_support,1.0,EOL-allocation elasticity,0.5,EOL-productivity elasticity,0.5,81,14.146751582622528,-18.01190823316574,220.23541074991226,parameter_dependent
repair_support,1.0,EOL-allocation elasticity,0.5,EOL-productivity elasticity,1.0,81,13.622908115386963,-16.68729943037033,107.20552551746368,parameter_dependent
repair_support,1.0,EOL-allocation elasticity,0.5,EOL-productivity elasticity,2.0,81,6.430707633495331,-24.346040070056915,90.66891759634018,parameter_dependent
repair_support,1.0,EOL-allocation elasticity,1.0,EOL-productivity elasticity,0.5,81,15.17372989654541,-18.649187743663788,126.42860442399979,parameter_dependent
repair_support,1.0,EOL-allocation elasticity,1.0,EOL-productivity elasticity,1.0,81,3.73654043674469,-10.449100196361542,200.06660574674606,parameter_dependent
repair_support,1.0,EOL-allocation elasticity,1.0,EOL-productivity elasticity,2.0,81,3.3164352774620056,-54.9130722284317,174.59809803962708,parameter_dependent
repair_support,1.0,EOL-allocation elasticity,2.0,EOL-productivity elasticity,0.5,81,5.273877561092377,-7.457500338554382,123.91679674386978,parameter_dependent
repair_support,1.0,EOL-allocation elasticity,2.0,EOL-productivity elasticity,1.0,81,-4.917159676551819,-33.515079498291016,537.3977771997452,parameter_dependent
repair_support,1.0,EOL-allocation elasticity,2.0,EOL-productivity elasticity,2.0,81,5.683319985866547,-7.603830933570862,43.375629246234894,parameter_dependent
repair_support,1.0,EOL-allocation elasticity,0.5,Metal-substitution elasticity,0.5,81,0.18196654319763184,-18.01190823316574,90.66891759634018,parameter_dependent
repair_support,1.0,EOL-allocation elasticity,0.5,Metal-substitution elasticity,1.0,81,14.773096442222595,-24.346040070056915,220.23541074991226,parameter_dependent
repair_support,1.0,EOL-allocation elasticity,0.5,Metal-substitution elasticity,2.0,81,13.21079170703888,-9.116517126560211,99.61376285552979,parameter_dependent
repair_support,1.0,EOL-allocation elasticity,1.0,Metal-substitution elasticity,0.5,81,0.16678494215011597,-18.649187743663788,200.06660574674606,parameter_dependent
repair_support,1.0,EOL-allocation elasticity,1.0,Metal-substitution elasticity,1.0,81,6.505165934562683,-19.565552353858948,126.42860442399979,parameter_dependent
repair_support,1.0,EOL-allocation elasticity,1.0,Metal-substitution elasticity,2.0,81,13.082995116710663,-54.9130722284317,188.40766495466232,parameter_dependent
repair_support,1.0,EOL-allocation elasticity,2.0,Metal-substitution elasticity,0.5,81,2.6738418340682983,-30.23177409172058,148.44684207439423,parameter_dependent
repair_support,1.0,EOL-allocation elasticity,2.0,Metal-substitution elasticity,1.0,81,3.028944969177246,-33.515079498291016,126.28466683626175,parameter_dependent
repair_support,1.0,EOL-allocation elasticity,2.0,Metal-substitution elasticity,2.0,81,5.273877561092377,-30.05795556306839,537.3977771997452,parameter_dependent
repair_support,1.0,EOL-productivity elasticity,0.5,Metal-substitution elasticity,0.5,81,-0.13700062036514282,-18.649187743663788,57.96778601408005,parameter_dependent
repair_support,1.0,EOL-productivity elasticity,0.5,Metal-substitution elasticity,1.0,81,13.682530522346497,-6.479605436325073,220.23541074991226,parameter_dependent
repair_support,1.0,EOL-productivity elasticity,0.5,Metal-substitution elasticity,2.0,81,17.981078624725342,-9.116517126560211,119.88003009557724,parameter_dependent
repair_support,1.0,EOL-productivity elasticity,1.0,Metal-substitution elasticity,0.5,81,0.18196654319763184,-30.23177409172058,200.06660574674606,parameter_dependent
repair_support,1.0,EOL-productivity elasticity,1.0,Metal-substitution elasticity,1.0,81,7.748862683773041,-33.515079498291016,126.28466683626175,parameter_dependent
repair_support,1.0,EOL-productivity elasticity,1.0,Metal-substitution elasticity,2.0,81,10.452085196971893,-30.05795556306839,537.3977771997452,parameter_dependent
repair_support,1.0,EOL-productivity elasticity,2.0,Metal-substitution elasticity,0.5,81,3.3164352774620056,-15.951947450637817,90.66891759634018,parameter_dependent
repair_support,1.0,EOL-productivity elasticity,2.0,Metal-substitution elasticity,1.0,81,1.2246572375297546,-24.346040070056915,89.65818923711777,parameter_dependent
repair_support,1.0,EOL-productivity elasticity,2.0,Metal-substitution elasticity,2.0,81,8.990502893924713,-54.9130722284317,174.59809803962708,parameter_dependent
repair_support,2.0,Armington elasticity,0.5,CET transformation elasticity,0.5,81,28.980816185474396,-43.21891987323761,233.23212736845016,parameter_dependent
repair_support,2.0,Armington elasticity,0.5,CET transformation elasticity,1.0,81,21.87710863351822,-31.36860865354538,222.6882422566414,parameter_dependent
repair_support,2.0,Armington elasticity,0.5,CET transformation elasticity,2.0,81,7.335142016410828,-60.19748592376709,144.8558422923088,parameter_dependent
repair_support,2.0,Armington elasticity,1.0,CET transformation elasticity,0.5,81,39.111996829509735,-31.125522077083588,517.8221728801727,parameter_dependent
repair_support,2.0,Armington elasticity,1.0,CET transformation elasticity,1.0,81,13.042557954788208,-57.018209755420685,598.4823403954506,parameter_dependent
repair_support,2.0,Armington elasticity,1.0,CET transformation elasticity,2.0,81,9.719647586345673,-42.297850608825684,206.92343825101852,parameter_dependent
repair_support,2.0,Armington elasticity,2.0,CET transformation elasticity,0.5,81,44.91199517250061,-31.43228405714035,376.8520851135254,parameter_dependent
repair_support,2.0,Armington elasticity,2.0,CET transformation elasticity,1.0,81,12.470271944999695,-312.7156110405922,240.98327618837357,parameter_dependent
repair_support,2.0,Armington elasticity,2.0,CET transformation elasticity,2.0,81,12.812794148921967,-135.76243847608566,234.10659801959991,parameter_dependent
repair_support,2.0,Armington elasticity,0.5,Circular-service elasticity,0.5,81,-1.1502764225006104,-41.517149925231934,233.23212736845016,parameter_dependent
repair_support,2.0,Armington elasticity,0.5,Circular-service elasticity,1.0,81,4.204783260822296,-60.19748592376709,123.24263310432434,parameter_dependent
repair_support,2.0,Armington elasticity,0.5,Circular-service elasticity,2.0,81,41.75670486688614,-43.21891987323761,222.6882422566414,parameter_dependent
repair_support,2.0,Armington elasticity,1.0,Circular-service elasticity,0.5,81,-1.2007141709327698,-57.018209755420685,168.91794329881668,parameter_dependent
repair_support,2.0,Armington elasticity,1.0,Circular-service elasticity,1.0,81,10.879080593585968,-31.125522077083588,204.60236501693726,parameter_dependent
repair_support,2.0,Armington elasticity,1.0,Circular-service elasticity,2.0,81,42.31206172704697,-8.612866401672363,598.4823403954506,parameter_dependent
repair_support,2.0,Armington elasticity,2.0,Circular-service elasticity,0.5,81,9.69072675704956,-101.56039041280746,224.56995517015457,parameter_dependent
repair_support,2.0,Armington elasticity,2.0,Circular-service elasticity,1.0,81,7.61665278673172,-41.05199694633484,157.1272246837616,parameter_dependent
repair_support,2.0,Armington elasticity,2.0,Circular-service elasticity,2.0,81,42.11970412731171,-312.7156110405922,376.8520851135254,parameter_dependent
repair_support,2.0,Armington elasticity,0.5,EOL-allocation elasticity,0.5,81,28.750555217266083,-26.015474438667297,216.35760378837585,parameter_dependent
repair_support,2.0,Armington elasticity,0.5,EOL-allocation elasticity,1.0,81,13.954484522342682,-60.19748592376709,197.46140444278717,parameter_dependent
repair_support,2.0,Armington elasticity,0.5,EOL-allocation elasticity,2.0,81,7.686500728130341,-43.21891987323761,233.23212736845016,parameter_dependent
repair_support,2.0,Armington elasticity,1.0,EOL-allocation elasticity,0.5,81,25.93261009454727,-38.52285301685333,204.60236501693726,parameter_dependent
repair_support,2.0,Armington elasticity,1.0,EOL-allocation elasticity,1.0,81,17.71383559703827,-57.018209755420685,510.71698731184006,parameter_dependent
repair_support,2.0,Armington elasticity,1.0,EOL-allocation elasticity,2.0,81,22.965015530586243,-31.125522077083588,598.4823403954506,parameter_dependent
repair_support,2.0,Armington elasticity,2.0,EOL-allocation elasticity,0.5,81,31.22792822122574,-17.572881996631622,240.98327618837357,parameter_dependent
repair_support,2.0,Armington elasticity,2.0,EOL-allocation elasticity,1.0,81,22.744695365428925,-31.14701509475708,209.1630056500435,parameter_dependent
repair_support,2.0,Armington elasticity,2.0,EOL-allocation elasticity,2.0,81,11.639572441577911,-312.7156110405922,376.8520851135254,parameter_dependent
repair_support,2.0,Armington elasticity,0.5,EOL-productivity elasticity,0.5,81,33.317734599113464,-30.407794892787933,197.46140444278717,parameter_dependent
repair_support,2.0,Armington elasticity,0.5,EOL-productivity elasticity,1.0,81,14.271503508090973,-43.21891987323761,233.23212736845016,parameter_dependent
repair_support,2.0,Armington elasticity,0.5,EOL-productivity elasticity,2.0,81,5.790321230888367,-60.19748592376709,216.35760378837585,parameter_dependent
repair_support,2.0,Armington elasticity,1.0,EOL-productivity elasticity,0.5,81,28.830375850200653,-38.52285301685333,204.60236501693726,parameter_dependent
repair_support,2.0,Armington elasticity,1.0,EOL-productivity elasticity,1.0,81,28.2319495677948,-42.297850608825684,598.4823403954506,parameter_dependent
repair_support,2.0,Armington elasticity,1.0,EOL-productivity elasticity,2.0,81,13.544953644275665,-57.018209755420685,510.71698731184006,parameter_dependent
repair_support,2.0,Armington elasticity,2.0,EOL-productivity elasticity,0.5,81,23.750414729118347,-101.56039041280746,157.1272246837616,parameter_dependent
repair_support,2.0,Armington elasticity,2.0,EOL-productivity elasticity,1.0,81,27.981545448303223,-312.7156110405922,376.8520851135254,parameter_dependent
repair_support,2.0,Armington elasticity,2.0,EOL-productivity elasticity,2.0,81,19.142601311206818,-31.14701509475708,240.98327618837357,parameter_dependent
repair_support,2.0,Armington elasticity,0.5,Metal-substitution elasticity,0.5,81,-1.0459361672401428,-43.21891987323761,84.08766627311707,parameter_dependent
repair_support,2.0,Armington elasticity,0.5,Metal-substitution elasticity,1.0,81,25.24064153432846,-41.517149925231934,233.23212736845016,parameter_dependent
repair_support,2.0,Armington elasticity,0.5,Metal-substitution elasticity,2.0,81,30.24094295501709,-60.19748592376709,197.46140444278717,parameter_dependent
repair_support,2.0,Armington elasticity,1.0,Metal-substitution elasticity,0.5,81,8.754552066326141,-38.52285301685333,161.0868192911148,parameter_dependent
repair_support,2.0,Armington elasticity,1.0,Metal-substitution elasticity,1.0,81,21.30842101573944,-42.297850608825684,433.6163741350174,parameter_dependent
repair_support,2.0,Armington elasticity,1.0,Metal-substitution elasticity,2.0,81,28.2319495677948,-57.018209755420685,598.4823403954506,parameter_dependent
repair_support,2.0,Armington elasticity,2.0,Metal-substitution elasticity,0.5,81,10.669622659683228,-42.31104266643524,240.98327618837357,parameter_dependent
repair_support,2.0,Armington elasticity,2.0,Metal-substitution elasticity,1.0,81,27.274492383003235,-312.7156110405922,234.10659801959991,parameter_dependent
repair_support,2.0,Armington elasticity,2.0,Metal-substitution elasticity,2.0,81,30.26405042409897,-135.76243847608566,376.8520851135254,parameter_dependent
repair_support,2.0,CET transformation elasticity,0.5,Circular-service elasticity,0.5,81,10.776982188224792,-17.44344460964203,233.23212736845016,parameter_dependent
repair_support,2.0,CET transformation elasticity,0.5,Circular-service elasticity,1.0,81,23.013017535209656,-31.432395577430725,204.60236501693726,parameter_dependent
repair_support,2.0,CET transformation elasticity,0.5,Circular-service elasticity,2.0,81,50.241041481494904,-43.21891987323761,517.8221728801727,parameter_dependent
repair_support,2.0,CET transformation elasticity,1.0,Circular-service elasticity,0.5,81,-1.0459361672401428,-57.018209755420685,224.56995517015457,parameter_dependent
repair_support,2.0,CET transformation elasticity,1.0,Circular-service elasticity,1.0,81,4.352694153785706,-31.14701509475708,195.31285095214844,parameter_dependent
repair_support,2.0,CET transformation elasticity,1.0,Circular-service elasticity,2.0,81,40.18162453174591,-312.7156110405922,598.4823403954506,parameter_dependent
repair_support,2.0,CET transformation elasticity,2.0,Circular-service elasticity,0.5,81,-1.0734727382659912,-101.56039041280746,144.8558422923088,parameter_dependent
repair_support,2.0,CET transformation elasticity,2.0,Circular-service elasticity,1.0,81,-1.421229362487793,-60.19748592376709,157.1272246837616,parameter_dependent
repair_support,2.0,CET transformation elasticity,2.0,Circular-service elasticity,2.0,81,33.355653524398804,-135.76243847608566,234.10659801959991,parameter_dependent
repair_support,2.0,CET transformation elasticity,0.5,EOL-allocation elasticity,0.5,81,40.1183807849884,-16.357282638549805,204.60236501693726,parameter_dependent
repair_support,2.0,CET transformation elasticity,0.5,EOL-allocation elasticity,1.0,81,36.88878220319748,-18.229847490787506,510.71698731184006,parameter_dependent
repair_support,2.0,CET transformation elasticity,0.5,EOL-allocation elasticity,2.0,81,41.02404856681824,-43.21891987323761,517.8221728801727,parameter_dependent
repair_support,2.0,CET transformation elasticity,1.0,EOL-allocation elasticity,0.5,81,27.83408498764038,-26.015474438667297,240.98327618837357,parameter_dependent
repair_support,2.0,CET transformation elasticity,1.0,EOL-allocation elasticity,1.0,81,13.042557954788208,-57.018209755420685,195.31285095214844,parameter_dependent
repair_support,2.0,CET transformation elasticity,1.0,EOL-allocation elasticity,2.0,81,6.418086469173431,-312.7156110405922,598.4823403954506,parameter_dependent
repair_support,2.0,CET transformation elasticity,2.0,EOL-allocation elasticity,0.5,81,24.107191503047943,-38.52285301685333,157.1272246837616,parameter_dependent
repair_support,2.0,CET transformation elasticity,2.0,EOL-allocation elasticity,1.0,81,11.329857289791107,-60.19748592376709,144.8558422923088,parameter_dependent
repair_support,2.0,CET transformation elasticity,2.0,EOL-allocation elasticity,2.0,81,4.462079286575317,-135.76243847608566,234.10659801959991,parameter_dependent
repair_support,2.0,CET transformation elasticity,0.5,EOL-productivity elasticity,0.5,81,43.877186357975006,-16.357282638549805,204.60236501693726,parameter_dependent
repair_support,2.0,CET transformation elasticity,0.5,EOL-productivity elasticity,1.0,81,41.57836163043976,-43.21891987323761,517.8221728801727,parameter_dependent
repair_support,2.0,CET transformation elasticity,0.5,EOL-productivity elasticity,2.0,81,25.24064153432846,-18.229847490787506,510.71698731184006,parameter_dependent
repair_support,2.0,CET transformation elasticity,1.0,EOL-productivity elasticity,0.5,81,22.744695365428925,-26.015474438667297,144.21388286352158,parameter_dependent
repair_support,2.0,CET transformation elasticity,1.0,EOL-productivity elasticity,1.0,81,15.739213466644287,-312.7156110405922,598.4823403954506,parameter_dependent
repair_support,2.0,CET transformation elasticity,1.0,EOL-productivity elasticity,2.0,81,12.251859784126282,-57.018209755420685,240.98327618837357,parameter_dependent
repair_support,2.0,CET transformation elasticity,2.0,EOL-productivity elasticity,0.5,81,16.15327137708664,-101.56039041280746,157.1272246837616,parameter_dependent
repair_support,2.0,CET transformation elasticity,2.0,EOL-productivity elasticity,1.0,81,8.255751013755798,-135.76243847608566,234.10659801959991,parameter_dependent
repair_support,2.0,CET transformation elasticity,2.0,EOL-productivity elasticity,2.0,81,6.535118341445923,-60.19748592376709,144.8558422923088,parameter_dependent
repair_support,2.0,CET transformation elasticity,0.5,Metal-substitution elasticity,0.5,81,17.71383559703827,-43.21891987323761,209.1630056500435,parameter_dependent
repair_support,2.0,CET transformation elasticity,0.5,Metal-substitution elasticity,1.0,81,42.16230899095535,-31.125522077083588,433.6163741350174,parameter_dependent
repair_support,2.0,CET transformation elasticity,0.5,Metal-substitution elasticity,2.0,81,44.18387597799301,-31.432395577430725,517.8221728801727,parameter_dependent
repair_support,2.0,CET transformation elasticity,1.0,Metal-substitution elasticity,0.5,81,6.809570252895355,-30.36745834350586,240.98327618837357,parameter_dependent
repair_support,2.0,CET transformation elasticity,1.0,Metal-substitution elasticity,1.0,81,26.6488139629364,-312.7156110405922,222.6882422566414,parameter_dependent
repair_support,2.0,CET transformation elasticity,1.0,Metal-substitution elasticity,2.0,81,22.744695365428925,-57.018209755420685,598.4823403954506,parameter_dependent
repair_support,2.0,CET transformation elasticity,2.0,Metal-substitution elasticity,0.5,81,-1.0734727382659912,-42.31104266643524,90.9686781167984,parameter_dependent
repair_support,2.0,CET transformation elasticity,2.0,Metal-substitution elasticity,1.0,81,11.233932316303253,-42.297850608825684,234.10659801959991,parameter_dependent
repair_support,2.0,CET transformation elasticity,2.0,Metal-substitution elasticity,2.0,81,24.107191503047943,-135.76243847608566,204.840103328228,parameter_dependent
repair_support,2.0,Circular-service elasticity,0.5,EOL-allocation elasticity,0.5,81,7.071014404296875,-38.52285301685333,157.16960644721985,parameter_dependent
repair_support,2.0,Circular-service elasticity,0.5,EOL-allocation elasticity,1.0,81,1.420063853263855,-57.018209755420685,181.30298519134521,parameter_dependent
repair_support,2.0,Circular-service elasticity,0.5,EOL-allocation elasticity,2.0,81,-1.2051969170570374,-101.56039041280746,233.23212736845016,parameter_dependent
repair_support,2.0,Circular-service elasticity,1.0,EOL-allocation elasticity,0.5,81,9.28248006105423,-16.835492253303528,204.60236501693726,parameter_dependent
repair_support,2.0,Circular-service elasticity,1.0,EOL-allocation elasticity,1.0,81,11.750953257083893,-60.19748592376709,195.31285095214844,parameter_dependent
repair_support,2.0,Circular-service elasticity,1.0,EOL-allocation elasticity,2.0,81,2.403298795223236,-41.05199694633484,160.3513581752777,parameter_dependent
repair_support,2.0,Circular-service elasticity,2.0,EOL-allocation elasticity,0.5,81,40.66718178987503,5.948441445827484,240.98327618837357,primary_metal_saving
repair_support,2.0,Circular-service elasticity,2.0,EOL-allocation elasticity,1.0,81,40.27247095108032,-18.056801557540894,510.71698731184006,parameter_dependent
repair_support,2.0,Circular-service elasticity,2.0,EOL-allocation elasticity,2.0,81,46.88333284854889,-312.7156110405922,598.4823403954506,parameter_dependent
repair_support,2.0,Circular-service elasticity,0.5,EOL-productivity elasticity,0.5,81,2.9973111152648926,-101.56039041280746,144.21388286352158,parameter_dependent
repair_support,2.0,Circular-service elasticity,0.5,EOL-productivity elasticity,1.0,81,7.071014404296875,-42.297850608825684,233.23212736845016,parameter_dependent
repair_support,2.0,Circular-service elasticity,0.5,EOL-productivity elasticity,2.0,81,-1.1502764225006104,-57.018209755420685,181.30298519134521,parameter_dependent
repair_support,2.0,Circular-service elasticity,1.0,EOL-productivity elasticity,0.5,81,9.558076798915863,-10.93962812423706,204.60236501693726,parameter_dependent
repair_support,2.0,Circular-service elasticity,1.0,EOL-productivity elasticity,1.0,81,4.059723436832428,-41.05199694633484,197.88625502586365,parameter_dependent
repair_support,2.0,Circular-service elasticity,1.0,EOL-productivity elasticity,2.0,81,6.535118341445923,-60.19748592376709,125.45564407110214,parameter_dependent
repair_support,2.0,Circular-service elasticity,2.0,EOL-productivity elasticity,0.5,81,42.31206172704697,2.6967946887016296,197.46140444278717,primary_metal_saving
repair_support,2.0,Circular-service elasticity,2.0,EOL-productivity elasticity,1.0,81,41.57836163043976,-312.7156110405922,598.4823403954506,parameter_dependent
repair_support,2.0,Circular-service elasticity,2.0,EOL-productivity elasticity,2.0,81,41.02404856681824,-18.056801557540894,510.71698731184006,parameter_dependent
repair_support,2.0,Circular-service elasticity,0.5,Metal-substitution elasticity,0.5,81,-1.820690393447876,-38.52285301685333,202.59403789043427,parameter_dependent
repair_support,2.0,Circular-service elasticity,0.5,Metal-substitution elasticity,1.0,81,2.9106785655021667,-42.297850608825684,233.23212736845016,parameter_dependent
repair_support,2.0,Circular-service elasticity,0.5,Metal-substitution elasticity,2.0,81,9.69072675704956,-101.56039041280746,224.56995517015457,parameter_dependent
repair_support,2.0,Circular-service elasticity,1.0,Metal-substitution elasticity,0.5,81,-2.956736207008362,-41.05199694633484,132.57664054632187,parameter_dependent
repair_support,2.0,Circular-service elasticity,1.0,Metal-substitution elasticity,1.0,81,8.050759136676788,-31.482880532741547,204.60236501693726,parameter_dependent
repair_support,2.0,Circular-service elasticity,1.0,Metal-substitution elasticity,2.0,81,22.744695365428925,-60.19748592376709,195.31285095214844,parameter_dependent
repair_support,2.0,Circular-service elasticity,2.0,Metal-substitution elasticity,0.5,81,36.90846103429794,-43.21891987323761,240.98327618837357,parameter_dependent
repair_support,2.0,Circular-service elasticity,2.0,Metal-substitution elasticity,1.0,81,44.053986728191376,-312.7156110405922,433.6163741350174,parameter_dependent
repair_support,2.0,Circular-service elasticity,2.0,Metal-substitution elasticity,2.0,81,48.02423745393753,-135.76243847608566,598.4823403954506,parameter_dependent
repair_support,2.0,EOL-allocation elasticity,0.5,EOL-productivity elasticity,0.5,81,32.73480439186096,-38.52285301685333,204.60236501693726,parameter_dependent
repair_support,2.0,EOL-allocation elasticity,0.5,EOL-productivity elasticity,1.0,81,30.574587047100067,-20.564519703388214,197.88625502586365,parameter_dependent
repair_support,2.0,EOL-allocation elasticity,0.5,EOL-productivity elasticity,2.0,81,19.142601311206818,-25.922074675559998,240.98327618837357,parameter_dependent
repair_support,2.0,EOL-allocation elasticity,1.0,EOL-productivity elasticity,0.5,81,31.065836131572723,-26.244463086128235,197.46140444278717,parameter_dependent
repair_support,2.0,EOL-allocation elasticity,1.0,EOL-productivity elasticity,1.0,81,11.750953257083893,-42.297850608825684,433.6163741350174,parameter_dependent
repair_support,2.0,EOL-allocation elasticity,1.0,EOL-productivity elasticity,2.0,81,14.586382687091827,-60.19748592376709,510.71698731184006,parameter_dependent
repair_support,2.0,EOL-allocation elasticity,2.0,EOL-productivity elasticity,0.5,81,8.050759136676788,-101.56039041280746,155.68871784210205,parameter_dependent
repair_support,2.0,EOL-allocation elasticity,2.0,EOL-productivity elasticity,1.0,81,14.271503508090973,-312.7156110405922,598.4823403954506,parameter_dependent
repair_support,2.0,EOL-allocation elasticity,2.0,EOL-productivity elasticity,2.0,81,9.157153010368347,-23.276731312274933,114.2875195145607,parameter_dependent
repair_support,2.0,EOL-allocation elasticity,0.5,Metal-substitution elasticity,0.5,81,5.790321230888367,-38.52285301685333,240.98327618837357,parameter_dependent
repair_support,2.0,EOL-allocation elasticity,0.5,Metal-substitution elasticity,1.0,81,31.726980566978455,-25.922074675559998,216.35760378837585,parameter_dependent
repair_support,2.0,EOL-allocation elasticity,0.5,Metal-substitution elasticity,2.0,81,36.29176586866379,-18.367686867713928,168.6128607392311,parameter_dependent
repair_support,2.0,EOL-allocation elasticity,1.0,Metal-substitution elasticity,0.5,81,1.420063853263855,-27.70078843832016,209.1630056500435,parameter_dependent
repair_support,2.0,EOL-allocation elasticity,1.0,Metal-substitution elasticity,1.0,81,14.601262211799622,-42.297850608825684,433.6163741350174,parameter_dependent
repair_support,2.0,EOL-allocation elasticity,1.0,Metal-substitution elasticity,2.0,81,31.021521985530853,-60.19748592376709,510.71698731184006,parameter_dependent
repair_support,2.0,EOL-allocation elasticity,2.0,Metal-substitution elasticity,0.5,81,8.363548755645752,-43.21891987323761,202.59403789043427,parameter_dependent
repair_support,2.0,EOL-allocation elasticity,2.0,Metal-substitution elasticity,1.0,81,12.15167373418808,-312.7156110405922,234.10659801959991,parameter_dependent
repair_support,2.0,EOL-allocation elasticity,2.0,Metal-substitution elasticity,2.0,81,19.34995710849762,-135.76243847608566,598.4823403954506,parameter_dependent
repair_support,2.0,EOL-productivity elasticity,0.5,Metal-substitution elasticity,0.5,81,1.0238284468650818,-38.52285301685333,125.17298245429993,parameter_dependent
repair_support,2.0,EOL-productivity elasticity,0.5,Metal-substitution elasticity,1.0,81,36.445408165454865,-22.786520063877106,204.60236501693726,parameter_dependent
repair_support,2.0,EOL-productivity elasticity,0.5,Metal-substitution elasticity,2.0,81,33.399626553058624,-101.56039041280746,197.46140444278717,parameter_dependent
repair_support,2.0,EOL-productivity elasticity,1.0,Metal-substitution elasticity,0.5,81,5.948441445827484,-43.21891987323761,209.1630056500435,parameter_dependent
repair_support,2.0,EOL-productivity elasticity,1.0,Metal-substitution elasticity,1.0,81,31.726980566978455,-312.7156110405922,433.6163741350174,parameter_dependent
repair_support,2.0,EOL-productivity elasticity,1.0,Metal-substitution elasticity,2.0,81,30.574587047100067,-135.76243847608566,598.4823403954506,parameter_dependent
repair_support,2.0,EOL-productivity elasticity,2.0,Metal-substitution elasticity,0.5,81,9.890031039714813,-27.70078843832016,240.98327618837357,parameter_dependent
repair_support,2.0,EOL-productivity elasticity,2.0,Metal-substitution elasticity,1.0,81,12.15167373418808,-31.482880532741547,216.35760378837585,parameter_dependent
repair_support,2.0,EOL-productivity elasticity,2.0,Metal-substitution elasticity,2.0,81,23.013017535209656,-60.19748592376709,510.71698731184006,parameter_dependent
reuse_support,0.25,Armington elasticity,0.5,CET transformation elasticity,0.5,81,211.2876358628273,-90.2853809595108,39768.95033365488,parameter_dependent
reuse_support,0.25,Armington elasticity,0.5,CET transformation elasticity,1.0,81,47.72666692733765,-383.12561589479446,1455.167158961296,parameter_dependent
reuse_support,0.25,Armington elasticity,0.5,CET transformation elasticity,2.0,81,-26.253764808177948,-188.27519685029984,970.9439428448677,parameter_dependent
reuse_support,0.25,Armington elasticity,1.0,CET transformation elasticity,0.5,81,213.04333478212357,-75.72794288396835,3463.960653722286,parameter_dependent
reuse_support,0.25,Armington elasticity,1.0,CET transformation elasticity,1.0,81,52.75762516260147,-121.90157490968704,992.8038641214371,parameter_dependent
reuse_support,0.25,Armington elasticity,1.0,CET transformation elasticity,2.0,81,-21.88268131017685,-153.46770507097244,1537.5108580589294,parameter_dependent
reuse_support,0.25,Armington elasticity,2.0,CET transformation elasticity,0.5,81,379.4209845662117,-77.41475361585617,2385.4936759471893,parameter_dependent
reuse_support,0.25,Armington elasticity,2.0,CET transformation elasticity,1.0,81,107.95421290397644,-103.7259835600853,1477.8471168875694,parameter_dependent
reuse_support,0.25,Armington elasticity,2.0,CET transformation elasticity,2.0,81,-3.248222529888153,-148.01956206560135,986.6909735202789,parameter_dependent
reuse_support,0.25,Armington elasticity,0.5,Circular-service elasticity,0.5,81,-70.69460165500641,-188.27519685029984,39768.95033365488,parameter_dependent
reuse_support,0.25,Armington elasticity,0.5,Circular-service elasticity,1.0,81,45.404240012168884,-102.98388296365738,1343.2257731556892,parameter_dependent
reuse_support,0.25,Armington elasticity,0.5,Circular-service elasticity,2.0,81,534.3763256072998,-383.12561589479446,2734.590646445751,parameter_dependent
reuse_support,0.25,Armington elasticity,1.0,Circular-service elasticity,0.5,81,-56.064775824546814,-153.46770507097244,271.20211213827133,parameter_dependent
reuse_support,0.25,Armington elasticity,1.0,Circular-service elasticity,1.0,81,53.3381085395813,-62.55210566520691,1909.3172830939293,parameter_dependent
reuse_support,0.25,Armington elasticity,1.0,Circular-service elasticity,2.0,81,540.6172413825989,284.84522980451584,3463.960653722286,primary_metal_saving
reuse_support,0.25,Armington elasticity,2.0,Circular-service elasticity,0.5,81,-69.24159646034241,-148.01956206560135,672.8859817385674,parameter_dependent
reuse_support,0.25,Armington elasticity,2.0,Circular-service elasticity,1.0,81,120.67710340023041,-13.653018534183502,2385.4936759471893,parameter_dependent
reuse_support,0.25,Armington elasticity,2.0,Circular-service elasticity,2.0,81,615.2033402323723,374.5948299765587,2257.8789890408516,primary_metal_saving
reuse_support,0.25,Armington elasticity,0.5,EOL-allocation elasticity,0.5,81,33.39658272266388,-383.12561589479446,964.8778014183044,parameter_dependent
reuse_support,0.25,Armington elasticity,0.5,EOL-allocation elasticity,1.0,81,96.57299160957336,-135.60867881774902,2734.590646445751,parameter_dependent
reuse_support,0.25,Armington elasticity,0.5,EOL-allocation elasticity,2.0,81,108.7582505941391,-188.27519685029984,39768.95033365488,parameter_dependent
reuse_support,0.25,Armington elasticity,1.0,EOL-allocation elasticity,0.5,81,54.64461666345596,-134.99858736991882,800.589119553566,parameter_dependent
reuse_support,0.25,Armington elasticity,1.0,EOL-allocation elasticity,1.0,81,53.3381085395813,-127.80998384952545,3463.960653722286,parameter_dependent
reuse_support,0.25,Armington elasticity,1.0,EOL-allocation elasticity,2.0,81,84.77169942855835,-153.46770507097244,2023.455595433712,parameter_dependent
reuse_support,0.25,Armington elasticity,2.0,EOL-allocation elasticity,0.5,81,131.14429777860641,-148.01956206560135,1435.2978578209877,parameter_dependent
reuse_support,0.25,Armington elasticity,2.0,EOL-allocation elasticity,1.0,81,163.47012621164322,-105.97286748886108,2257.8789890408516,parameter_dependent
reuse_support,0.25,Armington elasticity,2.0,EOL-allocation elasticity,2.0,81,227.60035747289658,-98.54645770788193,2385.4936759471893,parameter_dependent
reuse_support,0.25,Armington elasticity,0.5,EOL-productivity elasticity,0.5,81,42.49195873737335,-133.6826474070549,986.9592397212982,parameter_dependent
reuse_support,0.25,Armington elasticity,0.5,EOL-productivity elasticity,1.0,81,119.73346215486526,-123.75627362728119,2495.6717341542244,parameter_dependent
reuse_support,0.25,Armington elasticity,0.5,EOL-productivity elasticity,2.0,81,74.63387662172318,-383.12561589479446,39768.95033365488,parameter_dependent
reuse_support,0.25,Armington elasticity,1.0,EOL-productivity elasticity,0.5,81,52.533241271972656,-106.5785384774208,883.5251907706261,parameter_dependent
reuse_support,0.25,Armington elasticity,1.0,EOL-productivity elasticity,1.0,81,55.399005711078644,-134.99858736991882,2023.455595433712,parameter_dependent
reuse_support,0.25,Armington elasticity,1.0,EOL-productivity elasticity,2.0,81,101.40600883960724,-153.46770507097244,3463.960653722286,parameter_dependent
reuse_support,0.25,Armington elasticity,2.0,EOL-productivity elasticity,0.5,81,129.54507368803024,-148.01956206560135,1042.8428543806076,parameter_dependent
reuse_support,0.25,Armington elasticity,2.0,EOL-productivity elasticity,1.0,81,233.21444618701935,-98.54645770788193,2385.4936759471893,parameter_dependent
reuse_support,0.25,Armington elasticity,2.0,EOL-productivity elasticity,2.0,81,229.8478061556816,-105.97286748886108,2257.8789890408516,parameter_dependent
reuse_support,0.25,Armington elasticity,0.5,Metal-substitution elasticity,0.5,81,85.32275038957596,-183.2221036553383,2483.354954957962,parameter_dependent
reuse_support,0.25,Armington elasticity,0.5,Metal-substitution elasticity,1.0,81,48.049933075904846,-383.12561589479446,2734.590646445751,parameter_dependent
reuse_support,0.25,Armington elasticity,0.5,Metal-substitution elasticity,2.0,81,161.14124822616577,-177.96561866998672,39768.95033365488,parameter_dependent
reuse_support,0.25,Armington elasticity,1.0,Metal-substitution elasticity,0.5,81,55.399005711078644,-153.46770507097244,2681.277292251587,parameter_dependent
reuse_support,0.25,Armington elasticity,1.0,Metal-substitution elasticity,1.0,81,84.56349563598633,-141.8639709353447,3463.960653722286,parameter_dependent
reuse_support,0.25,Armington elasticity,1.0,Metal-substitution elasticity,2.0,81,73.55875182151794,-125.4974274635315,1575.7125580310822,parameter_dependent
reuse_support,0.25,Armington elasticity,2.0,Metal-substitution elasticity,0.5,81,185.84207159280777,-148.01956206560135,1435.2978578209877,parameter_dependent
reuse_support,0.25,Armington elasticity,2.0,Metal-substitution elasticity,1.0,81,230.3033283352852,-114.49269407987595,1758.982497215271,parameter_dependent
reuse_support,0.25,Armington elasticity,2.0,Metal-substitution elasticity,2.0,81,131.14429777860641,-101.26909101009369,2385.4936759471893,parameter_dependent
reuse_support,0.25,CET transformation elasticity,0.5,Circular-service elasticity,0.5,81,-3.0779165625572205,-90.2853809595108,39768.95033365488,parameter_dependent
reuse_support,0.25,CET transformation elasticity,0.5,Circular-service elasticity,1.0,81,229.8478061556816,81.85211449861526,2385.4936759471893,primary_metal_saving
reuse_support,0.25,CET transformation elasticity,0.5,Circular-service elasticity,2.0,81,749.8653033971786,422.608496427536,3463.960653722286,primary_metal_saving
reuse_support,0.25,CET transformation elasticity,1.0,Circular-service elasticity,0.5,81,-76.62575101852417,-128.8132083415985,165.27882367372513,parameter_dependent
reuse_support,0.25,CET transformation elasticity,1.0,Circular-service elasticity,1.0,81,82.72399985790253,15.711906969547272,992.8038641214371,primary_metal_saving
reuse_support,0.25,CET transformation elasticity,1.0,Circular-service elasticity,2.0,81,545.6629630327225,-383.12561589479446,1477.8471168875694,parameter_dependent
reuse_support,0.25,CET transformation elasticity,2.0,Circular-service elasticity,0.5,81,-91.03184986114502,-188.27519685029984,237.7814183831215,parameter_dependent
reuse_support,0.25,CET transformation elasticity,2.0,Circular-service elasticity,1.0,81,-14.983689427375793,-102.98388296365738,240.91772693395615,parameter_dependent
reuse_support,0.25,CET transformation elasticity,2.0,Circular-service elasticity,2.0,81,417.01511257886887,180.41710484027863,1537.5108580589294,primary_metal_saving
reuse_support,0.25,CET transformation elasticity,0.5,EOL-allocation elasticity,0.5,81,189.52309000492096,-90.2853809595108,1435.2978578209877,parameter_dependent
reuse_support,0.25,CET transformation elasticity,0.5,EOL-allocation elasticity,1.0,81,285.9661980867386,-88.39101052284241,3463.960653722286,parameter_dependent
reuse_support,0.25,CET transformation elasticity,0.5,EOL-allocation elasticity,2.0,81,422.608496427536,-77.41475361585617,39768.95033365488,parameter_dependent
reuse_support,0.25,CET transformation elasticity,1.0,EOL-allocation elasticity,0.5,81,54.64461666345596,-383.12561589479446,684.6566597819328,parameter_dependent
reuse_support,0.25,CET transformation elasticity,1.0,EOL-allocation elasticity,1.0,81,93.96762710809708,-97.95545595884323,1455.167158961296,parameter_dependent
reuse_support,0.25,CET transformation elasticity,1.0,EOL-allocation elasticity,2.0,81,99.47048169374466,-128.8132083415985,1477.8471168875694,parameter_dependent
reuse_support,0.25,CET transformation elasticity,2.0,EOL-allocation elasticity,0.5,81,-12.699337005615234,-148.01956206560135,480.30218744277954,parameter_dependent
reuse_support,0.25,CET transformation elasticity,2.0,EOL-allocation elasticity,1.0,81,-14.859529793262482,-135.60867881774902,1537.5108580589294,parameter_dependent
reuse_support,0.25,CET transformation elasticity,2.0,EOL-allocation elasticity,2.0,81,-6.4065165519714355,-188.27519685029984,1265.6817498207092,parameter_dependent
reuse_support,0.25,CET transformation elasticity,0.5,EOL-productivity elasticity,0.5,81,189.52309000492096,-77.41475361585617,1042.8428543806076,parameter_dependent
reuse_support,0.25,CET transformation elasticity,0.5,EOL-productivity elasticity,1.0,81,315.2447830438614,-90.2853809595108,2495.6717341542244,parameter_dependent
reuse_support,0.25,CET transformation elasticity,0.5,EOL-productivity elasticity,2.0,81,300.6091482639313,-67.33172619342804,39768.95033365488,parameter_dependent
reuse_support,0.25,CET transformation elasticity,1.0,EOL-productivity elasticity,0.5,81,52.533241271972656,-121.4233409166336,645.0132864713669,parameter_dependent
reuse_support,0.25,CET transformation elasticity,1.0,EOL-productivity elasticity,1.0,81,99.57889050245285,-121.90157490968704,1477.8471168875694,parameter_dependent
reuse_support,0.25,CET transformation elasticity,1.0,EOL-productivity elasticity,2.0,81,82.94631671905518,-383.12561589479446,1455.167158961296,parameter_dependent
reuse_support,0.25,CET transformation elasticity,2.0,EOL-productivity elasticity,0.5,81,-13.653018534183502,-148.01956206560135,483.7971640229225,parameter_dependent
reuse_support,0.25,CET transformation elasticity,2.0,EOL-productivity elasticity,1.0,81,-9.061298906803131,-134.99858736991882,1537.5108580589294,parameter_dependent
reuse_support,0.25,CET transformation elasticity,2.0,EOL-productivity elasticity,2.0,81,-12.973324358463287,-188.27519685029984,1265.6817498207092,parameter_dependent
reuse_support,0.25,CET transformation elasticity,0.5,Metal-substitution elasticity,0.5,81,238.29334956407547,-77.41475361585617,2681.277292251587,parameter_dependent
reuse_support,0.25,CET transformation elasticity,0.5,Metal-substitution elasticity,1.0,81,260.8868440389633,-88.39101052284241,3463.960653722286,parameter_dependent
reuse_support,0.25,CET transformation elasticity,0.5,Metal-substitution elasticity,2.0,81,246.1100870370865,-90.2853809595108,39768.95033365488,parameter_dependent
reuse_support,0.25,CET transformation elasticity,1.0,Metal-substitution elasticity,0.5,81,82.72399985790253,-128.8132083415985,1361.3754366636276,parameter_dependent
reuse_support,0.25,CET transformation elasticity,1.0,Metal-substitution elasticity,1.0,81,78.36755281686783,-383.12561589479446,1232.358578324318,parameter_dependent
reuse_support,0.25,CET transformation elasticity,1.0,Metal-substitution elasticity,2.0,81,96.17704731225967,-126.97080355882645,1477.8471168875694,parameter_dependent
reuse_support,0.25,CET transformation elasticity,2.0,Metal-substitution elasticity,0.5,81,-11.156261026859283,-183.2221036553383,1537.5108580589294,parameter_dependent
reuse_support,0.25,CET transformation elasticity,2.0,Metal-substitution elasticity,1.0,81,-13.653018534183502,-188.27519685029984,970.9439428448677,parameter_dependent
reuse_support,0.25,CET transformation elasticity,2.0,Metal-substitution elasticity,2.0,81,-22.641437232494354,-177.96561866998672,1265.6817498207092,parameter_dependent
reuse_support,0.25,Circular-service elasticity,0.5,EOL-allocation elasticity,0.5,81,-68.27837485074997,-148.01956206560135,323.02542275190353,parameter_dependent
reuse_support,0.25,Circular-service elasticity,0.5,EOL-allocation elasticity,1.0,81,-66.90287870168686,-135.60867881774902,672.8859817385674,parameter_dependent
reuse_support,0.25,Circular-service elasticity,0.5,EOL-allocation elasticity,2.0,81,-70.91096633672714,-188.27519685029984,39768.95033365488,parameter_dependent
reuse_support,0.25,Circular-service elasticity,1.0,EOL-allocation elasticity,0.5,81,65.21511548757553,-102.98388296365738,519.1356511712074,parameter_dependent
reuse_support,0.25,Circular-service elasticity,1.0,EOL-allocation elasticity,1.0,81,93.96762710809708,-64.31943136453629,1599.5349938869476,parameter_dependent
reuse_support,0.25,Circular-service elasticity,1.0,EOL-allocation elasticity,2.0,81,99.47048169374466,-64.17450439929962,2385.4936759471893,parameter_dependent
reuse_support,0.25,Circular-service elasticity,2.0,EOL-allocation elasticity,0.5,81,524.4248681664467,-383.12561589479446,1435.2978578209877,parameter_dependent
reuse_support,0.25,Circular-service elasticity,2.0,EOL-allocation elasticity,1.0,81,608.4451509714127,180.41710484027863,3463.960653722286,primary_metal_saving
reuse_support,0.25,Circular-service elasticity,2.0,EOL-allocation elasticity,2.0,81,570.3588798642159,339.3457753062248,2495.6717341542244,primary_metal_saving
reuse_support,0.25,Circular-service elasticity,0.5,EOL-productivity elasticity,0.5,81,-70.69460165500641,-148.01956206560135,165.0520493388176,parameter_dependent
reuse_support,0.25,Circular-service elasticity,0.5,EOL-productivity elasticity,1.0,81,-70.21924662590027,-134.99858736991882,593.9446106553078,parameter_dependent
reuse_support,0.25,Circular-service elasticity,0.5,EOL-productivity elasticity,2.0,81,-62.447529911994934,-188.27519685029984,39768.95033365488,parameter_dependent
reuse_support,0.25,Circular-service elasticity,1.0,EOL-productivity elasticity,0.5,81,50.60689580440521,-102.98388296365738,992.5791449546814,parameter_dependent
reuse_support,0.25,Circular-service elasticity,1.0,EOL-productivity elasticity,1.0,81,101.28163701295853,-92.97684782743454,2385.4936759471893,parameter_dependent
reuse_support,0.25,Circular-service elasticity,1.0,EOL-productivity elasticity,2.0,81,84.56349563598633,-97.65320867300034,1599.5349938869476,parameter_dependent
reuse_support,0.25,Circular-service elasticity,2.0,EOL-productivity elasticity,0.5,81,513.65910333395,180.41710484027863,1042.8428543806076,primary_metal_saving
reuse_support,0.25,Circular-service elasticity,2.0,EOL-productivity elasticity,1.0,81,608.4451509714127,284.84522980451584,2495.6717341542244,primary_metal_saving
reuse_support,0.25,Circular-service elasticity,2.0,EOL-productivity elasticity,2.0,81,545.6629630327225,-383.12561589479446,3463.960653722286,parameter_dependent
reuse_support,0.25,Circular-service elasticity,0.5,Metal-substitution elasticity,0.5,81,-72.39184856414795,-183.2221036553383,593.9446106553078,parameter_dependent
reuse_support,0.25,Circular-service elasticity,0.5,Metal-substitution elasticity,1.0,81,-68.27837485074997,-188.27519685029984,672.8859817385674,parameter_dependent
reuse_support,0.25,Circular-service elasticity,0.5,Metal-substitution elasticity,2.0,81,-67.78811258077621,-177.96561866998672,39768.95033365488,parameter_dependent
reuse_support,0.25,Circular-service elasticity,1.0,Metal-substitution elasticity,0.5,81,85.32275038957596,-97.65320867300034,1909.3172830939293,parameter_dependent
reuse_support,0.25,Circular-service elasticity,1.0,Metal-substitution elasticity,1.0,81,82.94631671905518,-92.97684782743454,1599.5349938869476,parameter_dependent
reuse_support,0.25,Circular-service elasticity,1.0,Metal-substitution elasticity,2.0,81,73.55875182151794,-102.98388296365738,2385.4936759471893,parameter_dependent
reuse_support,0.25,Circular-service elasticity,2.0,Metal-substitution elasticity,0.5,81,570.3588798642159,313.5250954627991,2681.277292251587,primary_metal_saving
reuse_support,0.25,Circular-service elasticity,2.0,Metal-substitution elasticity,1.0,81,572.4620104432106,-383.12561589479446,3463.960653722286,parameter_dependent
reuse_support,0.25,Circular-service elasticity,2.0,Metal-substitution elasticity,2.0,81,547.9397732019424,180.41710484027863,2495.6717341542244,primary_metal_saving
reuse_support,0.25,EOL-allocation elasticity,0.5,EOL-productivity elasticity,0.5,81,87.92124128341675,-148.01956206560135,964.8778014183044,parameter_dependent
reuse_support,0.25,EOL-allocation elasticity,0.5,EOL-productivity elasticity,1.0,81,85.816690325737,-134.99858736991882,972.6101217269897,parameter_dependent
reuse_support,0.25,EOL-allocation elasticity,0.5,EOL-productivity elasticity,2.0,81,65.41588443517685,-383.12561589479446,1435.2978578209877,parameter_dependent
reuse_support,0.25,EOL-allocation elasticity,1.0,EOL-productivity elasticity,0.5,81,45.404240012168884,-104.67128038406372,833.9542440772057,parameter_dependent
reuse_support,0.25,EOL-allocation elasticity,1.0,EOL-productivity elasticity,1.0,81,80.54384487867355,-96.85080295801163,1537.5108580589294,parameter_dependent
reuse_support,0.25,EOL-allocation elasticity,1.0,EOL-productivity elasticity,2.0,81,300.37031066417694,-135.60867881774902,3463.960653722286,parameter_dependent
reuse_support,0.25,EOL-allocation elasticity,2.0,EOL-productivity elasticity,0.5,81,50.60689580440521,-121.4233409166336,1042.8428543806076,parameter_dependent
reuse_support,0.25,EOL-allocation elasticity,2.0,EOL-productivity elasticity,1.0,81,356.2496830224991,-132.20051819086075,2495.6717341542244,parameter_dependent
reuse_support,0.25,EOL-allocation elasticity,2.0,EOL-productivity elasticity,2.0,81,82.94631671905518,-188.27519685029984,39768.95033365488,parameter_dependent
reuse_support,0.25,EOL-allocation elasticity,0.5,Metal-substitution elasticity,0.5,81,107.82397401332855,-148.01956206560135,1435.2978578209877,parameter_dependent
reuse_support,0.25,EOL-allocation elasticity,0.5,Metal-substitution elasticity,1.0,81,54.64461666345596,-383.12561589479446,919.6510243415833,parameter_dependent
reuse_support,0.25,EOL-allocation elasticity,0.5,Metal-substitution elasticity,2.0,81,69.17739605903625,-123.54724538326263,972.6101217269897,parameter_dependent
reuse_support,0.25,EOL-allocation elasticity,1.0,Metal-substitution elasticity,0.5,81,101.40600883960724,-135.60867881774902,2681.277292251587,parameter_dependent
reuse_support,0.25,EOL-allocation elasticity,1.0,Metal-substitution elasticity,1.0,81,105.08539670705795,-130.44923120737076,3463.960653722286,parameter_dependent
reuse_support,0.25,EOL-allocation elasticity,1.0,Metal-substitution elasticity,2.0,81,151.64498275518417,-130.1075649857521,2257.8789890408516,parameter_dependent
reuse_support,0.25,EOL-allocation elasticity,2.0,Metal-substitution elasticity,0.5,81,140.53932464122772,-183.2221036553383,2023.455595433712,parameter_dependent
reuse_support,0.25,EOL-allocation elasticity,2.0,Metal-substitution elasticity,1.0,81,155.8445217013359,-188.27519685029984,1541.425170302391,parameter_dependent
reuse_support,0.25,EOL-allocation elasticity,2.0,Metal-substitution elasticity,2.0,81,161.14124822616577,-177.96561866998672,39768.95033365488,parameter_dependent
reuse_support,0.25,EOL-productivity elasticity,0.5,Metal-substitution elasticity,0.5,81,82.72399985790253,-148.01956206560135,964.8778014183044,parameter_dependent
reuse_support,0.25,EOL-productivity elasticity,0.5,Metal-substitution elasticity,1.0,81,78.36755281686783,-114.49269407987595,1042.8428543806076,parameter_dependent
reuse_support,0.25,EOL-productivity elasticity,0.5,Metal-substitution elasticity,2.0,81,38.915401577949524,-123.54724538326263,992.5791449546814,parameter_dependent
reuse_support,0.25,EOL-productivity elasticity,1.0,Metal-substitution elasticity,0.5,81,154.4520173072815,-134.99858736991882,2023.455595433712,parameter_dependent
reuse_support,0.25,EOL-productivity elasticity,1.0,Metal-substitution elasticity,1.0,81,153.34966349601746,-132.20051819086075,1541.425170302391,parameter_dependent
reuse_support,0.25,EOL-productivity elasticity,1.0,Metal-substitution elasticity,2.0,81,159.17430037260056,-120.99942016601562,2495.6717341542244,parameter_dependent
reuse_support,0.25,EOL-productivity elasticity,2.0,Metal-substitution elasticity,0.5,81,129.1476275920868,-183.2221036553383,2681.277292251587,parameter_dependent
reuse_support,0.25,EOL-productivity elasticity,2.0,Metal-substitution elasticity,1.0,81,96.57299160957336,-383.12561589479446,3463.960653722286,parameter_dependent
reuse_support,0.25,EOL-productivity elasticity,2.0,Metal-substitution elasticity,2.0,81,157.62528657913208,-177.96561866998672,39768.95033365488,parameter_dependent
reuse_support,0.5,Armington elasticity,0.5,CET transformation elasticity,0.5,81,1341.2407823204994,-131.90399378538132,45819.7863535285,parameter_dependent
reuse_support,0.5,Armington elasticity,0.5,CET transformation elasticity,1.0,81,335.975900888443,-193.7545788884163,3810.636501789093,parameter_dependent
reuse_support,0.5,Armington elasticity,0.5,CET transformation elasticity,2.0,81,16.74858283996582,-228.83671402931213,3294.4982862472534,parameter_dependent
reuse_support,0.5,Armington elasticity,1.0,CET transformation elasticity,0.5,81,1247.044446527958,-110.22113233804703,6502.393162190914,parameter_dependent
reuse_support,0.5,Armington elasticity,1.0,CET transformation elasticity,1.0,81,533.2871034145355,-136.18452960252762,5615.097242355347,parameter_dependent
reuse_support,0.5,Armington elasticity,1.0,CET transformation elasticity,2.0,81,40.39267152547836,-215.2727929353714,2139.3562668561935,parameter_dependent
reuse_support,0.5,Armington elasticity,2.0,CET transformation elasticity,0.5,81,1606.7620880007744,-86.16341572999954,11050.549491643906,parameter_dependent
reuse_support,0.5,Armington elasticity,2.0,CET transformation elasticity,1.0,81,595.481227517128,-190.7749663591385,5094.9576905965805,parameter_dependent
reuse_support,0.5,Armington elasticity,2.0,CET transformation elasticity,2.0,81,115.35505503416061,-192.414652466774,2054.30072170496,parameter_dependent
reuse_support,0.5,Armington elasticity,0.5,Circular-service elasticity,0.5,81,-76.80243003368378,-228.83671402931213,40114.399734437466,parameter_dependent
reuse_support,0.5,Armington elasticity,0.5,Circular-service elasticity,1.0,81,352.71155405044556,-67.58073061704636,4015.3170073628426,parameter_dependent
reuse_support,0.5,Armington elasticity,0.5,Circular-service elasticity,2.0,81,1277.803819000721,646.9379034042358,45819.7863535285,primary_metal_saving
reuse_support,0.5,Armington elasticity,1.0,Circular-service elasticity,0.5,81,-87.05186796188354,-215.2727929353714,5020.661594212055,parameter_dependent
reuse_support,0.5,Armington elasticity,1.0,Circular-service elasticity,1.0,81,500.90996700525284,-59.44209122657776,2818.415497124195,parameter_dependent
reuse_support,0.5,Armington elasticity,1.0,Circular-service elasticity,2.0,81,1311.7953684926033,640.1290816664696,6502.393162190914,primary_metal_saving
reuse_support,0.5,Armington elasticity,2.0,Circular-service elasticity,0.5,81,-94.3529920578003,-192.414652466774,1478.513812661171,parameter_dependent
reuse_support,0.5,Armington elasticity,2.0,Circular-service elasticity,1.0,81,542.3011037707329,19.192619800567627,5197.352616608143,primary_metal_saving
reuse_support,0.5,Armington elasticity,2.0,Circular-service elasticity,2.0,81,1356.449191749096,663.6761775612831,11050.549491643906,primary_metal_saving
reuse_support,0.5,Armington elasticity,0.5,EOL-allocation elasticity,0.5,81,387.3936324119568,-170.10034501552582,3876.283299922943,parameter_dependent
reuse_support,0.5,Armington elasticity,0.5,EOL-allocation elasticity,1.0,81,437.6271553635597,-193.7545788884163,4015.3170073628426,parameter_dependent
reuse_support,0.5,Armington elasticity,0.5,EOL-allocation elasticity,2.0,81,785.0775524973869,-228.83671402931213,45819.7863535285,parameter_dependent
reuse_support,0.5,Armington elasticity,1.0,EOL-allocation elasticity,0.5,81,309.82632917165756,-180.129938185215,5020.661594212055,parameter_dependent
reuse_support,0.5,Armington elasticity,1.0,EOL-allocation elasticity,1.0,81,547.3999625444412,-142.55149644613266,5903.19900983572,parameter_dependent
reuse_support,0.5,Armington elasticity,1.0,EOL-allocation elasticity,2.0,81,721.9628558754921,-215.2727929353714,6502.393162190914,parameter_dependent
reuse_support,0.5,Armington elasticity,2.0,EOL-allocation elasticity,0.5,81,595.481227517128,-182.62279081344604,5037.062065243721,parameter_dependent
reuse_support,0.5,Armington elasticity,2.0,EOL-allocation elasticity,1.0,81,760.0564929842949,-190.7749663591385,11050.549491643906,parameter_dependent
reuse_support,0.5,Armington elasticity,2.0,EOL-allocation elasticity,2.0,81,654.8782351016998,-192.414652466774,5031.398341536522,parameter_dependent
reuse_support,0.5,Armington elasticity,0.5,EOL-productivity elasticity,0.5,81,335.975900888443,-170.10034501552582,45819.7863535285,parameter_dependent
reuse_support,0.5,Armington elasticity,0.5,EOL-productivity elasticity,1.0,81,809.9474567174911,-167.21715265512466,5701.041605949402,parameter_dependent
reuse_support,0.5,Armington elasticity,0.5,EOL-productivity elasticity,2.0,81,437.6271553635597,-228.83671402931213,40114.399734437466,parameter_dependent
reuse_support,0.5,Armington elasticity,1.0,EOL-productivity elasticity,0.5,81,428.0640196800232,-180.129938185215,2155.67260235548,parameter_dependent
reuse_support,0.5,Armington elasticity,1.0,EOL-productivity elasticity,1.0,81,814.2411441206932,-134.35833072662354,6502.393162190914,parameter_dependent
reuse_support,0.5,Armington elasticity,1.0,EOL-productivity elasticity,2.0,81,475.6422758102417,-215.2727929353714,5903.19900983572,parameter_dependent
reuse_support,0.5,Armington elasticity,2.0,EOL-productivity elasticity,0.5,81,554.849572122097,-182.62279081344604,7807.351001262665,parameter_dependent
reuse_support,0.5,Armington elasticity,2.0,EOL-productivity elasticity,1.0,81,827.5855425596237,-190.7749663591385,5037.062065243721,parameter_dependent
reuse_support,0.5,Armington elasticity,2.0,EOL-productivity elasticity,2.0,81,554.8742443919182,-192.414652466774,11050.549491643906,parameter_dependent
reuse_support,0.5,Armington elasticity,0.5,Metal-substitution elasticity,0.5,81,387.3936324119568,-194.71890717744827,2990.0195755958557,parameter_dependent
reuse_support,0.5,Armington elasticity,0.5,Metal-substitution elasticity,1.0,81,357.87462532520294,-219.55138051509857,3876.283299922943,parameter_dependent
reuse_support,0.5,Armington elasticity,0.5,Metal-substitution elasticity,2.0,81,785.0775524973869,-228.83671402931213,45819.7863535285,parameter_dependent
reuse_support,0.5,Armington elasticity,1.0,Metal-substitution elasticity,0.5,81,533.2871034145355,-204.19838827848434,6502.393162190914,parameter_dependent
reuse_support,0.5,Armington elasticity,1.0,Metal-substitution elasticity,1.0,81,517.4068684577942,-144.25553631782532,5254.669953346252,parameter_dependent
reuse_support,0.5,Armington elasticity,1.0,Metal-substitution elasticity,2.0,81,521.8790032863617,-215.2727929353714,5903.19900983572,parameter_dependent
reuse_support,0.5,Armington elasticity,2.0,Metal-substitution elasticity,0.5,81,663.6761775612831,-190.7749663591385,7807.351001262665,parameter_dependent
reuse_support,0.5,Armington elasticity,2.0,Metal-substitution elasticity,1.0,81,640.0315051674843,-156.33755558729172,11050.549491643906,parameter_dependent
reuse_support,0.5,Armington elasticity,2.0,Metal-substitution elasticity,2.0,81,554.8742443919182,-192.414652466774,6114.314094662666,parameter_dependent
reuse_support,0.5,CET transformation elasticity,0.5,Circular-service elasticity,0.5,81,85.46761626005173,-131.90399378538132,40114.399734437466,parameter_dependent
reuse_support,0.5,CET transformation elasticity,0.5,Circular-service elasticity,1.0,81,1441.019917011261,209.48660123348236,5197.352616608143,primary_metal_saving
reuse_support,0.5,CET transformation elasticity,0.5,Circular-service elasticity,2.0,81,1887.2276355028152,1097.4560748934746,45819.7863535285,primary_metal_saving
reuse_support,0.5,CET transformation elasticity,1.0,Circular-service elasticity,0.5,81,-105.89312839508057,-193.7545788884163,827.5855425596237,parameter_dependent
reuse_support,0.5,CET transformation elasticity,1.0,Circular-service elasticity,1.0,81,428.0640196800232,80.8558406829834,2910.0749390125275,primary_metal_saving
reuse_support,0.5,CET transformation elasticity,1.0,Circular-service elasticity,2.0,81,1257.3253163695335,809.9474567174911,5615.097242355347,primary_metal_saving
reuse_support,0.5,CET transformation elasticity,2.0,Circular-service elasticity,0.5,81,-112.33349770307541,-228.83671402931213,346.4397574663162,parameter_dependent
reuse_support,0.5,CET transformation elasticity,2.0,Circular-service elasticity,1.0,81,50.84128260612488,-67.58073061704636,1015.4459093213081,parameter_dependent
reuse_support,0.5,CET transformation elasticity,2.0,Circular-service elasticity,2.0,81,925.8105289936066,640.1290816664696,3294.4982862472534,primary_metal_saving
reuse_support,0.5,CET transformation elasticity,0.5,EOL-allocation elasticity,0.5,81,1239.2443358302116,-100.80819541215897,5037.062065243721,parameter_dependent
reuse_support,0.5,CET transformation elasticity,0.5,EOL-allocation elasticity,1.0,81,1307.426101565361,-122.69779443740845,11050.549491643906,parameter_dependent
reuse_support,0.5,CET transformation elasticity,0.5,EOL-allocation elasticity,2.0,81,1650.293696463108,-131.90399378538132,45819.7863535285,parameter_dependent
reuse_support,0.5,CET transformation elasticity,1.0,EOL-allocation elasticity,0.5,81,342.23269122838974,-171.99750024080276,3414.571276843548,parameter_dependent
reuse_support,0.5,CET transformation elasticity,1.0,EOL-allocation elasticity,1.0,81,497.7708218097687,-193.7545788884163,5615.097242355347,parameter_dependent
reuse_support,0.5,CET transformation elasticity,1.0,EOL-allocation elasticity,2.0,81,593.4757554531097,-187.43975448608398,3810.636501789093,parameter_dependent
reuse_support,0.5,CET transformation elasticity,2.0,EOL-allocation elasticity,0.5,81,32.86744701862335,-182.62279081344604,1409.1339250206947,parameter_dependent
reuse_support,0.5,CET transformation elasticity,2.0,EOL-allocation elasticity,1.0,81,50.84128260612488,-159.89084523916245,3294.4982862472534,parameter_dependent
reuse_support,0.5,CET transformation elasticity,2.0,EOL-allocation elasticity,2.0,81,84.80371659994125,-228.83671402931213,1983.8745983839035,parameter_dependent
reuse_support,0.5,CET transformation elasticity,0.5,EOL-productivity elasticity,0.5,81,1135.5736654996872,-131.90399378538132,45819.7863535285,parameter_dependent
reuse_support,0.5,CET transformation elasticity,0.5,EOL-productivity elasticity,1.0,81,1472.7440491318703,-122.69779443740845,6502.393162190914,parameter_dependent
reuse_support,0.5,CET transformation elasticity,0.5,EOL-productivity elasticity,2.0,81,1339.851118028164,-107.68188059329987,40114.399734437466,parameter_dependent
reuse_support,0.5,CET transformation elasticity,1.0,EOL-productivity elasticity,0.5,81,352.1334356069565,-156.04711931943893,1960.0539382696152,parameter_dependent
reuse_support,0.5,CET transformation elasticity,1.0,EOL-productivity elasticity,1.0,81,809.9474567174911,-190.7749663591385,3810.636501789093,parameter_dependent
reuse_support,0.5,CET transformation elasticity,1.0,EOL-productivity elasticity,2.0,81,469.36610865592957,-193.7545788884163,5615.097242355347,parameter_dependent
reuse_support,0.5,CET transformation elasticity,2.0,EOL-productivity elasticity,0.5,81,52.205758452415466,-182.62279081344604,1200.0876152515411,parameter_dependent
reuse_support,0.5,CET transformation elasticity,2.0,EOL-productivity elasticity,1.0,81,82.8919683098793,-155.05039763450623,1983.8745983839035,parameter_dependent
reuse_support,0.5,CET transformation elasticity,2.0,EOL-productivity elasticity,2.0,81,32.86744701862335,-228.83671402931213,3294.4982862472534,parameter_dependent
reuse_support,0.5,CET transformation elasticity,0.5,Metal-substitution elasticity,0.5,81,1307.426101565361,-131.90399378538132,7807.351001262665,parameter_dependent
reuse_support,0.5,CET transformation elasticity,0.5,Metal-substitution elasticity,1.0,81,1415.5341752171516,-110.22113233804703,11050.549491643906,parameter_dependent
reuse_support,0.5,CET transformation elasticity,0.5,Metal-substitution elasticity,2.0,81,1467.6385135054588,-122.69779443740845,45819.7863535285,parameter_dependent
reuse_support,0.5,CET transformation elasticity,1.0,Metal-substitution elasticity,0.5,81,533.2871034145355,-190.7749663591385,5615.097242355347,parameter_dependent
reuse_support,0.5,CET transformation elasticity,1.0,Metal-substitution elasticity,1.0,81,424.26222199201584,-156.33755558729172,5094.9576905965805,parameter_dependent
reuse_support,0.5,CET transformation elasticity,1.0,Metal-substitution elasticity,2.0,81,497.7708218097687,-193.7545788884163,5434.611696004868,parameter_dependent
reuse_support,0.5,CET transformation elasticity,2.0,Metal-substitution elasticity,0.5,81,50.84128260612488,-204.19838827848434,1983.8745983839035,parameter_dependent
reuse_support,0.5,CET transformation elasticity,2.0,Metal-substitution elasticity,1.0,81,80.20611947774887,-219.55138051509857,2139.3562668561935,parameter_dependent
reuse_support,0.5,CET transformation elasticity,2.0,Metal-substitution elasticity,2.0,81,58.948315024375916,-228.83671402931213,3294.4982862472534,parameter_dependent
reuse_support,0.5,Circular-service elasticity,0.5,EOL-allocation elasticity,0.5,81,-90.83693540096283,-182.62279081344604,5020.661594212055,parameter_dependent
reuse_support,0.5,Circular-service elasticity,0.5,EOL-allocation elasticity,1.0,81,-83.94815772771835,-193.7545788884163,2997.1790563464165,parameter_dependent
reuse_support,0.5,Circular-service elasticity,0.5,EOL-allocation elasticity,2.0,81,-80.4628289937973,-228.83671402931213,40114.399734437466,parameter_dependent
reuse_support,0.5,Circular-service elasticity,1.0,EOL-allocation elasticity,0.5,81,339.2307819724083,-67.58073061704636,5037.062065243721,parameter_dependent
reuse_support,0.5,Circular-service elasticity,1.0,EOL-allocation elasticity,1.0,81,493.4462277293205,-48.486256182193756,5197.352616608143,parameter_dependent
reuse_support,0.5,Circular-service elasticity,1.0,EOL-allocation elasticity,2.0,81,521.8790032863617,-51.49364948272705,2910.0749390125275,parameter_dependent
reuse_support,0.5,Circular-service elasticity,2.0,EOL-allocation elasticity,0.5,81,1201.5732030272484,640.1290816664696,3876.283299922943,primary_metal_saving
reuse_support,0.5,Circular-service elasticity,2.0,EOL-allocation elasticity,1.0,81,1428.8151859045029,703.5510610342026,11050.549491643906,primary_metal_saving
reuse_support,0.5,Circular-service elasticity,2.0,EOL-allocation elasticity,2.0,81,1424.1364082694054,646.9379034042358,45819.7863535285,primary_metal_saving
reuse_support,0.5,Circular-service elasticity,0.5,EOL-productivity elasticity,0.5,81,-100.80819541215897,-182.62279081344604,479.1293419599533,parameter_dependent
reuse_support,0.5,Circular-service elasticity,0.5,EOL-productivity elasticity,1.0,81,-80.4628289937973,-190.7749663591385,1843.3482411503792,parameter_dependent
reuse_support,0.5,Circular-service elasticity,0.5,EOL-productivity elasticity,2.0,81,-58.00384068489075,-228.83671402931213,40114.399734437466,parameter_dependent
reuse_support,0.5,Circular-service elasticity,1.0,EOL-productivity elasticity,0.5,81,424.26222199201584,-67.58073061704636,4054.6225316524506,parameter_dependent
reuse_support,0.5,Circular-service elasticity,1.0,EOL-productivity elasticity,1.0,81,682.084687769413,-48.486256182193756,5037.062065243721,parameter_dependent
reuse_support,0.5,Circular-service elasticity,1.0,EOL-productivity elasticity,2.0,81,396.18588519096375,-38.95151573419571,5197.352616608143,parameter_dependent
reuse_support,0.5,Circular-service elasticity,2.0,EOL-productivity elasticity,0.5,81,1213.2141658067703,640.1290816664696,45819.7863535285,primary_metal_saving
reuse_support,0.5,Circular-service elasticity,2.0,EOL-productivity elasticity,1.0,81,1429.253773033619,788.495119035244,6502.393162190914,primary_metal_saving
reuse_support,0.5,Circular-service elasticity,2.0,EOL-productivity elasticity,2.0,81,1410.6411720514297,646.9379034042358,11050.549491643906,primary_metal_saving
reuse_support,0.5,Circular-service elasticity,0.5,Metal-substitution elasticity,0.5,81,-83.94815772771835,-204.19838827848434,1843.3482411503792,parameter_dependent
reuse_support,0.5,Circular-service elasticity,0.5,Metal-substitution elasticity,1.0,81,-87.56880766153336,-219.55138051509857,2997.1790563464165,parameter_dependent
reuse_support,0.5,Circular-service elasticity,0.5,Metal-substitution elasticity,2.0,81,-90.7637050151825,-228.83671402931213,40114.399734437466,parameter_dependent
reuse_support,0.5,Circular-service elasticity,1.0,Metal-substitution elasticity,0.5,81,431.26517003774643,-67.58073061704636,2910.0749390125275,parameter_dependent
reuse_support,0.5,Circular-service elasticity,1.0,Metal-substitution elasticity,1.0,81,437.6271553635597,-38.95151573419571,5197.352616608143,parameter_dependent
reuse_support,0.5,Circular-service elasticity,1.0,Metal-substitution elasticity,2.0,81,521.8790032863617,-39.998046815395355,4015.3170073628426,parameter_dependent
reuse_support,0.5,Circular-service elasticity,2.0,Metal-substitution elasticity,0.5,81,1332.8957205414772,663.6761775612831,7807.351001262665,primary_metal_saving
reuse_support,0.5,Circular-service elasticity,2.0,Metal-substitution elasticity,1.0,81,1353.934849202633,646.9379034042358,11050.549491643906,primary_metal_saving
reuse_support,0.5,Circular-service elasticity,2.0,Metal-substitution elasticity,2.0,81,1337.196148097515,640.1290816664696,45819.7863535285,primary_metal_saving
reuse_support,0.5,EOL-allocation elasticity,0.5,EOL-productivity elasticity,0.5,81,500.90996700525284,-182.62279081344604,4054.6225316524506,parameter_dependent
reuse_support,0.5,EOL-allocation elasticity,0.5,EOL-productivity elasticity,1.0,81,403.4093539714813,-171.99750024080276,5037.062065243721,parameter_dependent
reuse_support,0.5,EOL-allocation elasticity,0.5,EOL-productivity elasticity,2.0,81,387.3936324119568,-168.32165426015854,5020.661594212055,parameter_dependent
reuse_support,0.5,EOL-allocation elasticity,1.0,EOL-productivity elasticity,0.5,81,396.71119755506516,-159.89084523916245,7807.351001262665,parameter_dependent
reuse_support,0.5,EOL-allocation elasticity,1.0,EOL-productivity elasticity,1.0,81,682.084687769413,-190.7749663591385,2480.567391574383,parameter_dependent
reuse_support,0.5,EOL-allocation elasticity,1.0,EOL-productivity elasticity,2.0,81,760.0564929842949,-193.7545788884163,11050.549491643906,parameter_dependent
reuse_support,0.5,EOL-allocation elasticity,2.0,EOL-productivity elasticity,0.5,81,424.26222199201584,-150.98662042617798,45819.7863535285,parameter_dependent
reuse_support,0.5,EOL-allocation elasticity,2.0,EOL-productivity elasticity,1.0,81,1200.8868232369423,-130.9638952612877,6502.393162190914,parameter_dependent
reuse_support,0.5,EOL-allocation elasticity,2.0,EOL-productivity elasticity,2.0,81,352.71155405044556,-228.83671402931213,40114.399734437466,parameter_dependent
reuse_support,0.5,EOL-allocation elasticity,0.5,Metal-substitution elasticity,0.5,81,387.3936324119568,-182.62279081344604,2818.415497124195,parameter_dependent
reuse_support,0.5,EOL-allocation elasticity,0.5,Metal-substitution elasticity,1.0,81,309.17227679491043,-162.2543050646782,5037.062065243721,parameter_dependent
reuse_support,0.5,EOL-allocation elasticity,0.5,Metal-substitution elasticity,2.0,81,640.1290816664696,-180.129938185215,5020.661594212055,parameter_dependent
reuse_support,0.5,EOL-allocation elasticity,1.0,Metal-substitution elasticity,0.5,81,576.7708780169487,-190.7749663591385,7807.351001262665,parameter_dependent
reuse_support,0.5,EOL-allocation elasticity,1.0,Metal-substitution elasticity,1.0,81,493.4462277293205,-147.10415023565292,11050.549491643906,parameter_dependent
reuse_support,0.5,EOL-allocation elasticity,1.0,Metal-substitution elasticity,2.0,81,619.3815481066704,-193.7545788884163,6114.314094662666,parameter_dependent
reuse_support,0.5,EOL-allocation elasticity,2.0,Metal-substitution elasticity,0.5,81,850.715927362442,-204.19838827848434,6502.393162190914,parameter_dependent
reuse_support,0.5,EOL-allocation elasticity,2.0,Metal-substitution elasticity,1.0,81,646.9379034042358,-219.55138051509857,3928.5004965662956,parameter_dependent
reuse_support,0.5,EOL-allocation elasticity,2.0,Metal-substitution elasticity,2.0,81,593.4757554531097,-228.83671402931213,45819.7863535285,parameter_dependent
reuse_support,0.5,EOL-productivity elasticity,0.5,Metal-substitution elasticity,0.5,81,547.3999625444412,-182.62279081344604,7807.351001262665,parameter_dependent
reuse_support,0.5,EOL-productivity elasticity,0.5,Metal-substitution elasticity,1.0,81,479.1293419599533,-162.2543050646782,4223.2557913661,parameter_dependent
reuse_support,0.5,EOL-productivity elasticity,0.5,Metal-substitution elasticity,2.0,81,321.99523532390594,-180.129938185215,45819.7863535285,parameter_dependent
reuse_support,0.5,EOL-productivity elasticity,1.0,Metal-substitution elasticity,0.5,81,849.0119893550873,-190.7749663591385,6502.393162190914,parameter_dependent
reuse_support,0.5,EOL-productivity elasticity,1.0,Metal-substitution elasticity,1.0,81,748.2873066663742,-147.10415023565292,5037.062065243721,parameter_dependent
reuse_support,0.5,EOL-productivity elasticity,1.0,Metal-substitution elasticity,2.0,81,814.9774006605148,-167.84111094474792,5701.041605949402,parameter_dependent
reuse_support,0.5,EOL-productivity elasticity,2.0,Metal-substitution elasticity,0.5,81,387.3936324119568,-204.19838827848434,5615.097242355347,parameter_dependent
reuse_support,0.5,EOL-productivity elasticity,2.0,Metal-substitution elasticity,1.0,81,469.36610865592957,-219.55138051509857,11050.549491643906,parameter_dependent
reuse_support,0.5,EOL-productivity elasticity,2.0,Metal-substitution elasticity,2.0,81,645.4198515415192,-228.83671402931213,40114.399734437466,parameter_dependent
reuse_support,1.0,Armington elasticity,0.5,CET transformation elasticity,0.5,81,2410.1078596115112,-366.6093556880951,70374.37838363647,parameter_dependent
reuse_support,1.0,Armington elasticity,0.5,CET transformation elasticity,1.0,81,1565.4588950276375,-642.4097830057144,17567.379274129868,parameter_dependent
reuse_support,1.0,Armington elasticity,0.5,CET transformation elasticity,2.0,81,252.69560819864273,-488.87872689962387,4097.607196807861,parameter_dependent
reuse_support,1.0,Armington elasticity,1.0,CET transformation elasticity,0.5,81,2323.261304616928,-106.74585282802582,54462.0395309329,parameter_dependent
reuse_support,1.0,Armington elasticity,1.0,CET transformation elasticity,1.0,81,1431.4617419838905,-332.3995542526245,27827.59169113636,parameter_dependent
reuse_support,1.0,Armington elasticity,1.0,CET transformation elasticity,2.0,81,291.1894493699074,-551.098052740097,3166.600723385811,parameter_dependent
reuse_support,1.0,Armington elasticity,2.0,CET transformation elasticity,0.5,81,2787.7843621969223,-232.9365583062172,79979.87623280287,parameter_dependent
reuse_support,1.0,Armington elasticity,2.0,CET transformation elasticity,1.0,81,1619.1276558041573,-478.37303644418716,7238.225917696953,parameter_dependent
reuse_support,1.0,Armington elasticity,2.0,CET transformation elasticity,2.0,81,348.22455978393555,-794.2709582448006,2795.8304654955864,parameter_dependent
reuse_support,1.0,Armington elasticity,0.5,Circular-service elasticity,0.5,81,-132.42830860614777,-642.4097830057144,70374.37838363647,parameter_dependent
reuse_support,1.0,Armington elasticity,0.5,Circular-service elasticity,1.0,81,1331.5984011888504,-56.73738968372345,38028.37767904997,parameter_dependent
reuse_support,1.0,Armington elasticity,0.5,Circular-service elasticity,2.0,81,2704.495962500572,970.3440212011337,45783.97808456421,primary_metal_saving
reuse_support,1.0,Armington elasticity,1.0,Circular-service elasticity,0.5,81,-104.28902810811996,-551.098052740097,27827.59169113636,parameter_dependent
reuse_support,1.0,Armington elasticity,1.0,Circular-service elasticity,1.0,81,1140.3610954880714,-177.68037629127502,5106.858886778355,parameter_dependent
reuse_support,1.0,Armington elasticity,1.0,Circular-service elasticity,2.0,81,2623.463578104973,770.749195754528,54462.0395309329,primary_metal_saving
reuse_support,1.0,Armington elasticity,2.0,Circular-service elasticity,0.5,81,-94.08193069696426,-794.2709582448006,79979.87623280287,parameter_dependent
reuse_support,1.0,Armington elasticity,2.0,Circular-service elasticity,1.0,81,1498.3871309757233,130.14337700605392,54384.379412949085,primary_metal_saving
reuse_support,1.0,Armington elasticity,2.0,Circular-service elasticity,2.0,81,2748.696719646454,1626.7854388952255,8161.277991533279,primary_metal_saving
reuse_support,1.0,Armington elasticity,0.5,EOL-allocation elasticity,0.5,81,999.1248171329498,-642.4097830057144,17567.379274129868,parameter_dependent
reuse_support,1.0,Armington elasticity,0.5,EOL-allocation elasticity,1.0,81,1657.9041053652763,-472.9004103541374,70374.37838363647,parameter_dependent
reuse_support,1.0,Armington elasticity,0.5,EOL-allocation elasticity,2.0,81,1707.027120769024,-576.9255805015564,61477.11847758293,parameter_dependent
reuse_support,1.0,Armington elasticity,1.0,EOL-allocation elasticity,0.5,81,1742.5728052258492,-551.098052740097,31535.294894754887,parameter_dependent
reuse_support,1.0,Armington elasticity,1.0,EOL-allocation elasticity,1.0,81,1404.4841150641441,-336.82959896326065,54462.0395309329,parameter_dependent
reuse_support,1.0,Armington elasticity,1.0,EOL-allocation elasticity,2.0,81,1187.9780849814415,-445.7435773611069,21807.724977314472,parameter_dependent
reuse_support,1.0,Armington elasticity,2.0,EOL-allocation elasticity,0.5,81,1777.178488612175,-478.37303644418716,54384.379412949085,parameter_dependent
reuse_support,1.0,Armington elasticity,2.0,EOL-allocation elasticity,1.0,81,1615.6963574290276,-794.2709582448006,7375.499848484993,parameter_dependent
reuse_support,1.0,Armington elasticity,2.0,EOL-allocation elasticity,2.0,81,1889.006812095642,-651.5965530872345,79979.87623280287,parameter_dependent
reuse_support,1.0,Armington elasticity,0.5,EOL-productivity elasticity,0.5,81,953.537503361702,-642.4097830057144,70374.37838363647,parameter_dependent
reuse_support,1.0,Armington elasticity,0.5,EOL-productivity elasticity,1.0,81,1672.446687757969,-227.54657363891602,47011.84090846777,parameter_dependent
reuse_support,1.0,Armington elasticity,0.5,EOL-productivity elasticity,2.0,81,1657.9041053652763,-576.9255805015564,61477.11847758293,parameter_dependent
reuse_support,1.0,Armington elasticity,1.0,EOL-productivity elasticity,0.5,81,1333.9107691049576,-551.098052740097,31535.294894754887,parameter_dependent
reuse_support,1.0,Armington elasticity,1.0,EOL-productivity elasticity,1.0,81,1604.5733179450035,-260.46458381414413,54462.0395309329,parameter_dependent
reuse_support,1.0,Armington elasticity,1.0,EOL-productivity elasticity,2.0,81,1187.9780849814415,-332.3995542526245,9491.50498253107,parameter_dependent
reuse_support,1.0,Armington elasticity,2.0,EOL-productivity elasticity,0.5,81,1627.1604353785515,-475.42788994312286,54384.379412949085,parameter_dependent
reuse_support,1.0,Armington elasticity,2.0,EOL-productivity elasticity,1.0,81,1626.7854388952255,-794.2709582448006,7238.225917696953,parameter_dependent
reuse_support,1.0,Armington elasticity,2.0,EOL-productivity elasticity,2.0,81,1670.4568305015564,-651.5965530872345,79979.87623280287,parameter_dependent
reuse_support,1.0,Armington elasticity,0.5,Metal-substitution elasticity,0.5,81,1386.804374396801,-488.87872689962387,6422.479578375816,parameter_dependent
reuse_support,1.0,Armington elasticity,0.5,Metal-substitution elasticity,1.0,81,1034.9191502332687,-642.4097830057144,38028.37767904997,parameter_dependent
reuse_support,1.0,Armington elasticity,0.5,Metal-substitution elasticity,2.0,81,1801.5252990722656,-576.9255805015564,70374.37838363647,parameter_dependent
reuse_support,1.0,Armington elasticity,1.0,Metal-substitution elasticity,0.5,81,1187.9780849814415,-495.21492648124695,8898.452697396278,parameter_dependent
reuse_support,1.0,Armington elasticity,1.0,Metal-substitution elasticity,1.0,81,1404.4841150641441,-551.098052740097,54462.0395309329,parameter_dependent
reuse_support,1.0,Armington elasticity,1.0,Metal-substitution elasticity,2.0,81,1909.2615128159523,-332.3995542526245,24425.69562125206,parameter_dependent
reuse_support,1.0,Armington elasticity,2.0,Metal-substitution elasticity,0.5,81,1618.153024494648,-794.2709582448006,8099.232253432274,parameter_dependent
reuse_support,1.0,Armington elasticity,2.0,Metal-substitution elasticity,1.0,81,1615.6963574290276,-651.5965530872345,79979.87623280287,parameter_dependent
reuse_support,1.0,Armington elasticity,2.0,Metal-substitution elasticity,2.0,81,1853.2028391957283,-465.70613396167755,8161.277991533279,parameter_dependent
reuse_support,1.0,CET transformation elasticity,0.5,Circular-service elasticity,0.5,81,372.228767991066,-366.6093556880951,79979.87623280287,parameter_dependent
reuse_support,1.0,CET transformation elasticity,0.5,Circular-service elasticity,1.0,81,2410.1078596115112,398.66268813610077,54384.379412949085,primary_metal_saving
reuse_support,1.0,CET transformation elasticity,0.5,Circular-service elasticity,2.0,81,4403.478852152824,2002.752291381359,54462.0395309329,primary_metal_saving
reuse_support,1.0,CET transformation elasticity,1.0,Circular-service elasticity,0.5,81,-145.46212804317474,-642.4097830057144,27827.59169113636,parameter_dependent
reuse_support,1.0,CET transformation elasticity,1.0,Circular-service elasticity,1.0,81,1387.1230264306068,192.49899208545685,17567.379274129868,primary_metal_saving
reuse_support,1.0,CET transformation elasticity,1.0,Circular-service elasticity,2.0,81,2578.749458014965,1939.8298276662827,9491.50498253107,primary_metal_saving
reuse_support,1.0,CET transformation elasticity,2.0,Circular-service elasticity,0.5,81,-214.61232143640518,-794.2709582448006,1066.2868584394455,parameter_dependent
reuse_support,1.0,CET transformation elasticity,2.0,Circular-service elasticity,1.0,81,293.7438530921936,-177.68037629127502,2296.8921226859093,parameter_dependent
reuse_support,1.0,CET transformation elasticity,2.0,Circular-service elasticity,2.0,81,2092.6979640722275,770.749195754528,4097.607196807861,primary_metal_saving
reuse_support,1.0,CET transformation elasticity,0.5,EOL-allocation elasticity,0.5,81,2385.3984876275063,-193.53875529766083,54384.379412949085,parameter_dependent
reuse_support,1.0,CET transformation elasticity,0.5,EOL-allocation elasticity,1.0,81,2463.170692205429,-248.69321900606155,70374.37838363647,parameter_dependent
reuse_support,1.0,CET transformation elasticity,0.5,EOL-allocation elasticity,2.0,81,2690.9303639531136,-366.6093556880951,79979.87623280287,parameter_dependent
reuse_support,1.0,CET transformation elasticity,1.0,EOL-allocation elasticity,0.5,81,1883.8245518803596,-642.4097830057144,19319.610134780407,parameter_dependent
reuse_support,1.0,CET transformation elasticity,1.0,EOL-allocation elasticity,1.0,81,1404.4841150641441,-352.3903908729553,27827.59169113636,parameter_dependent
reuse_support,1.0,CET transformation elasticity,1.0,EOL-allocation elasticity,2.0,81,1764.6344521045685,-576.9255805015564,21807.724977314472,parameter_dependent
reuse_support,1.0,CET transformation elasticity,2.0,EOL-allocation elasticity,0.5,81,252.69560819864273,-551.098052740097,2704.495962500572,parameter_dependent
reuse_support,1.0,CET transformation elasticity,2.0,EOL-allocation elasticity,1.0,81,273.61384350061417,-794.2709582448006,3726.5993539094925,parameter_dependent
reuse_support,1.0,CET transformation elasticity,2.0,EOL-allocation elasticity,2.0,81,412.86603486537933,-651.5965530872345,4097.607196807861,parameter_dependent
reuse_support,1.0,CET transformation elasticity,0.5,EOL-productivity elasticity,0.5,81,2757.911971926689,-366.6093556880951,70374.37838363647,parameter_dependent
reuse_support,1.0,CET transformation elasticity,0.5,EOL-productivity elasticity,1.0,81,2754.475944876671,-193.53875529766083,54462.0395309329,parameter_dependent
reuse_support,1.0,CET transformation elasticity,0.5,EOL-productivity elasticity,2.0,81,2411.838458478451,-243.9560391306877,79979.87623280287,parameter_dependent
reuse_support,1.0,CET transformation elasticity,1.0,EOL-productivity elasticity,0.5,81,1619.1276558041573,-642.4097830057144,21807.724977314472,parameter_dependent
reuse_support,1.0,CET transformation elasticity,1.0,EOL-productivity elasticity,1.0,81,1777.7803387641907,-271.1299652457237,27827.59169113636,parameter_dependent
reuse_support,1.0,CET transformation elasticity,1.0,EOL-productivity elasticity,2.0,81,1261.5611833930016,-576.9255805015564,9491.50498253107,parameter_dependent
reuse_support,1.0,CET transformation elasticity,2.0,EOL-productivity elasticity,0.5,81,225.47623389959335,-551.098052740097,2704.495962500572,parameter_dependent
reuse_support,1.0,CET transformation elasticity,2.0,EOL-productivity elasticity,1.0,81,441.4503100514412,-794.2709582448006,4097.607196807861,parameter_dependent
reuse_support,1.0,CET transformation elasticity,2.0,EOL-productivity elasticity,2.0,81,269.6775276064873,-651.5965530872345,3726.5993539094925,parameter_dependent
reuse_support,1.0,CET transformation elasticity,0.5,Metal-substitution elasticity,0.5,81,2434.8202560544014,-366.6093556880951,8898.452697396278,parameter_dependent
reuse_support,1.0,CET transformation elasticity,0.5,Metal-substitution elasticity,1.0,81,2493.107747733593,-248.69321900606155,79979.87623280287,parameter_dependent
reuse_support,1.0,CET transformation elasticity,0.5,Metal-substitution elasticity,2.0,81,2633.316624522209,-232.9365583062172,70374.37838363647,parameter_dependent
reuse_support,1.0,CET transformation elasticity,1.0,Metal-substitution elasticity,0.5,81,1565.4588950276375,-475.42788994312286,7238.225917696953,parameter_dependent
reuse_support,1.0,CET transformation elasticity,1.0,Metal-substitution elasticity,1.0,81,1140.3610954880714,-642.4097830057144,27827.59169113636,parameter_dependent
reuse_support,1.0,CET transformation elasticity,1.0,Metal-substitution elasticity,2.0,81,1988.557063639164,-576.9255805015564,24425.69562125206,parameter_dependent
reuse_support,1.0,CET transformation elasticity,2.0,Metal-substitution elasticity,0.5,81,225.47623389959335,-794.2709582448006,4097.607196807861,parameter_dependent
reuse_support,1.0,CET transformation elasticity,2.0,Metal-substitution elasticity,1.0,81,337.91158497333527,-651.5965530872345,3323.970741212368,parameter_dependent
reuse_support,1.0,CET transformation elasticity,2.0,Metal-substitution elasticity,2.0,81,531.1964635252953,-465.70613396167755,3411.607252597809,parameter_dependent
reuse_support,1.0,Circular-service elasticity,0.5,EOL-allocation elasticity,0.5,81,-131.76347476243973,-642.4097830057144,19319.610134780407,parameter_dependent
reuse_support,1.0,Circular-service elasticity,0.5,EOL-allocation elasticity,1.0,81,-115.47212934494019,-794.2709582448006,70374.37838363647,parameter_dependent
reuse_support,1.0,Circular-service elasticity,0.5,EOL-allocation elasticity,2.0,81,-106.74585282802582,-651.5965530872345,79979.87623280287,parameter_dependent
reuse_support,1.0,Circular-service elasticity,1.0,EOL-allocation elasticity,0.5,81,1226.0869615674019,-177.68037629127502,54384.379412949085,parameter_dependent
reuse_support,1.0,Circular-service elasticity,1.0,EOL-allocation elasticity,1.0,81,1074.2677102088928,-39.35777896642685,38028.37767904997,parameter_dependent
reuse_support,1.0,Circular-service elasticity,1.0,EOL-allocation elasticity,2.0,81,1568.2175713181496,-56.73738968372345,7993.143124461174,parameter_dependent
reuse_support,1.0,Circular-service elasticity,2.0,EOL-allocation elasticity,0.5,81,2578.749458014965,970.3440212011337,31535.294894754887,primary_metal_saving
reuse_support,1.0,Circular-service elasticity,2.0,EOL-allocation elasticity,1.0,81,2782.4743580818176,1616.1560730338097,54462.0395309329,primary_metal_saving
reuse_support,1.0,Circular-service elasticity,2.0,EOL-allocation elasticity,2.0,81,2710.1487877964973,770.749195754528,45783.97808456421,primary_metal_saving
reuse_support,1.0,Circular-service elasticity,0.5,EOL-productivity elasticity,0.5,81,-183.097798705101,-642.4097830057144,70374.37838363647,parameter_dependent
reuse_support,1.0,Circular-service elasticity,0.5,EOL-productivity elasticity,1.0,81,-3.428096652030945,-794.2709582448006,47011.84090846777,parameter_dependent
reuse_support,1.0,Circular-service elasticity,0.5,EOL-productivity elasticity,2.0,81,-119.06510925292969,-651.5965530872345,79979.87623280287,parameter_dependent
reuse_support,1.0,Circular-service elasticity,1.0,EOL-productivity elasticity,0.5,81,1034.9191502332687,-56.73738968372345,54384.379412949085,parameter_dependent
reuse_support,1.0,Circular-service elasticity,1.0,EOL-productivity elasticity,1.0,81,1565.4588950276375,-177.68037629127502,38028.37767904997,parameter_dependent
reuse_support,1.0,Circular-service elasticity,1.0,EOL-productivity elasticity,2.0,81,1179.839933693409,-38.95032250881195,4458.63788318634,parameter_dependent
reuse_support,1.0,Circular-service elasticity,2.0,EOL-productivity elasticity,0.5,81,2544.4056686758995,1616.1560730338097,45783.97808456421,primary_metal_saving
reuse_support,1.0,Circular-service elasticity,2.0,EOL-productivity elasticity,1.0,81,2795.8304654955864,770.749195754528,54462.0395309329,primary_metal_saving
reuse_support,1.0,Circular-service elasticity,2.0,EOL-productivity elasticity,2.0,81,2611.3146282434464,970.3440212011337,9491.50498253107,primary_metal_saving
reuse_support,1.0,Circular-service elasticity,0.5,Metal-substitution elasticity,0.5,81,-126.52281963825226,-794.2709582448006,2841.685150027275,parameter_dependent
reuse_support,1.0,Circular-service elasticity,0.5,Metal-substitution elasticity,1.0,81,-132.42830860614777,-651.5965530872345,79979.87623280287,parameter_dependent
reuse_support,1.0,Circular-service elasticity,0.5,Metal-substitution elasticity,2.0,81,-57.871538400650024,-576.9255805015564,70374.37838363647,parameter_dependent
reuse_support,1.0,Circular-service elasticity,1.0,Metal-substitution elasticity,0.5,81,1179.839933693409,-177.68037629127502,5343.273660898209,parameter_dependent
reuse_support,1.0,Circular-service elasticity,1.0,Metal-substitution elasticity,1.0,81,1102.3918641805649,-56.73738968372345,54384.379412949085,parameter_dependent
reuse_support,1.0,Circular-service elasticity,1.0,Metal-substitution elasticity,2.0,81,1627.1604353785515,-7.135808229446411,5106.858886778355,parameter_dependent
reuse_support,1.0,Circular-service elasticity,2.0,Metal-substitution elasticity,0.5,81,2690.9303639531136,1616.1560730338097,8898.452697396278,primary_metal_saving
reuse_support,1.0,Circular-service elasticity,2.0,Metal-substitution elasticity,1.0,81,2754.475944876671,1670.4568305015564,54462.0395309329,primary_metal_saving
reuse_support,1.0,Circular-service elasticity,2.0,Metal-substitution elasticity,2.0,81,2570.544841170311,770.749195754528,45783.97808456421,primary_metal_saving
reuse_support,1.0,EOL-allocation elasticity,0.5,EOL-productivity elasticity,0.5,81,1645.5668503642082,-642.4097830057144,54384.379412949085,parameter_dependent
reuse_support,1.0,EOL-allocation elasticity,0.5,EOL-productivity elasticity,1.0,81,1386.804374396801,-465.70613396167755,17142.50225120783,parameter_dependent
reuse_support,1.0,EOL-allocation elasticity,0.5,EOL-productivity elasticity,2.0,81,1415.8627473711967,-488.87872689962387,8898.452697396278,parameter_dependent
reuse_support,1.0,EOL-allocation elasticity,1.0,EOL-productivity elasticity,0.5,81,972.6804507374763,-472.9004103541374,70374.37838363647,parameter_dependent
reuse_support,1.0,EOL-allocation elasticity,1.0,EOL-productivity elasticity,1.0,81,1626.7854388952255,-794.2709582448006,54462.0395309329,parameter_dependent
reuse_support,1.0,EOL-allocation elasticity,1.0,EOL-productivity elasticity,2.0,81,1585.938325226307,-434.094488799572,9491.50498253107,parameter_dependent
reuse_support,1.0,EOL-allocation elasticity,2.0,EOL-productivity elasticity,0.5,81,1707.027120769024,-445.7435773611069,45783.97808456421,parameter_dependent
reuse_support,1.0,EOL-allocation elasticity,2.0,EOL-productivity elasticity,1.0,81,1672.446687757969,-260.46458381414413,11878.67104101181,parameter_dependent
reuse_support,1.0,EOL-allocation elasticity,2.0,EOL-productivity elasticity,2.0,81,1568.2175713181496,-651.5965530872345,79979.87623280287,parameter_dependent
reuse_support,1.0,EOL-allocation elasticity,0.5,Metal-substitution elasticity,0.5,81,999.1248171329498,-495.21492648124695,8898.452697396278,parameter_dependent
reuse_support,1.0,EOL-allocation elasticity,0.5,Metal-substitution elasticity,1.0,81,1307.8181163072586,-642.4097830057144,54384.379412949085,parameter_dependent
reuse_support,1.0,EOL-allocation elasticity,0.5,Metal-substitution elasticity,2.0,81,1853.2028391957283,-471.44783663749695,19319.610134780407,parameter_dependent
reuse_support,1.0,EOL-allocation elasticity,1.0,Metal-substitution elasticity,0.5,81,1255.186776816845,-794.2709582448006,7375.499848484993,parameter_dependent
reuse_support,1.0,EOL-allocation elasticity,1.0,Metal-substitution elasticity,1.0,81,1333.9107691049576,-437.22638207674026,54462.0395309329,parameter_dependent
reuse_support,1.0,EOL-allocation elasticity,1.0,Metal-substitution elasticity,2.0,81,1801.5252990722656,-434.094488799572,70374.37838363647,parameter_dependent
reuse_support,1.0,EOL-allocation elasticity,2.0,Metal-substitution elasticity,0.5,81,1672.446687757969,-466.1626052260399,7238.225917696953,parameter_dependent
reuse_support,1.0,EOL-allocation elasticity,2.0,Metal-substitution elasticity,1.0,81,1512.0901319384575,-651.5965530872345,79979.87623280287,parameter_dependent
reuse_support,1.0,EOL-allocation elasticity,2.0,Metal-substitution elasticity,2.0,81,1798.4578755497932,-576.9255805015564,61477.11847758293,parameter_dependent
reuse_support,1.0,EOL-productivity elasticity,0.5,Metal-substitution elasticity,0.5,81,909.2466556429863,-495.21492648124695,8099.232253432274,parameter_dependent
reuse_support,1.0,EOL-productivity elasticity,0.5,Metal-substitution elasticity,1.0,81,1333.9107691049576,-642.4097830057144,54384.379412949085,parameter_dependent
reuse_support,1.0,EOL-productivity elasticity,0.5,Metal-substitution elasticity,2.0,81,1826.6254758238792,-433.22387450933456,70374.37838363647,parameter_dependent
reuse_support,1.0,EOL-productivity elasticity,1.0,Metal-substitution elasticity,0.5,81,1672.446687757969,-794.2709582448006,7238.225917696953,parameter_dependent
reuse_support,1.0,EOL-productivity elasticity,1.0,Metal-substitution elasticity,1.0,81,1498.3871309757233,-437.22638207674026,54462.0395309329,parameter_dependent
reuse_support,1.0,EOL-productivity elasticity,1.0,Metal-substitution elasticity,2.0,81,1818.3057710528374,-465.70613396167755,47011.84090846777,parameter_dependent
reuse_support,1.0,EOL-productivity elasticity,2.0,Metal-substitution elasticity,0.5,81,1331.5984011888504,-488.87872689962387,8898.452697396278,parameter_dependent
reuse_support,1.0,EOL-productivity elasticity,2.0,Metal-substitution elasticity,1.0,81,1192.918762087822,-651.5965530872345,79979.87623280287,parameter_dependent
reuse_support,1.0,EOL-productivity elasticity,2.0,Metal-substitution elasticity,2.0,81,1798.4578755497932,-576.9255805015564,61477.11847758293,parameter_dependent
reuse_support,2.0,Armington elasticity,0.5,CET transformation elasticity,0.5,81,3898.740526497364,-2407.530395925045,86776.1555519104,parameter_dependent
reuse_support,2.0,Armington elasticity,0.5,CET transformation elasticity,1.0,81,3174.12297809124,-1173.1263045072556,36990.385822057724,parameter_dependent
reuse_support,2.0,Armington elasticity,0.5,CET transformation elasticity,2.0,81,745.6608840227127,-967.6842937469482,28866.01633822918,parameter_dependent
reuse_support,2.0,Armington elasticity,1.0,CET transformation elasticity,0.5,81,4042.040750682354,-554.3457032442093,54690.39668703079,parameter_dependent
reuse_support,2.0,Armington elasticity,1.0,CET transformation elasticity,1.0,81,3598.6445630192757,-699.0913844108582,150058.25321376324,parameter_dependent
reuse_support,2.0,Armington elasticity,1.0,CET transformation elasticity,2.0,81,772.7266647219658,-1028.8878216147423,14369.197680532932,parameter_dependent
reuse_support,2.0,Armington elasticity,2.0,CET transformation elasticity,0.5,81,4657.510770976543,-194.42110288143158,110622.16655379534,parameter_dependent
reuse_support,2.0,Armington elasticity,2.0,CET transformation elasticity,1.0,81,3016.3706063628197,-990.298394382,82375.28969430923,parameter_dependent
reuse_support,2.0,Armington elasticity,2.0,CET transformation elasticity,2.0,81,976.2038393616676,-1102.5316288471222,10192.858163654804,parameter_dependent
reuse_support,2.0,Armington elasticity,0.5,Circular-service elasticity,0.5,81,-253.6474575996399,-2407.530395925045,69612.83757287264,parameter_dependent
reuse_support,2.0,Armington elasticity,0.5,Circular-service elasticity,1.0,81,2595.3809487223625,85.37913304567337,37943.21104180813,primary_metal_saving
reuse_support,2.0,Armington elasticity,0.5,Circular-service elasticity,2.0,81,6019.889595866203,1556.062183201313,86776.1555519104,primary_metal_saving
reuse_support,2.0,Armington elasticity,1.0,Circular-service elasticity,0.5,81,-43.887570679187775,-1028.8878216147423,30105.13976752758,parameter_dependent
reuse_support,2.0,Armington elasticity,1.0,Circular-service elasticity,1.0,81,2225.0935727357864,116.18551731109619,36209.27467018366,primary_metal_saving
reuse_support,2.0,Armington elasticity,1.0,Circular-service elasticity,2.0,81,5962.692080378532,3850.0380960702896,150058.25321376324,primary_metal_saving
reuse_support,2.0,Armington elasticity,2.0,Circular-service elasticity,0.5,81,-32.98598951101303,-1102.5316288471222,79251.0119176507,parameter_dependent
reuse_support,2.0,Armington elasticity,2.0,Circular-service elasticity,1.0,81,2771.2054347991943,236.38691461086273,110622.16655379534,primary_metal_saving
reuse_support,2.0,Armington elasticity,2.0,Circular-service elasticity,2.0,81,6336.374191761017,3485.070124030113,14229.594942390919,primary_metal_saving
reuse_support,2.0,Armington elasticity,0.5,EOL-allocation elasticity,0.5,81,2707.769133210182,-891.2457854151726,86776.1555519104,parameter_dependent
reuse_support,2.0,Armington elasticity,0.5,EOL-allocation elasticity,1.0,81,2961.9451806545258,-2407.530395925045,69612.83757287264,parameter_dependent
reuse_support,2.0,Armington elasticity,0.5,EOL-allocation elasticity,2.0,81,2749.9971563220024,-1173.1263045072556,62787.01648050547,parameter_dependent
reuse_support,2.0,Armington elasticity,1.0,EOL-allocation elasticity,0.5,81,3149.284509897232,-1028.8878216147423,32624.029129564762,parameter_dependent
reuse_support,2.0,Armington elasticity,1.0,EOL-allocation elasticity,1.0,81,2850.9061186909676,-935.0687385201454,150058.25321376324,parameter_dependent
reuse_support,2.0,Armington elasticity,1.0,EOL-allocation elasticity,2.0,81,2287.6780502200127,-841.2975218296051,19358.56055366993,parameter_dependent
reuse_support,2.0,Armington elasticity,2.0,EOL-allocation elasticity,0.5,81,3284.3308125138283,-1102.5316288471222,110622.16655379534,parameter_dependent
reuse_support,2.0,Armington elasticity,2.0,EOL-allocation elasticity,1.0,81,2900.5241933465004,-777.2936172485352,71522.90281188488,parameter_dependent
reuse_support,2.0,Armington elasticity,2.0,EOL-allocation elasticity,2.0,81,3363.5794863700867,-990.298394382,79251.0119176507,parameter_dependent
reuse_support,2.0,Armington elasticity,0.5,EOL-productivity elasticity,0.5,81,2749.9971563220024,-966.4566004872322,69612.83757287264,parameter_dependent
reuse_support,2.0,Armington elasticity,0.5,EOL-productivity elasticity,1.0,81,3210.431335389614,-2407.530395925045,62787.01648050547,parameter_dependent
reuse_support,2.0,Armington elasticity,0.5,EOL-productivity elasticity,2.0,81,2406.106761276722,-1173.1263045072556,86776.1555519104,parameter_dependent
reuse_support,2.0,Armington elasticity,1.0,EOL-productivity elasticity,0.5,81,3865.156712949276,-1028.8878216147423,36209.27467018366,parameter_dependent
reuse_support,2.0,Armington elasticity,1.0,EOL-productivity elasticity,1.0,81,2724.784983217716,-841.2975218296051,150058.25321376324,parameter_dependent
reuse_support,2.0,Armington elasticity,1.0,EOL-productivity elasticity,2.0,81,2361.48298227787,-721.3692203164101,27399.424162626266,parameter_dependent
reuse_support,2.0,Armington elasticity,2.0,EOL-productivity elasticity,0.5,81,3667.791526019573,-1102.5316288471222,82375.28969430923,parameter_dependent
reuse_support,2.0,Armington elasticity,2.0,EOL-productivity elasticity,1.0,81,2486.6769659519196,-1006.3967696428299,110622.16655379534,parameter_dependent
reuse_support,2.0,Armington elasticity,2.0,EOL-productivity elasticity,2.0,81,2810.060010433197,-1077.424340903759,79251.0119176507,parameter_dependent
reuse_support,2.0,Armington elasticity,0.5,Metal-substitution elasticity,0.5,81,2476.104902982712,-2407.530395925045,86776.1555519104,parameter_dependent
reuse_support,2.0,Armington elasticity,0.5,Metal-substitution elasticity,1.0,81,2595.3809487223625,-928.9672482013702,37943.21104180813,parameter_dependent
reuse_support,2.0,Armington elasticity,0.5,Metal-substitution elasticity,2.0,81,3124.097082555294,-966.4566004872322,69612.83757287264,parameter_dependent
reuse_support,2.0,Armington elasticity,1.0,Metal-substitution elasticity,0.5,81,2400.8405099511147,-1028.8878216147423,27399.424162626266,parameter_dependent
reuse_support,2.0,Armington elasticity,1.0,Metal-substitution elasticity,1.0,81,3017.42429792881,-841.2975218296051,150058.25321376324,parameter_dependent
reuse_support,2.0,Armington elasticity,1.0,Metal-substitution elasticity,2.0,81,3598.6445630192757,-935.0687385201454,36209.27467018366,parameter_dependent
reuse_support,2.0,Armington elasticity,2.0,Metal-substitution elasticity,0.5,81,2771.2054347991943,-990.298394382,110622.16655379534,parameter_dependent
reuse_support,2.0,Armington elasticity,2.0,Metal-substitution elasticity,1.0,81,3628.6954696774483,-782.8378873467445,79251.0119176507,parameter_dependent
reuse_support,2.0,Armington elasticity,2.0,Metal-substitution elasticity,2.0,81,3127.748364210129,-1102.5316288471222,82375.28969430923,parameter_dependent
reuse_support,2.0,CET transformation elasticity,0.5,Circular-service elasticity,0.5,81,775.94651055336,-2407.530395925045,79251.0119176507,parameter_dependent
reuse_support,2.0,CET transformation elasticity,0.5,Circular-service elasticity,1.0,81,3662.100709617138,1072.6773592829704,110622.16655379534,primary_metal_saving
reuse_support,2.0,CET transformation elasticity,0.5,Circular-service elasticity,2.0,81,8936.53206372261,2562.632673740387,86776.1555519104,primary_metal_saving
reuse_support,2.0,CET transformation elasticity,1.0,Circular-service elasticity,0.5,81,-43.887570679187775,-1173.1263045072556,36990.385822057724,parameter_dependent
reuse_support,2.0,CET transformation elasticity,1.0,Circular-service elasticity,1.0,81,2810.060010433197,176.21713292598724,82375.28969430923,primary_metal_saving
reuse_support,2.0,CET transformation elasticity,1.0,Circular-service elasticity,2.0,81,5941.632852077484,1556.062183201313,150058.25321376324,primary_metal_saving
reuse_support,2.0,CET transformation elasticity,2.0,Circular-service elasticity,0.5,81,-458.1050725579262,-1102.5316288471222,28866.01633822918,parameter_dependent
reuse_support,2.0,CET transformation elasticity,2.0,Circular-service elasticity,1.0,81,784.3262823820114,85.37913304567337,4459.821071922779,primary_metal_saving
reuse_support,2.0,CET transformation elasticity,2.0,Circular-service elasticity,2.0,81,4442.15007185936,2108.759903073311,10192.858163654804,primary_metal_saving
reuse_support,2.0,CET transformation elasticity,0.5,EOL-allocation elasticity,0.5,81,4120.168323457241,-554.3457032442093,110622.16655379534,parameter_dependent
reuse_support,2.0,CET transformation elasticity,0.5,EOL-allocation elasticity,1.0,81,4420.674441754818,-2407.530395925045,71522.90281188488,parameter_dependent
reuse_support,2.0,CET transformation elasticity,0.5,EOL-allocation elasticity,2.0,81,4047.759305894375,-729.95948523283,79251.0119176507,parameter_dependent
reuse_support,2.0,CET transformation elasticity,1.0,EOL-allocation elasticity,0.5,81,3598.6445630192757,-977.7920541167259,82375.28969430923,parameter_dependent
reuse_support,2.0,CET transformation elasticity,1.0,EOL-allocation elasticity,1.0,81,3090.9819917082787,-928.9672482013702,150058.25321376324,parameter_dependent
reuse_support,2.0,CET transformation elasticity,1.0,EOL-allocation elasticity,2.0,81,2479.9027557373047,-1173.1263045072556,19358.56055366993,parameter_dependent
reuse_support,2.0,CET transformation elasticity,2.0,EOL-allocation elasticity,0.5,81,1008.6486793756485,-1102.5316288471222,11437.431427001953,parameter_dependent
reuse_support,2.0,CET transformation elasticity,2.0,EOL-allocation elasticity,1.0,81,784.3262823820114,-955.7778939008713,28866.01633822918,parameter_dependent
reuse_support,2.0,CET transformation elasticity,2.0,EOL-allocation elasticity,2.0,81,790.123154938221,-967.6842937469482,14369.197680532932,parameter_dependent
reuse_support,2.0,CET transformation elasticity,0.5,EOL-productivity elasticity,0.5,81,4907.346490800381,-806.4987889528275,71522.90281188488,parameter_dependent
reuse_support,2.0,CET transformation elasticity,0.5,EOL-productivity elasticity,1.0,81,4420.674441754818,-2407.530395925045,110622.16655379534,parameter_dependent
reuse_support,2.0,CET transformation elasticity,0.5,EOL-productivity elasticity,2.0,81,3342.107229232788,-500.1565487384796,86776.1555519104,parameter_dependent
reuse_support,2.0,CET transformation elasticity,1.0,EOL-productivity elasticity,0.5,81,3910.9345079660416,-770.7240312099457,82375.28969430923,parameter_dependent
reuse_support,2.0,CET transformation elasticity,1.0,EOL-productivity elasticity,1.0,81,3090.9819917082787,-977.7920541167259,150058.25321376324,parameter_dependent
reuse_support,2.0,CET transformation elasticity,1.0,EOL-productivity elasticity,2.0,81,2810.060010433197,-1173.1263045072556,29536.41703939438,parameter_dependent
reuse_support,2.0,CET transformation elasticity,2.0,EOL-productivity elasticity,0.5,81,1125.4547376036644,-1102.5316288471222,14369.197680532932,parameter_dependent
reuse_support,2.0,CET transformation elasticity,2.0,EOL-productivity elasticity,1.0,81,951.930394411087,-1006.3967696428299,28866.01633822918,parameter_dependent
reuse_support,2.0,CET transformation elasticity,2.0,EOL-productivity elasticity,2.0,81,568.5718131065369,-1077.424340903759,6591.614639937878,parameter_dependent
reuse_support,2.0,CET transformation elasticity,0.5,Metal-substitution elasticity,0.5,81,3363.5794863700867,-2407.530395925045,110622.16655379534,parameter_dependent
reuse_support,2.0,CET transformation elasticity,0.5,Metal-substitution elasticity,1.0,81,4260.423079192638,-729.95948523283,79251.0119176507,parameter_dependent
reuse_support,2.0,CET transformation elasticity,0.5,Metal-substitution elasticity,2.0,81,4586.317940294743,-500.1565487384796,71522.90281188488,parameter_dependent
reuse_support,2.0,CET transformation elasticity,1.0,Metal-substitution elasticity,0.5,81,2945.475954890251,-1173.1263045072556,27399.424162626266,parameter_dependent
reuse_support,2.0,CET transformation elasticity,1.0,Metal-substitution elasticity,1.0,81,3548.5654673576355,-928.9672482013702,150058.25321376324,parameter_dependent
reuse_support,2.0,CET transformation elasticity,1.0,Metal-substitution elasticity,2.0,81,3312.785636842251,-977.7920541167259,82375.28969430923,parameter_dependent
reuse_support,2.0,CET transformation elasticity,2.0,Metal-substitution elasticity,0.5,81,784.3262823820114,-1028.8878216147423,14369.197680532932,parameter_dependent
reuse_support,2.0,CET transformation elasticity,2.0,Metal-substitution elasticity,1.0,81,755.4539119005203,-891.2457854151726,28866.01633822918,parameter_dependent
reuse_support,2.0,CET transformation elasticity,2.0,Metal-substitution elasticity,2.0,81,1082.5400295257568,-1102.5316288471222,11437.431427001953,parameter_dependent
reuse_support,2.0,Circular-service elasticity,0.5,EOL-allocation elasticity,0.5,81,-157.64213609695435,-1102.5316288471222,36990.385822057724,parameter_dependent
reuse_support,2.0,Circular-service elasticity,0.5,EOL-allocation elasticity,1.0,81,-48.98552280664444,-2407.530395925045,71522.90281188488,parameter_dependent
reuse_support,2.0,Circular-service elasticity,0.5,EOL-allocation elasticity,2.0,81,-82.36806452274323,-1173.1263045072556,79251.0119176507,parameter_dependent
reuse_support,2.0,Circular-service elasticity,1.0,EOL-allocation elasticity,0.5,81,2578.4987363815308,116.18551731109619,110622.16655379534,primary_metal_saving
reuse_support,2.0,Circular-service elasticity,1.0,EOL-allocation elasticity,1.0,81,2603.4680866003036,85.37913304567337,37943.21104180813,primary_metal_saving
reuse_support,2.0,Circular-service elasticity,1.0,EOL-allocation elasticity,2.0,81,2457.593202829361,125.54346841573715,7903.02860891819,primary_metal_saving
reuse_support,2.0,Circular-service elasticity,2.0,EOL-allocation elasticity,0.5,81,6547.690265655518,2108.759903073311,86776.1555519104,primary_metal_saving
reuse_support,2.0,Circular-service elasticity,2.0,EOL-allocation elasticity,1.0,81,6019.889595866203,2562.632673740387,150058.25321376324,primary_metal_saving
reuse_support,2.0,Circular-service elasticity,2.0,EOL-allocation elasticity,2.0,81,5941.632852077484,1556.062183201313,46261.213879704475,primary_metal_saving
reuse_support,2.0,Circular-service elasticity,0.5,EOL-productivity elasticity,0.5,81,-315.9053374528885,-1102.5316288471222,71522.90281188488,parameter_dependent
reuse_support,2.0,Circular-service elasticity,0.5,EOL-productivity elasticity,1.0,81,73.70150309801102,-2407.530395925045,62787.01648050547,parameter_dependent
reuse_support,2.0,Circular-service elasticity,0.5,EOL-productivity elasticity,2.0,81,-65.3770541548729,-1173.1263045072556,79251.0119176507,parameter_dependent
reuse_support,2.0,Circular-service elasticity,1.0,EOL-productivity elasticity,0.5,81,3017.42429792881,125.54346841573715,82375.28969430923,primary_metal_saving
reuse_support,2.0,Circular-service elasticity,1.0,EOL-productivity elasticity,1.0,81,2457.593202829361,85.37913304567337,110622.16655379534,primary_metal_saving
reuse_support,2.0,Circular-service elasticity,1.0,EOL-productivity elasticity,2.0,81,2262.5840175151825,176.21713292598724,14973.282221376896,primary_metal_saving
reuse_support,2.0,Circular-service elasticity,2.0,EOL-productivity elasticity,0.5,81,5437.635464429855,2707.769133210182,46261.213879704475,primary_metal_saving
reuse_support,2.0,Circular-service elasticity,2.0,EOL-productivity elasticity,1.0,81,6431.235891342163,1556.062183201313,150058.25321376324,primary_metal_saving
reuse_support,2.0,Circular-service elasticity,2.0,EOL-productivity elasticity,2.0,81,6019.889595866203,2108.759903073311,86776.1555519104,primary_metal_saving
reuse_support,2.0,Circular-service elasticity,0.5,Metal-substitution elasticity,0.5,81,-164.83960783481598,-2407.530395925045,27399.424162626266,parameter_dependent
reuse_support,2.0,Circular-service elasticity,0.5,Metal-substitution elasticity,1.0,81,73.70150309801102,-928.9672482013702,79251.0119176507,parameter_dependent
reuse_support,2.0,Circular-service elasticity,0.5,Metal-substitution elasticity,2.0,81,-43.887570679187775,-1102.5316288471222,71522.90281188488,parameter_dependent
reuse_support,2.0,Circular-service elasticity,1.0,Metal-substitution elasticity,0.5,81,2444.958838760853,85.37913304567337,110622.16655379534,primary_metal_saving
reuse_support,2.0,Circular-service elasticity,1.0,Metal-substitution elasticity,1.0,81,2361.48298227787,103.13896191120148,54190.26678407192,primary_metal_saving
reuse_support,2.0,Circular-service elasticity,1.0,Metal-substitution elasticity,2.0,81,2749.9971563220024,242.8552673459053,82375.28969430923,primary_metal_saving
reuse_support,2.0,Circular-service elasticity,2.0,Metal-substitution elasticity,0.5,81,6401.8345239162445,1556.062183201313,86776.1555519104,primary_metal_saving
reuse_support,2.0,Circular-service elasticity,2.0,Metal-substitution elasticity,1.0,81,6029.382673680782,2108.759903073311,150058.25321376324,primary_metal_saving
reuse_support,2.0,Circular-service elasticity,2.0,Metal-substitution elasticity,2.0,81,5935.0911511182785,2707.769133210182,46261.213879704475,primary_metal_saving
reuse_support,2.0,EOL-allocation elasticity,0.5,EOL-productivity elasticity,0.5,81,3455.4798300266266,-1102.5316288471222,82375.28969430923,parameter_dependent
reuse_support,2.0,EOL-allocation elasticity,0.5,EOL-productivity elasticity,1.0,81,3312.785636842251,-1006.3967696428299,110622.16655379534,parameter_dependent
reuse_support,2.0,EOL-allocation elasticity,0.5,EOL-productivity elasticity,2.0,81,2635.759754240513,-1077.424340903759,86776.1555519104,parameter_dependent
reuse_support,2.0,EOL-allocation elasticity,1.0,EOL-productivity elasticity,0.5,81,3664.86895352602,-955.7778939008713,71522.90281188488,parameter_dependent
reuse_support,2.0,EOL-allocation elasticity,1.0,EOL-productivity elasticity,1.0,81,3485.358296394348,-2407.530395925045,150058.25321376324,parameter_dependent
reuse_support,2.0,EOL-allocation elasticity,1.0,EOL-productivity elasticity,2.0,81,2295.0757096409798,-777.2936172485352,12117.690884292126,parameter_dependent
reuse_support,2.0,EOL-allocation elasticity,2.0,EOL-productivity elasticity,0.5,81,3877.6088096499443,-966.4566004872322,52790.06868124008,parameter_dependent
reuse_support,2.0,EOL-allocation elasticity,2.0,EOL-productivity elasticity,1.0,81,2433.9550787210464,-841.2975218296051,62787.01648050547,parameter_dependent
reuse_support,2.0,EOL-allocation elasticity,2.0,EOL-productivity elasticity,2.0,81,2902.0083121061325,-1173.1263045072556,79251.0119176507,parameter_dependent
reuse_support,2.0,EOL-allocation elasticity,0.5,Metal-substitution elasticity,0.5,81,2406.106761276722,-1028.8878216147423,110622.16655379534,parameter_dependent
reuse_support,2.0,EOL-allocation elasticity,0.5,Metal-substitution elasticity,1.0,81,2486.6769659519196,-891.2457854151726,54190.26678407192,parameter_dependent
reuse_support,2.0,EOL-allocation elasticity,0.5,Metal-substitution elasticity,2.0,81,3312.785636842251,-1102.5316288471222,82375.28969430923,parameter_dependent
reuse_support,2.0,EOL-allocation elasticity,1.0,Metal-substitution elasticity,0.5,81,2654.5492720007896,-2407.530395925045,14229.594942390919,parameter_dependent
reuse_support,2.0,EOL-allocation elasticity,1.0,Metal-substitution elasticity,1.0,81,3664.86895352602,-928.9672482013702,150058.25321376324,parameter_dependent
reuse_support,2.0,EOL-allocation elasticity,1.0,Metal-substitution elasticity,2.0,81,3203.4804134964943,-935.0687385201454,71522.90281188488,parameter_dependent
reuse_support,2.0,EOL-allocation elasticity,2.0,Metal-substitution elasticity,0.5,81,2493.0175727009773,-1173.1263045072556,14369.197680532932,parameter_dependent
reuse_support,2.0,EOL-allocation elasticity,2.0,Metal-substitution elasticity,1.0,81,2572.97179800272,-841.2975218296051,79251.0119176507,parameter_dependent
reuse_support,2.0,EOL-allocation elasticity,2.0,Metal-substitution elasticity,2.0,81,3124.097082555294,-966.4566004872322,62787.01648050547,parameter_dependent
reuse_support,2.0,EOL-productivity elasticity,0.5,Metal-substitution elasticity,0.5,81,2682.713673353195,-1028.8878216147423,35076.9230979681,parameter_dependent
reuse_support,2.0,EOL-productivity elasticity,0.5,Metal-substitution elasticity,1.0,81,3662.100709617138,-782.8378873467445,54190.26678407192,parameter_dependent
reuse_support,2.0,EOL-productivity elasticity,0.5,Metal-substitution elasticity,2.0,81,3865.156712949276,-1102.5316288471222,82375.28969430923,parameter_dependent
reuse_support,2.0,EOL-productivity elasticity,1.0,Metal-substitution elasticity,0.5,81,2771.2054347991943,-2407.530395925045,110622.16655379534,parameter_dependent
reuse_support,2.0,EOL-productivity elasticity,1.0,Metal-substitution elasticity,1.0,81,3210.431335389614,-928.9672482013702,150058.25321376324,parameter_dependent
reuse_support,2.0,EOL-productivity elasticity,1.0,Metal-substitution elasticity,2.0,81,3124.097082555294,-1006.3967696428299,62787.01648050547,parameter_dependent
reuse_support,2.0,EOL-productivity elasticity,2.0,Metal-substitution elasticity,0.5,81,2476.104902982712,-1173.1263045072556,86776.1555519104,parameter_dependent
reuse_support,2.0,EOL-productivity elasticity,2.0,Metal-substitution elasticity,1.0,81,2245.960604608059,-891.2457854151726,79251.0119176507,parameter_dependent
reuse_support,2.0,EOL-productivity elasticity,2.0,Metal-substitution elasticity,2.0,81,2952.9288952350616,-1077.424340903759,60130.37997817993,parameter_dependent
virgin_metal_tax,0.25,Armington elasticity,0.5,CET transformation elasticity,0.5,81,207.96606117486954,2.3367542028427124,1226.6826905608177,primary_metal_saving
virgin_metal_tax,0.25,Armington elasticity,0.5,CET transformation elasticity,1.0,81,15.920653522014618,-92.56934458017349,853.9164635539055,parameter_dependent
virgin_metal_tax,0.25,Armington elasticity,0.5,CET transformation elasticity,2.0,81,-164.4161700606346,-725.4950495362282,-10.21802967786789,primary_metal_increase
virgin_metal_tax,0.25,Armington elasticity,1.0,CET transformation elasticity,0.5,81,299.01888287067413,8.39948582649231,1363.425185739994,primary_metal_saving
virgin_metal_tax,0.25,Armington elasticity,1.0,CET transformation elasticity,1.0,81,86.60780119895935,-22.60799813270569,661.9694764614105,parameter_dependent
virgin_metal_tax,0.25,Armington elasticity,1.0,CET transformation elasticity,2.0,81,-18.672487020492554,-145.2768126130104,664.7707714438438,parameter_dependent
virgin_metal_tax,0.25,Armington elasticity,2.0,CET transformation elasticity,0.5,81,213.44184190034866,-11.462595343589783,4204.741014242172,parameter_dependent
virgin_metal_tax,0.25,Armington elasticity,2.0,CET transformation elasticity,1.0,81,149.29327881336212,-16.1949805021286,1759.8021750450134,parameter_dependent
virgin_metal_tax,0.25,Armington elasticity,2.0,CET transformation elasticity,2.0,81,144.18528598546982,-15.964604794979095,1787.6857335567474,parameter_dependent
virgin_metal_tax,0.25,Armington elasticity,0.5,Circular-service elasticity,0.5,81,11.141389310359955,-725.4950495362282,1128.256848335266,parameter_dependent
virgin_metal_tax,0.25,Armington elasticity,0.5,Circular-service elasticity,1.0,81,12.309499740600586,-611.8673180341721,611.237369954586,parameter_dependent
virgin_metal_tax,0.25,Armington elasticity,0.5,Circular-service elasticity,2.0,81,16.81949633359909,-450.8557080626488,1226.6826905608177,parameter_dependent
virgin_metal_tax,0.25,Armington elasticity,1.0,Circular-service elasticity,0.5,81,59.62440264225006,-113.45480531454086,895.4902151226997,parameter_dependent
virgin_metal_tax,0.25,Armington elasticity,1.0,Circular-service elasticity,1.0,81,63.48327523469925,-145.2768126130104,1246.4202719926834,parameter_dependent
virgin_metal_tax,0.25,Armington elasticity,1.0,Circular-service elasticity,2.0,81,68.9673188328743,-80.86522382497787,1363.425185739994,parameter_dependent
virgin_metal_tax,0.25,Armington elasticity,2.0,Circular-service elasticity,0.5,81,186.23705595731735,6.556417167186737,4204.741014242172,primary_metal_saving
virgin_metal_tax,0.25,Armington elasticity,2.0,Circular-service elasticity,1.0,81,170.78265058994293,-16.1949805021286,1518.9047927856445,parameter_dependent
virgin_metal_tax,0.25,Armington elasticity,2.0,Circular-service elasticity,2.0,81,160.3252693414688,-15.964604794979095,2490.8774990439415,parameter_dependent
virgin_metal_tax,0.25,Armington elasticity,0.5,EOL-allocation elasticity,0.5,81,2.3367542028427124,-476.45909053087234,654.704591691494,parameter_dependent
virgin_metal_tax,0.25,Armington elasticity,0.5,EOL-allocation elasticity,1.0,81,18.804516971111298,-725.4950495362282,1128.256848335266,parameter_dependent
virgin_metal_tax,0.25,Armington elasticity,0.5,EOL-allocation elasticity,2.0,81,16.159658670425415,-559.2191420197487,1226.6826905608177,parameter_dependent
virgin_metal_tax,0.25,Armington elasticity,1.0,EOL-allocation elasticity,0.5,81,69.74256139993668,-110.24279546737671,841.2927535176277,parameter_dependent
virgin_metal_tax,0.25,Armington elasticity,1.0,EOL-allocation elasticity,1.0,81,53.19634485244751,-145.2768126130104,818.980514883995,parameter_dependent
virgin_metal_tax,0.25,Armington elasticity,1.0,EOL-allocation elasticity,2.0,81,88.79851192235947,-113.45480531454086,1363.425185739994,parameter_dependent
virgin_metal_tax,0.25,Armington elasticity,2.0,EOL-allocation elasticity,0.5,81,308.4717491865158,-16.1949805021286,1581.990450143814,parameter_dependent
virgin_metal_tax,0.25,Armington elasticity,2.0,EOL-allocation elasticity,1.0,81,154.70229130983353,-13.49071204662323,4204.741014242172,parameter_dependent
virgin_metal_tax,0.25,Armington elasticity,2.0,EOL-allocation elasticity,2.0,81,176.93726855516434,-11.462595343589783,2490.8774990439415,parameter_dependent
virgin_metal_tax,0.25,Armington elasticity,0.5,EOL-productivity elasticity,0.5,81,7.899422109127045,-476.45909053087234,868.9008294343948,parameter_dependent
virgin_metal_tax,0.25,Armington elasticity,0.5,EOL-productivity elasticity,1.0,81,16.159658670425415,-559.2191420197487,1226.6826905608177,parameter_dependent
virgin_metal_tax,0.25,Armington elasticity,0.5,EOL-productivity elasticity,2.0,81,19.85763782262802,-725.4950495362282,853.9164635539055,parameter_dependent
virgin_metal_tax,0.25,Armington elasticity,1.0,EOL-productivity elasticity,0.5,81,80.1124672293663,-110.24279546737671,895.4902151226997,parameter_dependent
virgin_metal_tax,0.25,Armington elasticity,1.0,EOL-productivity elasticity,1.0,81,69.74256139993668,-113.45480531454086,1363.425185739994,parameter_dependent
virgin_metal_tax,0.25,Armington elasticity,1.0,EOL-productivity elasticity,2.0,81,50.413369596004486,-145.2768126130104,884.2332017421722,parameter_dependent
virgin_metal_tax,0.25,Armington elasticity,2.0,EOL-productivity elasticity,0.5,81,176.93726855516434,-16.1949805021286,1787.6857335567474,parameter_dependent
virgin_metal_tax,0.25,Armington elasticity,2.0,EOL-productivity elasticity,1.0,81,177.36466032266617,-15.964604794979095,4204.741014242172,parameter_dependent
virgin_metal_tax,0.25,Armington elasticity,2.0,EOL-productivity elasticity,2.0,81,186.23705595731735,-13.49071204662323,2084.4011336565018,parameter_dependent
virgin_metal_tax,0.25,Armington elasticity,0.5,Metal-substitution elasticity,0.5,81,5.942306458950043,-491.8564212322235,1226.6826905608177,parameter_dependent
virgin_metal_tax,0.25,Armington elasticity,0.5,Metal-substitution elasticity,1.0,81,12.669753432273865,-450.8557080626488,1128.256848335266,parameter_dependent
virgin_metal_tax,0.25,Armington elasticity,0.5,Metal-substitution elasticity,2.0,81,107.05231475830078,-725.4950495362282,903.8457434177399,parameter_dependent
virgin_metal_tax,0.25,Armington elasticity,1.0,Metal-substitution elasticity,0.5,81,50.15464335680008,-145.2768126130104,872.2474485039711,parameter_dependent
virgin_metal_tax,0.25,Armington elasticity,1.0,Metal-substitution elasticity,1.0,81,63.48327523469925,-113.45480531454086,1363.425185739994,parameter_dependent
virgin_metal_tax,0.25,Armington elasticity,1.0,Metal-substitution elasticity,2.0,81,144.96465408802032,-99.60944056510925,1246.4202719926834,parameter_dependent
virgin_metal_tax,0.25,Armington elasticity,2.0,Metal-substitution elasticity,0.5,81,175.95081907510757,-13.49071204662323,2490.8774990439415,parameter_dependent
virgin_metal_tax,0.25,Armington elasticity,2.0,Metal-substitution elasticity,1.0,81,138.65987348556519,-14.933280527591705,1759.8021750450134,parameter_dependent
virgin_metal_tax,0.25,Armington elasticity,2.0,Metal-substitution elasticity,2.0,81,263.8008642196655,-16.1949805021286,4204.741014242172,parameter_dependent
virgin_metal_tax,0.25,CET transformation elasticity,0.5,Circular-service elasticity,0.5,81,240.33661550283432,2.3367542028427124,4204.741014242172,primary_metal_saving
virgin_metal_tax,0.25,CET transformation elasticity,0.5,Circular-service elasticity,1.0,81,300.71780121326447,-11.462595343589783,1518.9047927856445,parameter_dependent
virgin_metal_tax,0.25,CET transformation elasticity,0.5,Circular-service elasticity,2.0,81,196.9664250612259,-3.0603389739990234,2490.8774990439415,parameter_dependent
virgin_metal_tax,0.25,CET transformation elasticity,1.0,Circular-service elasticity,0.5,81,95.86863607168198,-28.590557396411896,1064.8453438282013,parameter_dependent
virgin_metal_tax,0.25,CET transformation elasticity,1.0,Circular-service elasticity,1.0,81,100.11692994832993,-92.56934458017349,937.3180155158043,parameter_dependent
virgin_metal_tax,0.25,CET transformation elasticity,1.0,Circular-service elasticity,2.0,81,114.51346689462662,-49.17288017272949,1759.8021750450134,parameter_dependent
virgin_metal_tax,0.25,CET transformation elasticity,2.0,Circular-service elasticity,0.5,81,-29.619069755077362,-725.4950495362282,1787.6857335567474,parameter_dependent
virgin_metal_tax,0.25,CET transformation elasticity,2.0,Circular-service elasticity,1.0,81,-14.050162255764008,-611.8673180341721,608.1597389578819,parameter_dependent
virgin_metal_tax,0.25,CET transformation elasticity,2.0,Circular-service elasticity,2.0,81,-12.353304028511047,-450.8557080626488,946.6194974184036,parameter_dependent
virgin_metal_tax,0.25,CET transformation elasticity,0.5,EOL-allocation elasticity,0.5,81,286.9493309855461,2.3367542028427124,1581.990450143814,primary_metal_saving
virgin_metal_tax,0.25,CET transformation elasticity,0.5,EOL-allocation elasticity,1.0,81,192.86175644397736,-3.0603389739990234,4204.741014242172,parameter_dependent
virgin_metal_tax,0.25,CET transformation elasticity,0.5,EOL-allocation elasticity,2.0,81,319.77270591259,-11.462595343589783,2490.8774990439415,parameter_dependent
virgin_metal_tax,0.25,CET transformation elasticity,1.0,EOL-allocation elasticity,0.5,81,104.77589869499207,-92.56934458017349,1264.606081545353,parameter_dependent
virgin_metal_tax,0.25,CET transformation elasticity,1.0,EOL-allocation elasticity,1.0,81,80.31932789087296,-33.695398926734924,1064.8453438282013,parameter_dependent
virgin_metal_tax,0.25,CET transformation elasticity,1.0,EOL-allocation elasticity,2.0,81,103.2758880853653,-38.96956479549408,1759.8021750450134,parameter_dependent
virgin_metal_tax,0.25,CET transformation elasticity,2.0,EOL-allocation elasticity,0.5,81,-15.120188891887665,-476.45909053087234,664.7707714438438,parameter_dependent
virgin_metal_tax,0.25,CET transformation elasticity,2.0,EOL-allocation elasticity,1.0,81,-14.967293918132782,-725.4950495362282,516.409205019474,parameter_dependent
virgin_metal_tax,0.25,CET transformation elasticity,2.0,EOL-allocation elasticity,2.0,81,-14.050162255764008,-559.2191420197487,1787.6857335567474,parameter_dependent
virgin_metal_tax,0.25,CET transformation elasticity,0.5,EOL-productivity elasticity,0.5,81,243.57299780845642,-3.0603389739990234,1581.990450143814,parameter_dependent
virgin_metal_tax,0.25,CET transformation elasticity,0.5,EOL-productivity elasticity,1.0,81,259.71175068616867,13.575873792171478,4204.741014242172,primary_metal_saving
virgin_metal_tax,0.25,CET transformation elasticity,0.5,EOL-productivity elasticity,2.0,81,206.34483033418655,-11.462595343589783,2084.4011336565018,parameter_dependent
virgin_metal_tax,0.25,CET transformation elasticity,1.0,EOL-productivity elasticity,0.5,81,106.46777403354645,-33.695398926734924,1264.606081545353,parameter_dependent
virgin_metal_tax,0.25,CET transformation elasticity,1.0,EOL-productivity elasticity,1.0,81,103.2758880853653,-31.523841500282288,1064.8453438282013,parameter_dependent
virgin_metal_tax,0.25,CET transformation elasticity,1.0,EOL-productivity elasticity,2.0,81,95.86863607168198,-92.56934458017349,1759.8021750450134,parameter_dependent
virgin_metal_tax,0.25,CET transformation elasticity,2.0,EOL-productivity elasticity,0.5,81,-10.21802967786789,-476.45909053087234,1787.6857335567474,parameter_dependent
virgin_metal_tax,0.25,CET transformation elasticity,2.0,EOL-productivity elasticity,1.0,81,-14.050162255764008,-559.2191420197487,1170.097466826439,parameter_dependent
virgin_metal_tax,0.25,CET transformation elasticity,2.0,EOL-productivity elasticity,2.0,81,-21.75044173002243,-725.4950495362282,946.6194974184036,parameter_dependent
virgin_metal_tax,0.25,CET transformation elasticity,0.5,Metal-substitution elasticity,0.5,81,130.53367567062378,2.3367542028427124,2490.8774990439415,primary_metal_saving
virgin_metal_tax,0.25,CET transformation elasticity,0.5,Metal-substitution elasticity,1.0,81,137.05965477228165,-3.0603389739990234,1570.306862950325,parameter_dependent
virgin_metal_tax,0.25,CET transformation elasticity,0.5,Metal-substitution elasticity,2.0,81,534.3137807250023,-11.462595343589783,4204.741014242172,parameter_dependent
virgin_metal_tax,0.25,CET transformation elasticity,1.0,Metal-substitution elasticity,0.5,81,74.67023968696594,-49.17288017272949,1264.606081545353,parameter_dependent
virgin_metal_tax,0.25,CET transformation elasticity,1.0,Metal-substitution elasticity,1.0,81,67.69017446041107,-38.96956479549408,1759.8021750450134,parameter_dependent
virgin_metal_tax,0.25,CET transformation elasticity,1.0,Metal-substitution elasticity,2.0,81,135.383930683136,-92.56934458017349,867.6736134886742,parameter_dependent
virgin_metal_tax,0.25,CET transformation elasticity,2.0,Metal-substitution elasticity,0.5,81,-29.04070097208023,-491.8564212322235,1170.097466826439,parameter_dependent
virgin_metal_tax,0.25,CET transformation elasticity,2.0,Metal-substitution elasticity,1.0,81,-14.92439079284668,-450.8557080626488,664.7707714438438,parameter_dependent
virgin_metal_tax,0.25,CET transformation elasticity,2.0,Metal-substitution elasticity,2.0,81,-12.26513123512268,-725.4950495362282,1787.6857335567474,parameter_dependent
virgin_metal_tax,0.25,Circular-service elasticity,0.5,EOL-allocation elasticity,0.5,81,65.0165439248085,-476.45909053087234,1570.306862950325,parameter_dependent
virgin_metal_tax,0.25,Circular-service elasticity,0.5,EOL-allocation elasticity,1.0,81,74.46839737892151,-725.4950495362282,4204.741014242172,parameter_dependent
virgin_metal_tax,0.25,Circular-service elasticity,0.5,EOL-allocation elasticity,2.0,81,100.00312238931656,-559.2191420197487,1873.1546006202698,parameter_dependent
virgin_metal_tax,0.25,Circular-service elasticity,1.0,EOL-allocation elasticity,0.5,81,94.56248944997787,-362.9825893044472,1518.9047927856445,parameter_dependent
virgin_metal_tax,0.25,Circular-service elasticity,1.0,EOL-allocation elasticity,1.0,81,67.69017446041107,-611.8673180341721,1299.8915407657623,parameter_dependent
virgin_metal_tax,0.25,Circular-service elasticity,1.0,EOL-allocation elasticity,2.0,81,77.49503934383392,-295.99091601371765,1246.4202719926834,parameter_dependent
virgin_metal_tax,0.25,Circular-service elasticity,2.0,EOL-allocation elasticity,0.5,81,72.16995686292648,-206.82075190544128,1581.990450143814,parameter_dependent
virgin_metal_tax,0.25,Circular-service elasticity,2.0,EOL-allocation elasticity,1.0,81,60.59405332803726,-450.8557080626488,2084.4011336565018,parameter_dependent
virgin_metal_tax,0.25,Circular-service elasticity,2.0,EOL-allocation elasticity,2.0,81,83.50311130285263,-304.04914367198944,2490.8774990439415,parameter_dependent
virgin_metal_tax,0.25,Circular-service elasticity,0.5,EOL-productivity elasticity,0.5,81,85.85996967554092,-476.45909053087234,1787.6857335567474,parameter_dependent
virgin_metal_tax,0.25,Circular-service elasticity,0.5,EOL-productivity elasticity,1.0,81,98.66512191295624,-559.2191420197487,4204.741014242172,parameter_dependent
virgin_metal_tax,0.25,Circular-service elasticity,0.5,EOL-productivity elasticity,2.0,81,62.07799118757248,-725.4950495362282,1873.1546006202698,parameter_dependent
virgin_metal_tax,0.25,Circular-service elasticity,1.0,EOL-productivity elasticity,0.5,81,94.80789786577225,-327.4595510363579,1299.8915407657623,parameter_dependent
virgin_metal_tax,0.25,Circular-service elasticity,1.0,EOL-productivity elasticity,1.0,81,100.11692994832993,-416.63436353206635,1267.0716680884361,parameter_dependent
virgin_metal_tax,0.25,Circular-service elasticity,1.0,EOL-productivity elasticity,2.0,81,63.48327523469925,-611.8673180341721,1518.9047927856445,parameter_dependent
virgin_metal_tax,0.25,Circular-service elasticity,2.0,EOL-productivity elasticity,0.5,81,69.80751210451126,-225.44981580972672,1581.990450143814,parameter_dependent
virgin_metal_tax,0.25,Circular-service elasticity,2.0,EOL-productivity elasticity,1.0,81,60.59405332803726,-272.6410958170891,2490.8774990439415,parameter_dependent
virgin_metal_tax,0.25,Circular-service elasticity,2.0,EOL-productivity elasticity,2.0,81,76.62226682901382,-450.8557080626488,2084.4011336565018,parameter_dependent
virgin_metal_tax,0.25,Circular-service elasticity,0.5,Metal-substitution elasticity,0.5,81,60.387765645980835,-491.8564212322235,1315.4497166275978,parameter_dependent
virgin_metal_tax,0.25,Circular-service elasticity,0.5,Metal-substitution elasticity,1.0,81,57.7154837846756,-334.8541668653488,1570.306862950325,parameter_dependent
virgin_metal_tax,0.25,Circular-service elasticity,0.5,Metal-substitution elasticity,2.0,81,181.31299793720245,-725.4950495362282,4204.741014242172,parameter_dependent
virgin_metal_tax,0.25,Circular-service elasticity,1.0,Metal-substitution elasticity,0.5,81,53.134517788887024,-327.4595510363579,1207.7348725795746,parameter_dependent
virgin_metal_tax,0.25,Circular-service elasticity,1.0,Metal-substitution elasticity,1.0,81,53.96976029872894,-267.77450346946716,861.0727086663246,parameter_dependent
virgin_metal_tax,0.25,Circular-service elasticity,1.0,Metal-substitution elasticity,2.0,81,213.10862451791763,-611.8673180341721,1518.9047927856445,parameter_dependent
virgin_metal_tax,0.25,Circular-service elasticity,2.0,Metal-substitution elasticity,0.5,81,48.269235134124756,-225.44981580972672,2490.8774990439415,parameter_dependent
virgin_metal_tax,0.25,Circular-service elasticity,2.0,Metal-substitution elasticity,1.0,81,56.42429316043854,-450.8557080626488,1759.8021750450134,parameter_dependent
virgin_metal_tax,0.25,Circular-service elasticity,2.0,Metal-substitution elasticity,2.0,81,175.89940816164017,-304.04914367198944,2084.4011336565018,parameter_dependent
virgin_metal_tax,0.25,EOL-allocation elasticity,0.5,EOL-productivity elasticity,0.5,81,111.92723113298416,-476.45909053087234,1581.990450143814,parameter_dependent
virgin_metal_tax,0.25,EOL-allocation elasticity,0.5,EOL-productivity elasticity,1.0,81,74.85450404882431,-348.01861876249313,1207.7348725795746,parameter_dependent
virgin_metal_tax,0.25,EOL-allocation elasticity,0.5,EOL-productivity elasticity,2.0,81,52.00691896677017,-362.9825893044472,1518.9047927856445,parameter_dependent
virgin_metal_tax,0.25,EOL-allocation elasticity,1.0,EOL-productivity elasticity,0.5,81,80.1124672293663,-347.4952967762947,1299.8915407657623,parameter_dependent
virgin_metal_tax,0.25,EOL-allocation elasticity,1.0,EOL-productivity elasticity,1.0,81,60.59405332803726,-491.8564212322235,4204.741014242172,parameter_dependent
virgin_metal_tax,0.25,EOL-allocation elasticity,1.0,EOL-productivity elasticity,2.0,81,52.07772260904312,-725.4950495362282,2084.4011336565018,parameter_dependent
virgin_metal_tax,0.25,EOL-allocation elasticity,2.0,EOL-productivity elasticity,0.5,81,59.283620059490204,-385.9788200855255,1787.6857335567474,parameter_dependent
virgin_metal_tax,0.25,EOL-allocation elasticity,2.0,EOL-productivity elasticity,1.0,81,108.09374672174454,-559.2191420197487,2490.8774990439415,parameter_dependent
virgin_metal_tax,0.25,EOL-allocation elasticity,2.0,EOL-productivity elasticity,2.0,81,100.00312238931656,-343.18118488788605,1873.1546006202698,parameter_dependent
virgin_metal_tax,0.25,EOL-allocation elasticity,0.5,Metal-substitution elasticity,0.5,81,56.67716991901398,-252.90575391054153,1581.990450143814,parameter_dependent
virgin_metal_tax,0.25,EOL-allocation elasticity,0.5,Metal-substitution elasticity,1.0,81,41.359047174453735,-267.77450346946716,1570.306862950325,parameter_dependent
virgin_metal_tax,0.25,EOL-allocation elasticity,0.5,Metal-substitution elasticity,2.0,81,189.0781062245369,-476.45909053087234,1525.6441046595573,parameter_dependent
virgin_metal_tax,0.25,EOL-allocation elasticity,1.0,Metal-substitution elasticity,0.5,81,32.51773530244827,-491.8564212322235,1315.4497166275978,parameter_dependent
virgin_metal_tax,0.25,EOL-allocation elasticity,1.0,Metal-substitution elasticity,1.0,81,52.07772260904312,-450.8557080626488,1128.256848335266,parameter_dependent
virgin_metal_tax,0.25,EOL-allocation elasticity,1.0,Metal-substitution elasticity,2.0,81,170.78265058994293,-725.4950495362282,4204.741014242172,parameter_dependent
virgin_metal_tax,0.25,EOL-allocation elasticity,2.0,Metal-substitution elasticity,0.5,81,61.09807592630386,-285.05865836143494,2490.8774990439415,parameter_dependent
virgin_metal_tax,0.25,EOL-allocation elasticity,2.0,Metal-substitution elasticity,1.0,81,69.80751210451126,-334.8541668653488,1759.8021750450134,parameter_dependent
virgin_metal_tax,0.25,EOL-allocation elasticity,2.0,Metal-substitution elasticity,2.0,81,213.10862451791763,-559.2191420197487,1873.1546006202698,parameter_dependent
virgin_metal_tax,0.25,EOL-productivity elasticity,0.5,Metal-substitution elasticity,0.5,81,50.63261091709137,-327.4595510363579,1581.990450143814,parameter_dependent
virgin_metal_tax,0.25,EOL-productivity elasticity,0.5,Metal-substitution elasticity,1.0,81,61.73655170202255,-334.8541668653488,1570.306862950325,parameter_dependent
virgin_metal_tax,0.25,EOL-productivity elasticity,0.5,Metal-substitution elasticity,2.0,81,225.02510648965836,-476.45909053087234,1787.6857335567474,parameter_dependent
virgin_metal_tax,0.25,EOL-productivity elasticity,1.0,Metal-substitution elasticity,0.5,81,57.26886838674545,-491.8564212322235,2490.8774990439415,parameter_dependent
virgin_metal_tax,0.25,EOL-productivity elasticity,1.0,Metal-substitution elasticity,1.0,81,72.61377441883087,-253.47885084152222,1363.425185739994,parameter_dependent
virgin_metal_tax,0.25,EOL-productivity elasticity,1.0,Metal-substitution elasticity,2.0,81,156.17961955070496,-559.2191420197487,4204.741014242172,parameter_dependent
virgin_metal_tax,0.25,EOL-productivity elasticity,2.0,Metal-substitution elasticity,0.5,81,61.09807592630386,-261.5848830938339,1402.6336671113968,parameter_dependent
virgin_metal_tax,0.25,EOL-productivity elasticity,2.0,Metal-substitution elasticity,1.0,81,51.22307986021042,-450.8557080626488,1759.8021750450134,parameter_dependent
virgin_metal_tax,0.25,EOL-productivity elasticity,2.0,Metal-substitution elasticity,2.0,81,188.7006962299347,-725.4950495362282,2084.4011336565018,parameter_dependent
virgin_metal_tax,0.5,Armington elasticity,0.5,CET transformation elasticity,0.5,81,722.1813842058182,-1764.6225008368492,25044.628061056137,parameter_dependent
virgin_metal_tax,0.5,Armington elasticity,0.5,CET transformation elasticity,1.0,81,160.83882826566696,-223.68236762285233,38808.380819916725,parameter_dependent
virgin_metal_tax,0.5,Armington elasticity,0.5,CET transformation elasticity,2.0,81,-193.83146715164185,-3327.1862864494324,60458.279746711254,parameter_dependent
virgin_metal_tax,0.5,Armington elasticity,1.0,CET transformation elasticity,0.5,81,1410.7781307697296,75.7691890001297,76510.29606515169,primary_metal_saving
virgin_metal_tax,0.5,Armington elasticity,1.0,CET transformation elasticity,1.0,81,706.3194289207458,53.538392782211304,125259.38063573837,primary_metal_saving
virgin_metal_tax,0.5,Armington elasticity,1.0,CET transformation elasticity,2.0,81,-50.16732043027878,-352.36922669410706,5297.596368730068,parameter_dependent
virgin_metal_tax,0.5,Armington elasticity,2.0,CET transformation elasticity,0.5,81,2294.08875477314,-1114.0593139529228,22543.904116153717,parameter_dependent
virgin_metal_tax,0.5,Armington elasticity,2.0,CET transformation elasticity,1.0,81,1980.0371999144554,-830.9832187891006,29842.533101320267,parameter_dependent
virgin_metal_tax,0.5,Armington elasticity,2.0,CET transformation elasticity,2.0,81,1133.693618118763,-593.4354583024979,69447.81411325932,parameter_dependent
virgin_metal_tax,0.5,Armington elasticity,0.5,Circular-service elasticity,0.5,81,172.01525074243546,-3327.1862864494324,60458.279746711254,parameter_dependent
virgin_metal_tax,0.5,Armington elasticity,0.5,Circular-service elasticity,1.0,81,147.50840204954147,-1764.6225008368492,38808.380819916725,parameter_dependent
virgin_metal_tax,0.5,Armington elasticity,0.5,Circular-service elasticity,2.0,81,157.9335909485817,-595.628356218338,11276.424917936325,parameter_dependent
virgin_metal_tax,0.5,Armington elasticity,1.0,Circular-service elasticity,0.5,81,645.5173355340958,-352.36922669410706,76510.29606515169,parameter_dependent
virgin_metal_tax,0.5,Armington elasticity,1.0,Circular-service elasticity,1.0,81,482.0137441754341,-176.29384869337082,17094.613034546375,parameter_dependent
virgin_metal_tax,0.5,Armington elasticity,1.0,Circular-service elasticity,2.0,81,599.1942765712738,-116.85188657045364,125259.38063573837,parameter_dependent
virgin_metal_tax,0.5,Armington elasticity,2.0,Circular-service elasticity,0.5,81,1873.0515395402908,-1114.0593139529228,21943.50466233492,parameter_dependent
virgin_metal_tax,0.5,Armington elasticity,2.0,Circular-service elasticity,1.0,81,1843.3444782495499,-37.592028737068176,69447.81411325932,parameter_dependent
virgin_metal_tax,0.5,Armington elasticity,2.0,Circular-service elasticity,2.0,81,1877.8620590567589,-861.9614884853363,29842.533101320267,parameter_dependent
virgin_metal_tax,0.5,Armington elasticity,0.5,EOL-allocation elasticity,0.5,81,74.1895722746849,-3327.1862864494324,10727.791245996952,parameter_dependent
virgin_metal_tax,0.5,Armington elasticity,0.5,EOL-allocation elasticity,1.0,81,157.60416412353516,-816.1448845267296,38808.380819916725,parameter_dependent
virgin_metal_tax,0.5,Armington elasticity,0.5,EOL-allocation elasticity,2.0,81,242.79367291927338,-914.9010729193687,60458.279746711254,parameter_dependent
virgin_metal_tax,0.5,Armington elasticity,1.0,EOL-allocation elasticity,0.5,81,517.5184071660042,-221.49181026220322,76510.29606515169,parameter_dependent
virgin_metal_tax,0.5,Armington elasticity,1.0,EOL-allocation elasticity,1.0,81,506.55729180574417,-352.36922669410706,125259.38063573837,parameter_dependent
virgin_metal_tax,0.5,Armington elasticity,1.0,EOL-allocation elasticity,2.0,81,757.8047189116478,-300.22230488061905,26757.576839506626,parameter_dependent
virgin_metal_tax,0.5,Armington elasticity,2.0,EOL-allocation elasticity,0.5,81,1895.4212812185287,-861.9614884853363,21943.50466233492,parameter_dependent
virgin_metal_tax,0.5,Armington elasticity,2.0,EOL-allocation elasticity,1.0,81,1812.9477172493935,-1114.0593139529228,29842.533101320267,parameter_dependent
virgin_metal_tax,0.5,Armington elasticity,2.0,EOL-allocation elasticity,2.0,81,1862.1172782182693,-830.9832187891006,69447.81411325932,parameter_dependent
virgin_metal_tax,0.5,Armington elasticity,0.5,EOL-productivity elasticity,0.5,81,137.20368230342865,-914.9010729193687,60458.279746711254,parameter_dependent
virgin_metal_tax,0.5,Armington elasticity,0.5,EOL-productivity elasticity,1.0,81,160.83882826566696,-3327.1862864494324,38808.380819916725,parameter_dependent
virgin_metal_tax,0.5,Armington elasticity,0.5,EOL-productivity elasticity,2.0,81,147.50840204954147,-675.1698992848396,25044.628061056137,parameter_dependent
virgin_metal_tax,0.5,Armington elasticity,1.0,EOL-productivity elasticity,0.5,81,599.1942765712738,-300.22230488061905,125259.38063573837,parameter_dependent
virgin_metal_tax,0.5,Armington elasticity,1.0,EOL-productivity elasticity,1.0,81,689.1782011389732,-216.67396354675293,76510.29606515169,parameter_dependent
virgin_metal_tax,0.5,Armington elasticity,1.0,EOL-productivity elasticity,2.0,81,530.4346013069153,-352.36922669410706,5385.2110931277275,parameter_dependent
virgin_metal_tax,0.5,Armington elasticity,2.0,EOL-productivity elasticity,0.5,81,1932.6607900857925,-861.9614884853363,21943.50466233492,parameter_dependent
virgin_metal_tax,0.5,Armington elasticity,2.0,EOL-productivity elasticity,1.0,81,1696.6359113454819,-597.2273749113083,29842.533101320267,parameter_dependent
virgin_metal_tax,0.5,Armington elasticity,2.0,EOL-productivity elasticity,2.0,81,1902.2384458184242,-1114.0593139529228,69447.81411325932,parameter_dependent
virgin_metal_tax,0.5,Armington elasticity,0.5,Metal-substitution elasticity,0.5,81,15.44730794429779,-943.3717315196991,2228.7167976498604,parameter_dependent
virgin_metal_tax,0.5,Armington elasticity,0.5,Metal-substitution elasticity,1.0,81,134.7761242389679,-751.2627063393593,4020.438642680645,parameter_dependent
virgin_metal_tax,0.5,Armington elasticity,0.5,Metal-substitution elasticity,2.0,81,628.6798229217529,-3327.1862864494324,60458.279746711254,parameter_dependent
virgin_metal_tax,0.5,Armington elasticity,1.0,Metal-substitution elasticity,0.5,81,283.21857583522797,-352.36922669410706,5385.2110931277275,parameter_dependent
virgin_metal_tax,0.5,Armington elasticity,1.0,Metal-substitution elasticity,1.0,81,530.5193436741829,-269.0273015499115,7114.518539130688,parameter_dependent
virgin_metal_tax,0.5,Armington elasticity,1.0,Metal-substitution elasticity,2.0,81,1040.7353467345238,-201.1871975660324,125259.38063573837,parameter_dependent
virgin_metal_tax,0.5,Armington elasticity,2.0,Metal-substitution elasticity,0.5,81,1854.0787606835365,143.30262529850006,7194.235316932201,primary_metal_saving
virgin_metal_tax,0.5,Armington elasticity,2.0,Metal-substitution elasticity,1.0,81,1878.0420399308205,26.01062959432602,69447.81411325932,primary_metal_saving
virgin_metal_tax,0.5,Armington elasticity,2.0,Metal-substitution elasticity,2.0,81,1877.8620590567589,-1114.0593139529228,22543.904116153717,parameter_dependent
virgin_metal_tax,0.5,CET transformation elasticity,0.5,Circular-service elasticity,0.5,81,1254.8879177570343,-1114.0593139529228,76510.29606515169,parameter_dependent
virgin_metal_tax,0.5,CET transformation elasticity,0.5,Circular-service elasticity,1.0,81,1410.4560659527779,-1764.6225008368492,22543.904116153717,parameter_dependent
virgin_metal_tax,0.5,CET transformation elasticity,0.5,Circular-service elasticity,2.0,81,1577.9494904279709,-861.9614884853363,30240.638825833797,parameter_dependent
virgin_metal_tax,0.5,CET transformation elasticity,1.0,Circular-service elasticity,0.5,81,974.738631427288,-830.9832187891006,7114.518539130688,parameter_dependent
virgin_metal_tax,0.5,CET transformation elasticity,1.0,Circular-service elasticity,1.0,81,559.6952539682388,-31.41504406929016,38808.380819916725,parameter_dependent
virgin_metal_tax,0.5,CET transformation elasticity,1.0,Circular-service elasticity,2.0,81,1006.1850947737694,-50.66337728500366,125259.38063573837,parameter_dependent
virgin_metal_tax,0.5,CET transformation elasticity,2.0,Circular-service elasticity,0.5,81,135.97040981054306,-3327.1862864494324,60458.279746711254,parameter_dependent
virgin_metal_tax,0.5,CET transformation elasticity,2.0,Circular-service elasticity,1.0,81,-41.01256626844406,-914.9010729193687,69447.81411325932,parameter_dependent
virgin_metal_tax,0.5,CET transformation elasticity,2.0,Circular-service elasticity,2.0,81,-35.749082803726196,-595.628356218338,5297.596368730068,parameter_dependent
virgin_metal_tax,0.5,CET transformation elasticity,0.5,EOL-allocation elasticity,0.5,81,1668.8830496668816,-1764.6225008368492,76510.29606515169,parameter_dependent
virgin_metal_tax,0.5,CET transformation elasticity,0.5,EOL-allocation elasticity,1.0,81,1336.370203435421,-1114.0593139529228,25044.628061056137,parameter_dependent
virgin_metal_tax,0.5,CET transformation elasticity,0.5,EOL-allocation elasticity,2.0,81,1395.1436678171158,133.7431862950325,22543.904116153717,primary_metal_saving
virgin_metal_tax,0.5,CET transformation elasticity,1.0,EOL-allocation elasticity,0.5,81,706.3728417158127,-50.66337728500366,5451.002453446388,parameter_dependent
virgin_metal_tax,0.5,CET transformation elasticity,1.0,EOL-allocation elasticity,1.0,81,599.1942765712738,-223.68236762285233,125259.38063573837,parameter_dependent
virgin_metal_tax,0.5,CET transformation elasticity,1.0,EOL-allocation elasticity,2.0,81,1130.5475101470947,-830.9832187891006,26757.576839506626,parameter_dependent
virgin_metal_tax,0.5,CET transformation elasticity,2.0,EOL-allocation elasticity,0.5,81,129.5736426115036,-3327.1862864494324,21943.50466233492,parameter_dependent
virgin_metal_tax,0.5,CET transformation elasticity,2.0,EOL-allocation elasticity,1.0,81,-67.70498466491699,-816.1448845267296,5297.596368730068,parameter_dependent
virgin_metal_tax,0.5,CET transformation elasticity,2.0,EOL-allocation elasticity,2.0,81,135.97040981054306,-914.9010729193687,69447.81411325932,parameter_dependent
virgin_metal_tax,0.5,CET transformation elasticity,0.5,EOL-productivity elasticity,0.5,81,1108.5588902831078,-861.9614884853363,11276.424917936325,parameter_dependent
virgin_metal_tax,0.5,CET transformation elasticity,0.5,EOL-productivity elasticity,1.0,81,1363.1153790950775,-1764.6225008368492,76510.29606515169,parameter_dependent
virgin_metal_tax,0.5,CET transformation elasticity,0.5,EOL-productivity elasticity,2.0,81,1410.4560659527779,-1114.0593139529228,25044.628061056137,parameter_dependent
virgin_metal_tax,0.5,CET transformation elasticity,1.0,EOL-productivity elasticity,0.5,81,910.5889577865601,-30.446226954460144,125259.38063573837,parameter_dependent
virgin_metal_tax,0.5,CET transformation elasticity,1.0,EOL-productivity elasticity,1.0,81,786.8670870065689,-223.68236762285233,38808.380819916725,parameter_dependent
virgin_metal_tax,0.5,CET transformation elasticity,1.0,EOL-productivity elasticity,2.0,81,757.8047189116478,-830.9832187891006,5451.002453446388,parameter_dependent
virgin_metal_tax,0.5,CET transformation elasticity,2.0,EOL-productivity elasticity,0.5,81,-46.04727405309677,-914.9010729193687,60458.279746711254,parameter_dependent
virgin_metal_tax,0.5,CET transformation elasticity,2.0,EOL-productivity elasticity,1.0,81,-25.21207618713379,-3327.1862864494324,5297.596368730068,parameter_dependent
virgin_metal_tax,0.5,CET transformation elasticity,2.0,EOL-productivity elasticity,2.0,81,69.20652234554291,-675.1698992848396,69447.81411325932,parameter_dependent
virgin_metal_tax,0.5,CET transformation elasticity,0.5,Metal-substitution elasticity,0.5,81,1003.4563183784485,39.40105175971985,7194.235316932201,primary_metal_saving
virgin_metal_tax,0.5,CET transformation elasticity,0.5,Metal-substitution elasticity,1.0,81,1417.1994342207909,74.1895722746849,5382.433440089226,primary_metal_saving
virgin_metal_tax,0.5,CET transformation elasticity,0.5,Metal-substitution elasticity,2.0,81,1757.6877460479736,-1764.6225008368492,76510.29606515169,parameter_dependent
virgin_metal_tax,0.5,CET transformation elasticity,1.0,Metal-substitution elasticity,0.5,81,701.5797581672668,-32.60658073425293,4857.357782423496,parameter_dependent
virgin_metal_tax,0.5,CET transformation elasticity,1.0,Metal-substitution elasticity,1.0,81,565.3357235789299,-223.68236762285233,29842.533101320267,parameter_dependent
virgin_metal_tax,0.5,CET transformation elasticity,1.0,Metal-substitution elasticity,2.0,81,1215.9621836543083,-830.9832187891006,125259.38063573837,parameter_dependent
virgin_metal_tax,0.5,CET transformation elasticity,2.0,Metal-substitution elasticity,0.5,81,-86.73514723777771,-943.3717315196991,2556.6847553253174,parameter_dependent
virgin_metal_tax,0.5,CET transformation elasticity,2.0,Metal-substitution elasticity,1.0,81,-50.16732043027878,-751.2627063393593,69447.81411325932,parameter_dependent
virgin_metal_tax,0.5,CET transformation elasticity,2.0,Metal-substitution elasticity,2.0,81,521.6029142141342,-3327.1862864494324,60458.279746711254,parameter_dependent
virgin_metal_tax,0.5,Circular-service elasticity,0.5,EOL-allocation elasticity,0.5,81,774.7196198105812,-3327.1862864494324,76510.29606515169,parameter_dependent
virgin_metal_tax,0.5,Circular-service elasticity,0.5,EOL-allocation elasticity,1.0,81,825.0582752227783,-1114.0593139529228,25044.628061056137,parameter_dependent
virgin_metal_tax,0.5,Circular-service elasticity,0.5,EOL-allocation elasticity,2.0,81,930.03840726614,-830.9832187891006,60458.279746711254,parameter_dependent
virgin_metal_tax,0.5,Circular-service elasticity,1.0,EOL-allocation elasticity,0.5,81,461.1710479259491,-1764.6225008368492,5650.130293548107,parameter_dependent
virgin_metal_tax,0.5,Circular-service elasticity,1.0,EOL-allocation elasticity,1.0,81,490.0076221227646,-675.1698992848396,38808.380819916725,parameter_dependent
virgin_metal_tax,0.5,Circular-service elasticity,1.0,EOL-allocation elasticity,2.0,81,772.8969004154205,-914.9010729193687,69447.81411325932,parameter_dependent
virgin_metal_tax,0.5,Circular-service elasticity,2.0,EOL-allocation elasticity,0.5,81,743.1879380941391,-861.9614884853363,30240.638825833797,parameter_dependent
virgin_metal_tax,0.5,Circular-service elasticity,2.0,EOL-allocation elasticity,1.0,81,918.2054716944695,-593.4354583024979,125259.38063573837,parameter_dependent
virgin_metal_tax,0.5,Circular-service elasticity,2.0,EOL-allocation elasticity,2.0,81,975.1477515101433,-595.628356218338,26757.576839506626,parameter_dependent
virgin_metal_tax,0.5,Circular-service elasticity,0.5,EOL-productivity elasticity,0.5,81,930.03840726614,-451.32164639234543,60458.279746711254,parameter_dependent
virgin_metal_tax,0.5,Circular-service elasticity,0.5,EOL-productivity elasticity,1.0,81,598.9809150099754,-3327.1862864494324,76510.29606515169,parameter_dependent
virgin_metal_tax,0.5,Circular-service elasticity,0.5,EOL-productivity elasticity,2.0,81,757.8047189116478,-1114.0593139529228,25044.628061056137,parameter_dependent
virgin_metal_tax,0.5,Circular-service elasticity,1.0,EOL-productivity elasticity,0.5,81,469.9234331846237,-914.9010729193687,7287.721342682838,parameter_dependent
virgin_metal_tax,0.5,Circular-service elasticity,1.0,EOL-productivity elasticity,1.0,81,694.2734532356262,-1764.6225008368492,38808.380819916725,parameter_dependent
virgin_metal_tax,0.5,Circular-service elasticity,1.0,EOL-productivity elasticity,2.0,81,624.4977803826332,-675.1698992848396,69447.81411325932,parameter_dependent
virgin_metal_tax,0.5,Circular-service elasticity,2.0,EOL-productivity elasticity,0.5,81,635.0325279831886,-861.9614884853363,125259.38063573837,parameter_dependent
virgin_metal_tax,0.5,Circular-service elasticity,2.0,EOL-productivity elasticity,1.0,81,938.3653934001923,-593.4354583024979,30240.638825833797,parameter_dependent
virgin_metal_tax,0.5,Circular-service elasticity,2.0,EOL-productivity elasticity,2.0,81,951.5914807319641,-595.628356218338,4437.043483674526,parameter_dependent
virgin_metal_tax,0.5,Circular-service elasticity,0.5,Metal-substitution elasticity,0.5,81,597.3487528562546,-943.3717315196991,7194.235316932201,parameter_dependent
virgin_metal_tax,0.5,Circular-service elasticity,0.5,Metal-substitution elasticity,1.0,81,685.9601685404778,-751.2627063393593,21943.50466233492,parameter_dependent
virgin_metal_tax,0.5,Circular-service elasticity,0.5,Metal-substitution elasticity,2.0,81,1157.0400450229645,-3327.1862864494324,76510.29606515169,parameter_dependent
virgin_metal_tax,0.5,Circular-service elasticity,1.0,Metal-substitution elasticity,0.5,81,321.2745218873024,-609.5286627411842,5385.2110931277275,parameter_dependent
virgin_metal_tax,0.5,Circular-service elasticity,1.0,Metal-substitution elasticity,1.0,81,477.65191382169724,-656.6947553157806,69447.81411325932,parameter_dependent
virgin_metal_tax,0.5,Circular-service elasticity,1.0,Metal-substitution elasticity,2.0,81,1215.9621836543083,-1764.6225008368492,38808.380819916725,parameter_dependent
virgin_metal_tax,0.5,Circular-service elasticity,2.0,Metal-substitution elasticity,0.5,81,599.1942765712738,-470.0548243522644,4857.357782423496,parameter_dependent
virgin_metal_tax,0.5,Circular-service elasticity,2.0,Metal-substitution elasticity,1.0,81,730.0433135032654,-529.865916788578,29842.533101320267,parameter_dependent
virgin_metal_tax,0.5,Circular-service elasticity,2.0,Metal-substitution elasticity,2.0,81,1367.2137447595596,-861.9614884853363,125259.38063573837,parameter_dependent
virgin_metal_tax,0.5,EOL-allocation elasticity,0.5,EOL-productivity elasticity,0.5,81,733.4279102087021,-861.9614884853363,21943.50466233492,parameter_dependent
virgin_metal_tax,0.5,EOL-allocation elasticity,0.5,EOL-productivity elasticity,1.0,81,530.5193436741829,-3327.1862864494324,76510.29606515169,parameter_dependent
virgin_metal_tax,0.5,EOL-allocation elasticity,0.5,EOL-productivity elasticity,2.0,81,668.4900705218315,-495.6083419919014,5650.130293548107,parameter_dependent
virgin_metal_tax,0.5,EOL-allocation elasticity,1.0,EOL-productivity elasticity,0.5,81,687.8221660256386,-609.5286627411842,125259.38063573837,parameter_dependent
virgin_metal_tax,0.5,EOL-allocation elasticity,1.0,EOL-productivity elasticity,1.0,81,553.0758113265038,-816.1448845267296,38808.380819916725,parameter_dependent
virgin_metal_tax,0.5,EOL-allocation elasticity,1.0,EOL-productivity elasticity,2.0,81,730.0433135032654,-1114.0593139529228,25044.628061056137,parameter_dependent
virgin_metal_tax,0.5,EOL-allocation elasticity,2.0,EOL-productivity elasticity,0.5,81,802.1340036988258,-914.9010729193687,60458.279746711254,parameter_dependent
virgin_metal_tax,0.5,EOL-allocation elasticity,2.0,EOL-productivity elasticity,1.0,81,967.5891610383987,-470.0548243522644,22543.904116153717,parameter_dependent
virgin_metal_tax,0.5,EOL-allocation elasticity,2.0,EOL-productivity elasticity,2.0,81,938.9348980784416,-830.9832187891006,69447.81411325932,parameter_dependent
virgin_metal_tax,0.5,EOL-allocation elasticity,0.5,Metal-substitution elasticity,0.5,81,344.66010415554047,-943.3717315196991,3574.3830362558365,parameter_dependent
virgin_metal_tax,0.5,EOL-allocation elasticity,0.5,Metal-substitution elasticity,1.0,81,530.5193436741829,-751.2627063393593,21943.50466233492,parameter_dependent
virgin_metal_tax,0.5,EOL-allocation elasticity,0.5,Metal-substitution elasticity,2.0,81,1309.1401960253716,-3327.1862864494324,76510.29606515169,parameter_dependent
virgin_metal_tax,0.5,EOL-allocation elasticity,1.0,Metal-substitution elasticity,0.5,81,467.23309606313705,-816.1448845267296,7194.235316932201,parameter_dependent
virgin_metal_tax,0.5,EOL-allocation elasticity,1.0,Metal-substitution elasticity,1.0,81,680.0542747378349,-527.0963707566261,29842.533101320267,parameter_dependent
virgin_metal_tax,0.5,EOL-allocation elasticity,1.0,Metal-substitution elasticity,2.0,81,1039.628688275814,-1114.0593139529228,125259.38063573837,parameter_dependent
virgin_metal_tax,0.5,EOL-allocation elasticity,2.0,Metal-substitution elasticity,0.5,81,705.2213963270187,-470.0548243522644,4642.31388258934,parameter_dependent
virgin_metal_tax,0.5,EOL-allocation elasticity,2.0,Metal-substitution elasticity,1.0,81,757.8047189116478,-542.6719831824303,69447.81411325932,parameter_dependent
virgin_metal_tax,0.5,EOL-allocation elasticity,2.0,Metal-substitution elasticity,2.0,81,1293.2824818491936,-914.9010729193687,60458.279746711254,parameter_dependent
virgin_metal_tax,0.5,EOL-productivity elasticity,0.5,Metal-substitution elasticity,0.5,81,405.4115701317787,-609.5286627411842,4321.346629798412,parameter_dependent
virgin_metal_tax,0.5,EOL-productivity elasticity,0.5,Metal-substitution elasticity,1.0,81,635.0325279831886,-656.6947553157806,21943.50466233492,parameter_dependent
virgin_metal_tax,0.5,EOL-productivity elasticity,0.5,Metal-substitution elasticity,2.0,81,1377.2300540208817,-914.9010729193687,125259.38063573837,parameter_dependent
virgin_metal_tax,0.5,EOL-productivity elasticity,1.0,Metal-substitution elasticity,0.5,81,480.28780448436737,-943.3717315196991,4857.357782423496,parameter_dependent
virgin_metal_tax,0.5,EOL-productivity elasticity,1.0,Metal-substitution elasticity,1.0,81,689.1782011389732,-751.2627063393593,29842.533101320267,parameter_dependent
virgin_metal_tax,0.5,EOL-productivity elasticity,1.0,Metal-substitution elasticity,2.0,81,1169.4259579777718,-3327.1862864494324,76510.29606515169,parameter_dependent
virgin_metal_tax,0.5,EOL-productivity elasticity,2.0,Metal-substitution elasticity,0.5,81,624.4977803826332,-372.87492150068283,7194.235316932201,parameter_dependent
virgin_metal_tax,0.5,EOL-productivity elasticity,2.0,Metal-substitution elasticity,1.0,81,591.1058210730553,-542.6719831824303,69447.81411325932,parameter_dependent
virgin_metal_tax,0.5,EOL-productivity elasticity,2.0,Metal-substitution elasticity,2.0,81,1228.5647922158241,-1114.0593139529228,25044.628061056137,parameter_dependent
virgin_metal_tax,1.0,Armington elasticity,0.5,CET transformation elasticity,0.5,81,2179.9022896289825,-4414.043048799038,84351.47127646208,parameter_dependent
virgin_metal_tax,1.0,Armington elasticity,0.5,CET transformation elasticity,1.0,81,796.2592770457268,-885.8408383727074,38916.751061081886,parameter_dependent
virgin_metal_tax,1.0,Armington elasticity,0.5,CET transformation elasticity,2.0,81,-385.20158314704895,-1834.754083096981,60179.802631139755,parameter_dependent
virgin_metal_tax,1.0,Armington elasticity,1.0,CET transformation elasticity,0.5,81,3035.5481755137444,-2237.3381125330925,72094.82522076368,parameter_dependent
virgin_metal_tax,1.0,Armington elasticity,1.0,CET transformation elasticity,1.0,81,2220.8233944177628,-48.63046056032181,134192.80629324913,parameter_dependent
virgin_metal_tax,1.0,Armington elasticity,1.0,CET transformation elasticity,2.0,81,347.5010384917259,-1643.6959000229836,28193.53951871395,parameter_dependent
virgin_metal_tax,1.0,Armington elasticity,2.0,CET transformation elasticity,0.5,81,4848.005282104015,1195.258158504963,80716.37949025631,primary_metal_saving
virgin_metal_tax,1.0,Armington elasticity,2.0,CET transformation elasticity,1.0,81,4093.897633612156,-1501.3645792007446,34703.965023338795,parameter_dependent
virgin_metal_tax,1.0,Armington elasticity,2.0,CET transformation elasticity,2.0,81,2720.2995440363884,-123.48135274648666,103022.25896292925,parameter_dependent
virgin_metal_tax,1.0,Armington elasticity,0.5,Circular-service elasticity,0.5,81,645.047941327095,-1834.754083096981,60179.802631139755,parameter_dependent
virgin_metal_tax,1.0,Armington elasticity,0.5,Circular-service elasticity,1.0,81,602.2886623740196,-1848.9110692739487,84351.47127646208,parameter_dependent
virgin_metal_tax,1.0,Armington elasticity,0.5,Circular-service elasticity,2.0,81,1150.8330179452896,-4414.043048799038,35277.81707948446,parameter_dependent
virgin_metal_tax,1.0,Armington elasticity,1.0,Circular-service elasticity,0.5,81,1633.4108144640923,-2237.3381125330925,86731.84237760305,parameter_dependent
virgin_metal_tax,1.0,Armington elasticity,1.0,Circular-service elasticity,1.0,81,2079.570428431034,-1643.6959000229836,21749.936023831367,parameter_dependent
virgin_metal_tax,1.0,Armington elasticity,1.0,Circular-service elasticity,2.0,81,2300.2377688884735,-1993.022157907486,134192.80629324913,parameter_dependent
virgin_metal_tax,1.0,Armington elasticity,2.0,Circular-service elasticity,0.5,81,4013.834782719612,811.6725372672081,103022.25896292925,primary_metal_saving
virgin_metal_tax,1.0,Armington elasticity,2.0,Circular-service elasticity,1.0,81,3913.210631787777,-1501.3645792007446,69331.75962001085,parameter_dependent
virgin_metal_tax,1.0,Armington elasticity,2.0,Circular-service elasticity,2.0,81,3796.9098321795464,-445.1940402984619,80716.37949025631,parameter_dependent
virgin_metal_tax,1.0,Armington elasticity,0.5,EOL-allocation elasticity,0.5,81,606.860639333725,-1848.9110692739487,84351.47127646208,parameter_dependent
virgin_metal_tax,1.0,Armington elasticity,0.5,EOL-allocation elasticity,1.0,81,549.2887115478516,-1710.0965659618378,38916.751061081886,parameter_dependent
virgin_metal_tax,1.0,Armington elasticity,0.5,EOL-allocation elasticity,2.0,81,851.139232814312,-4414.043048799038,60179.802631139755,parameter_dependent
virgin_metal_tax,1.0,Armington elasticity,1.0,EOL-allocation elasticity,0.5,81,2099.169452190399,-2100.3945263028145,72094.82522076368,parameter_dependent
virgin_metal_tax,1.0,Armington elasticity,1.0,EOL-allocation elasticity,1.0,81,2192.220721244812,-2237.3381125330925,134192.80629324913,parameter_dependent
virgin_metal_tax,1.0,Armington elasticity,1.0,EOL-allocation elasticity,2.0,81,2048.0553750395775,-272.6954698562622,86731.84237760305,parameter_dependent
virgin_metal_tax,1.0,Armington elasticity,2.0,EOL-allocation elasticity,0.5,81,3851.6916692852974,-445.1940402984619,103022.25896292925,parameter_dependent
virgin_metal_tax,1.0,Armington elasticity,2.0,EOL-allocation elasticity,1.0,81,3735.918162047863,-1501.3645792007446,32687.083448648453,parameter_dependent
virgin_metal_tax,1.0,Armington elasticity,2.0,EOL-allocation elasticity,2.0,81,4028.4365099072456,1339.253440797329,75155.09746789932,primary_metal_saving
virgin_metal_tax,1.0,Armington elasticity,0.5,EOL-productivity elasticity,0.5,81,457.6558930873871,-1612.898674607277,84351.47127646208,parameter_dependent
virgin_metal_tax,1.0,Armington elasticity,0.5,EOL-productivity elasticity,1.0,81,738.0952071547508,-4414.043048799038,38916.751061081886,parameter_dependent
virgin_metal_tax,1.0,Armington elasticity,0.5,EOL-productivity elasticity,2.0,81,1099.6193875670433,-1773.0186218619347,27921.110714673996,parameter_dependent
virgin_metal_tax,1.0,Armington elasticity,1.0,EOL-productivity elasticity,0.5,81,1943.8088329434395,-2100.3945263028145,134192.80629324913,parameter_dependent
virgin_metal_tax,1.0,Armington elasticity,1.0,EOL-productivity elasticity,1.0,81,2192.220721244812,-349.95223784446716,72094.82522076368,parameter_dependent
virgin_metal_tax,1.0,Armington elasticity,1.0,EOL-productivity elasticity,2.0,81,2108.7879697084427,-2237.3381125330925,15710.252812504768,parameter_dependent
virgin_metal_tax,1.0,Armington elasticity,2.0,EOL-productivity elasticity,0.5,81,3847.3302280902863,1024.449744105339,80716.37949025631,primary_metal_saving
virgin_metal_tax,1.0,Armington elasticity,2.0,EOL-productivity elasticity,1.0,81,4004.123794078827,-445.1940402984619,103022.25896292925,parameter_dependent
virgin_metal_tax,1.0,Armington elasticity,2.0,EOL-productivity elasticity,2.0,81,3851.6916692852974,-1501.3645792007446,69331.75962001085,parameter_dependent
virgin_metal_tax,1.0,Armington elasticity,0.5,Metal-substitution elasticity,0.5,81,206.7003555893898,-1834.754083096981,4760.967788517475,parameter_dependent
virgin_metal_tax,1.0,Armington elasticity,0.5,Metal-substitution elasticity,1.0,81,236.31873965263367,-4414.043048799038,23744.443844795227,parameter_dependent
virgin_metal_tax,1.0,Armington elasticity,0.5,Metal-substitution elasticity,2.0,81,2646.464632809162,-1848.9110692739487,84351.47127646208,parameter_dependent
virgin_metal_tax,1.0,Armington elasticity,1.0,Metal-substitution elasticity,0.5,81,1729.8839117884636,-1643.6959000229836,5547.585761129856,parameter_dependent
virgin_metal_tax,1.0,Armington elasticity,1.0,Metal-substitution elasticity,1.0,81,1965.3578196167946,-2237.3381125330925,14089.520111262798,parameter_dependent
virgin_metal_tax,1.0,Armington elasticity,1.0,Metal-substitution elasticity,2.0,81,2484.357582449913,-2100.3945263028145,134192.80629324913,parameter_dependent
virgin_metal_tax,1.0,Armington elasticity,2.0,Metal-substitution elasticity,0.5,81,3643.9574024677277,1024.449744105339,13130.403043746948,primary_metal_saving
virgin_metal_tax,1.0,Armington elasticity,2.0,Metal-substitution elasticity,1.0,81,3745.024012863636,811.6725372672081,69331.75962001085,primary_metal_saving
virgin_metal_tax,1.0,Armington elasticity,2.0,Metal-substitution elasticity,2.0,81,4551.713730931282,-1501.3645792007446,103022.25896292925,parameter_dependent
virgin_metal_tax,1.0,CET transformation elasticity,0.5,Circular-service elasticity,0.5,81,3035.5481755137444,-2237.3381125330925,75155.09746789932,parameter_dependent
virgin_metal_tax,1.0,CET transformation elasticity,0.5,Circular-service elasticity,1.0,81,3070.2629125118256,-1848.9110692739487,84351.47127646208,parameter_dependent
virgin_metal_tax,1.0,CET transformation elasticity,0.5,Circular-service elasticity,2.0,81,3654.669947564602,-4414.043048799038,80716.37949025631,parameter_dependent
virgin_metal_tax,1.0,CET transformation elasticity,1.0,Circular-service elasticity,0.5,81,2392.9413847327232,-885.8408383727074,86731.84237760305,parameter_dependent
virgin_metal_tax,1.0,CET transformation elasticity,1.0,Circular-service elasticity,1.0,81,2514.3865815401077,-1501.3645792007446,38916.751061081886,parameter_dependent
virgin_metal_tax,1.0,CET transformation elasticity,1.0,Circular-service elasticity,2.0,81,2339.302815437317,-853.4281888604164,134192.80629324913,parameter_dependent
virgin_metal_tax,1.0,CET transformation elasticity,2.0,Circular-service elasticity,0.5,81,645.9165586233139,-1834.754083096981,103022.25896292925,parameter_dependent
virgin_metal_tax,1.0,CET transformation elasticity,2.0,Circular-service elasticity,1.0,81,350.89549773931503,-1643.6959000229836,69331.75962001085,parameter_dependent
virgin_metal_tax,1.0,CET transformation elasticity,2.0,Circular-service elasticity,2.0,81,895.6546937823296,-1560.0193583369255,7030.678159058094,parameter_dependent
virgin_metal_tax,1.0,CET transformation elasticity,0.5,EOL-allocation elasticity,0.5,81,3303.263165950775,-2100.3945263028145,84351.47127646208,parameter_dependent
virgin_metal_tax,1.0,CET transformation elasticity,0.5,EOL-allocation elasticity,1.0,81,3238.7684482336044,-2237.3381125330925,27921.110714673996,parameter_dependent
virgin_metal_tax,1.0,CET transformation elasticity,0.5,EOL-allocation elasticity,2.0,81,3530.117386877537,-4414.043048799038,75155.09746789932,parameter_dependent
virgin_metal_tax,1.0,CET transformation elasticity,1.0,EOL-allocation elasticity,0.5,81,2331.903102517128,-853.4281888604164,25608.08580738306,parameter_dependent
virgin_metal_tax,1.0,CET transformation elasticity,1.0,EOL-allocation elasticity,1.0,81,2395.450346648693,-1501.3645792007446,134192.80629324913,parameter_dependent
virgin_metal_tax,1.0,CET transformation elasticity,1.0,EOL-allocation elasticity,2.0,81,2584.911805987358,4.849559485912323,86731.84237760305,primary_metal_saving
virgin_metal_tax,1.0,CET transformation elasticity,2.0,EOL-allocation elasticity,0.5,81,347.5010384917259,-1834.754083096981,103022.25896292925,parameter_dependent
virgin_metal_tax,1.0,CET transformation elasticity,2.0,EOL-allocation elasticity,1.0,81,528.3739848732948,-1710.0965659618378,8947.495648682117,parameter_dependent
virgin_metal_tax,1.0,CET transformation elasticity,2.0,EOL-allocation elasticity,2.0,81,782.0354526042938,-1560.0193583369255,69331.75962001085,parameter_dependent
virgin_metal_tax,1.0,CET transformation elasticity,0.5,EOL-productivity elasticity,0.5,81,3518.201685965061,-2100.3945263028145,84351.47127646208,parameter_dependent
virgin_metal_tax,1.0,CET transformation elasticity,0.5,EOL-productivity elasticity,1.0,81,3157.5107931494713,-4414.043048799038,75155.09746789932,parameter_dependent
virgin_metal_tax,1.0,CET transformation elasticity,0.5,EOL-productivity elasticity,2.0,81,3310.1385192871094,-2237.3381125330925,27921.110714673996,parameter_dependent
virgin_metal_tax,1.0,CET transformation elasticity,1.0,EOL-productivity elasticity,0.5,81,2700.0598933696747,-71.6952937245369,134192.80629324913,parameter_dependent
virgin_metal_tax,1.0,CET transformation elasticity,1.0,EOL-productivity elasticity,1.0,81,2339.302815437317,-885.8408383727074,38916.751061081886,parameter_dependent
virgin_metal_tax,1.0,CET transformation elasticity,1.0,EOL-productivity elasticity,2.0,81,2324.9204137325287,-1501.3645792007446,34703.965023338795,parameter_dependent
virgin_metal_tax,1.0,CET transformation elasticity,2.0,EOL-productivity elasticity,0.5,81,519.9261378645897,-1612.898674607277,60179.802631139755,parameter_dependent
virgin_metal_tax,1.0,CET transformation elasticity,2.0,EOL-productivity elasticity,1.0,81,709.4228934049606,-1834.754083096981,103022.25896292925,parameter_dependent
virgin_metal_tax,1.0,CET transformation elasticity,2.0,EOL-productivity elasticity,2.0,81,811.6725372672081,-1773.0186218619347,69331.75962001085,parameter_dependent
virgin_metal_tax,1.0,CET transformation elasticity,0.5,Metal-substitution elasticity,0.5,81,2804.1473920941353,-1217.511826813221,13130.403043746948,parameter_dependent
virgin_metal_tax,1.0,CET transformation elasticity,0.5,Metal-substitution elasticity,1.0,81,3129.91006141901,-4414.043048799038,23744.443844795227,parameter_dependent
virgin_metal_tax,1.0,CET transformation elasticity,0.5,Metal-substitution elasticity,2.0,81,4564.048983454704,-2100.3945263028145,84351.47127646208,parameter_dependent
virgin_metal_tax,1.0,CET transformation elasticity,1.0,Metal-substitution elasticity,0.5,81,2108.7879697084427,-74.64990162849426,8414.362506628036,parameter_dependent
virgin_metal_tax,1.0,CET transformation elasticity,1.0,Metal-substitution elasticity,1.0,81,2178.28770083189,-885.8408383727074,32687.083448648453,parameter_dependent
virgin_metal_tax,1.0,CET transformation elasticity,1.0,Metal-substitution elasticity,2.0,81,3076.134812951088,-1501.3645792007446,134192.80629324913,parameter_dependent
virgin_metal_tax,1.0,CET transformation elasticity,2.0,Metal-substitution elasticity,0.5,81,-73.3002182841301,-1834.754083096981,7880.3994445204735,parameter_dependent
virgin_metal_tax,1.0,CET transformation elasticity,2.0,Metal-substitution elasticity,1.0,81,319.2890431880951,-1568.0269762277603,69331.75962001085,parameter_dependent
virgin_metal_tax,1.0,CET transformation elasticity,2.0,Metal-substitution elasticity,2.0,81,2191.0571340322495,-1329.3320733308792,103022.25896292925,parameter_dependent
virgin_metal_tax,1.0,Circular-service elasticity,0.5,EOL-allocation elasticity,0.5,81,1657.671584546566,-2100.3945263028145,103022.25896292925,parameter_dependent
virgin_metal_tax,1.0,Circular-service elasticity,0.5,EOL-allocation elasticity,1.0,81,2479.0591816306114,-2237.3381125330925,27921.110714673996,parameter_dependent
virgin_metal_tax,1.0,Circular-service elasticity,0.5,EOL-allocation elasticity,2.0,81,2324.9204137325287,-1277.0342224240303,86731.84237760305,parameter_dependent
virgin_metal_tax,1.0,Circular-service elasticity,1.0,EOL-allocation elasticity,0.5,81,2274.123218357563,-1848.9110692739487,84351.47127646208,parameter_dependent
virgin_metal_tax,1.0,Circular-service elasticity,1.0,EOL-allocation elasticity,1.0,81,2301.2155551314354,-1643.6959000229836,38916.751061081886,parameter_dependent
virgin_metal_tax,1.0,Circular-service elasticity,1.0,EOL-allocation elasticity,2.0,81,2515.239739716053,-1373.7494930028915,69331.75962001085,parameter_dependent
virgin_metal_tax,1.0,Circular-service elasticity,2.0,EOL-allocation elasticity,0.5,81,2473.1883749961853,-1200.6633331179619,80716.37949025631,parameter_dependent
virgin_metal_tax,1.0,Circular-service elasticity,2.0,EOL-allocation elasticity,1.0,81,2516.81880903244,-1993.022157907486,134192.80629324913,parameter_dependent
virgin_metal_tax,1.0,Circular-service elasticity,2.0,EOL-allocation elasticity,2.0,81,2530.3037881851196,-4414.043048799038,37969.220164597034,parameter_dependent
virgin_metal_tax,1.0,Circular-service elasticity,0.5,EOL-productivity elasticity,0.5,81,1817.5935224294662,-2100.3945263028145,86731.84237760305,parameter_dependent
virgin_metal_tax,1.0,Circular-service elasticity,0.5,EOL-productivity elasticity,1.0,81,2515.9488542079926,-1834.754083096981,103022.25896292925,parameter_dependent
virgin_metal_tax,1.0,Circular-service elasticity,0.5,EOL-productivity elasticity,2.0,81,2291.845230579376,-2237.3381125330925,34703.965023338795,parameter_dependent
virgin_metal_tax,1.0,Circular-service elasticity,1.0,EOL-productivity elasticity,0.5,81,2229.2449452877045,-1373.7494930028915,84351.47127646208,parameter_dependent
virgin_metal_tax,1.0,Circular-service elasticity,1.0,EOL-productivity elasticity,1.0,81,2179.9022896289825,-1848.9110692739487,57826.47748309374,parameter_dependent
virgin_metal_tax,1.0,Circular-service elasticity,1.0,EOL-productivity elasticity,2.0,81,2514.3865815401077,-1643.6959000229836,69331.75962001085,parameter_dependent
virgin_metal_tax,1.0,Circular-service elasticity,2.0,EOL-productivity elasticity,0.5,81,2679.3001314997673,-1560.0193583369255,134192.80629324913,parameter_dependent
virgin_metal_tax,1.0,Circular-service elasticity,2.0,EOL-productivity elasticity,1.0,81,2584.911805987358,-4414.043048799038,35277.81707948446,parameter_dependent
virgin_metal_tax,1.0,Circular-service elasticity,2.0,EOL-productivity elasticity,2.0,81,2390.7000155448914,-1993.022157907486,25608.08580738306,parameter_dependent
virgin_metal_tax,1.0,Circular-service elasticity,0.5,Metal-substitution elasticity,0.5,81,1602.1621228456497,-1834.754083096981,13130.403043746948,parameter_dependent
virgin_metal_tax,1.0,Circular-service elasticity,0.5,Metal-substitution elasticity,1.0,81,2150.980960726738,-2237.3381125330925,23744.443844795227,parameter_dependent
virgin_metal_tax,1.0,Circular-service elasticity,0.5,Metal-substitution elasticity,2.0,81,3076.134812951088,-2100.3945263028145,103022.25896292925,parameter_dependent
virgin_metal_tax,1.0,Circular-service elasticity,1.0,Metal-substitution elasticity,0.5,81,1805.8368124365807,-1643.6959000229836,7880.3994445204735,parameter_dependent
virgin_metal_tax,1.0,Circular-service elasticity,1.0,Metal-substitution elasticity,1.0,81,2064.6632748246193,-1373.7494930028915,69331.75962001085,parameter_dependent
virgin_metal_tax,1.0,Circular-service elasticity,1.0,Metal-substitution elasticity,2.0,81,3076.486642897129,-1848.9110692739487,84351.47127646208,parameter_dependent
virgin_metal_tax,1.0,Circular-service elasticity,2.0,Metal-substitution elasticity,0.5,81,2192.220721244812,-1560.0193583369255,8414.362506628036,parameter_dependent
virgin_metal_tax,1.0,Circular-service elasticity,2.0,Metal-substitution elasticity,1.0,81,2257.2048916220665,-4414.043048799038,32687.083448648453,parameter_dependent
virgin_metal_tax,1.0,Circular-service elasticity,2.0,Metal-substitution elasticity,2.0,81,3654.669947564602,-655.4144909381866,134192.80629324913,parameter_dependent
virgin_metal_tax,1.0,EOL-allocation elasticity,0.5,EOL-productivity elasticity,0.5,81,2473.1883749961853,-2100.3945263028145,84351.47127646208,parameter_dependent
virgin_metal_tax,1.0,EOL-allocation elasticity,0.5,EOL-productivity elasticity,1.0,81,2086.293772995472,-1848.9110692739487,103022.25896292925,parameter_dependent
virgin_metal_tax,1.0,EOL-allocation elasticity,0.5,EOL-productivity elasticity,2.0,81,2220.8233944177628,-1773.0186218619347,25608.08580738306,parameter_dependent
virgin_metal_tax,1.0,EOL-allocation elasticity,1.0,EOL-productivity elasticity,0.5,81,2614.933776676655,-1203.8052370548248,134192.80629324913,parameter_dependent
virgin_metal_tax,1.0,EOL-allocation elasticity,1.0,EOL-productivity elasticity,1.0,81,2279.9894031882286,-1710.0965659618378,38916.751061081886,parameter_dependent
virgin_metal_tax,1.0,EOL-allocation elasticity,1.0,EOL-productivity elasticity,2.0,81,2472.8665135502815,-2237.3381125330925,27921.110714673996,parameter_dependent
virgin_metal_tax,1.0,EOL-allocation elasticity,2.0,EOL-productivity elasticity,0.5,81,2110.153476536274,-1560.0193583369255,86731.84237760305,parameter_dependent
virgin_metal_tax,1.0,EOL-allocation elasticity,2.0,EOL-productivity elasticity,1.0,81,2849.747647702694,-4414.043048799038,75155.09746789932,parameter_dependent
virgin_metal_tax,1.0,EOL-allocation elasticity,2.0,EOL-productivity elasticity,2.0,81,2515.239739716053,-1277.0342224240303,69331.75962001085,parameter_dependent
virgin_metal_tax,1.0,EOL-allocation elasticity,0.5,Metal-substitution elasticity,0.5,81,1847.8040091991425,-1834.754083096981,5712.708572804928,parameter_dependent
virgin_metal_tax,1.0,EOL-allocation elasticity,0.5,Metal-substitution elasticity,1.0,81,2098.965600132942,-1568.0269762277603,22586.811038076878,parameter_dependent
virgin_metal_tax,1.0,EOL-allocation elasticity,0.5,Metal-substitution elasticity,2.0,81,3200.601558148861,-2100.3945263028145,103022.25896292925,parameter_dependent
virgin_metal_tax,1.0,EOL-allocation elasticity,1.0,Metal-substitution elasticity,0.5,81,1753.9092244505882,-1710.0965659618378,8414.362506628036,parameter_dependent
virgin_metal_tax,1.0,EOL-allocation elasticity,1.0,Metal-substitution elasticity,1.0,81,2288.0453241467476,-2237.3381125330925,32687.083448648453,parameter_dependent
virgin_metal_tax,1.0,EOL-allocation elasticity,1.0,Metal-substitution elasticity,2.0,81,3048.928167641163,-1501.3645792007446,134192.80629324913,parameter_dependent
virgin_metal_tax,1.0,EOL-allocation elasticity,2.0,Metal-substitution elasticity,0.5,81,2021.304150402546,-1560.0193583369255,13130.403043746948,parameter_dependent
virgin_metal_tax,1.0,EOL-allocation elasticity,2.0,Metal-substitution elasticity,1.0,81,2179.9022896289825,-4414.043048799038,69331.75962001085,parameter_dependent
virgin_metal_tax,1.0,EOL-allocation elasticity,2.0,Metal-substitution elasticity,2.0,81,3689.37106269598,-1329.3320733308792,86731.84237760305,parameter_dependent
virgin_metal_tax,1.0,EOL-productivity elasticity,0.5,Metal-substitution elasticity,0.5,81,1495.6368926763535,-1612.898674607277,5830.4178176522255,parameter_dependent
virgin_metal_tax,1.0,EOL-productivity elasticity,0.5,Metal-substitution elasticity,1.0,81,2178.28770083189,-1373.7494930028915,22586.811038076878,parameter_dependent
virgin_metal_tax,1.0,EOL-productivity elasticity,0.5,Metal-substitution elasticity,2.0,81,3632.648302733898,-2100.3945263028145,134192.80629324913,parameter_dependent
virgin_metal_tax,1.0,EOL-productivity elasticity,1.0,Metal-substitution elasticity,0.5,81,2044.0384961366653,-1834.754083096981,8414.362506628036,parameter_dependent
virgin_metal_tax,1.0,EOL-productivity elasticity,1.0,Metal-substitution elasticity,1.0,81,2291.6322746276855,-4414.043048799038,32687.083448648453,parameter_dependent
virgin_metal_tax,1.0,EOL-productivity elasticity,1.0,Metal-substitution elasticity,2.0,81,3133.5748420357704,-1848.9110692739487,103022.25896292925,parameter_dependent
virgin_metal_tax,1.0,EOL-productivity elasticity,2.0,Metal-substitution elasticity,0.5,81,2079.570428431034,-1773.0186218619347,13130.403043746948,parameter_dependent
virgin_metal_tax,1.0,EOL-productivity elasticity,2.0,Metal-substitution elasticity,1.0,81,1959.216724038124,-2237.3381125330925,69331.75962001085,parameter_dependent
virgin_metal_tax,1.0,EOL-productivity elasticity,2.0,Metal-substitution elasticity,2.0,81,3157.0076592564583,-1501.3645792007446,34703.965023338795,parameter_dependent
virgin_metal_tax,2.0,Armington elasticity,0.5,CET transformation elasticity,0.5,81,3268.0866548419,-10208.694711863995,104510.15285658836,parameter_dependent
virgin_metal_tax,2.0,Armington elasticity,0.5,CET transformation elasticity,1.0,81,1628.9045380353928,-7042.965437471867,40057.046496629715,parameter_dependent
virgin_metal_tax,2.0,Armington elasticity,0.5,CET transformation elasticity,2.0,79,-1525.4425530433655,-7871.702874600887,53994.3220436573,parameter_dependent
virgin_metal_tax,2.0,Armington elasticity,1.0,CET transformation elasticity,0.5,81,5540.209727525711,-3446.0651829838753,71577.56296932697,parameter_dependent
virgin_metal_tax,2.0,Armington elasticity,1.0,CET transformation elasticity,1.0,81,4112.543904185295,-1577.6461430191994,127504.14858394861,parameter_dependent
virgin_metal_tax,2.0,Armington elasticity,1.0,CET transformation elasticity,2.0,79,467.6847608089447,-4752.904842376709,43508.25613999367,parameter_dependent
virgin_metal_tax,2.0,Armington elasticity,2.0,CET transformation elasticity,0.5,81,9695.404507875443,4056.9861867427826,153757.09349632263,primary_metal_saving
virgin_metal_tax,2.0,Armington elasticity,2.0,CET transformation elasticity,1.0,81,7921.966961860657,-7324.152734935284,103949.66639572382,parameter_dependent
virgin_metal_tax,2.0,Armington elasticity,2.0,CET transformation elasticity,2.0,75,4155.986467003822,1861.4621127843857,103715.5995708108,primary_metal_saving
virgin_metal_tax,2.0,Armington elasticity,0.5,Circular-service elasticity,0.5,81,1349.9595411419868,-7042.965437471867,40505.23063313961,parameter_dependent
virgin_metal_tax,2.0,Armington elasticity,0.5,Circular-service elasticity,1.0,81,1501.1564946770668,-7871.702874600887,104510.15285658836,parameter_dependent
virgin_metal_tax,2.0,Armington elasticity,0.5,Circular-service elasticity,2.0,79,2823.047230184078,-10208.694711863995,33900.387193381786,parameter_dependent
virgin_metal_tax,2.0,Armington elasticity,1.0,Circular-service elasticity,0.5,80,3337.776227027178,-3446.0651829838753,103741.93863213062,parameter_dependent
virgin_metal_tax,2.0,Armington elasticity,1.0,Circular-service elasticity,1.0,80,3295.1110811531544,-4752.904842376709,108964.88082760572,parameter_dependent
virgin_metal_tax,2.0,Armington elasticity,1.0,Circular-service elasticity,2.0,81,4698.462390780449,-2115.81851541996,127504.14858394861,parameter_dependent
virgin_metal_tax,2.0,Armington elasticity,2.0,Circular-service elasticity,0.5,78,7864.799812018871,2153.1930980086327,103715.5995708108,primary_metal_saving
virgin_metal_tax,2.0,Armington elasticity,2.0,Circular-service elasticity,1.0,79,7835.165235102177,-7324.152734935284,103949.66639572382,parameter_dependent
virgin_metal_tax,2.0,Armington elasticity,2.0,Circular-service elasticity,2.0,80,7596.254214167595,-666.6675437688828,153757.09349632263,parameter_dependent
virgin_metal_tax,2.0,Armington elasticity,0.5,EOL-allocation elasticity,0.5,81,1649.7483817338943,-6708.4916251301765,82822.44797861576,parameter_dependent
virgin_metal_tax,2.0,Armington elasticity,0.5,EOL-allocation elasticity,1.0,81,1589.264473438263,-7042.965437471867,104510.15285658836,parameter_dependent
virgin_metal_tax,2.0,Armington elasticity,0.5,EOL-allocation elasticity,2.0,79,1864.8345986008644,-10208.694711863995,53994.3220436573,parameter_dependent
virgin_metal_tax,2.0,Armington elasticity,1.0,EOL-allocation elasticity,0.5,81,3904.5286254882812,-3285.4354408979416,71577.56296932697,parameter_dependent
virgin_metal_tax,2.0,Armington elasticity,1.0,EOL-allocation elasticity,1.0,81,3719.633091747761,-4752.904842376709,127504.14858394861,parameter_dependent
virgin_metal_tax,2.0,Armington elasticity,1.0,EOL-allocation elasticity,2.0,79,4112.543904185295,-754.1901831030846,103741.93863213062,parameter_dependent
virgin_metal_tax,2.0,Armington elasticity,2.0,EOL-allocation elasticity,0.5,81,7601.02432602644,-666.6675437688828,153757.09349632263,parameter_dependent
virgin_metal_tax,2.0,Armington elasticity,2.0,EOL-allocation elasticity,1.0,79,7487.0290259718895,-7324.152734935284,85856.57914716005,parameter_dependent
virgin_metal_tax,2.0,Armington elasticity,2.0,EOL-allocation elasticity,2.0,77,8169.095717191696,2984.936399281025,70554.69027549028,primary_metal_saving
virgin_metal_tax,2.0,Armington elasticity,0.5,EOL-productivity elasticity,0.5,81,1538.4427015185356,-6708.4916251301765,82822.44797861576,parameter_dependent
virgin_metal_tax,2.0,Armington elasticity,0.5,EOL-productivity elasticity,1.0,80,1848.5607534945011,-10208.694711863995,72420.97398501635,parameter_dependent
virgin_metal_tax,2.0,Armington elasticity,0.5,EOL-productivity elasticity,2.0,80,1757.2914901673794,-4596.734136939049,104510.15285658836,parameter_dependent
virgin_metal_tax,2.0,Armington elasticity,1.0,EOL-productivity elasticity,0.5,81,4051.6593041419983,-813.1458802223206,127504.14858394861,parameter_dependent
virgin_metal_tax,2.0,Armington elasticity,1.0,EOL-productivity elasticity,1.0,80,3964.942685931921,-1371.2929282784462,71577.56296932697,parameter_dependent
virgin_metal_tax,2.0,Armington elasticity,1.0,EOL-productivity elasticity,2.0,80,3337.776227027178,-4752.904842376709,50414.371987342834,parameter_dependent
virgin_metal_tax,2.0,Armington elasticity,2.0,EOL-productivity elasticity,0.5,81,7848.377297282219,-666.6675437688828,153757.09349632263,parameter_dependent
virgin_metal_tax,2.0,Armington elasticity,2.0,EOL-productivity elasticity,1.0,77,7808.7249982357025,3047.5157648324966,103715.5995708108,primary_metal_saving
virgin_metal_tax,2.0,Armington elasticity,2.0,EOL-productivity elasticity,2.0,79,7591.48410230875,-7324.152734935284,61360.76925611496,parameter_dependent
virgin_metal_tax,2.0,Armington elasticity,0.5,Metal-substitution elasticity,0.5,81,782.8968026041985,-7871.702874600887,5243.228288710117,parameter_dependent
virgin_metal_tax,2.0,Armington elasticity,0.5,Metal-substitution elasticity,1.0,81,1060.9767252206802,-10208.694711863995,53994.3220436573,parameter_dependent
virgin_metal_tax,2.0,Armington elasticity,0.5,Metal-substitution elasticity,2.0,79,5446.275454580784,-6708.4916251301765,104510.15285658836,parameter_dependent
virgin_metal_tax,2.0,Armington elasticity,1.0,Metal-substitution elasticity,0.5,81,2924.9563935399055,-4752.904842376709,19077.257738292217,parameter_dependent
virgin_metal_tax,2.0,Armington elasticity,1.0,Metal-substitution elasticity,1.0,80,3778.7888162732124,-3446.0651829838753,43508.25613999367,parameter_dependent
virgin_metal_tax,2.0,Armington elasticity,1.0,Metal-substitution elasticity,2.0,80,5214.023149549961,-3285.4354408979416,127504.14858394861,parameter_dependent
virgin_metal_tax,2.0,Armington elasticity,2.0,Metal-substitution elasticity,0.5,80,7544.026675999165,1861.4621127843857,24948.458390533924,primary_metal_saving
virgin_metal_tax,2.0,Armington elasticity,2.0,Metal-substitution elasticity,1.0,78,7583.42964604497,3143.048053383827,69091.2155572772,primary_metal_saving
virgin_metal_tax,2.0,Armington elasticity,2.0,Metal-substitution elasticity,2.0,79,8666.484302818775,-7324.152734935284,153757.09349632263,parameter_dependent
virgin_metal_tax,2.0,CET transformation elasticity,0.5,Circular-service elasticity,0.5,81,5760.946077108383,-6680.944139242172,71577.56296932697,parameter_dependent
virgin_metal_tax,2.0,CET transformation elasticity,0.5,Circular-service elasticity,1.0,81,6913.656957983971,-2930.8904588222504,104510.15285658836,parameter_dependent
virgin_metal_tax,2.0,CET transformation elasticity,0.5,Circular-service elasticity,2.0,81,6854.342435657978,-10208.694711863995,153757.09349632263,parameter_dependent
virgin_metal_tax,2.0,CET transformation elasticity,1.0,Circular-service elasticity,0.5,81,4280.0748924613,-7042.965437471867,103741.93863213062,parameter_dependent
virgin_metal_tax,2.0,CET transformation elasticity,1.0,Circular-service elasticity,1.0,81,4112.543904185295,-7324.152734935284,108964.88082760572,parameter_dependent
virgin_metal_tax,2.0,CET transformation elasticity,1.0,Circular-service elasticity,2.0,81,5484.097426176071,-1136.502456009388,127504.14858394861,parameter_dependent
virgin_metal_tax,2.0,CET transformation elasticity,2.0,Circular-service elasticity,0.5,77,611.6458584666252,-4596.734136939049,103715.5995708108,parameter_dependent
virgin_metal_tax,2.0,CET transformation elasticity,2.0,Circular-service elasticity,1.0,78,957.4770004749298,-7871.702874600887,53994.3220436573,parameter_dependent
virgin_metal_tax,2.0,CET transformation elasticity,2.0,Circular-service elasticity,2.0,78,2392.0006743073463,-3289.6582976579666,43508.25613999367,parameter_dependent
virgin_metal_tax,2.0,CET transformation elasticity,0.5,EOL-allocation elasticity,0.5,81,6982.342926263809,-1880.093678176403,153757.09349632263,parameter_dependent
virgin_metal_tax,2.0,CET transformation elasticity,0.5,EOL-allocation elasticity,1.0,81,6816.064152419567,-3446.0651829838753,104510.15285658836,parameter_dependent
virgin_metal_tax,2.0,CET transformation elasticity,0.5,EOL-allocation elasticity,2.0,81,5926.164620697498,-10208.694711863995,62387.698384165764,parameter_dependent
virgin_metal_tax,2.0,CET transformation elasticity,1.0,EOL-allocation elasticity,0.5,81,4172.657232701778,-6708.4916251301765,103949.66639572382,parameter_dependent
virgin_metal_tax,2.0,CET transformation elasticity,1.0,EOL-allocation elasticity,1.0,81,4810.8870844841,-7324.152734935284,127504.14858394861,parameter_dependent
virgin_metal_tax,2.0,CET transformation elasticity,1.0,EOL-allocation elasticity,2.0,81,5089.274179160595,-220.50275474786758,103741.93863213062,parameter_dependent
virgin_metal_tax,2.0,CET transformation elasticity,2.0,EOL-allocation elasticity,0.5,81,1795.9276212453842,-4052.2564156651497,103715.5995708108,parameter_dependent
virgin_metal_tax,2.0,CET transformation elasticity,2.0,EOL-allocation elasticity,1.0,79,972.6106539964676,-4752.904842376709,23871.635975539684,parameter_dependent
virgin_metal_tax,2.0,CET transformation elasticity,2.0,EOL-allocation elasticity,2.0,73,1009.8492125272751,-7871.702874600887,53994.3220436573,parameter_dependent
virgin_metal_tax,2.0,CET transformation elasticity,0.5,EOL-productivity elasticity,0.5,81,7774.814185976982,-1399.71998411417,153757.09349632263,parameter_dependent
virgin_metal_tax,2.0,CET transformation elasticity,0.5,EOL-productivity elasticity,1.0,81,5926.164620697498,-10208.694711863995,72420.97398501635,parameter_dependent
virgin_metal_tax,2.0,CET transformation elasticity,0.5,EOL-productivity elasticity,2.0,81,5933.796708285809,-3446.0651829838753,104510.15285658836,parameter_dependent
virgin_metal_tax,2.0,CET transformation elasticity,1.0,EOL-productivity elasticity,0.5,81,4638.845450758934,-6708.4916251301765,127504.14858394861,parameter_dependent
virgin_metal_tax,2.0,CET transformation elasticity,1.0,EOL-productivity elasticity,1.0,81,4906.541057705879,-7042.965437471867,99476.49847888947,parameter_dependent
virgin_metal_tax,2.0,CET transformation elasticity,1.0,EOL-productivity elasticity,2.0,81,4403.599068701267,-7324.152734935284,61360.76925611496,parameter_dependent
virgin_metal_tax,2.0,CET transformation elasticity,2.0,EOL-productivity elasticity,0.5,81,1593.053578734398,-4052.2564156651497,29040.506580233574,parameter_dependent
virgin_metal_tax,2.0,CET transformation elasticity,2.0,EOL-productivity elasticity,1.0,75,763.4710966944695,-7871.702874600887,103715.5995708108,parameter_dependent
virgin_metal_tax,2.0,CET transformation elasticity,2.0,EOL-productivity elasticity,2.0,77,995.7747437357903,-4752.904842376709,53994.3220436573,parameter_dependent
virgin_metal_tax,2.0,CET transformation elasticity,0.5,Metal-substitution elasticity,0.5,81,4698.462390780449,-6680.944139242172,19077.257738292217,parameter_dependent
virgin_metal_tax,2.0,CET transformation elasticity,0.5,Metal-substitution elasticity,1.0,81,5797.463667154312,-10208.694711863995,30547.311680853367,parameter_dependent
virgin_metal_tax,2.0,CET transformation elasticity,0.5,Metal-substitution elasticity,2.0,81,10623.886112451553,-2930.8904588222504,153757.09349632263,parameter_dependent
virgin_metal_tax,2.0,CET transformation elasticity,1.0,Metal-substitution elasticity,0.5,81,3566.0061886906624,-7042.965437471867,24948.458390533924,parameter_dependent
virgin_metal_tax,2.0,CET transformation elasticity,1.0,Metal-substitution elasticity,1.0,81,4300.579168915749,-1577.6461430191994,69091.2155572772,parameter_dependent
virgin_metal_tax,2.0,CET transformation elasticity,1.0,Metal-substitution elasticity,2.0,81,7667.8679485321045,-7324.152734935284,127504.14858394861,parameter_dependent
virgin_metal_tax,2.0,CET transformation elasticity,2.0,Metal-substitution elasticity,0.5,80,-90.32848557829857,-7871.702874600887,6024.194104671478,parameter_dependent
virgin_metal_tax,2.0,CET transformation elasticity,2.0,Metal-substitution elasticity,1.0,77,683.632214307785,-4591.727661728859,53994.3220436573,parameter_dependent
virgin_metal_tax,2.0,CET transformation elasticity,2.0,Metal-substitution elasticity,2.0,76,4159.631477415562,-3695.7241657972336,103715.5995708108,parameter_dependent
virgin_metal_tax,2.0,Circular-service elasticity,0.5,EOL-allocation elasticity,0.5,81,3339.655945301056,-4052.2564156651497,103715.5995708108,parameter_dependent
virgin_metal_tax,2.0,Circular-service elasticity,0.5,EOL-allocation elasticity,1.0,80,3879.4606834053993,-7042.965437471867,31144.120729386806,parameter_dependent
virgin_metal_tax,2.0,Circular-service elasticity,0.5,EOL-allocation elasticity,2.0,78,3697.333801329136,-6680.944139242172,103741.93863213062,parameter_dependent
virgin_metal_tax,2.0,Circular-service elasticity,1.0,EOL-allocation elasticity,0.5,81,4056.0781460404396,-6708.4916251301765,103949.66639572382,parameter_dependent
virgin_metal_tax,2.0,Circular-service elasticity,1.0,EOL-allocation elasticity,1.0,81,3483.3921677470207,-7324.152734935284,108964.88082760572,parameter_dependent
virgin_metal_tax,2.0,Circular-service elasticity,1.0,EOL-allocation elasticity,2.0,78,3955.6183790266514,-7871.702874600887,57368.200603067875,parameter_dependent
virgin_metal_tax,2.0,Circular-service elasticity,2.0,EOL-allocation elasticity,0.5,81,4698.462390780449,-3175.4494435191154,153757.09349632263,parameter_dependent
virgin_metal_tax,2.0,Circular-service elasticity,2.0,EOL-allocation elasticity,1.0,80,4429.565068393946,-3289.6582976579666,127504.14858394861,parameter_dependent
virgin_metal_tax,2.0,Circular-service elasticity,2.0,EOL-allocation elasticity,2.0,79,5068.508094549179,-10208.694711863995,69091.2155572772,parameter_dependent
virgin_metal_tax,2.0,Circular-service elasticity,0.5,EOL-productivity elasticity,0.5,81,4279.483621001244,-4052.2564156651497,103741.93863213062,parameter_dependent
virgin_metal_tax,2.0,Circular-service elasticity,0.5,EOL-productivity elasticity,1.0,78,3723.8332316577435,-7042.965437471867,103715.5995708108,parameter_dependent
virgin_metal_tax,2.0,Circular-service elasticity,0.5,EOL-productivity elasticity,2.0,80,3707.735484570265,-4596.734136939049,61360.76925611496,parameter_dependent
virgin_metal_tax,2.0,Circular-service elasticity,1.0,EOL-productivity elasticity,0.5,81,3268.0866548419,-6708.4916251301765,108964.88082760572,parameter_dependent
virgin_metal_tax,2.0,Circular-service elasticity,1.0,EOL-productivity elasticity,1.0,79,4056.0781460404396,-7871.702874600887,72420.97398501635,parameter_dependent
virgin_metal_tax,2.0,Circular-service elasticity,1.0,EOL-productivity elasticity,2.0,80,4144.224261164665,-7324.152734935284,104510.15285658836,parameter_dependent
virgin_metal_tax,2.0,Circular-service elasticity,2.0,EOL-productivity elasticity,0.5,81,5065.623363316059,-2616.093141376972,153757.09349632263,parameter_dependent
virgin_metal_tax,2.0,Circular-service elasticity,2.0,EOL-productivity elasticity,1.0,80,5528.9054155647755,-10208.694711863995,69091.2155572772,parameter_dependent
virgin_metal_tax,2.0,Circular-service elasticity,2.0,EOL-productivity elasticity,2.0,79,4403.599068701267,-3289.6582976579666,50414.371987342834,parameter_dependent
virgin_metal_tax,2.0,Circular-service elasticity,0.5,Metal-substitution elasticity,0.5,81,2954.5345081686974,-7042.965437471867,12876.442119061947,parameter_dependent
virgin_metal_tax,2.0,Circular-service elasticity,0.5,Metal-substitution elasticity,1.0,79,3717.9034802913666,-4052.2564156651497,31144.120729386806,parameter_dependent
virgin_metal_tax,2.0,Circular-service elasticity,0.5,Metal-substitution elasticity,2.0,79,5572.166898727417,-2414.3737728595734,103741.93863213062,parameter_dependent
virgin_metal_tax,2.0,Circular-service elasticity,1.0,Metal-substitution elasticity,0.5,80,2874.8003621399403,-7871.702874600887,24948.458390533924,parameter_dependent
virgin_metal_tax,2.0,Circular-service elasticity,1.0,Metal-substitution elasticity,1.0,80,3504.3165814876556,-4591.727661728859,53994.3220436573,parameter_dependent
virgin_metal_tax,2.0,Circular-service elasticity,1.0,Metal-substitution elasticity,2.0,80,6297.9956695735455,-7324.152734935284,108964.88082760572,parameter_dependent
virgin_metal_tax,2.0,Circular-service elasticity,2.0,Metal-substitution elasticity,0.5,81,3805.92926967144,-3175.4494435191154,22114.508551836014,parameter_dependent
virgin_metal_tax,2.0,Circular-service elasticity,2.0,Metal-substitution elasticity,1.0,80,4563.836681723595,-10208.694711863995,69091.2155572772,parameter_dependent
virgin_metal_tax,2.0,Circular-service elasticity,2.0,Metal-substitution elasticity,2.0,79,7058.908424437046,-2061.962132513523,153757.09349632263,parameter_dependent
virgin_metal_tax,2.0,EOL-allocation elasticity,0.5,EOL-productivity elasticity,0.5,81,4056.678908467293,-6708.4916251301765,153757.09349632263,parameter_dependent
virgin_metal_tax,2.0,EOL-allocation elasticity,0.5,EOL-productivity elasticity,1.0,81,4113.598611056805,-3221.0076044797897,103715.5995708108,parameter_dependent
virgin_metal_tax,2.0,EOL-allocation elasticity,0.5,EOL-productivity elasticity,2.0,81,3717.9034802913666,-3285.4354408979416,50414.371987342834,parameter_dependent
virgin_metal_tax,2.0,EOL-allocation elasticity,1.0,EOL-productivity elasticity,0.5,81,4071.2027735710144,-3732.7026305794716,127504.14858394861,parameter_dependent
virgin_metal_tax,2.0,EOL-allocation elasticity,1.0,EOL-productivity elasticity,1.0,81,4213.354908049107,-7042.965437471867,72420.97398501635,parameter_dependent
virgin_metal_tax,2.0,EOL-allocation elasticity,1.0,EOL-productivity elasticity,2.0,79,3919.2472145557404,-7324.152734935284,104510.15285658836,parameter_dependent
virgin_metal_tax,2.0,EOL-allocation elasticity,2.0,EOL-productivity elasticity,0.5,81,4578.985325157642,-2815.729072570801,103741.93863213062,parameter_dependent
virgin_metal_tax,2.0,EOL-allocation elasticity,2.0,EOL-productivity elasticity,1.0,75,5089.274179160595,-10208.694711863995,70554.69027549028,parameter_dependent
virgin_metal_tax,2.0,EOL-allocation elasticity,2.0,EOL-productivity elasticity,2.0,79,4483.345439970493,-3094.5038791298866,61360.76925611496,parameter_dependent
virgin_metal_tax,2.0,EOL-allocation elasticity,0.5,Metal-substitution elasticity,0.5,81,2954.5345081686974,-3175.4494435191154,12876.442119061947,parameter_dependent
virgin_metal_tax,2.0,EOL-allocation elasticity,0.5,Metal-substitution elasticity,1.0,81,3904.5286254882812,-4052.2564156651497,43508.25613999367,parameter_dependent
virgin_metal_tax,2.0,EOL-allocation elasticity,0.5,Metal-substitution elasticity,2.0,81,6123.638760745525,-6708.4916251301765,153757.09349632263,parameter_dependent
virgin_metal_tax,2.0,EOL-allocation elasticity,1.0,Metal-substitution elasticity,0.5,81,3232.748062312603,-7042.965437471867,12472.800299167633,parameter_dependent
virgin_metal_tax,2.0,EOL-allocation elasticity,1.0,Metal-substitution elasticity,1.0,80,3570.6543910205364,-4591.727661728859,35928.76014572382,parameter_dependent
virgin_metal_tax,2.0,EOL-allocation elasticity,1.0,Metal-substitution elasticity,2.0,80,5921.578090041876,-7324.152734935284,127504.14858394861,parameter_dependent
virgin_metal_tax,2.0,EOL-allocation elasticity,2.0,Metal-substitution elasticity,0.5,80,3132.9262603223324,-7871.702874600887,24948.458390533924,parameter_dependent
virgin_metal_tax,2.0,EOL-allocation elasticity,2.0,Metal-substitution elasticity,1.0,78,4563.836681723595,-10208.694711863995,69091.2155572772,parameter_dependent
virgin_metal_tax,2.0,EOL-allocation elasticity,2.0,Metal-substitution elasticity,2.0,77,7058.908424437046,-2930.8904588222504,103741.93863213062,parameter_dependent
virgin_metal_tax,2.0,EOL-productivity elasticity,0.5,Metal-substitution elasticity,0.5,81,2954.5345081686974,-3732.7026305794716,10468.834110438824,parameter_dependent
virgin_metal_tax,2.0,EOL-productivity elasticity,0.5,Metal-substitution elasticity,1.0,81,4013.8489760160446,-4052.2564156651497,23728.02724826336,parameter_dependent
virgin_metal_tax,2.0,EOL-productivity elasticity,0.5,Metal-substitution elasticity,2.0,81,8080.25009137392,-6708.4916251301765,153757.09349632263,parameter_dependent
virgin_metal_tax,2.0,EOL-productivity elasticity,1.0,Metal-substitution elasticity,0.5,80,3063.6226258277893,-7871.702874600887,24948.458390533924,parameter_dependent
virgin_metal_tax,2.0,EOL-productivity elasticity,1.0,Metal-substitution elasticity,1.0,78,4196.836751759052,-10208.694711863995,69091.2155572772,parameter_dependent
virgin_metal_tax,2.0,EOL-productivity elasticity,1.0,Metal-substitution elasticity,2.0,79,6669.942255973816,-2930.8904588222504,103715.5995708108,parameter_dependent
virgin_metal_tax,2.0,EOL-productivity elasticity,2.0,Metal-substitution elasticity,0.5,81,3296.260070681572,-4752.904842376709,12876.442119061947,parameter_dependent
virgin_metal_tax,2.0,EOL-productivity elasticity,2.0,Metal-substitution elasticity,1.0,80,3707.735484570265,-3446.0651829838753,53994.3220436573,parameter_dependent
virgin_metal_tax,2.0,EOL-productivity elasticity,2.0,Metal-substitution elasticity,2.0,78,5319.327775418758,-7324.152734935284,104510.15285658836,parameter_dependent
