sensitivity_profile,stage,scenario,instrument,wedge,termination_status,primal_status,solver_valid,solver_elapsed_seconds,max_scaled_residual,scaled_residuals_above_tolerance,max_bound_violation,bound_violations_above_tolerance,worst_equation_block,worst_equation_tag,worst_equation_indices,worst_equation_scaled_residual,worst_bound_variable,worst_bound_violation,solver_message,armington_elasticity,cet_transformation_elasticity,service_elasticity,eol_allocation_elasticity,eol_productivity_elasticity,material_substitution_elasticity,declared_wedge,source_wedge,trial_wedge,continuation_phase,attempt,trial_accepted
sensitivity_052,direct_target,virgin_metal_tax_tax_0_0025,virgin_metal_tax,0.0025,LOCALLY_INFEASIBLE,INFEASIBLE_POINT,true,17.53723816,0.00013327292245457478,0,0.0,0,material_composite_production_REU,eqpzs,IND_REU_NEW_ELMA,0.00013327292245457478,EOL_FLOW_EOL_DE_ELMA_INC,0.0,,0.5,2.0,2.0,1.0,0.5,0.5,0.0025,0.0,0.0025,direct_target,1,true
sensitivity_052,direct_target,virgin_metal_tax_tax_0_005,virgin_metal_tax,0.005,LOCALLY_INFEASIBLE,INFEASIBLE_POINT,true,9.360324115,0.00026531927299588975,0,0.0,0,material_composite_production_REU,eqpzs,IND_REU_NEW_ELMA,0.00026531927299588975,EOL_FLOW_EOL_DE_ELMA_INC,0.0,,0.5,2.0,2.0,1.0,0.5,0.5,0.005,0.0025,0.005,direct_target,1,true
sensitivity_052,direct_target,virgin_metal_tax_tax_0_01,virgin_metal_tax,0.01,LOCALLY_INFEASIBLE,INFEASIBLE_POINT,true,13.455464019,0.0005345268153330585,0,0.0,0,material_composite_production_REU,eqpzs,IND_REU_NEW_ELMA,0.0005345268153330585,EOL_FLOW_EOL_DE_ELMA_INC,0.0,,0.5,2.0,2.0,1.0,0.5,0.5,0.01,0.005,0.01,direct_target,1,true
sensitivity_052,direct_target,virgin_metal_tax_tax_0_02,virgin_metal_tax,0.02,LOCALLY_INFEASIBLE,INFEASIBLE_POINT,false,24.195542164,0.0010716145020523982,1,0.0,0,material_composite_production_REU,eqpzs,IND_REU_NEW_ELMA,0.0010716145020523982,EOL_FLOW_EOL_DE_ELMA_INC,0.0,,0.5,2.0,2.0,1.0,0.5,0.5,0.02,0.01,0.02,direct_target,1,false
sensitivity_052,continuation_trial,virgin_metal_tax_tax_0_015,virgin_metal_tax,0.015,LOCALLY_INFEASIBLE,INFEASIBLE_POINT,true,17.728433537,0.0007964106204304544,0,0.0,0,material_composite_production_REU,eqpzs,IND_REU_NEW_ELMA,0.0007964106204304544,EOL_FLOW_EOL_DE_ELMA_INC,0.0,,0.5,2.0,2.0,1.0,0.5,0.5,0.02,0.01,0.015,continuation_trial,2,true
sensitivity_052,continuation_trial,virgin_metal_tax_tax_0_02,virgin_metal_tax,0.02,LOCALLY_INFEASIBLE,INFEASIBLE_POINT,false,12.254746634,0.0010526450303208756,1,0.0,0,material_composite_production_REU,eqpzs,IND_REU_NEW_ELMA,0.0010526450303208756,EOL_FLOW_EOL_DE_ELMA_INC,0.0,,0.5,2.0,2.0,1.0,0.5,0.5,0.02,0.015,0.02,continuation_trial,3,false
sensitivity_052,continuation_trial,virgin_metal_tax_tax_0_0175,virgin_metal_tax,0.0175,LOCALLY_INFEASIBLE,INFEASIBLE_POINT,true,19.847085089,0.0009457813557661732,0,0.0,0,material_composite_production_REU,eqpzs,IND_REU_NEW_ELMA,0.0009457813557661732,EOL_FLOW_EOL_DE_ELMA_INC,0.0,,0.5,2.0,2.0,1.0,0.5,0.5,0.02,0.015,0.0175,continuation_trial,4,true
sensitivity_052,continuation_trial,virgin_metal_tax_tax_0_02,virgin_metal_tax,0.02,LOCALLY_INFEASIBLE,INFEASIBLE_POINT,false,9.060939523,0.0010636365654540514,1,0.0,0,material_composite_production_REU,eqpzs,IND_REU_NEW_ELMA,0.0010636365654540514,EOL_FLOW_EOL_DE_ELMA_INC,0.0,,0.5,2.0,2.0,1.0,0.5,0.5,0.02,0.0175,0.02,continuation_trial,5,false
sensitivity_052,continuation_trial,virgin_metal_tax_tax_0_018750000000000003,virgin_metal_tax,0.018750000000000003,LOCALLY_INFEASIBLE,INFEASIBLE_POINT,false,10.706700045,0.001010766980075406,1,0.0,0,material_composite_production_REU,eqpzs,IND_REU_NEW_ELMA,0.001010766980075406,EOL_FLOW_EOL_DE_ELMA_INC,0.0,,0.5,2.0,2.0,1.0,0.5,0.5,0.02,0.0175,0.018750000000000003,continuation_trial,6,false
sensitivity_052,continuation_trial,virgin_metal_tax_tax_0_018125000000000002,virgin_metal_tax,0.018125000000000002,LOCALLY_INFEASIBLE,INFEASIBLE_POINT,true,9.002661537,0.0009726549365859372,0,0.0,0,material_composite_production_REU,eqpzs,IND_REU_NEW_ELMA,0.0009726549365859372,EOL_FLOW_EOL_DE_ELMA_INC,0.0,,0.5,2.0,2.0,1.0,0.5,0.5,0.02,0.0175,0.018125000000000002,continuation_trial,7,true
sensitivity_052,continuation_trial,virgin_metal_tax_tax_0_019375000000000003,virgin_metal_tax,0.019375000000000003,LOCALLY_INFEASIBLE,INFEASIBLE_POINT,false,11.650595111,0.0010467872427913916,1,0.0,0,material_composite_production_REU,eqpzs,IND_REU_NEW_ELMA,0.0010467872427913916,EOL_FLOW_EOL_DE_ELMA_INC,0.0,,0.5,2.0,2.0,1.0,0.5,0.5,0.02,0.018125000000000002,0.019375000000000003,continuation_trial,8,false
sensitivity_052,continuation_trial,virgin_metal_tax_tax_0_018750000000000003,virgin_metal_tax,0.018750000000000003,LOCALLY_INFEASIBLE,INFEASIBLE_POINT,false,14.79600401,0.0010056067592453255,1,0.0,0,material_composite_production_REU,eqpzs,IND_REU_NEW_ELMA,0.0010056067592453255,EOL_FLOW_EOL_DE_ELMA_INC,0.0,,0.5,2.0,2.0,1.0,0.5,0.5,0.02,0.018125000000000002,0.018750000000000003,continuation_trial,9,false
sensitivity_052,continuation_trial,virgin_metal_tax_tax_0_018437500000000002,virgin_metal_tax,0.018437500000000002,LOCALLY_INFEASIBLE,INFEASIBLE_POINT,true,14.592454009,0.0009959824288572339,0,0.0,0,material_composite_production_REU,eqpzs,IND_REU_NEW_ELMA,0.0009959824288572339,EOL_FLOW_EOL_DE_ELMA_INC,0.0,,0.5,2.0,2.0,1.0,0.5,0.5,0.02,0.018125000000000002,0.018437500000000002,continuation_trial,10,true
sensitivity_052,continuation_trial,virgin_metal_tax_tax_0_019062500000000003,virgin_metal_tax,0.019062500000000003,LOCALLY_INFEASIBLE,INFEASIBLE_POINT,false,13.853996278,0.0010115296513727445,1,0.0,0,material_composite_production_REU,eqpzs,IND_REU_NEW_ELMA,0.0010115296513727445,EOL_FLOW_EOL_DE_ELMA_INC,0.0,,0.5,2.0,2.0,1.0,0.5,0.5,0.02,0.018437500000000002,0.019062500000000003,continuation_trial,11,false
sensitivity_052,continuation_trial,virgin_metal_tax_tax_0_018750000000000003,virgin_metal_tax,0.018750000000000003,LOCALLY_INFEASIBLE,INFEASIBLE_POINT,true,10.627498073,0.0009493194227134794,0,0.0,0,material_composite_production_REU,eqpzs,IND_REU_NEW_ELMA,0.0009493194227134794,EOL_FLOW_EOL_DE_ELMA_INC,0.0,,0.5,2.0,2.0,1.0,0.5,0.5,0.02,0.018437500000000002,0.018750000000000003,continuation_trial,12,true
sensitivity_052,continuation_trial,virgin_metal_tax_tax_0_019375000000000003,virgin_metal_tax,0.019375000000000003,LOCALLY_INFEASIBLE,INFEASIBLE_POINT,false,11.920048268,0.001031541896739152,1,0.0,0,material_composite_production_REU,eqpzs,IND_REU_NEW_ELMA,0.001031541896739152,EOL_FLOW_EOL_DE_ELMA_INC,0.0,,0.5,2.0,2.0,1.0,0.5,0.5,0.02,0.018750000000000003,0.019375000000000003,continuation_trial,13,false
sensitivity_052,continuation_trial,virgin_metal_tax_tax_0_019062500000000003,virgin_metal_tax,0.019062500000000003,LOCALLY_INFEASIBLE,INFEASIBLE_POINT,true,10.672006671,0.0009754670300049506,0,0.0,0,material_composite_production_REU,eqpzs,IND_REU_NEW_ELMA,0.0009754670300049506,EOL_FLOW_EOL_DE_ELMA_INC,0.0,,0.5,2.0,2.0,1.0,0.5,0.5,0.02,0.018750000000000003,0.019062500000000003,continuation_trial,14,true
sensitivity_052,continuation_trial,virgin_metal_tax_tax_0_019687500000000004,virgin_metal_tax,0.019687500000000004,LOCALLY_INFEASIBLE,INFEASIBLE_POINT,true,8.541250284,0.0009789699907299942,0,0.0,0,material_composite_production_REU,eqpzs,IND_REU_NEW_ELMA,0.0009789699907299942,EOL_FLOW_EOL_DE_ELMA_INC,0.0,,0.5,2.0,2.0,1.0,0.5,0.5,0.02,0.019062500000000003,0.019687500000000004,continuation_trial,15,true
sensitivity_052,continuation_trial,virgin_metal_tax_tax_0_02,virgin_metal_tax,0.02,LOCALLY_INFEASIBLE,INFEASIBLE_POINT,false,9.957356019,0.001067881152294059,1,0.0,0,material_composite_production_REU,eqpzs,IND_REU_NEW_ELMA,0.001067881152294059,EOL_FLOW_EOL_DE_ELMA_INC,0.0,,0.5,2.0,2.0,1.0,0.5,0.5,0.02,0.019687500000000004,0.02,continuation_trial,16,false
sensitivity_052,continuation_trial,virgin_metal_tax_tax_0_01984375,virgin_metal_tax,0.01984375,LOCALLY_INFEASIBLE,INFEASIBLE_POINT,false,12.166614548,0.0010560281886190515,1,0.0,0,material_composite_production_REU,eqpzs,IND_REU_NEW_ELMA,0.0010560281886190515,EOL_FLOW_EOL_DE_ELMA_INC,0.0,,0.5,2.0,2.0,1.0,0.5,0.5,0.02,0.019687500000000004,0.01984375,continuation_trial,17,false
sensitivity_052,continuation_trial,virgin_metal_tax_tax_0_019765625000000002,virgin_metal_tax,0.019765625000000002,LOCALLY_INFEASIBLE,INFEASIBLE_POINT,false,15.818258091,0.00104989072712669,1,0.0,0,material_composite_production_REU,eqpzs,IND_REU_NEW_ELMA,0.00104989072712669,EOL_FLOW_EOL_DE_ELMA_INC,0.0,,0.5,2.0,2.0,1.0,0.5,0.5,0.02,0.019687500000000004,0.019765625000000002,continuation_trial,18,false
sensitivity_052,continuation_trial,virgin_metal_tax_tax_0_019726562500000003,virgin_metal_tax,0.019726562500000003,LOCALLY_INFEASIBLE,INFEASIBLE_POINT,false,15.308181362,0.001059596137480856,1,0.0,0,material_composite_production_REU,eqpzs,IND_REU_NEW_ELMA,0.001059596137480856,EOL_FLOW_EOL_DE_ELMA_INC,0.0,,0.5,2.0,2.0,1.0,0.5,0.5,0.02,0.019687500000000004,0.019726562500000003,continuation_trial,19,false
sensitivity_052,predictor_target,virgin_metal_tax_tax_0_02,virgin_metal_tax,0.02,LOCALLY_INFEASIBLE,INFEASIBLE_POINT,false,15.755181615,0.0010744952350613124,1,0.0,0,material_composite_production_REU,eqpzs,IND_REU_NEW_ELMA,0.0010744952350613124,EOL_FLOW_EOL_DE_ELMA_INC,0.0,,0.5,2.0,2.0,1.0,0.5,0.5,0.02,0.019687500000000004,0.02,predictor_target,20,false
sensitivity_052,baseline,baseline,,0.0,ALMOST_LOCALLY_SOLVED,NEARLY_FEASIBLE_POINT,true,46.767509817,4.878793046225738e-7,0,0.0,0,observed_physical_flow_links,quantity_link,physical_SK_OFMA_REP_route_input_mass,4.878793046225738e-7,EOL_FLOW_EOL_DE_ELMA_INC,0.0,,0.5,2.0,2.0,1.0,0.5,0.5,0.0,0.0,0.0,baseline,1,true
sensitivity_081,direct_target,virgin_metal_tax_tax_0_0025,virgin_metal_tax,0.0025,LOCALLY_INFEASIBLE,INFEASIBLE_POINT,true,10.143831374,0.00013453220658432574,0,0.0,0,material_composite_production_REU,eqpzs,IND_REU_NEW_ELMA,0.00013453220658432574,EOL_FLOW_EOL_DE_ELMA_INC,0.0,,2.0,2.0,2.0,2.0,0.5,0.5,0.0025,0.0,0.0025,direct_target,1,true
sensitivity_081,direct_target,virgin_metal_tax_tax_0_005,virgin_metal_tax,0.005,LOCALLY_INFEASIBLE,INFEASIBLE_POINT,true,10.610695497,0.00025117793801066046,0,0.0,0,material_composite_production_REU,eqpzs,IND_REU_NEW_ELMA,0.00025117793801066046,EOL_FLOW_EOL_DE_ELMA_INC,0.0,,2.0,2.0,2.0,2.0,0.5,0.5,0.005,0.0025,0.005,direct_target,1,true
sensitivity_081,direct_target,virgin_metal_tax_tax_0_01,virgin_metal_tax,0.01,LOCALLY_INFEASIBLE,INFEASIBLE_POINT,true,9.967616046,0.0006302112926658276,0,0.0,0,material_composite_production_SK,eqpzs,IND_SK_NEW_ELMA,0.0006302112926658276,EOL_FLOW_EOL_DE_ELMA_INC,0.0,,2.0,2.0,2.0,2.0,0.5,0.5,0.01,0.005,0.01,direct_target,1,true
sensitivity_081,direct_target,virgin_metal_tax_tax_0_02,virgin_metal_tax,0.02,LOCALLY_INFEASIBLE,INFEASIBLE_POINT,false,6.357198248,0.0010880947795831597,1,0.0,0,material_composite_production_SK,eqpzs,IND_SK_NEW_ELMA,0.0010880947795831597,EOL_FLOW_EOL_DE_ELMA_INC,0.0,,2.0,2.0,2.0,2.0,0.5,0.5,0.02,0.01,0.02,direct_target,1,false
sensitivity_081,continuation_trial,virgin_metal_tax_tax_0_015,virgin_metal_tax,0.015,LOCALLY_INFEASIBLE,INFEASIBLE_POINT,true,21.728352072,0.0009142877189439735,0,0.0,0,material_composite_production_SK,eqpzs,IND_SK_NEW_ELMA,0.0009142877189439735,EOL_FLOW_EOL_DE_ELMA_INC,0.0,,2.0,2.0,2.0,2.0,0.5,0.5,0.02,0.01,0.015,continuation_trial,2,true
sensitivity_081,continuation_trial,virgin_metal_tax_tax_0_02,virgin_metal_tax,0.02,LOCALLY_INFEASIBLE,INFEASIBLE_POINT,false,9.694372763,0.0010005880478387574,1,0.0,0,material_composite_production_REU,eqpzs,IND_REU_NEW_ELMA,0.0010005880478387574,EOL_FLOW_EOL_DE_ELMA_INC,0.0,,2.0,2.0,2.0,2.0,0.5,0.5,0.02,0.015,0.02,continuation_trial,3,false
sensitivity_081,continuation_trial,virgin_metal_tax_tax_0_0175,virgin_metal_tax,0.0175,LOCALLY_INFEASIBLE,INFEASIBLE_POINT,true,13.077021823,0.0009337412045266058,0,0.0,0,material_composite_production_SK,eqpzs,IND_SK_NEW_ELMA,0.0009337412045266058,EOL_FLOW_EOL_DE_ELMA_INC,0.0,,2.0,2.0,2.0,2.0,0.5,0.5,0.02,0.015,0.0175,continuation_trial,4,true
sensitivity_081,continuation_trial,virgin_metal_tax_tax_0_02,virgin_metal_tax,0.02,LOCALLY_INFEASIBLE,INFEASIBLE_POINT,false,9.666066208,0.0010076865048266326,1,0.0,0,material_composite_production_SK,eqpzs,IND_SK_NEW_ELMA,0.0010076865048266326,EOL_FLOW_EOL_DE_ELMA_INC,0.0,,2.0,2.0,2.0,2.0,0.5,0.5,0.02,0.0175,0.02,continuation_trial,5,false
sensitivity_081,continuation_trial,virgin_metal_tax_tax_0_018750000000000003,virgin_metal_tax,0.018750000000000003,LOCALLY_INFEASIBLE,INFEASIBLE_POINT,false,31.046587767,0.0011496905934615942,1,0.0,0,material_composite_production_SK,eqpzs,IND_SK_NEW_ELMA,0.0011496905934615942,EOL_FLOW_EOL_DE_ELMA_INC,0.0,,2.0,2.0,2.0,2.0,0.5,0.5,0.02,0.0175,0.018750000000000003,continuation_trial,6,false
sensitivity_081,continuation_trial,virgin_metal_tax_tax_0_018125000000000002,virgin_metal_tax,0.018125000000000002,LOCALLY_INFEASIBLE,INFEASIBLE_POINT,false,39.124749842,0.08704395924993147,3,0.0,0,observed_physical_flow_links,quantity_link,physical_SK_OFMA_REP_route_input_mass,0.08704395924993147,EOL_FLOW_EOL_DE_ELMA_INC,0.0,,2.0,2.0,2.0,2.0,0.5,0.5,0.02,0.0175,0.018125000000000002,continuation_trial,7,false
sensitivity_081,continuation_trial,virgin_metal_tax_tax_0_017812500000000002,virgin_metal_tax,0.017812500000000002,LOCALLY_INFEASIBLE,INFEASIBLE_POINT,false,22.591193423,0.00111986970478406,1,0.0,0,material_composite_production_SK,eqpzs,IND_SK_NEW_ELMA,0.00111986970478406,EOL_FLOW_EOL_DE_ELMA_INC,0.0,,2.0,2.0,2.0,2.0,0.5,0.5,0.02,0.0175,0.017812500000000002,continuation_trial,8,false
sensitivity_081,continuation_trial,virgin_metal_tax_tax_0_017656250000000002,virgin_metal_tax,0.017656250000000002,LOCALLY_INFEASIBLE,INFEASIBLE_POINT,false,48.746249278,0.006809539426115729,1,0.0,0,observed_physical_flow_links,quantity_link,physical_SK_OFMA_REP_route_input_mass,0.006809539426115729,EOL_FLOW_EOL_DE_ELMA_INC,0.0,,2.0,2.0,2.0,2.0,0.5,0.5,0.02,0.0175,0.017656250000000002,continuation_trial,9,false
sensitivity_081,continuation_trial,virgin_metal_tax_tax_0_017578125,virgin_metal_tax,0.017578125,LOCALLY_INFEASIBLE,INFEASIBLE_POINT,false,13.94953475,0.00111085135086042,1,0.0,0,material_composite_production_SK,eqpzs,IND_SK_NEW_ELMA,0.00111085135086042,EOL_FLOW_EOL_DE_ELMA_INC,0.0,,2.0,2.0,2.0,2.0,0.5,0.5,0.02,0.0175,0.017578125,continuation_trial,10,false
sensitivity_081,continuation_trial,virgin_metal_tax_tax_0_0175390625,virgin_metal_tax,0.0175390625,LOCALLY_INFEASIBLE,INFEASIBLE_POINT,true,9.173339727,0.0008930582165480594,0,0.0,0,material_composite_production_SK,eqpzs,IND_SK_NEW_ELMA,0.0008930582165480594,EOL_FLOW_EOL_DE_ELMA_INC,0.0,,2.0,2.0,2.0,2.0,0.5,0.5,0.02,0.0175,0.0175390625,continuation_trial,11,true
sensitivity_081,continuation_trial,virgin_metal_tax_tax_0_0176171875,virgin_metal_tax,0.0176171875,LOCALLY_INFEASIBLE,INFEASIBLE_POINT,true,9.764002626,0.0008241386618528246,0,0.0,0,material_composite_production_SK,eqpzs,IND_SK_NEW_ELMA,0.0008241386618528246,EOL_FLOW_EOL_DE_ELMA_INC,0.0,,2.0,2.0,2.0,2.0,0.5,0.5,0.02,0.0175390625,0.0176171875,continuation_trial,12,true
sensitivity_081,continuation_trial,virgin_metal_tax_tax_0_0177734375,virgin_metal_tax,0.0177734375,LOCALLY_INFEASIBLE,INFEASIBLE_POINT,true,10.836646962,0.0008280476421500538,0,0.0,0,material_composite_production_SK,eqpzs,IND_SK_NEW_ELMA,0.0008280476421500538,EOL_FLOW_EOL_DE_ELMA_INC,0.0,,2.0,2.0,2.0,2.0,0.5,0.5,0.02,0.0176171875,0.0177734375,continuation_trial,13,true
sensitivity_081,continuation_trial,virgin_metal_tax_tax_0_0180859375,virgin_metal_tax,0.0180859375,LOCALLY_INFEASIBLE,INFEASIBLE_POINT,true,9.618702053,0.0008327922909225904,0,0.0,0,material_composite_production_SK,eqpzs,IND_SK_NEW_ELMA,0.0008327922909225904,EOL_FLOW_EOL_DE_ELMA_INC,0.0,,2.0,2.0,2.0,2.0,0.5,0.5,0.02,0.0177734375,0.0180859375,continuation_trial,14,true
sensitivity_081,continuation_trial,virgin_metal_tax_tax_0_0187109375,virgin_metal_tax,0.0187109375,LOCALLY_INFEASIBLE,INFEASIBLE_POINT,false,11.017639274,0.0011641747558128746,1,0.0,0,material_composite_production_SK,eqpzs,IND_SK_NEW_ELMA,0.0011641747558128746,EOL_FLOW_EOL_DE_ELMA_INC,0.0,,2.0,2.0,2.0,2.0,0.5,0.5,0.02,0.0180859375,0.0187109375,continuation_trial,15,false
sensitivity_081,continuation_trial,virgin_metal_tax_tax_0_0183984375,virgin_metal_tax,0.0183984375,LOCALLY_INFEASIBLE,INFEASIBLE_POINT,false,17.633339184,0.0011561567222193592,1,0.0,0,material_composite_production_SK,eqpzs,IND_SK_NEW_ELMA,0.0011561567222193592,EOL_FLOW_EOL_DE_ELMA_INC,0.0,,2.0,2.0,2.0,2.0,0.5,0.5,0.02,0.0180859375,0.0183984375,continuation_trial,16,false
sensitivity_081,continuation_trial,virgin_metal_tax_tax_0_0182421875,virgin_metal_tax,0.0182421875,LOCALLY_INFEASIBLE,INFEASIBLE_POINT,true,5.681075398,0.0008784503758763051,0,0.0,0,material_composite_production_SK,eqpzs,IND_SK_NEW_ELMA,0.0008784503758763051,EOL_FLOW_EOL_DE_ELMA_INC,0.0,,2.0,2.0,2.0,2.0,0.5,0.5,0.02,0.0180859375,0.0182421875,continuation_trial,17,true
sensitivity_081,continuation_trial,virgin_metal_tax_tax_0_0185546875,virgin_metal_tax,0.0185546875,LOCALLY_INFEASIBLE,INFEASIBLE_POINT,false,13.192199249,0.001147417477115109,1,0.0,0,material_composite_production_SK,eqpzs,IND_SK_NEW_ELMA,0.001147417477115109,EOL_FLOW_EOL_DE_ELMA_INC,0.0,,2.0,2.0,2.0,2.0,0.5,0.5,0.02,0.0182421875,0.0185546875,continuation_trial,18,false
sensitivity_081,continuation_trial,virgin_metal_tax_tax_0_0183984375,virgin_metal_tax,0.0183984375,LOCALLY_INFEASIBLE,INFEASIBLE_POINT,false,11.816113945,0.0011046967939798424,1,0.0,0,material_composite_production_SK,eqpzs,IND_SK_NEW_ELMA,0.0011046967939798424,EOL_FLOW_EOL_DE_ELMA_INC,0.0,,2.0,2.0,2.0,2.0,0.5,0.5,0.02,0.0182421875,0.0183984375,continuation_trial,19,false
sensitivity_081,continuation_trial,virgin_metal_tax_tax_0_018320312499999998,virgin_metal_tax,0.018320312499999998,LOCALLY_INFEASIBLE,INFEASIBLE_POINT,false,15.933035653,0.0010590624329630538,1,0.0,0,material_composite_production_SK,eqpzs,IND_SK_NEW_ELMA,0.0010590624329630538,EOL_FLOW_EOL_DE_ELMA_INC,0.0,,2.0,2.0,2.0,2.0,0.5,0.5,0.02,0.0182421875,0.018320312499999998,continuation_trial,20,false
sensitivity_081,continuation_trial,virgin_metal_tax_tax_0_01828125,virgin_metal_tax,0.01828125,LOCALLY_INFEASIBLE,INFEASIBLE_POINT,false,24.648215495,0.0011374734030745737,1,0.0,0,material_composite_production_SK,eqpzs,IND_SK_NEW_ELMA,0.0011374734030745737,EOL_FLOW_EOL_DE_ELMA_INC,0.0,,2.0,2.0,2.0,2.0,0.5,0.5,0.02,0.0182421875,0.01828125,continuation_trial,21,false
sensitivity_081,predictor_target,virgin_metal_tax_tax_0_02,virgin_metal_tax,0.02,LOCALLY_INFEASIBLE,INFEASIBLE_POINT,false,26.856662646,0.0010796601274826179,1,0.0,0,material_composite_production_SK,eqpzs,IND_SK_NEW_ELMA,0.0010796601274826179,EOL_FLOW_EOL_DE_ELMA_INC,0.0,,2.0,2.0,2.0,2.0,0.5,0.5,0.02,0.0182421875,0.02,predictor_target,22,false
sensitivity_081,baseline,baseline,,0.0,ALMOST_LOCALLY_SOLVED,NEARLY_FEASIBLE_POINT,true,53.815635857,5.062308874315136e-7,0,0.0,0,observed_physical_flow_links,quantity_link,physical_SK_OFMA_REP_route_input_mass,5.062308874315136e-7,EOL_FLOW_EOL_DE_ELMA_INC,0.0,,2.0,2.0,2.0,2.0,0.5,0.5,0.0,0.0,0.0,baseline,1,true
sensitivity_115,direct_target,virgin_metal_tax_tax_0_0025,virgin_metal_tax,0.0025,LOCALLY_INFEASIBLE,INFEASIBLE_POINT,true,21.473707732,0.00013147637987132033,0,0.0,0,material_composite_production_SK,eqpzs,IND_SK_NEW_ELMA,0.00013147637987132033,EOL_FLOW_EOL_DE_ELMA_INC,0.0,,0.5,2.0,0.5,1.0,1.0,0.5,0.0025,0.0,0.0025,direct_target,1,true
sensitivity_115,direct_target,virgin_metal_tax_tax_0_005,virgin_metal_tax,0.005,LOCALLY_INFEASIBLE,INFEASIBLE_POINT,true,14.117346558,0.0002673818023732899,0,0.0,0,material_composite_production_REU,eqpzs,IND_REU_NEW_ELMA,0.0002673818023732899,EOL_FLOW_EOL_DE_ELMA_INC,0.0,,0.5,2.0,0.5,1.0,1.0,0.5,0.005,0.0025,0.005,direct_target,1,true
sensitivity_115,direct_target,virgin_metal_tax_tax_0_01,virgin_metal_tax,0.01,LOCALLY_INFEASIBLE,INFEASIBLE_POINT,true,21.766184807,0.0005349072751001938,0,0.0,0,material_composite_production_REU,eqpzs,IND_REU_NEW_ELMA,0.0005349072751001938,EOL_FLOW_EOL_DE_ELMA_INC,0.0,,0.5,2.0,0.5,1.0,1.0,0.5,0.01,0.005,0.01,direct_target,1,true
sensitivity_115,direct_target,virgin_metal_tax_tax_0_02,virgin_metal_tax,0.02,LOCALLY_INFEASIBLE,INFEASIBLE_POINT,false,32.771035564,0.0010584235729973468,1,0.0,0,material_composite_production_REU,eqpzs,IND_REU_NEW_ELMA,0.0010584235729973468,EOL_FLOW_EOL_DE_ELMA_INC,0.0,,0.5,2.0,0.5,1.0,1.0,0.5,0.02,0.01,0.02,direct_target,1,false
sensitivity_115,continuation_trial,virgin_metal_tax_tax_0_015,virgin_metal_tax,0.015,LOCALLY_INFEASIBLE,INFEASIBLE_POINT,true,26.594653406,0.0008051235709811699,0,0.0,0,material_composite_production_REU,eqpzs,IND_REU_NEW_ELMA,0.0008051235709811699,EOL_FLOW_EOL_DE_ELMA_INC,0.0,,0.5,2.0,0.5,1.0,1.0,0.5,0.02,0.01,0.015,continuation_trial,2,true
sensitivity_115,continuation_trial,virgin_metal_tax_tax_0_02,virgin_metal_tax,0.02,LOCALLY_INFEASIBLE,INFEASIBLE_POINT,false,25.340842815,0.001040000848261613,1,0.0,0,material_composite_production_REU,eqpzs,IND_REU_NEW_ELMA,0.001040000848261613,EOL_FLOW_EOL_DE_ELMA_INC,0.0,,0.5,2.0,0.5,1.0,1.0,0.5,0.02,0.015,0.02,continuation_trial,3,false
sensitivity_115,continuation_trial,virgin_metal_tax_tax_0_0175,virgin_metal_tax,0.0175,LOCALLY_INFEASIBLE,INFEASIBLE_POINT,true,15.317338823,0.0009306049897553903,0,0.0,0,material_composite_production_REU,eqpzs,IND_REU_NEW_ELMA,0.0009306049897553903,EOL_FLOW_EOL_DE_ELMA_INC,0.0,,0.5,2.0,0.5,1.0,1.0,0.5,0.02,0.015,0.0175,continuation_trial,4,true
sensitivity_115,continuation_trial,virgin_metal_tax_tax_0_02,virgin_metal_tax,0.02,LOCALLY_INFEASIBLE,INFEASIBLE_POINT,false,12.394575954,0.0010150366199938032,1,0.0,0,material_composite_production_REU,eqpzs,IND_REU_NEW_ELMA,0.0010150366199938032,EOL_FLOW_EOL_DE_ELMA_INC,0.0,,0.5,2.0,0.5,1.0,1.0,0.5,0.02,0.0175,0.02,continuation_trial,5,false
sensitivity_115,continuation_trial,virgin_metal_tax_tax_0_018750000000000003,virgin_metal_tax,0.018750000000000003,LOCALLY_INFEASIBLE,INFEASIBLE_POINT,false,19.279384775,0.0010013466831058082,1,0.0,0,material_composite_production_REU,eqpzs,IND_REU_NEW_ELMA,0.0010013466831058082,EOL_FLOW_EOL_DE_ELMA_INC,0.0,,0.5,2.0,0.5,1.0,1.0,0.5,0.02,0.0175,0.018750000000000003,continuation_trial,6,false
sensitivity_115,continuation_trial,virgin_metal_tax_tax_0_018125000000000002,virgin_metal_tax,0.018125000000000002,LOCALLY_INFEASIBLE,INFEASIBLE_POINT,true,25.161204984,0.0009783142079816676,0,0.0,0,material_composite_production_REU,eqpzs,IND_REU_NEW_ELMA,0.0009783142079816676,EOL_FLOW_EOL_DE_ELMA_INC,0.0,,0.5,2.0,0.5,1.0,1.0,0.5,0.02,0.0175,0.018125000000000002,continuation_trial,7,true
sensitivity_115,continuation_trial,virgin_metal_tax_tax_0_019375000000000003,virgin_metal_tax,0.019375000000000003,LOCALLY_INFEASIBLE,INFEASIBLE_POINT,false,9.561596513,0.0010162763868671876,1,0.0,0,material_composite_production_REU,eqpzs,IND_REU_NEW_ELMA,0.0010162763868671876,EOL_FLOW_EOL_DE_ELMA_INC,0.0,,0.5,2.0,0.5,1.0,1.0,0.5,0.02,0.018125000000000002,0.019375000000000003,continuation_trial,8,false
sensitivity_115,continuation_trial,virgin_metal_tax_tax_0_018750000000000003,virgin_metal_tax,0.018750000000000003,LOCALLY_INFEASIBLE,INFEASIBLE_POINT,true,17.616370672,0.0009541666794802284,0,0.0,0,material_composite_production_REU,eqpzs,IND_REU_NEW_ELMA,0.0009541666794802284,EOL_FLOW_EOL_DE_ELMA_INC,0.0,,0.5,2.0,0.5,1.0,1.0,0.5,0.02,0.018125000000000002,0.018750000000000003,continuation_trial,9,true
sensitivity_115,continuation_trial,virgin_metal_tax_tax_0_02,virgin_metal_tax,0.02,LOCALLY_INFEASIBLE,INFEASIBLE_POINT,false,12.537624253,0.001082693256637901,1,0.0,0,material_composite_production_REU,eqpzs,IND_REU_NEW_ELMA,0.001082693256637901,EOL_FLOW_EOL_DE_ELMA_INC,0.0,,0.5,2.0,0.5,1.0,1.0,0.5,0.02,0.018750000000000003,0.02,continuation_trial,10,false
sensitivity_115,continuation_trial,virgin_metal_tax_tax_0_019375000000000003,virgin_metal_tax,0.019375000000000003,LOCALLY_INFEASIBLE,INFEASIBLE_POINT,false,13.720460552,0.0010306416094705284,1,0.0,0,material_composite_production_REU,eqpzs,IND_REU_NEW_ELMA,0.0010306416094705284,EOL_FLOW_EOL_DE_ELMA_INC,0.0,,0.5,2.0,0.5,1.0,1.0,0.5,0.02,0.018750000000000003,0.019375000000000003,continuation_trial,11,false
sensitivity_115,continuation_trial,virgin_metal_tax_tax_0_019062500000000003,virgin_metal_tax,0.019062500000000003,LOCALLY_INFEASIBLE,INFEASIBLE_POINT,true,8.521355516,0.0009272626906817738,0,0.0,0,material_composite_production_REU,eqpzs,IND_REU_NEW_ELMA,0.0009272626906817738,EOL_FLOW_EOL_DE_ELMA_INC,0.0,,0.5,2.0,0.5,1.0,1.0,0.5,0.02,0.018750000000000003,0.019062500000000003,continuation_trial,12,true
sensitivity_115,continuation_trial,virgin_metal_tax_tax_0_019687500000000004,virgin_metal_tax,0.019687500000000004,LOCALLY_INFEASIBLE,INFEASIBLE_POINT,false,11.888445505,0.0010620691963182383,1,0.0,0,material_composite_production_REU,eqpzs,IND_REU_NEW_ELMA,0.0010620691963182383,EOL_FLOW_EOL_DE_ELMA_INC,0.0,,0.5,2.0,0.5,1.0,1.0,0.5,0.02,0.019062500000000003,0.019687500000000004,continuation_trial,13,false
sensitivity_115,continuation_trial,virgin_metal_tax_tax_0_019375000000000003,virgin_metal_tax,0.019375000000000003,LOCALLY_INFEASIBLE,INFEASIBLE_POINT,false,6.655502697,0.0010355601589645547,1,0.0,0,material_composite_production_REU,eqpzs,IND_REU_NEW_ELMA,0.0010355601589645547,EOL_FLOW_EOL_DE_ELMA_INC,0.0,,0.5,2.0,0.5,1.0,1.0,0.5,0.02,0.019062500000000003,0.019375000000000003,continuation_trial,14,false
sensitivity_115,continuation_trial,virgin_metal_tax_tax_0_019218750000000003,virgin_metal_tax,0.019218750000000003,LOCALLY_INFEASIBLE,INFEASIBLE_POINT,true,5.524446482,0.0009426076679679429,0,0.0,0,material_composite_production_REU,eqpzs,IND_REU_NEW_ELMA,0.0009426076679679429,EOL_FLOW_EOL_DE_ELMA_INC,0.0,,0.5,2.0,0.5,1.0,1.0,0.5,0.02,0.019062500000000003,0.019218750000000003,continuation_trial,15,true
sensitivity_115,continuation_trial,virgin_metal_tax_tax_0_019531250000000003,virgin_metal_tax,0.019531250000000003,LOCALLY_INFEASIBLE,INFEASIBLE_POINT,false,8.770493798,0.0010021503046283575,1,0.0,0,material_composite_production_REU,eqpzs,IND_REU_NEW_ELMA,0.0010021503046283575,EOL_FLOW_EOL_DE_ELMA_INC,0.0,,0.5,2.0,0.5,1.0,1.0,0.5,0.02,0.019218750000000003,0.019531250000000003,continuation_trial,16,false
sensitivity_115,continuation_trial,virgin_metal_tax_tax_0_019375000000000003,virgin_metal_tax,0.019375000000000003,LOCALLY_INFEASIBLE,INFEASIBLE_POINT,true,8.300459313,0.0009681334670460506,0,0.0,0,material_composite_production_REU,eqpzs,IND_REU_NEW_ELMA,0.0009681334670460506,EOL_FLOW_EOL_DE_ELMA_INC,0.0,,0.5,2.0,0.5,1.0,1.0,0.5,0.02,0.019218750000000003,0.019375000000000003,continuation_trial,17,true
sensitivity_115,continuation_trial,virgin_metal_tax_tax_0_019687500000000004,virgin_metal_tax,0.019687500000000004,LOCALLY_INFEASIBLE,INFEASIBLE_POINT,false,9.934825001,0.001062241180100676,1,0.0,0,material_composite_production_REU,eqpzs,IND_REU_NEW_ELMA,0.001062241180100676,EOL_FLOW_EOL_DE_ELMA_INC,0.0,,0.5,2.0,0.5,1.0,1.0,0.5,0.02,0.019375000000000003,0.019687500000000004,continuation_trial,18,false
sensitivity_115,continuation_trial,virgin_metal_tax_tax_0_019531250000000003,virgin_metal_tax,0.019531250000000003,LOCALLY_INFEASIBLE,INFEASIBLE_POINT,true,8.399932062,0.0009777894436211465,0,0.0,0,material_composite_production_REU,eqpzs,IND_REU_NEW_ELMA,0.0009777894436211465,EOL_FLOW_EOL_DE_ELMA_INC,0.0,,0.5,2.0,0.5,1.0,1.0,0.5,0.02,0.019375000000000003,0.019531250000000003,continuation_trial,19,true
sensitivity_115,continuation_trial,virgin_metal_tax_tax_0_019843750000000004,virgin_metal_tax,0.019843750000000004,LOCALLY_INFEASIBLE,INFEASIBLE_POINT,false,59.846286062,0.003626428181932484,1,0.0,0,observed_physical_flow_links,quantity_link,physical_SK_OFMA_REP_route_input_mass,0.003626428181932484,EOL_FLOW_EOL_DE_ELMA_INC,0.0,,0.5,2.0,0.5,1.0,1.0,0.5,0.02,0.019531250000000003,0.019843750000000004,continuation_trial,20,false
sensitivity_115,continuation_trial,virgin_metal_tax_tax_0_019687500000000004,virgin_metal_tax,0.019687500000000004,LOCALLY_INFEASIBLE,INFEASIBLE_POINT,false,12.740678349,0.001057833456367785,1,0.0,0,material_composite_production_REU,eqpzs,IND_REU_NEW_ELMA,0.001057833456367785,EOL_FLOW_EOL_DE_ELMA_INC,0.0,,0.5,2.0,0.5,1.0,1.0,0.5,0.02,0.019531250000000003,0.019687500000000004,continuation_trial,21,false
sensitivity_115,continuation_trial,virgin_metal_tax_tax_0_019609375000000002,virgin_metal_tax,0.019609375000000002,LOCALLY_INFEASIBLE,INFEASIBLE_POINT,false,8.4832907,0.0010403864329615597,1,0.0,0,material_composite_production_REU,eqpzs,IND_REU_NEW_ELMA,0.0010403864329615597,EOL_FLOW_EOL_DE_ELMA_INC,0.0,,0.5,2.0,0.5,1.0,1.0,0.5,0.02,0.019531250000000003,0.019609375000000002,continuation_trial,22,false
sensitivity_115,continuation_trial,virgin_metal_tax_tax_0_019570312500000003,virgin_metal_tax,0.019570312500000003,LOCALLY_INFEASIBLE,INFEASIBLE_POINT,false,19.741091342,0.001050318625327673,1,0.0,0,material_composite_production_REU,eqpzs,IND_REU_NEW_ELMA,0.001050318625327673,EOL_FLOW_EOL_DE_ELMA_INC,0.0,,0.5,2.0,0.5,1.0,1.0,0.5,0.02,0.019531250000000003,0.019570312500000003,continuation_trial,23,false
sensitivity_115,predictor_target,virgin_metal_tax_tax_0_02,virgin_metal_tax,0.02,LOCALLY_INFEASIBLE,INFEASIBLE_POINT,false,4.358040952,0.0010067591141762477,1,0.0,0,material_composite_production_REU,eqpzs,IND_REU_NEW_ELMA,0.0010067591141762477,EOL_FLOW_EOL_DE_ELMA_INC,0.0,,0.5,2.0,0.5,1.0,1.0,0.5,0.02,0.019531250000000003,0.02,predictor_target,24,false
sensitivity_115,baseline,baseline,,0.0,ALMOST_LOCALLY_SOLVED,NEARLY_FEASIBLE_POINT,true,65.118615849,5.065250725522219e-7,0,0.0,0,observed_physical_flow_links,quantity_link,physical_SK_OFMA_REP_route_input_mass,5.065250725522219e-7,EOL_FLOW_EOL_DE_ELMA_INC,0.0,,0.5,2.0,0.5,1.0,1.0,0.5,0.0,0.0,0.0,baseline,1,true
sensitivity_142,direct_target,virgin_metal_tax_tax_0_0025,virgin_metal_tax,0.0025,LOCALLY_INFEASIBLE,INFEASIBLE_POINT,true,16.90296942,0.00013448214685940485,0,0.0,0,material_composite_production_REU,eqpzs,IND_REU_NEW_ELMA,0.00013448214685940485,EOL_FLOW_EOL_DE_ELMA_INC,0.0,,0.5,2.0,0.5,2.0,1.0,0.5,0.0025,0.0,0.0025,direct_target,1,true
sensitivity_142,direct_target,virgin_metal_tax_tax_0_005,virgin_metal_tax,0.005,LOCALLY_INFEASIBLE,INFEASIBLE_POINT,true,8.498589803,0.00023349834845887152,0,0.0,0,material_composite_production_REU,eqpzs,IND_REU_NEW_ELMA,0.00023349834845887152,EOL_FLOW_EOL_DE_ELMA_INC,0.0,,0.5,2.0,0.5,2.0,1.0,0.5,0.005,0.0025,0.005,direct_target,1,true
sensitivity_142,direct_target,virgin_metal_tax_tax_0_01,virgin_metal_tax,0.01,LOCALLY_INFEASIBLE,INFEASIBLE_POINT,true,15.467044353,0.0005369527307145239,0,0.0,0,material_composite_production_REU,eqpzs,IND_REU_NEW_ELMA,0.0005369527307145239,EOL_FLOW_EOL_DE_ELMA_INC,0.0,,0.5,2.0,0.5,2.0,1.0,0.5,0.01,0.005,0.01,direct_target,1,true
sensitivity_142,direct_target,virgin_metal_tax_tax_0_02,virgin_metal_tax,0.02,LOCALLY_INFEASIBLE,INFEASIBLE_POINT,false,31.49245268,0.001070369541960603,1,0.0,0,material_composite_production_REU,eqpzs,IND_REU_NEW_ELMA,0.001070369541960603,EOL_FLOW_EOL_DE_ELMA_INC,0.0,,0.5,2.0,0.5,2.0,1.0,0.5,0.02,0.01,0.02,direct_target,1,false
sensitivity_142,continuation_trial,virgin_metal_tax_tax_0_015,virgin_metal_tax,0.015,LOCALLY_INFEASIBLE,INFEASIBLE_POINT,true,12.164733669,0.0008040671142840461,0,0.0,0,material_composite_production_REU,eqpzs,IND_REU_NEW_ELMA,0.0008040671142840461,EOL_FLOW_EOL_DE_ELMA_INC,0.0,,0.5,2.0,0.5,2.0,1.0,0.5,0.02,0.01,0.015,continuation_trial,2,true
sensitivity_142,continuation_trial,virgin_metal_tax_tax_0_02,virgin_metal_tax,0.02,LOCALLY_INFEASIBLE,INFEASIBLE_POINT,false,13.753231055,0.001073919281374569,1,0.0,0,material_composite_production_REU,eqpzs,IND_REU_NEW_ELMA,0.001073919281374569,EOL_FLOW_EOL_DE_ELMA_INC,0.0,,0.5,2.0,0.5,2.0,1.0,0.5,0.02,0.015,0.02,continuation_trial,3,false
sensitivity_142,continuation_trial,virgin_metal_tax_tax_0_0175,virgin_metal_tax,0.0175,LOCALLY_INFEASIBLE,INFEASIBLE_POINT,true,15.024676645,0.0008958810157027042,0,0.0,0,material_composite_production_REU,eqpzs,IND_REU_NEW_ELMA,0.0008958810157027042,EOL_FLOW_EOL_DE_ELMA_INC,0.0,,0.5,2.0,0.5,2.0,1.0,0.5,0.02,0.015,0.0175,continuation_trial,4,true
sensitivity_142,continuation_trial,virgin_metal_tax_tax_0_02,virgin_metal_tax,0.02,LOCALLY_INFEASIBLE,INFEASIBLE_POINT,false,71.239293932,0.0010533572155030368,1,0.0,0,material_composite_production_REU,eqpzs,IND_REU_NEW_ELMA,0.0010533572155030368,EOL_FLOW_EOL_DE_ELMA_INC,0.0,,0.5,2.0,0.5,2.0,1.0,0.5,0.02,0.0175,0.02,continuation_trial,5,false
sensitivity_142,continuation_trial,virgin_metal_tax_tax_0_018750000000000003,virgin_metal_tax,0.018750000000000003,LOCALLY_INFEASIBLE,INFEASIBLE_POINT,true,12.370678786,0.0008849483852153561,0,0.0,0,material_composite_production_REU,eqpzs,IND_REU_NEW_ELMA,0.0008849483852153561,EOL_FLOW_EOL_DE_ELMA_INC,0.0,,0.5,2.0,0.5,2.0,1.0,0.5,0.02,0.0175,0.018750000000000003,continuation_trial,6,true
sensitivity_142,continuation_trial,virgin_metal_tax_tax_0_02,virgin_metal_tax,0.02,LOCALLY_INFEASIBLE,INFEASIBLE_POINT,false,19.625730842,0.0010809926932426883,1,0.0,0,material_composite_production_REU,eqpzs,IND_REU_NEW_ELMA,0.0010809926932426883,EOL_FLOW_EOL_DE_ELMA_INC,0.0,,0.5,2.0,0.5,2.0,1.0,0.5,0.02,0.018750000000000003,0.02,continuation_trial,7,false
sensitivity_142,continuation_trial,virgin_metal_tax_tax_0_019375000000000003,virgin_metal_tax,0.019375000000000003,LOCALLY_INFEASIBLE,INFEASIBLE_POINT,false,19.472335416,0.0010139836704086136,1,0.0,0,material_composite_production_REU,eqpzs,IND_REU_NEW_ELMA,0.0010139836704086136,EOL_FLOW_EOL_DE_ELMA_INC,0.0,,0.5,2.0,0.5,2.0,1.0,0.5,0.02,0.018750000000000003,0.019375000000000003,continuation_trial,8,false
sensitivity_142,continuation_trial,virgin_metal_tax_tax_0_019062500000000003,virgin_metal_tax,0.019062500000000003,LOCALLY_INFEASIBLE,INFEASIBLE_POINT,true,14.821739044,0.0009425900127546516,0,0.0,0,material_composite_production_REU,eqpzs,IND_REU_NEW_ELMA,0.0009425900127546516,EOL_FLOW_EOL_DE_ELMA_INC,0.0,,0.5,2.0,0.5,2.0,1.0,0.5,0.02,0.018750000000000003,0.019062500000000003,continuation_trial,9,true
sensitivity_142,continuation_trial,virgin_metal_tax_tax_0_019687500000000004,virgin_metal_tax,0.019687500000000004,LOCALLY_INFEASIBLE,INFEASIBLE_POINT,false,58.796241838,0.02086358170803737,1,0.0,0,observed_physical_flow_links,quantity_link,physical_SK_OFMA_REP_route_input_mass,0.02086358170803737,EOL_FLOW_EOL_DE_ELMA_INC,0.0,,0.5,2.0,0.5,2.0,1.0,0.5,0.02,0.019062500000000003,0.019687500000000004,continuation_trial,10,false
sensitivity_142,continuation_trial,virgin_metal_tax_tax_0_019375000000000003,virgin_metal_tax,0.019375000000000003,LOCALLY_INFEASIBLE,INFEASIBLE_POINT,true,28.649982177,0.000999446565379758,0,0.0,0,material_composite_production_REU,eqpzs,IND_REU_NEW_ELMA,0.000999446565379758,EOL_FLOW_EOL_DE_ELMA_INC,0.0,,0.5,2.0,0.5,2.0,1.0,0.5,0.02,0.019062500000000003,0.019375000000000003,continuation_trial,11,true
sensitivity_142,continuation_trial,virgin_metal_tax_tax_0_02,virgin_metal_tax,0.02,LOCALLY_INFEASIBLE,INFEASIBLE_POINT,false,22.080093307,0.0010461777349476398,1,0.0,0,material_composite_production_REU,eqpzs,IND_REU_NEW_ELMA,0.0010461777349476398,EOL_FLOW_EOL_DE_ELMA_INC,0.0,,0.5,2.0,0.5,2.0,1.0,0.5,0.02,0.019375000000000003,0.02,continuation_trial,12,false
sensitivity_142,continuation_trial,virgin_metal_tax_tax_0_019687500000000004,virgin_metal_tax,0.019687500000000004,LOCALLY_INFEASIBLE,INFEASIBLE_POINT,false,13.507627007,0.010693240141843807,1,0.0,0,observed_physical_flow_links,quantity_link,physical_SK_OFMA_REP_route_input_mass,0.010693240141843807,EOL_FLOW_EOL_DE_ELMA_INC,0.0,,0.5,2.0,0.5,2.0,1.0,0.5,0.02,0.019375000000000003,0.019687500000000004,continuation_trial,13,false
sensitivity_142,continuation_trial,virgin_metal_tax_tax_0_019531250000000003,virgin_metal_tax,0.019531250000000003,LOCALLY_INFEASIBLE,INFEASIBLE_POINT,true,10.596068323,0.0007221123800406071,0,0.0,0,material_composite_production_SK,eqpzs,IND_SK_NEW_ELMA,0.0007221123800406071,EOL_FLOW_EOL_DE_ELMA_INC,0.0,,0.5,2.0,0.5,2.0,1.0,0.5,0.02,0.019375000000000003,0.019531250000000003,continuation_trial,14,true
sensitivity_142,continuation_trial,virgin_metal_tax_tax_0_01984375,virgin_metal_tax,0.01984375,LOCALLY_INFEASIBLE,INFEASIBLE_POINT,false,34.20191008,0.001061971540427309,1,0.0,0,material_composite_production_REU,eqpzs,IND_REU_NEW_ELMA,0.001061971540427309,EOL_FLOW_EOL_DE_ELMA_INC,0.0,,0.5,2.0,0.5,2.0,1.0,0.5,0.02,0.019531250000000003,0.01984375,continuation_trial,15,false
sensitivity_142,continuation_trial,virgin_metal_tax_tax_0_019687500000000004,virgin_metal_tax,0.019687500000000004,LOCALLY_INFEASIBLE,INFEASIBLE_POINT,false,17.932492287,0.0010289482334315814,1,0.0,0,material_composite_production_REU,eqpzs,IND_REU_NEW_ELMA,0.0010289482334315814,EOL_FLOW_EOL_DE_ELMA_INC,0.0,,0.5,2.0,0.5,2.0,1.0,0.5,0.02,0.019531250000000003,0.019687500000000004,continuation_trial,16,false
sensitivity_142,continuation_trial,virgin_metal_tax_tax_0_019609375000000002,virgin_metal_tax,0.019609375000000002,LOCALLY_INFEASIBLE,INFEASIBLE_POINT,false,30.384568121,0.0010230833921617277,1,0.0,0,material_composite_production_REU,eqpzs,IND_REU_NEW_ELMA,0.0010230833921617277,EOL_FLOW_EOL_DE_ELMA_INC,0.0,,0.5,2.0,0.5,2.0,1.0,0.5,0.02,0.019531250000000003,0.019609375000000002,continuation_trial,17,false
sensitivity_142,continuation_trial,virgin_metal_tax_tax_0_019570312500000003,virgin_metal_tax,0.019570312500000003,LOCALLY_INFEASIBLE,INFEASIBLE_POINT,false,20.031367906,0.0010059253997415363,1,0.0,0,material_composite_production_REU,eqpzs,IND_REU_NEW_ELMA,0.0010059253997415363,EOL_FLOW_EOL_DE_ELMA_INC,0.0,,0.5,2.0,0.5,2.0,1.0,0.5,0.02,0.019531250000000003,0.019570312500000003,continuation_trial,18,false
sensitivity_142,predictor_target,virgin_metal_tax_tax_0_02,virgin_metal_tax,0.02,INVALID_MODEL,FEASIBLE_POINT,false,1.927849424,0.17960490064201773,19,0.0,0,eu_wide_eol_allocation,eu_wide_eol_allocation,OFMA|EOL_SK_OFMA_REF,0.17960490064201773,EOL_FLOW_EOL_DE_ELMA_INC,0.0,,0.5,2.0,0.5,2.0,1.0,0.5,0.02,0.019531250000000003,0.02,predictor_target,19,false
sensitivity_142,baseline,baseline,,0.0,ALMOST_LOCALLY_SOLVED,NEARLY_FEASIBLE_POINT,true,64.784146582,5.082075180684598e-7,0,0.0,0,observed_physical_flow_links,quantity_link,physical_SK_OFMA_REP_route_input_mass,5.082075180684598e-7,EOL_FLOW_EOL_DE_ELMA_INC,0.0,,0.5,2.0,0.5,2.0,1.0,0.5,0.0,0.0,0.0,baseline,1,true
sensitivity_143,direct_target,virgin_metal_tax_tax_0_0025,virgin_metal_tax,0.0025,LOCALLY_INFEASIBLE,INFEASIBLE_POINT,true,17.930019672,0.00013533378130847762,0,0.0,0,material_composite_production_REU,eqpzs,IND_REU_NEW_ELMA,0.00013533378130847762,EOL_FLOW_EOL_DE_ELMA_INC,0.0,,1.0,2.0,0.5,2.0,1.0,0.5,0.0025,0.0,0.0025,direct_target,1,true
sensitivity_143,direct_target,virgin_metal_tax_tax_0_005,virgin_metal_tax,0.005,LOCALLY_INFEASIBLE,INFEASIBLE_POINT,true,9.261650625,0.0002668137405456017,0,0.0,0,material_composite_production_REU,eqpzs,IND_REU_NEW_ELMA,0.0002668137405456017,EOL_FLOW_EOL_DE_ELMA_INC,0.0,,1.0,2.0,0.5,2.0,1.0,0.5,0.005,0.0025,0.005,direct_target,1,true
sensitivity_143,direct_target,virgin_metal_tax_tax_0_01,virgin_metal_tax,0.01,LOCALLY_INFEASIBLE,INFEASIBLE_POINT,true,22.434124182,0.000538642949209911,0,0.0,0,material_composite_production_REU,eqpzs,IND_REU_NEW_ELMA,0.000538642949209911,EOL_FLOW_EOL_DE_ELMA_INC,0.0,,1.0,2.0,0.5,2.0,1.0,0.5,0.01,0.005,0.01,direct_target,1,true
sensitivity_143,direct_target,virgin_metal_tax_tax_0_02,virgin_metal_tax,0.02,LOCALLY_INFEASIBLE,INFEASIBLE_POINT,false,31.052020325,0.0010633642133888177,1,0.0,0,material_composite_production_REU,eqpzs,IND_REU_NEW_ELMA,0.0010633642133888177,EOL_FLOW_EOL_DE_ELMA_INC,0.0,,1.0,2.0,0.5,2.0,1.0,0.5,0.02,0.01,0.02,direct_target,1,false
sensitivity_143,continuation_trial,virgin_metal_tax_tax_0_015,virgin_metal_tax,0.015,LOCALLY_INFEASIBLE,INFEASIBLE_POINT,false,26.171524912,0.020468446721065958,1,0.0,0,observed_physical_flow_links,quantity_link,physical_SK_OFMA_REP_route_input_mass,0.020468446721065958,EOL_FLOW_EOL_DE_ELMA_INC,0.0,,1.0,2.0,0.5,2.0,1.0,0.5,0.02,0.01,0.015,continuation_trial,2,false
sensitivity_143,continuation_trial,virgin_metal_tax_tax_0_0125,virgin_metal_tax,0.0125,LOCALLY_INFEASIBLE,INFEASIBLE_POINT,true,19.873612731,0.0006666245040596319,0,0.0,0,material_composite_production_REU,eqpzs,IND_REU_NEW_ELMA,0.0006666245040596319,EOL_FLOW_EOL_DE_ELMA_INC,0.0,,1.0,2.0,0.5,2.0,1.0,0.5,0.02,0.01,0.0125,continuation_trial,3,true
sensitivity_143,continuation_trial,virgin_metal_tax_tax_0_0175,virgin_metal_tax,0.0175,LOCALLY_INFEASIBLE,INFEASIBLE_POINT,true,21.449950807,0.0009343235525635096,0,0.0,0,material_composite_production_REU,eqpzs,IND_REU_NEW_ELMA,0.0009343235525635096,EOL_FLOW_EOL_DE_ELMA_INC,0.0,,1.0,2.0,0.5,2.0,1.0,0.5,0.02,0.0125,0.0175,continuation_trial,4,true
sensitivity_143,continuation_trial,virgin_metal_tax_tax_0_02,virgin_metal_tax,0.02,LOCALLY_INFEASIBLE,INFEASIBLE_POINT,false,13.340946874,0.0010669509179356274,1,0.0,0,material_composite_production_REU,eqpzs,IND_REU_NEW_ELMA,0.0010669509179356274,EOL_FLOW_EOL_DE_ELMA_INC,0.0,,1.0,2.0,0.5,2.0,1.0,0.5,0.02,0.0175,0.02,continuation_trial,5,false
sensitivity_143,continuation_trial,virgin_metal_tax_tax_0_018750000000000003,virgin_metal_tax,0.018750000000000003,LOCALLY_INFEASIBLE,INFEASIBLE_POINT,false,18.775198448,0.018784871830160865,1,0.0,0,observed_physical_flow_links,quantity_link,physical_SK_OFMA_REP_route_input_mass,0.018784871830160865,EOL_FLOW_EOL_DE_ELMA_INC,0.0,,1.0,2.0,0.5,2.0,1.0,0.5,0.02,0.0175,0.018750000000000003,continuation_trial,6,false
sensitivity_143,continuation_trial,virgin_metal_tax_tax_0_018125000000000002,virgin_metal_tax,0.018125000000000002,LOCALLY_INFEASIBLE,INFEASIBLE_POINT,true,14.852679992,0.0009560620210724569,0,0.0,0,material_composite_production_REU,eqpzs,IND_REU_NEW_ELMA,0.0009560620210724569,EOL_FLOW_EOL_DE_ELMA_INC,0.0,,1.0,2.0,0.5,2.0,1.0,0.5,0.02,0.0175,0.018125000000000002,continuation_trial,7,true
sensitivity_143,continuation_trial,virgin_metal_tax_tax_0_019375000000000003,virgin_metal_tax,0.019375000000000003,LOCALLY_INFEASIBLE,INFEASIBLE_POINT,false,56.497036841,0.0010364564666829335,1,0.0,0,material_composite_production_REU,eqpzs,IND_REU_NEW_ELMA,0.0010364564666829335,EOL_FLOW_EOL_DE_ELMA_INC,0.0,,1.0,2.0,0.5,2.0,1.0,0.5,0.02,0.018125000000000002,0.019375000000000003,continuation_trial,8,false
sensitivity_143,continuation_trial,virgin_metal_tax_tax_0_018750000000000003,virgin_metal_tax,0.018750000000000003,LOCALLY_INFEASIBLE,INFEASIBLE_POINT,false,37.058322145,0.0010134096040085305,1,0.0,0,material_composite_production_REU,eqpzs,IND_REU_NEW_ELMA,0.0010134096040085305,EOL_FLOW_EOL_DE_ELMA_INC,0.0,,1.0,2.0,0.5,2.0,1.0,0.5,0.02,0.018125000000000002,0.018750000000000003,continuation_trial,9,false
sensitivity_143,continuation_trial,virgin_metal_tax_tax_0_018437500000000002,virgin_metal_tax,0.018437500000000002,LOCALLY_INFEASIBLE,INFEASIBLE_POINT,true,47.346884741,0.0009946380858588677,0,0.0,0,material_composite_production_REU,eqpzs,IND_REU_NEW_ELMA,0.0009946380858588677,EOL_FLOW_EOL_DE_ELMA_INC,0.0,,1.0,2.0,0.5,2.0,1.0,0.5,0.02,0.018125000000000002,0.018437500000000002,continuation_trial,10,true
sensitivity_143,continuation_trial,virgin_metal_tax_tax_0_019062500000000003,virgin_metal_tax,0.019062500000000003,LOCALLY_INFEASIBLE,INFEASIBLE_POINT,false,44.622273106,0.0010158188687234837,1,0.0,0,material_composite_production_REU,eqpzs,IND_REU_NEW_ELMA,0.0010158188687234837,EOL_FLOW_EOL_DE_ELMA_INC,0.0,,1.0,2.0,0.5,2.0,1.0,0.5,0.02,0.018437500000000002,0.019062500000000003,continuation_trial,11,false
sensitivity_143,continuation_trial,virgin_metal_tax_tax_0_018750000000000003,virgin_metal_tax,0.018750000000000003,LOCALLY_INFEASIBLE,INFEASIBLE_POINT,false,33.018578996,0.0010142463914671884,1,0.0,0,material_composite_production_REU,eqpzs,IND_REU_NEW_ELMA,0.0010142463914671884,EOL_FLOW_EOL_DE_ELMA_INC,0.0,,1.0,2.0,0.5,2.0,1.0,0.5,0.02,0.018437500000000002,0.018750000000000003,continuation_trial,12,false
sensitivity_143,continuation_trial,virgin_metal_tax_tax_0_018593750000000003,virgin_metal_tax,0.018593750000000003,LOCALLY_INFEASIBLE,INFEASIBLE_POINT,false,20.772603755,0.0010058086581804515,1,0.0,0,material_composite_production_REU,eqpzs,IND_REU_NEW_ELMA,0.0010058086581804515,EOL_FLOW_EOL_DE_ELMA_INC,0.0,,1.0,2.0,0.5,2.0,1.0,0.5,0.02,0.018437500000000002,0.018593750000000003,continuation_trial,13,false
sensitivity_143,continuation_trial,virgin_metal_tax_tax_0_018515625,virgin_metal_tax,0.018515625,LOCALLY_INFEASIBLE,INFEASIBLE_POINT,true,34.087137858,0.000984760945825447,0,0.0,0,material_composite_production_REU,eqpzs,IND_REU_NEW_ELMA,0.000984760945825447,EOL_FLOW_EOL_DE_ELMA_INC,0.0,,1.0,2.0,0.5,2.0,1.0,0.5,0.02,0.018437500000000002,0.018515625,continuation_trial,14,true
sensitivity_143,continuation_trial,virgin_metal_tax_tax_0_018671875,virgin_metal_tax,0.018671875,LOCALLY_INFEASIBLE,INFEASIBLE_POINT,true,23.619189246,0.0009887075844232651,0,0.0,0,material_composite_production_REU,eqpzs,IND_REU_NEW_ELMA,0.0009887075844232651,EOL_FLOW_EOL_DE_ELMA_INC,0.0,,1.0,2.0,0.5,2.0,1.0,0.5,0.02,0.018515625,0.018671875,continuation_trial,15,true
sensitivity_143,continuation_trial,virgin_metal_tax_tax_0_018984375,virgin_metal_tax,0.018984375,LOCALLY_INFEASIBLE,INFEASIBLE_POINT,false,25.275404008,0.0010125778134935093,1,0.0,0,material_composite_production_REU,eqpzs,IND_REU_NEW_ELMA,0.0010125778134935093,EOL_FLOW_EOL_DE_ELMA_INC,0.0,,1.0,2.0,0.5,2.0,1.0,0.5,0.02,0.018671875,0.018984375,continuation_trial,16,false
sensitivity_143,continuation_trial,virgin_metal_tax_tax_0_018828125,virgin_metal_tax,0.018828125,LOCALLY_INFEASIBLE,INFEASIBLE_POINT,false,16.18327624,0.0010036903348737969,1,0.0,0,material_composite_production_REU,eqpzs,IND_REU_NEW_ELMA,0.0010036903348737969,EOL_FLOW_EOL_DE_ELMA_INC,0.0,,1.0,2.0,0.5,2.0,1.0,0.5,0.02,0.018671875,0.018828125,continuation_trial,17,false
sensitivity_143,continuation_trial,virgin_metal_tax_tax_0_01875,virgin_metal_tax,0.01875,LOCALLY_INFEASIBLE,INFEASIBLE_POINT,true,18.15908052,0.0009901877712608087,0,0.0,0,material_composite_production_REU,eqpzs,IND_REU_NEW_ELMA,0.0009901877712608087,EOL_FLOW_EOL_DE_ELMA_INC,0.0,,1.0,2.0,0.5,2.0,1.0,0.5,0.02,0.018671875,0.01875,continuation_trial,18,true
sensitivity_143,continuation_trial,virgin_metal_tax_tax_0_01890625,virgin_metal_tax,0.01890625,LOCALLY_INFEASIBLE,INFEASIBLE_POINT,false,18.248575283,0.0010219946267654434,1,0.0,0,material_composite_production_REU,eqpzs,IND_REU_NEW_ELMA,0.0010219946267654434,EOL_FLOW_EOL_DE_ELMA_INC,0.0,,1.0,2.0,0.5,2.0,1.0,0.5,0.02,0.01875,0.01890625,continuation_trial,19,false
sensitivity_143,continuation_trial,virgin_metal_tax_tax_0_018828124999999998,virgin_metal_tax,0.018828124999999998,LOCALLY_INFEASIBLE,INFEASIBLE_POINT,false,43.559436698,0.003987662060818242,1,0.0,0,observed_physical_flow_links,quantity_link,physical_SK_OFMA_REP_route_input_mass,0.003987662060818242,EOL_FLOW_EOL_DE_ELMA_INC,0.0,,1.0,2.0,0.5,2.0,1.0,0.5,0.02,0.01875,0.018828124999999998,continuation_trial,20,false
sensitivity_143,continuation_trial,virgin_metal_tax_tax_0_0187890625,virgin_metal_tax,0.0187890625,LOCALLY_INFEASIBLE,INFEASIBLE_POINT,true,10.805738501,0.0009959729321017408,0,0.0,0,material_composite_production_REU,eqpzs,IND_REU_NEW_ELMA,0.0009959729321017408,EOL_FLOW_EOL_DE_ELMA_INC,0.0,,1.0,2.0,0.5,2.0,1.0,0.5,0.02,0.01875,0.0187890625,continuation_trial,21,true
sensitivity_143,continuation_trial,virgin_metal_tax_tax_0_018867187499999997,virgin_metal_tax,0.018867187499999997,LOCALLY_INFEASIBLE,INFEASIBLE_POINT,false,34.92083946,0.0010211211728069491,1,0.0,0,material_composite_production_REU,eqpzs,IND_REU_NEW_ELMA,0.0010211211728069491,EOL_FLOW_EOL_DE_ELMA_INC,0.0,,1.0,2.0,0.5,2.0,1.0,0.5,0.02,0.0187890625,0.018867187499999997,continuation_trial,22,false
sensitivity_143,continuation_trial,virgin_metal_tax_tax_0_018828124999999998,virgin_metal_tax,0.018828124999999998,LOCALLY_INFEASIBLE,INFEASIBLE_POINT,false,33.007277933,0.0010190068159789956,1,0.0,0,material_composite_production_REU,eqpzs,IND_REU_NEW_ELMA,0.0010190068159789956,EOL_FLOW_EOL_DE_ELMA_INC,0.0,,1.0,2.0,0.5,2.0,1.0,0.5,0.02,0.0187890625,0.018828124999999998,continuation_trial,23,false
sensitivity_143,predictor_target,virgin_metal_tax_tax_0_02,virgin_metal_tax,0.02,LOCALLY_INFEASIBLE,INFEASIBLE_POINT,false,59.473396417,0.001614452133792188,1,0.0,0,observed_physical_flow_links,quantity_link,physical_SK_OFMA_REP_route_input_mass,0.001614452133792188,EOL_FLOW_EOL_DE_ELMA_INC,0.0,,1.0,2.0,0.5,2.0,1.0,0.5,0.02,0.0187890625,0.02,predictor_target,24,false
sensitivity_143,baseline,baseline,,0.0,ALMOST_LOCALLY_SOLVED,NEARLY_FEASIBLE_POINT,true,56.540840163,5.082074874263043e-7,0,0.0,0,observed_physical_flow_links,quantity_link,physical_SK_OFMA_REP_route_input_mass,5.082074874263043e-7,EOL_FLOW_EOL_DE_ELMA_INC,0.0,,1.0,2.0,0.5,2.0,1.0,0.5,0.0,0.0,0.0,baseline,1,true
sensitivity_144,direct_target,virgin_metal_tax_tax_0_0025,virgin_metal_tax,0.0025,LOCALLY_INFEASIBLE,INFEASIBLE_POINT,false,69.390993062,0.002174741036651495,1,0.0,0,observed_physical_flow_links,quantity_link,physical_SK_OFMA_REP_route_input_mass,0.002174741036651495,EOL_FLOW_EOL_DE_ELMA_INC,0.0,,2.0,2.0,0.5,2.0,1.0,0.5,0.0025,0.0,0.0025,direct_target,1,false
sensitivity_144,continuation_trial,virgin_metal_tax_tax_0_00125,virgin_metal_tax,0.00125,ALMOST_LOCALLY_SOLVED,NEARLY_FEASIBLE_POINT,true,31.870909702,3.305581035473182e-5,0,6.579292849110352e-9,0,material_composite_production_REU,eqpzs,IND_REU_NEW_ELMA,3.305581035473182e-5,X_IND_SK_REF_OFMA_IND_SK_REP_OFMA,6.579292849110352e-9,,2.0,2.0,0.5,2.0,1.0,0.5,0.0025,0.0,0.00125,continuation_trial,2,true
sensitivity_144,continuation_trial,virgin_metal_tax_tax_0_0025,virgin_metal_tax,0.0025,ALMOST_LOCALLY_SOLVED,NEARLY_FEASIBLE_POINT,true,7.313041785,6.547077087482034e-5,0,9.990654191610938e-9,0,material_composite_production_REU,eqpzs,IND_REU_NEW_ELMA,6.547077087482034e-5,F_FAC_SK_LAB_IND_SK_REP_OFMA,9.990654191610938e-9,,2.0,2.0,0.5,2.0,1.0,0.5,0.0025,0.00125,0.0025,continuation_trial,3,true
sensitivity_144,direct_target,virgin_metal_tax_tax_0_005,virgin_metal_tax,0.005,LOCALLY_INFEASIBLE,INFEASIBLE_POINT,true,16.116406161,0.00030180199573071054,0,0.0,0,material_composite_production_SK,eqpzs,IND_SK_NEW_ELMA,0.00030180199573071054,EOL_FLOW_EOL_DE_ELMA_INC,0.0,,2.0,2.0,0.5,2.0,1.0,0.5,0.005,0.0025,0.005,direct_target,1,true
sensitivity_144,direct_target,virgin_metal_tax_tax_0_01,virgin_metal_tax,0.01,LOCALLY_INFEASIBLE,INFEASIBLE_POINT,true,33.065189863,0.000502597711591446,0,0.0,0,material_composite_production_SK,eqpzs,IND_SK_NEW_ELMA,0.000502597711591446,EOL_FLOW_EOL_DE_ELMA_INC,0.0,,2.0,2.0,0.5,2.0,1.0,0.5,0.01,0.005,0.01,direct_target,1,true
sensitivity_144,direct_target,virgin_metal_tax_tax_0_02,virgin_metal_tax,0.02,LOCALLY_INFEASIBLE,INFEASIBLE_POINT,false,101.331277464,0.0010519423813794004,1,0.0,0,material_composite_production_REU,eqpzs,IND_REU_NEW_ELMA,0.0010519423813794004,EOL_FLOW_EOL_DE_ELMA_INC,0.0,,2.0,2.0,0.5,2.0,1.0,0.5,0.02,0.01,0.02,direct_target,1,false
sensitivity_144,continuation_trial,virgin_metal_tax_tax_0_015,virgin_metal_tax,0.015,LOCALLY_INFEASIBLE,INFEASIBLE_POINT,true,32.50651169,0.0009408696828094865,0,0.0,0,material_composite_production_SK,eqpzs,IND_SK_NEW_ELMA,0.0009408696828094865,EOL_FLOW_EOL_DE_ELMA_INC,0.0,,2.0,2.0,0.5,2.0,1.0,0.5,0.02,0.01,0.015,continuation_trial,2,true
sensitivity_144,continuation_trial,virgin_metal_tax_tax_0_02,virgin_metal_tax,0.02,LOCALLY_INFEASIBLE,INFEASIBLE_POINT,false,117.057806337,0.004835879691249212,3,0.0,0,regional_circular_household_price_index,regional_household_price_index,SK,0.004835879691249212,EOL_FLOW_EOL_DE_ELMA_INC,0.0,,2.0,2.0,0.5,2.0,1.0,0.5,0.02,0.015,0.02,continuation_trial,3,false
sensitivity_144,continuation_trial,virgin_metal_tax_tax_0_0175,virgin_metal_tax,0.0175,LOCALLY_INFEASIBLE,INFEASIBLE_POINT,true,46.655654721,0.00088429267347645,0,0.0,0,material_composite_production_REU,eqpzs,IND_REU_NEW_ELMA,0.00088429267347645,EOL_FLOW_EOL_DE_ELMA_INC,0.0,,2.0,2.0,0.5,2.0,1.0,0.5,0.02,0.015,0.0175,continuation_trial,4,true
sensitivity_144,continuation_trial,virgin_metal_tax_tax_0_02,virgin_metal_tax,0.02,LOCALLY_INFEASIBLE,INFEASIBLE_POINT,false,20.232065003,0.0012558796534131167,1,0.0,0,material_composite_production_SK,eqpzs,IND_SK_NEW_ELMA,0.0012558796534131167,EOL_FLOW_EOL_DE_ELMA_INC,0.0,,2.0,2.0,0.5,2.0,1.0,0.5,0.02,0.0175,0.02,continuation_trial,5,false
sensitivity_144,continuation_trial,virgin_metal_tax_tax_0_018750000000000003,virgin_metal_tax,0.018750000000000003,LOCALLY_INFEASIBLE,INFEASIBLE_POINT,false,37.35866579,0.001013363828680891,1,0.0,0,material_composite_production_SK,eqpzs,IND_SK_NEW_ELMA,0.001013363828680891,EOL_FLOW_EOL_DE_ELMA_INC,0.0,,2.0,2.0,0.5,2.0,1.0,0.5,0.02,0.0175,0.018750000000000003,continuation_trial,6,false
sensitivity_144,continuation_trial,virgin_metal_tax_tax_0_018125000000000002,virgin_metal_tax,0.018125000000000002,LOCALLY_INFEASIBLE,INFEASIBLE_POINT,false,31.613959627,0.0011381211737059305,1,0.0,0,material_composite_production_SK,eqpzs,IND_SK_NEW_ELMA,0.0011381211737059305,EOL_FLOW_EOL_DE_ELMA_INC,0.0,,2.0,2.0,0.5,2.0,1.0,0.5,0.02,0.0175,0.018125000000000002,continuation_trial,7,false
sensitivity_144,continuation_trial,virgin_metal_tax_tax_0_017812500000000002,virgin_metal_tax,0.017812500000000002,LOCALLY_INFEASIBLE,INFEASIBLE_POINT,false,38.08343337,0.0010028909928079255,1,0.0,0,material_composite_production_SK,eqpzs,IND_SK_NEW_ELMA,0.0010028909928079255,EOL_FLOW_EOL_DE_ELMA_INC,0.0,,2.0,2.0,0.5,2.0,1.0,0.5,0.02,0.0175,0.017812500000000002,continuation_trial,8,false
sensitivity_144,continuation_trial,virgin_metal_tax_tax_0_017656250000000002,virgin_metal_tax,0.017656250000000002,LOCALLY_INFEASIBLE,INFEASIBLE_POINT,false,32.291206044,0.0011065878868684598,1,0.0,0,material_composite_production_SK,eqpzs,IND_SK_NEW_ELMA,0.0011065878868684598,EOL_FLOW_EOL_DE_ELMA_INC,0.0,,2.0,2.0,0.5,2.0,1.0,0.5,0.02,0.0175,0.017656250000000002,continuation_trial,9,false
sensitivity_144,continuation_trial,virgin_metal_tax_tax_0_017578125,virgin_metal_tax,0.017578125,LOCALLY_INFEASIBLE,INFEASIBLE_POINT,true,21.964756809,0.0008224411712672852,0,0.0,0,material_composite_production_SK,eqpzs,IND_SK_NEW_ELMA,0.0008224411712672852,EOL_FLOW_EOL_DE_ELMA_INC,0.0,,2.0,2.0,0.5,2.0,1.0,0.5,0.02,0.0175,0.017578125,continuation_trial,10,true
sensitivity_144,continuation_trial,virgin_metal_tax_tax_0_017734375,virgin_metal_tax,0.017734375,LOCALLY_INFEASIBLE,INFEASIBLE_POINT,false,59.226875571,0.001108801395476089,1,0.0,0,material_composite_production_SK,eqpzs,IND_SK_NEW_ELMA,0.001108801395476089,EOL_FLOW_EOL_DE_ELMA_INC,0.0,,2.0,2.0,0.5,2.0,1.0,0.5,0.02,0.017578125,0.017734375,continuation_trial,11,false
sensitivity_144,continuation_trial,virgin_metal_tax_tax_0_01765625,virgin_metal_tax,0.01765625,LOCALLY_INFEASIBLE,INFEASIBLE_POINT,true,21.760706525,0.0008577507409129881,0,0.0,0,material_composite_production_SK,eqpzs,IND_SK_NEW_ELMA,0.0008577507409129881,EOL_FLOW_EOL_DE_ELMA_INC,0.0,,2.0,2.0,0.5,2.0,1.0,0.5,0.02,0.017578125,0.01765625,continuation_trial,12,true
sensitivity_144,continuation_trial,virgin_metal_tax_tax_0_0178125,virgin_metal_tax,0.0178125,LOCALLY_INFEASIBLE,INFEASIBLE_POINT,false,38.329785348,0.0010808886435722531,1,0.0,0,material_composite_production_SK,eqpzs,IND_SK_NEW_ELMA,0.0010808886435722531,EOL_FLOW_EOL_DE_ELMA_INC,0.0,,2.0,2.0,0.5,2.0,1.0,0.5,0.02,0.01765625,0.0178125,continuation_trial,13,false
sensitivity_144,continuation_trial,virgin_metal_tax_tax_0_017734374999999997,virgin_metal_tax,0.017734374999999997,LOCALLY_INFEASIBLE,INFEASIBLE_POINT,true,31.532059962,0.0009566476682639768,0,0.0,0,material_composite_production_REU,eqpzs,IND_REU_NEW_ELMA,0.0009566476682639768,EOL_FLOW_EOL_DE_ELMA_INC,0.0,,2.0,2.0,0.5,2.0,1.0,0.5,0.02,0.01765625,0.017734374999999997,continuation_trial,14,true
sensitivity_144,continuation_trial,virgin_metal_tax_tax_0_017890624999999997,virgin_metal_tax,0.017890624999999997,LOCALLY_INFEASIBLE,INFEASIBLE_POINT,false,54.293514979,0.001104064497438606,1,0.0,0,material_composite_production_SK,eqpzs,IND_SK_NEW_ELMA,0.001104064497438606,EOL_FLOW_EOL_DE_ELMA_INC,0.0,,2.0,2.0,0.5,2.0,1.0,0.5,0.02,0.017734374999999997,0.017890624999999997,continuation_trial,15,false
sensitivity_144,continuation_trial,virgin_metal_tax_tax_0_017812499999999995,virgin_metal_tax,0.017812499999999995,LOCALLY_INFEASIBLE,INFEASIBLE_POINT,false,34.866848661,0.0011069211932183132,1,0.0,0,material_composite_production_SK,eqpzs,IND_SK_NEW_ELMA,0.0011069211932183132,EOL_FLOW_EOL_DE_ELMA_INC,0.0,,2.0,2.0,0.5,2.0,1.0,0.5,0.02,0.017734374999999997,0.017812499999999995,continuation_trial,16,false
sensitivity_144,continuation_trial,virgin_metal_tax_tax_0_017773437499999996,virgin_metal_tax,0.017773437499999996,LOCALLY_INFEASIBLE,INFEASIBLE_POINT,false,38.044726297,0.0011086596296685514,1,0.0,0,material_composite_production_SK,eqpzs,IND_SK_NEW_ELMA,0.0011086596296685514,EOL_FLOW_EOL_DE_ELMA_INC,0.0,,2.0,2.0,0.5,2.0,1.0,0.5,0.02,0.017734374999999997,0.017773437499999996,continuation_trial,17,false
sensitivity_144,predictor_target,virgin_metal_tax_tax_0_02,virgin_metal_tax,0.02,INVALID_MODEL,FEASIBLE_POINT,false,3.69218005,4.1738125608305056e6,59,0.0,0,eu_wide_eol_allocation,eu_wide_eol_allocation,OFMA|EOL_SK_OFMA_REP,4.1738125608305056e6,EOL_FLOW_EOL_DE_ELMA_INC,0.0,,2.0,2.0,0.5,2.0,1.0,0.5,0.02,0.017734374999999997,0.02,predictor_target,18,false
sensitivity_144,baseline,baseline,,0.0,ALMOST_LOCALLY_SOLVED,NEARLY_FEASIBLE_POINT,true,61.493505448,5.082074607809517e-7,0,0.0,0,observed_physical_flow_links,quantity_link,physical_SK_OFMA_REP_route_input_mass,5.082074607809517e-7,EOL_FLOW_EOL_DE_ELMA_INC,0.0,,2.0,2.0,0.5,2.0,1.0,0.5,0.0,0.0,0.0,baseline,1,true
sensitivity_152,direct_target,virgin_metal_tax_tax_0_0025,virgin_metal_tax,0.0025,LOCALLY_INFEASIBLE,INFEASIBLE_POINT,true,30.365124018,0.00013360911305271284,0,0.0,0,material_composite_production_REU,eqpzs,IND_REU_NEW_ELMA,0.00013360911305271284,EOL_FLOW_EOL_DE_ELMA_INC,0.0,,1.0,2.0,1.0,2.0,1.0,0.5,0.0025,0.0,0.0025,direct_target,1,true
sensitivity_152,direct_target,virgin_metal_tax_tax_0_005,virgin_metal_tax,0.005,LOCALLY_INFEASIBLE,INFEASIBLE_POINT,true,7.307142466,0.00026912693604985716,0,0.0,0,material_composite_production_REU,eqpzs,IND_REU_NEW_ELMA,0.00026912693604985716,EOL_FLOW_EOL_DE_ELMA_INC,0.0,,1.0,2.0,1.0,2.0,1.0,0.5,0.005,0.0025,0.005,direct_target,1,true
sensitivity_152,direct_target,virgin_metal_tax_tax_0_01,virgin_metal_tax,0.01,OTHER_ERROR,NEARLY_FEASIBLE_POINT,false,47.401745908,0.010846546947551827,1,8.69958947991277e-9,0,eu_wide_eol_allocation,eu_wide_eol_allocation,OFMA|EOL_SK_OFMA_REU,0.010846546947551827,F_FAC_FR_LAB_IND_FR_NEW_OFMA,8.69958947991277e-9,,1.0,2.0,1.0,2.0,1.0,0.5,0.01,0.005,0.01,direct_target,1,false
sensitivity_152,continuation_trial,virgin_metal_tax_tax_0_0075,virgin_metal_tax,0.0075,LOCALLY_INFEASIBLE,INFEASIBLE_POINT,true,8.471735231,0.0003991662781780425,0,0.0,0,material_composite_production_REU,eqpzs,IND_REU_NEW_ELMA,0.0003991662781780425,EOL_FLOW_EOL_DE_ELMA_INC,0.0,,1.0,2.0,1.0,2.0,1.0,0.5,0.01,0.005,0.0075,continuation_trial,2,true
sensitivity_152,continuation_trial,virgin_metal_tax_tax_0_01,virgin_metal_tax,0.01,LOCALLY_INFEASIBLE,INFEASIBLE_POINT,true,21.993907846,0.0005232002109264444,0,0.0,0,material_composite_production_REU,eqpzs,IND_REU_NEW_ELMA,0.0005232002109264444,EOL_FLOW_EOL_DE_ELMA_INC,0.0,,1.0,2.0,1.0,2.0,1.0,0.5,0.01,0.0075,0.01,continuation_trial,3,true
sensitivity_152,direct_target,virgin_metal_tax_tax_0_02,virgin_metal_tax,0.02,LOCALLY_INFEASIBLE,INFEASIBLE_POINT,false,33.089609621,0.017986890005784573,1,0.0,0,observed_physical_flow_links,quantity_link,physical_SK_OFMA_REP_route_input_mass,0.017986890005784573,EOL_FLOW_EOL_DE_ELMA_INC,0.0,,1.0,2.0,1.0,2.0,1.0,0.5,0.02,0.01,0.02,direct_target,1,false
sensitivity_152,continuation_trial,virgin_metal_tax_tax_0_015,virgin_metal_tax,0.015,LOCALLY_INFEASIBLE,INFEASIBLE_POINT,true,13.445036354,0.0007750075642491971,0,0.0,0,material_composite_production_REU,eqpzs,IND_REU_NEW_ELMA,0.0007750075642491971,EOL_FLOW_EOL_DE_ELMA_INC,0.0,,1.0,2.0,1.0,2.0,1.0,0.5,0.02,0.01,0.015,continuation_trial,2,true
sensitivity_152,continuation_trial,virgin_metal_tax_tax_0_02,virgin_metal_tax,0.02,LOCALLY_INFEASIBLE,INFEASIBLE_POINT,false,25.137516986,0.0010514465106300497,1,0.0,0,material_composite_production_REU,eqpzs,IND_REU_NEW_ELMA,0.0010514465106300497,EOL_FLOW_EOL_DE_ELMA_INC,0.0,,1.0,2.0,1.0,2.0,1.0,0.5,0.02,0.015,0.02,continuation_trial,3,false
sensitivity_152,continuation_trial,virgin_metal_tax_tax_0_0175,virgin_metal_tax,0.0175,LOCALLY_INFEASIBLE,INFEASIBLE_POINT,true,20.462076436,0.0009040535599064148,0,0.0,0,material_composite_production_REU,eqpzs,IND_REU_NEW_ELMA,0.0009040535599064148,EOL_FLOW_EOL_DE_ELMA_INC,0.0,,1.0,2.0,1.0,2.0,1.0,0.5,0.02,0.015,0.0175,continuation_trial,4,true
sensitivity_152,continuation_trial,virgin_metal_tax_tax_0_02,virgin_metal_tax,0.02,LOCALLY_INFEASIBLE,INFEASIBLE_POINT,false,44.831153002,0.001047462456228998,1,0.0,0,material_composite_production_REU,eqpzs,IND_REU_NEW_ELMA,0.001047462456228998,EOL_FLOW_EOL_DE_ELMA_INC,0.0,,1.0,2.0,1.0,2.0,1.0,0.5,0.02,0.0175,0.02,continuation_trial,5,false
sensitivity_152,continuation_trial,virgin_metal_tax_tax_0_018750000000000003,virgin_metal_tax,0.018750000000000003,LOCALLY_INFEASIBLE,INFEASIBLE_POINT,true,20.63618645,0.0009715390407163405,0,0.0,0,material_composite_production_REU,eqpzs,IND_REU_NEW_ELMA,0.0009715390407163405,EOL_FLOW_EOL_DE_ELMA_INC,0.0,,1.0,2.0,1.0,2.0,1.0,0.5,0.02,0.0175,0.018750000000000003,continuation_trial,6,true
sensitivity_152,continuation_trial,virgin_metal_tax_tax_0_02,virgin_metal_tax,0.02,LOCALLY_INFEASIBLE,INFEASIBLE_POINT,false,21.919522961,0.001067913614662297,1,0.0,0,material_composite_production_REU,eqpzs,IND_REU_NEW_ELMA,0.001067913614662297,EOL_FLOW_EOL_DE_ELMA_INC,0.0,,1.0,2.0,1.0,2.0,1.0,0.5,0.02,0.018750000000000003,0.02,continuation_trial,7,false
sensitivity_152,continuation_trial,virgin_metal_tax_tax_0_019375000000000003,virgin_metal_tax,0.019375000000000003,LOCALLY_INFEASIBLE,INFEASIBLE_POINT,true,15.482125792,0.0008869357417766732,0,0.0,0,material_composite_production_SK,eqpzs,IND_SK_NEW_ELMA,0.0008869357417766732,EOL_FLOW_EOL_DE_ELMA_INC,0.0,,1.0,2.0,1.0,2.0,1.0,0.5,0.02,0.018750000000000003,0.019375000000000003,continuation_trial,8,true
sensitivity_152,continuation_trial,virgin_metal_tax_tax_0_02,virgin_metal_tax,0.02,LOCALLY_INFEASIBLE,INFEASIBLE_POINT,false,21.085970878,0.001030035092074999,1,0.0,0,material_composite_production_REU,eqpzs,IND_REU_NEW_ELMA,0.001030035092074999,EOL_FLOW_EOL_DE_ELMA_INC,0.0,,1.0,2.0,1.0,2.0,1.0,0.5,0.02,0.019375000000000003,0.02,continuation_trial,9,false
sensitivity_152,continuation_trial,virgin_metal_tax_tax_0_019687500000000004,virgin_metal_tax,0.019687500000000004,LOCALLY_INFEASIBLE,INFEASIBLE_POINT,false,32.307980991,0.0010008173061889503,1,0.0,0,material_composite_production_REU,eqpzs,IND_REU_NEW_ELMA,0.0010008173061889503,EOL_FLOW_EOL_DE_ELMA_INC,0.0,,1.0,2.0,1.0,2.0,1.0,0.5,0.02,0.019375000000000003,0.019687500000000004,continuation_trial,10,false
sensitivity_152,continuation_trial,virgin_metal_tax_tax_0_019531250000000003,virgin_metal_tax,0.019531250000000003,LOCALLY_INFEASIBLE,INFEASIBLE_POINT,false,18.565441701,0.0010181960662229983,1,0.0,0,material_composite_production_REU,eqpzs,IND_REU_NEW_ELMA,0.0010181960662229983,EOL_FLOW_EOL_DE_ELMA_INC,0.0,,1.0,2.0,1.0,2.0,1.0,0.5,0.02,0.019375000000000003,0.019531250000000003,continuation_trial,11,false
sensitivity_152,continuation_trial,virgin_metal_tax_tax_0_019453125,virgin_metal_tax,0.019453125,LOCALLY_INFEASIBLE,INFEASIBLE_POINT,false,13.279711813,0.001008152333159873,1,0.0,0,material_composite_production_REU,eqpzs,IND_REU_NEW_ELMA,0.001008152333159873,EOL_FLOW_EOL_DE_ELMA_INC,0.0,,1.0,2.0,1.0,2.0,1.0,0.5,0.02,0.019375000000000003,0.019453125,continuation_trial,12,false
sensitivity_152,continuation_trial,virgin_metal_tax_tax_0_019414062500000002,virgin_metal_tax,0.019414062500000002,LOCALLY_INFEASIBLE,INFEASIBLE_POINT,false,19.576257127,0.0010025252102048299,1,0.0,0,material_composite_production_REU,eqpzs,IND_REU_NEW_ELMA,0.0010025252102048299,EOL_FLOW_EOL_DE_ELMA_INC,0.0,,1.0,2.0,1.0,2.0,1.0,0.5,0.02,0.019375000000000003,0.019414062500000002,continuation_trial,13,false
sensitivity_152,predictor_target,virgin_metal_tax_tax_0_02,virgin_metal_tax,0.02,INVALID_MODEL,FEASIBLE_POINT,false,2.123634149,0.03430984208627565,6,0.0,0,regional_government_demand,regional_output_tax,IND_SK_EXTRACTIVE|SK,0.03430984208627565,EOL_FLOW_EOL_DE_ELMA_INC,0.0,,1.0,2.0,1.0,2.0,1.0,0.5,0.02,0.019375000000000003,0.02,predictor_target,14,false
sensitivity_152,baseline,baseline,,0.0,ALMOST_LOCALLY_SOLVED,NEARLY_FEASIBLE_POINT,true,48.521562509,5.041716902853821e-7,0,0.0,0,observed_physical_flow_links,quantity_link,physical_SK_OFMA_REP_route_input_mass,5.041716902853821e-7,EOL_FLOW_EOL_DE_ELMA_INC,0.0,,1.0,2.0,1.0,2.0,1.0,0.5,0.0,0.0,0.0,baseline,1,true
sensitivity_153,direct_target,virgin_metal_tax_tax_0_0025,virgin_metal_tax,0.0025,LOCALLY_INFEASIBLE,INFEASIBLE_POINT,true,22.517321458,0.00013448901942492153,0,0.0,0,material_composite_production_REU,eqpzs,IND_REU_NEW_ELMA,0.00013448901942492153,EOL_FLOW_EOL_DE_ELMA_INC,0.0,,2.0,2.0,1.0,2.0,1.0,0.5,0.0025,0.0,0.0025,direct_target,1,true
sensitivity_153,direct_target,virgin_metal_tax_tax_0_005,virgin_metal_tax,0.005,LOCALLY_INFEASIBLE,INFEASIBLE_POINT,true,26.586801381,0.0002633273510674883,0,0.0,0,material_composite_production_REU,eqpzs,IND_REU_NEW_ELMA,0.0002633273510674883,EOL_FLOW_EOL_DE_ELMA_INC,0.0,,2.0,2.0,1.0,2.0,1.0,0.5,0.005,0.0025,0.005,direct_target,1,true
sensitivity_153,direct_target,virgin_metal_tax_tax_0_01,virgin_metal_tax,0.01,LOCALLY_INFEASIBLE,INFEASIBLE_POINT,true,27.090746077,0.0006272664920363713,0,0.0,0,material_composite_production_SK,eqpzs,IND_SK_NEW_ELMA,0.0006272664920363713,EOL_FLOW_EOL_DE_ELMA_INC,0.0,,2.0,2.0,1.0,2.0,1.0,0.5,0.01,0.005,0.01,direct_target,1,true
sensitivity_153,direct_target,virgin_metal_tax_tax_0_02,virgin_metal_tax,0.02,LOCALLY_INFEASIBLE,INFEASIBLE_POINT,false,53.851474931,0.017222858787722117,4,0.0,0,observed_physical_flow_links,quantity_link,physical_SK_OFMA_REP_route_input_mass,0.017222858787722117,EOL_FLOW_EOL_DE_ELMA_INC,0.0,,2.0,2.0,1.0,2.0,1.0,0.5,0.02,0.01,0.02,direct_target,1,false
sensitivity_153,continuation_trial,virgin_metal_tax_tax_0_015,virgin_metal_tax,0.015,LOCALLY_INFEASIBLE,INFEASIBLE_POINT,false,49.622449376,1.0652063204618543,49,0.0,0,observed_physical_flow_links,quantity_link,physical_SK_OFMA_REP_route_input_mass,1.0652063204618543,EOL_FLOW_EOL_DE_ELMA_INC,0.0,,2.0,2.0,1.0,2.0,1.0,0.5,0.02,0.01,0.015,continuation_trial,2,false
sensitivity_153,continuation_trial,virgin_metal_tax_tax_0_0125,virgin_metal_tax,0.0125,LOCALLY_INFEASIBLE,INFEASIBLE_POINT,true,24.804900842,0.0007799644230641611,0,0.0,0,material_composite_production_SK,eqpzs,IND_SK_NEW_ELMA,0.0007799644230641611,EOL_FLOW_EOL_DE_ELMA_INC,0.0,,2.0,2.0,1.0,2.0,1.0,0.5,0.02,0.01,0.0125,continuation_trial,3,true
sensitivity_153,continuation_trial,virgin_metal_tax_tax_0_0175,virgin_metal_tax,0.0175,LOCALLY_INFEASIBLE,INFEASIBLE_POINT,true,10.909846565,0.0008052409238379354,0,0.0,0,material_composite_production_SK,eqpzs,IND_SK_NEW_ELMA,0.0008052409238379354,EOL_FLOW_EOL_DE_ELMA_INC,0.0,,2.0,2.0,1.0,2.0,1.0,0.5,0.02,0.0125,0.0175,continuation_trial,4,true
sensitivity_153,continuation_trial,virgin_metal_tax_tax_0_02,virgin_metal_tax,0.02,LOCALLY_INFEASIBLE,INFEASIBLE_POINT,false,37.336636637,0.001266812308159171,2,0.0,0,material_composite_production_SK,eqpzs,IND_SK_NEW_ELMA,0.001266812308159171,EOL_FLOW_EOL_DE_ELMA_INC,0.0,,2.0,2.0,1.0,2.0,1.0,0.5,0.02,0.0175,0.02,continuation_trial,5,false
sensitivity_153,continuation_trial,virgin_metal_tax_tax_0_018750000000000003,virgin_metal_tax,0.018750000000000003,LOCALLY_INFEASIBLE,INFEASIBLE_POINT,false,27.239825815,0.0011658688730147304,1,0.0,0,material_composite_production_SK,eqpzs,IND_SK_NEW_ELMA,0.0011658688730147304,EOL_FLOW_EOL_DE_ELMA_INC,0.0,,2.0,2.0,1.0,2.0,1.0,0.5,0.02,0.0175,0.018750000000000003,continuation_trial,6,false
sensitivity_153,continuation_trial,virgin_metal_tax_tax_0_018125000000000002,virgin_metal_tax,0.018125000000000002,LOCALLY_INFEASIBLE,INFEASIBLE_POINT,false,40.180128797,0.0011339433360896267,1,0.0,0,material_composite_production_SK,eqpzs,IND_SK_NEW_ELMA,0.0011339433360896267,EOL_FLOW_EOL_DE_ELMA_INC,0.0,,2.0,2.0,1.0,2.0,1.0,0.5,0.02,0.0175,0.018125000000000002,continuation_trial,7,false
sensitivity_153,continuation_trial,virgin_metal_tax_tax_0_017812500000000002,virgin_metal_tax,0.017812500000000002,LOCALLY_INFEASIBLE,INFEASIBLE_POINT,false,20.736848759,0.0011073946303994386,1,0.0,0,material_composite_production_SK,eqpzs,IND_SK_NEW_ELMA,0.0011073946303994386,EOL_FLOW_EOL_DE_ELMA_INC,0.0,,2.0,2.0,1.0,2.0,1.0,0.5,0.02,0.0175,0.017812500000000002,continuation_trial,8,false
sensitivity_153,continuation_trial,virgin_metal_tax_tax_0_017656250000000002,virgin_metal_tax,0.017656250000000002,LOCALLY_INFEASIBLE,INFEASIBLE_POINT,false,22.44784956,0.0010491658995965825,1,0.0,0,material_composite_production_SK,eqpzs,IND_SK_NEW_ELMA,0.0010491658995965825,EOL_FLOW_EOL_DE_ELMA_INC,0.0,,2.0,2.0,1.0,2.0,1.0,0.5,0.02,0.0175,0.017656250000000002,continuation_trial,9,false
sensitivity_153,continuation_trial,virgin_metal_tax_tax_0_017578125,virgin_metal_tax,0.017578125,LOCALLY_INFEASIBLE,INFEASIBLE_POINT,false,29.32060461,0.0010856544414588054,1,0.0,0,material_composite_production_SK,eqpzs,IND_SK_NEW_ELMA,0.0010856544414588054,EOL_FLOW_EOL_DE_ELMA_INC,0.0,,2.0,2.0,1.0,2.0,1.0,0.5,0.02,0.0175,0.017578125,continuation_trial,10,false
sensitivity_153,continuation_trial,virgin_metal_tax_tax_0_0175390625,virgin_metal_tax,0.0175390625,LOCALLY_INFEASIBLE,INFEASIBLE_POINT,false,22.458140739,0.07751415499873948,1,0.0,0,observed_physical_flow_links,quantity_link,physical_SK_OFMA_REP_route_input_mass,0.07751415499873948,EOL_FLOW_EOL_DE_ELMA_INC,0.0,,2.0,2.0,1.0,2.0,1.0,0.5,0.02,0.0175,0.0175390625,continuation_trial,11,false
sensitivity_153,predictor_target,virgin_metal_tax_tax_0_02,virgin_metal_tax,0.02,INVALID_MODEL,FEASIBLE_POINT,false,2.03747976,0.055557301723448534,8,0.0,0,regional_government_demand,regional_output_tax,IND_SK_EXTRACTIVE|SK,0.055557301723448534,EOL_FLOW_EOL_DE_ELMA_INC,0.0,,2.0,2.0,1.0,2.0,1.0,0.5,0.02,0.0175,0.02,predictor_target,12,false
sensitivity_153,baseline,baseline,,0.0,ALMOST_LOCALLY_SOLVED,NEARLY_FEASIBLE_POINT,true,65.135352047,5.041716637510518e-7,0,0.0,0,observed_physical_flow_links,quantity_link,physical_SK_OFMA_REP_route_input_mass,5.041716637510518e-7,EOL_FLOW_EOL_DE_ELMA_INC,0.0,,2.0,2.0,1.0,2.0,1.0,0.5,0.0,0.0,0.0,baseline,1,true
sensitivity_159,direct_target,virgin_metal_tax_tax_0_0025,virgin_metal_tax,0.0025,LOCALLY_INFEASIBLE,INFEASIBLE_POINT,true,15.011923803,7.068965222112311e-5,0,0.0,0,material_composite_production_REU,eqpzs,IND_REU_NEW_ELMA,7.068965222112311e-5,EOL_FLOW_EOL_DE_ELMA_INC,0.0,,2.0,1.0,2.0,2.0,1.0,0.5,0.0025,0.0,0.0025,direct_target,1,true
sensitivity_159,direct_target,virgin_metal_tax_tax_0_005,virgin_metal_tax,0.005,LOCALLY_INFEASIBLE,INFEASIBLE_POINT,true,13.058046018,0.00026817069163420637,0,0.0,0,material_composite_production_REU,eqpzs,IND_REU_NEW_ELMA,0.00026817069163420637,EOL_FLOW_EOL_DE_ELMA_INC,0.0,,2.0,1.0,2.0,2.0,1.0,0.5,0.005,0.0025,0.005,direct_target,1,true
sensitivity_159,direct_target,virgin_metal_tax_tax_0_01,virgin_metal_tax,0.01,LOCALLY_INFEASIBLE,INFEASIBLE_POINT,true,14.787349588,0.0005369006171768165,0,9.443117900247066e-9,0,material_composite_production_REU,eqpzs,IND_REU_NEW_ELMA,0.0005369006171768165,F_FAC_SK_LAB_IND_SK_REP_OFMA,9.443117900247066e-9,,2.0,1.0,2.0,2.0,1.0,0.5,0.01,0.005,0.01,direct_target,1,true
sensitivity_159,direct_target,virgin_metal_tax_tax_0_02,virgin_metal_tax,0.02,LOCALLY_INFEASIBLE,INFEASIBLE_POINT,false,13.627362489,0.0010575069106388835,1,0.0,0,material_composite_production_REU,eqpzs,IND_REU_NEW_ELMA,0.0010575069106388835,EOL_FLOW_EOL_DE_ELMA_INC,0.0,,2.0,1.0,2.0,2.0,1.0,0.5,0.02,0.01,0.02,direct_target,1,false
sensitivity_159,continuation_trial,virgin_metal_tax_tax_0_015,virgin_metal_tax,0.015,LOCALLY_INFEASIBLE,INFEASIBLE_POINT,true,60.990025191,0.000791691956544103,0,0.0,0,common_eu_trade,eu_cet_quantity,NEW_ELMA|SK,0.000791691956544103,EOL_FLOW_EOL_DE_ELMA_INC,0.0,,2.0,1.0,2.0,2.0,1.0,0.5,0.02,0.01,0.015,continuation_trial,2,true
sensitivity_159,continuation_trial,virgin_metal_tax_tax_0_02,virgin_metal_tax,0.02,LOCALLY_INFEASIBLE,INFEASIBLE_POINT,false,22.273854446,0.0011391040613496163,1,8.79202631816587e-9,0,common_eu_trade,eu_cet_quantity,NEW_ELMA|SK,0.0011391040613496163,Y_IND_FR_NEW_OFMA,8.79202631816587e-9,,2.0,1.0,2.0,2.0,1.0,0.5,0.02,0.015,0.02,continuation_trial,3,false
sensitivity_159,continuation_trial,virgin_metal_tax_tax_0_0175,virgin_metal_tax,0.0175,LOCALLY_INFEASIBLE,INFEASIBLE_POINT,true,14.49005062,0.0008361718008936267,0,0.0,0,common_eu_trade,eu_cet_quantity,NEW_ELMA|SK,0.0008361718008936267,EOL_FLOW_EOL_DE_ELMA_INC,0.0,,2.0,1.0,2.0,2.0,1.0,0.5,0.02,0.015,0.0175,continuation_trial,4,true
sensitivity_159,continuation_trial,virgin_metal_tax_tax_0_02,virgin_metal_tax,0.02,LOCALLY_INFEASIBLE,INFEASIBLE_POINT,false,28.670125139,0.007627566183588952,2,0.0,0,observed_physical_flow_links,quantity_link,physical_SK_OFMA_REP_route_input_mass,0.007627566183588952,EOL_FLOW_EOL_DE_ELMA_INC,0.0,,2.0,1.0,2.0,2.0,1.0,0.5,0.02,0.0175,0.02,continuation_trial,5,false
sensitivity_159,continuation_trial,virgin_metal_tax_tax_0_018750000000000003,virgin_metal_tax,0.018750000000000003,LOCALLY_INFEASIBLE,INFEASIBLE_POINT,false,13.268057796,0.0010015348758698247,1,0.0,0,common_eu_trade,eu_cet_quantity,NEW_ELMA|SK,0.0010015348758698247,EOL_FLOW_EOL_DE_ELMA_INC,0.0,,2.0,1.0,2.0,2.0,1.0,0.5,0.02,0.0175,0.018750000000000003,continuation_trial,6,false
sensitivity_159,continuation_trial,virgin_metal_tax_tax_0_018125000000000002,virgin_metal_tax,0.018125000000000002,LOCALLY_INFEASIBLE,INFEASIBLE_POINT,true,16.168859831,0.00099462481917119,0,0.0,0,common_eu_trade,eu_cet_quantity,NEW_ELMA|SK,0.00099462481917119,EOL_FLOW_EOL_DE_ELMA_INC,0.0,,2.0,1.0,2.0,2.0,1.0,0.5,0.02,0.0175,0.018125000000000002,continuation_trial,7,true
sensitivity_159,continuation_trial,virgin_metal_tax_tax_0_019375000000000003,virgin_metal_tax,0.019375000000000003,LOCALLY_INFEASIBLE,INFEASIBLE_POINT,false,29.858940964,0.0010789590348381228,1,0.0,0,observed_physical_flow_links,quantity_link,physical_SK_OFMA_REP_route_input_mass,0.0010789590348381228,EOL_FLOW_EOL_DE_ELMA_INC,0.0,,2.0,1.0,2.0,2.0,1.0,0.5,0.02,0.018125000000000002,0.019375000000000003,continuation_trial,8,false
sensitivity_159,continuation_trial,virgin_metal_tax_tax_0_018750000000000003,virgin_metal_tax,0.018750000000000003,LOCALLY_INFEASIBLE,INFEASIBLE_POINT,true,37.712167031,0.0009715781144171249,0,0.0,0,common_eu_trade,eu_cet_quantity,NEW_ELMA|SK,0.0009715781144171249,EOL_FLOW_EOL_DE_ELMA_INC,0.0,,2.0,1.0,2.0,2.0,1.0,0.5,0.02,0.018125000000000002,0.018750000000000003,continuation_trial,9,true
sensitivity_159,continuation_trial,virgin_metal_tax_tax_0_02,virgin_metal_tax,0.02,LOCALLY_INFEASIBLE,INFEASIBLE_POINT,false,43.652473264,0.0010342407481949369,1,0.0,0,common_eu_trade,eu_cet_quantity,NEW_ELMA|SK,0.0010342407481949369,EOL_FLOW_EOL_DE_ELMA_INC,0.0,,2.0,1.0,2.0,2.0,1.0,0.5,0.02,0.018750000000000003,0.02,continuation_trial,10,false
sensitivity_159,continuation_trial,virgin_metal_tax_tax_0_019375000000000003,virgin_metal_tax,0.019375000000000003,LOCALLY_INFEASIBLE,INFEASIBLE_POINT,false,78.298822603,0.0010755071527330795,1,7.94768410205968e-9,0,material_composite_production_DE,eqpzs,IND_DE_NEW_ELMA,0.0010755071527330795,Y_IND_FR_NEW_OFMA,7.94768410205968e-9,,2.0,1.0,2.0,2.0,1.0,0.5,0.02,0.018750000000000003,0.019375000000000003,continuation_trial,11,false
sensitivity_159,continuation_trial,virgin_metal_tax_tax_0_019062500000000003,virgin_metal_tax,0.019062500000000003,LOCALLY_INFEASIBLE,INFEASIBLE_POINT,false,22.404145668,0.0054445980759709744,1,0.0,0,observed_physical_flow_links,quantity_link,physical_SK_OFMA_REP_route_input_mass,0.0054445980759709744,EOL_FLOW_EOL_DE_ELMA_INC,0.0,,2.0,1.0,2.0,2.0,1.0,0.5,0.02,0.018750000000000003,0.019062500000000003,continuation_trial,12,false
sensitivity_159,continuation_trial,virgin_metal_tax_tax_0_018906250000000003,virgin_metal_tax,0.018906250000000003,LOCALLY_INFEASIBLE,INFEASIBLE_POINT,true,38.190164457,0.000981449953675854,0,0.0,0,common_eu_trade,eu_cet_quantity,NEW_ELMA|SK,0.000981449953675854,EOL_FLOW_EOL_DE_ELMA_INC,0.0,,2.0,1.0,2.0,2.0,1.0,0.5,0.02,0.018750000000000003,0.018906250000000003,continuation_trial,13,true
sensitivity_159,continuation_trial,virgin_metal_tax_tax_0_019218750000000003,virgin_metal_tax,0.019218750000000003,LOCALLY_INFEASIBLE,INFEASIBLE_POINT,true,12.625214316,0.0009924326642683958,0,0.0,0,common_eu_trade,eu_cet_quantity,NEW_ELMA|SK,0.0009924326642683958,EOL_FLOW_EOL_DE_ELMA_INC,0.0,,2.0,1.0,2.0,2.0,1.0,0.5,0.02,0.018906250000000003,0.019218750000000003,continuation_trial,14,true
sensitivity_159,continuation_trial,virgin_metal_tax_tax_0_01984375,virgin_metal_tax,0.01984375,LOCALLY_INFEASIBLE,INFEASIBLE_POINT,false,12.404004569,0.001020171784042362,1,0.0,0,common_eu_trade,eu_cet_quantity,NEW_ELMA|SK,0.001020171784042362,EOL_FLOW_EOL_DE_ELMA_INC,0.0,,2.0,1.0,2.0,2.0,1.0,0.5,0.02,0.019218750000000003,0.01984375,continuation_trial,15,false
sensitivity_159,continuation_trial,virgin_metal_tax_tax_0_019531250000000003,virgin_metal_tax,0.019531250000000003,LOCALLY_INFEASIBLE,INFEASIBLE_POINT,true,22.789246802,0.0009960748787136253,0,0.0,0,common_eu_trade,eu_cet_quantity,NEW_ELMA|SK,0.0009960748787136253,EOL_FLOW_EOL_DE_ELMA_INC,0.0,,2.0,1.0,2.0,2.0,1.0,0.5,0.02,0.019218750000000003,0.019531250000000003,continuation_trial,16,true
sensitivity_159,continuation_trial,virgin_metal_tax_tax_0_02,virgin_metal_tax,0.02,LOCALLY_INFEASIBLE,INFEASIBLE_POINT,false,26.951579024,0.0010379373842650526,1,0.0,0,common_eu_trade,eu_cet_quantity,NEW_ELMA|SK,0.0010379373842650526,EOL_FLOW_EOL_DE_ELMA_INC,0.0,,2.0,1.0,2.0,2.0,1.0,0.5,0.02,0.019531250000000003,0.02,continuation_trial,17,false
sensitivity_159,continuation_trial,virgin_metal_tax_tax_0_019765625000000002,virgin_metal_tax,0.019765625000000002,LOCALLY_INFEASIBLE,INFEASIBLE_POINT,false,12.389315751,0.0010056485815797015,1,0.0,0,common_eu_trade,eu_cet_quantity,NEW_ELMA|SK,0.0010056485815797015,EOL_FLOW_EOL_DE_ELMA_INC,0.0,,2.0,1.0,2.0,2.0,1.0,0.5,0.02,0.019531250000000003,0.019765625000000002,continuation_trial,18,false
sensitivity_159,continuation_trial,virgin_metal_tax_tax_0_019648437500000004,virgin_metal_tax,0.019648437500000004,LOCALLY_INFEASIBLE,INFEASIBLE_POINT,false,24.099019208,0.001018132021033248,1,0.0,0,common_eu_trade,eu_cet_quantity,NEW_ELMA|SK,0.001018132021033248,EOL_FLOW_EOL_DE_ELMA_INC,0.0,,2.0,1.0,2.0,2.0,1.0,0.5,0.02,0.019531250000000003,0.019648437500000004,continuation_trial,19,false
sensitivity_159,continuation_trial,virgin_metal_tax_tax_0_019589843750000002,virgin_metal_tax,0.019589843750000002,LOCALLY_INFEASIBLE,INFEASIBLE_POINT,false,13.844808658,0.0010153007829107668,1,0.0,0,common_eu_trade,eu_cet_quantity,NEW_ELMA|SK,0.0010153007829107668,EOL_FLOW_EOL_DE_ELMA_INC,0.0,,2.0,1.0,2.0,2.0,1.0,0.5,0.02,0.019531250000000003,0.019589843750000002,continuation_trial,20,false
sensitivity_159,continuation_trial,virgin_metal_tax_tax_0_019560546875000005,virgin_metal_tax,0.019560546875000005,LOCALLY_INFEASIBLE,INFEASIBLE_POINT,false,9.366432307,0.0010105955802466675,1,0.0,0,common_eu_trade,eu_cet_quantity,NEW_ELMA|SK,0.0010105955802466675,EOL_FLOW_EOL_DE_ELMA_INC,0.0,,2.0,1.0,2.0,2.0,1.0,0.5,0.02,0.019531250000000003,0.019560546875000005,continuation_trial,21,false
sensitivity_159,predictor_target,virgin_metal_tax_tax_0_02,virgin_metal_tax,0.02,LOCALLY_INFEASIBLE,INFEASIBLE_POINT,true,12.781471091,0.0009910339037985181,0,0.0,0,common_eu_trade,eu_cet_quantity,NEW_ELMA|SK,0.0009910339037985181,EOL_FLOW_EOL_DE_ELMA_INC,0.0,,2.0,1.0,2.0,2.0,1.0,0.5,0.02,0.019531250000000003,0.02,predictor_target,22,true
sensitivity_159,baseline,baseline,,0.0,ALMOST_LOCALLY_SOLVED,NEARLY_FEASIBLE_POINT,true,62.951417497,5.062314720749583e-7,0,0.0,0,observed_physical_flow_links,quantity_link,physical_SK_OFMA_REP_route_input_mass,5.062314720749583e-7,EOL_FLOW_EOL_DE_ELMA_INC,0.0,,2.0,1.0,2.0,2.0,1.0,0.5,0.0,0.0,0.0,baseline,1,true
sensitivity_162,direct_target,virgin_metal_tax_tax_0_0025,virgin_metal_tax,0.0025,LOCALLY_INFEASIBLE,INFEASIBLE_POINT,true,21.478892823,0.00013428386831537686,0,0.0,0,material_composite_production_REU,eqpzs,IND_REU_NEW_ELMA,0.00013428386831537686,EOL_FLOW_EOL_DE_ELMA_INC,0.0,,2.0,2.0,2.0,2.0,1.0,0.5,0.0025,0.0,0.0025,direct_target,1,true
sensitivity_162,direct_target,virgin_metal_tax_tax_0_005,virgin_metal_tax,0.005,LOCALLY_INFEASIBLE,INFEASIBLE_POINT,true,15.163489396,0.0002699989488325061,0,0.0,0,material_composite_production_REU,eqpzs,IND_REU_NEW_ELMA,0.0002699989488325061,EOL_FLOW_EOL_DE_ELMA_INC,0.0,,2.0,2.0,2.0,2.0,1.0,0.5,0.005,0.0025,0.005,direct_target,1,true
sensitivity_162,direct_target,virgin_metal_tax_tax_0_01,virgin_metal_tax,0.01,LOCALLY_INFEASIBLE,INFEASIBLE_POINT,true,14.649467454,0.0005388355255024901,0,0.0,0,material_composite_production_REU,eqpzs,IND_REU_NEW_ELMA,0.0005388355255024901,EOL_FLOW_EOL_DE_ELMA_INC,0.0,,2.0,2.0,2.0,2.0,1.0,0.5,0.01,0.005,0.01,direct_target,1,true
sensitivity_162,direct_target,virgin_metal_tax_tax_0_02,virgin_metal_tax,0.02,LOCALLY_INFEASIBLE,INFEASIBLE_POINT,false,62.024895658,0.0017931730535133417,2,0.0,0,observed_physical_flow_links,quantity_link,physical_SK_OFMA_REP_route_input_mass,0.0017931730535133417,EOL_FLOW_EOL_DE_ELMA_INC,0.0,,2.0,2.0,2.0,2.0,1.0,0.5,0.02,0.01,0.02,direct_target,1,false
sensitivity_162,continuation_trial,virgin_metal_tax_tax_0_015,virgin_metal_tax,0.015,LOCALLY_INFEASIBLE,INFEASIBLE_POINT,true,12.182405282,0.0007553790044170228,0,0.0,0,material_composite_production_REU,eqpzs,IND_REU_NEW_ELMA,0.0007553790044170228,EOL_FLOW_EOL_DE_ELMA_INC,0.0,,2.0,2.0,2.0,2.0,1.0,0.5,0.02,0.01,0.015,continuation_trial,2,true
sensitivity_162,continuation_trial,virgin_metal_tax_tax_0_02,virgin_metal_tax,0.02,LOCALLY_INFEASIBLE,INFEASIBLE_POINT,false,26.244912821,0.0012533238217826703,1,0.0,0,material_composite_production_SK,eqpzs,IND_SK_NEW_ELMA,0.0012533238217826703,EOL_FLOW_EOL_DE_ELMA_INC,0.0,,2.0,2.0,2.0,2.0,1.0,0.5,0.02,0.015,0.02,continuation_trial,3,false
sensitivity_162,continuation_trial,virgin_metal_tax_tax_0_0175,virgin_metal_tax,0.0175,LOCALLY_INFEASIBLE,INFEASIBLE_POINT,false,49.451935698,0.0044418514069906045,1,0.0,0,observed_physical_flow_links,quantity_link,physical_SK_OFMA_REP_route_input_mass,0.0044418514069906045,EOL_FLOW_EOL_DE_ELMA_INC,0.0,,2.0,2.0,2.0,2.0,1.0,0.5,0.02,0.015,0.0175,continuation_trial,4,false
sensitivity_162,continuation_trial,virgin_metal_tax_tax_0_01625,virgin_metal_tax,0.01625,LOCALLY_INFEASIBLE,INFEASIBLE_POINT,true,29.116634331,0.0009229143967612874,0,0.0,0,material_composite_production_SK,eqpzs,IND_SK_NEW_ELMA,0.0009229143967612874,EOL_FLOW_EOL_DE_ELMA_INC,0.0,,2.0,2.0,2.0,2.0,1.0,0.5,0.02,0.015,0.01625,continuation_trial,5,true
sensitivity_162,continuation_trial,virgin_metal_tax_tax_0_018750000000000003,virgin_metal_tax,0.018750000000000003,LOCALLY_INFEASIBLE,INFEASIBLE_POINT,false,30.33441396,0.001180218726619553,1,0.0,0,material_composite_production_SK,eqpzs,IND_SK_NEW_ELMA,0.001180218726619553,EOL_FLOW_EOL_DE_ELMA_INC,0.0,,2.0,2.0,2.0,2.0,1.0,0.5,0.02,0.01625,0.018750000000000003,continuation_trial,6,false
sensitivity_162,continuation_trial,virgin_metal_tax_tax_0_0175,virgin_metal_tax,0.0175,LOCALLY_INFEASIBLE,INFEASIBLE_POINT,false,18.123089892,0.0010846093339753615,1,0.0,0,material_composite_production_SK,eqpzs,IND_SK_NEW_ELMA,0.0010846093339753615,EOL_FLOW_EOL_DE_ELMA_INC,0.0,,2.0,2.0,2.0,2.0,1.0,0.5,0.02,0.01625,0.0175,continuation_trial,7,false
sensitivity_162,continuation_trial,virgin_metal_tax_tax_0_016875,virgin_metal_tax,0.016875,LOCALLY_INFEASIBLE,INFEASIBLE_POINT,false,25.513427429,0.001022862268289737,1,0.0,0,material_composite_production_SK,eqpzs,IND_SK_NEW_ELMA,0.001022862268289737,EOL_FLOW_EOL_DE_ELMA_INC,0.0,,2.0,2.0,2.0,2.0,1.0,0.5,0.02,0.01625,0.016875,continuation_trial,8,false
sensitivity_162,continuation_trial,virgin_metal_tax_tax_0_0165625,virgin_metal_tax,0.0165625,LOCALLY_INFEASIBLE,INFEASIBLE_POINT,false,26.23169149,0.0010396683553767216,1,0.0,0,material_composite_production_SK,eqpzs,IND_SK_NEW_ELMA,0.0010396683553767216,EOL_FLOW_EOL_DE_ELMA_INC,0.0,,2.0,2.0,2.0,2.0,1.0,0.5,0.02,0.01625,0.0165625,continuation_trial,9,false
sensitivity_162,continuation_trial,virgin_metal_tax_tax_0_01640625,virgin_metal_tax,0.01640625,LOCALLY_INFEASIBLE,INFEASIBLE_POINT,false,17.563222619,0.012747392794063672,1,0.0,0,observed_physical_flow_links,quantity_link,physical_SK_OFMA_REP_route_input_mass,0.012747392794063672,EOL_FLOW_EOL_DE_ELMA_INC,0.0,,2.0,2.0,2.0,2.0,1.0,0.5,0.02,0.01625,0.01640625,continuation_trial,10,false
sensitivity_162,continuation_trial,virgin_metal_tax_tax_0_016328125,virgin_metal_tax,0.016328125,LOCALLY_INFEASIBLE,INFEASIBLE_POINT,false,5.801388397,0.0010252553806306963,1,0.0,0,material_composite_production_SK,eqpzs,IND_SK_NEW_ELMA,0.0010252553806306963,EOL_FLOW_EOL_DE_ELMA_INC,0.0,,2.0,2.0,2.0,2.0,1.0,0.5,0.02,0.01625,0.016328125,continuation_trial,11,false
sensitivity_162,continuation_trial,virgin_metal_tax_tax_0_0162890625,virgin_metal_tax,0.0162890625,LOCALLY_INFEASIBLE,INFEASIBLE_POINT,false,14.710601973,0.0010240806869757924,1,0.0,0,material_composite_production_SK,eqpzs,IND_SK_NEW_ELMA,0.0010240806869757924,EOL_FLOW_EOL_DE_ELMA_INC,0.0,,2.0,2.0,2.0,2.0,1.0,0.5,0.02,0.01625,0.0162890625,continuation_trial,12,false
sensitivity_162,predictor_target,virgin_metal_tax_tax_0_02,virgin_metal_tax,0.02,INVALID_MODEL,FEASIBLE_POINT,false,1.507860571,1.2678562935118711,43,0.0,0,regional_government_demand,regional_output_tax,IND_SK_EXTRACTIVE|SK,1.2678562935118711,EOL_FLOW_EOL_DE_ELMA_INC,0.0,,2.0,2.0,2.0,2.0,1.0,0.5,0.02,0.01625,0.02,predictor_target,13,false
sensitivity_162,baseline,baseline,,0.0,ALMOST_LOCALLY_SOLVED,NEARLY_FEASIBLE_POINT,true,59.85914277,5.062314599735274e-7,0,0.0,0,observed_physical_flow_links,quantity_link,physical_SK_OFMA_REP_route_input_mass,5.062314599735274e-7,EOL_FLOW_EOL_DE_ELMA_INC,0.0,,2.0,2.0,2.0,2.0,1.0,0.5,0.0,0.0,0.0,baseline,1,true
sensitivity_170,direct_target,virgin_metal_tax_tax_0_0025,virgin_metal_tax,0.0025,LOCALLY_INFEASIBLE,INFEASIBLE_POINT,true,11.090190959,0.00013248819765043773,0,0.0,0,material_composite_production_REU,eqpzs,IND_REU_NEW_ELMA,0.00013248819765043773,EOL_FLOW_EOL_DE_ELMA_INC,0.0,,1.0,2.0,0.5,0.5,2.0,0.5,0.0025,0.0,0.0025,direct_target,1,true
sensitivity_170,direct_target,virgin_metal_tax_tax_0_005,virgin_metal_tax,0.005,LOCALLY_INFEASIBLE,INFEASIBLE_POINT,true,12.445277512,0.0002697613722286718,0,0.0,0,material_composite_production_REU,eqpzs,IND_REU_NEW_ELMA,0.0002697613722286718,EOL_FLOW_EOL_DE_ELMA_INC,0.0,,1.0,2.0,0.5,0.5,2.0,0.5,0.005,0.0025,0.005,direct_target,1,true
sensitivity_170,direct_target,virgin_metal_tax_tax_0_01,virgin_metal_tax,0.01,LOCALLY_INFEASIBLE,INFEASIBLE_POINT,true,17.0367208,0.0004890238398577162,0,0.0,0,material_composite_production_REU,eqpzs,IND_REU_NEW_ELMA,0.0004890238398577162,EOL_FLOW_EOL_DE_ELMA_INC,0.0,,1.0,2.0,0.5,0.5,2.0,0.5,0.01,0.005,0.01,direct_target,1,true
sensitivity_170,direct_target,virgin_metal_tax_tax_0_02,virgin_metal_tax,0.02,LOCALLY_INFEASIBLE,INFEASIBLE_POINT,false,20.782200631,0.0010254107944847046,1,0.0,0,material_composite_production_REU,eqpzs,IND_REU_NEW_ELMA,0.0010254107944847046,EOL_FLOW_EOL_DE_ELMA_INC,0.0,,1.0,2.0,0.5,0.5,2.0,0.5,0.02,0.01,0.02,direct_target,1,false
sensitivity_170,continuation_trial,virgin_metal_tax_tax_0_015,virgin_metal_tax,0.015,LOCALLY_INFEASIBLE,INFEASIBLE_POINT,true,15.322836013,0.0007852680912519006,0,0.0,0,material_composite_production_REU,eqpzs,IND_REU_NEW_ELMA,0.0007852680912519006,EOL_FLOW_EOL_DE_ELMA_INC,0.0,,1.0,2.0,0.5,0.5,2.0,0.5,0.02,0.01,0.015,continuation_trial,2,true
sensitivity_170,continuation_trial,virgin_metal_tax_tax_0_02,virgin_metal_tax,0.02,LOCALLY_INFEASIBLE,INFEASIBLE_POINT,false,14.424795875,0.001067489535814925,1,0.0,0,material_composite_production_REU,eqpzs,IND_REU_NEW_ELMA,0.001067489535814925,EOL_FLOW_EOL_DE_ELMA_INC,0.0,,1.0,2.0,0.5,0.5,2.0,0.5,0.02,0.015,0.02,continuation_trial,3,false
sensitivity_170,continuation_trial,virgin_metal_tax_tax_0_0175,virgin_metal_tax,0.0175,LOCALLY_INFEASIBLE,INFEASIBLE_POINT,true,22.245524549,0.0009363873314905957,0,0.0,0,material_composite_production_REU,eqpzs,IND_REU_NEW_ELMA,0.0009363873314905957,EOL_FLOW_EOL_DE_ELMA_INC,0.0,,1.0,2.0,0.5,0.5,2.0,0.5,0.02,0.015,0.0175,continuation_trial,4,true
sensitivity_170,continuation_trial,virgin_metal_tax_tax_0_02,virgin_metal_tax,0.02,LOCALLY_INFEASIBLE,INFEASIBLE_POINT,false,11.624114253,0.001052968438945756,1,0.0,0,material_composite_production_REU,eqpzs,IND_REU_NEW_ELMA,0.001052968438945756,EOL_FLOW_EOL_DE_ELMA_INC,0.0,,1.0,2.0,0.5,0.5,2.0,0.5,0.02,0.0175,0.02,continuation_trial,5,false
sensitivity_170,continuation_trial,virgin_metal_tax_tax_0_018750000000000003,virgin_metal_tax,0.018750000000000003,LOCALLY_INFEASIBLE,INFEASIBLE_POINT,true,12.620888212,0.0009536249904577021,0,0.0,0,material_composite_production_REU,eqpzs,IND_REU_NEW_ELMA,0.0009536249904577021,EOL_FLOW_EOL_DE_ELMA_INC,0.0,,1.0,2.0,0.5,0.5,2.0,0.5,0.02,0.0175,0.018750000000000003,continuation_trial,6,true
sensitivity_170,continuation_trial,virgin_metal_tax_tax_0_02,virgin_metal_tax,0.02,LOCALLY_INFEASIBLE,INFEASIBLE_POINT,false,18.015733416,0.0010784853655584348,1,0.0,0,material_composite_production_REU,eqpzs,IND_REU_NEW_ELMA,0.0010784853655584348,EOL_FLOW_EOL_DE_ELMA_INC,0.0,,1.0,2.0,0.5,0.5,2.0,0.5,0.02,0.018750000000000003,0.02,continuation_trial,7,false
sensitivity_170,continuation_trial,virgin_metal_tax_tax_0_019375000000000003,virgin_metal_tax,0.019375000000000003,LOCALLY_INFEASIBLE,INFEASIBLE_POINT,true,10.679549342,0.0008336401234945168,0,0.0,0,material_composite_production_REU,eqpzs,IND_REU_NEW_ELMA,0.0008336401234945168,EOL_FLOW_EOL_DE_ELMA_INC,0.0,,1.0,2.0,0.5,0.5,2.0,0.5,0.02,0.018750000000000003,0.019375000000000003,continuation_trial,8,true
sensitivity_170,continuation_trial,virgin_metal_tax_tax_0_02,virgin_metal_tax,0.02,LOCALLY_INFEASIBLE,INFEASIBLE_POINT,false,26.502947275,0.0010769075813837903,1,0.0,0,material_composite_production_REU,eqpzs,IND_REU_NEW_ELMA,0.0010769075813837903,EOL_FLOW_EOL_DE_ELMA_INC,0.0,,1.0,2.0,0.5,0.5,2.0,0.5,0.02,0.019375000000000003,0.02,continuation_trial,9,false
sensitivity_170,continuation_trial,virgin_metal_tax_tax_0_019687500000000004,virgin_metal_tax,0.019687500000000004,LOCALLY_INFEASIBLE,INFEASIBLE_POINT,true,9.823239079,0.0008599132821891509,0,0.0,0,material_composite_production_REU,eqpzs,IND_REU_NEW_ELMA,0.0008599132821891509,EOL_FLOW_EOL_DE_ELMA_INC,0.0,,1.0,2.0,0.5,0.5,2.0,0.5,0.02,0.019375000000000003,0.019687500000000004,continuation_trial,10,true
sensitivity_170,continuation_trial,virgin_metal_tax_tax_0_02,virgin_metal_tax,0.02,LOCALLY_INFEASIBLE,INFEASIBLE_POINT,false,21.671214805,0.0010723453069197975,1,0.0,0,material_composite_production_REU,eqpzs,IND_REU_NEW_ELMA,0.0010723453069197975,EOL_FLOW_EOL_DE_ELMA_INC,0.0,,1.0,2.0,0.5,0.5,2.0,0.5,0.02,0.019687500000000004,0.02,continuation_trial,11,false
sensitivity_170,continuation_trial,virgin_metal_tax_tax_0_01984375,virgin_metal_tax,0.01984375,LOCALLY_INFEASIBLE,INFEASIBLE_POINT,false,19.816346437,0.0010624801809501205,1,0.0,0,material_composite_production_REU,eqpzs,IND_REU_NEW_ELMA,0.0010624801809501205,EOL_FLOW_EOL_DE_ELMA_INC,0.0,,1.0,2.0,0.5,0.5,2.0,0.5,0.02,0.019687500000000004,0.01984375,continuation_trial,12,false
sensitivity_170,continuation_trial,virgin_metal_tax_tax_0_019765625000000002,virgin_metal_tax,0.019765625000000002,LOCALLY_INFEASIBLE,INFEASIBLE_POINT,false,20.365718325,0.001050720903022384,1,0.0,0,material_composite_production_REU,eqpzs,IND_REU_NEW_ELMA,0.001050720903022384,EOL_FLOW_EOL_DE_ELMA_INC,0.0,,1.0,2.0,0.5,0.5,2.0,0.5,0.02,0.019687500000000004,0.019765625000000002,continuation_trial,13,false
sensitivity_170,continuation_trial,virgin_metal_tax_tax_0_019726562500000003,virgin_metal_tax,0.019726562500000003,LOCALLY_INFEASIBLE,INFEASIBLE_POINT,false,12.079176124,0.0010363544842313388,1,0.0,0,material_composite_production_REU,eqpzs,IND_REU_NEW_ELMA,0.0010363544842313388,EOL_FLOW_EOL_DE_ELMA_INC,0.0,,1.0,2.0,0.5,0.5,2.0,0.5,0.02,0.019687500000000004,0.019726562500000003,continuation_trial,14,false
sensitivity_170,predictor_target,virgin_metal_tax_tax_0_02,virgin_metal_tax,0.02,LOCALLY_INFEASIBLE,INFEASIBLE_POINT,true,8.022065504,0.0009851183516369488,0,0.0,0,material_composite_production_REU,eqpzs,IND_REU_NEW_ELMA,0.0009851183516369488,EOL_FLOW_EOL_DE_ELMA_INC,0.0,,1.0,2.0,0.5,0.5,2.0,0.5,0.02,0.019687500000000004,0.02,predictor_target,15,true
sensitivity_170,baseline,baseline,,0.0,ALMOST_LOCALLY_SOLVED,NEARLY_FEASIBLE_POINT,true,3.880539166,5.054579695906725e-7,0,0.0,0,observed_physical_flow_links,quantity_link,physical_SK_OFMA_REP_route_input_mass,5.054579695906725e-7,EOL_FLOW_EOL_DE_ELMA_INC,0.0,,1.0,2.0,0.5,0.5,2.0,0.5,0.0,0.0,0.0,baseline,1,true
sensitivity_189,direct_target,virgin_metal_tax_tax_0_0025,virgin_metal_tax,0.0025,LOCALLY_INFEASIBLE,INFEASIBLE_POINT,true,12.126052858,0.0001345007740697346,0,0.0,0,material_composite_production_REU,eqpzs,IND_REU_NEW_ELMA,0.0001345007740697346,EOL_FLOW_EOL_DE_ELMA_INC,0.0,,2.0,2.0,2.0,0.5,2.0,0.5,0.0025,0.0,0.0025,direct_target,1,true
sensitivity_189,direct_target,virgin_metal_tax_tax_0_005,virgin_metal_tax,0.005,LOCALLY_INFEASIBLE,INFEASIBLE_POINT,true,12.548491426,0.00026863233718221746,0,0.0,0,material_composite_production_SK,eqpzs,IND_SK_NEW_ELMA,0.00026863233718221746,EOL_FLOW_EOL_DE_ELMA_INC,0.0,,2.0,2.0,2.0,0.5,2.0,0.5,0.005,0.0025,0.005,direct_target,1,true
sensitivity_189,direct_target,virgin_metal_tax_tax_0_01,virgin_metal_tax,0.01,LOCALLY_INFEASIBLE,INFEASIBLE_POINT,true,15.615791668,0.0005425582268338003,0,0.0,0,material_composite_production_SK,eqpzs,IND_SK_NEW_ELMA,0.0005425582268338003,EOL_FLOW_EOL_DE_ELMA_INC,0.0,,2.0,2.0,2.0,0.5,2.0,0.5,0.01,0.005,0.01,direct_target,1,true
sensitivity_189,direct_target,virgin_metal_tax_tax_0_02,virgin_metal_tax,0.02,LOCALLY_INFEASIBLE,INFEASIBLE_POINT,false,15.701772293,0.001037289376290329,1,0.0,0,material_composite_production_SK,eqpzs,IND_SK_NEW_ELMA,0.001037289376290329,EOL_FLOW_EOL_DE_ELMA_INC,0.0,,2.0,2.0,2.0,0.5,2.0,0.5,0.02,0.01,0.02,direct_target,1,false
sensitivity_189,continuation_trial,virgin_metal_tax_tax_0_015,virgin_metal_tax,0.015,LOCALLY_INFEASIBLE,INFEASIBLE_POINT,true,13.08789983,0.0007550139219261176,0,0.0,0,material_composite_production_REU,eqpzs,IND_REU_NEW_ELMA,0.0007550139219261176,EOL_FLOW_EOL_DE_ELMA_INC,0.0,,2.0,2.0,2.0,0.5,2.0,0.5,0.02,0.01,0.015,continuation_trial,2,true
sensitivity_189,continuation_trial,virgin_metal_tax_tax_0_02,virgin_metal_tax,0.02,LOCALLY_INFEASIBLE,INFEASIBLE_POINT,false,18.514596498,0.001057052704135919,1,0.0,0,material_composite_production_REU,eqpzs,IND_REU_NEW_ELMA,0.001057052704135919,EOL_FLOW_EOL_DE_ELMA_INC,0.0,,2.0,2.0,2.0,0.5,2.0,0.5,0.02,0.015,0.02,continuation_trial,3,false
sensitivity_189,continuation_trial,virgin_metal_tax_tax_0_0175,virgin_metal_tax,0.0175,LOCALLY_INFEASIBLE,INFEASIBLE_POINT,true,9.103513341,0.0007930789640848701,0,0.0,0,material_composite_production_REU,eqpzs,IND_REU_NEW_ELMA,0.0007930789640848701,EOL_FLOW_EOL_DE_ELMA_INC,0.0,,2.0,2.0,2.0,0.5,2.0,0.5,0.02,0.015,0.0175,continuation_trial,4,true
sensitivity_189,continuation_trial,virgin_metal_tax_tax_0_02,virgin_metal_tax,0.02,LOCALLY_INFEASIBLE,INFEASIBLE_POINT,false,14.670923632,0.0010781674035167388,1,0.0,0,material_composite_production_REU,eqpzs,IND_REU_NEW_ELMA,0.0010781674035167388,EOL_FLOW_EOL_DE_ELMA_INC,0.0,,2.0,2.0,2.0,0.5,2.0,0.5,0.02,0.0175,0.02,continuation_trial,5,false
sensitivity_189,continuation_trial,virgin_metal_tax_tax_0_018750000000000003,virgin_metal_tax,0.018750000000000003,LOCALLY_INFEASIBLE,INFEASIBLE_POINT,true,11.162031047,0.0009656316416631894,0,0.0,0,material_composite_production_REU,eqpzs,IND_REU_NEW_ELMA,0.0009656316416631894,EOL_FLOW_EOL_DE_ELMA_INC,0.0,,2.0,2.0,2.0,0.5,2.0,0.5,0.02,0.0175,0.018750000000000003,continuation_trial,6,true
sensitivity_189,continuation_trial,virgin_metal_tax_tax_0_02,virgin_metal_tax,0.02,LOCALLY_INFEASIBLE,INFEASIBLE_POINT,false,12.217500183,0.0010373688649816248,1,0.0,0,material_composite_production_REU,eqpzs,IND_REU_NEW_ELMA,0.0010373688649816248,EOL_FLOW_EOL_DE_ELMA_INC,0.0,,2.0,2.0,2.0,0.5,2.0,0.5,0.02,0.018750000000000003,0.02,continuation_trial,7,false
sensitivity_189,continuation_trial,virgin_metal_tax_tax_0_019375000000000003,virgin_metal_tax,0.019375000000000003,LOCALLY_INFEASIBLE,INFEASIBLE_POINT,true,9.977872332,0.0009118216994055128,0,0.0,0,material_composite_production_REU,eqpzs,IND_REU_NEW_ELMA,0.0009118216994055128,EOL_FLOW_EOL_DE_ELMA_INC,0.0,,2.0,2.0,2.0,0.5,2.0,0.5,0.02,0.018750000000000003,0.019375000000000003,continuation_trial,8,true
sensitivity_189,continuation_trial,virgin_metal_tax_tax_0_02,virgin_metal_tax,0.02,LOCALLY_INFEASIBLE,INFEASIBLE_POINT,false,10.71132706,0.0010300250134899214,1,0.0,0,material_composite_production_REU,eqpzs,IND_REU_NEW_ELMA,0.0010300250134899214,EOL_FLOW_EOL_DE_ELMA_INC,0.0,,2.0,2.0,2.0,0.5,2.0,0.5,0.02,0.019375000000000003,0.02,continuation_trial,9,false
sensitivity_189,continuation_trial,virgin_metal_tax_tax_0_019687500000000004,virgin_metal_tax,0.019687500000000004,LOCALLY_INFEASIBLE,INFEASIBLE_POINT,true,11.415993857,0.0009371882348674365,0,0.0,0,material_composite_production_REU,eqpzs,IND_REU_NEW_ELMA,0.0009371882348674365,EOL_FLOW_EOL_DE_ELMA_INC,0.0,,2.0,2.0,2.0,0.5,2.0,0.5,0.02,0.019375000000000003,0.019687500000000004,continuation_trial,10,true
sensitivity_189,continuation_trial,virgin_metal_tax_tax_0_02,virgin_metal_tax,0.02,LOCALLY_INFEASIBLE,INFEASIBLE_POINT,false,8.197168104,0.0010413341340684834,1,0.0,0,material_composite_production_REU,eqpzs,IND_REU_NEW_ELMA,0.0010413341340684834,EOL_FLOW_EOL_DE_ELMA_INC,0.0,,2.0,2.0,2.0,0.5,2.0,0.5,0.02,0.019687500000000004,0.02,continuation_trial,11,false
sensitivity_189,continuation_trial,virgin_metal_tax_tax_0_01984375,virgin_metal_tax,0.01984375,LOCALLY_INFEASIBLE,INFEASIBLE_POINT,false,6.064789583,0.001003169379875879,1,0.0,0,material_composite_production_REU,eqpzs,IND_REU_NEW_ELMA,0.001003169379875879,EOL_FLOW_EOL_DE_ELMA_INC,0.0,,2.0,2.0,2.0,0.5,2.0,0.5,0.02,0.019687500000000004,0.01984375,continuation_trial,12,false
sensitivity_189,continuation_trial,virgin_metal_tax_tax_0_019765625000000002,virgin_metal_tax,0.019765625000000002,LOCALLY_INFEASIBLE,INFEASIBLE_POINT,false,7.532547337,0.0010250364446057203,1,0.0,0,material_composite_production_REU,eqpzs,IND_REU_NEW_ELMA,0.0010250364446057203,EOL_FLOW_EOL_DE_ELMA_INC,0.0,,2.0,2.0,2.0,0.5,2.0,0.5,0.02,0.019687500000000004,0.019765625000000002,continuation_trial,13,false
sensitivity_189,continuation_trial,virgin_metal_tax_tax_0_019726562500000003,virgin_metal_tax,0.019726562500000003,LOCALLY_INFEASIBLE,INFEASIBLE_POINT,false,7.225580953,0.001023750514026256,1,0.0,0,material_composite_production_REU,eqpzs,IND_REU_NEW_ELMA,0.001023750514026256,EOL_FLOW_EOL_DE_ELMA_INC,0.0,,2.0,2.0,2.0,0.5,2.0,0.5,0.02,0.019687500000000004,0.019726562500000003,continuation_trial,14,false
sensitivity_189,predictor_target,virgin_metal_tax_tax_0_02,virgin_metal_tax,0.02,LOCALLY_INFEASIBLE,INFEASIBLE_POINT,true,6.474048776,0.0009885243905727314,0,0.0,0,material_composite_production_REU,eqpzs,IND_REU_NEW_ELMA,0.0009885243905727314,EOL_FLOW_EOL_DE_ELMA_INC,0.0,,2.0,2.0,2.0,0.5,2.0,0.5,0.02,0.019687500000000004,0.02,predictor_target,15,true
sensitivity_189,baseline,baseline,,0.0,ALMOST_LOCALLY_SOLVED,NEARLY_FEASIBLE_POINT,true,2.277980827,4.768446663083736e-7,0,0.0,0,observed_physical_flow_links,quantity_link,physical_SK_OFMA_REP_route_input_mass,4.768446663083736e-7,EOL_FLOW_EOL_DE_ELMA_INC,0.0,,2.0,2.0,2.0,0.5,2.0,0.5,0.0,0.0,0.0,baseline,1,true
sensitivity_206,direct_target,virgin_metal_tax_tax_0_0025,virgin_metal_tax,0.0025,LOCALLY_INFEASIBLE,INFEASIBLE_POINT,true,20.003030469,0.00013493902927874668,0,6.029448653047223e-12,0,material_composite_production_REU,eqpzs,IND_REU_NEW_ELMA,0.00013493902927874668,X_IND_SK_REU_ELMA_IND_SK_REP_OFMA,6.029448653047223e-12,,1.0,2.0,1.0,1.0,2.0,0.5,0.0025,0.0,0.0025,direct_target,1,true
sensitivity_206,direct_target,virgin_metal_tax_tax_0_005,virgin_metal_tax,0.005,LOCALLY_INFEASIBLE,INFEASIBLE_POINT,false,77.192834062,0.0129845587679277,1,0.0,0,observed_physical_flow_links,quantity_link,physical_SK_OFMA_REP_route_input_mass,0.0129845587679277,EOL_FLOW_EOL_DE_ELMA_INC,0.0,,1.0,2.0,1.0,1.0,2.0,0.5,0.005,0.0025,0.005,direct_target,1,false
sensitivity_206,continuation_trial,virgin_metal_tax_tax_0_00375,virgin_metal_tax,0.00375,LOCALLY_INFEASIBLE,INFEASIBLE_POINT,true,18.814684836,0.0002030146576073033,0,0.0,0,material_composite_production_REU,eqpzs,IND_REU_NEW_ELMA,0.0002030146576073033,EOL_FLOW_EOL_DE_ELMA_INC,0.0,,1.0,2.0,1.0,1.0,2.0,0.5,0.005,0.0025,0.00375,continuation_trial,2,true
sensitivity_206,continuation_trial,virgin_metal_tax_tax_0_005,virgin_metal_tax,0.005,LOCALLY_INFEASIBLE,INFEASIBLE_POINT,false,35.16884128,0.0010722381306413897,1,0.0,0,observed_physical_flow_links,quantity_link,physical_SK_OFMA_REP_route_input_mass,0.0010722381306413897,EOL_FLOW_EOL_DE_ELMA_INC,0.0,,1.0,2.0,1.0,1.0,2.0,0.5,0.005,0.00375,0.005,continuation_trial,3,false
sensitivity_206,continuation_trial,virgin_metal_tax_tax_0_004375,virgin_metal_tax,0.004375,LOCALLY_INFEASIBLE,INFEASIBLE_POINT,true,14.220942022,0.00022957351585339847,0,0.0,0,material_composite_production_REU,eqpzs,IND_REU_NEW_ELMA,0.00022957351585339847,EOL_FLOW_EOL_DE_ELMA_INC,0.0,,1.0,2.0,1.0,1.0,2.0,0.5,0.005,0.00375,0.004375,continuation_trial,4,true
sensitivity_206,continuation_trial,virgin_metal_tax_tax_0_005,virgin_metal_tax,0.005,LOCALLY_INFEASIBLE,INFEASIBLE_POINT,true,10.153456872,0.00026564670935069756,0,0.0,0,material_composite_production_REU,eqpzs,IND_REU_NEW_ELMA,0.00026564670935069756,EOL_FLOW_EOL_DE_ELMA_INC,0.0,,1.0,2.0,1.0,1.0,2.0,0.5,0.005,0.004375,0.005,continuation_trial,5,true
sensitivity_206,direct_target,virgin_metal_tax_tax_0_01,virgin_metal_tax,0.01,LOCALLY_INFEASIBLE,INFEASIBLE_POINT,true,31.364165086,0.0005163074611700402,0,0.0,0,material_composite_production_REU,eqpzs,IND_REU_NEW_ELMA,0.0005163074611700402,EOL_FLOW_EOL_DE_ELMA_INC,0.0,,1.0,2.0,1.0,1.0,2.0,0.5,0.01,0.005,0.01,direct_target,1,true
sensitivity_206,direct_target,virgin_metal_tax_tax_0_02,virgin_metal_tax,0.02,LOCALLY_INFEASIBLE,INFEASIBLE_POINT,false,28.798094964,0.0010710672456206716,1,0.0,0,material_composite_production_REU,eqpzs,IND_REU_NEW_ELMA,0.0010710672456206716,EOL_FLOW_EOL_DE_ELMA_INC,0.0,,1.0,2.0,1.0,1.0,2.0,0.5,0.02,0.01,0.02,direct_target,1,false
sensitivity_206,continuation_trial,virgin_metal_tax_tax_0_015,virgin_metal_tax,0.015,LOCALLY_INFEASIBLE,INFEASIBLE_POINT,true,25.034572729,0.0007817164441533686,0,0.0,0,material_composite_production_REU,eqpzs,IND_REU_NEW_ELMA,0.0007817164441533686,EOL_FLOW_EOL_DE_ELMA_INC,0.0,,1.0,2.0,1.0,1.0,2.0,0.5,0.02,0.01,0.015,continuation_trial,2,true
sensitivity_206,continuation_trial,virgin_metal_tax_tax_0_02,virgin_metal_tax,0.02,LOCALLY_INFEASIBLE,INFEASIBLE_POINT,false,44.017785047,0.00701644568743065,1,0.0,0,observed_physical_flow_links,quantity_link,physical_SK_OFMA_REP_route_input_mass,0.00701644568743065,EOL_FLOW_EOL_DE_ELMA_INC,0.0,,1.0,2.0,1.0,1.0,2.0,0.5,0.02,0.015,0.02,continuation_trial,3,false
sensitivity_206,continuation_trial,virgin_metal_tax_tax_0_0175,virgin_metal_tax,0.0175,LOCALLY_INFEASIBLE,INFEASIBLE_POINT,true,13.226204299,0.0009080809166014392,0,0.0,0,material_composite_production_REU,eqpzs,IND_REU_NEW_ELMA,0.0009080809166014392,EOL_FLOW_EOL_DE_ELMA_INC,0.0,,1.0,2.0,1.0,1.0,2.0,0.5,0.02,0.015,0.0175,continuation_trial,4,true
sensitivity_206,continuation_trial,virgin_metal_tax_tax_0_02,virgin_metal_tax,0.02,LOCALLY_INFEASIBLE,INFEASIBLE_POINT,false,16.499069401,0.00105215485975374,1,0.0,0,material_composite_production_REU,eqpzs,IND_REU_NEW_ELMA,0.00105215485975374,EOL_FLOW_EOL_DE_ELMA_INC,0.0,,1.0,2.0,1.0,1.0,2.0,0.5,0.02,0.0175,0.02,continuation_trial,5,false
sensitivity_206,continuation_trial,virgin_metal_tax_tax_0_018750000000000003,virgin_metal_tax,0.018750000000000003,LOCALLY_INFEASIBLE,INFEASIBLE_POINT,false,33.187561832,0.001010625965370271,1,0.0,0,material_composite_production_REU,eqpzs,IND_REU_NEW_ELMA,0.001010625965370271,EOL_FLOW_EOL_DE_ELMA_INC,0.0,,1.0,2.0,1.0,1.0,2.0,0.5,0.02,0.0175,0.018750000000000003,continuation_trial,6,false
sensitivity_206,continuation_trial,virgin_metal_tax_tax_0_018125000000000002,virgin_metal_tax,0.018125000000000002,LOCALLY_INFEASIBLE,INFEASIBLE_POINT,true,32.047583437,0.0009213206915082983,0,0.0,0,material_composite_production_REU,eqpzs,IND_REU_NEW_ELMA,0.0009213206915082983,EOL_FLOW_EOL_DE_ELMA_INC,0.0,,1.0,2.0,1.0,1.0,2.0,0.5,0.02,0.0175,0.018125000000000002,continuation_trial,7,true
sensitivity_206,continuation_trial,virgin_metal_tax_tax_0_019375000000000003,virgin_metal_tax,0.019375000000000003,LOCALLY_INFEASIBLE,INFEASIBLE_POINT,false,49.306764453,0.0040758250277507235,1,0.0,0,observed_physical_flow_links,quantity_link,physical_SK_OFMA_REP_route_input_mass,0.0040758250277507235,EOL_FLOW_EOL_DE_ELMA_INC,0.0,,1.0,2.0,1.0,1.0,2.0,0.5,0.02,0.018125000000000002,0.019375000000000003,continuation_trial,8,false
sensitivity_206,continuation_trial,virgin_metal_tax_tax_0_018750000000000003,virgin_metal_tax,0.018750000000000003,LOCALLY_INFEASIBLE,INFEASIBLE_POINT,false,46.171250104,0.0010124434667391213,1,0.0,0,material_composite_production_REU,eqpzs,IND_REU_NEW_ELMA,0.0010124434667391213,EOL_FLOW_EOL_DE_ELMA_INC,0.0,,1.0,2.0,1.0,1.0,2.0,0.5,0.02,0.018125000000000002,0.018750000000000003,continuation_trial,9,false
sensitivity_206,continuation_trial,virgin_metal_tax_tax_0_018437500000000002,virgin_metal_tax,0.018437500000000002,LOCALLY_INFEASIBLE,INFEASIBLE_POINT,true,37.218741834,0.0009946255690660433,0,0.0,0,material_composite_production_REU,eqpzs,IND_REU_NEW_ELMA,0.0009946255690660433,EOL_FLOW_EOL_DE_ELMA_INC,0.0,,1.0,2.0,1.0,1.0,2.0,0.5,0.02,0.018125000000000002,0.018437500000000002,continuation_trial,10,true
sensitivity_206,continuation_trial,virgin_metal_tax_tax_0_019062500000000003,virgin_metal_tax,0.019062500000000003,LOCALLY_INFEASIBLE,INFEASIBLE_POINT,true,11.754224135,0.0007198519275970483,0,5.060500665311777e-9,0,material_composite_production_SK,eqpzs,IND_SK_NEW_ELMA,0.0007198519275970483,F_FAC_SK_LAB_IND_SK_REP_OFMA,5.060500665311777e-9,,1.0,2.0,1.0,1.0,2.0,0.5,0.02,0.018437500000000002,0.019062500000000003,continuation_trial,11,true
sensitivity_206,continuation_trial,virgin_metal_tax_tax_0_02,virgin_metal_tax,0.02,LOCALLY_INFEASIBLE,INFEASIBLE_POINT,false,67.232998366,0.09556301654357846,4,0.0,0,observed_physical_flow_links,quantity_link,physical_SK_OFMA_REP_route_input_mass,0.09556301654357846,EOL_FLOW_EOL_DE_ELMA_INC,0.0,,1.0,2.0,1.0,1.0,2.0,0.5,0.02,0.019062500000000003,0.02,continuation_trial,12,false
sensitivity_206,continuation_trial,virgin_metal_tax_tax_0_01953125,virgin_metal_tax,0.01953125,LOCALLY_INFEASIBLE,INFEASIBLE_POINT,true,34.974301216,0.000539933210110144,0,0.0,0,material_composite_production_DE,eqpzs,IND_DE_NEW_ELMA,0.000539933210110144,EOL_FLOW_EOL_DE_ELMA_INC,0.0,,1.0,2.0,1.0,1.0,2.0,0.5,0.02,0.019062500000000003,0.01953125,continuation_trial,13,true
sensitivity_206,continuation_trial,virgin_metal_tax_tax_0_02,virgin_metal_tax,0.02,LOCALLY_INFEASIBLE,INFEASIBLE_POINT,false,31.846974628,0.0011030822882994729,1,0.0,0,material_composite_production_DE,eqpzs,IND_DE_NEW_ELMA,0.0011030822882994729,EOL_FLOW_EOL_DE_ELMA_INC,0.0,,1.0,2.0,1.0,1.0,2.0,0.5,0.02,0.01953125,0.02,continuation_trial,14,false
sensitivity_206,continuation_trial,virgin_metal_tax_tax_0_019765625000000002,virgin_metal_tax,0.019765625000000002,LOCALLY_INFEASIBLE,INFEASIBLE_POINT,false,24.411731929,0.0010366311745585444,1,0.0,0,material_composite_production_DE,eqpzs,IND_DE_NEW_ELMA,0.0010366311745585444,EOL_FLOW_EOL_DE_ELMA_INC,0.0,,1.0,2.0,1.0,1.0,2.0,0.5,0.02,0.01953125,0.019765625000000002,continuation_trial,15,false
sensitivity_206,continuation_trial,virgin_metal_tax_tax_0_0196484375,virgin_metal_tax,0.0196484375,LOCALLY_INFEASIBLE,INFEASIBLE_POINT,false,24.401909869,0.0010765576926066167,1,0.0,0,material_composite_production_DE,eqpzs,IND_DE_NEW_ELMA,0.0010765576926066167,EOL_FLOW_EOL_DE_ELMA_INC,0.0,,1.0,2.0,1.0,1.0,2.0,0.5,0.02,0.01953125,0.0196484375,continuation_trial,16,false
sensitivity_206,continuation_trial,virgin_metal_tax_tax_0_01958984375,virgin_metal_tax,0.01958984375,LOCALLY_INFEASIBLE,INFEASIBLE_POINT,false,29.270740893,0.00104726349135853,1,0.0,0,material_composite_production_DE,eqpzs,IND_DE_NEW_ELMA,0.00104726349135853,EOL_FLOW_EOL_DE_ELMA_INC,0.0,,1.0,2.0,1.0,1.0,2.0,0.5,0.02,0.01953125,0.01958984375,continuation_trial,17,false
sensitivity_206,continuation_trial,virgin_metal_tax_tax_0_019560546875,virgin_metal_tax,0.019560546875,LOCALLY_INFEASIBLE,INFEASIBLE_POINT,false,38.892023977,0.0010798842570028944,1,0.0,0,material_composite_production_DE,eqpzs,IND_DE_NEW_ELMA,0.0010798842570028944,EOL_FLOW_EOL_DE_ELMA_INC,0.0,,1.0,2.0,1.0,1.0,2.0,0.5,0.02,0.01953125,0.019560546875,continuation_trial,18,false
sensitivity_206,predictor_target,virgin_metal_tax_tax_0_02,virgin_metal_tax,0.02,INVALID_MODEL,FEASIBLE_POINT,false,3.654230698,6.849938470384044,47,0.0,0,eu_wide_eol_allocation,eu_wide_eol_allocation,OFMA|EOL_SK_OFMA_REP,6.849938470384044,EOL_FLOW_EOL_DE_ELMA_INC,0.0,,1.0,2.0,1.0,1.0,2.0,0.5,0.02,0.01953125,0.02,predictor_target,19,false
sensitivity_206,baseline,baseline,,0.0,ALMOST_LOCALLY_SOLVED,NEARLY_FEASIBLE_POINT,true,3.869247923,5.156131096528682e-7,0,0.0,0,observed_physical_flow_links,quantity_link,physical_SK_OFMA_REP_route_input_mass,5.156131096528682e-7,EOL_FLOW_EOL_DE_ELMA_INC,0.0,,1.0,2.0,1.0,1.0,2.0,0.5,0.0,0.0,0.0,baseline,1,true
sensitivity_207,direct_target,virgin_metal_tax_tax_0_0025,virgin_metal_tax,0.0025,LOCALLY_INFEASIBLE,INFEASIBLE_POINT,true,10.30653572,0.00013344149595462262,0,0.0,0,material_composite_production_REU,eqpzs,IND_REU_NEW_ELMA,0.00013344149595462262,EOL_FLOW_EOL_DE_ELMA_INC,0.0,,2.0,2.0,1.0,1.0,2.0,0.5,0.0025,0.0,0.0025,direct_target,1,true
sensitivity_207,direct_target,virgin_metal_tax_tax_0_005,virgin_metal_tax,0.005,LOCALLY_INFEASIBLE,INFEASIBLE_POINT,true,11.485009104,0.00027021044723163357,0,0.0,0,material_composite_production_REU,eqpzs,IND_REU_NEW_ELMA,0.00027021044723163357,EOL_FLOW_EOL_DE_ELMA_INC,0.0,,2.0,2.0,1.0,1.0,2.0,0.5,0.005,0.0025,0.005,direct_target,1,true
sensitivity_207,direct_target,virgin_metal_tax_tax_0_01,virgin_metal_tax,0.01,OTHER_ERROR,NEARLY_FEASIBLE_POINT,false,89.994925819,0.0002498929086619528,0,9.361356966045438e-9,0,material_composite_production_REU,eqpzs,IND_REU_NEW_ELMA,0.0002498929086619528,Y_IND_SK_NEW_OFMA,9.361356966045438e-9,,2.0,2.0,1.0,1.0,2.0,0.5,0.01,0.005,0.01,direct_target,1,false
sensitivity_207,continuation_trial,virgin_metal_tax_tax_0_0075,virgin_metal_tax,0.0075,LOCALLY_INFEASIBLE,INFEASIBLE_POINT,true,22.202802393,0.00045261028502863176,0,0.0,0,material_composite_production_SK,eqpzs,IND_SK_NEW_ELMA,0.00045261028502863176,EOL_FLOW_EOL_DE_ELMA_INC,0.0,,2.0,2.0,1.0,1.0,2.0,0.5,0.01,0.005,0.0075,continuation_trial,2,true
sensitivity_207,continuation_trial,virgin_metal_tax_tax_0_01,virgin_metal_tax,0.01,LOCALLY_INFEASIBLE,INFEASIBLE_POINT,true,42.74016978,0.0004592421255271706,0,0.0,0,material_composite_production_SK,eqpzs,IND_SK_NEW_ELMA,0.0004592421255271706,EOL_FLOW_EOL_DE_ELMA_INC,0.0,,2.0,2.0,1.0,1.0,2.0,0.5,0.01,0.0075,0.01,continuation_trial,3,true
sensitivity_207,direct_target,virgin_metal_tax_tax_0_02,virgin_metal_tax,0.02,LOCALLY_INFEASIBLE,INFEASIBLE_POINT,false,27.010624306,0.0011328316340536437,1,0.0,0,material_composite_production_SK,eqpzs,IND_SK_NEW_ELMA,0.0011328316340536437,EOL_FLOW_EOL_DE_ELMA_INC,0.0,,2.0,2.0,1.0,1.0,2.0,0.5,0.02,0.01,0.02,direct_target,1,false
sensitivity_207,continuation_trial,virgin_metal_tax_tax_0_015,virgin_metal_tax,0.015,LOCALLY_INFEASIBLE,INFEASIBLE_POINT,true,18.40985406,0.0009345156552501566,0,0.0,0,material_composite_production_SK,eqpzs,IND_SK_NEW_ELMA,0.0009345156552501566,EOL_FLOW_EOL_DE_ELMA_INC,0.0,,2.0,2.0,1.0,1.0,2.0,0.5,0.02,0.01,0.015,continuation_trial,2,true
sensitivity_207,continuation_trial,virgin_metal_tax_tax_0_02,virgin_metal_tax,0.02,LOCALLY_INFEASIBLE,INFEASIBLE_POINT,false,106.359531761,0.004831788166943185,1,0.0,0,observed_physical_flow_links,quantity_link,physical_SK_OFMA_REP_route_input_mass,0.004831788166943185,EOL_FLOW_EOL_DE_ELMA_INC,0.0,,2.0,2.0,1.0,1.0,2.0,0.5,0.02,0.015,0.02,continuation_trial,3,false
sensitivity_207,continuation_trial,virgin_metal_tax_tax_0_0175,virgin_metal_tax,0.0175,LOCALLY_INFEASIBLE,INFEASIBLE_POINT,false,26.486538463,0.0010902542239312751,1,0.0,0,material_composite_production_SK,eqpzs,IND_SK_NEW_ELMA,0.0010902542239312751,EOL_FLOW_EOL_DE_ELMA_INC,0.0,,2.0,2.0,1.0,1.0,2.0,0.5,0.02,0.015,0.0175,continuation_trial,4,false
sensitivity_207,continuation_trial,virgin_metal_tax_tax_0_01625,virgin_metal_tax,0.01625,LOCALLY_INFEASIBLE,INFEASIBLE_POINT,true,23.186378253,0.0009820801402331547,0,0.0,0,material_composite_production_SK,eqpzs,IND_SK_NEW_ELMA,0.0009820801402331547,EOL_FLOW_EOL_DE_ELMA_INC,0.0,,2.0,2.0,1.0,1.0,2.0,0.5,0.02,0.015,0.01625,continuation_trial,5,true
sensitivity_207,continuation_trial,virgin_metal_tax_tax_0_018750000000000003,virgin_metal_tax,0.018750000000000003,LOCALLY_INFEASIBLE,INFEASIBLE_POINT,false,30.315123155,0.001013188809105059,1,0.0,0,material_composite_production_REU,eqpzs,IND_REU_NEW_ELMA,0.001013188809105059,EOL_FLOW_EOL_DE_ELMA_INC,0.0,,2.0,2.0,1.0,1.0,2.0,0.5,0.02,0.01625,0.018750000000000003,continuation_trial,6,false
sensitivity_207,continuation_trial,virgin_metal_tax_tax_0_0175,virgin_metal_tax,0.0175,LOCALLY_INFEASIBLE,INFEASIBLE_POINT,false,34.296524457,0.10289539228367972,3,0.0,0,observed_physical_flow_links,quantity_link,physical_SK_OFMA_REP_route_input_mass,0.10289539228367972,EOL_FLOW_EOL_DE_ELMA_INC,0.0,,2.0,2.0,1.0,1.0,2.0,0.5,0.02,0.01625,0.0175,continuation_trial,7,false
sensitivity_207,continuation_trial,virgin_metal_tax_tax_0_016875,virgin_metal_tax,0.016875,LOCALLY_INFEASIBLE,INFEASIBLE_POINT,true,6.063251678,0.0009317801247208379,0,0.0,0,material_composite_production_SK,eqpzs,IND_SK_NEW_ELMA,0.0009317801247208379,EOL_FLOW_EOL_DE_ELMA_INC,0.0,,2.0,2.0,1.0,1.0,2.0,0.5,0.02,0.01625,0.016875,continuation_trial,8,true
sensitivity_207,continuation_trial,virgin_metal_tax_tax_0_018125000000000002,virgin_metal_tax,0.018125000000000002,LOCALLY_INFEASIBLE,INFEASIBLE_POINT,false,18.206512171,0.0011347379322048656,1,0.0,0,material_composite_production_SK,eqpzs,IND_SK_NEW_ELMA,0.0011347379322048656,EOL_FLOW_EOL_DE_ELMA_INC,0.0,,2.0,2.0,1.0,1.0,2.0,0.5,0.02,0.016875,0.018125000000000002,continuation_trial,9,false
sensitivity_207,continuation_trial,virgin_metal_tax_tax_0_0175,virgin_metal_tax,0.0175,LOCALLY_INFEASIBLE,INFEASIBLE_POINT,false,21.191950289,0.001021119026613282,1,0.0,0,material_composite_production_SK,eqpzs,IND_SK_NEW_ELMA,0.001021119026613282,EOL_FLOW_EOL_DE_ELMA_INC,0.0,,2.0,2.0,1.0,1.0,2.0,0.5,0.02,0.016875,0.0175,continuation_trial,10,false
sensitivity_207,continuation_trial,virgin_metal_tax_tax_0_0171875,virgin_metal_tax,0.0171875,LOCALLY_INFEASIBLE,INFEASIBLE_POINT,false,26.929069909,0.001058224885584158,1,0.0,0,material_composite_production_SK,eqpzs,IND_SK_NEW_ELMA,0.001058224885584158,EOL_FLOW_EOL_DE_ELMA_INC,0.0,,2.0,2.0,1.0,1.0,2.0,0.5,0.02,0.016875,0.0171875,continuation_trial,11,false
sensitivity_207,continuation_trial,virgin_metal_tax_tax_0_01703125,virgin_metal_tax,0.01703125,LOCALLY_INFEASIBLE,INFEASIBLE_POINT,false,13.861611775,0.0010535755666725155,1,0.0,0,material_composite_production_SK,eqpzs,IND_SK_NEW_ELMA,0.0010535755666725155,EOL_FLOW_EOL_DE_ELMA_INC,0.0,,2.0,2.0,1.0,1.0,2.0,0.5,0.02,0.016875,0.01703125,continuation_trial,12,false
sensitivity_207,continuation_trial,virgin_metal_tax_tax_0_016953125,virgin_metal_tax,0.016953125,LOCALLY_INFEASIBLE,INFEASIBLE_POINT,false,10.387223557,0.0010734724156454822,1,0.0,0,material_composite_production_SK,eqpzs,IND_SK_NEW_ELMA,0.0010734724156454822,EOL_FLOW_EOL_DE_ELMA_INC,0.0,,2.0,2.0,1.0,1.0,2.0,0.5,0.02,0.016875,0.016953125,continuation_trial,13,false
sensitivity_207,continuation_trial,virgin_metal_tax_tax_0_0169140625,virgin_metal_tax,0.0169140625,LOCALLY_INFEASIBLE,INFEASIBLE_POINT,true,33.801873161,0.0008713748354201023,0,0.0,0,material_composite_production_REU,eqpzs,IND_REU_NEW_ELMA,0.0008713748354201023,EOL_FLOW_EOL_DE_ELMA_INC,0.0,,2.0,2.0,1.0,1.0,2.0,0.5,0.02,0.016875,0.0169140625,continuation_trial,14,true
sensitivity_207,continuation_trial,virgin_metal_tax_tax_0_0169921875,virgin_metal_tax,0.0169921875,LOCALLY_INFEASIBLE,INFEASIBLE_POINT,false,34.940010627,0.0010544181038055767,1,0.0,0,material_composite_production_SK,eqpzs,IND_SK_NEW_ELMA,0.0010544181038055767,EOL_FLOW_EOL_DE_ELMA_INC,0.0,,2.0,2.0,1.0,1.0,2.0,0.5,0.02,0.0169140625,0.0169921875,continuation_trial,15,false
sensitivity_207,continuation_trial,virgin_metal_tax_tax_0_016953125,virgin_metal_tax,0.016953125,LOCALLY_INFEASIBLE,INFEASIBLE_POINT,true,30.640125262,0.0006315048862134409,0,0.0,0,material_composite_production_SK,eqpzs,IND_SK_NEW_ELMA,0.0006315048862134409,EOL_FLOW_EOL_DE_ELMA_INC,0.0,,2.0,2.0,1.0,1.0,2.0,0.5,0.02,0.0169140625,0.016953125,continuation_trial,16,true
sensitivity_207,continuation_trial,virgin_metal_tax_tax_0_017031249999999998,virgin_metal_tax,0.017031249999999998,LOCALLY_INFEASIBLE,INFEASIBLE_POINT,false,26.33605366,0.001041920937340235,1,0.0,0,material_composite_production_SK,eqpzs,IND_SK_NEW_ELMA,0.001041920937340235,EOL_FLOW_EOL_DE_ELMA_INC,0.0,,2.0,2.0,1.0,1.0,2.0,0.5,0.02,0.016953125,0.017031249999999998,continuation_trial,17,false
sensitivity_207,continuation_trial,virgin_metal_tax_tax_0_0169921875,virgin_metal_tax,0.0169921875,LOCALLY_INFEASIBLE,INFEASIBLE_POINT,false,99.88399656,0.0045427856673564415,1,0.0,0,observed_physical_flow_links,quantity_link,physical_SK_OFMA_REP_route_input_mass,0.0045427856673564415,EOL_FLOW_EOL_DE_ELMA_INC,0.0,,2.0,2.0,1.0,1.0,2.0,0.5,0.02,0.016953125,0.0169921875,continuation_trial,18,false
sensitivity_207,predictor_target,virgin_metal_tax_tax_0_02,virgin_metal_tax,0.02,INVALID_MODEL,FEASIBLE_POINT,false,3.355686461,70874.96111941137,548,0.0,0,regional_circular_service_demand,circular_route_demand,TST_FR_OFMA|IND_FR_REP_OFMA,70874.96111941137,EOL_FLOW_EOL_DE_ELMA_INC,0.0,,2.0,2.0,1.0,1.0,2.0,0.5,0.02,0.016953125,0.02,predictor_target,19,false
sensitivity_207,baseline,baseline,,0.0,ALMOST_LOCALLY_SOLVED,NEARLY_FEASIBLE_POINT,true,3.814931361,5.156130900019207e-7,0,0.0,0,observed_physical_flow_links,quantity_link,physical_SK_OFMA_REP_route_input_mass,5.156130900019207e-7,EOL_FLOW_EOL_DE_ELMA_INC,0.0,,2.0,2.0,1.0,1.0,2.0,0.5,0.0,0.0,0.0,baseline,1,true
sensitivity_223,direct_target,virgin_metal_tax_tax_0_0025,virgin_metal_tax,0.0025,LOCALLY_INFEASIBLE,INFEASIBLE_POINT,true,18.210662687,0.00013241498458371748,0,0.0,0,material_composite_production_REU,eqpzs,IND_REU_NEW_ELMA,0.00013241498458371748,EOL_FLOW_EOL_DE_ELMA_INC,0.0,,0.5,2.0,0.5,2.0,2.0,0.5,0.0025,0.0,0.0025,direct_target,1,true
sensitivity_223,direct_target,virgin_metal_tax_tax_0_005,virgin_metal_tax,0.005,LOCALLY_INFEASIBLE,INFEASIBLE_POINT,true,6.346778034,0.0002646601213338595,0,0.0,0,material_composite_production_REU,eqpzs,IND_REU_NEW_ELMA,0.0002646601213338595,EOL_FLOW_EOL_DE_ELMA_INC,0.0,,0.5,2.0,0.5,2.0,2.0,0.5,0.005,0.0025,0.005,direct_target,1,true
sensitivity_223,direct_target,virgin_metal_tax_tax_0_01,virgin_metal_tax,0.01,LOCALLY_INFEASIBLE,INFEASIBLE_POINT,true,9.578101034,0.0005212326690618996,0,0.0,0,material_composite_production_REU,eqpzs,IND_REU_NEW_ELMA,0.0005212326690618996,EOL_FLOW_EOL_DE_ELMA_INC,0.0,,0.5,2.0,0.5,2.0,2.0,0.5,0.01,0.005,0.01,direct_target,1,true
sensitivity_223,direct_target,virgin_metal_tax_tax_0_02,virgin_metal_tax,0.02,OTHER_ERROR,NEARLY_FEASIBLE_POINT,false,41.880291851,0.00047858925676769193,0,7.973187099829177e-9,0,material_composite_production_REU,eqpzs,IND_REU_NEW_ELMA,0.00047858925676769193,Y_IND_SK_NEW_OFMA,7.973187099829177e-9,,0.5,2.0,0.5,2.0,2.0,0.5,0.02,0.01,0.02,direct_target,1,false
sensitivity_223,continuation_trial,virgin_metal_tax_tax_0_015,virgin_metal_tax,0.015,LOCALLY_INFEASIBLE,INFEASIBLE_POINT,true,16.786618789,0.0007741458186703021,0,0.0,0,material_composite_production_REU,eqpzs,IND_REU_NEW_ELMA,0.0007741458186703021,EOL_FLOW_EOL_DE_ELMA_INC,0.0,,0.5,2.0,0.5,2.0,2.0,0.5,0.02,0.01,0.015,continuation_trial,2,true
sensitivity_223,continuation_trial,virgin_metal_tax_tax_0_02,virgin_metal_tax,0.02,LOCALLY_INFEASIBLE,INFEASIBLE_POINT,false,22.802680079,0.0010378174485613512,1,0.0,0,material_composite_production_REU,eqpzs,IND_REU_NEW_ELMA,0.0010378174485613512,EOL_FLOW_EOL_DE_ELMA_INC,0.0,,0.5,2.0,0.5,2.0,2.0,0.5,0.02,0.015,0.02,continuation_trial,3,false
sensitivity_223,continuation_trial,virgin_metal_tax_tax_0_0175,virgin_metal_tax,0.0175,LOCALLY_INFEASIBLE,INFEASIBLE_POINT,true,15.326662406,0.0009136920595065323,0,0.0,0,material_composite_production_REU,eqpzs,IND_REU_NEW_ELMA,0.0009136920595065323,EOL_FLOW_EOL_DE_ELMA_INC,0.0,,0.5,2.0,0.5,2.0,2.0,0.5,0.02,0.015,0.0175,continuation_trial,4,true
sensitivity_223,continuation_trial,virgin_metal_tax_tax_0_02,virgin_metal_tax,0.02,LOCALLY_INFEASIBLE,INFEASIBLE_POINT,false,15.761636338,0.0010371791530620067,1,0.0,0,material_composite_production_REU,eqpzs,IND_REU_NEW_ELMA,0.0010371791530620067,EOL_FLOW_EOL_DE_ELMA_INC,0.0,,0.5,2.0,0.5,2.0,2.0,0.5,0.02,0.0175,0.02,continuation_trial,5,false
sensitivity_223,continuation_trial,virgin_metal_tax_tax_0_018750000000000003,virgin_metal_tax,0.018750000000000003,LOCALLY_INFEASIBLE,INFEASIBLE_POINT,true,12.728715414,0.0009711282696157619,0,0.0,0,material_composite_production_REU,eqpzs,IND_REU_NEW_ELMA,0.0009711282696157619,EOL_FLOW_EOL_DE_ELMA_INC,0.0,,0.5,2.0,0.5,2.0,2.0,0.5,0.02,0.0175,0.018750000000000003,continuation_trial,6,true
sensitivity_223,continuation_trial,virgin_metal_tax_tax_0_02,virgin_metal_tax,0.02,LOCALLY_INFEASIBLE,INFEASIBLE_POINT,false,14.967474843,0.0010782882849401654,1,0.0,0,material_composite_production_REU,eqpzs,IND_REU_NEW_ELMA,0.0010782882849401654,EOL_FLOW_EOL_DE_ELMA_INC,0.0,,0.5,2.0,0.5,2.0,2.0,0.5,0.02,0.018750000000000003,0.02,continuation_trial,7,false
sensitivity_223,continuation_trial,virgin_metal_tax_tax_0_019375000000000003,virgin_metal_tax,0.019375000000000003,LOCALLY_INFEASIBLE,INFEASIBLE_POINT,false,26.572637498,0.0010480321988456387,1,0.0,0,material_composite_production_REU,eqpzs,IND_REU_NEW_ELMA,0.0010480321988456387,EOL_FLOW_EOL_DE_ELMA_INC,0.0,,0.5,2.0,0.5,2.0,2.0,0.5,0.02,0.018750000000000003,0.019375000000000003,continuation_trial,8,false
sensitivity_223,continuation_trial,virgin_metal_tax_tax_0_019062500000000003,virgin_metal_tax,0.019062500000000003,LOCALLY_INFEASIBLE,INFEASIBLE_POINT,true,10.68570281,0.0008669845513967767,0,0.0,0,material_composite_production_REU,eqpzs,IND_REU_NEW_ELMA,0.0008669845513967767,EOL_FLOW_EOL_DE_ELMA_INC,0.0,,0.5,2.0,0.5,2.0,2.0,0.5,0.02,0.018750000000000003,0.019062500000000003,continuation_trial,9,true
sensitivity_223,continuation_trial,virgin_metal_tax_tax_0_019687500000000004,virgin_metal_tax,0.019687500000000004,LOCALLY_INFEASIBLE,INFEASIBLE_POINT,false,49.385107637,0.0010564526075352854,1,0.0,0,material_composite_production_REU,eqpzs,IND_REU_NEW_ELMA,0.0010564526075352854,EOL_FLOW_EOL_DE_ELMA_INC,0.0,,0.5,2.0,0.5,2.0,2.0,0.5,0.02,0.019062500000000003,0.019687500000000004,continuation_trial,10,false
sensitivity_223,continuation_trial,virgin_metal_tax_tax_0_019375000000000003,virgin_metal_tax,0.019375000000000003,LOCALLY_INFEASIBLE,INFEASIBLE_POINT,true,11.494203601,0.000979088207141987,0,0.0,0,material_composite_production_REU,eqpzs,IND_REU_NEW_ELMA,0.000979088207141987,EOL_FLOW_EOL_DE_ELMA_INC,0.0,,0.5,2.0,0.5,2.0,2.0,0.5,0.02,0.019062500000000003,0.019375000000000003,continuation_trial,11,true
sensitivity_223,continuation_trial,virgin_metal_tax_tax_0_02,virgin_metal_tax,0.02,LOCALLY_INFEASIBLE,INFEASIBLE_POINT,false,48.149616847,0.001080894402160748,1,0.0,0,material_composite_production_REU,eqpzs,IND_REU_NEW_ELMA,0.001080894402160748,EOL_FLOW_EOL_DE_ELMA_INC,0.0,,0.5,2.0,0.5,2.0,2.0,0.5,0.02,0.019375000000000003,0.02,continuation_trial,12,false
sensitivity_223,continuation_trial,virgin_metal_tax_tax_0_019687500000000004,virgin_metal_tax,0.019687500000000004,LOCALLY_INFEASIBLE,INFEASIBLE_POINT,false,46.934432714,0.0010621989188136505,1,0.0,0,material_composite_production_REU,eqpzs,IND_REU_NEW_ELMA,0.0010621989188136505,EOL_FLOW_EOL_DE_ELMA_INC,0.0,,0.5,2.0,0.5,2.0,2.0,0.5,0.02,0.019375000000000003,0.019687500000000004,continuation_trial,13,false
sensitivity_223,continuation_trial,virgin_metal_tax_tax_0_019531250000000003,virgin_metal_tax,0.019531250000000003,LOCALLY_INFEASIBLE,INFEASIBLE_POINT,true,11.461967424,0.0009279881510531052,0,0.0,0,material_composite_production_REU,eqpzs,IND_REU_NEW_ELMA,0.0009279881510531052,EOL_FLOW_EOL_DE_ELMA_INC,0.0,,0.5,2.0,0.5,2.0,2.0,0.5,0.02,0.019375000000000003,0.019531250000000003,continuation_trial,14,true
sensitivity_223,continuation_trial,virgin_metal_tax_tax_0_01984375,virgin_metal_tax,0.01984375,LOCALLY_INFEASIBLE,INFEASIBLE_POINT,false,78.117831594,0.00107112809212484,1,0.0,0,material_composite_production_REU,eqpzs,IND_REU_NEW_ELMA,0.00107112809212484,EOL_FLOW_EOL_DE_ELMA_INC,0.0,,0.5,2.0,0.5,2.0,2.0,0.5,0.02,0.019531250000000003,0.01984375,continuation_trial,15,false
sensitivity_223,continuation_trial,virgin_metal_tax_tax_0_019687500000000004,virgin_metal_tax,0.019687500000000004,LOCALLY_INFEASIBLE,INFEASIBLE_POINT,false,23.02482752,0.00104841147010315,1,0.0,0,material_composite_production_REU,eqpzs,IND_REU_NEW_ELMA,0.00104841147010315,EOL_FLOW_EOL_DE_ELMA_INC,0.0,,0.5,2.0,0.5,2.0,2.0,0.5,0.02,0.019531250000000003,0.019687500000000004,continuation_trial,16,false
sensitivity_223,continuation_trial,virgin_metal_tax_tax_0_019609375000000002,virgin_metal_tax,0.019609375000000002,LOCALLY_INFEASIBLE,INFEASIBLE_POINT,true,10.349550405,0.000981262226225632,0,0.0,0,material_composite_production_REU,eqpzs,IND_REU_NEW_ELMA,0.000981262226225632,EOL_FLOW_EOL_DE_ELMA_INC,0.0,,0.5,2.0,0.5,2.0,2.0,0.5,0.02,0.019531250000000003,0.019609375000000002,continuation_trial,17,true
sensitivity_223,continuation_trial,virgin_metal_tax_tax_0_019765625000000002,virgin_metal_tax,0.019765625000000002,LOCALLY_INFEASIBLE,INFEASIBLE_POINT,false,43.679656106,0.0010673757474215506,1,0.0,0,material_composite_production_REU,eqpzs,IND_REU_NEW_ELMA,0.0010673757474215506,EOL_FLOW_EOL_DE_ELMA_INC,0.0,,0.5,2.0,0.5,2.0,2.0,0.5,0.02,0.019609375000000002,0.019765625000000002,continuation_trial,18,false
sensitivity_223,continuation_trial,virgin_metal_tax_tax_0_0196875,virgin_metal_tax,0.0196875,LOCALLY_INFEASIBLE,INFEASIBLE_POINT,false,35.542038463,0.0010622663384803888,1,0.0,0,material_composite_production_REU,eqpzs,IND_REU_NEW_ELMA,0.0010622663384803888,EOL_FLOW_EOL_DE_ELMA_INC,0.0,,0.5,2.0,0.5,2.0,2.0,0.5,0.02,0.019609375000000002,0.0196875,continuation_trial,19,false
sensitivity_223,continuation_trial,virgin_metal_tax_tax_0_0196484375,virgin_metal_tax,0.0196484375,LOCALLY_INFEASIBLE,INFEASIBLE_POINT,false,51.310785278,0.0010609125229493754,1,0.0,0,material_composite_production_REU,eqpzs,IND_REU_NEW_ELMA,0.0010609125229493754,EOL_FLOW_EOL_DE_ELMA_INC,0.0,,0.5,2.0,0.5,2.0,2.0,0.5,0.02,0.019609375000000002,0.0196484375,continuation_trial,20,false
sensitivity_223,predictor_target,virgin_metal_tax_tax_0_02,virgin_metal_tax,0.02,LOCALLY_INFEASIBLE,INFEASIBLE_POINT,false,27.56474948,0.0010805115653973463,1,0.0,0,material_composite_production_REU,eqpzs,IND_REU_NEW_ELMA,0.0010805115653973463,EOL_FLOW_EOL_DE_ELMA_INC,0.0,,0.5,2.0,0.5,2.0,2.0,0.5,0.02,0.019609375000000002,0.02,predictor_target,21,false
sensitivity_223,baseline,baseline,,0.0,ALMOST_LOCALLY_SOLVED,NEARLY_FEASIBLE_POINT,true,3.971868566,5.082089706842652e-7,0,0.0,0,observed_physical_flow_links,quantity_link,physical_SK_OFMA_REP_route_input_mass,5.082089706842652e-7,EOL_FLOW_EOL_DE_ELMA_INC,0.0,,0.5,2.0,0.5,2.0,2.0,0.5,0.0,0.0,0.0,baseline,1,true
sensitivity_251,direct_target,virgin_metal_tax_tax_0_0025,virgin_metal_tax,0.0025,LOCALLY_INFEASIBLE,INFEASIBLE_POINT,true,14.608990143,0.0003607018958107222,0,0.0,0,observed_physical_flow_links,quantity_link,physical_SK_OFMA_REP_route_input_mass,0.0003607018958107222,EOL_FLOW_EOL_DE_ELMA_INC,0.0,,1.0,2.0,0.5,0.5,0.5,1.0,0.0025,0.0,0.0025,direct_target,1,true
sensitivity_251,direct_target,virgin_metal_tax_tax_0_005,virgin_metal_tax,0.005,LOCALLY_INFEASIBLE,INFEASIBLE_POINT,true,12.35108014,0.00025915670114362577,0,0.0,0,material_composite_production_REU,eqpzs,IND_REU_NEW_ELMA,0.00025915670114362577,EOL_FLOW_EOL_DE_ELMA_INC,0.0,,1.0,2.0,0.5,0.5,0.5,1.0,0.005,0.0025,0.005,direct_target,1,true
sensitivity_251,direct_target,virgin_metal_tax_tax_0_01,virgin_metal_tax,0.01,LOCALLY_INFEASIBLE,INFEASIBLE_POINT,true,13.412529143,0.0003882025185192317,0,0.0,0,material_composite_production_SK,eqpzs,IND_SK_NEW_ELMA,0.0003882025185192317,EOL_FLOW_EOL_DE_ELMA_INC,0.0,,1.0,2.0,0.5,0.5,0.5,1.0,0.01,0.005,0.01,direct_target,1,true
sensitivity_251,direct_target,virgin_metal_tax_tax_0_02,virgin_metal_tax,0.02,LOCALLY_INFEASIBLE,INFEASIBLE_POINT,false,13.848867173,0.0010251832932929306,1,0.0,0,material_composite_production_REU,eqpzs,IND_REU_NEW_ELMA,0.0010251832932929306,EOL_FLOW_EOL_DE_ELMA_INC,0.0,,1.0,2.0,0.5,0.5,0.5,1.0,0.02,0.01,0.02,direct_target,1,false
sensitivity_251,continuation_trial,virgin_metal_tax_tax_0_015,virgin_metal_tax,0.015,LOCALLY_INFEASIBLE,INFEASIBLE_POINT,true,18.189126172,0.0007715100005204478,0,0.0,0,material_composite_production_REU,eqpzs,IND_REU_NEW_ELMA,0.0007715100005204478,EOL_FLOW_EOL_DE_ELMA_INC,0.0,,1.0,2.0,0.5,0.5,0.5,1.0,0.02,0.01,0.015,continuation_trial,2,true
sensitivity_251,continuation_trial,virgin_metal_tax_tax_0_02,virgin_metal_tax,0.02,LOCALLY_INFEASIBLE,INFEASIBLE_POINT,false,13.506473662,0.040536146918976335,1,0.0,0,observed_physical_flow_links,quantity_link,physical_SK_OFMA_REP_route_input_mass,0.040536146918976335,EOL_FLOW_EOL_DE_ELMA_INC,0.0,,1.0,2.0,0.5,0.5,0.5,1.0,0.02,0.015,0.02,continuation_trial,3,false
sensitivity_251,continuation_trial,virgin_metal_tax_tax_0_0175,virgin_metal_tax,0.0175,LOCALLY_INFEASIBLE,INFEASIBLE_POINT,true,13.672182169,0.0009282194052822046,0,0.0,0,material_composite_production_REU,eqpzs,IND_REU_NEW_ELMA,0.0009282194052822046,EOL_FLOW_EOL_DE_ELMA_INC,0.0,,1.0,2.0,0.5,0.5,0.5,1.0,0.02,0.015,0.0175,continuation_trial,4,true
sensitivity_251,continuation_trial,virgin_metal_tax_tax_0_02,virgin_metal_tax,0.02,LOCALLY_INFEASIBLE,INFEASIBLE_POINT,false,20.106470181,0.0010790774429528804,1,0.0,0,material_composite_production_REU,eqpzs,IND_REU_NEW_ELMA,0.0010790774429528804,EOL_FLOW_EOL_DE_ELMA_INC,0.0,,1.0,2.0,0.5,0.5,0.5,1.0,0.02,0.0175,0.02,continuation_trial,5,false
sensitivity_251,continuation_trial,virgin_metal_tax_tax_0_018750000000000003,virgin_metal_tax,0.018750000000000003,LOCALLY_INFEASIBLE,INFEASIBLE_POINT,true,11.899939746,0.0009904216956598821,0,0.0,0,material_composite_production_REU,eqpzs,IND_REU_NEW_ELMA,0.0009904216956598821,EOL_FLOW_EOL_DE_ELMA_INC,0.0,,1.0,2.0,0.5,0.5,0.5,1.0,0.02,0.0175,0.018750000000000003,continuation_trial,6,true
sensitivity_251,continuation_trial,virgin_metal_tax_tax_0_02,virgin_metal_tax,0.02,LOCALLY_INFEASIBLE,INFEASIBLE_POINT,false,10.787390165,0.0010054336537260733,1,0.0,0,material_composite_production_REU,eqpzs,IND_REU_NEW_ELMA,0.0010054336537260733,EOL_FLOW_EOL_DE_ELMA_INC,0.0,,1.0,2.0,0.5,0.5,0.5,1.0,0.02,0.018750000000000003,0.02,continuation_trial,7,false
sensitivity_251,continuation_trial,virgin_metal_tax_tax_0_019375000000000003,virgin_metal_tax,0.019375000000000003,LOCALLY_INFEASIBLE,INFEASIBLE_POINT,false,11.550764392,0.0010026049127024317,1,0.0,0,material_composite_production_REU,eqpzs,IND_REU_NEW_ELMA,0.0010026049127024317,EOL_FLOW_EOL_DE_ELMA_INC,0.0,,1.0,2.0,0.5,0.5,0.5,1.0,0.02,0.018750000000000003,0.019375000000000003,continuation_trial,8,false
sensitivity_251,continuation_trial,virgin_metal_tax_tax_0_019062500000000003,virgin_metal_tax,0.019062500000000003,LOCALLY_INFEASIBLE,INFEASIBLE_POINT,false,11.217746517,0.0010115918551473202,1,0.0,0,material_composite_production_REU,eqpzs,IND_REU_NEW_ELMA,0.0010115918551473202,EOL_FLOW_EOL_DE_ELMA_INC,0.0,,1.0,2.0,0.5,0.5,0.5,1.0,0.02,0.018750000000000003,0.019062500000000003,continuation_trial,9,false
sensitivity_251,continuation_trial,virgin_metal_tax_tax_0_018906250000000003,virgin_metal_tax,0.018906250000000003,LOCALLY_INFEASIBLE,INFEASIBLE_POINT,false,10.810199927,0.0010119548922812305,1,0.0,0,material_composite_production_REU,eqpzs,IND_REU_NEW_ELMA,0.0010119548922812305,EOL_FLOW_EOL_DE_ELMA_INC,0.0,,1.0,2.0,0.5,0.5,0.5,1.0,0.02,0.018750000000000003,0.018906250000000003,continuation_trial,10,false
sensitivity_251,continuation_trial,virgin_metal_tax_tax_0_018828125,virgin_metal_tax,0.018828125,LOCALLY_INFEASIBLE,INFEASIBLE_POINT,true,9.449139026,0.0008260449045967011,0,0.0,0,material_composite_production_REU,eqpzs,IND_REU_NEW_ELMA,0.0008260449045967011,EOL_FLOW_EOL_DE_ELMA_INC,0.0,,1.0,2.0,0.5,0.5,0.5,1.0,0.02,0.018750000000000003,0.018828125,continuation_trial,11,true
sensitivity_251,continuation_trial,virgin_metal_tax_tax_0_018984375,virgin_metal_tax,0.018984375,LOCALLY_INFEASIBLE,INFEASIBLE_POINT,true,7.645456815,0.0008443053418424329,0,0.0,0,material_composite_production_REU,eqpzs,IND_REU_NEW_ELMA,0.0008443053418424329,EOL_FLOW_EOL_DE_ELMA_INC,0.0,,1.0,2.0,0.5,0.5,0.5,1.0,0.02,0.018828125,0.018984375,continuation_trial,12,true
sensitivity_251,continuation_trial,virgin_metal_tax_tax_0_019296875,virgin_metal_tax,0.019296875,LOCALLY_INFEASIBLE,INFEASIBLE_POINT,true,6.705233624,0.0009398401681409707,0,0.0,0,material_composite_production_REU,eqpzs,IND_REU_NEW_ELMA,0.0009398401681409707,EOL_FLOW_EOL_DE_ELMA_INC,0.0,,1.0,2.0,0.5,0.5,0.5,1.0,0.02,0.018984375,0.019296875,continuation_trial,13,true
sensitivity_251,continuation_trial,virgin_metal_tax_tax_0_019921875,virgin_metal_tax,0.019921875,LOCALLY_INFEASIBLE,INFEASIBLE_POINT,true,10.432647118,0.0008715812655218924,0,0.0,0,material_composite_production_SK,eqpzs,IND_SK_NEW_ELMA,0.0008715812655218924,EOL_FLOW_EOL_DE_ELMA_INC,0.0,,1.0,2.0,0.5,0.5,0.5,1.0,0.02,0.019296875,0.019921875,continuation_trial,14,true
sensitivity_251,continuation_trial,virgin_metal_tax_tax_0_02,virgin_metal_tax,0.02,LOCALLY_INFEASIBLE,INFEASIBLE_POINT,false,9.223976218,0.0010184310632174176,1,0.0,0,material_composite_production_REU,eqpzs,IND_REU_NEW_ELMA,0.0010184310632174176,EOL_FLOW_EOL_DE_ELMA_INC,0.0,,1.0,2.0,0.5,0.5,0.5,1.0,0.02,0.019921875,0.02,continuation_trial,15,false
sensitivity_251,continuation_trial,virgin_metal_tax_tax_0_019960937499999998,virgin_metal_tax,0.019960937499999998,LOCALLY_INFEASIBLE,INFEASIBLE_POINT,false,5.232190232,0.0010255696115516466,1,0.0,0,material_composite_production_REU,eqpzs,IND_REU_NEW_ELMA,0.0010255696115516466,EOL_FLOW_EOL_DE_ELMA_INC,0.0,,1.0,2.0,0.5,0.5,0.5,1.0,0.02,0.019921875,0.019960937499999998,continuation_trial,16,false
sensitivity_251,predictor_target,virgin_metal_tax_tax_0_02,virgin_metal_tax,0.02,LOCALLY_INFEASIBLE,INFEASIBLE_POINT,true,2.753281102,0.0008877340057305005,0,0.0,0,material_composite_production_SK,eqpzs,IND_SK_NEW_ELMA,0.0008877340057305005,EOL_FLOW_EOL_DE_ELMA_INC,0.0,,1.0,2.0,0.5,0.5,0.5,1.0,0.02,0.019921875,0.02,predictor_target,17,true
sensitivity_251,baseline,baseline,,0.0,ALMOST_LOCALLY_SOLVED,NEARLY_FEASIBLE_POINT,true,3.803037628,5.054579410579407e-7,0,0.0,0,observed_physical_flow_links,quantity_link,physical_SK_OFMA_REP_route_input_mass,5.054579410579407e-7,EOL_FLOW_EOL_DE_ELMA_INC,0.0,,1.0,2.0,0.5,0.5,0.5,1.0,0.0,0.0,0.0,baseline,1,true
sensitivity_305,direct_target,virgin_metal_tax_tax_0_0025,virgin_metal_tax,0.0025,LOCALLY_INFEASIBLE,INFEASIBLE_POINT,true,27.520936519,0.00013162610761807692,0,0.0,0,material_composite_production_REU,eqpzs,IND_REU_NEW_ELMA,0.00013162610761807692,EOL_FLOW_EOL_DE_ELMA_INC,0.0,,1.0,2.0,0.5,2.0,0.5,1.0,0.0025,0.0,0.0025,direct_target,1,true
sensitivity_305,direct_target,virgin_metal_tax_tax_0_005,virgin_metal_tax,0.005,LOCALLY_INFEASIBLE,INFEASIBLE_POINT,true,12.715526191,0.0002600277604243306,0,0.0,0,material_composite_production_REU,eqpzs,IND_REU_NEW_ELMA,0.0002600277604243306,EOL_FLOW_EOL_DE_ELMA_INC,0.0,,1.0,2.0,0.5,2.0,0.5,1.0,0.005,0.0025,0.005,direct_target,1,true
sensitivity_305,direct_target,virgin_metal_tax_tax_0_01,virgin_metal_tax,0.01,LOCALLY_INFEASIBLE,INFEASIBLE_POINT,true,14.356619049,0.0005009498512597022,0,0.0,0,material_composite_production_REU,eqpzs,IND_REU_NEW_ELMA,0.0005009498512597022,EOL_FLOW_EOL_DE_ELMA_INC,0.0,,1.0,2.0,0.5,2.0,0.5,1.0,0.01,0.005,0.01,direct_target,1,true
sensitivity_305,direct_target,virgin_metal_tax_tax_0_02,virgin_metal_tax,0.02,LOCALLY_INFEASIBLE,INFEASIBLE_POINT,false,16.70740338,0.0010636128198140415,1,0.0,0,material_composite_production_REU,eqpzs,IND_REU_NEW_ELMA,0.0010636128198140415,EOL_FLOW_EOL_DE_ELMA_INC,0.0,,1.0,2.0,0.5,2.0,0.5,1.0,0.02,0.01,0.02,direct_target,1,false
sensitivity_305,continuation_trial,virgin_metal_tax_tax_0_015,virgin_metal_tax,0.015,LOCALLY_INFEASIBLE,INFEASIBLE_POINT,true,16.992631436,0.0007668635032815896,0,0.0,0,material_composite_production_REU,eqpzs,IND_REU_NEW_ELMA,0.0007668635032815896,EOL_FLOW_EOL_DE_ELMA_INC,0.0,,1.0,2.0,0.5,2.0,0.5,1.0,0.02,0.01,0.015,continuation_trial,2,true
sensitivity_305,continuation_trial,virgin_metal_tax_tax_0_02,virgin_metal_tax,0.02,LOCALLY_INFEASIBLE,INFEASIBLE_POINT,false,28.514745559,0.0010693543605136968,1,0.0,0,material_composite_production_REU,eqpzs,IND_REU_NEW_ELMA,0.0010693543605136968,EOL_FLOW_EOL_DE_ELMA_INC,0.0,,1.0,2.0,0.5,2.0,0.5,1.0,0.02,0.015,0.02,continuation_trial,3,false
sensitivity_305,continuation_trial,virgin_metal_tax_tax_0_0175,virgin_metal_tax,0.0175,LOCALLY_INFEASIBLE,INFEASIBLE_POINT,false,50.016789745,0.08629128904016525,6,0.0,0,observed_physical_flow_links,quantity_link,physical_SK_OFMA_REP_route_input_mass,0.08629128904016525,EOL_FLOW_EOL_DE_ELMA_INC,0.0,,1.0,2.0,0.5,2.0,0.5,1.0,0.02,0.015,0.0175,continuation_trial,4,false
sensitivity_305,continuation_trial,virgin_metal_tax_tax_0_01625,virgin_metal_tax,0.01625,LOCALLY_INFEASIBLE,INFEASIBLE_POINT,true,16.975677168,0.0008640582425654131,0,0.0,0,material_composite_production_REU,eqpzs,IND_REU_NEW_ELMA,0.0008640582425654131,EOL_FLOW_EOL_DE_ELMA_INC,0.0,,1.0,2.0,0.5,2.0,0.5,1.0,0.02,0.015,0.01625,continuation_trial,5,true
sensitivity_305,continuation_trial,virgin_metal_tax_tax_0_018750000000000003,virgin_metal_tax,0.018750000000000003,LOCALLY_INFEASIBLE,INFEASIBLE_POINT,false,24.757025733,0.001006585384360048,1,0.0,0,material_composite_production_REU,eqpzs,IND_REU_NEW_ELMA,0.001006585384360048,EOL_FLOW_EOL_DE_ELMA_INC,0.0,,1.0,2.0,0.5,2.0,0.5,1.0,0.02,0.01625,0.018750000000000003,continuation_trial,6,false
sensitivity_305,continuation_trial,virgin_metal_tax_tax_0_0175,virgin_metal_tax,0.0175,LOCALLY_INFEASIBLE,INFEASIBLE_POINT,true,13.396690702,0.0009114567653377703,0,0.0,0,material_composite_production_REU,eqpzs,IND_REU_NEW_ELMA,0.0009114567653377703,EOL_FLOW_EOL_DE_ELMA_INC,0.0,,1.0,2.0,0.5,2.0,0.5,1.0,0.02,0.01625,0.0175,continuation_trial,7,true
sensitivity_305,continuation_trial,virgin_metal_tax_tax_0_02,virgin_metal_tax,0.02,LOCALLY_INFEASIBLE,INFEASIBLE_POINT,false,25.987522946,0.0010798394580674442,1,0.0,0,material_composite_production_REU,eqpzs,IND_REU_NEW_ELMA,0.0010798394580674442,EOL_FLOW_EOL_DE_ELMA_INC,0.0,,1.0,2.0,0.5,2.0,0.5,1.0,0.02,0.0175,0.02,continuation_trial,8,false
sensitivity_305,continuation_trial,virgin_metal_tax_tax_0_018750000000000003,virgin_metal_tax,0.018750000000000003,LOCALLY_INFEASIBLE,INFEASIBLE_POINT,true,14.109202295,0.0009945858049911216,0,0.0,0,material_composite_production_REU,eqpzs,IND_REU_NEW_ELMA,0.0009945858049911216,EOL_FLOW_EOL_DE_ELMA_INC,0.0,,1.0,2.0,0.5,2.0,0.5,1.0,0.02,0.0175,0.018750000000000003,continuation_trial,9,true
sensitivity_305,continuation_trial,virgin_metal_tax_tax_0_02,virgin_metal_tax,0.02,LOCALLY_INFEASIBLE,INFEASIBLE_POINT,false,12.040280379,0.0010612531512206314,1,0.0,0,material_composite_production_REU,eqpzs,IND_REU_NEW_ELMA,0.0010612531512206314,EOL_FLOW_EOL_DE_ELMA_INC,0.0,,1.0,2.0,0.5,2.0,0.5,1.0,0.02,0.018750000000000003,0.02,continuation_trial,10,false
sensitivity_305,continuation_trial,virgin_metal_tax_tax_0_019375000000000003,virgin_metal_tax,0.019375000000000003,LOCALLY_INFEASIBLE,INFEASIBLE_POINT,false,15.637103396,0.0010355887968214184,1,0.0,0,material_composite_production_REU,eqpzs,IND_REU_NEW_ELMA,0.0010355887968214184,EOL_FLOW_EOL_DE_ELMA_INC,0.0,,1.0,2.0,0.5,2.0,0.5,1.0,0.02,0.018750000000000003,0.019375000000000003,continuation_trial,11,false
sensitivity_305,continuation_trial,virgin_metal_tax_tax_0_019062500000000003,virgin_metal_tax,0.019062500000000003,LOCALLY_INFEASIBLE,INFEASIBLE_POINT,false,19.156396232,0.0010288033455380097,1,0.0,0,material_composite_production_REU,eqpzs,IND_REU_NEW_ELMA,0.0010288033455380097,EOL_FLOW_EOL_DE_ELMA_INC,0.0,,1.0,2.0,0.5,2.0,0.5,1.0,0.02,0.018750000000000003,0.019062500000000003,continuation_trial,12,false
sensitivity_305,continuation_trial,virgin_metal_tax_tax_0_018906250000000003,virgin_metal_tax,0.018906250000000003,LOCALLY_INFEASIBLE,INFEASIBLE_POINT,true,10.051979688,0.0008629469615042407,0,0.0,0,material_composite_production_REU,eqpzs,IND_REU_NEW_ELMA,0.0008629469615042407,EOL_FLOW_EOL_DE_ELMA_INC,0.0,,1.0,2.0,0.5,2.0,0.5,1.0,0.02,0.018750000000000003,0.018906250000000003,continuation_trial,13,true
sensitivity_305,continuation_trial,virgin_metal_tax_tax_0_019218750000000003,virgin_metal_tax,0.019218750000000003,LOCALLY_INFEASIBLE,INFEASIBLE_POINT,false,16.503088536,0.001021948152593155,1,0.0,0,material_composite_production_REU,eqpzs,IND_REU_NEW_ELMA,0.001021948152593155,EOL_FLOW_EOL_DE_ELMA_INC,0.0,,1.0,2.0,0.5,2.0,0.5,1.0,0.02,0.018906250000000003,0.019218750000000003,continuation_trial,14,false
sensitivity_305,continuation_trial,virgin_metal_tax_tax_0_019062500000000003,virgin_metal_tax,0.019062500000000003,LOCALLY_INFEASIBLE,INFEASIBLE_POINT,false,14.2303054,0.001022661208495479,1,0.0,0,material_composite_production_REU,eqpzs,IND_REU_NEW_ELMA,0.001022661208495479,EOL_FLOW_EOL_DE_ELMA_INC,0.0,,1.0,2.0,0.5,2.0,0.5,1.0,0.02,0.018906250000000003,0.019062500000000003,continuation_trial,15,false
sensitivity_305,continuation_trial,virgin_metal_tax_tax_0_018984375,virgin_metal_tax,0.018984375,LOCALLY_INFEASIBLE,INFEASIBLE_POINT,true,6.634247227,0.0008671393166876928,0,0.0,0,material_composite_production_REU,eqpzs,IND_REU_NEW_ELMA,0.0008671393166876928,EOL_FLOW_EOL_DE_ELMA_INC,0.0,,1.0,2.0,0.5,2.0,0.5,1.0,0.02,0.018906250000000003,0.018984375,continuation_trial,16,true
sensitivity_305,continuation_trial,virgin_metal_tax_tax_0_019140625,virgin_metal_tax,0.019140625,LOCALLY_INFEASIBLE,INFEASIBLE_POINT,false,9.812234559,0.0010205188456325898,1,0.0,0,material_composite_production_REU,eqpzs,IND_REU_NEW_ELMA,0.0010205188456325898,EOL_FLOW_EOL_DE_ELMA_INC,0.0,,1.0,2.0,0.5,2.0,0.5,1.0,0.02,0.018984375,0.019140625,continuation_trial,17,false
sensitivity_305,continuation_trial,virgin_metal_tax_tax_0_0190625,virgin_metal_tax,0.0190625,LOCALLY_INFEASIBLE,INFEASIBLE_POINT,false,14.139742357,0.0010178280732053846,1,0.0,0,material_composite_production_REU,eqpzs,IND_REU_NEW_ELMA,0.0010178280732053846,EOL_FLOW_EOL_DE_ELMA_INC,0.0,,1.0,2.0,0.5,2.0,0.5,1.0,0.02,0.018984375,0.0190625,continuation_trial,18,false
sensitivity_305,continuation_trial,virgin_metal_tax_tax_0_0190234375,virgin_metal_tax,0.0190234375,LOCALLY_INFEASIBLE,INFEASIBLE_POINT,false,12.17944824,0.0010246765396542123,1,0.0,0,material_composite_production_REU,eqpzs,IND_REU_NEW_ELMA,0.0010246765396542123,EOL_FLOW_EOL_DE_ELMA_INC,0.0,,1.0,2.0,0.5,2.0,0.5,1.0,0.02,0.018984375,0.0190234375,continuation_trial,19,false
sensitivity_305,predictor_target,virgin_metal_tax_tax_0_02,virgin_metal_tax,0.02,LOCALLY_INFEASIBLE,INFEASIBLE_POINT,true,13.09451268,0.0009823849567647258,0,0.0,0,material_composite_production_REU,eqpzs,IND_REU_NEW_ELMA,0.0009823849567647258,EOL_FLOW_EOL_DE_ELMA_INC,0.0,,1.0,2.0,0.5,2.0,0.5,1.0,0.02,0.018984375,0.02,predictor_target,20,true
sensitivity_305,baseline,baseline,,0.0,ALMOST_LOCALLY_SOLVED,NEARLY_FEASIBLE_POINT,true,2.093436415,5.082076299789406e-7,0,0.0,0,observed_physical_flow_links,quantity_link,physical_SK_OFMA_REP_route_input_mass,5.082076299789406e-7,EOL_FLOW_EOL_DE_ELMA_INC,0.0,,1.0,2.0,0.5,2.0,0.5,1.0,0.0,0.0,0.0,baseline,1,true
sensitivity_346,direct_target,virgin_metal_tax_tax_0_0025,virgin_metal_tax,0.0025,LOCALLY_INFEASIBLE,INFEASIBLE_POINT,true,10.155026037,0.00013061082416976344,0,0.0,0,material_composite_production_REU,eqpzs,IND_REU_NEW_ELMA,0.00013061082416976344,EOL_FLOW_EOL_DE_ELMA_INC,0.0,,0.5,1.0,2.0,0.5,1.0,1.0,0.0025,0.0,0.0025,direct_target,1,true
sensitivity_346,direct_target,virgin_metal_tax_tax_0_005,virgin_metal_tax,0.005,LOCALLY_INFEASIBLE,INFEASIBLE_POINT,true,13.342157205,0.0002682766824124716,0,0.0,0,material_composite_production_REU,eqpzs,IND_REU_NEW_ELMA,0.0002682766824124716,EOL_FLOW_EOL_DE_ELMA_INC,0.0,,0.5,1.0,2.0,0.5,1.0,1.0,0.005,0.0025,0.005,direct_target,1,true
sensitivity_346,direct_target,virgin_metal_tax_tax_0_01,virgin_metal_tax,0.01,LOCALLY_INFEASIBLE,INFEASIBLE_POINT,true,9.388500323,0.0005156869532338959,0,0.0,0,material_composite_production_REU,eqpzs,IND_REU_NEW_ELMA,0.0005156869532338959,EOL_FLOW_EOL_DE_ELMA_INC,0.0,,0.5,1.0,2.0,0.5,1.0,1.0,0.01,0.005,0.01,direct_target,1,true
sensitivity_346,direct_target,virgin_metal_tax_tax_0_02,virgin_metal_tax,0.02,LOCALLY_INFEASIBLE,INFEASIBLE_POINT,false,13.037721114,0.0010584448947064118,1,0.0,0,material_composite_production_REU,eqpzs,IND_REU_NEW_ELMA,0.0010584448947064118,EOL_FLOW_EOL_DE_ELMA_INC,0.0,,0.5,1.0,2.0,0.5,1.0,1.0,0.02,0.01,0.02,direct_target,1,false
sensitivity_346,continuation_trial,virgin_metal_tax_tax_0_015,virgin_metal_tax,0.015,LOCALLY_INFEASIBLE,INFEASIBLE_POINT,true,12.566000069,0.0005343030011966068,0,9.838692427152846e-9,0,common_eu_trade,eu_cet_quantity,NEW_ELMA|SK,0.0005343030011966068,Y_IND_SK_NEW_OFMA,9.838692427152846e-9,,0.5,1.0,2.0,0.5,1.0,1.0,0.02,0.01,0.015,continuation_trial,2,true
sensitivity_346,continuation_trial,virgin_metal_tax_tax_0_02,virgin_metal_tax,0.02,LOCALLY_INFEASIBLE,INFEASIBLE_POINT,false,41.354549214,0.11072024112694874,2,0.0,0,common_eu_trade,eu_cet_quantity,NEW_OFMA|SK,0.11072024112694874,EOL_FLOW_EOL_DE_ELMA_INC,0.0,,0.5,1.0,2.0,0.5,1.0,1.0,0.02,0.015,0.02,continuation_trial,3,false
sensitivity_346,continuation_trial,virgin_metal_tax_tax_0_0175,virgin_metal_tax,0.0175,LOCALLY_INFEASIBLE,INFEASIBLE_POINT,true,38.127937618,0.000901019516368588,0,2.2148262625096595e-9,0,common_eu_trade,eu_cet_quantity,NEW_ELMA|REU,0.000901019516368588,Y_IND_SK_NEW_OFMA,2.2148262625096595e-9,,0.5,1.0,2.0,0.5,1.0,1.0,0.02,0.015,0.0175,continuation_trial,4,true
sensitivity_346,continuation_trial,virgin_metal_tax_tax_0_02,virgin_metal_tax,0.02,LOCALLY_INFEASIBLE,INFEASIBLE_POINT,false,16.339447623,0.0010625158527425265,1,0.0,0,common_eu_trade,eu_cet_quantity,NEW_ELMA|SK,0.0010625158527425265,EOL_FLOW_EOL_DE_ELMA_INC,0.0,,0.5,1.0,2.0,0.5,1.0,1.0,0.02,0.0175,0.02,continuation_trial,5,false
sensitivity_346,continuation_trial,virgin_metal_tax_tax_0_018750000000000003,virgin_metal_tax,0.018750000000000003,LOCALLY_INFEASIBLE,INFEASIBLE_POINT,true,25.9103255,0.0009949837879953119,0,0.0,0,common_eu_trade,eu_cet_quantity,NEW_ELMA|SK,0.0009949837879953119,EOL_FLOW_EOL_DE_ELMA_INC,0.0,,0.5,1.0,2.0,0.5,1.0,1.0,0.02,0.0175,0.018750000000000003,continuation_trial,6,true
sensitivity_346,continuation_trial,virgin_metal_tax_tax_0_02,virgin_metal_tax,0.02,LOCALLY_INFEASIBLE,INFEASIBLE_POINT,false,20.736548593,0.0010793575794397704,1,0.0,0,common_eu_trade,eu_cet_quantity,NEW_ELMA|SK,0.0010793575794397704,EOL_FLOW_EOL_DE_ELMA_INC,0.0,,0.5,1.0,2.0,0.5,1.0,1.0,0.02,0.018750000000000003,0.02,continuation_trial,7,false
sensitivity_346,continuation_trial,virgin_metal_tax_tax_0_019375000000000003,virgin_metal_tax,0.019375000000000003,LOCALLY_INFEASIBLE,INFEASIBLE_POINT,false,24.106046514,0.0010663364048545416,1,0.0,0,common_eu_trade,eu_cet_quantity,NEW_ELMA|SK,0.0010663364048545416,EOL_FLOW_EOL_DE_ELMA_INC,0.0,,0.5,1.0,2.0,0.5,1.0,1.0,0.02,0.018750000000000003,0.019375000000000003,continuation_trial,8,false
sensitivity_346,continuation_trial,virgin_metal_tax_tax_0_019062500000000003,virgin_metal_tax,0.019062500000000003,LOCALLY_INFEASIBLE,INFEASIBLE_POINT,false,16.156249692,0.001023424432534985,1,0.0,0,common_eu_trade,eu_cet_quantity,NEW_ELMA|SK,0.001023424432534985,EOL_FLOW_EOL_DE_ELMA_INC,0.0,,0.5,1.0,2.0,0.5,1.0,1.0,0.02,0.018750000000000003,0.019062500000000003,continuation_trial,9,false
sensitivity_346,continuation_trial,virgin_metal_tax_tax_0_018906250000000003,virgin_metal_tax,0.018906250000000003,LOCALLY_INFEASIBLE,INFEASIBLE_POINT,false,22.651806924,0.0010463323776395204,2,7.031139380724402e-9,0,common_eu_trade,eu_cet_quantity,NEW_ELMA|SK,0.0010463323776395204,Y_IND_SK_NEW_OFMA,7.031139380724402e-9,,0.5,1.0,2.0,0.5,1.0,1.0,0.02,0.018750000000000003,0.018906250000000003,continuation_trial,10,false
sensitivity_346,continuation_trial,virgin_metal_tax_tax_0_018828125,virgin_metal_tax,0.018828125,LOCALLY_INFEASIBLE,INFEASIBLE_POINT,false,15.577758828,0.0010271440275069314,1,0.0,0,common_eu_trade,eu_cet_quantity,NEW_ELMA|SK,0.0010271440275069314,EOL_FLOW_EOL_DE_ELMA_INC,0.0,,0.5,1.0,2.0,0.5,1.0,1.0,0.02,0.018750000000000003,0.018828125,continuation_trial,11,false
sensitivity_346,continuation_trial,virgin_metal_tax_tax_0_018789062500000002,virgin_metal_tax,0.018789062500000002,LOCALLY_INFEASIBLE,INFEASIBLE_POINT,false,18.363076862,0.001006233279462696,1,0.0,0,common_eu_trade,eu_cet_quantity,NEW_ELMA|SK,0.001006233279462696,EOL_FLOW_EOL_DE_ELMA_INC,0.0,,0.5,1.0,2.0,0.5,1.0,1.0,0.02,0.018750000000000003,0.018789062500000002,continuation_trial,12,false
sensitivity_346,predictor_target,virgin_metal_tax_tax_0_02,virgin_metal_tax,0.02,INVALID_MODEL,FEASIBLE_POINT,false,3.588449236,0.8773835388469177,9,0.0,0,production_SK,eqpzs,IND_SK_NEW_OFMA,0.8773835388469177,EOL_FLOW_EOL_DE_ELMA_INC,0.0,,0.5,1.0,2.0,0.5,1.0,1.0,0.02,0.018750000000000003,0.02,predictor_target,13,false
sensitivity_346,baseline,baseline,,0.0,ALMOST_LOCALLY_SOLVED,NEARLY_FEASIBLE_POINT,true,3.712281408,4.768469678007037e-7,0,0.0,0,observed_physical_flow_links,quantity_link,physical_SK_OFMA_REP_route_input_mass,4.768469678007037e-7,EOL_FLOW_EOL_DE_ELMA_INC,0.0,,0.5,1.0,2.0,0.5,1.0,1.0,0.0,0.0,0.0,baseline,1,true
sensitivity_357,direct_target,virgin_metal_tax_tax_0_0025,virgin_metal_tax,0.0025,LOCALLY_INFEASIBLE,INFEASIBLE_POINT,true,76.318943116,0.00012834645549897328,0,0.0,0,material_composite_production_REU,eqpzs,IND_REU_NEW_ELMA,0.00012834645549897328,EOL_FLOW_EOL_DE_ELMA_INC,0.0,,2.0,1.0,0.5,1.0,1.0,1.0,0.0025,0.0,0.0025,direct_target,1,true
sensitivity_357,direct_target,virgin_metal_tax_tax_0_005,virgin_metal_tax,0.005,LOCALLY_INFEASIBLE,INFEASIBLE_POINT,false,38.395149484,0.003951183073937159,1,0.0,0,observed_physical_flow_links,quantity_link,physical_SK_OFMA_REP_route_input_mass,0.003951183073937159,EOL_FLOW_EOL_DE_ELMA_INC,0.0,,2.0,1.0,0.5,1.0,1.0,1.0,0.005,0.0025,0.005,direct_target,1,false
sensitivity_357,continuation_trial,virgin_metal_tax_tax_0_00375,virgin_metal_tax,0.00375,ALMOST_LOCALLY_SOLVED,NEARLY_FEASIBLE_POINT,true,4.692012223,5.75742424286346e-5,0,0.0,0,common_eu_trade,eu_cet_quantity,NEW_ELMA|REU,5.75742424286346e-5,EOL_FLOW_EOL_DE_ELMA_INC,0.0,,2.0,1.0,0.5,1.0,1.0,1.0,0.005,0.0025,0.00375,continuation_trial,2,true
sensitivity_357,continuation_trial,virgin_metal_tax_tax_0_005,virgin_metal_tax,0.005,LOCALLY_INFEASIBLE,INFEASIBLE_POINT,true,13.616500015,0.00018398935675911776,0,0.0,0,material_composite_production_REU,eqpzs,IND_REU_NEW_ELMA,0.00018398935675911776,EOL_FLOW_EOL_DE_ELMA_INC,0.0,,2.0,1.0,0.5,1.0,1.0,1.0,0.005,0.00375,0.005,continuation_trial,3,true
sensitivity_357,direct_target,virgin_metal_tax_tax_0_01,virgin_metal_tax,0.01,LOCALLY_INFEASIBLE,INFEASIBLE_POINT,true,11.637342149,0.0004358857595160679,0,0.0,0,common_eu_trade,eu_cet_quantity,NEW_ELMA|SK,0.0004358857595160679,EOL_FLOW_EOL_DE_ELMA_INC,0.0,,2.0,1.0,0.5,1.0,1.0,1.0,0.01,0.005,0.01,direct_target,1,true
sensitivity_357,direct_target,virgin_metal_tax_tax_0_02,virgin_metal_tax,0.02,LOCALLY_INFEASIBLE,INFEASIBLE_POINT,false,20.421214512,0.001124553407813886,1,0.0,0,common_eu_trade,eu_cet_quantity,NEW_ELMA|SK,0.001124553407813886,EOL_FLOW_EOL_DE_ELMA_INC,0.0,,2.0,1.0,0.5,1.0,1.0,1.0,0.02,0.01,0.02,direct_target,1,false
sensitivity_357,continuation_trial,virgin_metal_tax_tax_0_015,virgin_metal_tax,0.015,LOCALLY_INFEASIBLE,INFEASIBLE_POINT,true,16.230104873,0.0008012103816388962,0,0.0,0,common_eu_trade,eu_cet_quantity,NEW_ELMA|SK,0.0008012103816388962,EOL_FLOW_EOL_DE_ELMA_INC,0.0,,2.0,1.0,0.5,1.0,1.0,1.0,0.02,0.01,0.015,continuation_trial,2,true
sensitivity_357,continuation_trial,virgin_metal_tax_tax_0_02,virgin_metal_tax,0.02,LOCALLY_INFEASIBLE,INFEASIBLE_POINT,false,21.47664625,0.00101544271579817,1,0.0,0,common_eu_trade,eu_cet_quantity,NEW_ELMA|SK,0.00101544271579817,EOL_FLOW_EOL_DE_ELMA_INC,0.0,,2.0,1.0,0.5,1.0,1.0,1.0,0.02,0.015,0.02,continuation_trial,3,false
sensitivity_357,continuation_trial,virgin_metal_tax_tax_0_0175,virgin_metal_tax,0.0175,LOCALLY_INFEASIBLE,INFEASIBLE_POINT,true,26.612675003,0.0009170642607477835,0,0.0,0,common_eu_trade,eu_cet_quantity,NEW_ELMA|SK,0.0009170642607477835,EOL_FLOW_EOL_DE_ELMA_INC,0.0,,2.0,1.0,0.5,1.0,1.0,1.0,0.02,0.015,0.0175,continuation_trial,4,true
sensitivity_357,continuation_trial,virgin_metal_tax_tax_0_02,virgin_metal_tax,0.02,LOCALLY_INFEASIBLE,INFEASIBLE_POINT,false,26.881985077,0.0010415678730328656,1,0.0,0,common_eu_trade,eu_cet_quantity,NEW_ELMA|SK,0.0010415678730328656,EOL_FLOW_EOL_DE_ELMA_INC,0.0,,2.0,1.0,0.5,1.0,1.0,1.0,0.02,0.0175,0.02,continuation_trial,5,false
sensitivity_357,continuation_trial,virgin_metal_tax_tax_0_018750000000000003,virgin_metal_tax,0.018750000000000003,TIME_LIMIT,NEARLY_FEASIBLE_POINT,false,124.414308839,0.0009834674439998328,0,0.0,0,common_eu_trade,eu_cet_quantity,NEW_ELMA|SK,0.0009834674439998328,EOL_FLOW_EOL_DE_ELMA_INC,0.0,,2.0,1.0,0.5,1.0,1.0,1.0,0.02,0.0175,0.018750000000000003,continuation_trial,6,false
sensitivity_357,continuation_trial,virgin_metal_tax_tax_0_018125000000000002,virgin_metal_tax,0.018125000000000002,LOCALLY_INFEASIBLE,INFEASIBLE_POINT,false,48.829182823,0.011546782356986363,2,0.0,0,observed_physical_flow_links,quantity_link,physical_SK_OFMA_REP_route_input_mass,0.011546782356986363,EOL_FLOW_EOL_DE_ELMA_INC,0.0,,2.0,1.0,0.5,1.0,1.0,1.0,0.02,0.0175,0.018125000000000002,continuation_trial,7,false
sensitivity_357,continuation_trial,virgin_metal_tax_tax_0_017812500000000002,virgin_metal_tax,0.017812500000000002,LOCALLY_INFEASIBLE,INFEASIBLE_POINT,false,48.565460376,0.04442740753701091,1,0.0,0,observed_physical_flow_links,quantity_link,physical_SK_OFMA_REP_route_input_mass,0.04442740753701091,EOL_FLOW_EOL_DE_ELMA_INC,0.0,,2.0,1.0,0.5,1.0,1.0,1.0,0.02,0.0175,0.017812500000000002,continuation_trial,8,false
sensitivity_357,continuation_trial,virgin_metal_tax_tax_0_017656250000000002,virgin_metal_tax,0.017656250000000002,LOCALLY_INFEASIBLE,INFEASIBLE_POINT,false,31.600584307,0.03130903468707236,1,0.0,0,observed_physical_flow_links,quantity_link,physical_SK_OFMA_REP_route_input_mass,0.03130903468707236,EOL_FLOW_EOL_DE_ELMA_INC,0.0,,2.0,1.0,0.5,1.0,1.0,1.0,0.02,0.0175,0.017656250000000002,continuation_trial,9,false
sensitivity_357,continuation_trial,virgin_metal_tax_tax_0_017578125,virgin_metal_tax,0.017578125,LOCALLY_INFEASIBLE,INFEASIBLE_POINT,false,66.98149664,0.002601867027737348,1,0.0,0,observed_physical_flow_links,quantity_link,physical_SK_OFMA_REP_route_input_mass,0.002601867027737348,EOL_FLOW_EOL_DE_ELMA_INC,0.0,,2.0,1.0,0.5,1.0,1.0,1.0,0.02,0.0175,0.017578125,continuation_trial,10,false
sensitivity_357,continuation_trial,virgin_metal_tax_tax_0_0175390625,virgin_metal_tax,0.0175390625,LOCALLY_INFEASIBLE,INFEASIBLE_POINT,false,15.776556136,0.0010076382225401304,1,0.0,0,observed_physical_flow_links,quantity_link,physical_SK_OFMA_REP_route_input_mass,0.0010076382225401304,EOL_FLOW_EOL_DE_ELMA_INC,0.0,,2.0,1.0,0.5,1.0,1.0,1.0,0.02,0.0175,0.0175390625,continuation_trial,11,false
sensitivity_357,predictor_target,virgin_metal_tax_tax_0_02,virgin_metal_tax,0.02,INVALID_MODEL,FEASIBLE_POINT,false,3.557383139,0.23632272533150728,26,0.0,0,regional_government_demand,regional_output_tax,IND_SK_EXTRACTIVE|SK,0.23632272533150728,EOL_FLOW_EOL_DE_ELMA_INC,0.0,,2.0,1.0,0.5,1.0,1.0,1.0,0.02,0.0175,0.02,predictor_target,12,false
sensitivity_357,baseline,baseline,,0.0,ALMOST_LOCALLY_SOLVED,NEARLY_FEASIBLE_POINT,true,2.692094369,5.065250974212177e-7,0,0.0,0,observed_physical_flow_links,quantity_link,physical_SK_OFMA_REP_route_input_mass,5.065250974212177e-7,EOL_FLOW_EOL_DE_ELMA_INC,0.0,,2.0,1.0,0.5,1.0,1.0,1.0,0.0,0.0,0.0,baseline,1,true
sensitivity_383,direct_target,virgin_metal_tax_tax_0_0025,virgin_metal_tax,0.0025,LOCALLY_INFEASIBLE,INFEASIBLE_POINT,true,22.172789199,0.00012243142129009232,0,0.0,0,material_composite_production_REU,eqpzs,IND_REU_NEW_ELMA,0.00012243142129009232,EOL_FLOW_EOL_DE_ELMA_INC,0.0,,1.0,1.0,0.5,2.0,1.0,1.0,0.0025,0.0,0.0025,direct_target,1,true
sensitivity_383,direct_target,virgin_metal_tax_tax_0_005,virgin_metal_tax,0.005,LOCALLY_INFEASIBLE,INFEASIBLE_POINT,true,14.969766911,0.00018130254872735567,0,0.0,0,common_eu_trade,eu_cet_quantity,NEW_ELMA|SK,0.00018130254872735567,EOL_FLOW_EOL_DE_ELMA_INC,0.0,,1.0,1.0,0.5,2.0,1.0,1.0,0.005,0.0025,0.005,direct_target,1,true
sensitivity_383,direct_target,virgin_metal_tax_tax_0_01,virgin_metal_tax,0.01,LOCALLY_INFEASIBLE,INFEASIBLE_POINT,true,34.442138888,0.0004057835879749394,0,0.0,0,material_composite_production_REU,eqpzs,IND_REU_NEW_ELMA,0.0004057835879749394,EOL_FLOW_EOL_DE_ELMA_INC,0.0,,1.0,1.0,0.5,2.0,1.0,1.0,0.01,0.005,0.01,direct_target,1,true
sensitivity_383,direct_target,virgin_metal_tax_tax_0_02,virgin_metal_tax,0.02,LOCALLY_INFEASIBLE,INFEASIBLE_POINT,false,28.130681608,0.0011128202657610495,1,0.0,0,common_eu_trade,eu_cet_quantity,NEW_ELMA|SK,0.0011128202657610495,EOL_FLOW_EOL_DE_ELMA_INC,0.0,,1.0,1.0,0.5,2.0,1.0,1.0,0.02,0.01,0.02,direct_target,1,false
sensitivity_383,continuation_trial,virgin_metal_tax_tax_0_015,virgin_metal_tax,0.015,LOCALLY_INFEASIBLE,INFEASIBLE_POINT,false,35.155459518,0.0017937408882495731,1,0.0,0,observed_physical_flow_links,quantity_link,physical_SK_OFMA_REP_route_input_mass,0.0017937408882495731,EOL_FLOW_EOL_DE_ELMA_INC,0.0,,1.0,1.0,0.5,2.0,1.0,1.0,0.02,0.01,0.015,continuation_trial,2,false
sensitivity_383,continuation_trial,virgin_metal_tax_tax_0_0125,virgin_metal_tax,0.0125,LOCALLY_INFEASIBLE,INFEASIBLE_POINT,true,41.973892556,0.0007335995444667348,0,0.0,0,common_eu_trade,eu_cet_quantity,NEW_ELMA|SK,0.0007335995444667348,EOL_FLOW_EOL_DE_ELMA_INC,0.0,,1.0,1.0,0.5,2.0,1.0,1.0,0.02,0.01,0.0125,continuation_trial,3,true
sensitivity_383,continuation_trial,virgin_metal_tax_tax_0_0175,virgin_metal_tax,0.0175,LOCALLY_INFEASIBLE,INFEASIBLE_POINT,true,55.133759298,0.0009239511451113418,0,0.0,0,common_eu_trade,eu_cet_quantity,NEW_ELMA|SK,0.0009239511451113418,EOL_FLOW_EOL_DE_ELMA_INC,0.0,,1.0,1.0,0.5,2.0,1.0,1.0,0.02,0.0125,0.0175,continuation_trial,4,true
sensitivity_383,continuation_trial,virgin_metal_tax_tax_0_02,virgin_metal_tax,0.02,LOCALLY_INFEASIBLE,INFEASIBLE_POINT,false,19.308672486,0.0010126055487732842,1,0.0,0,common_eu_trade,eu_cet_quantity,NEW_ELMA|SK,0.0010126055487732842,EOL_FLOW_EOL_DE_ELMA_INC,0.0,,1.0,1.0,0.5,2.0,1.0,1.0,0.02,0.0175,0.02,continuation_trial,5,false
sensitivity_383,continuation_trial,virgin_metal_tax_tax_0_018750000000000003,virgin_metal_tax,0.018750000000000003,LOCALLY_INFEASIBLE,INFEASIBLE_POINT,true,26.725608729,0.0009891981481707785,0,0.0,0,common_eu_trade,eu_cet_quantity,NEW_ELMA|SK,0.0009891981481707785,EOL_FLOW_EOL_DE_ELMA_INC,0.0,,1.0,1.0,0.5,2.0,1.0,1.0,0.02,0.0175,0.018750000000000003,continuation_trial,6,true
sensitivity_383,continuation_trial,virgin_metal_tax_tax_0_02,virgin_metal_tax,0.02,LOCALLY_INFEASIBLE,INFEASIBLE_POINT,false,46.046421161,0.003281126495261355,1,0.0,0,observed_physical_flow_links,quantity_link,physical_SK_OFMA_REP_route_input_mass,0.003281126495261355,EOL_FLOW_EOL_DE_ELMA_INC,0.0,,1.0,1.0,0.5,2.0,1.0,1.0,0.02,0.018750000000000003,0.02,continuation_trial,7,false
sensitivity_383,continuation_trial,virgin_metal_tax_tax_0_019375000000000003,virgin_metal_tax,0.019375000000000003,LOCALLY_INFEASIBLE,INFEASIBLE_POINT,true,109.403795432,0.0009693496047519528,0,0.0,0,common_eu_trade,eu_cet_quantity,NEW_ELMA|SK,0.0009693496047519528,EOL_FLOW_EOL_DE_ELMA_INC,0.0,,1.0,1.0,0.5,2.0,1.0,1.0,0.02,0.018750000000000003,0.019375000000000003,continuation_trial,8,true
sensitivity_383,continuation_trial,virgin_metal_tax_tax_0_02,virgin_metal_tax,0.02,LOCALLY_INFEASIBLE,INFEASIBLE_POINT,false,74.260582967,0.0010038255462166239,1,0.0,0,common_eu_trade,eu_cet_quantity,NEW_ELMA|SK,0.0010038255462166239,EOL_FLOW_EOL_DE_ELMA_INC,0.0,,1.0,1.0,0.5,2.0,1.0,1.0,0.02,0.019375000000000003,0.02,continuation_trial,9,false
sensitivity_383,continuation_trial,virgin_metal_tax_tax_0_019687500000000004,virgin_metal_tax,0.019687500000000004,LOCALLY_INFEASIBLE,INFEASIBLE_POINT,false,77.982080041,0.001092000656299441,2,8.720158953344084e-9,0,material_composite_production_DE,eqpzs,IND_DE_NEW_ELMA,0.001092000656299441,F_FAC_SK_CAP_IND_SK_REF_OFMA,8.720158953344084e-9,,1.0,1.0,0.5,2.0,1.0,1.0,0.02,0.019375000000000003,0.019687500000000004,continuation_trial,10,false
sensitivity_383,continuation_trial,virgin_metal_tax_tax_0_019531250000000003,virgin_metal_tax,0.019531250000000003,LOCALLY_INFEASIBLE,INFEASIBLE_POINT,false,21.14674238,0.0010020049063023215,2,0.0,0,common_eu_trade,eu_cet_quantity,NEW_ELMA|SK,0.0010020049063023215,EOL_FLOW_EOL_DE_ELMA_INC,0.0,,1.0,1.0,0.5,2.0,1.0,1.0,0.02,0.019375000000000003,0.019531250000000003,continuation_trial,11,false
sensitivity_383,continuation_trial,virgin_metal_tax_tax_0_019453125,virgin_metal_tax,0.019453125,TIME_LIMIT,NEARLY_FEASIBLE_POINT,false,124.326481894,0.0018832394319527879,3,4.362522757651288e-9,0,eu_wide_eol_allocation,eu_wide_eol_allocation,OFMA|EOL_SK_OFMA_REP,0.0018832394319527879,F_FAC_SK_CAP_IND_SK_REF_OFMA,4.362522757651288e-9,,1.0,1.0,0.5,2.0,1.0,1.0,0.02,0.019375000000000003,0.019453125,continuation_trial,12,false
sensitivity_383,continuation_trial,virgin_metal_tax_tax_0_019414062500000002,virgin_metal_tax,0.019414062500000002,LOCALLY_INFEASIBLE,INFEASIBLE_POINT,false,30.884526788,0.00106614394214255,2,0.0,0,material_composite_production_DE,eqpzs,IND_DE_NEW_ELMA,0.00106614394214255,EOL_FLOW_EOL_DE_ELMA_INC,0.0,,1.0,1.0,0.5,2.0,1.0,1.0,0.02,0.019375000000000003,0.019414062500000002,continuation_trial,13,false
sensitivity_383,predictor_target,virgin_metal_tax_tax_0_02,virgin_metal_tax,0.02,LOCALLY_INFEASIBLE,INFEASIBLE_POINT,false,30.198905725,0.0010451719288379307,2,0.0,0,common_eu_trade,eu_cet_quantity,NEW_ELMA|SK,0.0010451719288379307,EOL_FLOW_EOL_DE_ELMA_INC,0.0,,1.0,1.0,0.5,2.0,1.0,1.0,0.02,0.019375000000000003,0.02,predictor_target,14,false
sensitivity_383,baseline,baseline,,0.0,ALMOST_LOCALLY_SOLVED,NEARLY_FEASIBLE_POINT,true,2.053880041,5.082075076323633e-7,0,0.0,0,observed_physical_flow_links,quantity_link,physical_SK_OFMA_REP_route_input_mass,5.082075076323633e-7,EOL_FLOW_EOL_DE_ELMA_INC,0.0,,1.0,1.0,0.5,2.0,1.0,1.0,0.0,0.0,0.0,baseline,1,true
sensitivity_385,direct_target,virgin_metal_tax_tax_0_0025,virgin_metal_tax,0.0025,LOCALLY_INFEASIBLE,INFEASIBLE_POINT,true,49.543021915,0.00013509472257378086,0,0.0,0,material_composite_production_REU,eqpzs,IND_REU_NEW_ELMA,0.00013509472257378086,EOL_FLOW_EOL_DE_ELMA_INC,0.0,,0.5,2.0,0.5,2.0,1.0,1.0,0.0025,0.0,0.0025,direct_target,1,true
sensitivity_385,direct_target,virgin_metal_tax_tax_0_005,virgin_metal_tax,0.005,LOCALLY_INFEASIBLE,INFEASIBLE_POINT,true,30.498642701,0.00025546173486790114,0,0.0,0,material_composite_production_REU,eqpzs,IND_REU_NEW_ELMA,0.00025546173486790114,EOL_FLOW_EOL_DE_ELMA_INC,0.0,,0.5,2.0,0.5,2.0,1.0,1.0,0.005,0.0025,0.005,direct_target,1,true
sensitivity_385,direct_target,virgin_metal_tax_tax_0_01,virgin_metal_tax,0.01,LOCALLY_INFEASIBLE,INFEASIBLE_POINT,true,33.234663479,0.0005241941708652442,0,0.0,0,material_composite_production_REU,eqpzs,IND_REU_NEW_ELMA,0.0005241941708652442,EOL_FLOW_EOL_DE_ELMA_INC,0.0,,0.5,2.0,0.5,2.0,1.0,1.0,0.01,0.005,0.01,direct_target,1,true
sensitivity_385,direct_target,virgin_metal_tax_tax_0_02,virgin_metal_tax,0.02,LOCALLY_INFEASIBLE,INFEASIBLE_POINT,false,37.38191109,0.001072367796959517,1,0.0,0,material_composite_production_REU,eqpzs,IND_REU_NEW_ELMA,0.001072367796959517,EOL_FLOW_EOL_DE_ELMA_INC,0.0,,0.5,2.0,0.5,2.0,1.0,1.0,0.02,0.01,0.02,direct_target,1,false
sensitivity_385,continuation_trial,virgin_metal_tax_tax_0_015,virgin_metal_tax,0.015,LOCALLY_INFEASIBLE,INFEASIBLE_POINT,true,36.461710246,0.0008114490414844466,0,0.0,0,material_composite_production_REU,eqpzs,IND_REU_NEW_ELMA,0.0008114490414844466,EOL_FLOW_EOL_DE_ELMA_INC,0.0,,0.5,2.0,0.5,2.0,1.0,1.0,0.02,0.01,0.015,continuation_trial,2,true
sensitivity_385,continuation_trial,virgin_metal_tax_tax_0_02,virgin_metal_tax,0.02,LOCALLY_INFEASIBLE,INFEASIBLE_POINT,false,42.067032021,0.005812074919926191,1,0.0,0,observed_physical_flow_links,quantity_link,physical_SK_OFMA_REP_route_input_mass,0.005812074919926191,EOL_FLOW_EOL_DE_ELMA_INC,0.0,,0.5,2.0,0.5,2.0,1.0,1.0,0.02,0.015,0.02,continuation_trial,3,false
sensitivity_385,continuation_trial,virgin_metal_tax_tax_0_0175,virgin_metal_tax,0.0175,LOCALLY_INFEASIBLE,INFEASIBLE_POINT,true,45.371367297,0.0009377410384482365,0,0.0,0,material_composite_production_REU,eqpzs,IND_REU_NEW_ELMA,0.0009377410384482365,EOL_FLOW_EOL_DE_ELMA_INC,0.0,,0.5,2.0,0.5,2.0,1.0,1.0,0.02,0.015,0.0175,continuation_trial,4,true
sensitivity_385,continuation_trial,virgin_metal_tax_tax_0_02,virgin_metal_tax,0.02,LOCALLY_INFEASIBLE,INFEASIBLE_POINT,false,35.050238013,0.004975995130473199,1,0.0,0,observed_physical_flow_links,quantity_link,physical_SK_OFMA_REP_route_input_mass,0.004975995130473199,EOL_FLOW_EOL_DE_ELMA_INC,0.0,,0.5,2.0,0.5,2.0,1.0,1.0,0.02,0.0175,0.02,continuation_trial,5,false
sensitivity_385,continuation_trial,virgin_metal_tax_tax_0_018750000000000003,virgin_metal_tax,0.018750000000000003,OTHER_ERROR,NEARLY_FEASIBLE_POINT,false,38.001761877,0.0042601800002031905,7,9.908851165796351e-9,0,regional_circular_policy_fiscal,circular_policy_revenue,SK,0.0042601800002031905,Y_IND_SK_NEW_OFMA,9.908851165796351e-9,,0.5,2.0,0.5,2.0,1.0,1.0,0.02,0.0175,0.018750000000000003,continuation_trial,6,false
sensitivity_385,continuation_trial,virgin_metal_tax_tax_0_018125000000000002,virgin_metal_tax,0.018125000000000002,OTHER_ERROR,NEARLY_FEASIBLE_POINT,false,34.671536718,0.00322993227384416,7,9.954657802200286e-9,0,regional_circular_policy_fiscal,circular_policy_revenue,SK,0.00322993227384416,Y_IND_SK_NEW_OFMA,9.954657802200286e-9,,0.5,2.0,0.5,2.0,1.0,1.0,0.02,0.0175,0.018125000000000002,continuation_trial,7,false
sensitivity_385,continuation_trial,virgin_metal_tax_tax_0_017812500000000002,virgin_metal_tax,0.017812500000000002,OTHER_ERROR,NEARLY_FEASIBLE_POINT,false,40.344782749,0.005910457267011671,7,9.93422939519165e-9,0,eu_wide_eol_allocation,eu_wide_eol_allocation,OFMA|EOL_SK_OFMA_REP,0.005910457267011671,Y_IND_SK_NEW_OFMA,9.93422939519165e-9,,0.5,2.0,0.5,2.0,1.0,1.0,0.02,0.0175,0.017812500000000002,continuation_trial,8,false
sensitivity_385,continuation_trial,virgin_metal_tax_tax_0_017656250000000002,virgin_metal_tax,0.017656250000000002,LOCALLY_INFEASIBLE,INFEASIBLE_POINT,false,27.682769204,0.1251375339199441,1,0.0,0,observed_physical_flow_links,quantity_link,physical_SK_OFMA_REP_route_input_mass,0.1251375339199441,EOL_FLOW_EOL_DE_ELMA_INC,0.0,,0.5,2.0,0.5,2.0,1.0,1.0,0.02,0.0175,0.017656250000000002,continuation_trial,9,false
sensitivity_385,continuation_trial,virgin_metal_tax_tax_0_017578125,virgin_metal_tax,0.017578125,OTHER_ERROR,NEARLY_FEASIBLE_POINT,false,25.245947271,0.0010501819426957937,1,9.98768219408068e-9,0,eu_wide_eol_allocation,eu_wide_eol_allocation,OFMA|EOL_SK_OFMA_REP,0.0010501819426957937,Y_IND_SK_NEW_OFMA,9.98768219408068e-9,,0.5,2.0,0.5,2.0,1.0,1.0,0.02,0.0175,0.017578125,continuation_trial,10,false
sensitivity_385,continuation_trial,virgin_metal_tax_tax_0_0175390625,virgin_metal_tax,0.0175390625,LOCALLY_INFEASIBLE,INFEASIBLE_POINT,true,24.688516537,0.0006090074263691569,0,9.994765091704828e-9,0,eu_wide_eol_allocation,eu_wide_eol_allocation,OFMA|EOL_SK_OFMA_REP,0.0006090074263691569,Z_IND_SK_NEW_OFMA,9.994765091704828e-9,,0.5,2.0,0.5,2.0,1.0,1.0,0.02,0.0175,0.0175390625,continuation_trial,11,true
sensitivity_385,continuation_trial,virgin_metal_tax_tax_0_0176171875,virgin_metal_tax,0.0176171875,LOCALLY_INFEASIBLE,INFEASIBLE_POINT,false,19.249326346,0.002912973559890561,1,0.0,0,common_eu_trade,eu_cet_quantity,NEW_OFMA|SK,0.002912973559890561,EOL_FLOW_EOL_DE_ELMA_INC,0.0,,0.5,2.0,0.5,2.0,1.0,1.0,0.02,0.0175390625,0.0176171875,continuation_trial,12,false
sensitivity_385,continuation_trial,virgin_metal_tax_tax_0_017578125,virgin_metal_tax,0.017578125,LOCALLY_INFEASIBLE,INFEASIBLE_POINT,false,30.45651392,0.0024380164392066874,1,0.0,0,common_eu_trade,eu_cet_quantity,NEW_OFMA|SK,0.0024380164392066874,EOL_FLOW_EOL_DE_ELMA_INC,0.0,,0.5,2.0,0.5,2.0,1.0,1.0,0.02,0.0175390625,0.017578125,continuation_trial,13,false
sensitivity_385,predictor_target,virgin_metal_tax_tax_0_02,virgin_metal_tax,0.02,INVALID_MODEL,FEASIBLE_POINT,false,2.589925068,4.1738126091932915e6,430,0.0,0,eu_wide_eol_allocation,eu_wide_eol_allocation,OFMA|EOL_SK_OFMA_REP,4.1738126091932915e6,EOL_FLOW_EOL_DE_ELMA_INC,0.0,,0.5,2.0,0.5,2.0,1.0,1.0,0.02,0.0175390625,0.02,predictor_target,14,false
sensitivity_385,baseline,baseline,,0.0,ALMOST_LOCALLY_SOLVED,NEARLY_FEASIBLE_POINT,true,3.658648355,5.082075309470468e-7,0,0.0,0,observed_physical_flow_links,quantity_link,physical_SK_OFMA_REP_route_input_mass,5.082075309470468e-7,EOL_FLOW_EOL_DE_ELMA_INC,0.0,,0.5,2.0,0.5,2.0,1.0,1.0,0.0,0.0,0.0,baseline,1,true
sensitivity_386,direct_target,virgin_metal_tax_tax_0_0025,virgin_metal_tax,0.0025,LOCALLY_INFEASIBLE,INFEASIBLE_POINT,true,21.979630468,0.00013444003265583593,0,0.0,0,material_composite_production_REU,eqpzs,IND_REU_NEW_ELMA,0.00013444003265583593,EOL_FLOW_EOL_DE_ELMA_INC,0.0,,1.0,2.0,0.5,2.0,1.0,1.0,0.0025,0.0,0.0025,direct_target,1,true
sensitivity_386,direct_target,virgin_metal_tax_tax_0_005,virgin_metal_tax,0.005,LOCALLY_INFEASIBLE,INFEASIBLE_POINT,true,20.9274864,0.00026373928029865823,0,0.0,0,material_composite_production_REU,eqpzs,IND_REU_NEW_ELMA,0.00026373928029865823,EOL_FLOW_EOL_DE_ELMA_INC,0.0,,1.0,2.0,0.5,2.0,1.0,1.0,0.005,0.0025,0.005,direct_target,1,true
sensitivity_386,direct_target,virgin_metal_tax_tax_0_01,virgin_metal_tax,0.01,LOCALLY_INFEASIBLE,INFEASIBLE_POINT,true,36.724306068,0.000534338985131666,0,0.0,0,material_composite_production_REU,eqpzs,IND_REU_NEW_ELMA,0.000534338985131666,EOL_FLOW_EOL_DE_ELMA_INC,0.0,,1.0,2.0,0.5,2.0,1.0,1.0,0.01,0.005,0.01,direct_target,1,true
sensitivity_386,direct_target,virgin_metal_tax_tax_0_02,virgin_metal_tax,0.02,LOCALLY_INFEASIBLE,INFEASIBLE_POINT,false,45.744502688,0.0010615592513769645,1,0.0,0,material_composite_production_REU,eqpzs,IND_REU_NEW_ELMA,0.0010615592513769645,EOL_FLOW_EOL_DE_ELMA_INC,0.0,,1.0,2.0,0.5,2.0,1.0,1.0,0.02,0.01,0.02,direct_target,1,false
sensitivity_386,continuation_trial,virgin_metal_tax_tax_0_015,virgin_metal_tax,0.015,LOCALLY_INFEASIBLE,INFEASIBLE_POINT,true,70.258739785,0.0008086651420589064,0,0.0,0,material_composite_production_REU,eqpzs,IND_REU_NEW_ELMA,0.0008086651420589064,EOL_FLOW_EOL_DE_ELMA_INC,0.0,,1.0,2.0,0.5,2.0,1.0,1.0,0.02,0.01,0.015,continuation_trial,2,true
sensitivity_386,continuation_trial,virgin_metal_tax_tax_0_02,virgin_metal_tax,0.02,LOCALLY_INFEASIBLE,INFEASIBLE_POINT,false,24.896155322,0.01847837624720805,1,0.0,0,observed_physical_flow_links,quantity_link,physical_SK_OFMA_REP_route_input_mass,0.01847837624720805,EOL_FLOW_EOL_DE_ELMA_INC,0.0,,1.0,2.0,0.5,2.0,1.0,1.0,0.02,0.015,0.02,continuation_trial,3,false
sensitivity_386,continuation_trial,virgin_metal_tax_tax_0_0175,virgin_metal_tax,0.0175,LOCALLY_INFEASIBLE,INFEASIBLE_POINT,true,31.165895718,0.0009462232439738649,0,8.47302872063576e-9,0,material_composite_production_REU,eqpzs,IND_REU_NEW_ELMA,0.0009462232439738649,F_FAC_SK_LAB_IND_SK_REP_OFMA,8.47302872063576e-9,,1.0,2.0,0.5,2.0,1.0,1.0,0.02,0.015,0.0175,continuation_trial,4,true
sensitivity_386,continuation_trial,virgin_metal_tax_tax_0_02,virgin_metal_tax,0.02,OTHER_ERROR,NEARLY_FEASIBLE_POINT,false,31.159214625,0.0005023929850402897,0,9.87738166480655e-9,0,material_composite_production_REU,eqpzs,IND_REU_NEW_ELMA,0.0005023929850402897,Y_IND_SK_NEW_OFMA,9.87738166480655e-9,,1.0,2.0,0.5,2.0,1.0,1.0,0.02,0.0175,0.02,continuation_trial,5,false
sensitivity_386,continuation_trial,virgin_metal_tax_tax_0_018750000000000003,virgin_metal_tax,0.018750000000000003,LOCALLY_INFEASIBLE,INFEASIBLE_POINT,false,34.148422725,0.001014688812765896,1,0.0,0,material_composite_production_REU,eqpzs,IND_REU_NEW_ELMA,0.001014688812765896,EOL_FLOW_EOL_DE_ELMA_INC,0.0,,1.0,2.0,0.5,2.0,1.0,1.0,0.02,0.0175,0.018750000000000003,continuation_trial,6,false
sensitivity_386,continuation_trial,virgin_metal_tax_tax_0_018125000000000002,virgin_metal_tax,0.018125000000000002,LOCALLY_INFEASIBLE,INFEASIBLE_POINT,true,52.395989732,0.0009605621764822159,0,0.0,0,material_composite_production_REU,eqpzs,IND_REU_NEW_ELMA,0.0009605621764822159,EOL_FLOW_EOL_DE_ELMA_INC,0.0,,1.0,2.0,0.5,2.0,1.0,1.0,0.02,0.0175,0.018125000000000002,continuation_trial,7,true
sensitivity_386,continuation_trial,virgin_metal_tax_tax_0_019375000000000003,virgin_metal_tax,0.019375000000000003,LOCALLY_INFEASIBLE,INFEASIBLE_POINT,false,69.705569867,0.07562263239738032,7,0.0,0,observed_physical_flow_links,quantity_link,physical_SK_OFMA_REP_route_input_mass,0.07562263239738032,EOL_FLOW_EOL_DE_ELMA_INC,0.0,,1.0,2.0,0.5,2.0,1.0,1.0,0.02,0.018125000000000002,0.019375000000000003,continuation_trial,8,false
sensitivity_386,continuation_trial,virgin_metal_tax_tax_0_018750000000000003,virgin_metal_tax,0.018750000000000003,LOCALLY_INFEASIBLE,INFEASIBLE_POINT,true,41.63338248,0.0009985739252491577,0,0.0,0,material_composite_production_REU,eqpzs,IND_REU_NEW_ELMA,0.0009985739252491577,EOL_FLOW_EOL_DE_ELMA_INC,0.0,,1.0,2.0,0.5,2.0,1.0,1.0,0.02,0.018125000000000002,0.018750000000000003,continuation_trial,9,true
sensitivity_386,continuation_trial,virgin_metal_tax_tax_0_02,virgin_metal_tax,0.02,LOCALLY_INFEASIBLE,INFEASIBLE_POINT,false,22.466035944,0.0038914242318150993,1,0.0,0,observed_physical_flow_links,quantity_link,physical_SK_OFMA_REP_route_input_mass,0.0038914242318150993,EOL_FLOW_EOL_DE_ELMA_INC,0.0,,1.0,2.0,0.5,2.0,1.0,1.0,0.02,0.018750000000000003,0.02,continuation_trial,10,false
sensitivity_386,continuation_trial,virgin_metal_tax_tax_0_019375000000000003,virgin_metal_tax,0.019375000000000003,LOCALLY_INFEASIBLE,INFEASIBLE_POINT,false,15.871758501,0.0010146646532014358,1,0.0,0,material_composite_production_REU,eqpzs,IND_REU_NEW_ELMA,0.0010146646532014358,EOL_FLOW_EOL_DE_ELMA_INC,0.0,,1.0,2.0,0.5,2.0,1.0,1.0,0.02,0.018750000000000003,0.019375000000000003,continuation_trial,11,false
sensitivity_386,continuation_trial,virgin_metal_tax_tax_0_019062500000000003,virgin_metal_tax,0.019062500000000003,LOCALLY_INFEASIBLE,INFEASIBLE_POINT,false,43.165956234,0.0010085515240267906,1,0.0,0,material_composite_production_REU,eqpzs,IND_REU_NEW_ELMA,0.0010085515240267906,EOL_FLOW_EOL_DE_ELMA_INC,0.0,,1.0,2.0,0.5,2.0,1.0,1.0,0.02,0.018750000000000003,0.019062500000000003,continuation_trial,12,false
sensitivity_386,continuation_trial,virgin_metal_tax_tax_0_018906250000000003,virgin_metal_tax,0.018906250000000003,LOCALLY_INFEASIBLE,INFEASIBLE_POINT,true,25.337958067,0.0007723205801414279,0,0.0,0,material_composite_production_SK,eqpzs,IND_SK_NEW_ELMA,0.0007723205801414279,EOL_FLOW_EOL_DE_ELMA_INC,0.0,,1.0,2.0,0.5,2.0,1.0,1.0,0.02,0.018750000000000003,0.018906250000000003,continuation_trial,13,true
sensitivity_386,continuation_trial,virgin_metal_tax_tax_0_019218750000000003,virgin_metal_tax,0.019218750000000003,LOCALLY_INFEASIBLE,INFEASIBLE_POINT,false,23.190171386,0.0010198659748872352,1,0.0,0,material_composite_production_REU,eqpzs,IND_REU_NEW_ELMA,0.0010198659748872352,EOL_FLOW_EOL_DE_ELMA_INC,0.0,,1.0,2.0,0.5,2.0,1.0,1.0,0.02,0.018906250000000003,0.019218750000000003,continuation_trial,14,false
sensitivity_386,continuation_trial,virgin_metal_tax_tax_0_019062500000000003,virgin_metal_tax,0.019062500000000003,LOCALLY_INFEASIBLE,INFEASIBLE_POINT,false,18.369209629,0.0010030196640589129,1,0.0,0,material_composite_production_REU,eqpzs,IND_REU_NEW_ELMA,0.0010030196640589129,EOL_FLOW_EOL_DE_ELMA_INC,0.0,,1.0,2.0,0.5,2.0,1.0,1.0,0.02,0.018906250000000003,0.019062500000000003,continuation_trial,15,false
sensitivity_386,continuation_trial,virgin_metal_tax_tax_0_018984375,virgin_metal_tax,0.018984375,LOCALLY_INFEASIBLE,INFEASIBLE_POINT,false,41.616884485,0.02025824609869553,1,0.0,0,observed_physical_flow_links,quantity_link,physical_SK_OFMA_REP_route_input_mass,0.02025824609869553,EOL_FLOW_EOL_DE_ELMA_INC,0.0,,1.0,2.0,0.5,2.0,1.0,1.0,0.02,0.018906250000000003,0.018984375,continuation_trial,16,false
sensitivity_386,continuation_trial,virgin_metal_tax_tax_0_018945312500000002,virgin_metal_tax,0.018945312500000002,LOCALLY_INFEASIBLE,INFEASIBLE_POINT,false,41.677561172,0.0010225813841038267,1,0.0,0,material_composite_production_REU,eqpzs,IND_REU_NEW_ELMA,0.0010225813841038267,EOL_FLOW_EOL_DE_ELMA_INC,0.0,,1.0,2.0,0.5,2.0,1.0,1.0,0.02,0.018906250000000003,0.018945312500000002,continuation_trial,17,false
sensitivity_386,predictor_target,virgin_metal_tax_tax_0_02,virgin_metal_tax,0.02,INVALID_MODEL,FEASIBLE_POINT,false,3.57335968,64.75376905545772,52,0.0,0,eu_wide_eol_allocation,eu_wide_eol_allocation,OFMA|EOL_SK_OFMA_REP,64.75376905545772,EOL_FLOW_EOL_DE_ELMA_INC,0.0,,1.0,2.0,0.5,2.0,1.0,1.0,0.02,0.018906250000000003,0.02,predictor_target,18,false
sensitivity_386,baseline,baseline,,0.0,ALMOST_LOCALLY_SOLVED,NEARLY_FEASIBLE_POINT,true,3.84741228,5.082075007489806e-7,0,0.0,0,observed_physical_flow_links,quantity_link,physical_SK_OFMA_REP_route_input_mass,5.082075007489806e-7,EOL_FLOW_EOL_DE_ELMA_INC,0.0,,1.0,2.0,0.5,2.0,1.0,1.0,0.0,0.0,0.0,baseline,1,true
sensitivity_387,direct_target,virgin_metal_tax_tax_0_0025,virgin_metal_tax,0.0025,LOCALLY_INFEASIBLE,INFEASIBLE_POINT,false,26.495043141,0.0041174716158483005,1,0.0,0,observed_physical_flow_links,quantity_link,physical_SK_OFMA_REP_route_input_mass,0.0041174716158483005,EOL_FLOW_EOL_DE_ELMA_INC,0.0,,2.0,2.0,0.5,2.0,1.0,1.0,0.0025,0.0,0.0025,direct_target,1,false
sensitivity_387,continuation_trial,virgin_metal_tax_tax_0_00125,virgin_metal_tax,0.00125,LOCALLY_INFEASIBLE,INFEASIBLE_POINT,true,15.602882189,6.719965395829419e-5,0,0.0,0,material_composite_production_REU,eqpzs,IND_REU_NEW_ELMA,6.719965395829419e-5,EOL_FLOW_EOL_DE_ELMA_INC,0.0,,2.0,2.0,0.5,2.0,1.0,1.0,0.0025,0.0,0.00125,continuation_trial,2,true
sensitivity_387,continuation_trial,virgin_metal_tax_tax_0_0025,virgin_metal_tax,0.0025,LOCALLY_INFEASIBLE,INFEASIBLE_POINT,true,19.03154361,0.0001351255869230794,0,0.0,0,material_composite_production_REU,eqpzs,IND_REU_NEW_ELMA,0.0001351255869230794,EOL_FLOW_EOL_DE_ELMA_INC,0.0,,2.0,2.0,0.5,2.0,1.0,1.0,0.0025,0.00125,0.0025,continuation_trial,3,true
sensitivity_387,direct_target,virgin_metal_tax_tax_0_005,virgin_metal_tax,0.005,LOCALLY_INFEASIBLE,INFEASIBLE_POINT,true,13.096552441,0.00025813239174166114,0,0.0,0,material_composite_production_REU,eqpzs,IND_REU_NEW_ELMA,0.00025813239174166114,EOL_FLOW_EOL_DE_ELMA_INC,0.0,,2.0,2.0,0.5,2.0,1.0,1.0,0.005,0.0025,0.005,direct_target,1,true
sensitivity_387,direct_target,virgin_metal_tax_tax_0_01,virgin_metal_tax,0.01,LOCALLY_INFEASIBLE,INFEASIBLE_POINT,true,51.087838885,0.0005274728209920809,0,0.0,0,material_composite_production_REU,eqpzs,IND_REU_NEW_ELMA,0.0005274728209920809,EOL_FLOW_EOL_DE_ELMA_INC,0.0,,2.0,2.0,0.5,2.0,1.0,1.0,0.01,0.005,0.01,direct_target,1,true
sensitivity_387,direct_target,virgin_metal_tax_tax_0_02,virgin_metal_tax,0.02,LOCALLY_INFEASIBLE,INFEASIBLE_POINT,false,52.91141453,0.006872157882261587,2,0.0,0,observed_physical_flow_links,quantity_link,physical_SK_OFMA_REP_route_input_mass,0.006872157882261587,EOL_FLOW_EOL_DE_ELMA_INC,0.0,,2.0,2.0,0.5,2.0,1.0,1.0,0.02,0.01,0.02,direct_target,1,false
sensitivity_387,continuation_trial,virgin_metal_tax_tax_0_015,virgin_metal_tax,0.015,LOCALLY_INFEASIBLE,INFEASIBLE_POINT,true,25.94795808,0.0009050465363515947,0,0.0,0,material_composite_production_SK,eqpzs,IND_SK_NEW_ELMA,0.0009050465363515947,EOL_FLOW_EOL_DE_ELMA_INC,0.0,,2.0,2.0,0.5,2.0,1.0,1.0,0.02,0.01,0.015,continuation_trial,2,true
sensitivity_387,continuation_trial,virgin_metal_tax_tax_0_02,virgin_metal_tax,0.02,LOCALLY_INFEASIBLE,INFEASIBLE_POINT,false,42.02238637,0.0012716327238685432,2,0.0,0,material_composite_production_SK,eqpzs,IND_SK_NEW_ELMA,0.0012716327238685432,EOL_FLOW_EOL_DE_ELMA_INC,0.0,,2.0,2.0,0.5,2.0,1.0,1.0,0.02,0.015,0.02,continuation_trial,3,false
sensitivity_387,continuation_trial,virgin_metal_tax_tax_0_0175,virgin_metal_tax,0.0175,LOCALLY_INFEASIBLE,INFEASIBLE_POINT,true,57.406231501,0.0009135792347966243,0,0.0,0,observed_physical_flow_links,quantity_link,physical_SK_OFMA_REP_route_input_mass,0.0009135792347966243,EOL_FLOW_EOL_DE_ELMA_INC,0.0,,2.0,2.0,0.5,2.0,1.0,1.0,0.02,0.015,0.0175,continuation_trial,4,true
sensitivity_387,continuation_trial,virgin_metal_tax_tax_0_02,virgin_metal_tax,0.02,LOCALLY_INFEASIBLE,INFEASIBLE_POINT,false,28.473414704,0.001052372376308841,1,0.0,0,material_composite_production_REU,eqpzs,IND_REU_NEW_ELMA,0.001052372376308841,EOL_FLOW_EOL_DE_ELMA_INC,0.0,,2.0,2.0,0.5,2.0,1.0,1.0,0.02,0.0175,0.02,continuation_trial,5,false
sensitivity_387,continuation_trial,virgin_metal_tax_tax_0_018750000000000003,virgin_metal_tax,0.018750000000000003,LOCALLY_INFEASIBLE,INFEASIBLE_POINT,true,13.658633564,0.0009458661916057487,0,0.0,0,material_composite_production_SK,eqpzs,IND_SK_NEW_ELMA,0.0009458661916057487,EOL_FLOW_EOL_DE_ELMA_INC,0.0,,2.0,2.0,0.5,2.0,1.0,1.0,0.02,0.0175,0.018750000000000003,continuation_trial,6,true
sensitivity_387,continuation_trial,virgin_metal_tax_tax_0_02,virgin_metal_tax,0.02,LOCALLY_INFEASIBLE,INFEASIBLE_POINT,false,36.587726376,0.0011267861018585679,1,0.0,0,material_composite_production_SK,eqpzs,IND_SK_NEW_ELMA,0.0011267861018585679,EOL_FLOW_EOL_DE_ELMA_INC,0.0,,2.0,2.0,0.5,2.0,1.0,1.0,0.02,0.018750000000000003,0.02,continuation_trial,7,false
sensitivity_387,continuation_trial,virgin_metal_tax_tax_0_019375000000000003,virgin_metal_tax,0.019375000000000003,LOCALLY_INFEASIBLE,INFEASIBLE_POINT,false,27.970431826,0.07088096608291738,3,0.0,0,observed_physical_flow_links,quantity_link,physical_SK_OFMA_REP_route_input_mass,0.07088096608291738,EOL_FLOW_EOL_DE_ELMA_INC,0.0,,2.0,2.0,0.5,2.0,1.0,1.0,0.02,0.018750000000000003,0.019375000000000003,continuation_trial,8,false
sensitivity_387,continuation_trial,virgin_metal_tax_tax_0_019062500000000003,virgin_metal_tax,0.019062500000000003,LOCALLY_INFEASIBLE,INFEASIBLE_POINT,false,44.540234686,0.0024396097158136953,1,0.0,0,observed_physical_flow_links,quantity_link,physical_SK_OFMA_REP_route_input_mass,0.0024396097158136953,EOL_FLOW_EOL_DE_ELMA_INC,0.0,,2.0,2.0,0.5,2.0,1.0,1.0,0.02,0.018750000000000003,0.019062500000000003,continuation_trial,9,false
sensitivity_387,continuation_trial,virgin_metal_tax_tax_0_018906250000000003,virgin_metal_tax,0.018906250000000003,LOCALLY_INFEASIBLE,INFEASIBLE_POINT,false,34.859137168,0.09527769624110105,3,0.0,0,observed_physical_flow_links,quantity_link,physical_SK_OFMA_REP_route_input_mass,0.09527769624110105,EOL_FLOW_EOL_DE_ELMA_INC,0.0,,2.0,2.0,0.5,2.0,1.0,1.0,0.02,0.018750000000000003,0.018906250000000003,continuation_trial,10,false
sensitivity_387,continuation_trial,virgin_metal_tax_tax_0_018828125,virgin_metal_tax,0.018828125,LOCALLY_INFEASIBLE,INFEASIBLE_POINT,true,9.900015497,0.0008861177767659489,0,0.0,0,material_composite_production_SK,eqpzs,IND_SK_NEW_ELMA,0.0008861177767659489,EOL_FLOW_EOL_DE_ELMA_INC,0.0,,2.0,2.0,0.5,2.0,1.0,1.0,0.02,0.018750000000000003,0.018828125,continuation_trial,11,true
sensitivity_387,continuation_trial,virgin_metal_tax_tax_0_018984375,virgin_metal_tax,0.018984375,LOCALLY_INFEASIBLE,INFEASIBLE_POINT,false,57.620285699,0.0011304762086316034,1,0.0,0,material_composite_production_SK,eqpzs,IND_SK_NEW_ELMA,0.0011304762086316034,EOL_FLOW_EOL_DE_ELMA_INC,0.0,,2.0,2.0,0.5,2.0,1.0,1.0,0.02,0.018828125,0.018984375,continuation_trial,12,false
sensitivity_387,continuation_trial,virgin_metal_tax_tax_0_01890625,virgin_metal_tax,0.01890625,LOCALLY_INFEASIBLE,INFEASIBLE_POINT,true,40.015750453,0.0009462249514791132,0,0.0,0,material_composite_production_SK,eqpzs,IND_SK_NEW_ELMA,0.0009462249514791132,EOL_FLOW_EOL_DE_ELMA_INC,0.0,,2.0,2.0,0.5,2.0,1.0,1.0,0.02,0.018828125,0.01890625,continuation_trial,13,true
sensitivity_387,continuation_trial,virgin_metal_tax_tax_0_0190625,virgin_metal_tax,0.0190625,LOCALLY_INFEASIBLE,INFEASIBLE_POINT,true,64.185672733,0.0009355293703261491,0,0.0,0,material_composite_production_SK,eqpzs,IND_SK_NEW_ELMA,0.0009355293703261491,EOL_FLOW_EOL_DE_ELMA_INC,0.0,,2.0,2.0,0.5,2.0,1.0,1.0,0.02,0.01890625,0.0190625,continuation_trial,14,true
sensitivity_387,continuation_trial,virgin_metal_tax_tax_0_019375,virgin_metal_tax,0.019375,LOCALLY_INFEASIBLE,INFEASIBLE_POINT,true,16.088011725,0.0008862629847848913,0,0.0,0,material_composite_production_SK,eqpzs,IND_SK_NEW_ELMA,0.0008862629847848913,EOL_FLOW_EOL_DE_ELMA_INC,0.0,,2.0,2.0,0.5,2.0,1.0,1.0,0.02,0.0190625,0.019375,continuation_trial,15,true
sensitivity_387,continuation_trial,virgin_metal_tax_tax_0_02,virgin_metal_tax,0.019999999999999997,LOCALLY_INFEASIBLE,INFEASIBLE_POINT,false,28.100413887,0.0010958110614868177,1,0.0,0,material_composite_production_SK,eqpzs,IND_SK_NEW_ELMA,0.0010958110614868177,EOL_FLOW_EOL_DE_ELMA_INC,0.0,,2.0,2.0,0.5,2.0,1.0,1.0,0.02,0.019375,0.019999999999999997,continuation_trial,16,false
sensitivity_387,continuation_trial,virgin_metal_tax_tax_0_0196875,virgin_metal_tax,0.0196875,LOCALLY_INFEASIBLE,INFEASIBLE_POINT,true,18.820990311,0.0009436264605938716,0,0.0,0,material_composite_production_SK,eqpzs,IND_SK_NEW_ELMA,0.0009436264605938716,EOL_FLOW_EOL_DE_ELMA_INC,0.0,,2.0,2.0,0.5,2.0,1.0,1.0,0.02,0.019375,0.0196875,continuation_trial,17,true
sensitivity_387,continuation_trial,virgin_metal_tax_tax_0_02,virgin_metal_tax,0.02,LOCALLY_INFEASIBLE,INFEASIBLE_POINT,false,75.890520618,0.005366914198146833,4,0.0,0,observed_physical_flow_links,quantity_link,physical_SK_OFMA_REP_route_input_mass,0.005366914198146833,EOL_FLOW_EOL_DE_ELMA_INC,0.0,,2.0,2.0,0.5,2.0,1.0,1.0,0.02,0.0196875,0.02,continuation_trial,18,false
sensitivity_387,continuation_trial,virgin_metal_tax_tax_0_01984375,virgin_metal_tax,0.01984375,LOCALLY_INFEASIBLE,INFEASIBLE_POINT,false,37.176092991,0.0066834896871523775,1,0.0,0,observed_physical_flow_links,quantity_link,physical_SK_OFMA_REP_route_input_mass,0.0066834896871523775,EOL_FLOW_EOL_DE_ELMA_INC,0.0,,2.0,2.0,0.5,2.0,1.0,1.0,0.02,0.0196875,0.01984375,continuation_trial,19,false
sensitivity_387,continuation_trial,virgin_metal_tax_tax_0_019765625000000002,virgin_metal_tax,0.019765625000000002,LOCALLY_INFEASIBLE,INFEASIBLE_POINT,false,72.130447713,0.0019504705656595567,1,0.0,0,observed_physical_flow_links,quantity_link,physical_SK_OFMA_REP_route_input_mass,0.0019504705656595567,EOL_FLOW_EOL_DE_ELMA_INC,0.0,,2.0,2.0,0.5,2.0,1.0,1.0,0.02,0.0196875,0.019765625000000002,continuation_trial,20,false
sensitivity_387,continuation_trial,virgin_metal_tax_tax_0_0197265625,virgin_metal_tax,0.0197265625,LOCALLY_INFEASIBLE,INFEASIBLE_POINT,true,35.200380674,0.0009679449350349367,0,0.0,0,material_composite_production_SK,eqpzs,IND_SK_NEW_ELMA,0.0009679449350349367,EOL_FLOW_EOL_DE_ELMA_INC,0.0,,2.0,2.0,0.5,2.0,1.0,1.0,0.02,0.0196875,0.0197265625,continuation_trial,21,true
sensitivity_387,continuation_trial,virgin_metal_tax_tax_0_0198046875,virgin_metal_tax,0.0198046875,LOCALLY_INFEASIBLE,INFEASIBLE_POINT,false,30.309581002,0.0010679890716572826,1,0.0,0,material_composite_production_REU,eqpzs,IND_REU_NEW_ELMA,0.0010679890716572826,EOL_FLOW_EOL_DE_ELMA_INC,0.0,,2.0,2.0,0.5,2.0,1.0,1.0,0.02,0.0197265625,0.0198046875,continuation_trial,22,false
sensitivity_387,continuation_trial,virgin_metal_tax_tax_0_019765625,virgin_metal_tax,0.019765625,LOCALLY_INFEASIBLE,INFEASIBLE_POINT,false,25.081524203,0.0010671589884194699,1,0.0,0,material_composite_production_REU,eqpzs,IND_REU_NEW_ELMA,0.0010671589884194699,EOL_FLOW_EOL_DE_ELMA_INC,0.0,,2.0,2.0,0.5,2.0,1.0,1.0,0.02,0.0197265625,0.019765625,continuation_trial,23,false
sensitivity_387,predictor_target,virgin_metal_tax_tax_0_02,virgin_metal_tax,0.02,LOCALLY_INFEASIBLE,INFEASIBLE_POINT,false,63.171509081,0.0011086785104959505,2,0.0,0,common_eu_trade,eu_cet_quantity,NEW_ELMA|SK,0.0011086785104959505,EOL_FLOW_EOL_DE_ELMA_INC,0.0,,2.0,2.0,0.5,2.0,1.0,1.0,0.02,0.0197265625,0.02,predictor_target,24,false
sensitivity_387,baseline,baseline,,0.0,ALMOST_LOCALLY_SOLVED,NEARLY_FEASIBLE_POINT,true,2.837095847,5.082074744366949e-7,0,0.0,0,observed_physical_flow_links,quantity_link,physical_SK_OFMA_REP_route_input_mass,5.082074744366949e-7,EOL_FLOW_EOL_DE_ELMA_INC,0.0,,2.0,2.0,0.5,2.0,1.0,1.0,0.0,0.0,0.0,baseline,1,true
sensitivity_394,direct_target,virgin_metal_tax_tax_0_0025,virgin_metal_tax,0.0025,LOCALLY_INFEASIBLE,INFEASIBLE_POINT,true,13.450898947,0.0001336325102009317,0,0.0,0,material_composite_production_REU,eqpzs,IND_REU_NEW_ELMA,0.0001336325102009317,EOL_FLOW_EOL_DE_ELMA_INC,0.0,,0.5,2.0,1.0,2.0,1.0,1.0,0.0025,0.0,0.0025,direct_target,1,true
sensitivity_394,direct_target,virgin_metal_tax_tax_0_005,virgin_metal_tax,0.005,LOCALLY_INFEASIBLE,INFEASIBLE_POINT,true,14.04255231,0.0002645864132959641,0,0.0,0,material_composite_production_REU,eqpzs,IND_REU_NEW_ELMA,0.0002645864132959641,EOL_FLOW_EOL_DE_ELMA_INC,0.0,,0.5,2.0,1.0,2.0,1.0,1.0,0.005,0.0025,0.005,direct_target,1,true
sensitivity_394,direct_target,virgin_metal_tax_tax_0_01,virgin_metal_tax,0.01,LOCALLY_INFEASIBLE,INFEASIBLE_POINT,true,35.067536746,0.0005398120846181742,0,0.0,0,material_composite_production_REU,eqpzs,IND_REU_NEW_ELMA,0.0005398120846181742,EOL_FLOW_EOL_DE_ELMA_INC,0.0,,0.5,2.0,1.0,2.0,1.0,1.0,0.01,0.005,0.01,direct_target,1,true
sensitivity_394,direct_target,virgin_metal_tax_tax_0_02,virgin_metal_tax,0.02,LOCALLY_INFEASIBLE,INFEASIBLE_POINT,false,26.72064686,0.0010401560125465892,1,0.0,0,material_composite_production_REU,eqpzs,IND_REU_NEW_ELMA,0.0010401560125465892,EOL_FLOW_EOL_DE_ELMA_INC,0.0,,0.5,2.0,1.0,2.0,1.0,1.0,0.02,0.01,0.02,direct_target,1,false
sensitivity_394,continuation_trial,virgin_metal_tax_tax_0_015,virgin_metal_tax,0.015,LOCALLY_INFEASIBLE,INFEASIBLE_POINT,true,38.194540462,0.0007610358823915142,0,0.0,0,material_composite_production_REU,eqpzs,IND_REU_NEW_ELMA,0.0007610358823915142,EOL_FLOW_EOL_DE_ELMA_INC,0.0,,0.5,2.0,1.0,2.0,1.0,1.0,0.02,0.01,0.015,continuation_trial,2,true
sensitivity_394,continuation_trial,virgin_metal_tax_tax_0_02,virgin_metal_tax,0.02,LOCALLY_INFEASIBLE,INFEASIBLE_POINT,false,37.201926609,0.001026714311279986,1,0.0,0,material_composite_production_REU,eqpzs,IND_REU_NEW_ELMA,0.001026714311279986,EOL_FLOW_EOL_DE_ELMA_INC,0.0,,0.5,2.0,1.0,2.0,1.0,1.0,0.02,0.015,0.02,continuation_trial,3,false
sensitivity_394,continuation_trial,virgin_metal_tax_tax_0_0175,virgin_metal_tax,0.0175,LOCALLY_INFEASIBLE,INFEASIBLE_POINT,true,56.942098227,0.0009448860981434715,0,0.0,0,material_composite_production_REU,eqpzs,IND_REU_NEW_ELMA,0.0009448860981434715,EOL_FLOW_EOL_DE_ELMA_INC,0.0,,0.5,2.0,1.0,2.0,1.0,1.0,0.02,0.015,0.0175,continuation_trial,4,true
sensitivity_394,continuation_trial,virgin_metal_tax_tax_0_02,virgin_metal_tax,0.02,LOCALLY_INFEASIBLE,INFEASIBLE_POINT,false,32.306629483,0.0010806667471301434,1,0.0,0,material_composite_production_REU,eqpzs,IND_REU_NEW_ELMA,0.0010806667471301434,EOL_FLOW_EOL_DE_ELMA_INC,0.0,,0.5,2.0,1.0,2.0,1.0,1.0,0.02,0.0175,0.02,continuation_trial,5,false
sensitivity_394,continuation_trial,virgin_metal_tax_tax_0_018750000000000003,virgin_metal_tax,0.018750000000000003,LOCALLY_INFEASIBLE,INFEASIBLE_POINT,false,29.078539806,0.0010131274549758373,1,0.0,0,material_composite_production_REU,eqpzs,IND_REU_NEW_ELMA,0.0010131274549758373,EOL_FLOW_EOL_DE_ELMA_INC,0.0,,0.5,2.0,1.0,2.0,1.0,1.0,0.02,0.0175,0.018750000000000003,continuation_trial,6,false
sensitivity_394,continuation_trial,virgin_metal_tax_tax_0_018125000000000002,virgin_metal_tax,0.018125000000000002,LOCALLY_INFEASIBLE,INFEASIBLE_POINT,true,39.846862575,0.0009615290336849602,0,0.0,0,material_composite_production_REU,eqpzs,IND_REU_NEW_ELMA,0.0009615290336849602,EOL_FLOW_EOL_DE_ELMA_INC,0.0,,0.5,2.0,1.0,2.0,1.0,1.0,0.02,0.0175,0.018125000000000002,continuation_trial,7,true
sensitivity_394,continuation_trial,virgin_metal_tax_tax_0_019375000000000003,virgin_metal_tax,0.019375000000000003,LOCALLY_INFEASIBLE,INFEASIBLE_POINT,true,15.333480527,0.000981027419617364,0,0.0,0,material_composite_production_REU,eqpzs,IND_REU_NEW_ELMA,0.000981027419617364,EOL_FLOW_EOL_DE_ELMA_INC,0.0,,0.5,2.0,1.0,2.0,1.0,1.0,0.02,0.018125000000000002,0.019375000000000003,continuation_trial,8,true
sensitivity_394,continuation_trial,virgin_metal_tax_tax_0_02,virgin_metal_tax,0.02,LOCALLY_INFEASIBLE,INFEASIBLE_POINT,false,35.628302876,0.0010680685503647869,1,0.0,0,material_composite_production_REU,eqpzs,IND_REU_NEW_ELMA,0.0010680685503647869,EOL_FLOW_EOL_DE_ELMA_INC,0.0,,0.5,2.0,1.0,2.0,1.0,1.0,0.02,0.019375000000000003,0.02,continuation_trial,9,false
sensitivity_394,continuation_trial,virgin_metal_tax_tax_0_019687500000000004,virgin_metal_tax,0.019687500000000004,LOCALLY_INFEASIBLE,INFEASIBLE_POINT,false,25.016784621,0.001063396379725412,1,0.0,0,material_composite_production_REU,eqpzs,IND_REU_NEW_ELMA,0.001063396379725412,EOL_FLOW_EOL_DE_ELMA_INC,0.0,,0.5,2.0,1.0,2.0,1.0,1.0,0.02,0.019375000000000003,0.019687500000000004,continuation_trial,10,false
sensitivity_394,continuation_trial,virgin_metal_tax_tax_0_019531250000000003,virgin_metal_tax,0.019531250000000003,LOCALLY_INFEASIBLE,INFEASIBLE_POINT,false,34.490354216,0.001045071467665748,1,0.0,0,material_composite_production_REU,eqpzs,IND_REU_NEW_ELMA,0.001045071467665748,EOL_FLOW_EOL_DE_ELMA_INC,0.0,,0.5,2.0,1.0,2.0,1.0,1.0,0.02,0.019375000000000003,0.019531250000000003,continuation_trial,11,false
sensitivity_394,continuation_trial,virgin_metal_tax_tax_0_019453125,virgin_metal_tax,0.019453125,LOCALLY_INFEASIBLE,INFEASIBLE_POINT,true,14.705255778,0.0009984742744053587,0,0.0,0,material_composite_production_REU,eqpzs,IND_REU_NEW_ELMA,0.0009984742744053587,EOL_FLOW_EOL_DE_ELMA_INC,0.0,,0.5,2.0,1.0,2.0,1.0,1.0,0.02,0.019375000000000003,0.019453125,continuation_trial,12,true
sensitivity_394,continuation_trial,virgin_metal_tax_tax_0_019609375000000002,virgin_metal_tax,0.019609375000000002,LOCALLY_INFEASIBLE,INFEASIBLE_POINT,false,32.179545023,0.0010363905925517836,1,0.0,0,material_composite_production_REU,eqpzs,IND_REU_NEW_ELMA,0.0010363905925517836,EOL_FLOW_EOL_DE_ELMA_INC,0.0,,0.5,2.0,1.0,2.0,1.0,1.0,0.02,0.019453125,0.019609375000000002,continuation_trial,13,false
sensitivity_394,continuation_trial,virgin_metal_tax_tax_0_01953125,virgin_metal_tax,0.01953125,LOCALLY_INFEASIBLE,INFEASIBLE_POINT,false,31.886415585,0.0010137442955617804,1,0.0,0,material_composite_production_REU,eqpzs,IND_REU_NEW_ELMA,0.0010137442955617804,EOL_FLOW_EOL_DE_ELMA_INC,0.0,,0.5,2.0,1.0,2.0,1.0,1.0,0.02,0.019453125,0.01953125,continuation_trial,14,false
sensitivity_394,continuation_trial,virgin_metal_tax_tax_0_0194921875,virgin_metal_tax,0.0194921875,LOCALLY_INFEASIBLE,INFEASIBLE_POINT,false,12.984909417,0.0010094040723764852,1,0.0,0,material_composite_production_REU,eqpzs,IND_REU_NEW_ELMA,0.0010094040723764852,EOL_FLOW_EOL_DE_ELMA_INC,0.0,,0.5,2.0,1.0,2.0,1.0,1.0,0.02,0.019453125,0.0194921875,continuation_trial,15,false
sensitivity_394,predictor_target,virgin_metal_tax_tax_0_02,virgin_metal_tax,0.02,LOCALLY_INFEASIBLE,INFEASIBLE_POINT,false,60.360082545,0.0010257824332062793,1,0.0,0,material_composite_production_REU,eqpzs,IND_REU_NEW_ELMA,0.0010257824332062793,EOL_FLOW_EOL_DE_ELMA_INC,0.0,,0.5,2.0,1.0,2.0,1.0,1.0,0.02,0.019453125,0.02,predictor_target,16,false
sensitivity_394,baseline,baseline,,0.0,ALMOST_LOCALLY_SOLVED,NEARLY_FEASIBLE_POINT,true,2.994612664,5.041717356935038e-7,0,0.0,0,observed_physical_flow_links,quantity_link,physical_SK_OFMA_REP_route_input_mass,5.041717356935038e-7,EOL_FLOW_EOL_DE_ELMA_INC,0.0,,0.5,2.0,1.0,2.0,1.0,1.0,0.0,0.0,0.0,baseline,1,true
sensitivity_395,direct_target,virgin_metal_tax_tax_0_0025,virgin_metal_tax,0.0025,LOCALLY_INFEASIBLE,INFEASIBLE_POINT,true,12.212777328,0.00013266009813628354,0,0.0,0,material_composite_production_REU,eqpzs,IND_REU_NEW_ELMA,0.00013266009813628354,EOL_FLOW_EOL_DE_ELMA_INC,0.0,,1.0,2.0,1.0,2.0,1.0,1.0,0.0025,0.0,0.0025,direct_target,1,true
sensitivity_395,direct_target,virgin_metal_tax_tax_0_005,virgin_metal_tax,0.005,LOCALLY_INFEASIBLE,INFEASIBLE_POINT,true,19.426638436,0.00026992144007154106,0,0.0,0,material_composite_production_REU,eqpzs,IND_REU_NEW_ELMA,0.00026992144007154106,EOL_FLOW_EOL_DE_ELMA_INC,0.0,,1.0,2.0,1.0,2.0,1.0,1.0,0.005,0.0025,0.005,direct_target,1,true
sensitivity_395,direct_target,virgin_metal_tax_tax_0_01,virgin_metal_tax,0.01,LOCALLY_INFEASIBLE,INFEASIBLE_POINT,true,38.294079234,0.0005326780792064278,0,0.0,0,material_composite_production_REU,eqpzs,IND_REU_NEW_ELMA,0.0005326780792064278,EOL_FLOW_EOL_DE_ELMA_INC,0.0,,1.0,2.0,1.0,2.0,1.0,1.0,0.01,0.005,0.01,direct_target,1,true
sensitivity_395,direct_target,virgin_metal_tax_tax_0_02,virgin_metal_tax,0.02,LOCALLY_INFEASIBLE,INFEASIBLE_POINT,false,85.387797496,0.001078127229062309,1,0.0,0,material_composite_production_REU,eqpzs,IND_REU_NEW_ELMA,0.001078127229062309,EOL_FLOW_EOL_DE_ELMA_INC,0.0,,1.0,2.0,1.0,2.0,1.0,1.0,0.02,0.01,0.02,direct_target,1,false
sensitivity_395,continuation_trial,virgin_metal_tax_tax_0_015,virgin_metal_tax,0.015,LOCALLY_INFEASIBLE,INFEASIBLE_POINT,true,23.757742701,0.0008095650797724785,0,0.0,0,material_composite_production_REU,eqpzs,IND_REU_NEW_ELMA,0.0008095650797724785,EOL_FLOW_EOL_DE_ELMA_INC,0.0,,1.0,2.0,1.0,2.0,1.0,1.0,0.02,0.01,0.015,continuation_trial,2,true
sensitivity_395,continuation_trial,virgin_metal_tax_tax_0_02,virgin_metal_tax,0.02,LOCALLY_INFEASIBLE,INFEASIBLE_POINT,false,57.926976894,0.0025072197184844436,1,0.0,0,observed_physical_flow_links,quantity_link,physical_SK_OFMA_REP_route_input_mass,0.0025072197184844436,EOL_FLOW_EOL_DE_ELMA_INC,0.0,,1.0,2.0,1.0,2.0,1.0,1.0,0.02,0.015,0.02,continuation_trial,3,false
sensitivity_395,continuation_trial,virgin_metal_tax_tax_0_0175,virgin_metal_tax,0.0175,LOCALLY_INFEASIBLE,INFEASIBLE_POINT,false,25.844374238,0.0013857031238204143,1,0.0,0,observed_physical_flow_links,quantity_link,physical_SK_OFMA_REP_route_input_mass,0.0013857031238204143,EOL_FLOW_EOL_DE_ELMA_INC,0.0,,1.0,2.0,1.0,2.0,1.0,1.0,0.02,0.015,0.0175,continuation_trial,4,false
sensitivity_395,continuation_trial,virgin_metal_tax_tax_0_01625,virgin_metal_tax,0.01625,LOCALLY_INFEASIBLE,INFEASIBLE_POINT,true,44.237253388,0.0008742399746581864,0,0.0,0,material_composite_production_REU,eqpzs,IND_REU_NEW_ELMA,0.0008742399746581864,EOL_FLOW_EOL_DE_ELMA_INC,0.0,,1.0,2.0,1.0,2.0,1.0,1.0,0.02,0.015,0.01625,continuation_trial,5,true
sensitivity_395,continuation_trial,virgin_metal_tax_tax_0_018750000000000003,virgin_metal_tax,0.018750000000000003,LOCALLY_INFEASIBLE,INFEASIBLE_POINT,true,16.966901704,0.0008083781473656737,0,0.0,0,material_composite_production_SK,eqpzs,IND_SK_NEW_ELMA,0.0008083781473656737,EOL_FLOW_EOL_DE_ELMA_INC,0.0,,1.0,2.0,1.0,2.0,1.0,1.0,0.02,0.01625,0.018750000000000003,continuation_trial,6,true
sensitivity_395,continuation_trial,virgin_metal_tax_tax_0_02,virgin_metal_tax,0.02,LOCALLY_INFEASIBLE,INFEASIBLE_POINT,false,33.600034219,0.0376263414282858,1,0.0,0,observed_physical_flow_links,quantity_link,physical_SK_OFMA_REP_route_input_mass,0.0376263414282858,EOL_FLOW_EOL_DE_ELMA_INC,0.0,,1.0,2.0,1.0,2.0,1.0,1.0,0.02,0.018750000000000003,0.02,continuation_trial,7,false
sensitivity_395,continuation_trial,virgin_metal_tax_tax_0_019375000000000003,virgin_metal_tax,0.019375000000000003,LOCALLY_INFEASIBLE,INFEASIBLE_POINT,false,22.51762529,0.0010092789276291425,1,0.0,0,material_composite_production_REU,eqpzs,IND_REU_NEW_ELMA,0.0010092789276291425,EOL_FLOW_EOL_DE_ELMA_INC,0.0,,1.0,2.0,1.0,2.0,1.0,1.0,0.02,0.018750000000000003,0.019375000000000003,continuation_trial,8,false
sensitivity_395,continuation_trial,virgin_metal_tax_tax_0_019062500000000003,virgin_metal_tax,0.019062500000000003,LOCALLY_INFEASIBLE,INFEASIBLE_POINT,false,25.033510765,0.006900819792258095,1,0.0,0,observed_physical_flow_links,quantity_link,physical_SK_OFMA_REP_route_input_mass,0.006900819792258095,EOL_FLOW_EOL_DE_ELMA_INC,0.0,,1.0,2.0,1.0,2.0,1.0,1.0,0.02,0.018750000000000003,0.019062500000000003,continuation_trial,9,false
sensitivity_395,continuation_trial,virgin_metal_tax_tax_0_018906250000000003,virgin_metal_tax,0.018906250000000003,LOCALLY_INFEASIBLE,INFEASIBLE_POINT,true,23.032453664,0.0009968855844624258,0,0.0,0,material_composite_production_REU,eqpzs,IND_REU_NEW_ELMA,0.0009968855844624258,EOL_FLOW_EOL_DE_ELMA_INC,0.0,,1.0,2.0,1.0,2.0,1.0,1.0,0.02,0.018750000000000003,0.018906250000000003,continuation_trial,10,true
sensitivity_395,continuation_trial,virgin_metal_tax_tax_0_019218750000000003,virgin_metal_tax,0.019218750000000003,LOCALLY_INFEASIBLE,INFEASIBLE_POINT,false,37.972414858,0.0010407475757191476,1,0.0,0,material_composite_production_REU,eqpzs,IND_REU_NEW_ELMA,0.0010407475757191476,EOL_FLOW_EOL_DE_ELMA_INC,0.0,,1.0,2.0,1.0,2.0,1.0,1.0,0.02,0.018906250000000003,0.019218750000000003,continuation_trial,11,false
sensitivity_395,continuation_trial,virgin_metal_tax_tax_0_019062500000000003,virgin_metal_tax,0.019062500000000003,LOCALLY_INFEASIBLE,INFEASIBLE_POINT,true,50.589504014,0.0009967648119504346,0,0.0,0,material_composite_production_DE,eqpzs,IND_DE_NEW_ELMA,0.0009967648119504346,EOL_FLOW_EOL_DE_ELMA_INC,0.0,,1.0,2.0,1.0,2.0,1.0,1.0,0.02,0.018906250000000003,0.019062500000000003,continuation_trial,12,true
sensitivity_395,continuation_trial,virgin_metal_tax_tax_0_019375000000000003,virgin_metal_tax,0.019375000000000003,LOCALLY_INFEASIBLE,INFEASIBLE_POINT,false,29.997552151,0.0010654185770102576,2,0.0,0,material_composite_production_DE,eqpzs,IND_DE_NEW_ELMA,0.0010654185770102576,EOL_FLOW_EOL_DE_ELMA_INC,0.0,,1.0,2.0,1.0,2.0,1.0,1.0,0.02,0.019062500000000003,0.019375000000000003,continuation_trial,13,false
sensitivity_395,continuation_trial,virgin_metal_tax_tax_0_019218750000000003,virgin_metal_tax,0.019218750000000003,LOCALLY_INFEASIBLE,INFEASIBLE_POINT,false,29.951662701,0.0010613518437846414,1,0.0,0,material_composite_production_DE,eqpzs,IND_DE_NEW_ELMA,0.0010613518437846414,EOL_FLOW_EOL_DE_ELMA_INC,0.0,,1.0,2.0,1.0,2.0,1.0,1.0,0.02,0.019062500000000003,0.019218750000000003,continuation_trial,14,false
sensitivity_395,continuation_trial,virgin_metal_tax_tax_0_019140625,virgin_metal_tax,0.019140625,LOCALLY_INFEASIBLE,INFEASIBLE_POINT,true,54.435482272,0.0008875788138045237,0,0.0,0,material_composite_production_DE,eqpzs,IND_DE_NEW_ELMA,0.0008875788138045237,EOL_FLOW_EOL_DE_ELMA_INC,0.0,,1.0,2.0,1.0,2.0,1.0,1.0,0.02,0.019062500000000003,0.019140625,continuation_trial,15,true
sensitivity_395,continuation_trial,virgin_metal_tax_tax_0_019296875,virgin_metal_tax,0.019296875,LOCALLY_INFEASIBLE,INFEASIBLE_POINT,false,28.668444622,0.0010511637087717851,1,0.0,0,material_composite_production_DE,eqpzs,IND_DE_NEW_ELMA,0.0010511637087717851,EOL_FLOW_EOL_DE_ELMA_INC,0.0,,1.0,2.0,1.0,2.0,1.0,1.0,0.02,0.019140625,0.019296875,continuation_trial,16,false
sensitivity_395,continuation_trial,virgin_metal_tax_tax_0_01921875,virgin_metal_tax,0.01921875,LOCALLY_INFEASIBLE,INFEASIBLE_POINT,false,21.396063903,0.0010604091844506058,1,0.0,0,material_composite_production_DE,eqpzs,IND_DE_NEW_ELMA,0.0010604091844506058,EOL_FLOW_EOL_DE_ELMA_INC,0.0,,1.0,2.0,1.0,2.0,1.0,1.0,0.02,0.019140625,0.01921875,continuation_trial,17,false
sensitivity_395,continuation_trial,virgin_metal_tax_tax_0_0191796875,virgin_metal_tax,0.0191796875,LOCALLY_INFEASIBLE,INFEASIBLE_POINT,false,27.778847402,0.00103664432154571,1,0.0,0,material_composite_production_DE,eqpzs,IND_DE_NEW_ELMA,0.00103664432154571,EOL_FLOW_EOL_DE_ELMA_INC,0.0,,1.0,2.0,1.0,2.0,1.0,1.0,0.02,0.019140625,0.0191796875,continuation_trial,18,false
sensitivity_395,predictor_target,virgin_metal_tax_tax_0_02,virgin_metal_tax,0.02,INVALID_MODEL,FEASIBLE_POINT,false,3.473522274,857194.5032108903,138,0.0,0,regional_circular_service_demand,circular_route_demand,TST_SK_OFMA|IND_SK_REF_OFMA,857194.5032108903,EOL_FLOW_EOL_DE_ELMA_INC,0.0,,1.0,2.0,1.0,2.0,1.0,1.0,0.02,0.019140625,0.02,predictor_target,19,false
sensitivity_395,baseline,baseline,,0.0,ALMOST_LOCALLY_SOLVED,NEARLY_FEASIBLE_POINT,true,4.198501702,5.041717037190807e-7,0,0.0,0,observed_physical_flow_links,quantity_link,physical_SK_OFMA_REP_route_input_mass,5.041717037190807e-7,EOL_FLOW_EOL_DE_ELMA_INC,0.0,,1.0,2.0,1.0,2.0,1.0,1.0,0.0,0.0,0.0,baseline,1,true
sensitivity_396,direct_target,virgin_metal_tax_tax_0_0025,virgin_metal_tax,0.0025,LOCALLY_INFEASIBLE,INFEASIBLE_POINT,true,15.138583901,0.00013456539804201917,0,0.0,0,material_composite_production_REU,eqpzs,IND_REU_NEW_ELMA,0.00013456539804201917,EOL_FLOW_EOL_DE_ELMA_INC,0.0,,2.0,2.0,1.0,2.0,1.0,1.0,0.0025,0.0,0.0025,direct_target,1,true
sensitivity_396,direct_target,virgin_metal_tax_tax_0_005,virgin_metal_tax,0.005,LOCALLY_INFEASIBLE,INFEASIBLE_POINT,true,10.709531077,0.0002634052232046713,0,0.0,0,material_composite_production_REU,eqpzs,IND_REU_NEW_ELMA,0.0002634052232046713,EOL_FLOW_EOL_DE_ELMA_INC,0.0,,2.0,2.0,1.0,2.0,1.0,1.0,0.005,0.0025,0.005,direct_target,1,true
sensitivity_396,direct_target,virgin_metal_tax_tax_0_01,virgin_metal_tax,0.01,LOCALLY_INFEASIBLE,INFEASIBLE_POINT,true,31.14692278,0.0006119927371049938,0,0.0,0,material_composite_production_SK,eqpzs,IND_SK_NEW_ELMA,0.0006119927371049938,EOL_FLOW_EOL_DE_ELMA_INC,0.0,,2.0,2.0,1.0,2.0,1.0,1.0,0.01,0.005,0.01,direct_target,1,true
sensitivity_396,direct_target,virgin_metal_tax_tax_0_02,virgin_metal_tax,0.02,LOCALLY_INFEASIBLE,INFEASIBLE_POINT,false,38.290683707,0.0031554642838154123,1,0.0,0,observed_physical_flow_links,quantity_link,physical_SK_OFMA_REP_route_input_mass,0.0031554642838154123,EOL_FLOW_EOL_DE_ELMA_INC,0.0,,2.0,2.0,1.0,2.0,1.0,1.0,0.02,0.01,0.02,direct_target,1,false
sensitivity_396,continuation_trial,virgin_metal_tax_tax_0_015,virgin_metal_tax,0.015,LOCALLY_INFEASIBLE,INFEASIBLE_POINT,true,30.656146346,0.0009360426569012814,0,0.0,0,material_composite_production_SK,eqpzs,IND_SK_NEW_ELMA,0.0009360426569012814,EOL_FLOW_EOL_DE_ELMA_INC,0.0,,2.0,2.0,1.0,2.0,1.0,1.0,0.02,0.01,0.015,continuation_trial,2,true
sensitivity_396,continuation_trial,virgin_metal_tax_tax_0_02,virgin_metal_tax,0.02,LOCALLY_INFEASIBLE,INFEASIBLE_POINT,false,23.62320397,0.001219743364531456,1,0.0,0,material_composite_production_SK,eqpzs,IND_SK_NEW_ELMA,0.001219743364531456,EOL_FLOW_EOL_DE_ELMA_INC,0.0,,2.0,2.0,1.0,2.0,1.0,1.0,0.02,0.015,0.02,continuation_trial,3,false
sensitivity_396,continuation_trial,virgin_metal_tax_tax_0_0175,virgin_metal_tax,0.0175,LOCALLY_INFEASIBLE,INFEASIBLE_POINT,false,65.156727785,0.001976624320205622,1,0.0,0,observed_physical_flow_links,quantity_link,physical_SK_OFMA_REP_route_input_mass,0.001976624320205622,EOL_FLOW_EOL_DE_ELMA_INC,0.0,,2.0,2.0,1.0,2.0,1.0,1.0,0.02,0.015,0.0175,continuation_trial,4,false
sensitivity_396,continuation_trial,virgin_metal_tax_tax_0_01625,virgin_metal_tax,0.01625,LOCALLY_INFEASIBLE,INFEASIBLE_POINT,true,27.107317984,0.0007970111069642849,0,0.0,0,material_composite_production_SK,eqpzs,IND_SK_NEW_ELMA,0.0007970111069642849,EOL_FLOW_EOL_DE_ELMA_INC,0.0,,2.0,2.0,1.0,2.0,1.0,1.0,0.02,0.015,0.01625,continuation_trial,5,true
sensitivity_396,continuation_trial,virgin_metal_tax_tax_0_018750000000000003,virgin_metal_tax,0.018750000000000003,LOCALLY_INFEASIBLE,INFEASIBLE_POINT,false,41.339071797,0.0011724649268880505,1,0.0,0,material_composite_production_SK,eqpzs,IND_SK_NEW_ELMA,0.0011724649268880505,EOL_FLOW_EOL_DE_ELMA_INC,0.0,,2.0,2.0,1.0,2.0,1.0,1.0,0.02,0.01625,0.018750000000000003,continuation_trial,6,false
sensitivity_396,continuation_trial,virgin_metal_tax_tax_0_0175,virgin_metal_tax,0.0175,LOCALLY_INFEASIBLE,INFEASIBLE_POINT,true,15.717762538,0.0009434227643019266,0,0.0,0,material_composite_production_SK,eqpzs,IND_SK_NEW_ELMA,0.0009434227643019266,EOL_FLOW_EOL_DE_ELMA_INC,0.0,,2.0,2.0,1.0,2.0,1.0,1.0,0.02,0.01625,0.0175,continuation_trial,7,true
sensitivity_396,continuation_trial,virgin_metal_tax_tax_0_02,virgin_metal_tax,0.02,LOCALLY_INFEASIBLE,INFEASIBLE_POINT,false,16.976209158,0.0012526441174997016,1,0.0,0,material_composite_production_SK,eqpzs,IND_SK_NEW_ELMA,0.0012526441174997016,EOL_FLOW_EOL_DE_ELMA_INC,0.0,,2.0,2.0,1.0,2.0,1.0,1.0,0.02,0.0175,0.02,continuation_trial,8,false
sensitivity_396,continuation_trial,virgin_metal_tax_tax_0_018750000000000003,virgin_metal_tax,0.018750000000000003,LOCALLY_INFEASIBLE,INFEASIBLE_POINT,false,25.381428707,0.001154959755821694,1,0.0,0,material_composite_production_SK,eqpzs,IND_SK_NEW_ELMA,0.001154959755821694,EOL_FLOW_EOL_DE_ELMA_INC,0.0,,2.0,2.0,1.0,2.0,1.0,1.0,0.02,0.0175,0.018750000000000003,continuation_trial,9,false
sensitivity_396,continuation_trial,virgin_metal_tax_tax_0_018125000000000002,virgin_metal_tax,0.018125000000000002,LOCALLY_INFEASIBLE,INFEASIBLE_POINT,true,29.260927178,0.0009405520615084484,0,0.0,0,material_composite_production_SK,eqpzs,IND_SK_NEW_ELMA,0.0009405520615084484,EOL_FLOW_EOL_DE_ELMA_INC,0.0,,2.0,2.0,1.0,2.0,1.0,1.0,0.02,0.0175,0.018125000000000002,continuation_trial,10,true
sensitivity_396,continuation_trial,virgin_metal_tax_tax_0_019375000000000003,virgin_metal_tax,0.019375000000000003,LOCALLY_INFEASIBLE,INFEASIBLE_POINT,false,13.733366921,0.0011669176768397405,1,0.0,0,material_composite_production_SK,eqpzs,IND_SK_NEW_ELMA,0.0011669176768397405,EOL_FLOW_EOL_DE_ELMA_INC,0.0,,2.0,2.0,1.0,2.0,1.0,1.0,0.02,0.018125000000000002,0.019375000000000003,continuation_trial,11,false
sensitivity_396,continuation_trial,virgin_metal_tax_tax_0_018750000000000003,virgin_metal_tax,0.018750000000000003,LOCALLY_INFEASIBLE,INFEASIBLE_POINT,false,26.481533958,0.0011546431516602507,1,0.0,0,material_composite_production_SK,eqpzs,IND_SK_NEW_ELMA,0.0011546431516602507,EOL_FLOW_EOL_DE_ELMA_INC,0.0,,2.0,2.0,1.0,2.0,1.0,1.0,0.02,0.018125000000000002,0.018750000000000003,continuation_trial,12,false
sensitivity_396,continuation_trial,virgin_metal_tax_tax_0_018437500000000002,virgin_metal_tax,0.018437500000000002,LOCALLY_INFEASIBLE,INFEASIBLE_POINT,false,32.025169978,0.001063625282742761,1,0.0,0,common_eu_trade,eu_cet_quantity,NEW_ELMA|SK,0.001063625282742761,EOL_FLOW_EOL_DE_ELMA_INC,0.0,,2.0,2.0,1.0,2.0,1.0,1.0,0.02,0.018125000000000002,0.018437500000000002,continuation_trial,13,false
sensitivity_396,continuation_trial,virgin_metal_tax_tax_0_018281250000000002,virgin_metal_tax,0.018281250000000002,LOCALLY_INFEASIBLE,INFEASIBLE_POINT,false,28.874904667,0.0011340343380806805,1,0.0,0,material_composite_production_SK,eqpzs,IND_SK_NEW_ELMA,0.0011340343380806805,EOL_FLOW_EOL_DE_ELMA_INC,0.0,,2.0,2.0,1.0,2.0,1.0,1.0,0.02,0.018125000000000002,0.018281250000000002,continuation_trial,14,false
sensitivity_396,continuation_trial,virgin_metal_tax_tax_0_018203125,virgin_metal_tax,0.018203125,LOCALLY_INFEASIBLE,INFEASIBLE_POINT,false,14.745667068,0.0011445893839364674,1,0.0,0,material_composite_production_SK,eqpzs,IND_SK_NEW_ELMA,0.0011445893839364674,EOL_FLOW_EOL_DE_ELMA_INC,0.0,,2.0,2.0,1.0,2.0,1.0,1.0,0.02,0.018125000000000002,0.018203125,continuation_trial,15,false
sensitivity_396,continuation_trial,virgin_metal_tax_tax_0_0181640625,virgin_metal_tax,0.0181640625,LOCALLY_INFEASIBLE,INFEASIBLE_POINT,false,30.400488323,0.001137706553827944,1,0.0,0,material_composite_production_SK,eqpzs,IND_SK_NEW_ELMA,0.001137706553827944,EOL_FLOW_EOL_DE_ELMA_INC,0.0,,2.0,2.0,1.0,2.0,1.0,1.0,0.02,0.018125000000000002,0.0181640625,continuation_trial,16,false
sensitivity_396,predictor_target,virgin_metal_tax_tax_0_02,virgin_metal_tax,0.02,INVALID_MODEL,FEASIBLE_POINT,false,1.80491173,945351.7810083332,101,0.0,0,regional_circular_service_demand,circular_route_demand,TST_SK_OFMA|IND_SK_REF_OFMA,945351.7810083332,EOL_FLOW_EOL_DE_ELMA_INC,0.0,,2.0,2.0,1.0,2.0,1.0,1.0,0.02,0.018125000000000002,0.02,predictor_target,17,false
sensitivity_396,baseline,baseline,,0.0,ALMOST_LOCALLY_SOLVED,NEARLY_FEASIBLE_POINT,true,4.144490374,5.041716778508842e-7,0,0.0,0,observed_physical_flow_links,quantity_link,physical_SK_OFMA_REP_route_input_mass,5.041716778508842e-7,EOL_FLOW_EOL_DE_ELMA_INC,0.0,,2.0,2.0,1.0,2.0,1.0,1.0,0.0,0.0,0.0,baseline,1,true
sensitivity_439,direct_target,virgin_metal_tax_tax_0_0025,virgin_metal_tax,0.0025,LOCALLY_INFEASIBLE,INFEASIBLE_POINT,true,17.616217554,0.00013402311144139478,0,0.0,0,material_composite_production_REU,eqpzs,IND_REU_NEW_ELMA,0.00013402311144139478,EOL_FLOW_EOL_DE_ELMA_INC,0.0,,0.5,2.0,0.5,1.0,2.0,1.0,0.0025,0.0,0.0025,direct_target,1,true
sensitivity_439,direct_target,virgin_metal_tax_tax_0_005,virgin_metal_tax,0.005,LOCALLY_INFEASIBLE,INFEASIBLE_POINT,true,15.908490801,0.0002653523300987226,0,0.0,0,material_composite_production_REU,eqpzs,IND_REU_NEW_ELMA,0.0002653523300987226,EOL_FLOW_EOL_DE_ELMA_INC,0.0,,0.5,2.0,0.5,1.0,2.0,1.0,0.005,0.0025,0.005,direct_target,1,true
sensitivity_439,direct_target,virgin_metal_tax_tax_0_01,virgin_metal_tax,0.01,LOCALLY_INFEASIBLE,INFEASIBLE_POINT,true,16.530520204,0.000491864952573029,0,0.0,0,material_composite_production_REU,eqpzs,IND_REU_NEW_ELMA,0.000491864952573029,EOL_FLOW_EOL_DE_ELMA_INC,0.0,,0.5,2.0,0.5,1.0,2.0,1.0,0.01,0.005,0.01,direct_target,1,true
sensitivity_439,direct_target,virgin_metal_tax_tax_0_02,virgin_metal_tax,0.02,LOCALLY_INFEASIBLE,INFEASIBLE_POINT,false,20.822491948,0.001024304597154635,1,0.0,0,material_composite_production_REU,eqpzs,IND_REU_NEW_ELMA,0.001024304597154635,EOL_FLOW_EOL_DE_ELMA_INC,0.0,,0.5,2.0,0.5,1.0,2.0,1.0,0.02,0.01,0.02,direct_target,1,false
sensitivity_439,continuation_trial,virgin_metal_tax_tax_0_015,virgin_metal_tax,0.015,LOCALLY_INFEASIBLE,INFEASIBLE_POINT,true,14.623437389,0.0007981371345762156,0,0.0,0,material_composite_production_REU,eqpzs,IND_REU_NEW_ELMA,0.0007981371345762156,EOL_FLOW_EOL_DE_ELMA_INC,0.0,,0.5,2.0,0.5,1.0,2.0,1.0,0.02,0.01,0.015,continuation_trial,2,true
sensitivity_439,continuation_trial,virgin_metal_tax_tax_0_02,virgin_metal_tax,0.02,LOCALLY_INFEASIBLE,INFEASIBLE_POINT,false,13.625098259,0.015077620397180413,1,0.0,0,observed_physical_flow_links,quantity_link,physical_SK_OFMA_REP_route_input_mass,0.015077620397180413,EOL_FLOW_EOL_DE_ELMA_INC,0.0,,0.5,2.0,0.5,1.0,2.0,1.0,0.02,0.015,0.02,continuation_trial,3,false
sensitivity_439,continuation_trial,virgin_metal_tax_tax_0_0175,virgin_metal_tax,0.0175,LOCALLY_INFEASIBLE,INFEASIBLE_POINT,false,21.913619303,0.019675751124949237,1,0.0,0,observed_physical_flow_links,quantity_link,physical_SK_OFMA_REP_route_input_mass,0.019675751124949237,EOL_FLOW_EOL_DE_ELMA_INC,0.0,,0.5,2.0,0.5,1.0,2.0,1.0,0.02,0.015,0.0175,continuation_trial,4,false
sensitivity_439,continuation_trial,virgin_metal_tax_tax_0_01625,virgin_metal_tax,0.01625,LOCALLY_INFEASIBLE,INFEASIBLE_POINT,false,26.750410859,0.012280782100859922,1,0.0,0,observed_physical_flow_links,quantity_link,physical_SK_OFMA_REP_route_input_mass,0.012280782100859922,EOL_FLOW_EOL_DE_ELMA_INC,0.0,,0.5,2.0,0.5,1.0,2.0,1.0,0.02,0.015,0.01625,continuation_trial,5,false
sensitivity_439,continuation_trial,virgin_metal_tax_tax_0_015625,virgin_metal_tax,0.015625,LOCALLY_INFEASIBLE,INFEASIBLE_POINT,true,10.160161077,0.0008007008306794017,0,0.0,0,material_composite_production_REU,eqpzs,IND_REU_NEW_ELMA,0.0008007008306794017,EOL_FLOW_EOL_DE_ELMA_INC,0.0,,0.5,2.0,0.5,1.0,2.0,1.0,0.02,0.015,0.015625,continuation_trial,6,true
sensitivity_439,continuation_trial,virgin_metal_tax_tax_0_016875,virgin_metal_tax,0.016875,LOCALLY_INFEASIBLE,INFEASIBLE_POINT,true,25.969580324,0.0008958248945994951,0,0.0,0,material_composite_production_REU,eqpzs,IND_REU_NEW_ELMA,0.0008958248945994951,EOL_FLOW_EOL_DE_ELMA_INC,0.0,,0.5,2.0,0.5,1.0,2.0,1.0,0.02,0.015625,0.016875,continuation_trial,7,true
sensitivity_439,continuation_trial,virgin_metal_tax_tax_0_019375000000000003,virgin_metal_tax,0.019375000000000003,LOCALLY_INFEASIBLE,INFEASIBLE_POINT,false,12.935394515,0.0010178429429470448,1,0.0,0,material_composite_production_REU,eqpzs,IND_REU_NEW_ELMA,0.0010178429429470448,EOL_FLOW_EOL_DE_ELMA_INC,0.0,,0.5,2.0,0.5,1.0,2.0,1.0,0.02,0.016875,0.019375000000000003,continuation_trial,8,false
sensitivity_439,continuation_trial,virgin_metal_tax_tax_0_018125000000000002,virgin_metal_tax,0.018125000000000002,LOCALLY_INFEASIBLE,INFEASIBLE_POINT,false,38.054109134,0.003183879719648619,1,0.0,0,observed_physical_flow_links,quantity_link,physical_SK_OFMA_REP_route_input_mass,0.003183879719648619,EOL_FLOW_EOL_DE_ELMA_INC,0.0,,0.5,2.0,0.5,1.0,2.0,1.0,0.02,0.016875,0.018125000000000002,continuation_trial,9,false
sensitivity_439,continuation_trial,virgin_metal_tax_tax_0_0175,virgin_metal_tax,0.0175,LOCALLY_INFEASIBLE,INFEASIBLE_POINT,true,29.409259697,0.0009283846973903165,0,0.0,0,material_composite_production_REU,eqpzs,IND_REU_NEW_ELMA,0.0009283846973903165,EOL_FLOW_EOL_DE_ELMA_INC,0.0,,0.5,2.0,0.5,1.0,2.0,1.0,0.02,0.016875,0.0175,continuation_trial,10,true
sensitivity_439,continuation_trial,virgin_metal_tax_tax_0_018750000000000003,virgin_metal_tax,0.018750000000000003,LOCALLY_INFEASIBLE,INFEASIBLE_POINT,true,22.603778943,0.0009716158574082367,0,0.0,0,material_composite_production_REU,eqpzs,IND_REU_NEW_ELMA,0.0009716158574082367,EOL_FLOW_EOL_DE_ELMA_INC,0.0,,0.5,2.0,0.5,1.0,2.0,1.0,0.02,0.0175,0.018750000000000003,continuation_trial,11,true
sensitivity_439,continuation_trial,virgin_metal_tax_tax_0_02,virgin_metal_tax,0.02,LOCALLY_INFEASIBLE,INFEASIBLE_POINT,false,101.355686544,0.001349596970646405,1,0.0,0,observed_physical_flow_links,quantity_link,physical_SK_OFMA_REP_route_input_mass,0.001349596970646405,EOL_FLOW_EOL_DE_ELMA_INC,0.0,,0.5,2.0,0.5,1.0,2.0,1.0,0.02,0.018750000000000003,0.02,continuation_trial,12,false
sensitivity_439,continuation_trial,virgin_metal_tax_tax_0_019375000000000003,virgin_metal_tax,0.019375000000000003,LOCALLY_INFEASIBLE,INFEASIBLE_POINT,false,34.668851067,0.0010023582007989695,1,0.0,0,material_composite_production_REU,eqpzs,IND_REU_NEW_ELMA,0.0010023582007989695,EOL_FLOW_EOL_DE_ELMA_INC,0.0,,0.5,2.0,0.5,1.0,2.0,1.0,0.02,0.018750000000000003,0.019375000000000003,continuation_trial,13,false
sensitivity_439,continuation_trial,virgin_metal_tax_tax_0_019062500000000003,virgin_metal_tax,0.019062500000000003,LOCALLY_INFEASIBLE,INFEASIBLE_POINT,true,14.333149311,0.0007947858596071278,0,0.0,0,material_composite_production_REU,eqpzs,IND_REU_NEW_ELMA,0.0007947858596071278,EOL_FLOW_EOL_DE_ELMA_INC,0.0,,0.5,2.0,0.5,1.0,2.0,1.0,0.02,0.018750000000000003,0.019062500000000003,continuation_trial,14,true
sensitivity_439,continuation_trial,virgin_metal_tax_tax_0_019687500000000004,virgin_metal_tax,0.019687500000000004,LOCALLY_INFEASIBLE,INFEASIBLE_POINT,false,22.355664069,0.001013251939497306,1,0.0,0,material_composite_production_REU,eqpzs,IND_REU_NEW_ELMA,0.001013251939497306,EOL_FLOW_EOL_DE_ELMA_INC,0.0,,0.5,2.0,0.5,1.0,2.0,1.0,0.02,0.019062500000000003,0.019687500000000004,continuation_trial,15,false
sensitivity_439,continuation_trial,virgin_metal_tax_tax_0_019375000000000003,virgin_metal_tax,0.019375000000000003,LOCALLY_INFEASIBLE,INFEASIBLE_POINT,true,18.315556647,0.00099476563949763,0,0.0,0,material_composite_production_REU,eqpzs,IND_REU_NEW_ELMA,0.00099476563949763,EOL_FLOW_EOL_DE_ELMA_INC,0.0,,0.5,2.0,0.5,1.0,2.0,1.0,0.02,0.019062500000000003,0.019375000000000003,continuation_trial,16,true
sensitivity_439,continuation_trial,virgin_metal_tax_tax_0_02,virgin_metal_tax,0.02,LOCALLY_INFEASIBLE,INFEASIBLE_POINT,false,37.652628253,0.001082417646476208,1,0.0,0,material_composite_production_REU,eqpzs,IND_REU_NEW_ELMA,0.001082417646476208,EOL_FLOW_EOL_DE_ELMA_INC,0.0,,0.5,2.0,0.5,1.0,2.0,1.0,0.02,0.019375000000000003,0.02,continuation_trial,17,false
sensitivity_439,continuation_trial,virgin_metal_tax_tax_0_019687500000000004,virgin_metal_tax,0.019687500000000004,LOCALLY_INFEASIBLE,INFEASIBLE_POINT,false,19.219800052,0.0010169880202272052,1,0.0,0,material_composite_production_REU,eqpzs,IND_REU_NEW_ELMA,0.0010169880202272052,EOL_FLOW_EOL_DE_ELMA_INC,0.0,,0.5,2.0,0.5,1.0,2.0,1.0,0.02,0.019375000000000003,0.019687500000000004,continuation_trial,18,false
sensitivity_439,continuation_trial,virgin_metal_tax_tax_0_019531250000000003,virgin_metal_tax,0.019531250000000003,LOCALLY_INFEASIBLE,INFEASIBLE_POINT,false,34.574307146,0.0010345171181287416,1,0.0,0,material_composite_production_REU,eqpzs,IND_REU_NEW_ELMA,0.0010345171181287416,EOL_FLOW_EOL_DE_ELMA_INC,0.0,,0.5,2.0,0.5,1.0,2.0,1.0,0.02,0.019375000000000003,0.019531250000000003,continuation_trial,19,false
sensitivity_439,continuation_trial,virgin_metal_tax_tax_0_019453125,virgin_metal_tax,0.019453125,LOCALLY_INFEASIBLE,INFEASIBLE_POINT,false,15.904287499,0.0010182994409666524,1,0.0,0,material_composite_production_REU,eqpzs,IND_REU_NEW_ELMA,0.0010182994409666524,EOL_FLOW_EOL_DE_ELMA_INC,0.0,,0.5,2.0,0.5,1.0,2.0,1.0,0.02,0.019375000000000003,0.019453125,continuation_trial,20,false
sensitivity_439,continuation_trial,virgin_metal_tax_tax_0_019414062500000002,virgin_metal_tax,0.019414062500000002,LOCALLY_INFEASIBLE,INFEASIBLE_POINT,false,20.221369978,0.001026253611010719,1,0.0,0,material_composite_production_REU,eqpzs,IND_REU_NEW_ELMA,0.001026253611010719,EOL_FLOW_EOL_DE_ELMA_INC,0.0,,0.5,2.0,0.5,1.0,2.0,1.0,0.02,0.019375000000000003,0.019414062500000002,continuation_trial,21,false
sensitivity_439,predictor_target,virgin_metal_tax_tax_0_02,virgin_metal_tax,0.02,INVALID_MODEL,FEASIBLE_POINT,false,2.559624602,0.2159352396432817,10,0.0,0,regional_government_demand,regional_output_tax,IND_SK_EXTRACTIVE|SK,0.2159352396432817,EOL_FLOW_EOL_DE_ELMA_INC,0.0,,0.5,2.0,0.5,1.0,2.0,1.0,0.02,0.019375000000000003,0.02,predictor_target,22,false
sensitivity_439,baseline,baseline,,0.0,ALMOST_LOCALLY_SOLVED,NEARLY_FEASIBLE_POINT,true,3.539958985,5.065252313141144e-7,0,0.0,0,observed_physical_flow_links,quantity_link,physical_SK_OFMA_REP_route_input_mass,5.065252313141144e-7,EOL_FLOW_EOL_DE_ELMA_INC,0.0,,0.5,2.0,0.5,1.0,2.0,1.0,0.0,0.0,0.0,baseline,1,true
sensitivity_440,direct_target,virgin_metal_tax_tax_0_0025,virgin_metal_tax,0.0025,LOCALLY_INFEASIBLE,INFEASIBLE_POINT,true,15.03994364,0.00013242904283683465,0,0.0,0,material_composite_production_REU,eqpzs,IND_REU_NEW_ELMA,0.00013242904283683465,EOL_FLOW_EOL_DE_ELMA_INC,0.0,,1.0,2.0,0.5,1.0,2.0,1.0,0.0025,0.0,0.0025,direct_target,1,true
sensitivity_440,direct_target,virgin_metal_tax_tax_0_005,virgin_metal_tax,0.005,LOCALLY_INFEASIBLE,INFEASIBLE_POINT,true,22.318764603,0.00027013073997539383,0,0.0,0,material_composite_production_REU,eqpzs,IND_REU_NEW_ELMA,0.00027013073997539383,EOL_FLOW_EOL_DE_ELMA_INC,0.0,,1.0,2.0,0.5,1.0,2.0,1.0,0.005,0.0025,0.005,direct_target,1,true
sensitivity_440,direct_target,virgin_metal_tax_tax_0_01,virgin_metal_tax,0.01,LOCALLY_INFEASIBLE,INFEASIBLE_POINT,true,52.79539822,0.0005228490967579269,0,0.0,0,material_composite_production_REU,eqpzs,IND_REU_NEW_ELMA,0.0005228490967579269,EOL_FLOW_EOL_DE_ELMA_INC,0.0,,1.0,2.0,0.5,1.0,2.0,1.0,0.01,0.005,0.01,direct_target,1,true
sensitivity_440,direct_target,virgin_metal_tax_tax_0_02,virgin_metal_tax,0.02,LOCALLY_INFEASIBLE,INFEASIBLE_POINT,false,69.623390044,0.0010637580820566095,1,0.0,0,material_composite_production_REU,eqpzs,IND_REU_NEW_ELMA,0.0010637580820566095,EOL_FLOW_EOL_DE_ELMA_INC,0.0,,1.0,2.0,0.5,1.0,2.0,1.0,0.02,0.01,0.02,direct_target,1,false
sensitivity_440,continuation_trial,virgin_metal_tax_tax_0_015,virgin_metal_tax,0.015,LOCALLY_INFEASIBLE,INFEASIBLE_POINT,true,41.376918781,0.0008082010566404785,0,0.0,0,material_composite_production_REU,eqpzs,IND_REU_NEW_ELMA,0.0008082010566404785,EOL_FLOW_EOL_DE_ELMA_INC,0.0,,1.0,2.0,0.5,1.0,2.0,1.0,0.02,0.01,0.015,continuation_trial,2,true
sensitivity_440,continuation_trial,virgin_metal_tax_tax_0_02,virgin_metal_tax,0.02,LOCALLY_INFEASIBLE,INFEASIBLE_POINT,false,79.694080801,0.001103272387768417,1,0.0,0,material_composite_production_DE,eqpzs,IND_DE_NEW_ELMA,0.001103272387768417,EOL_FLOW_EOL_DE_ELMA_INC,0.0,,1.0,2.0,0.5,1.0,2.0,1.0,0.02,0.015,0.02,continuation_trial,3,false
sensitivity_440,continuation_trial,virgin_metal_tax_tax_0_0175,virgin_metal_tax,0.0175,LOCALLY_INFEASIBLE,INFEASIBLE_POINT,true,20.666170591,0.00089835325947063,0,0.0,0,material_composite_production_REU,eqpzs,IND_REU_NEW_ELMA,0.00089835325947063,EOL_FLOW_EOL_DE_ELMA_INC,0.0,,1.0,2.0,0.5,1.0,2.0,1.0,0.02,0.015,0.0175,continuation_trial,4,true
sensitivity_440,continuation_trial,virgin_metal_tax_tax_0_02,virgin_metal_tax,0.02,LOCALLY_INFEASIBLE,INFEASIBLE_POINT,false,31.127870422,0.0010637687452134115,1,0.0,0,material_composite_production_REU,eqpzs,IND_REU_NEW_ELMA,0.0010637687452134115,EOL_FLOW_EOL_DE_ELMA_INC,0.0,,1.0,2.0,0.5,1.0,2.0,1.0,0.02,0.0175,0.02,continuation_trial,5,false
sensitivity_440,continuation_trial,virgin_metal_tax_tax_0_018750000000000003,virgin_metal_tax,0.018750000000000003,LOCALLY_INFEASIBLE,INFEASIBLE_POINT,false,18.179668359,0.0010032448562132812,1,0.0,0,material_composite_production_REU,eqpzs,IND_REU_NEW_ELMA,0.0010032448562132812,EOL_FLOW_EOL_DE_ELMA_INC,0.0,,1.0,2.0,0.5,1.0,2.0,1.0,0.02,0.0175,0.018750000000000003,continuation_trial,6,false
sensitivity_440,continuation_trial,virgin_metal_tax_tax_0_018125000000000002,virgin_metal_tax,0.018125000000000002,LOCALLY_INFEASIBLE,INFEASIBLE_POINT,true,44.68544324,0.000978780021998804,0,0.0,0,material_composite_production_REU,eqpzs,IND_REU_NEW_ELMA,0.000978780021998804,EOL_FLOW_EOL_DE_ELMA_INC,0.0,,1.0,2.0,0.5,1.0,2.0,1.0,0.02,0.0175,0.018125000000000002,continuation_trial,7,true
sensitivity_440,continuation_trial,virgin_metal_tax_tax_0_019375000000000003,virgin_metal_tax,0.019375000000000003,LOCALLY_INFEASIBLE,INFEASIBLE_POINT,false,50.443284655,0.0010328539239167212,1,0.0,0,material_composite_production_REU,eqpzs,IND_REU_NEW_ELMA,0.0010328539239167212,EOL_FLOW_EOL_DE_ELMA_INC,0.0,,1.0,2.0,0.5,1.0,2.0,1.0,0.02,0.018125000000000002,0.019375000000000003,continuation_trial,8,false
sensitivity_440,continuation_trial,virgin_metal_tax_tax_0_018750000000000003,virgin_metal_tax,0.018750000000000003,LOCALLY_INFEASIBLE,INFEASIBLE_POINT,false,50.810645444,0.0010050033377991818,1,0.0,0,material_composite_production_REU,eqpzs,IND_REU_NEW_ELMA,0.0010050033377991818,EOL_FLOW_EOL_DE_ELMA_INC,0.0,,1.0,2.0,0.5,1.0,2.0,1.0,0.02,0.018125000000000002,0.018750000000000003,continuation_trial,9,false
sensitivity_440,continuation_trial,virgin_metal_tax_tax_0_018437500000000002,virgin_metal_tax,0.018437500000000002,LOCALLY_INFEASIBLE,INFEASIBLE_POINT,true,69.073942016,0.000997117333327746,0,6.944014606756551e-9,0,material_composite_production_REU,eqpzs,IND_REU_NEW_ELMA,0.000997117333327746,F_FAC_SK_LAB_IND_SK_REP_OFMA,6.944014606756551e-9,,1.0,2.0,0.5,1.0,2.0,1.0,0.02,0.018125000000000002,0.018437500000000002,continuation_trial,10,true
sensitivity_440,continuation_trial,virgin_metal_tax_tax_0_019062500000000003,virgin_metal_tax,0.019062500000000003,LOCALLY_INFEASIBLE,INFEASIBLE_POINT,false,29.287757007,0.0010141038730934193,1,0.0,0,material_composite_production_REU,eqpzs,IND_REU_NEW_ELMA,0.0010141038730934193,EOL_FLOW_EOL_DE_ELMA_INC,0.0,,1.0,2.0,0.5,1.0,2.0,1.0,0.02,0.018437500000000002,0.019062500000000003,continuation_trial,11,false
sensitivity_440,continuation_trial,virgin_metal_tax_tax_0_018750000000000003,virgin_metal_tax,0.018750000000000003,LOCALLY_INFEASIBLE,INFEASIBLE_POINT,true,72.92915597,0.000986670507787779,0,0.0,0,material_composite_production_REU,eqpzs,IND_REU_NEW_ELMA,0.000986670507787779,EOL_FLOW_EOL_DE_ELMA_INC,0.0,,1.0,2.0,0.5,1.0,2.0,1.0,0.02,0.018437500000000002,0.018750000000000003,continuation_trial,12,true
sensitivity_440,continuation_trial,virgin_metal_tax_tax_0_019375000000000003,virgin_metal_tax,0.019375000000000003,LOCALLY_INFEASIBLE,INFEASIBLE_POINT,false,23.556852145,0.0010333999635930846,1,0.0,0,material_composite_production_REU,eqpzs,IND_REU_NEW_ELMA,0.0010333999635930846,EOL_FLOW_EOL_DE_ELMA_INC,0.0,,1.0,2.0,0.5,1.0,2.0,1.0,0.02,0.018750000000000003,0.019375000000000003,continuation_trial,13,false
sensitivity_440,continuation_trial,virgin_metal_tax_tax_0_019062500000000003,virgin_metal_tax,0.019062500000000003,LOCALLY_INFEASIBLE,INFEASIBLE_POINT,false,11.048102645,0.001024985661611244,1,0.0,0,material_composite_production_REU,eqpzs,IND_REU_NEW_ELMA,0.001024985661611244,EOL_FLOW_EOL_DE_ELMA_INC,0.0,,1.0,2.0,0.5,1.0,2.0,1.0,0.02,0.018750000000000003,0.019062500000000003,continuation_trial,14,false
sensitivity_440,continuation_trial,virgin_metal_tax_tax_0_018906250000000003,virgin_metal_tax,0.018906250000000003,LOCALLY_INFEASIBLE,INFEASIBLE_POINT,false,30.886948552,0.0010073317288078476,1,0.0,0,material_composite_production_REU,eqpzs,IND_REU_NEW_ELMA,0.0010073317288078476,EOL_FLOW_EOL_DE_ELMA_INC,0.0,,1.0,2.0,0.5,1.0,2.0,1.0,0.02,0.018750000000000003,0.018906250000000003,continuation_trial,15,false
sensitivity_440,continuation_trial,virgin_metal_tax_tax_0_018828125,virgin_metal_tax,0.018828125,LOCALLY_INFEASIBLE,INFEASIBLE_POINT,false,17.229204045,0.0010164678016739703,1,0.0,0,material_composite_production_REU,eqpzs,IND_REU_NEW_ELMA,0.0010164678016739703,EOL_FLOW_EOL_DE_ELMA_INC,0.0,,1.0,2.0,0.5,1.0,2.0,1.0,0.02,0.018750000000000003,0.018828125,continuation_trial,16,false
sensitivity_440,continuation_trial,virgin_metal_tax_tax_0_018789062500000002,virgin_metal_tax,0.018789062500000002,LOCALLY_INFEASIBLE,INFEASIBLE_POINT,true,13.427250105,0.0008896559572720841,0,0.0,0,material_composite_production_REU,eqpzs,IND_REU_NEW_ELMA,0.0008896559572720841,EOL_FLOW_EOL_DE_ELMA_INC,0.0,,1.0,2.0,0.5,1.0,2.0,1.0,0.02,0.018750000000000003,0.018789062500000002,continuation_trial,17,true
sensitivity_440,continuation_trial,virgin_metal_tax_tax_0_0188671875,virgin_metal_tax,0.0188671875,LOCALLY_INFEASIBLE,INFEASIBLE_POINT,false,43.70296733,0.0010160342556055912,1,0.0,0,material_composite_production_REU,eqpzs,IND_REU_NEW_ELMA,0.0010160342556055912,EOL_FLOW_EOL_DE_ELMA_INC,0.0,,1.0,2.0,0.5,1.0,2.0,1.0,0.02,0.018789062500000002,0.0188671875,continuation_trial,18,false
sensitivity_440,continuation_trial,virgin_metal_tax_tax_0_018828125,virgin_metal_tax,0.018828125,LOCALLY_INFEASIBLE,INFEASIBLE_POINT,false,98.393528343,0.0010192776118334024,1,0.0,0,material_composite_production_REU,eqpzs,IND_REU_NEW_ELMA,0.0010192776118334024,EOL_FLOW_EOL_DE_ELMA_INC,0.0,,1.0,2.0,0.5,1.0,2.0,1.0,0.02,0.018789062500000002,0.018828125,continuation_trial,19,false
sensitivity_440,predictor_target,virgin_metal_tax_tax_0_02,virgin_metal_tax,0.02,INVALID_MODEL,FEASIBLE_POINT,false,3.37761683,2.933534754660754e6,70,0.0,0,eu_wide_eol_allocation,eu_wide_eol_allocation,OFMA|EOL_SK_OFMA_REP,2.933534754660754e6,EOL_FLOW_EOL_DE_ELMA_INC,0.0,,1.0,2.0,0.5,1.0,2.0,1.0,0.02,0.018789062500000002,0.02,predictor_target,20,false
sensitivity_440,baseline,baseline,,0.0,ALMOST_LOCALLY_SOLVED,NEARLY_FEASIBLE_POINT,true,3.17121357,5.065252043356949e-7,0,0.0,0,observed_physical_flow_links,quantity_link,physical_SK_OFMA_REP_route_input_mass,5.065252043356949e-7,EOL_FLOW_EOL_DE_ELMA_INC,0.0,,1.0,2.0,0.5,1.0,2.0,1.0,0.0,0.0,0.0,baseline,1,true
sensitivity_441,direct_target,virgin_metal_tax_tax_0_0025,virgin_metal_tax,0.0025,LOCALLY_INFEASIBLE,INFEASIBLE_POINT,false,53.879867618,0.00165535356598695,1,0.0,0,observed_physical_flow_links,quantity_link,physical_SK_OFMA_REP_route_input_mass,0.00165535356598695,EOL_FLOW_EOL_DE_ELMA_INC,0.0,,2.0,2.0,0.5,1.0,2.0,1.0,0.0025,0.0,0.0025,direct_target,1,false
sensitivity_441,continuation_trial,virgin_metal_tax_tax_0_00125,virgin_metal_tax,0.00125,LOCALLY_INFEASIBLE,INFEASIBLE_POINT,true,7.633598529,6.750439167346745e-5,0,0.0,0,material_composite_production_REU,eqpzs,IND_REU_NEW_ELMA,6.750439167346745e-5,EOL_FLOW_EOL_DE_ELMA_INC,0.0,,2.0,2.0,0.5,1.0,2.0,1.0,0.0025,0.0,0.00125,continuation_trial,2,true
sensitivity_441,continuation_trial,virgin_metal_tax_tax_0_0025,virgin_metal_tax,0.0025,LOCALLY_INFEASIBLE,INFEASIBLE_POINT,true,5.971984909,0.00011101355903830878,0,0.0,0,material_composite_production_REU,eqpzs,IND_REU_NEW_ELMA,0.00011101355903830878,EOL_FLOW_EOL_DE_ELMA_INC,0.0,,2.0,2.0,0.5,1.0,2.0,1.0,0.0025,0.00125,0.0025,continuation_trial,3,true
sensitivity_441,direct_target,virgin_metal_tax_tax_0_005,virgin_metal_tax,0.005,LOCALLY_INFEASIBLE,INFEASIBLE_POINT,true,17.308987351,0.00026683986699627127,0,0.0,0,material_composite_production_REU,eqpzs,IND_REU_NEW_ELMA,0.00026683986699627127,EOL_FLOW_EOL_DE_ELMA_INC,0.0,,2.0,2.0,0.5,1.0,2.0,1.0,0.005,0.0025,0.005,direct_target,1,true
sensitivity_441,direct_target,virgin_metal_tax_tax_0_01,virgin_metal_tax,0.01,LOCALLY_INFEASIBLE,INFEASIBLE_POINT,true,16.223482526,0.0005246372079015238,0,0.0,0,material_composite_production_REU,eqpzs,IND_REU_NEW_ELMA,0.0005246372079015238,EOL_FLOW_EOL_DE_ELMA_INC,0.0,,2.0,2.0,0.5,1.0,2.0,1.0,0.01,0.005,0.01,direct_target,1,true
sensitivity_441,direct_target,virgin_metal_tax_tax_0_02,virgin_metal_tax,0.02,LOCALLY_INFEASIBLE,INFEASIBLE_POINT,false,75.398346335,0.0012341413162300086,1,0.0,0,material_composite_production_SK,eqpzs,IND_SK_NEW_ELMA,0.0012341413162300086,EOL_FLOW_EOL_DE_ELMA_INC,0.0,,2.0,2.0,0.5,1.0,2.0,1.0,0.02,0.01,0.02,direct_target,1,false
sensitivity_441,continuation_trial,virgin_metal_tax_tax_0_015,virgin_metal_tax,0.015,LOCALLY_INFEASIBLE,INFEASIBLE_POINT,true,36.1835965,0.0007071005836507549,0,0.0,0,material_composite_production_SK,eqpzs,IND_SK_NEW_ELMA,0.0007071005836507549,EOL_FLOW_EOL_DE_ELMA_INC,0.0,,2.0,2.0,0.5,1.0,2.0,1.0,0.02,0.01,0.015,continuation_trial,2,true
sensitivity_441,continuation_trial,virgin_metal_tax_tax_0_02,virgin_metal_tax,0.02,LOCALLY_INFEASIBLE,INFEASIBLE_POINT,false,34.427895828,0.001251946954080707,1,0.0,0,material_composite_production_SK,eqpzs,IND_SK_NEW_ELMA,0.001251946954080707,EOL_FLOW_EOL_DE_ELMA_INC,0.0,,2.0,2.0,0.5,1.0,2.0,1.0,0.02,0.015,0.02,continuation_trial,3,false
sensitivity_441,continuation_trial,virgin_metal_tax_tax_0_0175,virgin_metal_tax,0.0175,LOCALLY_INFEASIBLE,INFEASIBLE_POINT,false,64.252065455,0.0019580722071774748,1,0.0,0,observed_physical_flow_links,quantity_link,physical_SK_OFMA_REP_route_input_mass,0.0019580722071774748,EOL_FLOW_EOL_DE_ELMA_INC,0.0,,2.0,2.0,0.5,1.0,2.0,1.0,0.02,0.015,0.0175,continuation_trial,4,false
sensitivity_441,continuation_trial,virgin_metal_tax_tax_0_01625,virgin_metal_tax,0.01625,LOCALLY_INFEASIBLE,INFEASIBLE_POINT,true,28.924253226,0.0009975537303839044,0,0.0,0,material_composite_production_SK,eqpzs,IND_SK_NEW_ELMA,0.0009975537303839044,EOL_FLOW_EOL_DE_ELMA_INC,0.0,,2.0,2.0,0.5,1.0,2.0,1.0,0.02,0.015,0.01625,continuation_trial,5,true
sensitivity_441,continuation_trial,virgin_metal_tax_tax_0_018750000000000003,virgin_metal_tax,0.018750000000000003,LOCALLY_INFEASIBLE,INFEASIBLE_POINT,false,31.219439628,0.0011581712915751385,1,0.0,0,material_composite_production_SK,eqpzs,IND_SK_NEW_ELMA,0.0011581712915751385,EOL_FLOW_EOL_DE_ELMA_INC,0.0,,2.0,2.0,0.5,1.0,2.0,1.0,0.02,0.01625,0.018750000000000003,continuation_trial,6,false
sensitivity_441,continuation_trial,virgin_metal_tax_tax_0_0175,virgin_metal_tax,0.0175,LOCALLY_INFEASIBLE,INFEASIBLE_POINT,false,18.813831583,0.0011041142632084444,1,0.0,0,material_composite_production_SK,eqpzs,IND_SK_NEW_ELMA,0.0011041142632084444,EOL_FLOW_EOL_DE_ELMA_INC,0.0,,2.0,2.0,0.5,1.0,2.0,1.0,0.02,0.01625,0.0175,continuation_trial,7,false
sensitivity_441,continuation_trial,virgin_metal_tax_tax_0_016875,virgin_metal_tax,0.016875,LOCALLY_INFEASIBLE,INFEASIBLE_POINT,true,72.626129502,0.000909626047013945,0,0.0,0,material_composite_production_REU,eqpzs,IND_REU_NEW_ELMA,0.000909626047013945,EOL_FLOW_EOL_DE_ELMA_INC,0.0,,2.0,2.0,0.5,1.0,2.0,1.0,0.02,0.01625,0.016875,continuation_trial,8,true
sensitivity_441,continuation_trial,virgin_metal_tax_tax_0_018125000000000002,virgin_metal_tax,0.018125000000000002,LOCALLY_INFEASIBLE,INFEASIBLE_POINT,false,37.725243588,0.0010942553028230328,1,0.0,0,material_composite_production_SK,eqpzs,IND_SK_NEW_ELMA,0.0010942553028230328,EOL_FLOW_EOL_DE_ELMA_INC,0.0,,2.0,2.0,0.5,1.0,2.0,1.0,0.02,0.016875,0.018125000000000002,continuation_trial,9,false
sensitivity_441,continuation_trial,virgin_metal_tax_tax_0_0175,virgin_metal_tax,0.0175,LOCALLY_INFEASIBLE,INFEASIBLE_POINT,false,21.957199785,0.0010073439960506247,1,0.0,0,material_composite_production_SK,eqpzs,IND_SK_NEW_ELMA,0.0010073439960506247,EOL_FLOW_EOL_DE_ELMA_INC,0.0,,2.0,2.0,0.5,1.0,2.0,1.0,0.02,0.016875,0.0175,continuation_trial,10,false
sensitivity_441,continuation_trial,virgin_metal_tax_tax_0_0171875,virgin_metal_tax,0.0171875,LOCALLY_INFEASIBLE,INFEASIBLE_POINT,true,22.965501412,0.0008523436241573146,0,0.0,0,material_composite_production_SK,eqpzs,IND_SK_NEW_ELMA,0.0008523436241573146,EOL_FLOW_EOL_DE_ELMA_INC,0.0,,2.0,2.0,0.5,1.0,2.0,1.0,0.02,0.016875,0.0171875,continuation_trial,11,true
sensitivity_441,continuation_trial,virgin_metal_tax_tax_0_017812500000000002,virgin_metal_tax,0.017812500000000002,LOCALLY_INFEASIBLE,INFEASIBLE_POINT,false,28.429660951,0.0011067682505608856,1,0.0,0,material_composite_production_SK,eqpzs,IND_SK_NEW_ELMA,0.0011067682505608856,EOL_FLOW_EOL_DE_ELMA_INC,0.0,,2.0,2.0,0.5,1.0,2.0,1.0,0.02,0.0171875,0.017812500000000002,continuation_trial,12,false
sensitivity_441,continuation_trial,virgin_metal_tax_tax_0_0175,virgin_metal_tax,0.0175,LOCALLY_INFEASIBLE,INFEASIBLE_POINT,false,19.876812021,0.0010010215223962282,1,0.0,0,material_composite_production_SK,eqpzs,IND_SK_NEW_ELMA,0.0010010215223962282,EOL_FLOW_EOL_DE_ELMA_INC,0.0,,2.0,2.0,0.5,1.0,2.0,1.0,0.02,0.0171875,0.0175,continuation_trial,13,false
sensitivity_441,continuation_trial,virgin_metal_tax_tax_0_01734375,virgin_metal_tax,0.01734375,LOCALLY_INFEASIBLE,INFEASIBLE_POINT,true,21.031983811,0.0009831720540373068,0,0.0,0,material_composite_production_SK,eqpzs,IND_SK_NEW_ELMA,0.0009831720540373068,EOL_FLOW_EOL_DE_ELMA_INC,0.0,,2.0,2.0,0.5,1.0,2.0,1.0,0.02,0.0171875,0.01734375,continuation_trial,14,true
sensitivity_441,continuation_trial,virgin_metal_tax_tax_0_017656250000000002,virgin_metal_tax,0.017656250000000002,LOCALLY_INFEASIBLE,INFEASIBLE_POINT,false,26.885916077,0.0011108543750950606,1,0.0,0,material_composite_production_SK,eqpzs,IND_SK_NEW_ELMA,0.0011108543750950606,EOL_FLOW_EOL_DE_ELMA_INC,0.0,,2.0,2.0,0.5,1.0,2.0,1.0,0.02,0.01734375,0.017656250000000002,continuation_trial,15,false
sensitivity_441,continuation_trial,virgin_metal_tax_tax_0_0175,virgin_metal_tax,0.0175,LOCALLY_INFEASIBLE,INFEASIBLE_POINT,false,15.252639806,0.2232359859201456,4,0.0,0,observed_physical_flow_links,quantity_link,physical_SK_OFMA_REP_route_input_mass,0.2232359859201456,EOL_FLOW_EOL_DE_ELMA_INC,0.0,,2.0,2.0,0.5,1.0,2.0,1.0,0.02,0.01734375,0.0175,continuation_trial,16,false
sensitivity_441,continuation_trial,virgin_metal_tax_tax_0_017421875,virgin_metal_tax,0.017421875,LOCALLY_INFEASIBLE,INFEASIBLE_POINT,true,22.290765092,0.0009580855890622963,0,0.0,0,material_composite_production_SK,eqpzs,IND_SK_NEW_ELMA,0.0009580855890622963,EOL_FLOW_EOL_DE_ELMA_INC,0.0,,2.0,2.0,0.5,1.0,2.0,1.0,0.02,0.01734375,0.017421875,continuation_trial,17,true
sensitivity_441,continuation_trial,virgin_metal_tax_tax_0_017578125,virgin_metal_tax,0.017578125,LOCALLY_INFEASIBLE,INFEASIBLE_POINT,false,48.865968002,0.0010202528287815982,1,0.0,0,material_composite_production_SK,eqpzs,IND_SK_NEW_ELMA,0.0010202528287815982,EOL_FLOW_EOL_DE_ELMA_INC,0.0,,2.0,2.0,0.5,1.0,2.0,1.0,0.02,0.017421875,0.017578125,continuation_trial,18,false
sensitivity_441,continuation_trial,virgin_metal_tax_tax_0_017499999999999998,virgin_metal_tax,0.017499999999999998,LOCALLY_INFEASIBLE,INFEASIBLE_POINT,false,39.998291504,0.05029436162777279,1,0.0,0,observed_physical_flow_links,quantity_link,physical_SK_OFMA_REP_route_input_mass,0.05029436162777279,EOL_FLOW_EOL_DE_ELMA_INC,0.0,,2.0,2.0,0.5,1.0,2.0,1.0,0.02,0.017421875,0.017499999999999998,continuation_trial,19,false
sensitivity_441,continuation_trial,virgin_metal_tax_tax_0_0174609375,virgin_metal_tax,0.0174609375,LOCALLY_INFEASIBLE,INFEASIBLE_POINT,false,20.019189321,0.0010746955661754543,1,0.0,0,material_composite_production_SK,eqpzs,IND_SK_NEW_ELMA,0.0010746955661754543,EOL_FLOW_EOL_DE_ELMA_INC,0.0,,2.0,2.0,0.5,1.0,2.0,1.0,0.02,0.017421875,0.0174609375,continuation_trial,20,false
sensitivity_441,predictor_target,virgin_metal_tax_tax_0_02,virgin_metal_tax,0.02,INVALID_MODEL,FEASIBLE_POINT,false,2.611637027,164451.4181275749,109,0.0,0,regional_government_demand,regional_government_demand,IND_SK_REF_OFMA|SK,164451.4181275749,EOL_FLOW_EOL_DE_ELMA_INC,0.0,,2.0,2.0,0.5,1.0,2.0,1.0,0.02,0.017421875,0.02,predictor_target,21,false
sensitivity_441,baseline,baseline,,0.0,ALMOST_LOCALLY_SOLVED,NEARLY_FEASIBLE_POINT,true,2.911971791,5.065251791336323e-7,0,0.0,0,observed_physical_flow_links,quantity_link,physical_SK_OFMA_REP_route_input_mass,5.065251791336323e-7,EOL_FLOW_EOL_DE_ELMA_INC,0.0,,2.0,2.0,0.5,1.0,2.0,1.0,0.0,0.0,0.0,baseline,1,true
sensitivity_448,direct_target,virgin_metal_tax_tax_0_0025,virgin_metal_tax,0.0025,LOCALLY_INFEASIBLE,INFEASIBLE_POINT,true,32.254088956,0.00013337501302945753,0,0.0,0,material_composite_production_REU,eqpzs,IND_REU_NEW_ELMA,0.00013337501302945753,EOL_FLOW_EOL_DE_ELMA_INC,0.0,,0.5,2.0,1.0,1.0,2.0,1.0,0.0025,0.0,0.0025,direct_target,1,true
sensitivity_448,direct_target,virgin_metal_tax_tax_0_005,virgin_metal_tax,0.005,LOCALLY_INFEASIBLE,INFEASIBLE_POINT,true,15.336579132,0.00025544198305582633,0,0.0,0,material_composite_production_REU,eqpzs,IND_REU_NEW_ELMA,0.00025544198305582633,EOL_FLOW_EOL_DE_ELMA_INC,0.0,,0.5,2.0,1.0,1.0,2.0,1.0,0.005,0.0025,0.005,direct_target,1,true
sensitivity_448,direct_target,virgin_metal_tax_tax_0_01,virgin_metal_tax,0.01,LOCALLY_INFEASIBLE,INFEASIBLE_POINT,true,22.772833045,0.0005324785173413948,0,0.0,0,material_composite_production_REU,eqpzs,IND_REU_NEW_ELMA,0.0005324785173413948,EOL_FLOW_EOL_DE_ELMA_INC,0.0,,0.5,2.0,1.0,1.0,2.0,1.0,0.01,0.005,0.01,direct_target,1,true
sensitivity_448,direct_target,virgin_metal_tax_tax_0_02,virgin_metal_tax,0.02,LOCALLY_INFEASIBLE,INFEASIBLE_POINT,false,49.697108,0.0010642772727882388,1,0.0,0,material_composite_production_REU,eqpzs,IND_REU_NEW_ELMA,0.0010642772727882388,EOL_FLOW_EOL_DE_ELMA_INC,0.0,,0.5,2.0,1.0,1.0,2.0,1.0,0.02,0.01,0.02,direct_target,1,false
sensitivity_448,continuation_trial,virgin_metal_tax_tax_0_015,virgin_metal_tax,0.015,LOCALLY_INFEASIBLE,INFEASIBLE_POINT,true,35.588628339,0.0007699820800644019,0,0.0,0,material_composite_production_REU,eqpzs,IND_REU_NEW_ELMA,0.0007699820800644019,EOL_FLOW_EOL_DE_ELMA_INC,0.0,,0.5,2.0,1.0,1.0,2.0,1.0,0.02,0.01,0.015,continuation_trial,2,true
sensitivity_448,continuation_trial,virgin_metal_tax_tax_0_02,virgin_metal_tax,0.02,TIME_LIMIT,NEARLY_FEASIBLE_POINT,false,125.104198153,0.07240628786180447,6,0.0,0,observed_physical_flow_links,quantity_link,physical_SK_OFMA_REP_route_input_mass,0.07240628786180447,EOL_FLOW_EOL_DE_ELMA_INC,0.0,,0.5,2.0,1.0,1.0,2.0,1.0,0.02,0.015,0.02,continuation_trial,3,false
sensitivity_448,continuation_trial,virgin_metal_tax_tax_0_0175,virgin_metal_tax,0.0175,LOCALLY_INFEASIBLE,INFEASIBLE_POINT,true,43.438374957,0.0009483284150091364,0,0.0,0,material_composite_production_REU,eqpzs,IND_REU_NEW_ELMA,0.0009483284150091364,EOL_FLOW_EOL_DE_ELMA_INC,0.0,,0.5,2.0,1.0,1.0,2.0,1.0,0.02,0.015,0.0175,continuation_trial,4,true
sensitivity_448,continuation_trial,virgin_metal_tax_tax_0_02,virgin_metal_tax,0.02,LOCALLY_INFEASIBLE,INFEASIBLE_POINT,false,43.755949447,0.0010827723447639492,1,9.970406120205734e-9,0,material_composite_production_REU,eqpzs,IND_REU_NEW_ELMA,0.0010827723447639492,F_FAC_SK_LAB_IND_SK_REP_OFMA,9.970406120205734e-9,,0.5,2.0,1.0,1.0,2.0,1.0,0.02,0.0175,0.02,continuation_trial,5,false
sensitivity_448,continuation_trial,virgin_metal_tax_tax_0_018750000000000003,virgin_metal_tax,0.018750000000000003,LOCALLY_INFEASIBLE,INFEASIBLE_POINT,true,15.382129525,0.0009993356259402342,0,0.0,0,material_composite_production_REU,eqpzs,IND_REU_NEW_ELMA,0.0009993356259402342,EOL_FLOW_EOL_DE_ELMA_INC,0.0,,0.5,2.0,1.0,1.0,2.0,1.0,0.02,0.0175,0.018750000000000003,continuation_trial,6,true
sensitivity_448,continuation_trial,virgin_metal_tax_tax_0_02,virgin_metal_tax,0.02,LOCALLY_INFEASIBLE,INFEASIBLE_POINT,false,25.105969766,0.0010646176994233425,1,0.0,0,material_composite_production_REU,eqpzs,IND_REU_NEW_ELMA,0.0010646176994233425,EOL_FLOW_EOL_DE_ELMA_INC,0.0,,0.5,2.0,1.0,1.0,2.0,1.0,0.02,0.018750000000000003,0.02,continuation_trial,7,false
sensitivity_448,continuation_trial,virgin_metal_tax_tax_0_019375000000000003,virgin_metal_tax,0.019375000000000003,LOCALLY_INFEASIBLE,INFEASIBLE_POINT,false,17.40680315,0.0010311526237022361,1,0.0,0,material_composite_production_REU,eqpzs,IND_REU_NEW_ELMA,0.0010311526237022361,EOL_FLOW_EOL_DE_ELMA_INC,0.0,,0.5,2.0,1.0,1.0,2.0,1.0,0.02,0.018750000000000003,0.019375000000000003,continuation_trial,8,false
sensitivity_448,continuation_trial,virgin_metal_tax_tax_0_019062500000000003,virgin_metal_tax,0.019062500000000003,LOCALLY_INFEASIBLE,INFEASIBLE_POINT,false,11.706722433,0.0010164796682542443,1,0.0,0,material_composite_production_REU,eqpzs,IND_REU_NEW_ELMA,0.0010164796682542443,EOL_FLOW_EOL_DE_ELMA_INC,0.0,,0.5,2.0,1.0,1.0,2.0,1.0,0.02,0.018750000000000003,0.019062500000000003,continuation_trial,9,false
sensitivity_448,continuation_trial,virgin_metal_tax_tax_0_018906250000000003,virgin_metal_tax,0.018906250000000003,LOCALLY_INFEASIBLE,INFEASIBLE_POINT,false,17.235176146,0.001007836859371447,1,0.0,0,material_composite_production_REU,eqpzs,IND_REU_NEW_ELMA,0.001007836859371447,EOL_FLOW_EOL_DE_ELMA_INC,0.0,,0.5,2.0,1.0,1.0,2.0,1.0,0.02,0.018750000000000003,0.018906250000000003,continuation_trial,10,false
sensitivity_448,continuation_trial,virgin_metal_tax_tax_0_018828125,virgin_metal_tax,0.018828125,LOCALLY_INFEASIBLE,INFEASIBLE_POINT,true,20.110406503,0.0009704091807344328,0,0.0,0,material_composite_production_REU,eqpzs,IND_REU_NEW_ELMA,0.0009704091807344328,EOL_FLOW_EOL_DE_ELMA_INC,0.0,,0.5,2.0,1.0,1.0,2.0,1.0,0.02,0.018750000000000003,0.018828125,continuation_trial,11,true
sensitivity_448,continuation_trial,virgin_metal_tax_tax_0_018984375,virgin_metal_tax,0.018984375,LOCALLY_INFEASIBLE,INFEASIBLE_POINT,true,17.717729486,0.0009853776717219098,0,0.0,0,material_composite_production_REU,eqpzs,IND_REU_NEW_ELMA,0.0009853776717219098,EOL_FLOW_EOL_DE_ELMA_INC,0.0,,0.5,2.0,1.0,1.0,2.0,1.0,0.02,0.018828125,0.018984375,continuation_trial,12,true
sensitivity_448,continuation_trial,virgin_metal_tax_tax_0_019296875,virgin_metal_tax,0.019296875,LOCALLY_INFEASIBLE,INFEASIBLE_POINT,false,18.575389006,0.0010289130061061913,1,0.0,0,material_composite_production_REU,eqpzs,IND_REU_NEW_ELMA,0.0010289130061061913,EOL_FLOW_EOL_DE_ELMA_INC,0.0,,0.5,2.0,1.0,1.0,2.0,1.0,0.02,0.018984375,0.019296875,continuation_trial,13,false
sensitivity_448,continuation_trial,virgin_metal_tax_tax_0_019140625,virgin_metal_tax,0.019140625,LOCALLY_INFEASIBLE,INFEASIBLE_POINT,true,32.443174472,0.000959368234308311,0,0.0,0,material_composite_production_REU,eqpzs,IND_REU_NEW_ELMA,0.000959368234308311,EOL_FLOW_EOL_DE_ELMA_INC,0.0,,0.5,2.0,1.0,1.0,2.0,1.0,0.02,0.018984375,0.019140625,continuation_trial,14,true
sensitivity_448,continuation_trial,virgin_metal_tax_tax_0_019453125,virgin_metal_tax,0.019453125,LOCALLY_INFEASIBLE,INFEASIBLE_POINT,false,19.954690745,0.0010366019213572386,1,0.0,0,material_composite_production_REU,eqpzs,IND_REU_NEW_ELMA,0.0010366019213572386,EOL_FLOW_EOL_DE_ELMA_INC,0.0,,0.5,2.0,1.0,1.0,2.0,1.0,0.02,0.019140625,0.019453125,continuation_trial,15,false
sensitivity_448,continuation_trial,virgin_metal_tax_tax_0_019296875,virgin_metal_tax,0.019296875,LOCALLY_INFEASIBLE,INFEASIBLE_POINT,false,25.427368427,0.0010439052330674103,1,0.0,0,material_composite_production_REU,eqpzs,IND_REU_NEW_ELMA,0.0010439052330674103,EOL_FLOW_EOL_DE_ELMA_INC,0.0,,0.5,2.0,1.0,1.0,2.0,1.0,0.02,0.019140625,0.019296875,continuation_trial,16,false
sensitivity_448,continuation_trial,virgin_metal_tax_tax_0_01921875,virgin_metal_tax,0.01921875,LOCALLY_INFEASIBLE,INFEASIBLE_POINT,false,17.503074471,0.0010306296159942052,1,0.0,0,material_composite_production_REU,eqpzs,IND_REU_NEW_ELMA,0.0010306296159942052,EOL_FLOW_EOL_DE_ELMA_INC,0.0,,0.5,2.0,1.0,1.0,2.0,1.0,0.02,0.019140625,0.01921875,continuation_trial,17,false
sensitivity_448,continuation_trial,virgin_metal_tax_tax_0_0191796875,virgin_metal_tax,0.0191796875,LOCALLY_INFEASIBLE,INFEASIBLE_POINT,true,8.226067443,0.000975942745669367,0,0.0,0,material_composite_production_REU,eqpzs,IND_REU_NEW_ELMA,0.000975942745669367,EOL_FLOW_EOL_DE_ELMA_INC,0.0,,0.5,2.0,1.0,1.0,2.0,1.0,0.02,0.019140625,0.0191796875,continuation_trial,18,true
sensitivity_448,continuation_trial,virgin_metal_tax_tax_0_0192578125,virgin_metal_tax,0.0192578125,LOCALLY_INFEASIBLE,INFEASIBLE_POINT,false,17.738808159,0.0010416613828212462,1,0.0,0,material_composite_production_REU,eqpzs,IND_REU_NEW_ELMA,0.0010416613828212462,EOL_FLOW_EOL_DE_ELMA_INC,0.0,,0.5,2.0,1.0,1.0,2.0,1.0,0.02,0.0191796875,0.0192578125,continuation_trial,19,false
sensitivity_448,continuation_trial,virgin_metal_tax_tax_0_01921875,virgin_metal_tax,0.01921875,LOCALLY_INFEASIBLE,INFEASIBLE_POINT,true,11.157832062,0.0009864297311601433,0,0.0,0,material_composite_production_REU,eqpzs,IND_REU_NEW_ELMA,0.0009864297311601433,EOL_FLOW_EOL_DE_ELMA_INC,0.0,,0.5,2.0,1.0,1.0,2.0,1.0,0.02,0.0191796875,0.01921875,continuation_trial,20,true
sensitivity_448,continuation_trial,virgin_metal_tax_tax_0_019296874999999998,virgin_metal_tax,0.019296874999999998,LOCALLY_INFEASIBLE,INFEASIBLE_POINT,false,21.351092953,0.0010440217088647508,1,0.0,0,material_composite_production_REU,eqpzs,IND_REU_NEW_ELMA,0.0010440217088647508,EOL_FLOW_EOL_DE_ELMA_INC,0.0,,0.5,2.0,1.0,1.0,2.0,1.0,0.02,0.01921875,0.019296874999999998,continuation_trial,21,false
sensitivity_448,continuation_trial,virgin_metal_tax_tax_0_0192578125,virgin_metal_tax,0.0192578125,LOCALLY_INFEASIBLE,INFEASIBLE_POINT,false,30.03518107,0.0010504658642587206,1,0.0,0,material_composite_production_SK,eqpzs,IND_SK_NEW_ELMA,0.0010504658642587206,EOL_FLOW_EOL_DE_ELMA_INC,0.0,,0.5,2.0,1.0,1.0,2.0,1.0,0.02,0.01921875,0.0192578125,continuation_trial,22,false
sensitivity_448,predictor_target,virgin_metal_tax_tax_0_02,virgin_metal_tax,0.02,INVALID_MODEL,FEASIBLE_POINT,false,1.69222704,0.9999794905298585,20,0.0,0,regional_circular_household_utility,regional_circular_utility,PL,0.9999794905298585,EOL_FLOW_EOL_DE_ELMA_INC,0.0,,0.5,2.0,1.0,1.0,2.0,1.0,0.02,0.01921875,0.02,predictor_target,23,false
sensitivity_448,baseline,baseline,,0.0,ALMOST_LOCALLY_SOLVED,NEARLY_FEASIBLE_POINT,true,3.020998869,5.156131457351165e-7,0,0.0,0,observed_physical_flow_links,quantity_link,physical_SK_OFMA_REP_route_input_mass,5.156131457351165e-7,EOL_FLOW_EOL_DE_ELMA_INC,0.0,,0.5,2.0,1.0,1.0,2.0,1.0,0.0,0.0,0.0,baseline,1,true
sensitivity_450,direct_target,virgin_metal_tax_tax_0_0025,virgin_metal_tax,0.0025,LOCALLY_INFEASIBLE,INFEASIBLE_POINT,true,13.855710824,0.00013510628055357632,0,0.0,0,material_composite_production_REU,eqpzs,IND_REU_NEW_ELMA,0.00013510628055357632,EOL_FLOW_EOL_DE_ELMA_INC,0.0,,2.0,2.0,1.0,1.0,2.0,1.0,0.0025,0.0,0.0025,direct_target,1,true
sensitivity_450,direct_target,virgin_metal_tax_tax_0_005,virgin_metal_tax,0.005,LOCALLY_INFEASIBLE,INFEASIBLE_POINT,true,8.312826253,0.00031030452583802326,0,0.0,0,material_composite_production_SK,eqpzs,IND_SK_NEW_ELMA,0.00031030452583802326,EOL_FLOW_EOL_DE_ELMA_INC,0.0,,2.0,2.0,1.0,1.0,2.0,1.0,0.005,0.0025,0.005,direct_target,1,true
sensitivity_450,direct_target,virgin_metal_tax_tax_0_01,virgin_metal_tax,0.01,LOCALLY_INFEASIBLE,INFEASIBLE_POINT,true,24.652855336,0.0007537662810230827,0,0.0,0,observed_physical_flow_links,quantity_link,physical_SK_OFMA_REP_route_input_mass,0.0007537662810230827,EOL_FLOW_EOL_DE_ELMA_INC,0.0,,2.0,2.0,1.0,1.0,2.0,1.0,0.01,0.005,0.01,direct_target,1,true
sensitivity_450,direct_target,virgin_metal_tax_tax_0_02,virgin_metal_tax,0.02,LOCALLY_INFEASIBLE,INFEASIBLE_POINT,false,27.000932266,0.0010799990732590636,1,0.0,0,material_composite_production_REU,eqpzs,IND_REU_NEW_ELMA,0.0010799990732590636,EOL_FLOW_EOL_DE_ELMA_INC,0.0,,2.0,2.0,1.0,1.0,2.0,1.0,0.02,0.01,0.02,direct_target,1,false
sensitivity_450,continuation_trial,virgin_metal_tax_tax_0_015,virgin_metal_tax,0.015,LOCALLY_INFEASIBLE,INFEASIBLE_POINT,false,41.353926283,0.0012654516400636417,1,0.0,0,observed_physical_flow_links,quantity_link,physical_SK_OFMA_REP_route_input_mass,0.0012654516400636417,EOL_FLOW_EOL_DE_ELMA_INC,0.0,,2.0,2.0,1.0,1.0,2.0,1.0,0.02,0.01,0.015,continuation_trial,2,false
sensitivity_450,continuation_trial,virgin_metal_tax_tax_0_0125,virgin_metal_tax,0.0125,LOCALLY_INFEASIBLE,INFEASIBLE_POINT,true,15.064517833,0.0007318789281178795,0,0.0,0,material_composite_production_SK,eqpzs,IND_SK_NEW_ELMA,0.0007318789281178795,EOL_FLOW_EOL_DE_ELMA_INC,0.0,,2.0,2.0,1.0,1.0,2.0,1.0,0.02,0.01,0.0125,continuation_trial,3,true
sensitivity_450,continuation_trial,virgin_metal_tax_tax_0_0175,virgin_metal_tax,0.0175,LOCALLY_INFEASIBLE,INFEASIBLE_POINT,false,14.177726233,0.0011069684575115701,1,0.0,0,material_composite_production_SK,eqpzs,IND_SK_NEW_ELMA,0.0011069684575115701,EOL_FLOW_EOL_DE_ELMA_INC,0.0,,2.0,2.0,1.0,1.0,2.0,1.0,0.02,0.0125,0.0175,continuation_trial,4,false
sensitivity_450,continuation_trial,virgin_metal_tax_tax_0_015000000000000001,virgin_metal_tax,0.015000000000000001,LOCALLY_INFEASIBLE,INFEASIBLE_POINT,true,12.156428155,0.0009339719502019506,0,0.0,0,material_composite_production_SK,eqpzs,IND_SK_NEW_ELMA,0.0009339719502019506,EOL_FLOW_EOL_DE_ELMA_INC,0.0,,2.0,2.0,1.0,1.0,2.0,1.0,0.02,0.0125,0.015000000000000001,continuation_trial,5,true
sensitivity_450,continuation_trial,virgin_metal_tax_tax_0_02,virgin_metal_tax,0.02,LOCALLY_INFEASIBLE,INFEASIBLE_POINT,false,26.3004564,0.045780211994784215,1,0.0,0,observed_physical_flow_links,quantity_link,physical_SK_OFMA_REP_route_input_mass,0.045780211994784215,EOL_FLOW_EOL_DE_ELMA_INC,0.0,,2.0,2.0,1.0,1.0,2.0,1.0,0.02,0.015000000000000001,0.02,continuation_trial,6,false
sensitivity_450,continuation_trial,virgin_metal_tax_tax_0_0175,virgin_metal_tax,0.0175,LOCALLY_INFEASIBLE,INFEASIBLE_POINT,false,21.573193539,0.0010082060366545242,1,0.0,0,material_composite_production_SK,eqpzs,IND_SK_NEW_ELMA,0.0010082060366545242,EOL_FLOW_EOL_DE_ELMA_INC,0.0,,2.0,2.0,1.0,1.0,2.0,1.0,0.02,0.015000000000000001,0.0175,continuation_trial,7,false
sensitivity_450,continuation_trial,virgin_metal_tax_tax_0_01625,virgin_metal_tax,0.01625,LOCALLY_INFEASIBLE,INFEASIBLE_POINT,true,35.005696801,0.0009935257275620613,0,0.0,0,material_composite_production_SK,eqpzs,IND_SK_NEW_ELMA,0.0009935257275620613,EOL_FLOW_EOL_DE_ELMA_INC,0.0,,2.0,2.0,1.0,1.0,2.0,1.0,0.02,0.015000000000000001,0.01625,continuation_trial,8,true
sensitivity_450,continuation_trial,virgin_metal_tax_tax_0_01875,virgin_metal_tax,0.01875,LOCALLY_INFEASIBLE,INFEASIBLE_POINT,false,12.054396856,0.0011818047284877231,1,0.0,0,material_composite_production_SK,eqpzs,IND_SK_NEW_ELMA,0.0011818047284877231,EOL_FLOW_EOL_DE_ELMA_INC,0.0,,2.0,2.0,1.0,1.0,2.0,1.0,0.02,0.01625,0.01875,continuation_trial,9,false
sensitivity_450,continuation_trial,virgin_metal_tax_tax_0_0175,virgin_metal_tax,0.0175,LOCALLY_INFEASIBLE,INFEASIBLE_POINT,false,13.556995949,0.0010134357126949656,1,0.0,0,material_composite_production_SK,eqpzs,IND_SK_NEW_ELMA,0.0010134357126949656,EOL_FLOW_EOL_DE_ELMA_INC,0.0,,2.0,2.0,1.0,1.0,2.0,1.0,0.02,0.01625,0.0175,continuation_trial,10,false
sensitivity_450,continuation_trial,virgin_metal_tax_tax_0_016875,virgin_metal_tax,0.016875,LOCALLY_INFEASIBLE,INFEASIBLE_POINT,false,66.785642106,0.0010255181987556261,1,0.0,0,material_composite_production_SK,eqpzs,IND_SK_NEW_ELMA,0.0010255181987556261,EOL_FLOW_EOL_DE_ELMA_INC,0.0,,2.0,2.0,1.0,1.0,2.0,1.0,0.02,0.01625,0.016875,continuation_trial,11,false
sensitivity_450,continuation_trial,virgin_metal_tax_tax_0_0165625,virgin_metal_tax,0.0165625,OTHER_ERROR,NEARLY_FEASIBLE_POINT,false,67.127858597,0.0008629748747137622,0,5.175645660612578e-9,0,eu_wide_eol_allocation,eu_wide_eol_allocation,OFMA|EOL_SK_OFMA_REU,0.0008629748747137622,F_FAC_SK_LAB_IND_SK_REF_OFMA,5.175645660612578e-9,,2.0,2.0,1.0,1.0,2.0,1.0,0.02,0.01625,0.0165625,continuation_trial,12,false
sensitivity_450,continuation_trial,virgin_metal_tax_tax_0_01640625,virgin_metal_tax,0.01640625,LOCALLY_INFEASIBLE,INFEASIBLE_POINT,true,22.53444386,0.0009985447619040855,0,0.0,0,material_composite_production_SK,eqpzs,IND_SK_NEW_ELMA,0.0009985447619040855,EOL_FLOW_EOL_DE_ELMA_INC,0.0,,2.0,2.0,1.0,1.0,2.0,1.0,0.02,0.01625,0.01640625,continuation_trial,13,true
sensitivity_450,continuation_trial,virgin_metal_tax_tax_0_01671875,virgin_metal_tax,0.01671875,LOCALLY_INFEASIBLE,INFEASIBLE_POINT,false,31.619286033,0.001319362402164126,1,0.0,0,observed_physical_flow_links,quantity_link,physical_SK_OFMA_REP_route_input_mass,0.001319362402164126,EOL_FLOW_EOL_DE_ELMA_INC,0.0,,2.0,2.0,1.0,1.0,2.0,1.0,0.02,0.01640625,0.01671875,continuation_trial,14,false
sensitivity_450,continuation_trial,virgin_metal_tax_tax_0_0165625,virgin_metal_tax,0.0165625,LOCALLY_INFEASIBLE,INFEASIBLE_POINT,false,33.372872607,0.0010404028535819787,1,0.0,0,material_composite_production_SK,eqpzs,IND_SK_NEW_ELMA,0.0010404028535819787,EOL_FLOW_EOL_DE_ELMA_INC,0.0,,2.0,2.0,1.0,1.0,2.0,1.0,0.02,0.01640625,0.0165625,continuation_trial,15,false
sensitivity_450,continuation_trial,virgin_metal_tax_tax_0_016484375,virgin_metal_tax,0.016484375,LOCALLY_INFEASIBLE,INFEASIBLE_POINT,true,34.068358355,0.0009921602151433673,0,0.0,0,material_composite_production_SK,eqpzs,IND_SK_NEW_ELMA,0.0009921602151433673,EOL_FLOW_EOL_DE_ELMA_INC,0.0,,2.0,2.0,1.0,1.0,2.0,1.0,0.02,0.01640625,0.016484375,continuation_trial,16,true
sensitivity_450,continuation_trial,virgin_metal_tax_tax_0_016640625,virgin_metal_tax,0.016640625,LOCALLY_INFEASIBLE,INFEASIBLE_POINT,false,19.450275683,0.0010317463398410442,1,0.0,0,material_composite_production_SK,eqpzs,IND_SK_NEW_ELMA,0.0010317463398410442,EOL_FLOW_EOL_DE_ELMA_INC,0.0,,2.0,2.0,1.0,1.0,2.0,1.0,0.02,0.016484375,0.016640625,continuation_trial,17,false
sensitivity_450,continuation_trial,virgin_metal_tax_tax_0_016562499999999997,virgin_metal_tax,0.016562499999999997,LOCALLY_INFEASIBLE,INFEASIBLE_POINT,false,12.001896754,0.0010422611110857405,1,0.0,0,material_composite_production_SK,eqpzs,IND_SK_NEW_ELMA,0.0010422611110857405,EOL_FLOW_EOL_DE_ELMA_INC,0.0,,2.0,2.0,1.0,1.0,2.0,1.0,0.02,0.016484375,0.016562499999999997,continuation_trial,18,false
sensitivity_450,continuation_trial,virgin_metal_tax_tax_0_016523437499999998,virgin_metal_tax,0.016523437499999998,LOCALLY_INFEASIBLE,INFEASIBLE_POINT,false,22.687998571,0.0010354802402062768,1,0.0,0,material_composite_production_SK,eqpzs,IND_SK_NEW_ELMA,0.0010354802402062768,EOL_FLOW_EOL_DE_ELMA_INC,0.0,,2.0,2.0,1.0,1.0,2.0,1.0,0.02,0.016484375,0.016523437499999998,continuation_trial,19,false
sensitivity_450,predictor_target,virgin_metal_tax_tax_0_02,virgin_metal_tax,0.02,INVALID_MODEL,FEASIBLE_POINT,false,3.443309776,2.8548041350970836e6,280,0.0,0,eu_wide_eol_allocation,eu_wide_eol_allocation,OFMA|EOL_SK_OFMA_REP,2.8548041350970836e6,EOL_FLOW_EOL_DE_ELMA_INC,0.0,,2.0,2.0,1.0,1.0,2.0,1.0,0.02,0.016484375,0.02,predictor_target,20,false
sensitivity_450,baseline,baseline,,0.0,ALMOST_LOCALLY_SOLVED,NEARLY_FEASIBLE_POINT,true,2.591028048,5.156131034356193e-7,0,0.0,0,observed_physical_flow_links,quantity_link,physical_SK_OFMA_REP_route_input_mass,5.156131034356193e-7,EOL_FLOW_EOL_DE_ELMA_INC,0.0,,2.0,2.0,1.0,1.0,2.0,1.0,0.0,0.0,0.0,baseline,1,true
sensitivity_455,direct_target,virgin_metal_tax_tax_0_0025,virgin_metal_tax,0.0025,LOCALLY_INFEASIBLE,INFEASIBLE_POINT,true,17.004027951,0.00013006434594686755,0,0.0,0,material_composite_production_REU,eqpzs,IND_REU_NEW_ELMA,0.00013006434594686755,EOL_FLOW_EOL_DE_ELMA_INC,0.0,,1.0,1.0,2.0,1.0,2.0,1.0,0.0025,0.0,0.0025,direct_target,1,true
sensitivity_455,direct_target,virgin_metal_tax_tax_0_005,virgin_metal_tax,0.005,LOCALLY_INFEASIBLE,INFEASIBLE_POINT,true,14.713809212,0.0002627257173394293,0,0.0,0,material_composite_production_REU,eqpzs,IND_REU_NEW_ELMA,0.0002627257173394293,EOL_FLOW_EOL_DE_ELMA_INC,0.0,,1.0,1.0,2.0,1.0,2.0,1.0,0.005,0.0025,0.005,direct_target,1,true
sensitivity_455,direct_target,virgin_metal_tax_tax_0_01,virgin_metal_tax,0.01,LOCALLY_INFEASIBLE,INFEASIBLE_POINT,true,25.91374089,0.0003994214072113969,0,0.0,0,common_eu_trade,eu_cet_quantity,NEW_ELMA|SK,0.0003994214072113969,EOL_FLOW_EOL_DE_ELMA_INC,0.0,,1.0,1.0,2.0,1.0,2.0,1.0,0.01,0.005,0.01,direct_target,1,true
sensitivity_455,direct_target,virgin_metal_tax_tax_0_02,virgin_metal_tax,0.02,LOCALLY_INFEASIBLE,INFEASIBLE_POINT,false,61.797034013,0.0011197639540696499,2,0.0,0,regional_composite_market,regional_composite_market,IND_IT_OTHER_SERVICES|IT,0.0011197639540696499,EOL_FLOW_EOL_DE_ELMA_INC,0.0,,1.0,1.0,2.0,1.0,2.0,1.0,0.02,0.01,0.02,direct_target,1,false
sensitivity_455,continuation_trial,virgin_metal_tax_tax_0_015,virgin_metal_tax,0.015,LOCALLY_INFEASIBLE,INFEASIBLE_POINT,false,20.160700326,0.10166983213636838,1,0.0,0,observed_physical_flow_links,quantity_link,physical_SK_OFMA_REP_route_input_mass,0.10166983213636838,EOL_FLOW_EOL_DE_ELMA_INC,0.0,,1.0,1.0,2.0,1.0,2.0,1.0,0.02,0.01,0.015,continuation_trial,2,false
sensitivity_455,continuation_trial,virgin_metal_tax_tax_0_0125,virgin_metal_tax,0.0125,LOCALLY_INFEASIBLE,INFEASIBLE_POINT,false,31.426689629,0.003266986042842368,1,0.0,0,observed_physical_flow_links,quantity_link,physical_SK_OFMA_REP_route_input_mass,0.003266986042842368,EOL_FLOW_EOL_DE_ELMA_INC,0.0,,1.0,1.0,2.0,1.0,2.0,1.0,0.02,0.01,0.0125,continuation_trial,3,false
sensitivity_455,continuation_trial,virgin_metal_tax_tax_0_01125,virgin_metal_tax,0.01125,LOCALLY_INFEASIBLE,INFEASIBLE_POINT,true,16.229926071,0.0005057853349114371,0,0.0,0,common_eu_trade,eu_cet_quantity,NEW_ELMA|SK,0.0005057853349114371,EOL_FLOW_EOL_DE_ELMA_INC,0.0,,1.0,1.0,2.0,1.0,2.0,1.0,0.02,0.01,0.01125,continuation_trial,4,true
sensitivity_455,continuation_trial,virgin_metal_tax_tax_0_01375,virgin_metal_tax,0.01375,LOCALLY_INFEASIBLE,INFEASIBLE_POINT,true,12.587913537,0.0006330248100017782,0,0.0,0,common_eu_trade,eu_cet_quantity,NEW_ELMA|SK,0.0006330248100017782,EOL_FLOW_EOL_DE_ELMA_INC,0.0,,1.0,1.0,2.0,1.0,2.0,1.0,0.02,0.01125,0.01375,continuation_trial,5,true
sensitivity_455,continuation_trial,virgin_metal_tax_tax_0_01875,virgin_metal_tax,0.01875,LOCALLY_INFEASIBLE,INFEASIBLE_POINT,true,16.462495449,0.0009864666617297457,0,0.0,0,material_composite_production_REU,eqpzs,IND_REU_NEW_ELMA,0.0009864666617297457,EOL_FLOW_EOL_DE_ELMA_INC,0.0,,1.0,1.0,2.0,1.0,2.0,1.0,0.02,0.01375,0.01875,continuation_trial,6,true
sensitivity_455,continuation_trial,virgin_metal_tax_tax_0_02,virgin_metal_tax,0.02,LOCALLY_INFEASIBLE,INFEASIBLE_POINT,false,20.106479306,0.0010781394117587377,1,0.0,0,common_eu_trade,eu_cet_quantity,NEW_ELMA|SK,0.0010781394117587377,EOL_FLOW_EOL_DE_ELMA_INC,0.0,,1.0,1.0,2.0,1.0,2.0,1.0,0.02,0.01875,0.02,continuation_trial,7,false
sensitivity_455,continuation_trial,virgin_metal_tax_tax_0_019375,virgin_metal_tax,0.019375,LOCALLY_INFEASIBLE,INFEASIBLE_POINT,true,7.079521952,0.0007934398380706037,0,0.0,0,regional_composite_market,regional_composite_market,IND_IT_OTHER_SERVICES|IT,0.0007934398380706037,EOL_FLOW_EOL_DE_ELMA_INC,0.0,,1.0,1.0,2.0,1.0,2.0,1.0,0.02,0.01875,0.019375,continuation_trial,8,true
sensitivity_455,continuation_trial,virgin_metal_tax_tax_0_02,virgin_metal_tax,0.02,LOCALLY_INFEASIBLE,INFEASIBLE_POINT,false,30.19080023,0.0010858156096510418,2,0.0,0,material_composite_production_DE,eqpzs,IND_DE_NEW_ELMA,0.0010858156096510418,EOL_FLOW_EOL_DE_ELMA_INC,0.0,,1.0,1.0,2.0,1.0,2.0,1.0,0.02,0.019375,0.02,continuation_trial,9,false
sensitivity_455,continuation_trial,virgin_metal_tax_tax_0_0196875,virgin_metal_tax,0.0196875,LOCALLY_INFEASIBLE,INFEASIBLE_POINT,true,11.325818014,0.0009628420039753908,0,0.0,0,common_eu_trade,eu_cet_quantity,NEW_ELMA|SK,0.0009628420039753908,EOL_FLOW_EOL_DE_ELMA_INC,0.0,,1.0,1.0,2.0,1.0,2.0,1.0,0.02,0.019375,0.0196875,continuation_trial,10,true
sensitivity_455,continuation_trial,virgin_metal_tax_tax_0_02,virgin_metal_tax,0.02,LOCALLY_INFEASIBLE,INFEASIBLE_POINT,false,19.702752792,0.0011047673682332345,1,0.0,0,common_eu_trade,eu_cet_quantity,NEW_ELMA|SK,0.0011047673682332345,EOL_FLOW_EOL_DE_ELMA_INC,0.0,,1.0,1.0,2.0,1.0,2.0,1.0,0.02,0.0196875,0.02,continuation_trial,11,false
sensitivity_455,continuation_trial,virgin_metal_tax_tax_0_01984375,virgin_metal_tax,0.01984375,LOCALLY_INFEASIBLE,INFEASIBLE_POINT,true,16.69514142,0.000856250576152348,0,0.0,0,regional_composite_market,regional_composite_market,IND_IT_OTHER_SERVICES|IT,0.000856250576152348,EOL_FLOW_EOL_DE_ELMA_INC,0.0,,1.0,1.0,2.0,1.0,2.0,1.0,0.02,0.0196875,0.01984375,continuation_trial,12,true
sensitivity_455,continuation_trial,virgin_metal_tax_tax_0_02,virgin_metal_tax,0.02,LOCALLY_INFEASIBLE,INFEASIBLE_POINT,false,53.543409513,0.0025614365368185066,1,0.0,0,observed_physical_flow_links,quantity_link,physical_SK_OFMA_REP_route_input_mass,0.0025614365368185066,EOL_FLOW_EOL_DE_ELMA_INC,0.0,,1.0,1.0,2.0,1.0,2.0,1.0,0.02,0.01984375,0.02,continuation_trial,13,false
sensitivity_455,continuation_trial,virgin_metal_tax_tax_0_019921875,virgin_metal_tax,0.019921875,LOCALLY_INFEASIBLE,INFEASIBLE_POINT,false,45.989846524,0.001150937858788942,2,0.0,0,common_eu_trade,eu_cet_quantity,NEW_ELMA|SK,0.001150937858788942,EOL_FLOW_EOL_DE_ELMA_INC,0.0,,1.0,1.0,2.0,1.0,2.0,1.0,0.02,0.01984375,0.019921875,continuation_trial,14,false
sensitivity_455,continuation_trial,virgin_metal_tax_tax_0_0198828125,virgin_metal_tax,0.0198828125,LOCALLY_INFEASIBLE,INFEASIBLE_POINT,false,15.414701565,0.0011040587134502201,1,0.0,0,common_eu_trade,eu_cet_quantity,NEW_ELMA|SK,0.0011040587134502201,EOL_FLOW_EOL_DE_ELMA_INC,0.0,,1.0,1.0,2.0,1.0,2.0,1.0,0.02,0.01984375,0.0198828125,continuation_trial,15,false
sensitivity_455,predictor_target,virgin_metal_tax_tax_0_02,virgin_metal_tax,0.02,LOCALLY_INFEASIBLE,INFEASIBLE_POINT,false,22.136211113,0.0010544166260835987,1,0.0,0,common_eu_trade,eu_cet_quantity,NEW_ELMA|SK,0.0010544166260835987,EOL_FLOW_EOL_DE_ELMA_INC,0.0,,1.0,1.0,2.0,1.0,2.0,1.0,0.02,0.01984375,0.02,predictor_target,16,false
sensitivity_455,baseline,baseline,,0.0,ALMOST_LOCALLY_SOLVED,NEARLY_FEASIBLE_POINT,true,3.131272077,4.878792508877794e-7,0,0.0,0,observed_physical_flow_links,quantity_link,physical_SK_OFMA_REP_route_input_mass,4.878792508877794e-7,EOL_FLOW_EOL_DE_ELMA_INC,0.0,,1.0,1.0,2.0,1.0,2.0,1.0,0.0,0.0,0.0,baseline,1,true
sensitivity_457,direct_target,virgin_metal_tax_tax_0_0025,virgin_metal_tax,0.0025,LOCALLY_INFEASIBLE,INFEASIBLE_POINT,true,7.04221758,0.00013119442305842277,0,0.0,0,material_composite_production_REU,eqpzs,IND_REU_NEW_ELMA,0.00013119442305842277,EOL_FLOW_EOL_DE_ELMA_INC,0.0,,0.5,2.0,2.0,1.0,2.0,1.0,0.0025,0.0,0.0025,direct_target,1,true
sensitivity_457,direct_target,virgin_metal_tax_tax_0_005,virgin_metal_tax,0.005,LOCALLY_INFEASIBLE,INFEASIBLE_POINT,true,32.545322897,0.00026088474342478296,0,0.0,0,material_composite_production_REU,eqpzs,IND_REU_NEW_ELMA,0.00026088474342478296,EOL_FLOW_EOL_DE_ELMA_INC,0.0,,0.5,2.0,2.0,1.0,2.0,1.0,0.005,0.0025,0.005,direct_target,1,true
sensitivity_457,direct_target,virgin_metal_tax_tax_0_01,virgin_metal_tax,0.01,LOCALLY_INFEASIBLE,INFEASIBLE_POINT,true,20.488046302,0.0005384174985926249,0,0.0,0,material_composite_production_REU,eqpzs,IND_REU_NEW_ELMA,0.0005384174985926249,EOL_FLOW_EOL_DE_ELMA_INC,0.0,,0.5,2.0,2.0,1.0,2.0,1.0,0.01,0.005,0.01,direct_target,1,true
sensitivity_457,direct_target,virgin_metal_tax_tax_0_02,virgin_metal_tax,0.02,LOCALLY_INFEASIBLE,INFEASIBLE_POINT,false,22.608020195,0.0010812426147261966,1,0.0,0,material_composite_production_REU,eqpzs,IND_REU_NEW_ELMA,0.0010812426147261966,EOL_FLOW_EOL_DE_ELMA_INC,0.0,,0.5,2.0,2.0,1.0,2.0,1.0,0.02,0.01,0.02,direct_target,1,false
sensitivity_457,continuation_trial,virgin_metal_tax_tax_0_015,virgin_metal_tax,0.015,LOCALLY_INFEASIBLE,INFEASIBLE_POINT,true,19.265942352,0.0007963401247054192,0,0.0,0,material_composite_production_REU,eqpzs,IND_REU_NEW_ELMA,0.0007963401247054192,EOL_FLOW_EOL_DE_ELMA_INC,0.0,,0.5,2.0,2.0,1.0,2.0,1.0,0.02,0.01,0.015,continuation_trial,2,true
sensitivity_457,continuation_trial,virgin_metal_tax_tax_0_02,virgin_metal_tax,0.02,LOCALLY_INFEASIBLE,INFEASIBLE_POINT,false,38.372146491,0.0570007731206672,1,0.0,0,observed_physical_flow_links,quantity_link,physical_SK_OFMA_REP_route_input_mass,0.0570007731206672,EOL_FLOW_EOL_DE_ELMA_INC,0.0,,0.5,2.0,2.0,1.0,2.0,1.0,0.02,0.015,0.02,continuation_trial,3,false
sensitivity_457,continuation_trial,virgin_metal_tax_tax_0_0175,virgin_metal_tax,0.0175,LOCALLY_INFEASIBLE,INFEASIBLE_POINT,true,20.61056465,0.0009284621457746889,0,0.0,0,material_composite_production_REU,eqpzs,IND_REU_NEW_ELMA,0.0009284621457746889,EOL_FLOW_EOL_DE_ELMA_INC,0.0,,0.5,2.0,2.0,1.0,2.0,1.0,0.02,0.015,0.0175,continuation_trial,4,true
sensitivity_457,continuation_trial,virgin_metal_tax_tax_0_02,virgin_metal_tax,0.02,LOCALLY_INFEASIBLE,INFEASIBLE_POINT,false,57.877382297,0.0456019339207564,1,0.0,0,observed_physical_flow_links,quantity_link,physical_SK_OFMA_REP_route_input_mass,0.0456019339207564,EOL_FLOW_EOL_DE_ELMA_INC,0.0,,0.5,2.0,2.0,1.0,2.0,1.0,0.02,0.0175,0.02,continuation_trial,5,false
sensitivity_457,continuation_trial,virgin_metal_tax_tax_0_018750000000000003,virgin_metal_tax,0.018750000000000003,LOCALLY_INFEASIBLE,INFEASIBLE_POINT,true,10.794960666,0.0009628450684235901,0,0.0,0,material_composite_production_REU,eqpzs,IND_REU_NEW_ELMA,0.0009628450684235901,EOL_FLOW_EOL_DE_ELMA_INC,0.0,,0.5,2.0,2.0,1.0,2.0,1.0,0.02,0.0175,0.018750000000000003,continuation_trial,6,true
sensitivity_457,continuation_trial,virgin_metal_tax_tax_0_02,virgin_metal_tax,0.02,LOCALLY_INFEASIBLE,INFEASIBLE_POINT,false,30.593700694,0.020337971278454603,1,0.0,0,observed_physical_flow_links,quantity_link,physical_SK_OFMA_REP_route_input_mass,0.020337971278454603,EOL_FLOW_EOL_DE_ELMA_INC,0.0,,0.5,2.0,2.0,1.0,2.0,1.0,0.02,0.018750000000000003,0.02,continuation_trial,7,false
sensitivity_457,continuation_trial,virgin_metal_tax_tax_0_019375000000000003,virgin_metal_tax,0.019375000000000003,LOCALLY_INFEASIBLE,INFEASIBLE_POINT,false,11.740928902,0.00100178766006509,1,0.0,0,material_composite_production_REU,eqpzs,IND_REU_NEW_ELMA,0.00100178766006509,EOL_FLOW_EOL_DE_ELMA_INC,0.0,,0.5,2.0,2.0,1.0,2.0,1.0,0.02,0.018750000000000003,0.019375000000000003,continuation_trial,8,false
sensitivity_457,continuation_trial,virgin_metal_tax_tax_0_019062500000000003,virgin_metal_tax,0.019062500000000003,LOCALLY_INFEASIBLE,INFEASIBLE_POINT,false,24.993792015,0.0010265432030793775,1,0.0,0,material_composite_production_REU,eqpzs,IND_REU_NEW_ELMA,0.0010265432030793775,EOL_FLOW_EOL_DE_ELMA_INC,0.0,,0.5,2.0,2.0,1.0,2.0,1.0,0.02,0.018750000000000003,0.019062500000000003,continuation_trial,9,false
sensitivity_457,continuation_trial,virgin_metal_tax_tax_0_018906250000000003,virgin_metal_tax,0.018906250000000003,LOCALLY_INFEASIBLE,INFEASIBLE_POINT,false,30.039770732,0.0010220273012583325,1,0.0,0,material_composite_production_REU,eqpzs,IND_REU_NEW_ELMA,0.0010220273012583325,EOL_FLOW_EOL_DE_ELMA_INC,0.0,,0.5,2.0,2.0,1.0,2.0,1.0,0.02,0.018750000000000003,0.018906250000000003,continuation_trial,10,false
sensitivity_457,continuation_trial,virgin_metal_tax_tax_0_018828125,virgin_metal_tax,0.018828125,LOCALLY_INFEASIBLE,INFEASIBLE_POINT,false,12.902728318,0.0010062771334645726,1,0.0,0,material_composite_production_REU,eqpzs,IND_REU_NEW_ELMA,0.0010062771334645726,EOL_FLOW_EOL_DE_ELMA_INC,0.0,,0.5,2.0,2.0,1.0,2.0,1.0,0.02,0.018750000000000003,0.018828125,continuation_trial,11,false
sensitivity_457,continuation_trial,virgin_metal_tax_tax_0_018789062500000002,virgin_metal_tax,0.018789062500000002,LOCALLY_INFEASIBLE,INFEASIBLE_POINT,false,22.366565076,0.0010148854545076746,1,0.0,0,material_composite_production_REU,eqpzs,IND_REU_NEW_ELMA,0.0010148854545076746,EOL_FLOW_EOL_DE_ELMA_INC,0.0,,0.5,2.0,2.0,1.0,2.0,1.0,0.02,0.018750000000000003,0.018789062500000002,continuation_trial,12,false
sensitivity_457,predictor_target,virgin_metal_tax_tax_0_02,virgin_metal_tax,0.02,LOCALLY_INFEASIBLE,INFEASIBLE_POINT,false,8.08685863,0.0010636106870126616,1,0.0,0,material_composite_production_REU,eqpzs,IND_REU_NEW_ELMA,0.0010636106870126616,EOL_FLOW_EOL_DE_ELMA_INC,0.0,,0.5,2.0,2.0,1.0,2.0,1.0,0.02,0.018750000000000003,0.02,predictor_target,13,false
sensitivity_457,baseline,baseline,,0.0,ALMOST_LOCALLY_SOLVED,NEARLY_FEASIBLE_POINT,true,1.713051806,4.878792628781881e-7,0,0.0,0,observed_physical_flow_links,quantity_link,physical_SK_OFMA_REP_route_input_mass,4.878792628781881e-7,EOL_FLOW_EOL_DE_ELMA_INC,0.0,,0.5,2.0,2.0,1.0,2.0,1.0,0.0,0.0,0.0,baseline,1,true
sensitivity_459,direct_target,virgin_metal_tax_tax_0_0025,virgin_metal_tax,0.0025,LOCALLY_INFEASIBLE,INFEASIBLE_POINT,true,30.398642824,0.00013486663264317134,0,0.0,0,material_composite_production_REU,eqpzs,IND_REU_NEW_ELMA,0.00013486663264317134,EOL_FLOW_EOL_DE_ELMA_INC,0.0,,2.0,2.0,2.0,1.0,2.0,1.0,0.0025,0.0,0.0025,direct_target,1,true
sensitivity_459,direct_target,virgin_metal_tax_tax_0_005,virgin_metal_tax,0.005,LOCALLY_INFEASIBLE,INFEASIBLE_POINT,true,9.072154106,0.00026737605139770526,0,0.0,0,material_composite_production_REU,eqpzs,IND_REU_NEW_ELMA,0.00026737605139770526,EOL_FLOW_EOL_DE_ELMA_INC,0.0,,2.0,2.0,2.0,1.0,2.0,1.0,0.005,0.0025,0.005,direct_target,1,true
sensitivity_459,direct_target,virgin_metal_tax_tax_0_01,virgin_metal_tax,0.01,LOCALLY_INFEASIBLE,INFEASIBLE_POINT,true,48.270537438,0.0006168427275347055,0,0.0,0,material_composite_production_SK,eqpzs,IND_SK_NEW_ELMA,0.0006168427275347055,EOL_FLOW_EOL_DE_ELMA_INC,0.0,,2.0,2.0,2.0,1.0,2.0,1.0,0.01,0.005,0.01,direct_target,1,true
sensitivity_459,direct_target,virgin_metal_tax_tax_0_02,virgin_metal_tax,0.02,LOCALLY_INFEASIBLE,INFEASIBLE_POINT,false,37.813677894,0.0010758083405884022,1,0.0,0,material_composite_production_REU,eqpzs,IND_REU_NEW_ELMA,0.0010758083405884022,EOL_FLOW_EOL_DE_ELMA_INC,0.0,,2.0,2.0,2.0,1.0,2.0,1.0,0.02,0.01,0.02,direct_target,1,false
sensitivity_459,continuation_trial,virgin_metal_tax_tax_0_015,virgin_metal_tax,0.015,OTHER_ERROR,NEARLY_FEASIBLE_POINT,false,83.217408136,0.0012506760043218268,1,9.33765122727971e-9,0,eu_wide_eol_allocation,eu_wide_eol_allocation,OFMA|EOL_SK_OFMA_REU,0.0012506760043218268,Y_IND_SK_NEW_OFMA,9.33765122727971e-9,,2.0,2.0,2.0,1.0,2.0,1.0,0.02,0.01,0.015,continuation_trial,2,false
sensitivity_459,continuation_trial,virgin_metal_tax_tax_0_0125,virgin_metal_tax,0.0125,LOCALLY_INFEASIBLE,INFEASIBLE_POINT,true,52.617828833,0.0005571608132703965,0,0.0,0,material_composite_production_SK,eqpzs,IND_SK_NEW_ELMA,0.0005571608132703965,EOL_FLOW_EOL_DE_ELMA_INC,0.0,,2.0,2.0,2.0,1.0,2.0,1.0,0.02,0.01,0.0125,continuation_trial,3,true
sensitivity_459,continuation_trial,virgin_metal_tax_tax_0_0175,virgin_metal_tax,0.0175,LOCALLY_INFEASIBLE,INFEASIBLE_POINT,true,47.567151751,0.0009158235510512425,0,0.0,0,material_composite_production_REU,eqpzs,IND_REU_NEW_ELMA,0.0009158235510512425,EOL_FLOW_EOL_DE_ELMA_INC,0.0,,2.0,2.0,2.0,1.0,2.0,1.0,0.02,0.0125,0.0175,continuation_trial,4,true
sensitivity_459,continuation_trial,virgin_metal_tax_tax_0_02,virgin_metal_tax,0.02,LOCALLY_INFEASIBLE,INFEASIBLE_POINT,false,37.59413008,0.0012334856528313232,2,0.0,0,material_composite_production_SK,eqpzs,IND_SK_NEW_ELMA,0.0012334856528313232,EOL_FLOW_EOL_DE_ELMA_INC,0.0,,2.0,2.0,2.0,1.0,2.0,1.0,0.02,0.0175,0.02,continuation_trial,5,false
sensitivity_459,continuation_trial,virgin_metal_tax_tax_0_018750000000000003,virgin_metal_tax,0.018750000000000003,LOCALLY_INFEASIBLE,INFEASIBLE_POINT,false,34.723145683,0.001015237202349084,1,0.0,0,material_composite_production_SK,eqpzs,IND_SK_NEW_ELMA,0.001015237202349084,EOL_FLOW_EOL_DE_ELMA_INC,0.0,,2.0,2.0,2.0,1.0,2.0,1.0,0.02,0.0175,0.018750000000000003,continuation_trial,6,false
sensitivity_459,continuation_trial,virgin_metal_tax_tax_0_018125000000000002,virgin_metal_tax,0.018125000000000002,LOCALLY_INFEASIBLE,INFEASIBLE_POINT,false,29.98839943,0.0015462834547130822,1,0.0,0,observed_physical_flow_links,quantity_link,physical_SK_OFMA_REP_route_input_mass,0.0015462834547130822,EOL_FLOW_EOL_DE_ELMA_INC,0.0,,2.0,2.0,2.0,1.0,2.0,1.0,0.02,0.0175,0.018125000000000002,continuation_trial,7,false
sensitivity_459,continuation_trial,virgin_metal_tax_tax_0_017812500000000002,virgin_metal_tax,0.017812500000000002,LOCALLY_INFEASIBLE,INFEASIBLE_POINT,true,20.190980063,0.0009071963207200051,0,0.0,0,material_composite_production_SK,eqpzs,IND_SK_NEW_ELMA,0.0009071963207200051,EOL_FLOW_EOL_DE_ELMA_INC,0.0,,2.0,2.0,2.0,1.0,2.0,1.0,0.02,0.0175,0.017812500000000002,continuation_trial,8,true
sensitivity_459,continuation_trial,virgin_metal_tax_tax_0_018437500000000002,virgin_metal_tax,0.018437500000000002,LOCALLY_INFEASIBLE,INFEASIBLE_POINT,false,40.590215873,0.0011388197441829506,1,0.0,0,material_composite_production_SK,eqpzs,IND_SK_NEW_ELMA,0.0011388197441829506,EOL_FLOW_EOL_DE_ELMA_INC,0.0,,2.0,2.0,2.0,1.0,2.0,1.0,0.02,0.017812500000000002,0.018437500000000002,continuation_trial,9,false
sensitivity_459,continuation_trial,virgin_metal_tax_tax_0_018125000000000002,virgin_metal_tax,0.018125000000000002,LOCALLY_INFEASIBLE,INFEASIBLE_POINT,false,69.230669511,0.006631117912947014,3,0.0,0,eu_wide_eol_allocation,eu_wide_eol_allocation,OFMA|EOL_REU_OFMA_REF,0.006631117912947014,EOL_FLOW_EOL_DE_ELMA_INC,0.0,,2.0,2.0,2.0,1.0,2.0,1.0,0.02,0.017812500000000002,0.018125000000000002,continuation_trial,10,false
sensitivity_459,continuation_trial,virgin_metal_tax_tax_0_017968750000000002,virgin_metal_tax,0.017968750000000002,LOCALLY_INFEASIBLE,INFEASIBLE_POINT,false,69.454529785,0.0010524566124798795,1,0.0,0,material_composite_production_SK,eqpzs,IND_SK_NEW_ELMA,0.0010524566124798795,EOL_FLOW_EOL_DE_ELMA_INC,0.0,,2.0,2.0,2.0,1.0,2.0,1.0,0.02,0.017812500000000002,0.017968750000000002,continuation_trial,11,false
sensitivity_459,continuation_trial,virgin_metal_tax_tax_0_017890625,virgin_metal_tax,0.017890625,LOCALLY_INFEASIBLE,INFEASIBLE_POINT,false,36.623652976,0.0011355737167204616,1,0.0,0,material_composite_production_SK,eqpzs,IND_SK_NEW_ELMA,0.0011355737167204616,EOL_FLOW_EOL_DE_ELMA_INC,0.0,,2.0,2.0,2.0,1.0,2.0,1.0,0.02,0.017812500000000002,0.017890625,continuation_trial,12,false
sensitivity_459,continuation_trial,virgin_metal_tax_tax_0_0178515625,virgin_metal_tax,0.0178515625,LOCALLY_INFEASIBLE,INFEASIBLE_POINT,false,33.010417207,0.0011328609370857556,1,0.0,0,material_composite_production_SK,eqpzs,IND_SK_NEW_ELMA,0.0011328609370857556,EOL_FLOW_EOL_DE_ELMA_INC,0.0,,2.0,2.0,2.0,1.0,2.0,1.0,0.02,0.017812500000000002,0.0178515625,continuation_trial,13,false
sensitivity_459,predictor_target,virgin_metal_tax_tax_0_02,virgin_metal_tax,0.02,INVALID_MODEL,FEASIBLE_POINT,false,3.491882177,1.8525675176089555,65,0.0,0,regional_government_demand,regional_output_tax,IND_SK_EXTRACTIVE|SK,1.8525675176089555,EOL_FLOW_EOL_DE_ELMA_INC,0.0,,2.0,2.0,2.0,1.0,2.0,1.0,0.02,0.017812500000000002,0.02,predictor_target,14,false
sensitivity_459,baseline,baseline,,0.0,ALMOST_LOCALLY_SOLVED,NEARLY_FEASIBLE_POINT,true,2.242575364,4.878792128071296e-7,0,0.0,0,observed_physical_flow_links,quantity_link,physical_SK_OFMA_REP_route_input_mass,4.878792128071296e-7,EOL_FLOW_EOL_DE_ELMA_INC,0.0,,2.0,2.0,2.0,1.0,2.0,1.0,0.0,0.0,0.0,baseline,1,true
sensitivity_467,direct_target,virgin_metal_tax_tax_0_0025,virgin_metal_tax,0.0025,LOCALLY_INFEASIBLE,INFEASIBLE_POINT,true,12.966464534,0.00013164190996306502,0,0.0,0,material_composite_production_REU,eqpzs,IND_REU_NEW_ELMA,0.00013164190996306502,EOL_FLOW_EOL_DE_ELMA_INC,0.0,,1.0,2.0,0.5,2.0,2.0,1.0,0.0025,0.0,0.0025,direct_target,1,true
sensitivity_467,direct_target,virgin_metal_tax_tax_0_005,virgin_metal_tax,0.005,LOCALLY_INFEASIBLE,INFEASIBLE_POINT,true,19.395584706,0.0002669055994025671,0,0.0,0,material_composite_production_REU,eqpzs,IND_REU_NEW_ELMA,0.0002669055994025671,EOL_FLOW_EOL_DE_ELMA_INC,0.0,,1.0,2.0,0.5,2.0,2.0,1.0,0.005,0.0025,0.005,direct_target,1,true
sensitivity_467,direct_target,virgin_metal_tax_tax_0_01,virgin_metal_tax,0.01,LOCALLY_INFEASIBLE,INFEASIBLE_POINT,true,14.291726543,0.0005331107398794943,0,0.0,0,material_composite_production_REU,eqpzs,IND_REU_NEW_ELMA,0.0005331107398794943,EOL_FLOW_EOL_DE_ELMA_INC,0.0,,1.0,2.0,0.5,2.0,2.0,1.0,0.01,0.005,0.01,direct_target,1,true
sensitivity_467,direct_target,virgin_metal_tax_tax_0_02,virgin_metal_tax,0.02,OTHER_ERROR,NEARLY_FEASIBLE_POINT,false,42.217453958,0.0004981547379027118,0,9.862736934050742e-9,0,material_composite_production_REU,eqpzs,IND_REU_NEW_ELMA,0.0004981547379027118,F_FAC_FR_LAB_IND_FR_NEW_OFMA,9.862736934050742e-9,,1.0,2.0,0.5,2.0,2.0,1.0,0.02,0.01,0.02,direct_target,1,false
sensitivity_467,continuation_trial,virgin_metal_tax_tax_0_015,virgin_metal_tax,0.015,LOCALLY_INFEASIBLE,INFEASIBLE_POINT,true,20.258714544,0.0008001317501180605,0,0.0,0,material_composite_production_REU,eqpzs,IND_REU_NEW_ELMA,0.0008001317501180605,EOL_FLOW_EOL_DE_ELMA_INC,0.0,,1.0,2.0,0.5,2.0,2.0,1.0,0.02,0.01,0.015,continuation_trial,2,true
sensitivity_467,continuation_trial,virgin_metal_tax_tax_0_02,virgin_metal_tax,0.02,LOCALLY_INFEASIBLE,INFEASIBLE_POINT,false,34.939299637,0.0010658038443168705,1,0.0,0,material_composite_production_REU,eqpzs,IND_REU_NEW_ELMA,0.0010658038443168705,EOL_FLOW_EOL_DE_ELMA_INC,0.0,,1.0,2.0,0.5,2.0,2.0,1.0,0.02,0.015,0.02,continuation_trial,3,false
sensitivity_467,continuation_trial,virgin_metal_tax_tax_0_0175,virgin_metal_tax,0.0175,LOCALLY_INFEASIBLE,INFEASIBLE_POINT,true,32.39621835,0.000930828307215692,0,0.0,0,material_composite_production_REU,eqpzs,IND_REU_NEW_ELMA,0.000930828307215692,EOL_FLOW_EOL_DE_ELMA_INC,0.0,,1.0,2.0,0.5,2.0,2.0,1.0,0.02,0.015,0.0175,continuation_trial,4,true
sensitivity_467,continuation_trial,virgin_metal_tax_tax_0_02,virgin_metal_tax,0.02,LOCALLY_INFEASIBLE,INFEASIBLE_POINT,false,19.074581946,0.0010819533524553115,1,0.0,0,material_composite_production_REU,eqpzs,IND_REU_NEW_ELMA,0.0010819533524553115,EOL_FLOW_EOL_DE_ELMA_INC,0.0,,1.0,2.0,0.5,2.0,2.0,1.0,0.02,0.0175,0.02,continuation_trial,5,false
sensitivity_467,continuation_trial,virgin_metal_tax_tax_0_018750000000000003,virgin_metal_tax,0.018750000000000003,LOCALLY_INFEASIBLE,INFEASIBLE_POINT,true,27.215745316,0.0009904119003684153,0,0.0,0,material_composite_production_REU,eqpzs,IND_REU_NEW_ELMA,0.0009904119003684153,EOL_FLOW_EOL_DE_ELMA_INC,0.0,,1.0,2.0,0.5,2.0,2.0,1.0,0.02,0.0175,0.018750000000000003,continuation_trial,6,true
sensitivity_467,continuation_trial,virgin_metal_tax_tax_0_02,virgin_metal_tax,0.02,LOCALLY_INFEASIBLE,INFEASIBLE_POINT,false,15.879528108,0.0010574449815315967,1,0.0,0,material_composite_production_REU,eqpzs,IND_REU_NEW_ELMA,0.0010574449815315967,EOL_FLOW_EOL_DE_ELMA_INC,0.0,,1.0,2.0,0.5,2.0,2.0,1.0,0.02,0.018750000000000003,0.02,continuation_trial,7,false
sensitivity_467,continuation_trial,virgin_metal_tax_tax_0_019375000000000003,virgin_metal_tax,0.019375000000000003,LOCALLY_INFEASIBLE,INFEASIBLE_POINT,false,21.905551889,0.0010414022660670819,1,0.0,0,material_composite_production_REU,eqpzs,IND_REU_NEW_ELMA,0.0010414022660670819,EOL_FLOW_EOL_DE_ELMA_INC,0.0,,1.0,2.0,0.5,2.0,2.0,1.0,0.02,0.018750000000000003,0.019375000000000003,continuation_trial,8,false
sensitivity_467,continuation_trial,virgin_metal_tax_tax_0_019062500000000003,virgin_metal_tax,0.019062500000000003,LOCALLY_INFEASIBLE,INFEASIBLE_POINT,true,16.331685229,0.0009982766935550114,0,0.0,0,material_composite_production_REU,eqpzs,IND_REU_NEW_ELMA,0.0009982766935550114,EOL_FLOW_EOL_DE_ELMA_INC,0.0,,1.0,2.0,0.5,2.0,2.0,1.0,0.02,0.018750000000000003,0.019062500000000003,continuation_trial,9,true
sensitivity_467,continuation_trial,virgin_metal_tax_tax_0_019687500000000004,virgin_metal_tax,0.019687500000000004,LOCALLY_INFEASIBLE,INFEASIBLE_POINT,true,10.393105255,0.0009933882172757924,0,0.0,0,material_composite_production_REU,eqpzs,IND_REU_NEW_ELMA,0.0009933882172757924,EOL_FLOW_EOL_DE_ELMA_INC,0.0,,1.0,2.0,0.5,2.0,2.0,1.0,0.02,0.019062500000000003,0.019687500000000004,continuation_trial,10,true
sensitivity_467,continuation_trial,virgin_metal_tax_tax_0_02,virgin_metal_tax,0.02,LOCALLY_INFEASIBLE,INFEASIBLE_POINT,false,9.184207218,0.0010694992098261302,1,0.0,0,material_composite_production_REU,eqpzs,IND_REU_NEW_ELMA,0.0010694992098261302,EOL_FLOW_EOL_DE_ELMA_INC,0.0,,1.0,2.0,0.5,2.0,2.0,1.0,0.02,0.019687500000000004,0.02,continuation_trial,11,false
sensitivity_467,continuation_trial,virgin_metal_tax_tax_0_01984375,virgin_metal_tax,0.01984375,LOCALLY_INFEASIBLE,INFEASIBLE_POINT,false,16.065384904,0.0010647261743426117,1,0.0,0,material_composite_production_REU,eqpzs,IND_REU_NEW_ELMA,0.0010647261743426117,EOL_FLOW_EOL_DE_ELMA_INC,0.0,,1.0,2.0,0.5,2.0,2.0,1.0,0.02,0.019687500000000004,0.01984375,continuation_trial,12,false
sensitivity_467,continuation_trial,virgin_metal_tax_tax_0_019765625000000002,virgin_metal_tax,0.019765625000000002,LOCALLY_INFEASIBLE,INFEASIBLE_POINT,false,11.659478347,0.0010534664384480585,1,0.0,0,material_composite_production_REU,eqpzs,IND_REU_NEW_ELMA,0.0010534664384480585,EOL_FLOW_EOL_DE_ELMA_INC,0.0,,1.0,2.0,0.5,2.0,2.0,1.0,0.02,0.019687500000000004,0.019765625000000002,continuation_trial,13,false
sensitivity_467,continuation_trial,virgin_metal_tax_tax_0_019726562500000003,virgin_metal_tax,0.019726562500000003,LOCALLY_INFEASIBLE,INFEASIBLE_POINT,false,19.78158094,0.0010673646008342308,1,0.0,0,material_composite_production_REU,eqpzs,IND_REU_NEW_ELMA,0.0010673646008342308,EOL_FLOW_EOL_DE_ELMA_INC,0.0,,1.0,2.0,0.5,2.0,2.0,1.0,0.02,0.019687500000000004,0.019726562500000003,continuation_trial,14,false
sensitivity_467,predictor_target,virgin_metal_tax_tax_0_02,virgin_metal_tax,0.02,LOCALLY_INFEASIBLE,INFEASIBLE_POINT,true,4.214439862,0.0009904439885609628,0,0.0,0,material_composite_production_REU,eqpzs,IND_REU_NEW_ELMA,0.0009904439885609628,EOL_FLOW_EOL_DE_ELMA_INC,0.0,,1.0,2.0,0.5,2.0,2.0,1.0,0.02,0.019687500000000004,0.02,predictor_target,15,true
sensitivity_467,baseline,baseline,,0.0,ALMOST_LOCALLY_SOLVED,NEARLY_FEASIBLE_POINT,true,3.057544674,5.082089633567932e-7,0,0.0,0,observed_physical_flow_links,quantity_link,physical_SK_OFMA_REP_route_input_mass,5.082089633567932e-7,EOL_FLOW_EOL_DE_ELMA_INC,0.0,,1.0,2.0,0.5,2.0,2.0,1.0,0.0,0.0,0.0,baseline,1,true
sensitivity_475,direct_target,virgin_metal_tax_tax_0_0025,virgin_metal_tax,0.0025,LOCALLY_INFEASIBLE,INFEASIBLE_POINT,true,16.043296568,0.00013293257568736117,0,0.0,0,material_composite_production_REU,eqpzs,IND_REU_NEW_ELMA,0.00013293257568736117,EOL_FLOW_EOL_DE_ELMA_INC,0.0,,0.5,2.0,1.0,2.0,2.0,1.0,0.0025,0.0,0.0025,direct_target,1,true
sensitivity_475,direct_target,virgin_metal_tax_tax_0_005,virgin_metal_tax,0.005,LOCALLY_INFEASIBLE,INFEASIBLE_POINT,true,15.308798453,0.0002659032491065805,0,0.0,0,material_composite_production_REU,eqpzs,IND_REU_NEW_ELMA,0.0002659032491065805,EOL_FLOW_EOL_DE_ELMA_INC,0.0,,0.5,2.0,1.0,2.0,2.0,1.0,0.005,0.0025,0.005,direct_target,1,true
sensitivity_475,direct_target,virgin_metal_tax_tax_0_01,virgin_metal_tax,0.01,LOCALLY_INFEASIBLE,INFEASIBLE_POINT,true,14.528180116,0.0005166878350860715,0,0.0,0,material_composite_production_REU,eqpzs,IND_REU_NEW_ELMA,0.0005166878350860715,EOL_FLOW_EOL_DE_ELMA_INC,0.0,,0.5,2.0,1.0,2.0,2.0,1.0,0.01,0.005,0.01,direct_target,1,true
sensitivity_475,direct_target,virgin_metal_tax_tax_0_02,virgin_metal_tax,0.02,LOCALLY_INFEASIBLE,INFEASIBLE_POINT,false,21.851262214,0.0010277903081785666,1,0.0,0,material_composite_production_REU,eqpzs,IND_REU_NEW_ELMA,0.0010277903081785666,EOL_FLOW_EOL_DE_ELMA_INC,0.0,,0.5,2.0,1.0,2.0,2.0,1.0,0.02,0.01,0.02,direct_target,1,false
sensitivity_475,continuation_trial,virgin_metal_tax_tax_0_015,virgin_metal_tax,0.015,LOCALLY_INFEASIBLE,INFEASIBLE_POINT,true,20.434260025,0.0007838641556565662,0,0.0,0,material_composite_production_REU,eqpzs,IND_REU_NEW_ELMA,0.0007838641556565662,EOL_FLOW_EOL_DE_ELMA_INC,0.0,,0.5,2.0,1.0,2.0,2.0,1.0,0.02,0.01,0.015,continuation_trial,2,true
sensitivity_475,continuation_trial,virgin_metal_tax_tax_0_02,virgin_metal_tax,0.02,LOCALLY_INFEASIBLE,INFEASIBLE_POINT,false,33.381807594,0.0010346295081826717,1,0.0,0,material_composite_production_REU,eqpzs,IND_REU_NEW_ELMA,0.0010346295081826717,EOL_FLOW_EOL_DE_ELMA_INC,0.0,,0.5,2.0,1.0,2.0,2.0,1.0,0.02,0.015,0.02,continuation_trial,3,false
sensitivity_475,continuation_trial,virgin_metal_tax_tax_0_0175,virgin_metal_tax,0.0175,LOCALLY_INFEASIBLE,INFEASIBLE_POINT,true,35.620912316,0.0009439940832518534,0,6.67921095653477e-9,0,material_composite_production_REU,eqpzs,IND_REU_NEW_ELMA,0.0009439940832518534,F_FAC_SK_LAB_IND_SK_REP_OFMA,6.67921095653477e-9,,0.5,2.0,1.0,2.0,2.0,1.0,0.02,0.015,0.0175,continuation_trial,4,true
sensitivity_475,continuation_trial,virgin_metal_tax_tax_0_02,virgin_metal_tax,0.02,LOCALLY_INFEASIBLE,INFEASIBLE_POINT,false,12.002275443,0.0010572012796260521,1,0.0,0,material_composite_production_REU,eqpzs,IND_REU_NEW_ELMA,0.0010572012796260521,EOL_FLOW_EOL_DE_ELMA_INC,0.0,,0.5,2.0,1.0,2.0,2.0,1.0,0.02,0.0175,0.02,continuation_trial,5,false
sensitivity_475,continuation_trial,virgin_metal_tax_tax_0_018750000000000003,virgin_metal_tax,0.018750000000000003,LOCALLY_INFEASIBLE,INFEASIBLE_POINT,false,16.524940994,0.0010115704872893927,1,0.0,0,material_composite_production_REU,eqpzs,IND_REU_NEW_ELMA,0.0010115704872893927,EOL_FLOW_EOL_DE_ELMA_INC,0.0,,0.5,2.0,1.0,2.0,2.0,1.0,0.02,0.0175,0.018750000000000003,continuation_trial,6,false
sensitivity_475,continuation_trial,virgin_metal_tax_tax_0_018125000000000002,virgin_metal_tax,0.018125000000000002,LOCALLY_INFEASIBLE,INFEASIBLE_POINT,true,17.73669954,0.0009776423131779843,0,0.0,0,material_composite_production_REU,eqpzs,IND_REU_NEW_ELMA,0.0009776423131779843,EOL_FLOW_EOL_DE_ELMA_INC,0.0,,0.5,2.0,1.0,2.0,2.0,1.0,0.02,0.0175,0.018125000000000002,continuation_trial,7,true
sensitivity_475,continuation_trial,virgin_metal_tax_tax_0_019375000000000003,virgin_metal_tax,0.019375000000000003,LOCALLY_INFEASIBLE,INFEASIBLE_POINT,false,25.266977502,0.0010441765773582246,1,0.0,0,material_composite_production_REU,eqpzs,IND_REU_NEW_ELMA,0.0010441765773582246,EOL_FLOW_EOL_DE_ELMA_INC,0.0,,0.5,2.0,1.0,2.0,2.0,1.0,0.02,0.018125000000000002,0.019375000000000003,continuation_trial,8,false
sensitivity_475,continuation_trial,virgin_metal_tax_tax_0_018750000000000003,virgin_metal_tax,0.018750000000000003,LOCALLY_INFEASIBLE,INFEASIBLE_POINT,false,11.149760075,0.0010115421890225518,1,8.136201445467414e-9,0,material_composite_production_REU,eqpzs,IND_REU_NEW_ELMA,0.0010115421890225518,F_FAC_SK_LAB_IND_SK_REP_OFMA,8.136201445467414e-9,,0.5,2.0,1.0,2.0,2.0,1.0,0.02,0.018125000000000002,0.018750000000000003,continuation_trial,9,false
sensitivity_475,continuation_trial,virgin_metal_tax_tax_0_018437500000000002,virgin_metal_tax,0.018437500000000002,LOCALLY_INFEASIBLE,INFEASIBLE_POINT,true,9.897774266,0.0009721690072150846,0,0.0,0,material_composite_production_REU,eqpzs,IND_REU_NEW_ELMA,0.0009721690072150846,EOL_FLOW_EOL_DE_ELMA_INC,0.0,,0.5,2.0,1.0,2.0,2.0,1.0,0.02,0.018125000000000002,0.018437500000000002,continuation_trial,10,true
sensitivity_475,continuation_trial,virgin_metal_tax_tax_0_019062500000000003,virgin_metal_tax,0.019062500000000003,LOCALLY_INFEASIBLE,INFEASIBLE_POINT,false,13.986056645,0.0010187242417544207,1,0.0,0,material_composite_production_REU,eqpzs,IND_REU_NEW_ELMA,0.0010187242417544207,EOL_FLOW_EOL_DE_ELMA_INC,0.0,,0.5,2.0,1.0,2.0,2.0,1.0,0.02,0.018437500000000002,0.019062500000000003,continuation_trial,11,false
sensitivity_475,continuation_trial,virgin_metal_tax_tax_0_018750000000000003,virgin_metal_tax,0.018750000000000003,LOCALLY_INFEASIBLE,INFEASIBLE_POINT,false,10.940578434,0.001005865250421567,1,0.0,0,material_composite_production_REU,eqpzs,IND_REU_NEW_ELMA,0.001005865250421567,EOL_FLOW_EOL_DE_ELMA_INC,0.0,,0.5,2.0,1.0,2.0,2.0,1.0,0.02,0.018437500000000002,0.018750000000000003,continuation_trial,12,false
sensitivity_475,continuation_trial,virgin_metal_tax_tax_0_018593750000000003,virgin_metal_tax,0.018593750000000003,LOCALLY_INFEASIBLE,INFEASIBLE_POINT,false,13.221846427,0.0010027691306466746,1,5.0053214051894175e-9,0,material_composite_production_REU,eqpzs,IND_REU_NEW_ELMA,0.0010027691306466746,F_FAC_SK_LAB_IND_SK_REP_OFMA,5.0053214051894175e-9,,0.5,2.0,1.0,2.0,2.0,1.0,0.02,0.018437500000000002,0.018593750000000003,continuation_trial,13,false
sensitivity_475,continuation_trial,virgin_metal_tax_tax_0_018515625,virgin_metal_tax,0.018515625,LOCALLY_INFEASIBLE,INFEASIBLE_POINT,true,7.349847087,0.000998470411301522,0,0.0,0,material_composite_production_REU,eqpzs,IND_REU_NEW_ELMA,0.000998470411301522,EOL_FLOW_EOL_DE_ELMA_INC,0.0,,0.5,2.0,1.0,2.0,2.0,1.0,0.02,0.018437500000000002,0.018515625,continuation_trial,14,true
sensitivity_475,continuation_trial,virgin_metal_tax_tax_0_018671875,virgin_metal_tax,0.018671875,LOCALLY_INFEASIBLE,INFEASIBLE_POINT,true,7.175942285,0.0009670748366336079,0,0.0,0,material_composite_production_REU,eqpzs,IND_REU_NEW_ELMA,0.0009670748366336079,EOL_FLOW_EOL_DE_ELMA_INC,0.0,,0.5,2.0,1.0,2.0,2.0,1.0,0.02,0.018515625,0.018671875,continuation_trial,15,true
sensitivity_475,continuation_trial,virgin_metal_tax_tax_0_018984375,virgin_metal_tax,0.018984375,LOCALLY_INFEASIBLE,INFEASIBLE_POINT,false,10.625744953,0.0010239651921805093,1,0.0,0,material_composite_production_REU,eqpzs,IND_REU_NEW_ELMA,0.0010239651921805093,EOL_FLOW_EOL_DE_ELMA_INC,0.0,,0.5,2.0,1.0,2.0,2.0,1.0,0.02,0.018671875,0.018984375,continuation_trial,16,false
sensitivity_475,continuation_trial,virgin_metal_tax_tax_0_018828125,virgin_metal_tax,0.018828125,LOCALLY_INFEASIBLE,INFEASIBLE_POINT,false,12.233109624,0.0010152953674685827,1,0.0,0,material_composite_production_REU,eqpzs,IND_REU_NEW_ELMA,0.0010152953674685827,EOL_FLOW_EOL_DE_ELMA_INC,0.0,,0.5,2.0,1.0,2.0,2.0,1.0,0.02,0.018671875,0.018828125,continuation_trial,17,false
sensitivity_475,continuation_trial,virgin_metal_tax_tax_0_01875,virgin_metal_tax,0.01875,LOCALLY_INFEASIBLE,INFEASIBLE_POINT,true,10.760670409,0.0009576438548111188,0,0.0,0,material_composite_production_REU,eqpzs,IND_REU_NEW_ELMA,0.0009576438548111188,EOL_FLOW_EOL_DE_ELMA_INC,0.0,,0.5,2.0,1.0,2.0,2.0,1.0,0.02,0.018671875,0.01875,continuation_trial,18,true
sensitivity_475,continuation_trial,virgin_metal_tax_tax_0_01890625,virgin_metal_tax,0.01890625,LOCALLY_INFEASIBLE,INFEASIBLE_POINT,false,14.829690911,0.0010104212767367837,1,0.0,0,material_composite_production_REU,eqpzs,IND_REU_NEW_ELMA,0.0010104212767367837,EOL_FLOW_EOL_DE_ELMA_INC,0.0,,0.5,2.0,1.0,2.0,2.0,1.0,0.02,0.01875,0.01890625,continuation_trial,19,false
sensitivity_475,continuation_trial,virgin_metal_tax_tax_0_018828124999999998,virgin_metal_tax,0.018828124999999998,LOCALLY_INFEASIBLE,INFEASIBLE_POINT,false,6.036711568,0.0010068174895598858,1,0.0,0,material_composite_production_REU,eqpzs,IND_REU_NEW_ELMA,0.0010068174895598858,EOL_FLOW_EOL_DE_ELMA_INC,0.0,,0.5,2.0,1.0,2.0,2.0,1.0,0.02,0.01875,0.018828124999999998,continuation_trial,20,false
sensitivity_475,continuation_trial,virgin_metal_tax_tax_0_0187890625,virgin_metal_tax,0.0187890625,LOCALLY_INFEASIBLE,INFEASIBLE_POINT,false,14.594714805,0.0010129218549058683,1,9.988007218613124e-9,0,material_composite_production_REU,eqpzs,IND_REU_NEW_ELMA,0.0010129218549058683,F_FAC_SK_LAB_IND_SK_REP_OFMA,9.988007218613124e-9,,0.5,2.0,1.0,2.0,2.0,1.0,0.02,0.01875,0.0187890625,continuation_trial,21,false
sensitivity_475,predictor_target,virgin_metal_tax_tax_0_02,virgin_metal_tax,0.02,LOCALLY_INFEASIBLE,INFEASIBLE_POINT,false,11.450175866,0.0010528929847927193,1,0.0,0,material_composite_production_REU,eqpzs,IND_REU_NEW_ELMA,0.0010528929847927193,EOL_FLOW_EOL_DE_ELMA_INC,0.0,,0.5,2.0,1.0,2.0,2.0,1.0,0.02,0.01875,0.02,predictor_target,22,false
sensitivity_475,baseline,baseline,,0.0,ALMOST_LOCALLY_SOLVED,NEARLY_FEASIBLE_POINT,true,3.954902735,5.041744292055839e-7,0,0.0,0,observed_physical_flow_links,quantity_link,physical_SK_OFMA_REP_route_input_mass,5.041744292055839e-7,EOL_FLOW_EOL_DE_ELMA_INC,0.0,,0.5,2.0,1.0,2.0,2.0,1.0,0.0,0.0,0.0,baseline,1,true
sensitivity_477,direct_target,virgin_metal_tax_tax_0_0025,virgin_metal_tax,0.0025,LOCALLY_INFEASIBLE,INFEASIBLE_POINT,true,7.462611102,0.00013434001543566332,0,0.0,0,material_composite_production_REU,eqpzs,IND_REU_NEW_ELMA,0.00013434001543566332,EOL_FLOW_EOL_DE_ELMA_INC,0.0,,2.0,2.0,1.0,2.0,2.0,1.0,0.0025,0.0,0.0025,direct_target,1,true
sensitivity_477,direct_target,virgin_metal_tax_tax_0_005,virgin_metal_tax,0.005,LOCALLY_INFEASIBLE,INFEASIBLE_POINT,true,51.251116923,0.0007452640680750418,0,0.0,0,regional_composite_market,regional_composite_market,IND_IT_OTHER_SERVICES|IT,0.0007452640680750418,EOL_FLOW_EOL_DE_ELMA_INC,0.0,,2.0,2.0,1.0,2.0,2.0,1.0,0.005,0.0025,0.005,direct_target,1,true
sensitivity_477,direct_target,virgin_metal_tax_tax_0_01,virgin_metal_tax,0.01,LOCALLY_INFEASIBLE,INFEASIBLE_POINT,true,14.43970455,0.0007547517102159251,0,0.0,0,regional_composite_market,regional_composite_market,IND_IT_OTHER_SERVICES|IT,0.0007547517102159251,EOL_FLOW_EOL_DE_ELMA_INC,0.0,,2.0,2.0,1.0,2.0,2.0,1.0,0.01,0.005,0.01,direct_target,1,true
sensitivity_477,direct_target,virgin_metal_tax_tax_0_02,virgin_metal_tax,0.02,LOCALLY_INFEASIBLE,INFEASIBLE_POINT,false,23.021364169,0.001060116857436899,1,0.0,0,material_composite_production_SK,eqpzs,IND_SK_NEW_ELMA,0.001060116857436899,EOL_FLOW_EOL_DE_ELMA_INC,0.0,,2.0,2.0,1.0,2.0,2.0,1.0,0.02,0.01,0.02,direct_target,1,false
sensitivity_477,continuation_trial,virgin_metal_tax_tax_0_015,virgin_metal_tax,0.015,LOCALLY_INFEASIBLE,INFEASIBLE_POINT,true,26.977209602,0.0007671935767145088,0,0.0,0,material_composite_production_REU,eqpzs,IND_REU_NEW_ELMA,0.0007671935767145088,EOL_FLOW_EOL_DE_ELMA_INC,0.0,,2.0,2.0,1.0,2.0,2.0,1.0,0.02,0.01,0.015,continuation_trial,2,true
sensitivity_477,continuation_trial,virgin_metal_tax_tax_0_02,virgin_metal_tax,0.02,LOCALLY_INFEASIBLE,INFEASIBLE_POINT,false,21.57705888,0.0010784835112011004,1,0.0,0,material_composite_production_REU,eqpzs,IND_REU_NEW_ELMA,0.0010784835112011004,EOL_FLOW_EOL_DE_ELMA_INC,0.0,,2.0,2.0,1.0,2.0,2.0,1.0,0.02,0.015,0.02,continuation_trial,3,false
sensitivity_477,continuation_trial,virgin_metal_tax_tax_0_0175,virgin_metal_tax,0.0175,LOCALLY_INFEASIBLE,INFEASIBLE_POINT,false,53.430156302,0.13157703795026932,4,0.0,0,eu_wide_eol_allocation,eu_wide_eol_allocation,OFMA|EOL_REU_OFMA_REF,0.13157703795026932,EOL_FLOW_EOL_DE_ELMA_INC,0.0,,2.0,2.0,1.0,2.0,2.0,1.0,0.02,0.015,0.0175,continuation_trial,4,false
sensitivity_477,continuation_trial,virgin_metal_tax_tax_0_01625,virgin_metal_tax,0.01625,LOCALLY_INFEASIBLE,INFEASIBLE_POINT,true,10.201002218,0.0008699381964947239,0,0.0,0,material_composite_production_REU,eqpzs,IND_REU_NEW_ELMA,0.0008699381964947239,EOL_FLOW_EOL_DE_ELMA_INC,0.0,,2.0,2.0,1.0,2.0,2.0,1.0,0.02,0.015,0.01625,continuation_trial,5,true
sensitivity_477,continuation_trial,virgin_metal_tax_tax_0_018750000000000003,virgin_metal_tax,0.018750000000000003,LOCALLY_INFEASIBLE,INFEASIBLE_POINT,false,15.188837712,0.0010053725279026704,1,0.0,0,material_composite_production_REU,eqpzs,IND_REU_NEW_ELMA,0.0010053725279026704,EOL_FLOW_EOL_DE_ELMA_INC,0.0,,2.0,2.0,1.0,2.0,2.0,1.0,0.02,0.01625,0.018750000000000003,continuation_trial,6,false
sensitivity_477,continuation_trial,virgin_metal_tax_tax_0_0175,virgin_metal_tax,0.0175,LOCALLY_INFEASIBLE,INFEASIBLE_POINT,true,10.698517806,0.0009397547307129495,0,0.0,0,material_composite_production_REU,eqpzs,IND_REU_NEW_ELMA,0.0009397547307129495,EOL_FLOW_EOL_DE_ELMA_INC,0.0,,2.0,2.0,1.0,2.0,2.0,1.0,0.02,0.01625,0.0175,continuation_trial,7,true
sensitivity_477,continuation_trial,virgin_metal_tax_tax_0_02,virgin_metal_tax,0.02,LOCALLY_INFEASIBLE,INFEASIBLE_POINT,false,13.879943855,0.0010767237826742049,1,0.0,0,material_composite_production_REU,eqpzs,IND_REU_NEW_ELMA,0.0010767237826742049,EOL_FLOW_EOL_DE_ELMA_INC,0.0,,2.0,2.0,1.0,2.0,2.0,1.0,0.02,0.0175,0.02,continuation_trial,8,false
sensitivity_477,continuation_trial,virgin_metal_tax_tax_0_018750000000000003,virgin_metal_tax,0.018750000000000003,LOCALLY_INFEASIBLE,INFEASIBLE_POINT,false,29.272689499,0.0010117800741785699,1,0.0,0,material_composite_production_REU,eqpzs,IND_REU_NEW_ELMA,0.0010117800741785699,EOL_FLOW_EOL_DE_ELMA_INC,0.0,,2.0,2.0,1.0,2.0,2.0,1.0,0.02,0.0175,0.018750000000000003,continuation_trial,9,false
sensitivity_477,continuation_trial,virgin_metal_tax_tax_0_018125000000000002,virgin_metal_tax,0.018125000000000002,LOCALLY_INFEASIBLE,INFEASIBLE_POINT,true,19.44772184,0.0009781276127031058,0,9.693629227354798e-9,0,material_composite_production_REU,eqpzs,IND_REU_NEW_ELMA,0.0009781276127031058,F_FAC_FR_CAP_IND_FR_REU_OFMA,9.693629227354798e-9,,2.0,2.0,1.0,2.0,2.0,1.0,0.02,0.0175,0.018125000000000002,continuation_trial,10,true
sensitivity_477,continuation_trial,virgin_metal_tax_tax_0_019375000000000003,virgin_metal_tax,0.019375000000000003,LOCALLY_INFEASIBLE,INFEASIBLE_POINT,false,22.236752246,0.001045370731469264,1,0.0,0,material_composite_production_REU,eqpzs,IND_REU_NEW_ELMA,0.001045370731469264,EOL_FLOW_EOL_DE_ELMA_INC,0.0,,2.0,2.0,1.0,2.0,2.0,1.0,0.02,0.018125000000000002,0.019375000000000003,continuation_trial,11,false
sensitivity_477,continuation_trial,virgin_metal_tax_tax_0_018750000000000003,virgin_metal_tax,0.018750000000000003,LOCALLY_INFEASIBLE,INFEASIBLE_POINT,true,11.075812111,0.0009964752333654348,0,0.0,0,material_composite_production_REU,eqpzs,IND_REU_NEW_ELMA,0.0009964752333654348,EOL_FLOW_EOL_DE_ELMA_INC,0.0,,2.0,2.0,1.0,2.0,2.0,1.0,0.02,0.018125000000000002,0.018750000000000003,continuation_trial,12,true
sensitivity_477,continuation_trial,virgin_metal_tax_tax_0_02,virgin_metal_tax,0.02,LOCALLY_INFEASIBLE,INFEASIBLE_POINT,false,27.416248144,0.0010794415555156478,1,0.0,0,material_composite_production_REU,eqpzs,IND_REU_NEW_ELMA,0.0010794415555156478,EOL_FLOW_EOL_DE_ELMA_INC,0.0,,2.0,2.0,1.0,2.0,2.0,1.0,0.02,0.018750000000000003,0.02,continuation_trial,13,false
sensitivity_477,continuation_trial,virgin_metal_tax_tax_0_019375000000000003,virgin_metal_tax,0.019375000000000003,LOCALLY_INFEASIBLE,INFEASIBLE_POINT,true,5.85341058,0.0009716271142824473,0,0.0,0,material_composite_production_REU,eqpzs,IND_REU_NEW_ELMA,0.0009716271142824473,EOL_FLOW_EOL_DE_ELMA_INC,0.0,,2.0,2.0,1.0,2.0,2.0,1.0,0.02,0.018750000000000003,0.019375000000000003,continuation_trial,14,true
sensitivity_477,continuation_trial,virgin_metal_tax_tax_0_02,virgin_metal_tax,0.02,LOCALLY_INFEASIBLE,INFEASIBLE_POINT,false,11.283093005,0.0010786524198046488,1,0.0,0,material_composite_production_REU,eqpzs,IND_REU_NEW_ELMA,0.0010786524198046488,EOL_FLOW_EOL_DE_ELMA_INC,0.0,,2.0,2.0,1.0,2.0,2.0,1.0,0.02,0.019375000000000003,0.02,continuation_trial,15,false
sensitivity_477,continuation_trial,virgin_metal_tax_tax_0_019687500000000004,virgin_metal_tax,0.019687500000000004,LOCALLY_INFEASIBLE,INFEASIBLE_POINT,false,7.978316156,0.0010000878017144554,1,0.0,0,material_composite_production_REU,eqpzs,IND_REU_NEW_ELMA,0.0010000878017144554,EOL_FLOW_EOL_DE_ELMA_INC,0.0,,2.0,2.0,1.0,2.0,2.0,1.0,0.02,0.019375000000000003,0.019687500000000004,continuation_trial,16,false
sensitivity_477,continuation_trial,virgin_metal_tax_tax_0_019531250000000003,virgin_metal_tax,0.019531250000000003,LOCALLY_INFEASIBLE,INFEASIBLE_POINT,false,9.282828897,0.0010218797536176716,1,0.0,0,material_composite_production_REU,eqpzs,IND_REU_NEW_ELMA,0.0010218797536176716,EOL_FLOW_EOL_DE_ELMA_INC,0.0,,2.0,2.0,1.0,2.0,2.0,1.0,0.02,0.019375000000000003,0.019531250000000003,continuation_trial,17,false
sensitivity_477,continuation_trial,virgin_metal_tax_tax_0_019453125,virgin_metal_tax,0.019453125,LOCALLY_INFEASIBLE,INFEASIBLE_POINT,true,9.458396869,0.0008738167428157251,0,0.0,0,material_composite_production_REU,eqpzs,IND_REU_NEW_ELMA,0.0008738167428157251,EOL_FLOW_EOL_DE_ELMA_INC,0.0,,2.0,2.0,1.0,2.0,2.0,1.0,0.02,0.019375000000000003,0.019453125,continuation_trial,18,true
sensitivity_477,continuation_trial,virgin_metal_tax_tax_0_019609375000000002,virgin_metal_tax,0.019609375000000002,LOCALLY_INFEASIBLE,INFEASIBLE_POINT,false,18.223094163,0.001054194530031638,1,0.0,0,material_composite_production_SK,eqpzs,IND_SK_NEW_ELMA,0.001054194530031638,EOL_FLOW_EOL_DE_ELMA_INC,0.0,,2.0,2.0,1.0,2.0,2.0,1.0,0.02,0.019453125,0.019609375000000002,continuation_trial,19,false
sensitivity_477,continuation_trial,virgin_metal_tax_tax_0_01953125,virgin_metal_tax,0.01953125,LOCALLY_INFEASIBLE,INFEASIBLE_POINT,true,14.078639021,0.0009954358142972852,0,0.0,0,material_composite_production_SK,eqpzs,IND_SK_NEW_ELMA,0.0009954358142972852,EOL_FLOW_EOL_DE_ELMA_INC,0.0,,2.0,2.0,1.0,2.0,2.0,1.0,0.02,0.019453125,0.01953125,continuation_trial,20,true
sensitivity_477,continuation_trial,virgin_metal_tax_tax_0_0196875,virgin_metal_tax,0.0196875,LOCALLY_INFEASIBLE,INFEASIBLE_POINT,true,6.04631987,0.0009454306664905543,0,0.0,0,material_composite_production_SK,eqpzs,IND_SK_NEW_ELMA,0.0009454306664905543,EOL_FLOW_EOL_DE_ELMA_INC,0.0,,2.0,2.0,1.0,2.0,2.0,1.0,0.02,0.01953125,0.0196875,continuation_trial,21,true
sensitivity_477,continuation_trial,virgin_metal_tax_tax_0_02,virgin_metal_tax,0.019999999999999997,LOCALLY_INFEASIBLE,INFEASIBLE_POINT,false,12.676848618,0.0011131620317946789,1,0.0,0,material_composite_production_SK,eqpzs,IND_SK_NEW_ELMA,0.0011131620317946789,EOL_FLOW_EOL_DE_ELMA_INC,0.0,,2.0,2.0,1.0,2.0,2.0,1.0,0.02,0.0196875,0.019999999999999997,continuation_trial,22,false
sensitivity_477,continuation_trial,virgin_metal_tax_tax_0_01984375,virgin_metal_tax,0.01984375,LOCALLY_INFEASIBLE,INFEASIBLE_POINT,false,12.955287882,0.0011266680430197518,1,0.0,0,material_composite_production_SK,eqpzs,IND_SK_NEW_ELMA,0.0011266680430197518,EOL_FLOW_EOL_DE_ELMA_INC,0.0,,2.0,2.0,1.0,2.0,2.0,1.0,0.02,0.0196875,0.01984375,continuation_trial,23,false
sensitivity_477,continuation_trial,virgin_metal_tax_tax_0_019765625,virgin_metal_tax,0.019765625,LOCALLY_INFEASIBLE,INFEASIBLE_POINT,false,5.620548828,0.0011603025748997409,1,0.0,0,material_composite_production_SK,eqpzs,IND_SK_NEW_ELMA,0.0011603025748997409,EOL_FLOW_EOL_DE_ELMA_INC,0.0,,2.0,2.0,1.0,2.0,2.0,1.0,0.02,0.0196875,0.019765625,continuation_trial,24,false
sensitivity_477,continuation_trial,virgin_metal_tax_tax_0_0197265625,virgin_metal_tax,0.0197265625,LOCALLY_INFEASIBLE,INFEASIBLE_POINT,false,8.280543431,0.0010987728598510493,1,0.0,0,material_composite_production_SK,eqpzs,IND_SK_NEW_ELMA,0.0010987728598510493,EOL_FLOW_EOL_DE_ELMA_INC,0.0,,2.0,2.0,1.0,2.0,2.0,1.0,0.02,0.0196875,0.0197265625,continuation_trial,25,false
sensitivity_477,predictor_target,virgin_metal_tax_tax_0_02,virgin_metal_tax,0.02,LOCALLY_INFEASIBLE,INFEASIBLE_POINT,false,14.480170357,0.0012123490642828028,2,0.0,0,material_composite_production_SK,eqpzs,IND_SK_NEW_ELMA,0.0012123490642828028,EOL_FLOW_EOL_DE_ELMA_INC,0.0,,2.0,2.0,1.0,2.0,2.0,1.0,0.02,0.0196875,0.02,predictor_target,26,false
sensitivity_477,baseline,baseline,,0.0,ALMOST_LOCALLY_SOLVED,NEARLY_FEASIBLE_POINT,true,1.708142023,5.041743867950643e-7,0,0.0,0,observed_physical_flow_links,quantity_link,physical_SK_OFMA_REP_route_input_mass,5.041743867950643e-7,EOL_FLOW_EOL_DE_ELMA_INC,0.0,,2.0,2.0,1.0,2.0,2.0,1.0,0.0,0.0,0.0,baseline,1,true
sensitivity_493,direct_target,virgin_metal_tax_tax_0_0025,virgin_metal_tax,0.0025,ALMOST_LOCALLY_SOLVED,NEARLY_FEASIBLE_POINT,true,7.432179975,6.0535078716061896e-5,0,9.727465358151296e-9,0,material_composite_production_REU,eqpzs,IND_REU_NEW_ELMA,6.0535078716061896e-5,F_FAC_SK_LAB_IND_SK_REP_OFMA,9.727465358151296e-9,,0.5,2.0,0.5,0.5,0.5,2.0,0.0025,0.0,0.0025,direct_target,1,true
sensitivity_493,direct_target,virgin_metal_tax_tax_0_005,virgin_metal_tax,0.005,LOCALLY_INFEASIBLE,INFEASIBLE_POINT,false,25.972730578,0.02846999242814141,1,0.0,0,observed_physical_flow_links,quantity_link,physical_SK_OFMA_REP_route_input_mass,0.02846999242814141,EOL_FLOW_EOL_DE_ELMA_INC,0.0,,0.5,2.0,0.5,0.5,0.5,2.0,0.005,0.0025,0.005,direct_target,1,false
sensitivity_493,continuation_trial,virgin_metal_tax_tax_0_00375,virgin_metal_tax,0.00375,ALMOST_LOCALLY_SOLVED,NEARLY_FEASIBLE_POINT,true,9.629497579,9.066696350756853e-5,0,9.660354293408384e-9,0,material_composite_production_REU,eqpzs,IND_REU_NEW_ELMA,9.066696350756853e-5,F_FAC_SK_LAB_IND_SK_REP_OFMA,9.660354293408384e-9,,0.5,2.0,0.5,0.5,0.5,2.0,0.005,0.0025,0.00375,continuation_trial,2,true
sensitivity_493,continuation_trial,virgin_metal_tax_tax_0_005,virgin_metal_tax,0.005,LOCALLY_INFEASIBLE,INFEASIBLE_POINT,true,21.660889626,0.0002618375553355978,0,0.0,0,material_composite_production_REU,eqpzs,IND_REU_NEW_ELMA,0.0002618375553355978,EOL_FLOW_EOL_DE_ELMA_INC,0.0,,0.5,2.0,0.5,0.5,0.5,2.0,0.005,0.00375,0.005,continuation_trial,3,true
sensitivity_493,direct_target,virgin_metal_tax_tax_0_01,virgin_metal_tax,0.01,LOCALLY_INFEASIBLE,INFEASIBLE_POINT,true,12.246837969,0.0005333502847862936,0,0.0,0,material_composite_production_REU,eqpzs,IND_REU_NEW_ELMA,0.0005333502847862936,EOL_FLOW_EOL_DE_ELMA_INC,0.0,,0.5,2.0,0.5,0.5,0.5,2.0,0.01,0.005,0.01,direct_target,1,true
sensitivity_493,direct_target,virgin_metal_tax_tax_0_02,virgin_metal_tax,0.02,LOCALLY_INFEASIBLE,INFEASIBLE_POINT,false,20.113364635,0.007143940000829296,1,0.0,0,observed_physical_flow_links,quantity_link,physical_SK_OFMA_REP_route_input_mass,0.007143940000829296,EOL_FLOW_EOL_DE_ELMA_INC,0.0,,0.5,2.0,0.5,0.5,0.5,2.0,0.02,0.01,0.02,direct_target,1,false
sensitivity_493,continuation_trial,virgin_metal_tax_tax_0_015,virgin_metal_tax,0.015,LOCALLY_INFEASIBLE,INFEASIBLE_POINT,true,14.976602384,0.0007953235496985789,0,0.0,0,material_composite_production_REU,eqpzs,IND_REU_NEW_ELMA,0.0007953235496985789,EOL_FLOW_EOL_DE_ELMA_INC,0.0,,0.5,2.0,0.5,0.5,0.5,2.0,0.02,0.01,0.015,continuation_trial,2,true
sensitivity_493,continuation_trial,virgin_metal_tax_tax_0_02,virgin_metal_tax,0.02,LOCALLY_INFEASIBLE,INFEASIBLE_POINT,false,13.452538357,0.0010635563287146876,1,0.0,0,material_composite_production_REU,eqpzs,IND_REU_NEW_ELMA,0.0010635563287146876,EOL_FLOW_EOL_DE_ELMA_INC,0.0,,0.5,2.0,0.5,0.5,0.5,2.0,0.02,0.015,0.02,continuation_trial,3,false
sensitivity_493,continuation_trial,virgin_metal_tax_tax_0_0175,virgin_metal_tax,0.0175,LOCALLY_INFEASIBLE,INFEASIBLE_POINT,true,9.314317413,0.0009204353637901619,0,0.0,0,material_composite_production_REU,eqpzs,IND_REU_NEW_ELMA,0.0009204353637901619,EOL_FLOW_EOL_DE_ELMA_INC,0.0,,0.5,2.0,0.5,0.5,0.5,2.0,0.02,0.015,0.0175,continuation_trial,4,true
sensitivity_493,continuation_trial,virgin_metal_tax_tax_0_02,virgin_metal_tax,0.02,LOCALLY_INFEASIBLE,INFEASIBLE_POINT,false,14.766243186,0.029780691204641996,1,0.0,0,observed_physical_flow_links,quantity_link,physical_SK_OFMA_REP_route_input_mass,0.029780691204641996,EOL_FLOW_EOL_DE_ELMA_INC,0.0,,0.5,2.0,0.5,0.5,0.5,2.0,0.02,0.0175,0.02,continuation_trial,5,false
sensitivity_493,continuation_trial,virgin_metal_tax_tax_0_018750000000000003,virgin_metal_tax,0.018750000000000003,LOCALLY_INFEASIBLE,INFEASIBLE_POINT,true,11.782565223,0.0009877971080616277,0,0.0,0,material_composite_production_REU,eqpzs,IND_REU_NEW_ELMA,0.0009877971080616277,EOL_FLOW_EOL_DE_ELMA_INC,0.0,,0.5,2.0,0.5,0.5,0.5,2.0,0.02,0.0175,0.018750000000000003,continuation_trial,6,true
sensitivity_493,continuation_trial,virgin_metal_tax_tax_0_02,virgin_metal_tax,0.02,LOCALLY_INFEASIBLE,INFEASIBLE_POINT,false,10.129030419,0.0010609569744928216,1,0.0,0,material_composite_production_REU,eqpzs,IND_REU_NEW_ELMA,0.0010609569744928216,EOL_FLOW_EOL_DE_ELMA_INC,0.0,,0.5,2.0,0.5,0.5,0.5,2.0,0.02,0.018750000000000003,0.02,continuation_trial,7,false
sensitivity_493,continuation_trial,virgin_metal_tax_tax_0_019375000000000003,virgin_metal_tax,0.019375000000000003,LOCALLY_INFEASIBLE,INFEASIBLE_POINT,false,9.77294176,0.0010328097957075233,1,0.0,0,material_composite_production_REU,eqpzs,IND_REU_NEW_ELMA,0.0010328097957075233,EOL_FLOW_EOL_DE_ELMA_INC,0.0,,0.5,2.0,0.5,0.5,0.5,2.0,0.02,0.018750000000000003,0.019375000000000003,continuation_trial,8,false
sensitivity_493,continuation_trial,virgin_metal_tax_tax_0_019062500000000003,virgin_metal_tax,0.019062500000000003,LOCALLY_INFEASIBLE,INFEASIBLE_POINT,true,5.813427777,0.0009138840467262099,0,0.0,0,material_composite_production_REU,eqpzs,IND_REU_NEW_ELMA,0.0009138840467262099,EOL_FLOW_EOL_DE_ELMA_INC,0.0,,0.5,2.0,0.5,0.5,0.5,2.0,0.02,0.018750000000000003,0.019062500000000003,continuation_trial,9,true
sensitivity_493,continuation_trial,virgin_metal_tax_tax_0_019687500000000004,virgin_metal_tax,0.019687500000000004,LOCALLY_INFEASIBLE,INFEASIBLE_POINT,false,12.677480383,0.0010378385934877166,1,0.0,0,material_composite_production_REU,eqpzs,IND_REU_NEW_ELMA,0.0010378385934877166,EOL_FLOW_EOL_DE_ELMA_INC,0.0,,0.5,2.0,0.5,0.5,0.5,2.0,0.02,0.019062500000000003,0.019687500000000004,continuation_trial,10,false
sensitivity_493,continuation_trial,virgin_metal_tax_tax_0_019375000000000003,virgin_metal_tax,0.019375000000000003,LOCALLY_INFEASIBLE,INFEASIBLE_POINT,true,6.547189241,0.0009802186622531739,0,0.0,0,material_composite_production_REU,eqpzs,IND_REU_NEW_ELMA,0.0009802186622531739,EOL_FLOW_EOL_DE_ELMA_INC,0.0,,0.5,2.0,0.5,0.5,0.5,2.0,0.02,0.019062500000000003,0.019375000000000003,continuation_trial,11,true
sensitivity_493,continuation_trial,virgin_metal_tax_tax_0_02,virgin_metal_tax,0.02,LOCALLY_INFEASIBLE,INFEASIBLE_POINT,false,18.015651345,0.09460238518110797,3,0.0,0,observed_physical_flow_links,quantity_link,physical_SK_OFMA_REP_route_input_mass,0.09460238518110797,EOL_FLOW_EOL_DE_ELMA_INC,0.0,,0.5,2.0,0.5,0.5,0.5,2.0,0.02,0.019375000000000003,0.02,continuation_trial,12,false
sensitivity_493,continuation_trial,virgin_metal_tax_tax_0_019687500000000004,virgin_metal_tax,0.019687500000000004,LOCALLY_INFEASIBLE,INFEASIBLE_POINT,false,7.696049423,0.0010360786089967933,1,0.0,0,material_composite_production_REU,eqpzs,IND_REU_NEW_ELMA,0.0010360786089967933,EOL_FLOW_EOL_DE_ELMA_INC,0.0,,0.5,2.0,0.5,0.5,0.5,2.0,0.02,0.019375000000000003,0.019687500000000004,continuation_trial,13,false
sensitivity_493,continuation_trial,virgin_metal_tax_tax_0_019531250000000003,virgin_metal_tax,0.019531250000000003,LOCALLY_INFEASIBLE,INFEASIBLE_POINT,true,4.323526046,0.0006817971607911977,0,0.0,0,material_composite_production_SK,eqpzs,IND_SK_NEW_ELMA,0.0006817971607911977,EOL_FLOW_EOL_DE_ELMA_INC,0.0,,0.5,2.0,0.5,0.5,0.5,2.0,0.02,0.019375000000000003,0.019531250000000003,continuation_trial,14,true
sensitivity_493,continuation_trial,virgin_metal_tax_tax_0_01984375,virgin_metal_tax,0.01984375,LOCALLY_INFEASIBLE,INFEASIBLE_POINT,true,12.202932973,0.00097638561568969,0,0.0,0,material_composite_production_REU,eqpzs,IND_REU_NEW_ELMA,0.00097638561568969,EOL_FLOW_EOL_DE_ELMA_INC,0.0,,0.5,2.0,0.5,0.5,0.5,2.0,0.02,0.019531250000000003,0.01984375,continuation_trial,15,true
sensitivity_493,continuation_trial,virgin_metal_tax_tax_0_02,virgin_metal_tax,0.02,LOCALLY_INFEASIBLE,INFEASIBLE_POINT,false,10.977697109,0.001056642858946022,1,0.0,0,material_composite_production_REU,eqpzs,IND_REU_NEW_ELMA,0.001056642858946022,EOL_FLOW_EOL_DE_ELMA_INC,0.0,,0.5,2.0,0.5,0.5,0.5,2.0,0.02,0.01984375,0.02,continuation_trial,16,false
sensitivity_493,continuation_trial,virgin_metal_tax_tax_0_019921875,virgin_metal_tax,0.019921875,LOCALLY_INFEASIBLE,INFEASIBLE_POINT,false,7.794881922,0.0010383786662070404,1,0.0,0,material_composite_production_REU,eqpzs,IND_REU_NEW_ELMA,0.0010383786662070404,EOL_FLOW_EOL_DE_ELMA_INC,0.0,,0.5,2.0,0.5,0.5,0.5,2.0,0.02,0.01984375,0.019921875,continuation_trial,17,false
sensitivity_493,continuation_trial,virgin_metal_tax_tax_0_0198828125,virgin_metal_tax,0.0198828125,LOCALLY_INFEASIBLE,INFEASIBLE_POINT,true,4.666585483,0.0009761164125315913,0,0.0,0,material_composite_production_REU,eqpzs,IND_REU_NEW_ELMA,0.0009761164125315913,EOL_FLOW_EOL_DE_ELMA_INC,0.0,,0.5,2.0,0.5,0.5,0.5,2.0,0.02,0.01984375,0.0198828125,continuation_trial,18,true
sensitivity_493,continuation_trial,virgin_metal_tax_tax_0_019960937499999998,virgin_metal_tax,0.019960937499999998,LOCALLY_INFEASIBLE,INFEASIBLE_POINT,false,13.789038574,0.0010335087692028289,1,0.0,0,material_composite_production_REU,eqpzs,IND_REU_NEW_ELMA,0.0010335087692028289,EOL_FLOW_EOL_DE_ELMA_INC,0.0,,0.5,2.0,0.5,0.5,0.5,2.0,0.02,0.0198828125,0.019960937499999998,continuation_trial,19,false
sensitivity_493,continuation_trial,virgin_metal_tax_tax_0_019921875,virgin_metal_tax,0.019921875,LOCALLY_INFEASIBLE,INFEASIBLE_POINT,false,6.27626689,0.0010099283645141899,1,0.0,0,material_composite_production_REU,eqpzs,IND_REU_NEW_ELMA,0.0010099283645141899,EOL_FLOW_EOL_DE_ELMA_INC,0.0,,0.5,2.0,0.5,0.5,0.5,2.0,0.02,0.0198828125,0.019921875,continuation_trial,20,false
sensitivity_493,predictor_target,virgin_metal_tax_tax_0_02,virgin_metal_tax,0.02,LOCALLY_INFEASIBLE,INFEASIBLE_POINT,false,17.080271534,0.00107597837220208,1,0.0,0,material_composite_production_REU,eqpzs,IND_REU_NEW_ELMA,0.00107597837220208,EOL_FLOW_EOL_DE_ELMA_INC,0.0,,0.5,2.0,0.5,0.5,0.5,2.0,0.02,0.0198828125,0.02,predictor_target,21,false
sensitivity_493,baseline,baseline,,0.0,ALMOST_LOCALLY_SOLVED,NEARLY_FEASIBLE_POINT,true,3.501398169,5.054580157759503e-7,0,0.0,0,observed_physical_flow_links,quantity_link,physical_SK_OFMA_REP_route_input_mass,5.054580157759503e-7,EOL_FLOW_EOL_DE_ELMA_INC,0.0,,0.5,2.0,0.5,0.5,0.5,2.0,0.0,0.0,0.0,baseline,1,true
sensitivity_502,direct_target,virgin_metal_tax_tax_0_0025,virgin_metal_tax,0.0025,LOCALLY_INFEASIBLE,INFEASIBLE_POINT,true,22.32451986,0.00013429033477874164,0,0.0,0,material_composite_production_REU,eqpzs,IND_REU_NEW_ELMA,0.00013429033477874164,EOL_FLOW_EOL_DE_ELMA_INC,0.0,,0.5,2.0,1.0,0.5,0.5,2.0,0.0025,0.0,0.0025,direct_target,1,true
sensitivity_502,direct_target,virgin_metal_tax_tax_0_005,virgin_metal_tax,0.005,LOCALLY_INFEASIBLE,INFEASIBLE_POINT,true,18.708962832,0.00024522938621474033,0,0.0,0,material_composite_production_REU,eqpzs,IND_REU_NEW_ELMA,0.00024522938621474033,EOL_FLOW_EOL_DE_ELMA_INC,0.0,,0.5,2.0,1.0,0.5,0.5,2.0,0.005,0.0025,0.005,direct_target,1,true
sensitivity_502,direct_target,virgin_metal_tax_tax_0_01,virgin_metal_tax,0.01,LOCALLY_INFEASIBLE,INFEASIBLE_POINT,true,16.031596269,0.0005108046166000246,0,0.0,0,material_composite_production_REU,eqpzs,IND_REU_NEW_ELMA,0.0005108046166000246,EOL_FLOW_EOL_DE_ELMA_INC,0.0,,0.5,2.0,1.0,0.5,0.5,2.0,0.01,0.005,0.01,direct_target,1,true
sensitivity_502,direct_target,virgin_metal_tax_tax_0_02,virgin_metal_tax,0.02,LOCALLY_INFEASIBLE,INFEASIBLE_POINT,false,22.539448155,0.0010106531668407914,1,0.0,0,material_composite_production_REU,eqpzs,IND_REU_NEW_ELMA,0.0010106531668407914,EOL_FLOW_EOL_DE_ELMA_INC,0.0,,0.5,2.0,1.0,0.5,0.5,2.0,0.02,0.01,0.02,direct_target,1,false
sensitivity_502,continuation_trial,virgin_metal_tax_tax_0_015,virgin_metal_tax,0.015,LOCALLY_INFEASIBLE,INFEASIBLE_POINT,false,40.450483015,0.07913144291657548,1,0.0,0,observed_physical_flow_links,quantity_link,physical_SK_OFMA_REP_route_input_mass,0.07913144291657548,EOL_FLOW_EOL_DE_ELMA_INC,0.0,,0.5,2.0,1.0,0.5,0.5,2.0,0.02,0.01,0.015,continuation_trial,2,false
sensitivity_502,continuation_trial,virgin_metal_tax_tax_0_0125,virgin_metal_tax,0.0125,LOCALLY_INFEASIBLE,INFEASIBLE_POINT,true,24.02168583,0.0006721715243236392,0,0.0,0,material_composite_production_REU,eqpzs,IND_REU_NEW_ELMA,0.0006721715243236392,EOL_FLOW_EOL_DE_ELMA_INC,0.0,,0.5,2.0,1.0,0.5,0.5,2.0,0.02,0.01,0.0125,continuation_trial,3,true
sensitivity_502,continuation_trial,virgin_metal_tax_tax_0_0175,virgin_metal_tax,0.0175,LOCALLY_INFEASIBLE,INFEASIBLE_POINT,true,16.676578198,0.000930808188646215,0,0.0,0,material_composite_production_REU,eqpzs,IND_REU_NEW_ELMA,0.000930808188646215,EOL_FLOW_EOL_DE_ELMA_INC,0.0,,0.5,2.0,1.0,0.5,0.5,2.0,0.02,0.0125,0.0175,continuation_trial,4,true
sensitivity_502,continuation_trial,virgin_metal_tax_tax_0_02,virgin_metal_tax,0.02,LOCALLY_INFEASIBLE,INFEASIBLE_POINT,false,16.174380356,0.0010397665773479448,1,0.0,0,material_composite_production_REU,eqpzs,IND_REU_NEW_ELMA,0.0010397665773479448,EOL_FLOW_EOL_DE_ELMA_INC,0.0,,0.5,2.0,1.0,0.5,0.5,2.0,0.02,0.0175,0.02,continuation_trial,5,false
sensitivity_502,continuation_trial,virgin_metal_tax_tax_0_018750000000000003,virgin_metal_tax,0.018750000000000003,LOCALLY_INFEASIBLE,INFEASIBLE_POINT,false,16.70356371,0.0010036902622061472,1,0.0,0,material_composite_production_REU,eqpzs,IND_REU_NEW_ELMA,0.0010036902622061472,EOL_FLOW_EOL_DE_ELMA_INC,0.0,,0.5,2.0,1.0,0.5,0.5,2.0,0.02,0.0175,0.018750000000000003,continuation_trial,6,false
sensitivity_502,continuation_trial,virgin_metal_tax_tax_0_018125000000000002,virgin_metal_tax,0.018125000000000002,LOCALLY_INFEASIBLE,INFEASIBLE_POINT,true,7.473669715,0.0009508282063572793,0,0.0,0,material_composite_production_REU,eqpzs,IND_REU_NEW_ELMA,0.0009508282063572793,EOL_FLOW_EOL_DE_ELMA_INC,0.0,,0.5,2.0,1.0,0.5,0.5,2.0,0.02,0.0175,0.018125000000000002,continuation_trial,7,true
sensitivity_502,continuation_trial,virgin_metal_tax_tax_0_019375000000000003,virgin_metal_tax,0.019375000000000003,LOCALLY_INFEASIBLE,INFEASIBLE_POINT,false,12.289511706,0.0010353297407277307,1,0.0,0,material_composite_production_REU,eqpzs,IND_REU_NEW_ELMA,0.0010353297407277307,EOL_FLOW_EOL_DE_ELMA_INC,0.0,,0.5,2.0,1.0,0.5,0.5,2.0,0.02,0.018125000000000002,0.019375000000000003,continuation_trial,8,false
sensitivity_502,continuation_trial,virgin_metal_tax_tax_0_018750000000000003,virgin_metal_tax,0.018750000000000003,LOCALLY_INFEASIBLE,INFEASIBLE_POINT,true,9.097907113,0.0009645549219191585,0,0.0,0,material_composite_production_REU,eqpzs,IND_REU_NEW_ELMA,0.0009645549219191585,EOL_FLOW_EOL_DE_ELMA_INC,0.0,,0.5,2.0,1.0,0.5,0.5,2.0,0.02,0.018125000000000002,0.018750000000000003,continuation_trial,9,true
sensitivity_502,continuation_trial,virgin_metal_tax_tax_0_02,virgin_metal_tax,0.02,LOCALLY_INFEASIBLE,INFEASIBLE_POINT,false,13.333700857,0.001047780284869071,1,0.0,0,material_composite_production_REU,eqpzs,IND_REU_NEW_ELMA,0.001047780284869071,EOL_FLOW_EOL_DE_ELMA_INC,0.0,,0.5,2.0,1.0,0.5,0.5,2.0,0.02,0.018750000000000003,0.02,continuation_trial,10,false
sensitivity_502,continuation_trial,virgin_metal_tax_tax_0_019375000000000003,virgin_metal_tax,0.019375000000000003,LOCALLY_INFEASIBLE,INFEASIBLE_POINT,false,9.16310125,0.0010101208657166127,1,0.0,0,material_composite_production_REU,eqpzs,IND_REU_NEW_ELMA,0.0010101208657166127,EOL_FLOW_EOL_DE_ELMA_INC,0.0,,0.5,2.0,1.0,0.5,0.5,2.0,0.02,0.018750000000000003,0.019375000000000003,continuation_trial,11,false
sensitivity_502,continuation_trial,virgin_metal_tax_tax_0_019062500000000003,virgin_metal_tax,0.019062500000000003,LOCALLY_INFEASIBLE,INFEASIBLE_POINT,false,18.922437251,0.0010265417356405404,1,0.0,0,material_composite_production_REU,eqpzs,IND_REU_NEW_ELMA,0.0010265417356405404,EOL_FLOW_EOL_DE_ELMA_INC,0.0,,0.5,2.0,1.0,0.5,0.5,2.0,0.02,0.018750000000000003,0.019062500000000003,continuation_trial,12,false
sensitivity_502,continuation_trial,virgin_metal_tax_tax_0_018906250000000003,virgin_metal_tax,0.018906250000000003,LOCALLY_INFEASIBLE,INFEASIBLE_POINT,false,9.557192794,0.0010126677723935051,1,0.0,0,material_composite_production_REU,eqpzs,IND_REU_NEW_ELMA,0.0010126677723935051,EOL_FLOW_EOL_DE_ELMA_INC,0.0,,0.5,2.0,1.0,0.5,0.5,2.0,0.02,0.018750000000000003,0.018906250000000003,continuation_trial,13,false
sensitivity_502,continuation_trial,virgin_metal_tax_tax_0_018828125,virgin_metal_tax,0.018828125,LOCALLY_INFEASIBLE,INFEASIBLE_POINT,true,6.846659614,0.0009641379849063547,0,0.0,0,material_composite_production_REU,eqpzs,IND_REU_NEW_ELMA,0.0009641379849063547,EOL_FLOW_EOL_DE_ELMA_INC,0.0,,0.5,2.0,1.0,0.5,0.5,2.0,0.02,0.018750000000000003,0.018828125,continuation_trial,14,true
sensitivity_502,continuation_trial,virgin_metal_tax_tax_0_018984375,virgin_metal_tax,0.018984375,LOCALLY_INFEASIBLE,INFEASIBLE_POINT,true,12.134807881,0.0009958333024222554,0,0.0,0,material_composite_production_REU,eqpzs,IND_REU_NEW_ELMA,0.0009958333024222554,EOL_FLOW_EOL_DE_ELMA_INC,0.0,,0.5,2.0,1.0,0.5,0.5,2.0,0.02,0.018828125,0.018984375,continuation_trial,15,true
sensitivity_502,continuation_trial,virgin_metal_tax_tax_0_019296875,virgin_metal_tax,0.019296875,LOCALLY_INFEASIBLE,INFEASIBLE_POINT,false,35.448632554,0.0010422132211922452,1,0.0,0,material_composite_production_REU,eqpzs,IND_REU_NEW_ELMA,0.0010422132211922452,EOL_FLOW_EOL_DE_ELMA_INC,0.0,,0.5,2.0,1.0,0.5,0.5,2.0,0.02,0.018984375,0.019296875,continuation_trial,16,false
sensitivity_502,continuation_trial,virgin_metal_tax_tax_0_019140625,virgin_metal_tax,0.019140625,LOCALLY_INFEASIBLE,INFEASIBLE_POINT,true,9.497787524,0.0009971868819254048,0,0.0,0,material_composite_production_REU,eqpzs,IND_REU_NEW_ELMA,0.0009971868819254048,EOL_FLOW_EOL_DE_ELMA_INC,0.0,,0.5,2.0,1.0,0.5,0.5,2.0,0.02,0.018984375,0.019140625,continuation_trial,17,true
sensitivity_502,continuation_trial,virgin_metal_tax_tax_0_019453125,virgin_metal_tax,0.019453125,LOCALLY_INFEASIBLE,INFEASIBLE_POINT,false,12.537505523,0.0010107323975071525,1,0.0,0,material_composite_production_REU,eqpzs,IND_REU_NEW_ELMA,0.0010107323975071525,EOL_FLOW_EOL_DE_ELMA_INC,0.0,,0.5,2.0,1.0,0.5,0.5,2.0,0.02,0.019140625,0.019453125,continuation_trial,18,false
sensitivity_502,continuation_trial,virgin_metal_tax_tax_0_019296875,virgin_metal_tax,0.019296875,LOCALLY_INFEASIBLE,INFEASIBLE_POINT,false,31.53790394,0.0010415352153568813,1,0.0,0,material_composite_production_REU,eqpzs,IND_REU_NEW_ELMA,0.0010415352153568813,EOL_FLOW_EOL_DE_ELMA_INC,0.0,,0.5,2.0,1.0,0.5,0.5,2.0,0.02,0.019140625,0.019296875,continuation_trial,19,false
sensitivity_502,continuation_trial,virgin_metal_tax_tax_0_01921875,virgin_metal_tax,0.01921875,LOCALLY_INFEASIBLE,INFEASIBLE_POINT,false,5.755020827,0.001025622580169805,1,0.0,0,material_composite_production_REU,eqpzs,IND_REU_NEW_ELMA,0.001025622580169805,EOL_FLOW_EOL_DE_ELMA_INC,0.0,,0.5,2.0,1.0,0.5,0.5,2.0,0.02,0.019140625,0.01921875,continuation_trial,20,false
sensitivity_502,continuation_trial,virgin_metal_tax_tax_0_0191796875,virgin_metal_tax,0.0191796875,LOCALLY_INFEASIBLE,INFEASIBLE_POINT,true,5.514583419,0.0009659199236979887,0,0.0,0,material_composite_production_REU,eqpzs,IND_REU_NEW_ELMA,0.0009659199236979887,EOL_FLOW_EOL_DE_ELMA_INC,0.0,,0.5,2.0,1.0,0.5,0.5,2.0,0.02,0.019140625,0.0191796875,continuation_trial,21,true
sensitivity_502,continuation_trial,virgin_metal_tax_tax_0_0192578125,virgin_metal_tax,0.0192578125,LOCALLY_INFEASIBLE,INFEASIBLE_POINT,false,11.289769659,0.0010103054452260674,1,0.0,0,material_composite_production_REU,eqpzs,IND_REU_NEW_ELMA,0.0010103054452260674,EOL_FLOW_EOL_DE_ELMA_INC,0.0,,0.5,2.0,1.0,0.5,0.5,2.0,0.02,0.0191796875,0.0192578125,continuation_trial,22,false
sensitivity_502,continuation_trial,virgin_metal_tax_tax_0_01921875,virgin_metal_tax,0.01921875,LOCALLY_INFEASIBLE,INFEASIBLE_POINT,true,4.957527608,0.000962232406972352,0,0.0,0,material_composite_production_REU,eqpzs,IND_REU_NEW_ELMA,0.000962232406972352,EOL_FLOW_EOL_DE_ELMA_INC,0.0,,0.5,2.0,1.0,0.5,0.5,2.0,0.02,0.0191796875,0.01921875,continuation_trial,23,true
sensitivity_502,continuation_trial,virgin_metal_tax_tax_0_019296874999999998,virgin_metal_tax,0.019296874999999998,LOCALLY_INFEASIBLE,INFEASIBLE_POINT,false,35.148666029,0.0010399514437856583,1,0.0,0,material_composite_production_REU,eqpzs,IND_REU_NEW_ELMA,0.0010399514437856583,EOL_FLOW_EOL_DE_ELMA_INC,0.0,,0.5,2.0,1.0,0.5,0.5,2.0,0.02,0.01921875,0.019296874999999998,continuation_trial,24,false
sensitivity_502,continuation_trial,virgin_metal_tax_tax_0_0192578125,virgin_metal_tax,0.0192578125,LOCALLY_INFEASIBLE,INFEASIBLE_POINT,true,6.867194094,0.0009625871288803101,0,0.0,0,material_composite_production_REU,eqpzs,IND_REU_NEW_ELMA,0.0009625871288803101,EOL_FLOW_EOL_DE_ELMA_INC,0.0,,0.5,2.0,1.0,0.5,0.5,2.0,0.02,0.01921875,0.0192578125,continuation_trial,25,true
sensitivity_502,continuation_trial,virgin_metal_tax_tax_0_019335937499999997,virgin_metal_tax,0.019335937499999997,LOCALLY_INFEASIBLE,INFEASIBLE_POINT,true,4.954613687,0.0009196848637432753,0,0.0,0,material_composite_production_REU,eqpzs,IND_REU_NEW_ELMA,0.0009196848637432753,EOL_FLOW_EOL_DE_ELMA_INC,0.0,,0.5,2.0,1.0,0.5,0.5,2.0,0.02,0.0192578125,0.019335937499999997,continuation_trial,26,true
sensitivity_502,continuation_trial,virgin_metal_tax_tax_0_019492187499999997,virgin_metal_tax,0.019492187499999997,LOCALLY_INFEASIBLE,INFEASIBLE_POINT,false,14.833040966,0.0010519368902193182,1,0.0,0,material_composite_production_REU,eqpzs,IND_REU_NEW_ELMA,0.0010519368902193182,EOL_FLOW_EOL_DE_ELMA_INC,0.0,,0.5,2.0,1.0,0.5,0.5,2.0,0.02,0.019335937499999997,0.019492187499999997,continuation_trial,27,false
sensitivity_502,continuation_trial,virgin_metal_tax_tax_0_019414062499999996,virgin_metal_tax,0.019414062499999996,LOCALLY_INFEASIBLE,INFEASIBLE_POINT,true,6.003916835,0.0009913350339505467,0,0.0,0,material_composite_production_REU,eqpzs,IND_REU_NEW_ELMA,0.0009913350339505467,EOL_FLOW_EOL_DE_ELMA_INC,0.0,,0.5,2.0,1.0,0.5,0.5,2.0,0.02,0.019335937499999997,0.019414062499999996,continuation_trial,28,true
sensitivity_502,continuation_trial,virgin_metal_tax_tax_0_019570312499999996,virgin_metal_tax,0.019570312499999996,LOCALLY_INFEASIBLE,INFEASIBLE_POINT,true,6.124826848,0.0009652895943762507,0,0.0,0,material_composite_production_REU,eqpzs,IND_REU_NEW_ELMA,0.0009652895943762507,EOL_FLOW_EOL_DE_ELMA_INC,0.0,,0.5,2.0,1.0,0.5,0.5,2.0,0.02,0.019414062499999996,0.019570312499999996,continuation_trial,29,true
sensitivity_502,continuation_trial,virgin_metal_tax_tax_0_019882812499999996,virgin_metal_tax,0.019882812499999996,LOCALLY_INFEASIBLE,INFEASIBLE_POINT,true,4.628653352,0.0007240709415097246,0,0.0,0,material_composite_production_SK,eqpzs,IND_SK_NEW_ELMA,0.0007240709415097246,EOL_FLOW_EOL_DE_ELMA_INC,0.0,,0.5,2.0,1.0,0.5,0.5,2.0,0.02,0.019570312499999996,0.019882812499999996,continuation_trial,30,true
sensitivity_502,continuation_trial,virgin_metal_tax_tax_0_02,virgin_metal_tax,0.02,LOCALLY_INFEASIBLE,INFEASIBLE_POINT,false,5.546152878,0.0010220970066542323,1,0.0,0,material_composite_production_REU,eqpzs,IND_REU_NEW_ELMA,0.0010220970066542323,EOL_FLOW_EOL_DE_ELMA_INC,0.0,,0.5,2.0,1.0,0.5,0.5,2.0,0.02,0.019882812499999996,0.02,continuation_trial,31,false
sensitivity_502,continuation_trial,virgin_metal_tax_tax_0_019941406249999998,virgin_metal_tax,0.019941406249999998,LOCALLY_INFEASIBLE,INFEASIBLE_POINT,false,26.390104151,0.0010765974290390945,1,0.0,0,material_composite_production_REU,eqpzs,IND_REU_NEW_ELMA,0.0010765974290390945,EOL_FLOW_EOL_DE_ELMA_INC,0.0,,0.5,2.0,1.0,0.5,0.5,2.0,0.02,0.019882812499999996,0.019941406249999998,continuation_trial,32,false
sensitivity_502,continuation_trial,virgin_metal_tax_tax_0_019912109374999997,virgin_metal_tax,0.019912109374999997,LOCALLY_INFEASIBLE,INFEASIBLE_POINT,false,13.219772364,0.0010671823613315201,1,0.0,0,material_composite_production_REU,eqpzs,IND_REU_NEW_ELMA,0.0010671823613315201,EOL_FLOW_EOL_DE_ELMA_INC,0.0,,0.5,2.0,1.0,0.5,0.5,2.0,0.02,0.019882812499999996,0.019912109374999997,continuation_trial,33,false
sensitivity_502,predictor_target,virgin_metal_tax_tax_0_02,virgin_metal_tax,0.02,LOCALLY_INFEASIBLE,INFEASIBLE_POINT,false,16.283483666,0.0010590741950471383,1,0.0,0,material_composite_production_REU,eqpzs,IND_REU_NEW_ELMA,0.0010590741950471383,EOL_FLOW_EOL_DE_ELMA_INC,0.0,,0.5,2.0,1.0,0.5,0.5,2.0,0.02,0.019882812499999996,0.02,predictor_target,34,false
sensitivity_502,baseline,baseline,,0.0,ALMOST_LOCALLY_SOLVED,NEARLY_FEASIBLE_POINT,true,3.699202109,5.121360460158542e-7,0,0.0,0,observed_physical_flow_links,quantity_link,physical_SK_OFMA_REP_route_input_mass,5.121360460158542e-7,EOL_FLOW_EOL_DE_ELMA_INC,0.0,,0.5,2.0,1.0,0.5,0.5,2.0,0.0,0.0,0.0,baseline,1,true
sensitivity_511,direct_target,virgin_metal_tax_tax_0_0025,virgin_metal_tax,0.0025,LOCALLY_INFEASIBLE,INFEASIBLE_POINT,true,9.777663614,0.00013132960062645083,0,0.0,0,material_composite_production_REU,eqpzs,IND_REU_NEW_ELMA,0.00013132960062645083,EOL_FLOW_EOL_DE_ELMA_INC,0.0,,0.5,2.0,2.0,0.5,0.5,2.0,0.0025,0.0,0.0025,direct_target,1,true
sensitivity_511,direct_target,virgin_metal_tax_tax_0_005,virgin_metal_tax,0.005,LOCALLY_INFEASIBLE,INFEASIBLE_POINT,true,15.958726012,0.0002111026133059246,0,0.0,0,material_composite_production_SK,eqpzs,IND_SK_NEW_ELMA,0.0002111026133059246,EOL_FLOW_EOL_DE_ELMA_INC,0.0,,0.5,2.0,2.0,0.5,0.5,2.0,0.005,0.0025,0.005,direct_target,1,true
sensitivity_511,direct_target,virgin_metal_tax_tax_0_01,virgin_metal_tax,0.01,LOCALLY_INFEASIBLE,INFEASIBLE_POINT,false,26.798211138,0.12639132962297173,1,0.0,0,observed_physical_flow_links,quantity_link,physical_SK_OFMA_REP_route_input_mass,0.12639132962297173,EOL_FLOW_EOL_DE_ELMA_INC,0.0,,0.5,2.0,2.0,0.5,0.5,2.0,0.01,0.005,0.01,direct_target,1,false
sensitivity_511,continuation_trial,virgin_metal_tax_tax_0_0075,virgin_metal_tax,0.0075,LOCALLY_INFEASIBLE,INFEASIBLE_POINT,true,12.762578934,0.00040396761878325194,0,9.9775963610839e-9,0,material_composite_production_REU,eqpzs,IND_REU_NEW_ELMA,0.00040396761878325194,Y_IND_SK_REP_OFMA,9.9775963610839e-9,,0.5,2.0,2.0,0.5,0.5,2.0,0.01,0.005,0.0075,continuation_trial,2,true
sensitivity_511,continuation_trial,virgin_metal_tax_tax_0_01,virgin_metal_tax,0.01,LOCALLY_INFEASIBLE,INFEASIBLE_POINT,true,11.967204916,0.0005081992859204965,0,8.06503015773702e-9,0,material_composite_production_REU,eqpzs,IND_REU_NEW_ELMA,0.0005081992859204965,Y_IND_SK_REP_OFMA,8.06503015773702e-9,,0.5,2.0,2.0,0.5,0.5,2.0,0.01,0.0075,0.01,continuation_trial,3,true
sensitivity_511,direct_target,virgin_metal_tax_tax_0_02,virgin_metal_tax,0.02,LOCALLY_INFEASIBLE,INFEASIBLE_POINT,false,11.437128813,0.001071597687434589,1,3.6108359067469457e-9,0,material_composite_production_REU,eqpzs,IND_REU_NEW_ELMA,0.001071597687434589,Y_IND_SK_REP_OFMA,3.6108359067469457e-9,,0.5,2.0,2.0,0.5,0.5,2.0,0.02,0.01,0.02,direct_target,1,false
sensitivity_511,continuation_trial,virgin_metal_tax_tax_0_015,virgin_metal_tax,0.015,LOCALLY_INFEASIBLE,INFEASIBLE_POINT,false,11.560700096,0.001373512608134138,1,3.490957446534929e-9,0,regional_composite_market,regional_composite_market,IND_IT_OTHER_SERVICES|IT,0.001373512608134138,Y_IND_SK_REP_OFMA,3.490957446534929e-9,,0.5,2.0,2.0,0.5,0.5,2.0,0.02,0.01,0.015,continuation_trial,2,false
sensitivity_511,continuation_trial,virgin_metal_tax_tax_0_0125,virgin_metal_tax,0.0125,LOCALLY_INFEASIBLE,INFEASIBLE_POINT,true,9.082402241,0.000643686626546125,0,9.931302745598947e-9,0,material_composite_production_REU,eqpzs,IND_REU_NEW_ELMA,0.000643686626546125,Y_IND_SK_REP_OFMA,9.931302745598947e-9,,0.5,2.0,2.0,0.5,0.5,2.0,0.02,0.01,0.0125,continuation_trial,3,true
sensitivity_511,continuation_trial,virgin_metal_tax_tax_0_0175,virgin_metal_tax,0.0175,LOCALLY_INFEASIBLE,INFEASIBLE_POINT,true,9.340836758,0.0008321284753002312,0,4.77655673173082e-9,0,material_composite_production_REU,eqpzs,IND_REU_NEW_ELMA,0.0008321284753002312,Y_IND_SK_REP_OFMA,4.77655673173082e-9,,0.5,2.0,2.0,0.5,0.5,2.0,0.02,0.0125,0.0175,continuation_trial,4,true
sensitivity_511,continuation_trial,virgin_metal_tax_tax_0_02,virgin_metal_tax,0.02,LOCALLY_INFEASIBLE,INFEASIBLE_POINT,false,18.903555135,0.0010546389112460197,1,1.1258163120982367e-9,0,material_composite_production_REU,eqpzs,IND_REU_NEW_ELMA,0.0010546389112460197,Y_IND_SK_REP_OFMA,1.1258163120982367e-9,,0.5,2.0,2.0,0.5,0.5,2.0,0.02,0.0175,0.02,continuation_trial,5,false
sensitivity_511,continuation_trial,virgin_metal_tax_tax_0_018750000000000003,virgin_metal_tax,0.018750000000000003,LOCALLY_INFEASIBLE,INFEASIBLE_POINT,true,17.875557688,0.000995543776338259,0,4.256976811777691e-9,0,material_composite_production_REU,eqpzs,IND_REU_NEW_ELMA,0.000995543776338259,Y_IND_SK_REP_OFMA,4.256976811777691e-9,,0.5,2.0,2.0,0.5,0.5,2.0,0.02,0.0175,0.018750000000000003,continuation_trial,6,true
sensitivity_511,continuation_trial,virgin_metal_tax_tax_0_02,virgin_metal_tax,0.02,LOCALLY_INFEASIBLE,INFEASIBLE_POINT,false,20.149411901,0.002734762426153122,2,7.308125999390635e-9,0,regional_composite_market,regional_composite_market,IND_IT_OTHER_SERVICES|IT,0.002734762426153122,Y_IND_SK_REP_OFMA,7.308125999390635e-9,,0.5,2.0,2.0,0.5,0.5,2.0,0.02,0.018750000000000003,0.02,continuation_trial,7,false
sensitivity_511,continuation_trial,virgin_metal_tax_tax_0_019375000000000003,virgin_metal_tax,0.019375000000000003,LOCALLY_INFEASIBLE,INFEASIBLE_POINT,false,12.032787227,0.0010293052979511996,1,6.028584000725305e-9,0,material_composite_production_REU,eqpzs,IND_REU_NEW_ELMA,0.0010293052979511996,Y_IND_SK_REP_OFMA,6.028584000725305e-9,,0.5,2.0,2.0,0.5,0.5,2.0,0.02,0.018750000000000003,0.019375000000000003,continuation_trial,8,false
sensitivity_511,continuation_trial,virgin_metal_tax_tax_0_019062500000000003,virgin_metal_tax,0.019062500000000003,LOCALLY_INFEASIBLE,INFEASIBLE_POINT,false,12.716057138,0.001027046893235517,1,8.51206212549029e-9,0,material_composite_production_REU,eqpzs,IND_REU_NEW_ELMA,0.001027046893235517,Y_IND_SK_REP_OFMA,8.51206212549029e-9,,0.5,2.0,2.0,0.5,0.5,2.0,0.02,0.018750000000000003,0.019062500000000003,continuation_trial,9,false
sensitivity_511,continuation_trial,virgin_metal_tax_tax_0_018906250000000003,virgin_metal_tax,0.018906250000000003,LOCALLY_INFEASIBLE,INFEASIBLE_POINT,false,14.410291222,0.001017776796622849,1,8.049158589923348e-9,0,material_composite_production_REU,eqpzs,IND_REU_NEW_ELMA,0.001017776796622849,Y_IND_SK_REP_OFMA,8.049158589923348e-9,,0.5,2.0,2.0,0.5,0.5,2.0,0.02,0.018750000000000003,0.018906250000000003,continuation_trial,10,false
sensitivity_511,continuation_trial,virgin_metal_tax_tax_0_018828125,virgin_metal_tax,0.018828125,LOCALLY_INFEASIBLE,INFEASIBLE_POINT,false,18.440687296,0.0010153455843410208,1,8.720541201943817e-9,0,material_composite_production_REU,eqpzs,IND_REU_NEW_ELMA,0.0010153455843410208,Y_IND_SK_REP_OFMA,8.720541201943817e-9,,0.5,2.0,2.0,0.5,0.5,2.0,0.02,0.018750000000000003,0.018828125,continuation_trial,11,false
sensitivity_511,continuation_trial,virgin_metal_tax_tax_0_018789062500000002,virgin_metal_tax,0.018789062500000002,LOCALLY_INFEASIBLE,INFEASIBLE_POINT,true,10.7472829,0.0009990745347521202,0,3.2946353714532e-9,0,material_composite_production_REU,eqpzs,IND_REU_NEW_ELMA,0.0009990745347521202,Y_IND_SK_REP_OFMA,3.2946353714532e-9,,0.5,2.0,2.0,0.5,0.5,2.0,0.02,0.018750000000000003,0.018789062500000002,continuation_trial,12,true
sensitivity_511,continuation_trial,virgin_metal_tax_tax_0_0188671875,virgin_metal_tax,0.0188671875,LOCALLY_INFEASIBLE,INFEASIBLE_POINT,true,8.881646481,0.0009815450385158853,0,4.597078173505028e-9,0,material_composite_production_REU,eqpzs,IND_REU_NEW_ELMA,0.0009815450385158853,Y_IND_SK_REP_OFMA,4.597078173505028e-9,,0.5,2.0,2.0,0.5,0.5,2.0,0.02,0.018789062500000002,0.0188671875,continuation_trial,13,true
sensitivity_511,continuation_trial,virgin_metal_tax_tax_0_0190234375,virgin_metal_tax,0.0190234375,LOCALLY_INFEASIBLE,INFEASIBLE_POINT,false,12.751880493,0.0010045757501265795,1,6.497252772602001e-9,0,material_composite_production_REU,eqpzs,IND_REU_NEW_ELMA,0.0010045757501265795,Y_IND_SK_REP_OFMA,6.497252772602001e-9,,0.5,2.0,2.0,0.5,0.5,2.0,0.02,0.0188671875,0.0190234375,continuation_trial,14,false
sensitivity_511,continuation_trial,virgin_metal_tax_tax_0_0189453125,virgin_metal_tax,0.0189453125,LOCALLY_INFEASIBLE,INFEASIBLE_POINT,false,9.652173087,0.0010044135185180991,1,1.3303697029207348e-9,0,material_composite_production_REU,eqpzs,IND_REU_NEW_ELMA,0.0010044135185180991,Y_IND_SK_REP_OFMA,1.3303697029207348e-9,,0.5,2.0,2.0,0.5,0.5,2.0,0.02,0.0188671875,0.0189453125,continuation_trial,15,false
sensitivity_511,continuation_trial,virgin_metal_tax_tax_0_01890625,virgin_metal_tax,0.01890625,LOCALLY_INFEASIBLE,INFEASIBLE_POINT,false,9.79300512,0.0010100399697799967,1,4.761981331973782e-9,0,material_composite_production_REU,eqpzs,IND_REU_NEW_ELMA,0.0010100399697799967,Y_IND_SK_REP_OFMA,4.761981331973782e-9,,0.5,2.0,2.0,0.5,0.5,2.0,0.02,0.0188671875,0.01890625,continuation_trial,16,false
sensitivity_511,predictor_target,virgin_metal_tax_tax_0_02,virgin_metal_tax,0.02,INVALID_MODEL,FEASIBLE_POINT,false,2.613466353,0.9999789409817126,7,0.0,0,regional_circular_household_utility,regional_circular_utility,PL,0.9999789409817126,EOL_FLOW_EOL_DE_ELMA_INC,0.0,,0.5,2.0,2.0,0.5,0.5,2.0,0.02,0.0188671875,0.02,predictor_target,17,false
sensitivity_511,baseline,baseline,,0.0,ALMOST_LOCALLY_SOLVED,NEARLY_FEASIBLE_POINT,true,2.375801001,4.768487893436202e-7,0,0.0,0,observed_physical_flow_links,quantity_link,physical_SK_OFMA_REP_route_input_mass,4.768487893436202e-7,EOL_FLOW_EOL_DE_ELMA_INC,0.0,,0.5,2.0,2.0,0.5,0.5,2.0,0.0,0.0,0.0,baseline,1,true
sensitivity_517,direct_target,virgin_metal_tax_tax_0_0025,virgin_metal_tax,0.0025,LOCALLY_INFEASIBLE,INFEASIBLE_POINT,true,10.756121752,9.548762898969887e-5,0,0.0,0,material_composite_production_REU,eqpzs,IND_REU_NEW_ELMA,9.548762898969887e-5,EOL_FLOW_EOL_DE_ELMA_INC,0.0,,0.5,1.0,0.5,1.0,0.5,2.0,0.0025,0.0,0.0025,direct_target,1,true
sensitivity_517,direct_target,virgin_metal_tax_tax_0_005,virgin_metal_tax,0.005,LOCALLY_INFEASIBLE,INFEASIBLE_POINT,false,22.129840085,0.009067889523297623,1,0.0,0,observed_physical_flow_links,quantity_link,physical_SK_OFMA_REP_route_input_mass,0.009067889523297623,EOL_FLOW_EOL_DE_ELMA_INC,0.0,,0.5,1.0,0.5,1.0,0.5,2.0,0.005,0.0025,0.005,direct_target,1,false
sensitivity_517,continuation_trial,virgin_metal_tax_tax_0_00375,virgin_metal_tax,0.00375,ALMOST_LOCALLY_SOLVED,NEARLY_FEASIBLE_POINT,true,6.056603628,5.4030887974954034e-5,0,9.64380461842751e-9,0,material_composite_production_REU,eqpzs,IND_REU_NEW_ELMA,5.4030887974954034e-5,F_FAC_SK_LAB_IND_SK_REP_OFMA,9.64380461842751e-9,,0.5,1.0,0.5,1.0,0.5,2.0,0.005,0.0025,0.00375,continuation_trial,2,true
sensitivity_517,continuation_trial,virgin_metal_tax_tax_0_005,virgin_metal_tax,0.005,ALMOST_LOCALLY_SOLVED,NEARLY_FEASIBLE_POINT,true,3.284911372,7.075702328351863e-5,0,9.786591658959954e-9,0,material_composite_production_REU,eqpzs,IND_REU_NEW_ELMA,7.075702328351863e-5,F_FAC_SK_LAB_IND_SK_REP_OFMA,9.786591658959954e-9,,0.5,1.0,0.5,1.0,0.5,2.0,0.005,0.00375,0.005,continuation_trial,3,true
sensitivity_517,direct_target,virgin_metal_tax_tax_0_01,virgin_metal_tax,0.01,LOCALLY_INFEASIBLE,INFEASIBLE_POINT,true,11.635069653,0.0004314008883188336,0,0.0,0,material_composite_production_REU,eqpzs,IND_REU_NEW_ELMA,0.0004314008883188336,EOL_FLOW_EOL_DE_ELMA_INC,0.0,,0.5,1.0,0.5,1.0,0.5,2.0,0.01,0.005,0.01,direct_target,1,true
sensitivity_517,direct_target,virgin_metal_tax_tax_0_02,virgin_metal_tax,0.02,TIME_LIMIT,NEARLY_FEASIBLE_POINT,false,123.725041652,0.09338986023829142,6,0.0,0,eu_wide_eol_allocation,eu_wide_eol_allocation,OFMA|EOL_SK_OFMA_REP,0.09338986023829142,EOL_FLOW_EOL_DE_ELMA_INC,0.0,,0.5,1.0,0.5,1.0,0.5,2.0,0.02,0.01,0.02,direct_target,1,false
sensitivity_517,continuation_trial,virgin_metal_tax_tax_0_015,virgin_metal_tax,0.015,LOCALLY_INFEASIBLE,INFEASIBLE_POINT,false,19.827340562,0.006154745464178157,1,0.0,0,observed_physical_flow_links,quantity_link,physical_SK_OFMA_REP_route_input_mass,0.006154745464178157,EOL_FLOW_EOL_DE_ELMA_INC,0.0,,0.5,1.0,0.5,1.0,0.5,2.0,0.02,0.01,0.015,continuation_trial,2,false
sensitivity_517,continuation_trial,virgin_metal_tax_tax_0_0125,virgin_metal_tax,0.0125,LOCALLY_INFEASIBLE,INFEASIBLE_POINT,false,34.838788341,0.47940025582448675,50,0.0,0,observed_physical_flow_links,quantity_link,physical_SK_OFMA_REP_route_input_mass,0.47940025582448675,EOL_FLOW_EOL_DE_ELMA_INC,0.0,,0.5,1.0,0.5,1.0,0.5,2.0,0.02,0.01,0.0125,continuation_trial,3,false
sensitivity_517,continuation_trial,virgin_metal_tax_tax_0_01125,virgin_metal_tax,0.01125,LOCALLY_INFEASIBLE,INFEASIBLE_POINT,true,34.499965052,0.0005326441078601605,0,0.0,0,common_eu_trade,eu_cet_quantity,NEW_ELMA|SK,0.0005326441078601605,EOL_FLOW_EOL_DE_ELMA_INC,0.0,,0.5,1.0,0.5,1.0,0.5,2.0,0.02,0.01,0.01125,continuation_trial,4,true
sensitivity_517,continuation_trial,virgin_metal_tax_tax_0_01375,virgin_metal_tax,0.01375,LOCALLY_INFEASIBLE,INFEASIBLE_POINT,true,11.20952777,0.00044404250203311513,0,0.0,0,material_composite_production_REU,eqpzs,IND_REU_NEW_ELMA,0.00044404250203311513,EOL_FLOW_EOL_DE_ELMA_INC,0.0,,0.5,1.0,0.5,1.0,0.5,2.0,0.02,0.01125,0.01375,continuation_trial,5,true
sensitivity_517,continuation_trial,virgin_metal_tax_tax_0_01875,virgin_metal_tax,0.01875,LOCALLY_INFEASIBLE,INFEASIBLE_POINT,true,19.513060606,0.0009949293673264302,0,0.0,0,common_eu_trade,eu_cet_quantity,NEW_ELMA|SK,0.0009949293673264302,EOL_FLOW_EOL_DE_ELMA_INC,0.0,,0.5,1.0,0.5,1.0,0.5,2.0,0.02,0.01375,0.01875,continuation_trial,6,true
sensitivity_517,continuation_trial,virgin_metal_tax_tax_0_02,virgin_metal_tax,0.02,LOCALLY_INFEASIBLE,INFEASIBLE_POINT,false,17.614984846,0.0010001640559912093,1,0.0,0,common_eu_trade,eu_cet_quantity,NEW_ELMA|SK,0.0010001640559912093,EOL_FLOW_EOL_DE_ELMA_INC,0.0,,0.5,1.0,0.5,1.0,0.5,2.0,0.02,0.01875,0.02,continuation_trial,7,false
sensitivity_517,continuation_trial,virgin_metal_tax_tax_0_019375,virgin_metal_tax,0.019375,LOCALLY_INFEASIBLE,INFEASIBLE_POINT,true,16.71733044,0.0009301701218863584,0,0.0,0,common_eu_trade,eu_cet_quantity,NEW_ELMA|SK,0.0009301701218863584,EOL_FLOW_EOL_DE_ELMA_INC,0.0,,0.5,1.0,0.5,1.0,0.5,2.0,0.02,0.01875,0.019375,continuation_trial,8,true
sensitivity_517,continuation_trial,virgin_metal_tax_tax_0_02,virgin_metal_tax,0.02,LOCALLY_INFEASIBLE,INFEASIBLE_POINT,false,14.872012286,0.016188655784495465,1,0.0,0,observed_physical_flow_links,quantity_link,physical_SK_OFMA_REP_route_input_mass,0.016188655784495465,EOL_FLOW_EOL_DE_ELMA_INC,0.0,,0.5,1.0,0.5,1.0,0.5,2.0,0.02,0.019375,0.02,continuation_trial,9,false
sensitivity_517,continuation_trial,virgin_metal_tax_tax_0_0196875,virgin_metal_tax,0.0196875,LOCALLY_INFEASIBLE,INFEASIBLE_POINT,true,20.929246463,0.0009814739355358834,0,0.0,0,common_eu_trade,eu_cet_quantity,NEW_ELMA|SK,0.0009814739355358834,EOL_FLOW_EOL_DE_ELMA_INC,0.0,,0.5,1.0,0.5,1.0,0.5,2.0,0.02,0.019375,0.0196875,continuation_trial,10,true
sensitivity_517,continuation_trial,virgin_metal_tax_tax_0_02,virgin_metal_tax,0.02,LOCALLY_INFEASIBLE,INFEASIBLE_POINT,false,24.563829051,0.005417776827517688,4,8.892333051486926e-9,0,regional_composite_market,regional_composite_market,IND_IT_OTHER_SERVICES|IT,0.005417776827517688,Y_IND_SK_NEW_OFMA,8.892333051486926e-9,,0.5,1.0,0.5,1.0,0.5,2.0,0.02,0.0196875,0.02,continuation_trial,11,false
sensitivity_517,continuation_trial,virgin_metal_tax_tax_0_01984375,virgin_metal_tax,0.01984375,LOCALLY_INFEASIBLE,INFEASIBLE_POINT,false,32.174294832,0.00107912774297092,2,0.0,0,material_composite_production_DE,eqpzs,IND_DE_NEW_ELMA,0.00107912774297092,EOL_FLOW_EOL_DE_ELMA_INC,0.0,,0.5,1.0,0.5,1.0,0.5,2.0,0.02,0.0196875,0.01984375,continuation_trial,12,false
sensitivity_517,continuation_trial,virgin_metal_tax_tax_0_019765625000000002,virgin_metal_tax,0.019765625000000002,LOCALLY_INFEASIBLE,INFEASIBLE_POINT,true,21.849697422,0.0009554979635040413,0,0.0,0,common_eu_trade,eu_cet_quantity,NEW_ELMA|SK,0.0009554979635040413,EOL_FLOW_EOL_DE_ELMA_INC,0.0,,0.5,1.0,0.5,1.0,0.5,2.0,0.02,0.0196875,0.019765625000000002,continuation_trial,13,true
sensitivity_517,continuation_trial,virgin_metal_tax_tax_0_019921875000000002,virgin_metal_tax,0.019921875000000002,LOCALLY_INFEASIBLE,INFEASIBLE_POINT,false,13.571077653,0.0011035527185317973,2,8.753083570001937e-9,0,material_composite_production_DE,eqpzs,IND_DE_NEW_ELMA,0.0011035527185317973,Y_IND_SK_REF_OFMA,8.753083570001937e-9,,0.5,1.0,0.5,1.0,0.5,2.0,0.02,0.019765625000000002,0.019921875000000002,continuation_trial,14,false
sensitivity_517,continuation_trial,virgin_metal_tax_tax_0_01984375,virgin_metal_tax,0.01984375,LOCALLY_INFEASIBLE,INFEASIBLE_POINT,false,35.11550877,0.0011003146487496007,2,0.0,0,material_composite_production_DE,eqpzs,IND_DE_NEW_ELMA,0.0011003146487496007,EOL_FLOW_EOL_DE_ELMA_INC,0.0,,0.5,1.0,0.5,1.0,0.5,2.0,0.02,0.019765625000000002,0.01984375,continuation_trial,15,false
sensitivity_517,continuation_trial,virgin_metal_tax_tax_0_0198046875,virgin_metal_tax,0.0198046875,LOCALLY_INFEASIBLE,INFEASIBLE_POINT,false,34.974894415,0.0010967863178962256,2,9.374356477021159e-9,0,material_composite_production_DE,eqpzs,IND_DE_NEW_ELMA,0.0010967863178962256,F_FAC_SK_CAP_IND_SK_REP_OFMA,9.374356477021159e-9,,0.5,1.0,0.5,1.0,0.5,2.0,0.02,0.019765625000000002,0.0198046875,continuation_trial,16,false
sensitivity_517,predictor_target,virgin_metal_tax_tax_0_02,virgin_metal_tax,0.02,LOCALLY_INFEASIBLE,INFEASIBLE_POINT,false,49.349517197,0.36970277826586817,5,0.0,0,regional_government_demand,regional_government_demand,IND_SK_REF_OFMA|SK,0.36970277826586817,EOL_FLOW_EOL_DE_ELMA_INC,0.0,,0.5,1.0,0.5,1.0,0.5,2.0,0.02,0.019765625000000002,0.02,predictor_target,17,false
sensitivity_517,baseline,baseline,,0.0,ALMOST_LOCALLY_SOLVED,NEARLY_FEASIBLE_POINT,true,1.807254712,5.065250536784305e-7,0,0.0,0,observed_physical_flow_links,quantity_link,physical_SK_OFMA_REP_route_input_mass,5.065250536784305e-7,EOL_FLOW_EOL_DE_ELMA_INC,0.0,,0.5,1.0,0.5,1.0,0.5,2.0,0.0,0.0,0.0,baseline,1,true
sensitivity_522,direct_target,virgin_metal_tax_tax_0_0025,virgin_metal_tax,0.0025,LOCALLY_INFEASIBLE,INFEASIBLE_POINT,true,9.883809637,0.00013263703082755374,0,0.0,0,material_composite_production_REU,eqpzs,IND_REU_NEW_ELMA,0.00013263703082755374,EOL_FLOW_EOL_DE_ELMA_INC,0.0,,2.0,2.0,0.5,1.0,0.5,2.0,0.0025,0.0,0.0025,direct_target,1,true
sensitivity_522,direct_target,virgin_metal_tax_tax_0_005,virgin_metal_tax,0.005,LOCALLY_INFEASIBLE,INFEASIBLE_POINT,true,13.2252696,0.0002788890476891348,0,0.0,0,material_composite_production_SK,eqpzs,IND_SK_NEW_ELMA,0.0002788890476891348,EOL_FLOW_EOL_DE_ELMA_INC,0.0,,2.0,2.0,0.5,1.0,0.5,2.0,0.005,0.0025,0.005,direct_target,1,true
sensitivity_522,direct_target,virgin_metal_tax_tax_0_01,virgin_metal_tax,0.01,LOCALLY_INFEASIBLE,INFEASIBLE_POINT,true,15.285658693,0.0006112558390573009,0,0.0,0,material_composite_production_SK,eqpzs,IND_SK_NEW_ELMA,0.0006112558390573009,EOL_FLOW_EOL_DE_ELMA_INC,0.0,,2.0,2.0,0.5,1.0,0.5,2.0,0.01,0.005,0.01,direct_target,1,true
sensitivity_522,direct_target,virgin_metal_tax_tax_0_02,virgin_metal_tax,0.02,LOCALLY_INFEASIBLE,INFEASIBLE_POINT,false,41.911797894,0.0010793935217767725,1,8.88354895917241e-9,0,material_composite_production_REU,eqpzs,IND_REU_NEW_ELMA,0.0010793935217767725,F_FAC_SK_LAB_IND_SK_REP_OFMA,8.88354895917241e-9,,2.0,2.0,0.5,1.0,0.5,2.0,0.02,0.01,0.02,direct_target,1,false
sensitivity_522,continuation_trial,virgin_metal_tax_tax_0_015,virgin_metal_tax,0.015,LOCALLY_INFEASIBLE,INFEASIBLE_POINT,true,23.149659031,0.00073756560688365,0,0.0,0,material_composite_production_SK,eqpzs,IND_SK_NEW_ELMA,0.00073756560688365,EOL_FLOW_EOL_DE_ELMA_INC,0.0,,2.0,2.0,0.5,1.0,0.5,2.0,0.02,0.01,0.015,continuation_trial,2,true
sensitivity_522,continuation_trial,virgin_metal_tax_tax_0_02,virgin_metal_tax,0.02,LOCALLY_INFEASIBLE,INFEASIBLE_POINT,false,10.859223566,0.0011263696849860283,1,0.0,0,material_composite_production_SK,eqpzs,IND_SK_NEW_ELMA,0.0011263696849860283,EOL_FLOW_EOL_DE_ELMA_INC,0.0,,2.0,2.0,0.5,1.0,0.5,2.0,0.02,0.015,0.02,continuation_trial,3,false
sensitivity_522,continuation_trial,virgin_metal_tax_tax_0_0175,virgin_metal_tax,0.0175,LOCALLY_INFEASIBLE,INFEASIBLE_POINT,false,25.417207018,0.0010726542081263002,1,0.0,0,material_composite_production_SK,eqpzs,IND_SK_NEW_ELMA,0.0010726542081263002,EOL_FLOW_EOL_DE_ELMA_INC,0.0,,2.0,2.0,0.5,1.0,0.5,2.0,0.02,0.015,0.0175,continuation_trial,4,false
sensitivity_522,continuation_trial,virgin_metal_tax_tax_0_01625,virgin_metal_tax,0.01625,LOCALLY_INFEASIBLE,INFEASIBLE_POINT,true,26.92075799,0.0008010294488588476,0,0.0,0,material_composite_production_SK,eqpzs,IND_SK_NEW_ELMA,0.0008010294488588476,EOL_FLOW_EOL_DE_ELMA_INC,0.0,,2.0,2.0,0.5,1.0,0.5,2.0,0.02,0.015,0.01625,continuation_trial,5,true
sensitivity_522,continuation_trial,virgin_metal_tax_tax_0_018750000000000003,virgin_metal_tax,0.018750000000000003,LOCALLY_INFEASIBLE,INFEASIBLE_POINT,true,69.921148313,0.0009262471921180904,0,0.0,0,material_composite_production_REU,eqpzs,IND_REU_NEW_ELMA,0.0009262471921180904,EOL_FLOW_EOL_DE_ELMA_INC,0.0,,2.0,2.0,0.5,1.0,0.5,2.0,0.02,0.01625,0.018750000000000003,continuation_trial,6,true
sensitivity_522,continuation_trial,virgin_metal_tax_tax_0_02,virgin_metal_tax,0.02,LOCALLY_INFEASIBLE,INFEASIBLE_POINT,false,29.767245301,0.0012317722478411008,2,0.0,0,material_composite_production_SK,eqpzs,IND_SK_NEW_ELMA,0.0012317722478411008,EOL_FLOW_EOL_DE_ELMA_INC,0.0,,2.0,2.0,0.5,1.0,0.5,2.0,0.02,0.018750000000000003,0.02,continuation_trial,7,false
sensitivity_522,continuation_trial,virgin_metal_tax_tax_0_019375000000000003,virgin_metal_tax,0.019375000000000003,LOCALLY_INFEASIBLE,INFEASIBLE_POINT,true,8.022862169,0.000718176932729131,0,0.0,0,material_composite_production_SK,eqpzs,IND_SK_NEW_ELMA,0.000718176932729131,EOL_FLOW_EOL_DE_ELMA_INC,0.0,,2.0,2.0,0.5,1.0,0.5,2.0,0.02,0.018750000000000003,0.019375000000000003,continuation_trial,8,true
sensitivity_522,continuation_trial,virgin_metal_tax_tax_0_02,virgin_metal_tax,0.02,LOCALLY_INFEASIBLE,INFEASIBLE_POINT,false,13.592381111,0.0012187481400252054,2,0.0,0,material_composite_production_SK,eqpzs,IND_SK_NEW_ELMA,0.0012187481400252054,EOL_FLOW_EOL_DE_ELMA_INC,0.0,,2.0,2.0,0.5,1.0,0.5,2.0,0.02,0.019375000000000003,0.02,continuation_trial,9,false
sensitivity_522,continuation_trial,virgin_metal_tax_tax_0_019687500000000004,virgin_metal_tax,0.019687500000000004,LOCALLY_INFEASIBLE,INFEASIBLE_POINT,false,18.564273995,0.0012144121464238156,1,0.0,0,material_composite_production_SK,eqpzs,IND_SK_NEW_ELMA,0.0012144121464238156,EOL_FLOW_EOL_DE_ELMA_INC,0.0,,2.0,2.0,0.5,1.0,0.5,2.0,0.02,0.019375000000000003,0.019687500000000004,continuation_trial,10,false
sensitivity_522,continuation_trial,virgin_metal_tax_tax_0_019531250000000003,virgin_metal_tax,0.019531250000000003,LOCALLY_INFEASIBLE,INFEASIBLE_POINT,false,7.158152268,0.0010391871864570135,1,0.0,0,material_composite_production_SK,eqpzs,IND_SK_NEW_ELMA,0.0010391871864570135,EOL_FLOW_EOL_DE_ELMA_INC,0.0,,2.0,2.0,0.5,1.0,0.5,2.0,0.02,0.019375000000000003,0.019531250000000003,continuation_trial,11,false
sensitivity_522,continuation_trial,virgin_metal_tax_tax_0_019453125,virgin_metal_tax,0.019453125,LOCALLY_INFEASIBLE,INFEASIBLE_POINT,false,7.318125264,0.0010181230095402949,1,0.0,0,material_composite_production_SK,eqpzs,IND_SK_NEW_ELMA,0.0010181230095402949,EOL_FLOW_EOL_DE_ELMA_INC,0.0,,2.0,2.0,0.5,1.0,0.5,2.0,0.02,0.019375000000000003,0.019453125,continuation_trial,12,false
sensitivity_522,continuation_trial,virgin_metal_tax_tax_0_019414062500000002,virgin_metal_tax,0.019414062500000002,LOCALLY_INFEASIBLE,INFEASIBLE_POINT,false,11.926175075,0.0012084338492820423,1,0.0,0,material_composite_production_SK,eqpzs,IND_SK_NEW_ELMA,0.0012084338492820423,EOL_FLOW_EOL_DE_ELMA_INC,0.0,,2.0,2.0,0.5,1.0,0.5,2.0,0.02,0.019375000000000003,0.019414062500000002,continuation_trial,13,false
sensitivity_522,predictor_target,virgin_metal_tax_tax_0_02,virgin_metal_tax,0.02,INVALID_MODEL,FEASIBLE_POINT,false,3.389239241,0.999450484717011,13,0.0,0,regional_circular_household_utility,regional_circular_utility,PL,0.999450484717011,EOL_FLOW_EOL_DE_ELMA_INC,0.0,,2.0,2.0,0.5,1.0,0.5,2.0,0.02,0.019375000000000003,0.02,predictor_target,14,false
sensitivity_522,baseline,baseline,,0.0,ALMOST_LOCALLY_SOLVED,NEARLY_FEASIBLE_POINT,true,3.047759503,5.065249669700123e-7,0,0.0,0,observed_physical_flow_links,quantity_link,physical_SK_OFMA_REP_route_input_mass,5.065249669700123e-7,EOL_FLOW_EOL_DE_ELMA_INC,0.0,,2.0,2.0,0.5,1.0,0.5,2.0,0.0,0.0,0.0,baseline,1,true
sensitivity_529,direct_target,virgin_metal_tax_tax_0_0025,virgin_metal_tax,0.0025,LOCALLY_INFEASIBLE,INFEASIBLE_POINT,true,22.042722095,0.0001342083279847195,0,0.0,0,material_composite_production_REU,eqpzs,IND_REU_NEW_ELMA,0.0001342083279847195,EOL_FLOW_EOL_DE_ELMA_INC,0.0,,0.5,2.0,1.0,1.0,0.5,2.0,0.0025,0.0,0.0025,direct_target,1,true
sensitivity_529,direct_target,virgin_metal_tax_tax_0_005,virgin_metal_tax,0.005,LOCALLY_INFEASIBLE,INFEASIBLE_POINT,true,33.568022492,0.00025534140990046694,0,0.0,0,material_composite_production_REU,eqpzs,IND_REU_NEW_ELMA,0.00025534140990046694,EOL_FLOW_EOL_DE_ELMA_INC,0.0,,0.5,2.0,1.0,1.0,0.5,2.0,0.005,0.0025,0.005,direct_target,1,true
sensitivity_529,direct_target,virgin_metal_tax_tax_0_01,virgin_metal_tax,0.01,LOCALLY_INFEASIBLE,INFEASIBLE_POINT,true,16.883596138,0.0005161619296383257,0,0.0,0,material_composite_production_REU,eqpzs,IND_REU_NEW_ELMA,0.0005161619296383257,EOL_FLOW_EOL_DE_ELMA_INC,0.0,,0.5,2.0,1.0,1.0,0.5,2.0,0.01,0.005,0.01,direct_target,1,true
sensitivity_529,direct_target,virgin_metal_tax_tax_0_02,virgin_metal_tax,0.02,LOCALLY_INFEASIBLE,INFEASIBLE_POINT,false,23.572573144,0.0011116170004683147,2,9.973511262693273e-9,0,regional_composite_market,regional_composite_market,IND_IT_OTHER_SERVICES|IT,0.0011116170004683147,Y_IND_SK_REP_OFMA,9.973511262693273e-9,,0.5,2.0,1.0,1.0,0.5,2.0,0.02,0.01,0.02,direct_target,1,false
sensitivity_529,continuation_trial,virgin_metal_tax_tax_0_015,virgin_metal_tax,0.015,LOCALLY_INFEASIBLE,INFEASIBLE_POINT,true,20.934773543,0.0007942834203559235,0,0.0,0,material_composite_production_REU,eqpzs,IND_REU_NEW_ELMA,0.0007942834203559235,EOL_FLOW_EOL_DE_ELMA_INC,0.0,,0.5,2.0,1.0,1.0,0.5,2.0,0.02,0.01,0.015,continuation_trial,2,true
sensitivity_529,continuation_trial,virgin_metal_tax_tax_0_02,virgin_metal_tax,0.02,LOCALLY_INFEASIBLE,INFEASIBLE_POINT,false,23.93033335,0.0010468085568927643,1,0.0,0,material_composite_production_REU,eqpzs,IND_REU_NEW_ELMA,0.0010468085568927643,EOL_FLOW_EOL_DE_ELMA_INC,0.0,,0.5,2.0,1.0,1.0,0.5,2.0,0.02,0.015,0.02,continuation_trial,3,false
sensitivity_529,continuation_trial,virgin_metal_tax_tax_0_0175,virgin_metal_tax,0.0175,LOCALLY_INFEASIBLE,INFEASIBLE_POINT,true,17.752002501,0.0009208004005494264,0,0.0,0,material_composite_production_REU,eqpzs,IND_REU_NEW_ELMA,0.0009208004005494264,EOL_FLOW_EOL_DE_ELMA_INC,0.0,,0.5,2.0,1.0,1.0,0.5,2.0,0.02,0.015,0.0175,continuation_trial,4,true
sensitivity_529,continuation_trial,virgin_metal_tax_tax_0_02,virgin_metal_tax,0.02,LOCALLY_INFEASIBLE,INFEASIBLE_POINT,false,20.771081751,0.0010542829059959624,1,0.0,0,material_composite_production_REU,eqpzs,IND_REU_NEW_ELMA,0.0010542829059959624,EOL_FLOW_EOL_DE_ELMA_INC,0.0,,0.5,2.0,1.0,1.0,0.5,2.0,0.02,0.0175,0.02,continuation_trial,5,false
sensitivity_529,continuation_trial,virgin_metal_tax_tax_0_018750000000000003,virgin_metal_tax,0.018750000000000003,LOCALLY_INFEASIBLE,INFEASIBLE_POINT,false,14.520931728,0.0010106718186484454,1,9.986438388199337e-9,0,material_composite_production_REU,eqpzs,IND_REU_NEW_ELMA,0.0010106718186484454,Y_IND_SK_REP_OFMA,9.986438388199337e-9,,0.5,2.0,1.0,1.0,0.5,2.0,0.02,0.0175,0.018750000000000003,continuation_trial,6,false
sensitivity_529,continuation_trial,virgin_metal_tax_tax_0_018125000000000002,virgin_metal_tax,0.018125000000000002,LOCALLY_INFEASIBLE,INFEASIBLE_POINT,true,15.651161888,0.0009650567389785092,0,0.0,0,material_composite_production_REU,eqpzs,IND_REU_NEW_ELMA,0.0009650567389785092,EOL_FLOW_EOL_DE_ELMA_INC,0.0,,0.5,2.0,1.0,1.0,0.5,2.0,0.02,0.0175,0.018125000000000002,continuation_trial,7,true
sensitivity_529,continuation_trial,virgin_metal_tax_tax_0_019375000000000003,virgin_metal_tax,0.019375000000000003,LOCALLY_INFEASIBLE,INFEASIBLE_POINT,false,13.581122539,0.0010360235302037113,1,8.442617671165513e-9,0,material_composite_production_REU,eqpzs,IND_REU_NEW_ELMA,0.0010360235302037113,Y_IND_SK_REP_OFMA,8.442617671165513e-9,,0.5,2.0,1.0,1.0,0.5,2.0,0.02,0.018125000000000002,0.019375000000000003,continuation_trial,8,false
sensitivity_529,continuation_trial,virgin_metal_tax_tax_0_018750000000000003,virgin_metal_tax,0.018750000000000003,LOCALLY_INFEASIBLE,INFEASIBLE_POINT,false,10.079339717,0.001000813461292882,1,8.076067948747314e-9,0,material_composite_production_REU,eqpzs,IND_REU_NEW_ELMA,0.001000813461292882,Y_IND_SK_REP_OFMA,8.076067948747314e-9,,0.5,2.0,1.0,1.0,0.5,2.0,0.02,0.018125000000000002,0.018750000000000003,continuation_trial,9,false
sensitivity_529,continuation_trial,virgin_metal_tax_tax_0_018437500000000002,virgin_metal_tax,0.018437500000000002,LOCALLY_INFEASIBLE,INFEASIBLE_POINT,true,11.798839986,0.0009814676271060474,0,0.0,0,material_composite_production_REU,eqpzs,IND_REU_NEW_ELMA,0.0009814676271060474,EOL_FLOW_EOL_DE_ELMA_INC,0.0,,0.5,2.0,1.0,1.0,0.5,2.0,0.02,0.018125000000000002,0.018437500000000002,continuation_trial,10,true
sensitivity_529,continuation_trial,virgin_metal_tax_tax_0_019062500000000003,virgin_metal_tax,0.019062500000000003,LOCALLY_INFEASIBLE,INFEASIBLE_POINT,false,10.983943583,0.0010113058071100633,1,0.0,0,material_composite_production_REU,eqpzs,IND_REU_NEW_ELMA,0.0010113058071100633,EOL_FLOW_EOL_DE_ELMA_INC,0.0,,0.5,2.0,1.0,1.0,0.5,2.0,0.02,0.018437500000000002,0.019062500000000003,continuation_trial,11,false
sensitivity_529,continuation_trial,virgin_metal_tax_tax_0_018750000000000003,virgin_metal_tax,0.018750000000000003,LOCALLY_INFEASIBLE,INFEASIBLE_POINT,true,13.581026201,0.000998619324923955,0,0.0,0,material_composite_production_REU,eqpzs,IND_REU_NEW_ELMA,0.000998619324923955,EOL_FLOW_EOL_DE_ELMA_INC,0.0,,0.5,2.0,1.0,1.0,0.5,2.0,0.02,0.018437500000000002,0.018750000000000003,continuation_trial,12,true
sensitivity_529,continuation_trial,virgin_metal_tax_tax_0_019375000000000003,virgin_metal_tax,0.019375000000000003,LOCALLY_INFEASIBLE,INFEASIBLE_POINT,false,11.59779307,0.001037835673413423,1,0.0,0,material_composite_production_REU,eqpzs,IND_REU_NEW_ELMA,0.001037835673413423,EOL_FLOW_EOL_DE_ELMA_INC,0.0,,0.5,2.0,1.0,1.0,0.5,2.0,0.02,0.018750000000000003,0.019375000000000003,continuation_trial,13,false
sensitivity_529,continuation_trial,virgin_metal_tax_tax_0_019062500000000003,virgin_metal_tax,0.019062500000000003,LOCALLY_INFEASIBLE,INFEASIBLE_POINT,false,10.308266932,0.001016157793654382,1,0.0,0,material_composite_production_REU,eqpzs,IND_REU_NEW_ELMA,0.001016157793654382,EOL_FLOW_EOL_DE_ELMA_INC,0.0,,0.5,2.0,1.0,1.0,0.5,2.0,0.02,0.018750000000000003,0.019062500000000003,continuation_trial,14,false
sensitivity_529,continuation_trial,virgin_metal_tax_tax_0_018906250000000003,virgin_metal_tax,0.018906250000000003,LOCALLY_INFEASIBLE,INFEASIBLE_POINT,false,14.35080967,0.0010010306412144843,1,0.0,0,material_composite_production_REU,eqpzs,IND_REU_NEW_ELMA,0.0010010306412144843,EOL_FLOW_EOL_DE_ELMA_INC,0.0,,0.5,2.0,1.0,1.0,0.5,2.0,0.02,0.018750000000000003,0.018906250000000003,continuation_trial,15,false
sensitivity_529,continuation_trial,virgin_metal_tax_tax_0_018828125,virgin_metal_tax,0.018828125,LOCALLY_INFEASIBLE,INFEASIBLE_POINT,true,9.493922781,0.000989448235820145,0,0.0,0,material_composite_production_REU,eqpzs,IND_REU_NEW_ELMA,0.000989448235820145,EOL_FLOW_EOL_DE_ELMA_INC,0.0,,0.5,2.0,1.0,1.0,0.5,2.0,0.02,0.018750000000000003,0.018828125,continuation_trial,16,true
sensitivity_529,continuation_trial,virgin_metal_tax_tax_0_018984375,virgin_metal_tax,0.018984375,LOCALLY_INFEASIBLE,INFEASIBLE_POINT,false,10.989437543,0.0010114807218747357,1,0.0,0,material_composite_production_REU,eqpzs,IND_REU_NEW_ELMA,0.0010114807218747357,EOL_FLOW_EOL_DE_ELMA_INC,0.0,,0.5,2.0,1.0,1.0,0.5,2.0,0.02,0.018828125,0.018984375,continuation_trial,17,false
sensitivity_529,continuation_trial,virgin_metal_tax_tax_0_01890625,virgin_metal_tax,0.01890625,LOCALLY_INFEASIBLE,INFEASIBLE_POINT,true,9.35799063,0.0009993553479049622,0,0.0,0,material_composite_production_REU,eqpzs,IND_REU_NEW_ELMA,0.0009993553479049622,EOL_FLOW_EOL_DE_ELMA_INC,0.0,,0.5,2.0,1.0,1.0,0.5,2.0,0.02,0.018828125,0.01890625,continuation_trial,18,true
sensitivity_529,continuation_trial,virgin_metal_tax_tax_0_0190625,virgin_metal_tax,0.0190625,LOCALLY_INFEASIBLE,INFEASIBLE_POINT,false,9.06218993,0.0010095782849802726,1,4.984043979608609e-9,0,material_composite_production_REU,eqpzs,IND_REU_NEW_ELMA,0.0010095782849802726,Y_IND_SK_REP_OFMA,4.984043979608609e-9,,0.5,2.0,1.0,1.0,0.5,2.0,0.02,0.01890625,0.0190625,continuation_trial,19,false
sensitivity_529,continuation_trial,virgin_metal_tax_tax_0_018984374999999998,virgin_metal_tax,0.018984374999999998,LOCALLY_INFEASIBLE,INFEASIBLE_POINT,true,10.726577289,0.0009695875466768644,0,0.0,0,material_composite_production_REU,eqpzs,IND_REU_NEW_ELMA,0.0009695875466768644,EOL_FLOW_EOL_DE_ELMA_INC,0.0,,0.5,2.0,1.0,1.0,0.5,2.0,0.02,0.01890625,0.018984374999999998,continuation_trial,20,true
sensitivity_529,continuation_trial,virgin_metal_tax_tax_0_019140624999999998,virgin_metal_tax,0.019140624999999998,LOCALLY_INFEASIBLE,INFEASIBLE_POINT,false,14.908641249,0.0010091942679288923,1,3.2972217394390245e-9,0,material_composite_production_REU,eqpzs,IND_REU_NEW_ELMA,0.0010091942679288923,Y_IND_SK_REP_OFMA,3.2972217394390245e-9,,0.5,2.0,1.0,1.0,0.5,2.0,0.02,0.018984374999999998,0.019140624999999998,continuation_trial,21,false
sensitivity_529,continuation_trial,virgin_metal_tax_tax_0_019062499999999996,virgin_metal_tax,0.019062499999999996,LOCALLY_INFEASIBLE,INFEASIBLE_POINT,false,8.743701412,0.001008922513253463,1,0.0,0,material_composite_production_REU,eqpzs,IND_REU_NEW_ELMA,0.001008922513253463,EOL_FLOW_EOL_DE_ELMA_INC,0.0,,0.5,2.0,1.0,1.0,0.5,2.0,0.02,0.018984374999999998,0.019062499999999996,continuation_trial,22,false
sensitivity_529,continuation_trial,virgin_metal_tax_tax_0_019023437499999997,virgin_metal_tax,0.019023437499999997,LOCALLY_INFEASIBLE,INFEASIBLE_POINT,false,9.787175052,0.001005805751920219,1,0.0,0,material_composite_production_REU,eqpzs,IND_REU_NEW_ELMA,0.001005805751920219,EOL_FLOW_EOL_DE_ELMA_INC,0.0,,0.5,2.0,1.0,1.0,0.5,2.0,0.02,0.018984374999999998,0.019023437499999997,continuation_trial,23,false
sensitivity_529,predictor_target,virgin_metal_tax_tax_0_02,virgin_metal_tax,0.02,LOCALLY_INFEASIBLE,INFEASIBLE_POINT,false,7.512424515,0.001069294273530641,1,9.99937292268708e-9,0,material_composite_production_SK,eqpzs,IND_SK_NEW_ELMA,0.001069294273530641,Y_IND_SK_REP_OFMA,9.99937292268708e-9,,0.5,2.0,1.0,1.0,0.5,2.0,0.02,0.018984374999999998,0.02,predictor_target,24,false
sensitivity_529,baseline,baseline,,0.0,ALMOST_LOCALLY_SOLVED,NEARLY_FEASIBLE_POINT,true,3.018384467,4.987753677854201e-7,0,0.0,0,observed_physical_flow_links,quantity_link,physical_SK_OFMA_REP_route_input_mass,4.987753677854201e-7,EOL_FLOW_EOL_DE_ELMA_INC,0.0,,0.5,2.0,1.0,1.0,0.5,2.0,0.0,0.0,0.0,baseline,1,true
sensitivity_536,direct_target,virgin_metal_tax_tax_0_0025,virgin_metal_tax,0.0025,LOCALLY_INFEASIBLE,INFEASIBLE_POINT,true,14.566445935,0.000125076341947028,0,0.0,0,material_composite_production_REU,eqpzs,IND_REU_NEW_ELMA,0.000125076341947028,EOL_FLOW_EOL_DE_ELMA_INC,0.0,,1.0,1.0,2.0,1.0,0.5,2.0,0.0025,0.0,0.0025,direct_target,1,true
sensitivity_536,direct_target,virgin_metal_tax_tax_0_005,virgin_metal_tax,0.005,LOCALLY_INFEASIBLE,INFEASIBLE_POINT,false,93.735708561,0.002983892280654654,1,0.0,0,observed_physical_flow_links,quantity_link,physical_SK_OFMA_REP_route_input_mass,0.002983892280654654,EOL_FLOW_EOL_DE_ELMA_INC,0.0,,1.0,1.0,2.0,1.0,0.5,2.0,0.005,0.0025,0.005,direct_target,1,false
sensitivity_536,continuation_trial,virgin_metal_tax_tax_0_00375,virgin_metal_tax,0.00375,LOCALLY_INFEASIBLE,INFEASIBLE_POINT,true,12.162764843,0.0009018718685520627,0,0.0,0,regional_composite_market,regional_composite_market,IND_IT_OTHER_SERVICES|IT,0.0009018718685520627,EOL_FLOW_EOL_DE_ELMA_INC,0.0,,1.0,1.0,2.0,1.0,0.5,2.0,0.005,0.0025,0.00375,continuation_trial,2,true
sensitivity_536,continuation_trial,virgin_metal_tax_tax_0_005,virgin_metal_tax,0.005,LOCALLY_INFEASIBLE,INFEASIBLE_POINT,false,10.603184735,0.002878340467308417,1,0.0,0,regional_composite_market,regional_composite_market,IND_IT_OTHER_SERVICES|IT,0.002878340467308417,EOL_FLOW_EOL_DE_ELMA_INC,0.0,,1.0,1.0,2.0,1.0,0.5,2.0,0.005,0.00375,0.005,continuation_trial,3,false
sensitivity_536,continuation_trial,virgin_metal_tax_tax_0_004375,virgin_metal_tax,0.004375,LOCALLY_INFEASIBLE,INFEASIBLE_POINT,false,8.676036534,0.0010505511014305066,1,8.78917218641807e-9,0,regional_composite_market,regional_composite_market,IND_IT_OTHER_SERVICES|IT,0.0010505511014305066,F_FAC_SK_LAB_IND_SK_REP_OFMA,8.78917218641807e-9,,1.0,1.0,2.0,1.0,0.5,2.0,0.005,0.00375,0.004375,continuation_trial,4,false
sensitivity_536,continuation_trial,virgin_metal_tax_tax_0_0040625,virgin_metal_tax,0.0040625,LOCALLY_INFEASIBLE,INFEASIBLE_POINT,true,8.191450235,0.0009047351747501481,0,0.0,0,regional_composite_market,regional_composite_market,IND_IT_OTHER_SERVICES|IT,0.0009047351747501481,EOL_FLOW_EOL_DE_ELMA_INC,0.0,,1.0,1.0,2.0,1.0,0.5,2.0,0.005,0.00375,0.0040625,continuation_trial,5,true
sensitivity_536,continuation_trial,virgin_metal_tax_tax_0_004687500000000001,virgin_metal_tax,0.004687500000000001,LOCALLY_INFEASIBLE,INFEASIBLE_POINT,false,14.165203835,0.0013551356489422543,1,0.0,0,regional_composite_market,regional_composite_market,IND_IT_OTHER_SERVICES|IT,0.0013551356489422543,EOL_FLOW_EOL_DE_ELMA_INC,0.0,,1.0,1.0,2.0,1.0,0.5,2.0,0.005,0.0040625,0.004687500000000001,continuation_trial,6,false
sensitivity_536,continuation_trial,virgin_metal_tax_tax_0_004375,virgin_metal_tax,0.004375,LOCALLY_INFEASIBLE,INFEASIBLE_POINT,true,17.235970902,0.0009021614660465806,0,0.0,0,regional_composite_market,regional_composite_market,IND_IT_OTHER_SERVICES|IT,0.0009021614660465806,EOL_FLOW_EOL_DE_ELMA_INC,0.0,,1.0,1.0,2.0,1.0,0.5,2.0,0.005,0.0040625,0.004375,continuation_trial,7,true
sensitivity_536,continuation_trial,virgin_metal_tax_tax_0_005,virgin_metal_tax,0.005,ALMOST_LOCALLY_SOLVED,NEARLY_FEASIBLE_POINT,true,6.155266521,0.0009077536709880279,0,0.0,0,regional_composite_market,regional_composite_market,IND_IT_OTHER_SERVICES|IT,0.0009077536709880279,EOL_FLOW_EOL_DE_ELMA_INC,0.0,,1.0,1.0,2.0,1.0,0.5,2.0,0.005,0.004375,0.005,continuation_trial,8,true
sensitivity_536,direct_target,virgin_metal_tax_tax_0_01,virgin_metal_tax,0.01,LOCALLY_INFEASIBLE,INFEASIBLE_POINT,true,22.606812318,0.0009638575297387751,0,0.0,0,regional_composite_market,regional_composite_market,IND_IT_OTHER_SERVICES|IT,0.0009638575297387751,EOL_FLOW_EOL_DE_ELMA_INC,0.0,,1.0,1.0,2.0,1.0,0.5,2.0,0.01,0.005,0.01,direct_target,1,true
sensitivity_536,direct_target,virgin_metal_tax_tax_0_02,virgin_metal_tax,0.02,LOCALLY_INFEASIBLE,INFEASIBLE_POINT,false,16.554229459,0.0010703032085003167,2,0.0,0,common_eu_trade,eu_cet_quantity,NEW_ELMA|SK,0.0010703032085003167,EOL_FLOW_EOL_DE_ELMA_INC,0.0,,1.0,1.0,2.0,1.0,0.5,2.0,0.02,0.01,0.02,direct_target,1,false
sensitivity_536,continuation_trial,virgin_metal_tax_tax_0_015,virgin_metal_tax,0.015,TIME_LIMIT,NEARLY_FEASIBLE_POINT,false,124.941551246,0.11650964021718364,6,0.0,0,eu_wide_eol_allocation,eol_activity_availability,IND_DE_INC_EE,0.11650964021718364,EOL_FLOW_EOL_DE_ELMA_INC,0.0,,1.0,1.0,2.0,1.0,0.5,2.0,0.02,0.01,0.015,continuation_trial,2,false
sensitivity_536,continuation_trial,virgin_metal_tax_tax_0_0125,virgin_metal_tax,0.0125,LOCALLY_INFEASIBLE,INFEASIBLE_POINT,true,10.808750766,0.0009692768313590241,0,0.0,0,regional_composite_market,regional_composite_market,IND_IT_OTHER_SERVICES|IT,0.0009692768313590241,EOL_FLOW_EOL_DE_ELMA_INC,0.0,,1.0,1.0,2.0,1.0,0.5,2.0,0.02,0.01,0.0125,continuation_trial,3,true
sensitivity_536,continuation_trial,virgin_metal_tax_tax_0_0175,virgin_metal_tax,0.0175,LOCALLY_INFEASIBLE,INFEASIBLE_POINT,false,18.38261754,0.001627911218468041,1,0.0,0,regional_composite_market,regional_composite_market,IND_IT_OTHER_SERVICES|IT,0.001627911218468041,EOL_FLOW_EOL_DE_ELMA_INC,0.0,,1.0,1.0,2.0,1.0,0.5,2.0,0.02,0.0125,0.0175,continuation_trial,4,false
sensitivity_536,continuation_trial,virgin_metal_tax_tax_0_015000000000000001,virgin_metal_tax,0.015000000000000001,LOCALLY_INFEASIBLE,INFEASIBLE_POINT,true,14.046203952,0.0009696897907835214,0,0.0,0,regional_composite_market,regional_composite_market,IND_IT_OTHER_SERVICES|IT,0.0009696897907835214,EOL_FLOW_EOL_DE_ELMA_INC,0.0,,1.0,1.0,2.0,1.0,0.5,2.0,0.02,0.0125,0.015000000000000001,continuation_trial,5,true
sensitivity_536,continuation_trial,virgin_metal_tax_tax_0_02,virgin_metal_tax,0.02,LOCALLY_INFEASIBLE,INFEASIBLE_POINT,false,26.231068412,0.001570368222868759,2,0.0,0,regional_composite_market,regional_composite_market,IND_IT_OTHER_SERVICES|IT,0.001570368222868759,EOL_FLOW_EOL_DE_ELMA_INC,0.0,,1.0,1.0,2.0,1.0,0.5,2.0,0.02,0.015000000000000001,0.02,continuation_trial,6,false
sensitivity_536,continuation_trial,virgin_metal_tax_tax_0_0175,virgin_metal_tax,0.0175,LOCALLY_INFEASIBLE,INFEASIBLE_POINT,false,30.886342712,0.020977690582355102,2,0.0,0,observed_physical_flow_links,quantity_link,physical_SK_OFMA_REP_route_input_mass,0.020977690582355102,EOL_FLOW_EOL_DE_ELMA_INC,0.0,,1.0,1.0,2.0,1.0,0.5,2.0,0.02,0.015000000000000001,0.0175,continuation_trial,7,false
sensitivity_536,continuation_trial,virgin_metal_tax_tax_0_01625,virgin_metal_tax,0.01625,LOCALLY_INFEASIBLE,INFEASIBLE_POINT,true,18.657062972,0.00097122851738827,0,0.0,0,regional_composite_market,regional_composite_market,IND_IT_OTHER_SERVICES|IT,0.00097122851738827,EOL_FLOW_EOL_DE_ELMA_INC,0.0,,1.0,1.0,2.0,1.0,0.5,2.0,0.02,0.015000000000000001,0.01625,continuation_trial,8,true
sensitivity_536,continuation_trial,virgin_metal_tax_tax_0_01875,virgin_metal_tax,0.01875,LOCALLY_INFEASIBLE,INFEASIBLE_POINT,false,20.732988703,0.0010196095211527892,1,0.0,0,common_eu_trade,eu_cet_quantity,NEW_ELMA|SK,0.0010196095211527892,EOL_FLOW_EOL_DE_ELMA_INC,0.0,,1.0,1.0,2.0,1.0,0.5,2.0,0.02,0.01625,0.01875,continuation_trial,9,false
sensitivity_536,continuation_trial,virgin_metal_tax_tax_0_0175,virgin_metal_tax,0.0175,LOCALLY_INFEASIBLE,INFEASIBLE_POINT,true,13.267591608,0.0009723704001354917,0,0.0,0,regional_composite_market,regional_composite_market,IND_IT_OTHER_SERVICES|IT,0.0009723704001354917,EOL_FLOW_EOL_DE_ELMA_INC,0.0,,1.0,1.0,2.0,1.0,0.5,2.0,0.02,0.01625,0.0175,continuation_trial,10,true
sensitivity_536,continuation_trial,virgin_metal_tax_tax_0_02,virgin_metal_tax,0.02,LOCALLY_INFEASIBLE,INFEASIBLE_POINT,false,70.876634984,0.006937011464047127,2,0.0,0,observed_physical_flow_links,quantity_link,physical_SK_OFMA_REP_route_input_mass,0.006937011464047127,EOL_FLOW_EOL_DE_ELMA_INC,0.0,,1.0,1.0,2.0,1.0,0.5,2.0,0.02,0.0175,0.02,continuation_trial,11,false
sensitivity_536,continuation_trial,virgin_metal_tax_tax_0_018750000000000003,virgin_metal_tax,0.018750000000000003,LOCALLY_INFEASIBLE,INFEASIBLE_POINT,true,16.558701101,0.0009889921126853966,0,0.0,0,regional_composite_market,regional_composite_market,IND_IT_OTHER_SERVICES|IT,0.0009889921126853966,EOL_FLOW_EOL_DE_ELMA_INC,0.0,,1.0,1.0,2.0,1.0,0.5,2.0,0.02,0.0175,0.018750000000000003,continuation_trial,12,true
sensitivity_536,continuation_trial,virgin_metal_tax_tax_0_02,virgin_metal_tax,0.02,LOCALLY_INFEASIBLE,INFEASIBLE_POINT,false,35.112500252,0.033447735865616335,3,0.0,0,observed_physical_flow_links,quantity_link,physical_SK_OFMA_REP_route_input_mass,0.033447735865616335,EOL_FLOW_EOL_DE_ELMA_INC,0.0,,1.0,1.0,2.0,1.0,0.5,2.0,0.02,0.018750000000000003,0.02,continuation_trial,13,false
sensitivity_536,continuation_trial,virgin_metal_tax_tax_0_019375000000000003,virgin_metal_tax,0.019375000000000003,LOCALLY_INFEASIBLE,INFEASIBLE_POINT,false,73.232212898,0.004731977876023308,2,0.0,0,observed_physical_flow_links,quantity_link,physical_SK_OFMA_REP_route_input_mass,0.004731977876023308,EOL_FLOW_EOL_DE_ELMA_INC,0.0,,1.0,1.0,2.0,1.0,0.5,2.0,0.02,0.018750000000000003,0.019375000000000003,continuation_trial,14,false
sensitivity_536,continuation_trial,virgin_metal_tax_tax_0_019062500000000003,virgin_metal_tax,0.019062500000000003,LOCALLY_INFEASIBLE,INFEASIBLE_POINT,false,26.283171801,0.3984801242423217,8,0.0,0,observed_physical_flow_links,quantity_link,physical_SK_OFMA_REP_route_input_mass,0.3984801242423217,EOL_FLOW_EOL_DE_ELMA_INC,0.0,,1.0,1.0,2.0,1.0,0.5,2.0,0.02,0.018750000000000003,0.019062500000000003,continuation_trial,15,false
sensitivity_536,continuation_trial,virgin_metal_tax_tax_0_018906250000000003,virgin_metal_tax,0.018906250000000003,LOCALLY_INFEASIBLE,INFEASIBLE_POINT,false,10.117001165,0.0010086313908163514,1,0.0,0,common_eu_trade,eu_cet_quantity,NEW_ELMA|SK,0.0010086313908163514,EOL_FLOW_EOL_DE_ELMA_INC,0.0,,1.0,1.0,2.0,1.0,0.5,2.0,0.02,0.018750000000000003,0.018906250000000003,continuation_trial,16,false
sensitivity_536,continuation_trial,virgin_metal_tax_tax_0_018828125,virgin_metal_tax,0.018828125,LOCALLY_INFEASIBLE,INFEASIBLE_POINT,false,19.068052085,0.0032363671032656915,1,0.0,0,observed_physical_flow_links,quantity_link,physical_SK_OFMA_REP_route_input_mass,0.0032363671032656915,EOL_FLOW_EOL_DE_ELMA_INC,0.0,,1.0,1.0,2.0,1.0,0.5,2.0,0.02,0.018750000000000003,0.018828125,continuation_trial,17,false
sensitivity_536,continuation_trial,virgin_metal_tax_tax_0_018789062500000002,virgin_metal_tax,0.018789062500000002,LOCALLY_INFEASIBLE,INFEASIBLE_POINT,false,9.425801402,0.0010423508065391341,2,0.0,0,common_eu_trade,eu_cet_quantity,NEW_ELMA|SK,0.0010423508065391341,EOL_FLOW_EOL_DE_ELMA_INC,0.0,,1.0,1.0,2.0,1.0,0.5,2.0,0.02,0.018750000000000003,0.018789062500000002,continuation_trial,18,false
sensitivity_536,predictor_target,virgin_metal_tax_tax_0_02,virgin_metal_tax,0.02,INVALID_MODEL,FEASIBLE_POINT,false,2.768885448,0.2902170487101964,27,0.0,0,regional_government_demand,regional_output_tax,IND_SK_EXTRACTIVE|SK,0.2902170487101964,EOL_FLOW_EOL_DE_ELMA_INC,0.0,,1.0,1.0,2.0,1.0,0.5,2.0,0.02,0.018750000000000003,0.02,predictor_target,19,false
sensitivity_536,baseline,baseline,,0.0,ALMOST_LOCALLY_SOLVED,NEARLY_FEASIBLE_POINT,true,3.719992075,4.878793745666243e-7,0,0.0,0,observed_physical_flow_links,quantity_link,physical_SK_OFMA_REP_route_input_mass,4.878793745666243e-7,EOL_FLOW_EOL_DE_ELMA_INC,0.0,,1.0,1.0,2.0,1.0,0.5,2.0,0.0,0.0,0.0,baseline,1,true
sensitivity_547,direct_target,virgin_metal_tax_tax_0_0025,virgin_metal_tax,0.0025,LOCALLY_INFEASIBLE,INFEASIBLE_POINT,true,10.196037801,0.0001324310897055092,0,0.0,0,material_composite_production_REU,eqpzs,IND_REU_NEW_ELMA,0.0001324310897055092,EOL_FLOW_EOL_DE_ELMA_INC,0.0,,0.5,2.0,0.5,2.0,0.5,2.0,0.0025,0.0,0.0025,direct_target,1,true
sensitivity_547,direct_target,virgin_metal_tax_tax_0_005,virgin_metal_tax,0.005,LOCALLY_INFEASIBLE,INFEASIBLE_POINT,false,39.857001798,0.0033181279812559694,1,0.0,0,observed_physical_flow_links,quantity_link,physical_SK_OFMA_REP_route_input_mass,0.0033181279812559694,EOL_FLOW_EOL_DE_ELMA_INC,0.0,,0.5,2.0,0.5,2.0,0.5,2.0,0.005,0.0025,0.005,direct_target,1,false
sensitivity_547,continuation_trial,virgin_metal_tax_tax_0_00375,virgin_metal_tax,0.00375,LOCALLY_INFEASIBLE,INFEASIBLE_POINT,false,51.744250536,0.0023376011022100407,1,0.0,0,observed_physical_flow_links,quantity_link,physical_SK_OFMA_REP_route_input_mass,0.0023376011022100407,EOL_FLOW_EOL_DE_ELMA_INC,0.0,,0.5,2.0,0.5,2.0,0.5,2.0,0.005,0.0025,0.00375,continuation_trial,2,false
sensitivity_547,continuation_trial,virgin_metal_tax_tax_0_003125,virgin_metal_tax,0.003125,LOCALLY_INFEASIBLE,INFEASIBLE_POINT,true,12.876052638,0.00016810122319010912,0,0.0,0,material_composite_production_REU,eqpzs,IND_REU_NEW_ELMA,0.00016810122319010912,EOL_FLOW_EOL_DE_ELMA_INC,0.0,,0.5,2.0,0.5,2.0,0.5,2.0,0.005,0.0025,0.003125,continuation_trial,3,true
sensitivity_547,continuation_trial,virgin_metal_tax_tax_0_004375,virgin_metal_tax,0.004375,LOCALLY_INFEASIBLE,INFEASIBLE_POINT,true,16.090127273,0.0004894170791363978,0,1.0284155389237717e-10,0,regional_composite_market,regional_composite_market,IND_IT_OTHER_SERVICES|IT,0.0004894170791363978,X_IND_SK_REP_OFMA_IND_SK_REP_OFMA,1.0284155389237717e-10,,0.5,2.0,0.5,2.0,0.5,2.0,0.005,0.003125,0.004375,continuation_trial,4,true
sensitivity_547,continuation_trial,virgin_metal_tax_tax_0_005,virgin_metal_tax,0.005,LOCALLY_INFEASIBLE,INFEASIBLE_POINT,true,15.784884581,0.0004995959364265678,0,0.0,0,regional_composite_market,regional_composite_market,IND_IT_OTHER_SERVICES|IT,0.0004995959364265678,EOL_FLOW_EOL_DE_ELMA_INC,0.0,,0.5,2.0,0.5,2.0,0.5,2.0,0.005,0.004375,0.005,continuation_trial,5,true
sensitivity_547,direct_target,virgin_metal_tax_tax_0_01,virgin_metal_tax,0.01,LOCALLY_INFEASIBLE,INFEASIBLE_POINT,true,16.22795097,0.0005158741582946824,0,0.0,0,material_composite_production_REU,eqpzs,IND_REU_NEW_ELMA,0.0005158741582946824,EOL_FLOW_EOL_DE_ELMA_INC,0.0,,0.5,2.0,0.5,2.0,0.5,2.0,0.01,0.005,0.01,direct_target,1,true
sensitivity_547,direct_target,virgin_metal_tax_tax_0_02,virgin_metal_tax,0.02,LOCALLY_INFEASIBLE,INFEASIBLE_POINT,false,21.453769009,0.0010654730865550244,1,0.0,0,material_composite_production_REU,eqpzs,IND_REU_NEW_ELMA,0.0010654730865550244,EOL_FLOW_EOL_DE_ELMA_INC,0.0,,0.5,2.0,0.5,2.0,0.5,2.0,0.02,0.01,0.02,direct_target,1,false
sensitivity_547,continuation_trial,virgin_metal_tax_tax_0_015,virgin_metal_tax,0.015,LOCALLY_INFEASIBLE,INFEASIBLE_POINT,false,62.829575979,0.004057124692920855,1,0.0,0,observed_physical_flow_links,quantity_link,physical_SK_OFMA_REP_route_input_mass,0.004057124692920855,EOL_FLOW_EOL_DE_ELMA_INC,0.0,,0.5,2.0,0.5,2.0,0.5,2.0,0.02,0.01,0.015,continuation_trial,2,false
sensitivity_547,continuation_trial,virgin_metal_tax_tax_0_0125,virgin_metal_tax,0.0125,LOCALLY_INFEASIBLE,INFEASIBLE_POINT,false,30.318780346,0.002155494324783621,1,0.0,0,regional_composite_market,regional_composite_market,IND_IT_OTHER_SERVICES|IT,0.002155494324783621,EOL_FLOW_EOL_DE_ELMA_INC,0.0,,0.5,2.0,0.5,2.0,0.5,2.0,0.02,0.01,0.0125,continuation_trial,3,false
sensitivity_547,continuation_trial,virgin_metal_tax_tax_0_01125,virgin_metal_tax,0.01125,LOCALLY_INFEASIBLE,INFEASIBLE_POINT,true,31.247428314,0.0005944408116896893,0,0.0,0,material_composite_production_REU,eqpzs,IND_REU_NEW_ELMA,0.0005944408116896893,EOL_FLOW_EOL_DE_ELMA_INC,0.0,,0.5,2.0,0.5,2.0,0.5,2.0,0.02,0.01,0.01125,continuation_trial,4,true
sensitivity_547,continuation_trial,virgin_metal_tax_tax_0_01375,virgin_metal_tax,0.01375,LOCALLY_INFEASIBLE,INFEASIBLE_POINT,false,29.756059533,0.00352512875216604,1,0.0,0,observed_physical_flow_links,quantity_link,physical_SK_OFMA_REP_route_input_mass,0.00352512875216604,EOL_FLOW_EOL_DE_ELMA_INC,0.0,,0.5,2.0,0.5,2.0,0.5,2.0,0.02,0.01125,0.01375,continuation_trial,5,false
sensitivity_547,continuation_trial,virgin_metal_tax_tax_0_012499999999999999,virgin_metal_tax,0.012499999999999999,LOCALLY_INFEASIBLE,INFEASIBLE_POINT,false,90.027715396,0.029892769449177497,2,0.0,0,eu_wide_eol_allocation,eol_activity_availability,IND_IT_INC_EE,0.029892769449177497,EOL_FLOW_EOL_DE_ELMA_INC,0.0,,0.5,2.0,0.5,2.0,0.5,2.0,0.02,0.01125,0.012499999999999999,continuation_trial,6,false
sensitivity_547,continuation_trial,virgin_metal_tax_tax_0_011875,virgin_metal_tax,0.011875,LOCALLY_INFEASIBLE,INFEASIBLE_POINT,true,52.24291943,0.0006584770734988961,0,6.9486751632975534e-9,0,regional_composite_market,regional_composite_market,IND_IT_OTHER_SERVICES|IT,0.0006584770734988961,F_FAC_SK_LAB_IND_SK_REP_OFMA,6.9486751632975534e-9,,0.5,2.0,0.5,2.0,0.5,2.0,0.02,0.01125,0.011875,continuation_trial,7,true
sensitivity_547,continuation_trial,virgin_metal_tax_tax_0_013125,virgin_metal_tax,0.013125,LOCALLY_INFEASIBLE,INFEASIBLE_POINT,true,22.980050594,0.0006965451838344405,0,0.0,0,material_composite_production_REU,eqpzs,IND_REU_NEW_ELMA,0.0006965451838344405,EOL_FLOW_EOL_DE_ELMA_INC,0.0,,0.5,2.0,0.5,2.0,0.5,2.0,0.02,0.011875,0.013125,continuation_trial,8,true
sensitivity_547,continuation_trial,virgin_metal_tax_tax_0_015625,virgin_metal_tax,0.015625,LOCALLY_INFEASIBLE,INFEASIBLE_POINT,true,19.074481189,0.000837985848542,0,0.0,0,material_composite_production_REU,eqpzs,IND_REU_NEW_ELMA,0.000837985848542,EOL_FLOW_EOL_DE_ELMA_INC,0.0,,0.5,2.0,0.5,2.0,0.5,2.0,0.02,0.013125,0.015625,continuation_trial,9,true
sensitivity_547,continuation_trial,virgin_metal_tax_tax_0_02,virgin_metal_tax,0.02,LOCALLY_INFEASIBLE,INFEASIBLE_POINT,false,37.499418509,0.011039600993032472,3,0.0,0,observed_physical_flow_links,quantity_link,physical_SK_OFMA_REP_route_input_mass,0.011039600993032472,EOL_FLOW_EOL_DE_ELMA_INC,0.0,,0.5,2.0,0.5,2.0,0.5,2.0,0.02,0.015625,0.02,continuation_trial,10,false
sensitivity_547,continuation_trial,virgin_metal_tax_tax_0_017812500000000002,virgin_metal_tax,0.017812500000000002,TIME_LIMIT,NEARLY_FEASIBLE_POINT,false,125.151218213,0.03143393710260905,3,0.0,0,eu_wide_eol_allocation,eol_activity_availability,IND_FR_INC_EE,0.03143393710260905,EOL_FLOW_EOL_DE_ELMA_INC,0.0,,0.5,2.0,0.5,2.0,0.5,2.0,0.02,0.015625,0.017812500000000002,continuation_trial,11,false
sensitivity_547,continuation_trial,virgin_metal_tax_tax_0_01671875,virgin_metal_tax,0.01671875,LOCALLY_INFEASIBLE,INFEASIBLE_POINT,true,11.288001278,0.0008951299359073461,0,0.0,0,material_composite_production_REU,eqpzs,IND_REU_NEW_ELMA,0.0008951299359073461,EOL_FLOW_EOL_DE_ELMA_INC,0.0,,0.5,2.0,0.5,2.0,0.5,2.0,0.02,0.015625,0.01671875,continuation_trial,12,true
sensitivity_547,continuation_trial,virgin_metal_tax_tax_0_01890625,virgin_metal_tax,0.01890625,LOCALLY_INFEASIBLE,INFEASIBLE_POINT,false,29.25426152,0.0010202689784754027,1,0.0,0,material_composite_production_REU,eqpzs,IND_REU_NEW_ELMA,0.0010202689784754027,EOL_FLOW_EOL_DE_ELMA_INC,0.0,,0.5,2.0,0.5,2.0,0.5,2.0,0.02,0.01671875,0.01890625,continuation_trial,13,false
sensitivity_547,continuation_trial,virgin_metal_tax_tax_0_017812500000000002,virgin_metal_tax,0.017812500000000002,LOCALLY_INFEASIBLE,INFEASIBLE_POINT,true,18.729486216,0.000962155118120922,0,0.0,0,material_composite_production_REU,eqpzs,IND_REU_NEW_ELMA,0.000962155118120922,EOL_FLOW_EOL_DE_ELMA_INC,0.0,,0.5,2.0,0.5,2.0,0.5,2.0,0.02,0.01671875,0.017812500000000002,continuation_trial,14,true
sensitivity_547,continuation_trial,virgin_metal_tax_tax_0_02,virgin_metal_tax,0.02,LOCALLY_INFEASIBLE,INFEASIBLE_POINT,false,26.062806801,0.0010781878891790164,1,0.0,0,material_composite_production_REU,eqpzs,IND_REU_NEW_ELMA,0.0010781878891790164,EOL_FLOW_EOL_DE_ELMA_INC,0.0,,0.5,2.0,0.5,2.0,0.5,2.0,0.02,0.017812500000000002,0.02,continuation_trial,15,false
sensitivity_547,continuation_trial,virgin_metal_tax_tax_0_01890625,virgin_metal_tax,0.01890625,LOCALLY_INFEASIBLE,INFEASIBLE_POINT,false,31.961792581,0.0010208041726680328,1,9.770167219976942e-9,0,material_composite_production_REU,eqpzs,IND_REU_NEW_ELMA,0.0010208041726680328,F_FAC_SK_LAB_IND_SK_REP_OFMA,9.770167219976942e-9,,0.5,2.0,0.5,2.0,0.5,2.0,0.02,0.017812500000000002,0.01890625,continuation_trial,16,false
sensitivity_547,continuation_trial,virgin_metal_tax_tax_0_018359375,virgin_metal_tax,0.018359375,LOCALLY_INFEASIBLE,INFEASIBLE_POINT,true,12.352258396,0.0009865291408562848,0,0.0,0,material_composite_production_REU,eqpzs,IND_REU_NEW_ELMA,0.0009865291408562848,EOL_FLOW_EOL_DE_ELMA_INC,0.0,,0.5,2.0,0.5,2.0,0.5,2.0,0.02,0.017812500000000002,0.018359375,continuation_trial,17,true
sensitivity_547,continuation_trial,virgin_metal_tax_tax_0_019453125,virgin_metal_tax,0.019453125,LOCALLY_INFEASIBLE,INFEASIBLE_POINT,false,13.341400617,0.0010364240946330039,1,0.0,0,material_composite_production_REU,eqpzs,IND_REU_NEW_ELMA,0.0010364240946330039,EOL_FLOW_EOL_DE_ELMA_INC,0.0,,0.5,2.0,0.5,2.0,0.5,2.0,0.02,0.018359375,0.019453125,continuation_trial,18,false
sensitivity_547,continuation_trial,virgin_metal_tax_tax_0_01890625,virgin_metal_tax,0.01890625,LOCALLY_INFEASIBLE,INFEASIBLE_POINT,false,8.868463915,0.0010145148698100792,1,0.0,0,material_composite_production_REU,eqpzs,IND_REU_NEW_ELMA,0.0010145148698100792,EOL_FLOW_EOL_DE_ELMA_INC,0.0,,0.5,2.0,0.5,2.0,0.5,2.0,0.02,0.018359375,0.01890625,continuation_trial,19,false
sensitivity_547,continuation_trial,virgin_metal_tax_tax_0_018632812500000002,virgin_metal_tax,0.018632812500000002,LOCALLY_INFEASIBLE,INFEASIBLE_POINT,true,18.574336711,0.0009577177823480998,0,0.0,0,material_composite_production_REU,eqpzs,IND_REU_NEW_ELMA,0.0009577177823480998,EOL_FLOW_EOL_DE_ELMA_INC,0.0,,0.5,2.0,0.5,2.0,0.5,2.0,0.02,0.018359375,0.018632812500000002,continuation_trial,20,true
sensitivity_547,continuation_trial,virgin_metal_tax_tax_0_0191796875,virgin_metal_tax,0.0191796875,LOCALLY_INFEASIBLE,INFEASIBLE_POINT,true,9.414890128,0.0007937175469027169,0,0.0,0,material_composite_production_SK,eqpzs,IND_SK_NEW_ELMA,0.0007937175469027169,EOL_FLOW_EOL_DE_ELMA_INC,0.0,,0.5,2.0,0.5,2.0,0.5,2.0,0.02,0.018632812500000002,0.0191796875,continuation_trial,21,true
sensitivity_547,continuation_trial,virgin_metal_tax_tax_0_02,virgin_metal_tax,0.02,LOCALLY_INFEASIBLE,INFEASIBLE_POINT,false,20.900486084,0.0010649313237163227,1,0.0,0,material_composite_production_REU,eqpzs,IND_REU_NEW_ELMA,0.0010649313237163227,EOL_FLOW_EOL_DE_ELMA_INC,0.0,,0.5,2.0,0.5,2.0,0.5,2.0,0.02,0.0191796875,0.02,continuation_trial,22,false
sensitivity_547,continuation_trial,virgin_metal_tax_tax_0_019589843750000002,virgin_metal_tax,0.019589843750000002,LOCALLY_INFEASIBLE,INFEASIBLE_POINT,false,20.950451453,0.001040330062505368,1,0.0,0,material_composite_production_REU,eqpzs,IND_REU_NEW_ELMA,0.001040330062505368,EOL_FLOW_EOL_DE_ELMA_INC,0.0,,0.5,2.0,0.5,2.0,0.5,2.0,0.02,0.0191796875,0.019589843750000002,continuation_trial,23,false
sensitivity_547,continuation_trial,virgin_metal_tax_tax_0_019384765625,virgin_metal_tax,0.019384765625,LOCALLY_INFEASIBLE,INFEASIBLE_POINT,false,24.356296295,0.0010340338184798847,1,0.0,0,material_composite_production_REU,eqpzs,IND_REU_NEW_ELMA,0.0010340338184798847,EOL_FLOW_EOL_DE_ELMA_INC,0.0,,0.5,2.0,0.5,2.0,0.5,2.0,0.02,0.0191796875,0.019384765625,continuation_trial,24,false
sensitivity_547,continuation_trial,virgin_metal_tax_tax_0_0192822265625,virgin_metal_tax,0.0192822265625,LOCALLY_INFEASIBLE,INFEASIBLE_POINT,true,12.318759221,0.0009467697655145546,0,0.0,0,material_composite_production_REU,eqpzs,IND_REU_NEW_ELMA,0.0009467697655145546,EOL_FLOW_EOL_DE_ELMA_INC,0.0,,0.5,2.0,0.5,2.0,0.5,2.0,0.02,0.0191796875,0.0192822265625,continuation_trial,25,true
sensitivity_547,continuation_trial,virgin_metal_tax_tax_0_019487304687500002,virgin_metal_tax,0.019487304687500002,LOCALLY_INFEASIBLE,INFEASIBLE_POINT,false,21.823155638,0.00102679982196352,1,0.0,0,material_composite_production_REU,eqpzs,IND_REU_NEW_ELMA,0.00102679982196352,EOL_FLOW_EOL_DE_ELMA_INC,0.0,,0.5,2.0,0.5,2.0,0.5,2.0,0.02,0.0192822265625,0.019487304687500002,continuation_trial,26,false
sensitivity_547,continuation_trial,virgin_metal_tax_tax_0_019384765625,virgin_metal_tax,0.019384765625,LOCALLY_INFEASIBLE,INFEASIBLE_POINT,false,23.493443748,0.0010296847369805073,1,0.0,0,material_composite_production_REU,eqpzs,IND_REU_NEW_ELMA,0.0010296847369805073,EOL_FLOW_EOL_DE_ELMA_INC,0.0,,0.5,2.0,0.5,2.0,0.5,2.0,0.02,0.0192822265625,0.019384765625,continuation_trial,27,false
sensitivity_547,continuation_trial,virgin_metal_tax_tax_0_01933349609375,virgin_metal_tax,0.01933349609375,LOCALLY_INFEASIBLE,INFEASIBLE_POINT,false,11.561238898,0.0010082960874869817,1,0.0,0,material_composite_production_REU,eqpzs,IND_REU_NEW_ELMA,0.0010082960874869817,EOL_FLOW_EOL_DE_ELMA_INC,0.0,,0.5,2.0,0.5,2.0,0.5,2.0,0.02,0.0192822265625,0.01933349609375,continuation_trial,28,false
sensitivity_547,continuation_trial,virgin_metal_tax_tax_0_019307861328125002,virgin_metal_tax,0.019307861328125002,LOCALLY_INFEASIBLE,INFEASIBLE_POINT,false,20.439755074,0.0010231686446388055,1,0.0,0,material_composite_production_REU,eqpzs,IND_REU_NEW_ELMA,0.0010231686446388055,EOL_FLOW_EOL_DE_ELMA_INC,0.0,,0.5,2.0,0.5,2.0,0.5,2.0,0.02,0.0192822265625,0.019307861328125002,continuation_trial,29,false
sensitivity_547,predictor_target,virgin_metal_tax_tax_0_02,virgin_metal_tax,0.02,INVALID_MODEL,FEASIBLE_POINT,false,2.791243648,0.796865501038714,9,0.0,0,eu_wide_eol_allocation,eu_wide_eol_allocation,OFMA|EOL_SK_OFMA_REP,0.796865501038714,EOL_FLOW_EOL_DE_ELMA_INC,0.0,,0.5,2.0,0.5,2.0,0.5,2.0,0.02,0.0192822265625,0.02,predictor_target,30,false
sensitivity_547,baseline,baseline,,0.0,ALMOST_LOCALLY_SOLVED,NEARLY_FEASIBLE_POINT,true,2.032339497,5.082076914852962e-7,0,0.0,0,observed_physical_flow_links,quantity_link,physical_SK_OFMA_REP_route_input_mass,5.082076914852962e-7,EOL_FLOW_EOL_DE_ELMA_INC,0.0,,0.5,2.0,0.5,2.0,0.5,2.0,0.0,0.0,0.0,baseline,1,true
sensitivity_548,direct_target,virgin_metal_tax_tax_0_0025,virgin_metal_tax,0.0025,LOCALLY_INFEASIBLE,INFEASIBLE_POINT,true,15.004827188,0.00013355766785660972,0,0.0,0,material_composite_production_REU,eqpzs,IND_REU_NEW_ELMA,0.00013355766785660972,EOL_FLOW_EOL_DE_ELMA_INC,0.0,,1.0,2.0,0.5,2.0,0.5,2.0,0.0025,0.0,0.0025,direct_target,1,true
sensitivity_548,direct_target,virgin_metal_tax_tax_0_005,virgin_metal_tax,0.005,LOCALLY_INFEASIBLE,INFEASIBLE_POINT,true,28.72708704,0.00026296171645301403,0,0.0,0,material_composite_production_REU,eqpzs,IND_REU_NEW_ELMA,0.00026296171645301403,EOL_FLOW_EOL_DE_ELMA_INC,0.0,,1.0,2.0,0.5,2.0,0.5,2.0,0.005,0.0025,0.005,direct_target,1,true
sensitivity_548,direct_target,virgin_metal_tax_tax_0_01,virgin_metal_tax,0.01,LOCALLY_INFEASIBLE,INFEASIBLE_POINT,true,9.575647613,0.00052066101290138,0,0.0,0,material_composite_production_REU,eqpzs,IND_REU_NEW_ELMA,0.00052066101290138,EOL_FLOW_EOL_DE_ELMA_INC,0.0,,1.0,2.0,0.5,2.0,0.5,2.0,0.01,0.005,0.01,direct_target,1,true
sensitivity_548,direct_target,virgin_metal_tax_tax_0_02,virgin_metal_tax,0.02,LOCALLY_INFEASIBLE,INFEASIBLE_POINT,false,18.858418501,0.0010532899686203079,1,0.0,0,material_composite_production_REU,eqpzs,IND_REU_NEW_ELMA,0.0010532899686203079,EOL_FLOW_EOL_DE_ELMA_INC,0.0,,1.0,2.0,0.5,2.0,0.5,2.0,0.02,0.01,0.02,direct_target,1,false
sensitivity_548,continuation_trial,virgin_metal_tax_tax_0_015,virgin_metal_tax,0.015,LOCALLY_INFEASIBLE,INFEASIBLE_POINT,false,40.399260303,0.028955165768791424,1,0.0,0,observed_physical_flow_links,quantity_link,physical_SK_OFMA_REP_route_input_mass,0.028955165768791424,EOL_FLOW_EOL_DE_ELMA_INC,0.0,,1.0,2.0,0.5,2.0,0.5,2.0,0.02,0.01,0.015,continuation_trial,2,false
sensitivity_548,continuation_trial,virgin_metal_tax_tax_0_0125,virgin_metal_tax,0.0125,LOCALLY_INFEASIBLE,INFEASIBLE_POINT,true,25.316364024,0.0006617948943330454,0,0.0,0,material_composite_production_REU,eqpzs,IND_REU_NEW_ELMA,0.0006617948943330454,EOL_FLOW_EOL_DE_ELMA_INC,0.0,,1.0,2.0,0.5,2.0,0.5,2.0,0.02,0.01,0.0125,continuation_trial,3,true
sensitivity_548,continuation_trial,virgin_metal_tax_tax_0_0175,virgin_metal_tax,0.0175,LOCALLY_INFEASIBLE,INFEASIBLE_POINT,false,53.606264385,0.003547581552803769,1,0.0,0,observed_physical_flow_links,quantity_link,physical_SK_OFMA_REP_route_input_mass,0.003547581552803769,EOL_FLOW_EOL_DE_ELMA_INC,0.0,,1.0,2.0,0.5,2.0,0.5,2.0,0.02,0.0125,0.0175,continuation_trial,4,false
sensitivity_548,continuation_trial,virgin_metal_tax_tax_0_015000000000000001,virgin_metal_tax,0.015000000000000001,LOCALLY_INFEASIBLE,INFEASIBLE_POINT,true,36.051879128,0.0007728089985464814,0,0.0,0,material_composite_production_REU,eqpzs,IND_REU_NEW_ELMA,0.0007728089985464814,EOL_FLOW_EOL_DE_ELMA_INC,0.0,,1.0,2.0,0.5,2.0,0.5,2.0,0.02,0.0125,0.015000000000000001,continuation_trial,5,true
sensitivity_548,continuation_trial,virgin_metal_tax_tax_0_02,virgin_metal_tax,0.02,LOCALLY_INFEASIBLE,INFEASIBLE_POINT,false,34.206476798,0.0010674709416810257,1,0.0,0,material_composite_production_REU,eqpzs,IND_REU_NEW_ELMA,0.0010674709416810257,EOL_FLOW_EOL_DE_ELMA_INC,0.0,,1.0,2.0,0.5,2.0,0.5,2.0,0.02,0.015000000000000001,0.02,continuation_trial,6,false
sensitivity_548,continuation_trial,virgin_metal_tax_tax_0_0175,virgin_metal_tax,0.0175,LOCALLY_INFEASIBLE,INFEASIBLE_POINT,true,14.475835219,0.000937610814619183,0,0.0,0,material_composite_production_REU,eqpzs,IND_REU_NEW_ELMA,0.000937610814619183,EOL_FLOW_EOL_DE_ELMA_INC,0.0,,1.0,2.0,0.5,2.0,0.5,2.0,0.02,0.015000000000000001,0.0175,continuation_trial,7,true
sensitivity_548,continuation_trial,virgin_metal_tax_tax_0_02,virgin_metal_tax,0.02,LOCALLY_INFEASIBLE,INFEASIBLE_POINT,false,33.643145599,0.0010017477562141996,1,0.0,0,material_composite_production_REU,eqpzs,IND_REU_NEW_ELMA,0.0010017477562141996,EOL_FLOW_EOL_DE_ELMA_INC,0.0,,1.0,2.0,0.5,2.0,0.5,2.0,0.02,0.0175,0.02,continuation_trial,8,false
sensitivity_548,continuation_trial,virgin_metal_tax_tax_0_018750000000000003,virgin_metal_tax,0.018750000000000003,LOCALLY_INFEASIBLE,INFEASIBLE_POINT,false,50.397854587,0.11792655765340476,1,0.0,0,observed_physical_flow_links,quantity_link,physical_SK_OFMA_REP_route_input_mass,0.11792655765340476,EOL_FLOW_EOL_DE_ELMA_INC,0.0,,1.0,2.0,0.5,2.0,0.5,2.0,0.02,0.0175,0.018750000000000003,continuation_trial,9,false
sensitivity_548,continuation_trial,virgin_metal_tax_tax_0_018125000000000002,virgin_metal_tax,0.018125000000000002,LOCALLY_INFEASIBLE,INFEASIBLE_POINT,true,15.567216045,0.0009783093414500454,0,0.0,0,material_composite_production_REU,eqpzs,IND_REU_NEW_ELMA,0.0009783093414500454,EOL_FLOW_EOL_DE_ELMA_INC,0.0,,1.0,2.0,0.5,2.0,0.5,2.0,0.02,0.0175,0.018125000000000002,continuation_trial,10,true
sensitivity_548,continuation_trial,virgin_metal_tax_tax_0_019375000000000003,virgin_metal_tax,0.019375000000000003,LOCALLY_INFEASIBLE,INFEASIBLE_POINT,true,16.321084163,0.000821584602723413,0,0.0,0,material_composite_production_REU,eqpzs,IND_REU_NEW_ELMA,0.000821584602723413,EOL_FLOW_EOL_DE_ELMA_INC,0.0,,1.0,2.0,0.5,2.0,0.5,2.0,0.02,0.018125000000000002,0.019375000000000003,continuation_trial,11,true
sensitivity_548,continuation_trial,virgin_metal_tax_tax_0_02,virgin_metal_tax,0.02,LOCALLY_INFEASIBLE,INFEASIBLE_POINT,false,14.540711127,0.0010531198958436683,1,0.0,0,material_composite_production_REU,eqpzs,IND_REU_NEW_ELMA,0.0010531198958436683,EOL_FLOW_EOL_DE_ELMA_INC,0.0,,1.0,2.0,0.5,2.0,0.5,2.0,0.02,0.019375000000000003,0.02,continuation_trial,12,false
sensitivity_548,continuation_trial,virgin_metal_tax_tax_0_019687500000000004,virgin_metal_tax,0.019687500000000004,LOCALLY_INFEASIBLE,INFEASIBLE_POINT,false,28.753570154,0.0010347229268460323,1,0.0,0,material_composite_production_REU,eqpzs,IND_REU_NEW_ELMA,0.0010347229268460323,EOL_FLOW_EOL_DE_ELMA_INC,0.0,,1.0,2.0,0.5,2.0,0.5,2.0,0.02,0.019375000000000003,0.019687500000000004,continuation_trial,13,false
sensitivity_548,continuation_trial,virgin_metal_tax_tax_0_019531250000000003,virgin_metal_tax,0.019531250000000003,LOCALLY_INFEASIBLE,INFEASIBLE_POINT,false,25.467371186,0.0010377003937281915,1,0.0,0,material_composite_production_REU,eqpzs,IND_REU_NEW_ELMA,0.0010377003937281915,EOL_FLOW_EOL_DE_ELMA_INC,0.0,,1.0,2.0,0.5,2.0,0.5,2.0,0.02,0.019375000000000003,0.019531250000000003,continuation_trial,14,false
sensitivity_548,continuation_trial,virgin_metal_tax_tax_0_019453125,virgin_metal_tax,0.019453125,LOCALLY_INFEASIBLE,INFEASIBLE_POINT,false,31.900310355,0.0010178685296423629,1,0.0,0,material_composite_production_REU,eqpzs,IND_REU_NEW_ELMA,0.0010178685296423629,EOL_FLOW_EOL_DE_ELMA_INC,0.0,,1.0,2.0,0.5,2.0,0.5,2.0,0.02,0.019375000000000003,0.019453125,continuation_trial,15,false
sensitivity_548,continuation_trial,virgin_metal_tax_tax_0_019414062500000002,virgin_metal_tax,0.019414062500000002,LOCALLY_INFEASIBLE,INFEASIBLE_POINT,false,60.121349787,0.001045333742877963,1,0.0,0,material_composite_production_REU,eqpzs,IND_REU_NEW_ELMA,0.001045333742877963,EOL_FLOW_EOL_DE_ELMA_INC,0.0,,1.0,2.0,0.5,2.0,0.5,2.0,0.02,0.019375000000000003,0.019414062500000002,continuation_trial,16,false
sensitivity_548,predictor_target,virgin_metal_tax_tax_0_02,virgin_metal_tax,0.02,INVALID_MODEL,FEASIBLE_POINT,false,2.60075193,0.08021972924212939,6,0.0,0,eu_wide_eol_allocation,eu_wide_eol_allocation,OFMA|EOL_DE_OFMA_REP,0.08021972924212939,EOL_FLOW_EOL_DE_ELMA_INC,0.0,,1.0,2.0,0.5,2.0,0.5,2.0,0.02,0.019375000000000003,0.02,predictor_target,17,false
sensitivity_548,baseline,baseline,,0.0,ALMOST_LOCALLY_SOLVED,NEARLY_FEASIBLE_POINT,true,2.902408398,5.082076662832336e-7,0,0.0,0,observed_physical_flow_links,quantity_link,physical_SK_OFMA_REP_route_input_mass,5.082076662832336e-7,EOL_FLOW_EOL_DE_ELMA_INC,0.0,,1.0,2.0,0.5,2.0,0.5,2.0,0.0,0.0,0.0,baseline,1,true
sensitivity_556,direct_target,virgin_metal_tax_tax_0_0025,virgin_metal_tax,0.0025,ALMOST_LOCALLY_SOLVED,NEARLY_FEASIBLE_POINT,true,6.979264059,6.058153087773466e-5,0,0.0,0,material_composite_production_REU,eqpzs,IND_REU_NEW_ELMA,6.058153087773466e-5,EOL_FLOW_EOL_DE_ELMA_INC,0.0,,0.5,2.0,1.0,2.0,0.5,2.0,0.0025,0.0,0.0025,direct_target,1,true
sensitivity_556,direct_target,virgin_metal_tax_tax_0_005,virgin_metal_tax,0.005,LOCALLY_INFEASIBLE,INFEASIBLE_POINT,true,24.738496475,0.00026569077449090095,0,0.0,0,material_composite_production_REU,eqpzs,IND_REU_NEW_ELMA,0.00026569077449090095,EOL_FLOW_EOL_DE_ELMA_INC,0.0,,0.5,2.0,1.0,2.0,0.5,2.0,0.005,0.0025,0.005,direct_target,1,true
sensitivity_556,direct_target,virgin_metal_tax_tax_0_01,virgin_metal_tax,0.01,LOCALLY_INFEASIBLE,INFEASIBLE_POINT,true,26.160795955,0.0005373776966223209,0,0.0,0,material_composite_production_REU,eqpzs,IND_REU_NEW_ELMA,0.0005373776966223209,EOL_FLOW_EOL_DE_ELMA_INC,0.0,,0.5,2.0,1.0,2.0,0.5,2.0,0.01,0.005,0.01,direct_target,1,true
sensitivity_556,direct_target,virgin_metal_tax_tax_0_02,virgin_metal_tax,0.02,LOCALLY_INFEASIBLE,INFEASIBLE_POINT,false,21.796897864,0.0010644551492910992,1,0.0,0,material_composite_production_REU,eqpzs,IND_REU_NEW_ELMA,0.0010644551492910992,EOL_FLOW_EOL_DE_ELMA_INC,0.0,,0.5,2.0,1.0,2.0,0.5,2.0,0.02,0.01,0.02,direct_target,1,false
sensitivity_556,continuation_trial,virgin_metal_tax_tax_0_015,virgin_metal_tax,0.015,TIME_LIMIT,NEARLY_FEASIBLE_POINT,false,123.587667732,0.03431848871927912,27,0.0,0,observed_physical_flow_links,quantity_link,physical_SK_OFMA_REP_route_input_mass,0.03431848871927912,EOL_FLOW_EOL_DE_ELMA_INC,0.0,,0.5,2.0,1.0,2.0,0.5,2.0,0.02,0.01,0.015,continuation_trial,2,false
sensitivity_556,continuation_trial,virgin_metal_tax_tax_0_0125,virgin_metal_tax,0.0125,LOCALLY_INFEASIBLE,INFEASIBLE_POINT,true,20.409213511,0.0006743563463205149,0,0.0,0,material_composite_production_REU,eqpzs,IND_REU_NEW_ELMA,0.0006743563463205149,EOL_FLOW_EOL_DE_ELMA_INC,0.0,,0.5,2.0,1.0,2.0,0.5,2.0,0.02,0.01,0.0125,continuation_trial,3,true
sensitivity_556,continuation_trial,virgin_metal_tax_tax_0_0175,virgin_metal_tax,0.0175,LOCALLY_INFEASIBLE,INFEASIBLE_POINT,true,26.508606036,0.0009322126691168053,0,0.0,0,material_composite_production_REU,eqpzs,IND_REU_NEW_ELMA,0.0009322126691168053,EOL_FLOW_EOL_DE_ELMA_INC,0.0,,0.5,2.0,1.0,2.0,0.5,2.0,0.02,0.0125,0.0175,continuation_trial,4,true
sensitivity_556,continuation_trial,virgin_metal_tax_tax_0_02,virgin_metal_tax,0.02,LOCALLY_INFEASIBLE,INFEASIBLE_POINT,false,13.653488134,0.0014336896335255677,2,0.0,0,material_composite_production_IT,material_composite_demand,IND_IT_NEW_ELMA|IND_IT_REC_EE,0.0014336896335255677,EOL_FLOW_EOL_DE_ELMA_INC,0.0,,0.5,2.0,1.0,2.0,0.5,2.0,0.02,0.0175,0.02,continuation_trial,5,false
sensitivity_556,continuation_trial,virgin_metal_tax_tax_0_018750000000000003,virgin_metal_tax,0.018750000000000003,LOCALLY_INFEASIBLE,INFEASIBLE_POINT,false,26.924872814,0.001012684024298549,1,0.0,0,material_composite_production_REU,eqpzs,IND_REU_NEW_ELMA,0.001012684024298549,EOL_FLOW_EOL_DE_ELMA_INC,0.0,,0.5,2.0,1.0,2.0,0.5,2.0,0.02,0.0175,0.018750000000000003,continuation_trial,6,false
sensitivity_556,continuation_trial,virgin_metal_tax_tax_0_018125000000000002,virgin_metal_tax,0.018125000000000002,LOCALLY_INFEASIBLE,INFEASIBLE_POINT,true,11.718933586,0.000961504450001649,0,0.0,0,material_composite_production_REU,eqpzs,IND_REU_NEW_ELMA,0.000961504450001649,EOL_FLOW_EOL_DE_ELMA_INC,0.0,,0.5,2.0,1.0,2.0,0.5,2.0,0.02,0.0175,0.018125000000000002,continuation_trial,7,true
sensitivity_556,continuation_trial,virgin_metal_tax_tax_0_019375000000000003,virgin_metal_tax,0.019375000000000003,LOCALLY_INFEASIBLE,INFEASIBLE_POINT,false,23.317895212,0.0010411142017531239,1,0.0,0,material_composite_production_REU,eqpzs,IND_REU_NEW_ELMA,0.0010411142017531239,EOL_FLOW_EOL_DE_ELMA_INC,0.0,,0.5,2.0,1.0,2.0,0.5,2.0,0.02,0.018125000000000002,0.019375000000000003,continuation_trial,8,false
sensitivity_556,continuation_trial,virgin_metal_tax_tax_0_018750000000000003,virgin_metal_tax,0.018750000000000003,LOCALLY_INFEASIBLE,INFEASIBLE_POINT,true,9.400469958,0.000985321351075763,0,0.0,0,material_composite_production_REU,eqpzs,IND_REU_NEW_ELMA,0.000985321351075763,EOL_FLOW_EOL_DE_ELMA_INC,0.0,,0.5,2.0,1.0,2.0,0.5,2.0,0.02,0.018125000000000002,0.018750000000000003,continuation_trial,9,true
sensitivity_556,continuation_trial,virgin_metal_tax_tax_0_02,virgin_metal_tax,0.02,LOCALLY_INFEASIBLE,INFEASIBLE_POINT,false,12.307567492,0.0010456898010221538,1,0.0,0,material_composite_production_REU,eqpzs,IND_REU_NEW_ELMA,0.0010456898010221538,EOL_FLOW_EOL_DE_ELMA_INC,0.0,,0.5,2.0,1.0,2.0,0.5,2.0,0.02,0.018750000000000003,0.02,continuation_trial,10,false
sensitivity_556,continuation_trial,virgin_metal_tax_tax_0_019375000000000003,virgin_metal_tax,0.019375000000000003,LOCALLY_INFEASIBLE,INFEASIBLE_POINT,false,10.390708809,0.0010248692002805537,1,0.0,0,material_composite_production_REU,eqpzs,IND_REU_NEW_ELMA,0.0010248692002805537,EOL_FLOW_EOL_DE_ELMA_INC,0.0,,0.5,2.0,1.0,2.0,0.5,2.0,0.02,0.018750000000000003,0.019375000000000003,continuation_trial,11,false
sensitivity_556,continuation_trial,virgin_metal_tax_tax_0_019062500000000003,virgin_metal_tax,0.019062500000000003,LOCALLY_INFEASIBLE,INFEASIBLE_POINT,false,45.254130145,0.001030646789336065,1,0.0,0,material_composite_production_REU,eqpzs,IND_REU_NEW_ELMA,0.001030646789336065,EOL_FLOW_EOL_DE_ELMA_INC,0.0,,0.5,2.0,1.0,2.0,0.5,2.0,0.02,0.018750000000000003,0.019062500000000003,continuation_trial,12,false
sensitivity_556,continuation_trial,virgin_metal_tax_tax_0_018906250000000003,virgin_metal_tax,0.018906250000000003,LOCALLY_INFEASIBLE,INFEASIBLE_POINT,true,8.792203985,0.0009740088343038744,0,0.0,0,material_composite_production_REU,eqpzs,IND_REU_NEW_ELMA,0.0009740088343038744,EOL_FLOW_EOL_DE_ELMA_INC,0.0,,0.5,2.0,1.0,2.0,0.5,2.0,0.02,0.018750000000000003,0.018906250000000003,continuation_trial,13,true
sensitivity_556,continuation_trial,virgin_metal_tax_tax_0_019218750000000003,virgin_metal_tax,0.019218750000000003,LOCALLY_INFEASIBLE,INFEASIBLE_POINT,false,11.881909285,0.0010241266870363308,1,0.0,0,material_composite_production_REU,eqpzs,IND_REU_NEW_ELMA,0.0010241266870363308,EOL_FLOW_EOL_DE_ELMA_INC,0.0,,0.5,2.0,1.0,2.0,0.5,2.0,0.02,0.018906250000000003,0.019218750000000003,continuation_trial,14,false
sensitivity_556,continuation_trial,virgin_metal_tax_tax_0_019062500000000003,virgin_metal_tax,0.019062500000000003,LOCALLY_INFEASIBLE,INFEASIBLE_POINT,true,8.291688243,0.0009869495140719664,0,0.0,0,material_composite_production_REU,eqpzs,IND_REU_NEW_ELMA,0.0009869495140719664,EOL_FLOW_EOL_DE_ELMA_INC,0.0,,0.5,2.0,1.0,2.0,0.5,2.0,0.02,0.018906250000000003,0.019062500000000003,continuation_trial,15,true
sensitivity_556,continuation_trial,virgin_metal_tax_tax_0_019375000000000003,virgin_metal_tax,0.019375000000000003,LOCALLY_INFEASIBLE,INFEASIBLE_POINT,false,27.925087375,0.0010408430439353689,1,0.0,0,material_composite_production_REU,eqpzs,IND_REU_NEW_ELMA,0.0010408430439353689,EOL_FLOW_EOL_DE_ELMA_INC,0.0,,0.5,2.0,1.0,2.0,0.5,2.0,0.02,0.019062500000000003,0.019375000000000003,continuation_trial,16,false
sensitivity_556,continuation_trial,virgin_metal_tax_tax_0_019218750000000003,virgin_metal_tax,0.019218750000000003,LOCALLY_INFEASIBLE,INFEASIBLE_POINT,false,9.550884535,0.0010049547542031467,1,0.0,0,material_composite_production_REU,eqpzs,IND_REU_NEW_ELMA,0.0010049547542031467,EOL_FLOW_EOL_DE_ELMA_INC,0.0,,0.5,2.0,1.0,2.0,0.5,2.0,0.02,0.019062500000000003,0.019218750000000003,continuation_trial,17,false
sensitivity_556,continuation_trial,virgin_metal_tax_tax_0_019140625,virgin_metal_tax,0.019140625,LOCALLY_INFEASIBLE,INFEASIBLE_POINT,true,10.172272192,0.0009715392018401214,0,0.0,0,material_composite_production_REU,eqpzs,IND_REU_NEW_ELMA,0.0009715392018401214,EOL_FLOW_EOL_DE_ELMA_INC,0.0,,0.5,2.0,1.0,2.0,0.5,2.0,0.02,0.019062500000000003,0.019140625,continuation_trial,18,true
sensitivity_556,continuation_trial,virgin_metal_tax_tax_0_019296875,virgin_metal_tax,0.019296875,LOCALLY_INFEASIBLE,INFEASIBLE_POINT,false,11.028045072,0.0010334431150437196,1,0.0,0,material_composite_production_REU,eqpzs,IND_REU_NEW_ELMA,0.0010334431150437196,EOL_FLOW_EOL_DE_ELMA_INC,0.0,,0.5,2.0,1.0,2.0,0.5,2.0,0.02,0.019140625,0.019296875,continuation_trial,19,false
sensitivity_556,continuation_trial,virgin_metal_tax_tax_0_01921875,virgin_metal_tax,0.01921875,LOCALLY_INFEASIBLE,INFEASIBLE_POINT,true,18.195476155,0.0009720249852409601,0,0.0,0,material_composite_production_REU,eqpzs,IND_REU_NEW_ELMA,0.0009720249852409601,EOL_FLOW_EOL_DE_ELMA_INC,0.0,,0.5,2.0,1.0,2.0,0.5,2.0,0.02,0.019140625,0.01921875,continuation_trial,20,true
sensitivity_556,continuation_trial,virgin_metal_tax_tax_0_019375,virgin_metal_tax,0.019375,LOCALLY_INFEASIBLE,INFEASIBLE_POINT,false,12.472488634,0.001021858385874208,1,0.0,0,material_composite_production_REU,eqpzs,IND_REU_NEW_ELMA,0.001021858385874208,EOL_FLOW_EOL_DE_ELMA_INC,0.0,,0.5,2.0,1.0,2.0,0.5,2.0,0.02,0.01921875,0.019375,continuation_trial,21,false
sensitivity_556,continuation_trial,virgin_metal_tax_tax_0_019296874999999998,virgin_metal_tax,0.019296874999999998,LOCALLY_INFEASIBLE,INFEASIBLE_POINT,false,19.308486616,0.0010289118413118192,1,0.0,0,material_composite_production_REU,eqpzs,IND_REU_NEW_ELMA,0.0010289118413118192,EOL_FLOW_EOL_DE_ELMA_INC,0.0,,0.5,2.0,1.0,2.0,0.5,2.0,0.02,0.01921875,0.019296874999999998,continuation_trial,22,false
sensitivity_556,continuation_trial,virgin_metal_tax_tax_0_0192578125,virgin_metal_tax,0.0192578125,LOCALLY_INFEASIBLE,INFEASIBLE_POINT,true,8.290471038,0.0008685698111816631,0,0.0,0,material_composite_production_REU,eqpzs,IND_REU_NEW_ELMA,0.0008685698111816631,EOL_FLOW_EOL_DE_ELMA_INC,0.0,,0.5,2.0,1.0,2.0,0.5,2.0,0.02,0.01921875,0.0192578125,continuation_trial,23,true
sensitivity_556,continuation_trial,virgin_metal_tax_tax_0_019335937499999997,virgin_metal_tax,0.019335937499999997,LOCALLY_INFEASIBLE,INFEASIBLE_POINT,true,8.038509725,0.0008410335249163792,0,0.0,0,material_composite_production_SK,eqpzs,IND_SK_NEW_ELMA,0.0008410335249163792,EOL_FLOW_EOL_DE_ELMA_INC,0.0,,0.5,2.0,1.0,2.0,0.5,2.0,0.02,0.0192578125,0.019335937499999997,continuation_trial,24,true
sensitivity_556,continuation_trial,virgin_metal_tax_tax_0_019492187499999997,virgin_metal_tax,0.019492187499999997,LOCALLY_INFEASIBLE,INFEASIBLE_POINT,false,20.351607844,0.0010461024666367225,1,0.0,0,material_composite_production_REU,eqpzs,IND_REU_NEW_ELMA,0.0010461024666367225,EOL_FLOW_EOL_DE_ELMA_INC,0.0,,0.5,2.0,1.0,2.0,0.5,2.0,0.02,0.019335937499999997,0.019492187499999997,continuation_trial,25,false
sensitivity_556,continuation_trial,virgin_metal_tax_tax_0_019414062499999996,virgin_metal_tax,0.019414062499999996,LOCALLY_INFEASIBLE,INFEASIBLE_POINT,false,14.068498685,0.0010437780171169697,1,0.0,0,material_composite_production_REU,eqpzs,IND_REU_NEW_ELMA,0.0010437780171169697,EOL_FLOW_EOL_DE_ELMA_INC,0.0,,0.5,2.0,1.0,2.0,0.5,2.0,0.02,0.019335937499999997,0.019414062499999996,continuation_trial,26,false
sensitivity_556,continuation_trial,virgin_metal_tax_tax_0_019374999999999996,virgin_metal_tax,0.019374999999999996,LOCALLY_INFEASIBLE,INFEASIBLE_POINT,false,43.549038755,0.0010314715013639564,1,0.0,0,material_composite_production_REU,eqpzs,IND_REU_NEW_ELMA,0.0010314715013639564,EOL_FLOW_EOL_DE_ELMA_INC,0.0,,0.5,2.0,1.0,2.0,0.5,2.0,0.02,0.019335937499999997,0.019374999999999996,continuation_trial,27,false
sensitivity_556,predictor_target,virgin_metal_tax_tax_0_02,virgin_metal_tax,0.02,INVALID_MODEL,FEASIBLE_POINT,false,2.230554671,9.414031785315244,8,0.0,0,eu_wide_eol_allocation,eu_wide_eol_allocation,OFMA|EOL_SK_OFMA_REP,9.414031785315244,EOL_FLOW_EOL_DE_ELMA_INC,0.0,,0.5,2.0,1.0,2.0,0.5,2.0,0.02,0.019335937499999997,0.02,predictor_target,28,false
sensitivity_556,baseline,baseline,,0.0,ALMOST_LOCALLY_SOLVED,NEARLY_FEASIBLE_POINT,true,3.08756289,5.041715944731351e-7,0,0.0,0,observed_physical_flow_links,quantity_link,physical_SK_OFMA_REP_route_input_mass,5.041715944731351e-7,EOL_FLOW_EOL_DE_ELMA_INC,0.0,,0.5,2.0,1.0,2.0,0.5,2.0,0.0,0.0,0.0,baseline,1,true
sensitivity_565,direct_target,virgin_metal_tax_tax_0_0025,virgin_metal_tax,0.0025,LOCALLY_INFEASIBLE,INFEASIBLE_POINT,true,11.935365859,0.00013154570482865058,0,0.0,0,material_composite_production_REU,eqpzs,IND_REU_NEW_ELMA,0.00013154570482865058,EOL_FLOW_EOL_DE_ELMA_INC,0.0,,0.5,2.0,2.0,2.0,0.5,2.0,0.0025,0.0,0.0025,direct_target,1,true
sensitivity_565,direct_target,virgin_metal_tax_tax_0_005,virgin_metal_tax,0.005,LOCALLY_INFEASIBLE,INFEASIBLE_POINT,true,14.816524131,0.0002630964629835031,0,0.0,0,material_composite_production_REU,eqpzs,IND_REU_NEW_ELMA,0.0002630964629835031,EOL_FLOW_EOL_DE_ELMA_INC,0.0,,0.5,2.0,2.0,2.0,0.5,2.0,0.005,0.0025,0.005,direct_target,1,true
sensitivity_565,direct_target,virgin_metal_tax_tax_0_01,virgin_metal_tax,0.01,LOCALLY_INFEASIBLE,INFEASIBLE_POINT,false,32.058682214,0.0018514221731640301,2,0.0,0,observed_physical_flow_links,quantity_link,physical_SK_OFMA_REP_route_input_mass,0.0018514221731640301,EOL_FLOW_EOL_DE_ELMA_INC,0.0,,0.5,2.0,2.0,2.0,0.5,2.0,0.01,0.005,0.01,direct_target,1,false
sensitivity_565,continuation_trial,virgin_metal_tax_tax_0_0075,virgin_metal_tax,0.0075,LOCALLY_INFEASIBLE,INFEASIBLE_POINT,false,47.81885271,0.4232609240715711,22,0.0,0,observed_physical_flow_links,quantity_link,physical_SK_OFMA_REP_route_input_mass,0.4232609240715711,EOL_FLOW_EOL_DE_ELMA_INC,0.0,,0.5,2.0,2.0,2.0,0.5,2.0,0.01,0.005,0.0075,continuation_trial,2,false
sensitivity_565,continuation_trial,virgin_metal_tax_tax_0_00625,virgin_metal_tax,0.00625,LOCALLY_INFEASIBLE,INFEASIBLE_POINT,true,24.240419857,0.00031138213649428703,0,0.0,0,material_composite_production_REU,eqpzs,IND_REU_NEW_ELMA,0.00031138213649428703,EOL_FLOW_EOL_DE_ELMA_INC,0.0,,0.5,2.0,2.0,2.0,0.5,2.0,0.01,0.005,0.00625,continuation_trial,3,true
sensitivity_565,continuation_trial,virgin_metal_tax_tax_0_00875,virgin_metal_tax,0.00875,LOCALLY_INFEASIBLE,INFEASIBLE_POINT,true,26.306350768,0.0004629527885589013,0,0.0,0,material_composite_production_REU,eqpzs,IND_REU_NEW_ELMA,0.0004629527885589013,EOL_FLOW_EOL_DE_ELMA_INC,0.0,,0.5,2.0,2.0,2.0,0.5,2.0,0.01,0.00625,0.00875,continuation_trial,4,true
sensitivity_565,continuation_trial,virgin_metal_tax_tax_0_01,virgin_metal_tax,0.01,LOCALLY_INFEASIBLE,INFEASIBLE_POINT,false,54.666637814,0.0016316721981226578,1,0.0,0,observed_physical_flow_links,quantity_link,physical_SK_OFMA_REP_route_input_mass,0.0016316721981226578,EOL_FLOW_EOL_DE_ELMA_INC,0.0,,0.5,2.0,2.0,2.0,0.5,2.0,0.01,0.00875,0.01,continuation_trial,5,false
sensitivity_565,continuation_trial,virgin_metal_tax_tax_0_009375000000000001,virgin_metal_tax,0.009375000000000001,LOCALLY_INFEASIBLE,INFEASIBLE_POINT,true,9.576844316,0.00046373995993664874,0,0.0,0,material_composite_production_REU,eqpzs,IND_REU_NEW_ELMA,0.00046373995993664874,EOL_FLOW_EOL_DE_ELMA_INC,0.0,,0.5,2.0,2.0,2.0,0.5,2.0,0.01,0.00875,0.009375000000000001,continuation_trial,6,true
sensitivity_565,continuation_trial,virgin_metal_tax_tax_0_01,virgin_metal_tax,0.01,LOCALLY_INFEASIBLE,INFEASIBLE_POINT,true,13.791859967,0.000530033788388895,0,0.0,0,material_composite_production_REU,eqpzs,IND_REU_NEW_ELMA,0.000530033788388895,EOL_FLOW_EOL_DE_ELMA_INC,0.0,,0.5,2.0,2.0,2.0,0.5,2.0,0.01,0.009375000000000001,0.01,continuation_trial,7,true
sensitivity_565,direct_target,virgin_metal_tax_tax_0_02,virgin_metal_tax,0.02,LOCALLY_INFEASIBLE,INFEASIBLE_POINT,false,29.410549985,0.0010065104119486579,1,0.0,0,material_composite_production_REU,eqpzs,IND_REU_NEW_ELMA,0.0010065104119486579,EOL_FLOW_EOL_DE_ELMA_INC,0.0,,0.5,2.0,2.0,2.0,0.5,2.0,0.02,0.01,0.02,direct_target,1,false
sensitivity_565,continuation_trial,virgin_metal_tax_tax_0_015,virgin_metal_tax,0.015,LOCALLY_INFEASIBLE,INFEASIBLE_POINT,true,20.364618914,0.0007855452330700619,0,0.0,0,material_composite_production_REU,eqpzs,IND_REU_NEW_ELMA,0.0007855452330700619,EOL_FLOW_EOL_DE_ELMA_INC,0.0,,0.5,2.0,2.0,2.0,0.5,2.0,0.02,0.01,0.015,continuation_trial,2,true
sensitivity_565,continuation_trial,virgin_metal_tax_tax_0_02,virgin_metal_tax,0.02,LOCALLY_INFEASIBLE,INFEASIBLE_POINT,false,23.727472469,0.0010288559324586055,1,0.0,0,material_composite_production_REU,eqpzs,IND_REU_NEW_ELMA,0.0010288559324586055,EOL_FLOW_EOL_DE_ELMA_INC,0.0,,0.5,2.0,2.0,2.0,0.5,2.0,0.02,0.015,0.02,continuation_trial,3,false
sensitivity_565,continuation_trial,virgin_metal_tax_tax_0_0175,virgin_metal_tax,0.0175,LOCALLY_INFEASIBLE,INFEASIBLE_POINT,true,37.510620551,0.0009130700358955801,0,0.0,0,material_composite_production_REU,eqpzs,IND_REU_NEW_ELMA,0.0009130700358955801,EOL_FLOW_EOL_DE_ELMA_INC,0.0,,0.5,2.0,2.0,2.0,0.5,2.0,0.02,0.015,0.0175,continuation_trial,4,true
sensitivity_565,continuation_trial,virgin_metal_tax_tax_0_02,virgin_metal_tax,0.02,LOCALLY_INFEASIBLE,INFEASIBLE_POINT,false,13.150889023,0.0010414893123094071,1,0.0,0,material_composite_production_REU,eqpzs,IND_REU_NEW_ELMA,0.0010414893123094071,EOL_FLOW_EOL_DE_ELMA_INC,0.0,,0.5,2.0,2.0,2.0,0.5,2.0,0.02,0.0175,0.02,continuation_trial,5,false
sensitivity_565,continuation_trial,virgin_metal_tax_tax_0_018750000000000003,virgin_metal_tax,0.018750000000000003,LOCALLY_INFEASIBLE,INFEASIBLE_POINT,true,14.867671066,0.0009922538856631524,0,0.0,0,material_composite_production_REU,eqpzs,IND_REU_NEW_ELMA,0.0009922538856631524,EOL_FLOW_EOL_DE_ELMA_INC,0.0,,0.5,2.0,2.0,2.0,0.5,2.0,0.02,0.0175,0.018750000000000003,continuation_trial,6,true
sensitivity_565,continuation_trial,virgin_metal_tax_tax_0_02,virgin_metal_tax,0.02,LOCALLY_INFEASIBLE,INFEASIBLE_POINT,false,11.859351861,0.0010303538818164926,1,0.0,0,material_composite_production_REU,eqpzs,IND_REU_NEW_ELMA,0.0010303538818164926,EOL_FLOW_EOL_DE_ELMA_INC,0.0,,0.5,2.0,2.0,2.0,0.5,2.0,0.02,0.018750000000000003,0.02,continuation_trial,7,false
sensitivity_565,continuation_trial,virgin_metal_tax_tax_0_019375000000000003,virgin_metal_tax,0.019375000000000003,LOCALLY_INFEASIBLE,INFEASIBLE_POINT,true,11.928510426,0.0009894226900895031,0,0.0,0,material_composite_production_REU,eqpzs,IND_REU_NEW_ELMA,0.0009894226900895031,EOL_FLOW_EOL_DE_ELMA_INC,0.0,,0.5,2.0,2.0,2.0,0.5,2.0,0.02,0.018750000000000003,0.019375000000000003,continuation_trial,8,true
sensitivity_565,continuation_trial,virgin_metal_tax_tax_0_02,virgin_metal_tax,0.02,LOCALLY_INFEASIBLE,INFEASIBLE_POINT,false,14.489399114,0.001076427168262284,1,0.0,0,material_composite_production_REU,eqpzs,IND_REU_NEW_ELMA,0.001076427168262284,EOL_FLOW_EOL_DE_ELMA_INC,0.0,,0.5,2.0,2.0,2.0,0.5,2.0,0.02,0.019375000000000003,0.02,continuation_trial,9,false
sensitivity_565,continuation_trial,virgin_metal_tax_tax_0_019687500000000004,virgin_metal_tax,0.019687500000000004,LOCALLY_INFEASIBLE,INFEASIBLE_POINT,true,5.190061642,0.0008914547674157003,0,0.0,0,material_composite_production_REU,eqpzs,IND_REU_NEW_ELMA,0.0008914547674157003,EOL_FLOW_EOL_DE_ELMA_INC,0.0,,0.5,2.0,2.0,2.0,0.5,2.0,0.02,0.019375000000000003,0.019687500000000004,continuation_trial,10,true
sensitivity_565,continuation_trial,virgin_metal_tax_tax_0_02,virgin_metal_tax,0.02,LOCALLY_INFEASIBLE,INFEASIBLE_POINT,false,10.98947133,0.001059200777334568,1,0.0,0,material_composite_production_REU,eqpzs,IND_REU_NEW_ELMA,0.001059200777334568,EOL_FLOW_EOL_DE_ELMA_INC,0.0,,0.5,2.0,2.0,2.0,0.5,2.0,0.02,0.019687500000000004,0.02,continuation_trial,11,false
sensitivity_565,continuation_trial,virgin_metal_tax_tax_0_01984375,virgin_metal_tax,0.01984375,LOCALLY_INFEASIBLE,INFEASIBLE_POINT,true,7.074844187,0.0009509345362380683,0,0.0,0,material_composite_production_REU,eqpzs,IND_REU_NEW_ELMA,0.0009509345362380683,EOL_FLOW_EOL_DE_ELMA_INC,0.0,,0.5,2.0,2.0,2.0,0.5,2.0,0.02,0.019687500000000004,0.01984375,continuation_trial,12,true
sensitivity_565,continuation_trial,virgin_metal_tax_tax_0_02,virgin_metal_tax,0.02,LOCALLY_INFEASIBLE,INFEASIBLE_POINT,false,11.277533395,0.0010481043688287395,1,0.0,0,material_composite_production_REU,eqpzs,IND_REU_NEW_ELMA,0.0010481043688287395,EOL_FLOW_EOL_DE_ELMA_INC,0.0,,0.5,2.0,2.0,2.0,0.5,2.0,0.02,0.01984375,0.02,continuation_trial,13,false
sensitivity_565,continuation_trial,virgin_metal_tax_tax_0_019921875,virgin_metal_tax,0.019921875,LOCALLY_INFEASIBLE,INFEASIBLE_POINT,false,11.675197031,0.0010430946570179067,1,0.0,0,material_composite_production_REU,eqpzs,IND_REU_NEW_ELMA,0.0010430946570179067,EOL_FLOW_EOL_DE_ELMA_INC,0.0,,0.5,2.0,2.0,2.0,0.5,2.0,0.02,0.01984375,0.019921875,continuation_trial,14,false
sensitivity_565,continuation_trial,virgin_metal_tax_tax_0_0198828125,virgin_metal_tax,0.0198828125,LOCALLY_INFEASIBLE,INFEASIBLE_POINT,false,10.038187419,0.0010617155509718978,1,0.0,0,material_composite_production_REU,eqpzs,IND_REU_NEW_ELMA,0.0010617155509718978,EOL_FLOW_EOL_DE_ELMA_INC,0.0,,0.5,2.0,2.0,2.0,0.5,2.0,0.02,0.01984375,0.0198828125,continuation_trial,15,false
sensitivity_565,predictor_target,virgin_metal_tax_tax_0_02,virgin_metal_tax,0.02,LOCALLY_INFEASIBLE,INFEASIBLE_POINT,false,4.141155027,0.0010103905816573056,1,0.0,0,material_composite_production_REU,eqpzs,IND_REU_NEW_ELMA,0.0010103905816573056,EOL_FLOW_EOL_DE_ELMA_INC,0.0,,0.5,2.0,2.0,2.0,0.5,2.0,0.02,0.01984375,0.02,predictor_target,16,false
sensitivity_565,baseline,baseline,,0.0,ALMOST_LOCALLY_SOLVED,NEARLY_FEASIBLE_POINT,true,3.543531801,5.062309712533519e-7,0,0.0,0,observed_physical_flow_links,quantity_link,physical_SK_OFMA_REP_route_input_mass,5.062309712533519e-7,EOL_FLOW_EOL_DE_ELMA_INC,0.0,,0.5,2.0,2.0,2.0,0.5,2.0,0.0,0.0,0.0,baseline,1,true
sensitivity_575,direct_target,virgin_metal_tax_tax_0_0025,virgin_metal_tax,0.0025,LOCALLY_INFEASIBLE,INFEASIBLE_POINT,true,8.142332239,0.00013347024216547876,0,0.0,0,material_composite_production_REU,eqpzs,IND_REU_NEW_ELMA,0.00013347024216547876,EOL_FLOW_EOL_DE_ELMA_INC,0.0,,1.0,2.0,0.5,0.5,1.0,2.0,0.0025,0.0,0.0025,direct_target,1,true
sensitivity_575,direct_target,virgin_metal_tax_tax_0_005,virgin_metal_tax,0.005,LOCALLY_INFEASIBLE,INFEASIBLE_POINT,true,12.707813962,0.0002664869670144787,0,0.0,0,material_composite_production_REU,eqpzs,IND_REU_NEW_ELMA,0.0002664869670144787,EOL_FLOW_EOL_DE_ELMA_INC,0.0,,1.0,2.0,0.5,0.5,1.0,2.0,0.005,0.0025,0.005,direct_target,1,true
sensitivity_575,direct_target,virgin_metal_tax_tax_0_01,virgin_metal_tax,0.01,LOCALLY_INFEASIBLE,INFEASIBLE_POINT,true,57.3082665,0.000537194608339453,0,0.0,0,material_composite_production_REU,eqpzs,IND_REU_NEW_ELMA,0.000537194608339453,EOL_FLOW_EOL_DE_ELMA_INC,0.0,,1.0,2.0,0.5,0.5,1.0,2.0,0.01,0.005,0.01,direct_target,1,true
sensitivity_575,direct_target,virgin_metal_tax_tax_0_02,virgin_metal_tax,0.02,LOCALLY_INFEASIBLE,INFEASIBLE_POINT,false,51.489911655,0.0010811226254915374,1,0.0,0,material_composite_production_REU,eqpzs,IND_REU_NEW_ELMA,0.0010811226254915374,EOL_FLOW_EOL_DE_ELMA_INC,0.0,,1.0,2.0,0.5,0.5,1.0,2.0,0.02,0.01,0.02,direct_target,1,false
sensitivity_575,continuation_trial,virgin_metal_tax_tax_0_015,virgin_metal_tax,0.015,LOCALLY_INFEASIBLE,INFEASIBLE_POINT,true,8.126878587,0.0007689199642849642,0,0.0,0,material_composite_production_REU,eqpzs,IND_REU_NEW_ELMA,0.0007689199642849642,EOL_FLOW_EOL_DE_ELMA_INC,0.0,,1.0,2.0,0.5,0.5,1.0,2.0,0.02,0.01,0.015,continuation_trial,2,true
sensitivity_575,continuation_trial,virgin_metal_tax_tax_0_02,virgin_metal_tax,0.02,LOCALLY_INFEASIBLE,INFEASIBLE_POINT,false,26.639697063,0.0018566518147000721,1,0.0,0,observed_physical_flow_links,quantity_link,physical_SK_OFMA_REP_route_input_mass,0.0018566518147000721,EOL_FLOW_EOL_DE_ELMA_INC,0.0,,1.0,2.0,0.5,0.5,1.0,2.0,0.02,0.015,0.02,continuation_trial,3,false
sensitivity_575,continuation_trial,virgin_metal_tax_tax_0_0175,virgin_metal_tax,0.0175,LOCALLY_INFEASIBLE,INFEASIBLE_POINT,true,31.473819315,0.000937444688665745,0,0.0,0,material_composite_production_REU,eqpzs,IND_REU_NEW_ELMA,0.000937444688665745,EOL_FLOW_EOL_DE_ELMA_INC,0.0,,1.0,2.0,0.5,0.5,1.0,2.0,0.02,0.015,0.0175,continuation_trial,4,true
sensitivity_575,continuation_trial,virgin_metal_tax_tax_0_02,virgin_metal_tax,0.02,LOCALLY_INFEASIBLE,INFEASIBLE_POINT,false,11.931907638,0.0010490203543813692,1,0.0,0,material_composite_production_REU,eqpzs,IND_REU_NEW_ELMA,0.0010490203543813692,EOL_FLOW_EOL_DE_ELMA_INC,0.0,,1.0,2.0,0.5,0.5,1.0,2.0,0.02,0.0175,0.02,continuation_trial,5,false
sensitivity_575,continuation_trial,virgin_metal_tax_tax_0_018750000000000003,virgin_metal_tax,0.018750000000000003,LOCALLY_INFEASIBLE,INFEASIBLE_POINT,false,22.921132246,0.0010118282540624302,1,0.0,0,material_composite_production_REU,eqpzs,IND_REU_NEW_ELMA,0.0010118282540624302,EOL_FLOW_EOL_DE_ELMA_INC,0.0,,1.0,2.0,0.5,0.5,1.0,2.0,0.02,0.0175,0.018750000000000003,continuation_trial,6,false
sensitivity_575,continuation_trial,virgin_metal_tax_tax_0_018125000000000002,virgin_metal_tax,0.018125000000000002,LOCALLY_INFEASIBLE,INFEASIBLE_POINT,true,35.176193157,0.0009783235368356902,0,0.0,0,material_composite_production_REU,eqpzs,IND_REU_NEW_ELMA,0.0009783235368356902,EOL_FLOW_EOL_DE_ELMA_INC,0.0,,1.0,2.0,0.5,0.5,1.0,2.0,0.02,0.0175,0.018125000000000002,continuation_trial,7,true
sensitivity_575,continuation_trial,virgin_metal_tax_tax_0_019375000000000003,virgin_metal_tax,0.019375000000000003,LOCALLY_INFEASIBLE,INFEASIBLE_POINT,false,15.229806852,0.0010192474284226316,1,0.0,0,material_composite_production_REU,eqpzs,IND_REU_NEW_ELMA,0.0010192474284226316,EOL_FLOW_EOL_DE_ELMA_INC,0.0,,1.0,2.0,0.5,0.5,1.0,2.0,0.02,0.018125000000000002,0.019375000000000003,continuation_trial,8,false
sensitivity_575,continuation_trial,virgin_metal_tax_tax_0_018750000000000003,virgin_metal_tax,0.018750000000000003,LOCALLY_INFEASIBLE,INFEASIBLE_POINT,true,9.880863166,0.000984378705170319,0,0.0,0,material_composite_production_REU,eqpzs,IND_REU_NEW_ELMA,0.000984378705170319,EOL_FLOW_EOL_DE_ELMA_INC,0.0,,1.0,2.0,0.5,0.5,1.0,2.0,0.02,0.018125000000000002,0.018750000000000003,continuation_trial,9,true
sensitivity_575,continuation_trial,virgin_metal_tax_tax_0_02,virgin_metal_tax,0.02,LOCALLY_INFEASIBLE,INFEASIBLE_POINT,false,75.536490244,0.0010810463994552766,1,0.0,0,material_composite_production_REU,eqpzs,IND_REU_NEW_ELMA,0.0010810463994552766,EOL_FLOW_EOL_DE_ELMA_INC,0.0,,1.0,2.0,0.5,0.5,1.0,2.0,0.02,0.018750000000000003,0.02,continuation_trial,10,false
sensitivity_575,continuation_trial,virgin_metal_tax_tax_0_019375000000000003,virgin_metal_tax,0.019375000000000003,LOCALLY_INFEASIBLE,INFEASIBLE_POINT,false,54.50220736,0.0010469487826620938,1,0.0,0,material_composite_production_REU,eqpzs,IND_REU_NEW_ELMA,0.0010469487826620938,EOL_FLOW_EOL_DE_ELMA_INC,0.0,,1.0,2.0,0.5,0.5,1.0,2.0,0.02,0.018750000000000003,0.019375000000000003,continuation_trial,11,false
sensitivity_575,continuation_trial,virgin_metal_tax_tax_0_019062500000000003,virgin_metal_tax,0.019062500000000003,LOCALLY_INFEASIBLE,INFEASIBLE_POINT,true,5.534536577,0.0009646074053468734,0,0.0,0,material_composite_production_REU,eqpzs,IND_REU_NEW_ELMA,0.0009646074053468734,EOL_FLOW_EOL_DE_ELMA_INC,0.0,,1.0,2.0,0.5,0.5,1.0,2.0,0.02,0.018750000000000003,0.019062500000000003,continuation_trial,12,true
sensitivity_575,continuation_trial,virgin_metal_tax_tax_0_019687500000000004,virgin_metal_tax,0.019687500000000004,LOCALLY_INFEASIBLE,INFEASIBLE_POINT,false,10.546622626,0.001040431754670168,1,0.0,0,material_composite_production_REU,eqpzs,IND_REU_NEW_ELMA,0.001040431754670168,EOL_FLOW_EOL_DE_ELMA_INC,0.0,,1.0,2.0,0.5,0.5,1.0,2.0,0.02,0.019062500000000003,0.019687500000000004,continuation_trial,13,false
sensitivity_575,continuation_trial,virgin_metal_tax_tax_0_019375000000000003,virgin_metal_tax,0.019375000000000003,LOCALLY_INFEASIBLE,INFEASIBLE_POINT,false,20.334485544,0.001047587125242444,1,0.0,0,material_composite_production_REU,eqpzs,IND_REU_NEW_ELMA,0.001047587125242444,EOL_FLOW_EOL_DE_ELMA_INC,0.0,,1.0,2.0,0.5,0.5,1.0,2.0,0.02,0.019062500000000003,0.019375000000000003,continuation_trial,14,false
sensitivity_575,continuation_trial,virgin_metal_tax_tax_0_019218750000000003,virgin_metal_tax,0.019218750000000003,LOCALLY_INFEASIBLE,INFEASIBLE_POINT,false,6.79905954,0.001036593509993522,1,0.0,0,material_composite_production_REU,eqpzs,IND_REU_NEW_ELMA,0.001036593509993522,EOL_FLOW_EOL_DE_ELMA_INC,0.0,,1.0,2.0,0.5,0.5,1.0,2.0,0.02,0.019062500000000003,0.019218750000000003,continuation_trial,15,false
sensitivity_575,continuation_trial,virgin_metal_tax_tax_0_019140625,virgin_metal_tax,0.019140625,LOCALLY_INFEASIBLE,INFEASIBLE_POINT,false,11.315101811,0.0010337514642423384,1,0.0,0,material_composite_production_REU,eqpzs,IND_REU_NEW_ELMA,0.0010337514642423384,EOL_FLOW_EOL_DE_ELMA_INC,0.0,,1.0,2.0,0.5,0.5,1.0,2.0,0.02,0.019062500000000003,0.019140625,continuation_trial,16,false
sensitivity_575,continuation_trial,virgin_metal_tax_tax_0_019101562500000002,virgin_metal_tax,0.019101562500000002,LOCALLY_INFEASIBLE,INFEASIBLE_POINT,true,5.23730846,0.000992562914759354,0,0.0,0,material_composite_production_REU,eqpzs,IND_REU_NEW_ELMA,0.000992562914759354,EOL_FLOW_EOL_DE_ELMA_INC,0.0,,1.0,2.0,0.5,0.5,1.0,2.0,0.02,0.019062500000000003,0.019101562500000002,continuation_trial,17,true
sensitivity_575,continuation_trial,virgin_metal_tax_tax_0_0191796875,virgin_metal_tax,0.0191796875,LOCALLY_INFEASIBLE,INFEASIBLE_POINT,true,6.517087642,0.0009328395138532564,0,0.0,0,material_composite_production_REU,eqpzs,IND_REU_NEW_ELMA,0.0009328395138532564,EOL_FLOW_EOL_DE_ELMA_INC,0.0,,1.0,2.0,0.5,0.5,1.0,2.0,0.02,0.019101562500000002,0.0191796875,continuation_trial,18,true
sensitivity_575,continuation_trial,virgin_metal_tax_tax_0_0193359375,virgin_metal_tax,0.0193359375,LOCALLY_INFEASIBLE,INFEASIBLE_POINT,false,9.193792409,0.0010409477866182293,1,0.0,0,material_composite_production_REU,eqpzs,IND_REU_NEW_ELMA,0.0010409477866182293,EOL_FLOW_EOL_DE_ELMA_INC,0.0,,1.0,2.0,0.5,0.5,1.0,2.0,0.02,0.0191796875,0.0193359375,continuation_trial,19,false
sensitivity_575,continuation_trial,virgin_metal_tax_tax_0_0192578125,virgin_metal_tax,0.0192578125,LOCALLY_INFEASIBLE,INFEASIBLE_POINT,false,14.346744734,0.001031207387057087,1,0.0,0,material_composite_production_REU,eqpzs,IND_REU_NEW_ELMA,0.001031207387057087,EOL_FLOW_EOL_DE_ELMA_INC,0.0,,1.0,2.0,0.5,0.5,1.0,2.0,0.02,0.0191796875,0.0192578125,continuation_trial,20,false
sensitivity_575,continuation_trial,virgin_metal_tax_tax_0_01921875,virgin_metal_tax,0.01921875,LOCALLY_INFEASIBLE,INFEASIBLE_POINT,true,9.937168775,0.0009477099593637739,0,0.0,0,material_composite_production_REU,eqpzs,IND_REU_NEW_ELMA,0.0009477099593637739,EOL_FLOW_EOL_DE_ELMA_INC,0.0,,1.0,2.0,0.5,0.5,1.0,2.0,0.02,0.0191796875,0.01921875,continuation_trial,21,true
sensitivity_575,continuation_trial,virgin_metal_tax_tax_0_019296874999999998,virgin_metal_tax,0.019296874999999998,LOCALLY_INFEASIBLE,INFEASIBLE_POINT,true,9.108241188,0.0009191804822404892,0,0.0,0,material_composite_production_REU,eqpzs,IND_REU_NEW_ELMA,0.0009191804822404892,EOL_FLOW_EOL_DE_ELMA_INC,0.0,,1.0,2.0,0.5,0.5,1.0,2.0,0.02,0.01921875,0.019296874999999998,continuation_trial,22,true
sensitivity_575,continuation_trial,virgin_metal_tax_tax_0_019453124999999998,virgin_metal_tax,0.019453124999999998,LOCALLY_INFEASIBLE,INFEASIBLE_POINT,true,9.041742567,0.0009266017366439394,0,0.0,0,material_composite_production_REU,eqpzs,IND_REU_NEW_ELMA,0.0009266017366439394,EOL_FLOW_EOL_DE_ELMA_INC,0.0,,1.0,2.0,0.5,0.5,1.0,2.0,0.02,0.019296874999999998,0.019453124999999998,continuation_trial,23,true
sensitivity_575,continuation_trial,virgin_metal_tax_tax_0_019765625,virgin_metal_tax,0.019765625,LOCALLY_INFEASIBLE,INFEASIBLE_POINT,false,10.295479812,0.0010550297334197545,1,0.0,0,material_composite_production_REU,eqpzs,IND_REU_NEW_ELMA,0.0010550297334197545,EOL_FLOW_EOL_DE_ELMA_INC,0.0,,1.0,2.0,0.5,0.5,1.0,2.0,0.02,0.019453124999999998,0.019765625,continuation_trial,24,false
sensitivity_575,continuation_trial,virgin_metal_tax_tax_0_019609375,virgin_metal_tax,0.019609375,LOCALLY_INFEASIBLE,INFEASIBLE_POINT,false,13.647375348,0.0010542070459033104,1,0.0,0,material_composite_production_REU,eqpzs,IND_REU_NEW_ELMA,0.0010542070459033104,EOL_FLOW_EOL_DE_ELMA_INC,0.0,,1.0,2.0,0.5,0.5,1.0,2.0,0.02,0.019453124999999998,0.019609375,continuation_trial,25,false
sensitivity_575,continuation_trial,virgin_metal_tax_tax_0_019531249999999997,virgin_metal_tax,0.019531249999999997,LOCALLY_INFEASIBLE,INFEASIBLE_POINT,false,13.988248301,0.0010535614427850115,1,0.0,0,material_composite_production_REU,eqpzs,IND_REU_NEW_ELMA,0.0010535614427850115,EOL_FLOW_EOL_DE_ELMA_INC,0.0,,1.0,2.0,0.5,0.5,1.0,2.0,0.02,0.019453124999999998,0.019531249999999997,continuation_trial,26,false
sensitivity_575,continuation_trial,virgin_metal_tax_tax_0_019492187499999997,virgin_metal_tax,0.019492187499999997,LOCALLY_INFEASIBLE,INFEASIBLE_POINT,false,7.835627225,0.0010465732025797259,1,0.0,0,material_composite_production_REU,eqpzs,IND_REU_NEW_ELMA,0.0010465732025797259,EOL_FLOW_EOL_DE_ELMA_INC,0.0,,1.0,2.0,0.5,0.5,1.0,2.0,0.02,0.019453124999999998,0.019492187499999997,continuation_trial,27,false
sensitivity_575,predictor_target,virgin_metal_tax_tax_0_02,virgin_metal_tax,0.02,LOCALLY_INFEASIBLE,INFEASIBLE_POINT,true,3.889412121,0.0009949698620389524,0,0.0,0,material_composite_production_REU,eqpzs,IND_REU_NEW_ELMA,0.0009949698620389524,EOL_FLOW_EOL_DE_ELMA_INC,0.0,,1.0,2.0,0.5,0.5,1.0,2.0,0.02,0.019453124999999998,0.02,predictor_target,28,true
sensitivity_575,baseline,baseline,,0.0,ALMOST_LOCALLY_SOLVED,NEARLY_FEASIBLE_POINT,true,2.214599674,5.054579498287026e-7,0,0.0,0,observed_physical_flow_links,quantity_link,physical_SK_OFMA_REP_route_input_mass,5.054579498287026e-7,EOL_FLOW_EOL_DE_ELMA_INC,0.0,,1.0,2.0,0.5,0.5,1.0,2.0,0.0,0.0,0.0,baseline,1,true
sensitivity_597,direct_target,virgin_metal_tax_tax_0_0025,virgin_metal_tax,0.0025,LOCALLY_INFEASIBLE,INFEASIBLE_POINT,true,12.42407883,0.0002962637370326084,0,0.0,0,common_eu_trade,eu_market_clearing,NEW_ELMA,0.0002962637370326084,EOL_FLOW_EOL_DE_ELMA_INC,0.0,,2.0,0.5,0.5,1.0,1.0,2.0,0.0025,0.0,0.0025,direct_target,1,true
sensitivity_597,direct_target,virgin_metal_tax_tax_0_005,virgin_metal_tax,0.005,LOCALLY_INFEASIBLE,INFEASIBLE_POINT,true,15.351842816,0.0001479150879120203,0,0.0,0,common_eu_trade,eu_cet_quantity,NEW_ELMA|SK,0.0001479150879120203,EOL_FLOW_EOL_DE_ELMA_INC,0.0,,2.0,0.5,0.5,1.0,1.0,2.0,0.005,0.0025,0.005,direct_target,1,true
sensitivity_597,direct_target,virgin_metal_tax_tax_0_01,virgin_metal_tax,0.01,LOCALLY_INFEASIBLE,INFEASIBLE_POINT,false,51.860478245,0.07082659544015102,1,0.0,0,observed_physical_flow_links,quantity_link,physical_SK_OFMA_REP_route_input_mass,0.07082659544015102,EOL_FLOW_EOL_DE_ELMA_INC,0.0,,2.0,0.5,0.5,1.0,1.0,2.0,0.01,0.005,0.01,direct_target,1,false
sensitivity_597,continuation_trial,virgin_metal_tax_tax_0_0075,virgin_metal_tax,0.0075,LOCALLY_INFEASIBLE,INFEASIBLE_POINT,false,68.672403999,0.07360742004275189,3,0.0,0,observed_physical_flow_links,quantity_link,physical_SK_OFMA_REP_route_input_mass,0.07360742004275189,EOL_FLOW_EOL_DE_ELMA_INC,0.0,,2.0,0.5,0.5,1.0,1.0,2.0,0.01,0.005,0.0075,continuation_trial,2,false
sensitivity_597,continuation_trial,virgin_metal_tax_tax_0_00625,virgin_metal_tax,0.00625,LOCALLY_INFEASIBLE,INFEASIBLE_POINT,false,34.769996788,0.09507906119215825,1,0.0,0,observed_physical_flow_links,quantity_link,physical_SK_OFMA_REP_route_input_mass,0.09507906119215825,EOL_FLOW_EOL_DE_ELMA_INC,0.0,,2.0,0.5,0.5,1.0,1.0,2.0,0.01,0.005,0.00625,continuation_trial,3,false
sensitivity_597,continuation_trial,virgin_metal_tax_tax_0_005625,virgin_metal_tax,0.005625,ALMOST_LOCALLY_SOLVED,NEARLY_FEASIBLE_POINT,true,3.434995266,6.003296845897687e-5,0,0.0,0,common_eu_trade,eu_cet_quantity,NEW_ELMA|REU,6.003296845897687e-5,EOL_FLOW_EOL_DE_ELMA_INC,0.0,,2.0,0.5,0.5,1.0,1.0,2.0,0.01,0.005,0.005625,continuation_trial,4,true
sensitivity_597,continuation_trial,virgin_metal_tax_tax_0_006875,virgin_metal_tax,0.006875,LOCALLY_INFEASIBLE,INFEASIBLE_POINT,false,56.594751822,0.10857527273272599,12,0.0,0,eu_wide_eol_allocation,eol_activity_availability,IND_SK_REF_RATV,0.10857527273272599,EOL_FLOW_EOL_DE_ELMA_INC,0.0,,2.0,0.5,0.5,1.0,1.0,2.0,0.01,0.005625,0.006875,continuation_trial,5,false
sensitivity_597,continuation_trial,virgin_metal_tax_tax_0_0062499999999999995,virgin_metal_tax,0.0062499999999999995,LOCALLY_INFEASIBLE,INFEASIBLE_POINT,false,18.815639874,0.037122703639895005,1,0.0,0,observed_physical_flow_links,quantity_link,physical_SK_OFMA_REP_route_input_mass,0.037122703639895005,EOL_FLOW_EOL_DE_ELMA_INC,0.0,,2.0,0.5,0.5,1.0,1.0,2.0,0.01,0.005625,0.0062499999999999995,continuation_trial,6,false
sensitivity_597,continuation_trial,virgin_metal_tax_tax_0_0059375,virgin_metal_tax,0.0059375,LOCALLY_INFEASIBLE,INFEASIBLE_POINT,true,22.149573385,0.00015547578552027564,0,0.0,0,common_eu_trade,eu_cet_quantity,NEW_ELMA|REU,0.00015547578552027564,EOL_FLOW_EOL_DE_ELMA_INC,0.0,,2.0,0.5,0.5,1.0,1.0,2.0,0.01,0.005625,0.0059375,continuation_trial,7,true
sensitivity_597,continuation_trial,virgin_metal_tax_tax_0_0065625,virgin_metal_tax,0.0065625,LOCALLY_INFEASIBLE,INFEASIBLE_POINT,false,38.87344413,0.002013828062500167,1,0.0,0,observed_physical_flow_links,quantity_link,physical_SK_OFMA_REP_route_input_mass,0.002013828062500167,EOL_FLOW_EOL_DE_ELMA_INC,0.0,,2.0,0.5,0.5,1.0,1.0,2.0,0.01,0.0059375,0.0065625,continuation_trial,8,false
sensitivity_597,continuation_trial,virgin_metal_tax_tax_0_00625,virgin_metal_tax,0.00625,ALMOST_LOCALLY_SOLVED,NEARLY_FEASIBLE_POINT,true,4.393024825,6.24798619661056e-5,0,0.0,0,common_eu_trade,eu_cet_quantity,NEW_ELMA|SK,6.24798619661056e-5,EOL_FLOW_EOL_DE_ELMA_INC,0.0,,2.0,0.5,0.5,1.0,1.0,2.0,0.01,0.0059375,0.00625,continuation_trial,9,true
sensitivity_597,continuation_trial,virgin_metal_tax_tax_0_006875,virgin_metal_tax,0.006875,LOCALLY_INFEASIBLE,INFEASIBLE_POINT,false,66.577258039,0.09968696898680762,104,0.0,0,observed_physical_flow_links,quantity_link,physical_SK_OFMA_REP_route_input_mass,0.09968696898680762,EOL_FLOW_EOL_DE_ELMA_INC,0.0,,2.0,0.5,0.5,1.0,1.0,2.0,0.01,0.00625,0.006875,continuation_trial,10,false
sensitivity_597,continuation_trial,virgin_metal_tax_tax_0_006562500000000001,virgin_metal_tax,0.006562500000000001,ALMOST_LOCALLY_SOLVED,NEARLY_FEASIBLE_POINT,true,9.043578793,7.073566581564483e-5,0,1.5267556295017796e-9,0,common_eu_trade,eu_cet_quantity,NEW_ELMA|REU,7.073566581564483e-5,F_FAC_SK_LAB_IND_SK_REP_OFMA,1.5267556295017796e-9,,2.0,0.5,0.5,1.0,1.0,2.0,0.01,0.00625,0.006562500000000001,continuation_trial,11,true
sensitivity_597,continuation_trial,virgin_metal_tax_tax_0_0071875,virgin_metal_tax,0.0071875,LOCALLY_INFEASIBLE,INFEASIBLE_POINT,true,15.716801823,0.0001360085593521978,0,0.0,0,common_eu_trade,eu_cet_quantity,NEW_ELMA|REU,0.0001360085593521978,EOL_FLOW_EOL_DE_ELMA_INC,0.0,,2.0,0.5,0.5,1.0,1.0,2.0,0.01,0.006562500000000001,0.0071875,continuation_trial,12,true
sensitivity_597,continuation_trial,virgin_metal_tax_tax_0_0084375,virgin_metal_tax,0.0084375,ALMOST_LOCALLY_SOLVED,NEARLY_FEASIBLE_POINT,true,6.573787543,8.954463688636868e-5,0,9.66650044344384e-9,0,common_eu_trade,eu_cet_quantity,NEW_ELMA|REU,8.954463688636868e-5,F_FAC_SK_CAP_IND_SK_REF_OFMA,9.66650044344384e-9,,2.0,0.5,0.5,1.0,1.0,2.0,0.01,0.0071875,0.0084375,continuation_trial,13,true
sensitivity_597,continuation_trial,virgin_metal_tax_tax_0_01,virgin_metal_tax,0.01,LOCALLY_INFEASIBLE,INFEASIBLE_POINT,true,16.524059592,0.00017802457972823055,0,0.0,0,common_eu_trade,eu_cet_quantity,NEW_ELMA|REU,0.00017802457972823055,EOL_FLOW_EOL_DE_ELMA_INC,0.0,,2.0,0.5,0.5,1.0,1.0,2.0,0.01,0.0084375,0.01,continuation_trial,14,true
sensitivity_597,direct_target,virgin_metal_tax_tax_0_02,virgin_metal_tax,0.02,LOCALLY_INFEASIBLE,INFEASIBLE_POINT,false,47.86452515,0.10392966322445896,1,0.0,0,observed_physical_flow_links,quantity_link,physical_SK_OFMA_REP_route_input_mass,0.10392966322445896,EOL_FLOW_EOL_DE_ELMA_INC,0.0,,2.0,0.5,0.5,1.0,1.0,2.0,0.02,0.01,0.02,direct_target,1,false
sensitivity_597,continuation_trial,virgin_metal_tax_tax_0_015,virgin_metal_tax,0.015,LOCALLY_INFEASIBLE,INFEASIBLE_POINT,false,54.599235869,0.08317666446264438,5,0.0,0,observed_physical_flow_links,quantity_link,physical_SK_OFMA_REP_route_input_mass,0.08317666446264438,EOL_FLOW_EOL_DE_ELMA_INC,0.0,,2.0,0.5,0.5,1.0,1.0,2.0,0.02,0.01,0.015,continuation_trial,2,false
sensitivity_597,continuation_trial,virgin_metal_tax_tax_0_0125,virgin_metal_tax,0.0125,LOCALLY_INFEASIBLE,INFEASIBLE_POINT,false,22.298964337,0.12367114175178329,4,0.0,0,observed_physical_flow_links,quantity_link,physical_SK_OFMA_REP_route_input_mass,0.12367114175178329,EOL_FLOW_EOL_DE_ELMA_INC,0.0,,2.0,0.5,0.5,1.0,1.0,2.0,0.02,0.01,0.0125,continuation_trial,3,false
sensitivity_597,continuation_trial,virgin_metal_tax_tax_0_01125,virgin_metal_tax,0.01125,LOCALLY_INFEASIBLE,INFEASIBLE_POINT,true,19.956168745,0.000209528891840175,0,0.0,0,common_eu_trade,eu_cet_allocation,NEW_ELMA|REU|EU,0.000209528891840175,EOL_FLOW_EOL_DE_ELMA_INC,0.0,,2.0,0.5,0.5,1.0,1.0,2.0,0.02,0.01,0.01125,continuation_trial,4,true
sensitivity_597,continuation_trial,virgin_metal_tax_tax_0_01375,virgin_metal_tax,0.01375,LOCALLY_INFEASIBLE,INFEASIBLE_POINT,false,20.604324574,0.007568641630722128,1,0.0,0,observed_physical_flow_links,quantity_link,physical_SK_OFMA_REP_route_input_mass,0.007568641630722128,EOL_FLOW_EOL_DE_ELMA_INC,0.0,,2.0,0.5,0.5,1.0,1.0,2.0,0.02,0.01125,0.01375,continuation_trial,5,false
sensitivity_597,continuation_trial,virgin_metal_tax_tax_0_012499999999999999,virgin_metal_tax,0.012499999999999999,LOCALLY_INFEASIBLE,INFEASIBLE_POINT,false,55.594981229,0.0057792845193992415,1,0.0,0,observed_physical_flow_links,quantity_link,physical_SK_OFMA_REP_route_input_mass,0.0057792845193992415,EOL_FLOW_EOL_DE_ELMA_INC,0.0,,2.0,0.5,0.5,1.0,1.0,2.0,0.02,0.01125,0.012499999999999999,continuation_trial,6,false
sensitivity_597,continuation_trial,virgin_metal_tax_tax_0_011875,virgin_metal_tax,0.011875,TIME_LIMIT,NEARLY_FEASIBLE_POINT,false,124.307619801,0.0019452371876815349,1,0.0,0,regional_composite_market,regional_composite_market,IND_IT_OTHER_SERVICES|IT,0.0019452371876815349,EOL_FLOW_EOL_DE_ELMA_INC,0.0,,2.0,0.5,0.5,1.0,1.0,2.0,0.02,0.01125,0.011875,continuation_trial,7,false
sensitivity_597,continuation_trial,virgin_metal_tax_tax_0_0115625,virgin_metal_tax,0.0115625,LOCALLY_INFEASIBLE,INFEASIBLE_POINT,true,12.061668256,0.00021875792729040563,0,0.0,0,common_eu_trade,eu_cet_quantity,NEW_ELMA|REU,0.00021875792729040563,EOL_FLOW_EOL_DE_ELMA_INC,0.0,,2.0,0.5,0.5,1.0,1.0,2.0,0.02,0.01125,0.0115625,continuation_trial,8,true
sensitivity_597,continuation_trial,virgin_metal_tax_tax_0_0121875,virgin_metal_tax,0.0121875,LOCALLY_INFEASIBLE,INFEASIBLE_POINT,false,10.106537359,0.010161359338681453,1,0.0,0,observed_physical_flow_links,quantity_link,physical_SK_OFMA_REP_route_input_mass,0.010161359338681453,EOL_FLOW_EOL_DE_ELMA_INC,0.0,,2.0,0.5,0.5,1.0,1.0,2.0,0.02,0.0115625,0.0121875,continuation_trial,9,false
sensitivity_597,continuation_trial,virgin_metal_tax_tax_0_011875,virgin_metal_tax,0.011875,LOCALLY_INFEASIBLE,INFEASIBLE_POINT,false,28.58440023,0.02403297066695831,1,0.0,0,observed_physical_flow_links,quantity_link,physical_SK_OFMA_REP_route_input_mass,0.02403297066695831,EOL_FLOW_EOL_DE_ELMA_INC,0.0,,2.0,0.5,0.5,1.0,1.0,2.0,0.02,0.0115625,0.011875,continuation_trial,10,false
sensitivity_597,continuation_trial,virgin_metal_tax_tax_0_01171875,virgin_metal_tax,0.01171875,LOCALLY_INFEASIBLE,INFEASIBLE_POINT,false,8.338510711,0.01239018586947549,1,0.0,0,observed_physical_flow_links,quantity_link,physical_SK_OFMA_REP_route_input_mass,0.01239018586947549,EOL_FLOW_EOL_DE_ELMA_INC,0.0,,2.0,0.5,0.5,1.0,1.0,2.0,0.02,0.0115625,0.01171875,continuation_trial,11,false
sensitivity_597,continuation_trial,virgin_metal_tax_tax_0_011640625,virgin_metal_tax,0.011640625,LOCALLY_INFEASIBLE,INFEASIBLE_POINT,true,18.457733867,0.00026638692475887795,0,0.0,0,common_eu_trade,eu_cet_quantity,NEW_ELMA|REU,0.00026638692475887795,EOL_FLOW_EOL_DE_ELMA_INC,0.0,,2.0,0.5,0.5,1.0,1.0,2.0,0.02,0.0115625,0.011640625,continuation_trial,12,true
sensitivity_597,continuation_trial,virgin_metal_tax_tax_0_011796875,virgin_metal_tax,0.011796875,LOCALLY_INFEASIBLE,INFEASIBLE_POINT,true,12.544416508,0.00026032219617317054,0,0.0,0,common_eu_trade,eu_cet_quantity,NEW_ELMA|REU,0.00026032219617317054,EOL_FLOW_EOL_DE_ELMA_INC,0.0,,2.0,0.5,0.5,1.0,1.0,2.0,0.02,0.011640625,0.011796875,continuation_trial,13,true
sensitivity_597,continuation_trial,virgin_metal_tax_tax_0_012109375,virgin_metal_tax,0.012109375,LOCALLY_INFEASIBLE,INFEASIBLE_POINT,true,13.984201311,0.00024409159802187423,0,0.0,0,common_eu_trade,eu_cet_quantity,NEW_ELMA|REU,0.00024409159802187423,EOL_FLOW_EOL_DE_ELMA_INC,0.0,,2.0,0.5,0.5,1.0,1.0,2.0,0.02,0.011796875,0.012109375,continuation_trial,14,true
sensitivity_597,continuation_trial,virgin_metal_tax_tax_0_012734375000000001,virgin_metal_tax,0.012734375000000001,LOCALLY_INFEASIBLE,INFEASIBLE_POINT,true,9.72818925,0.0002740054111305756,0,0.0,0,regional_composite_market,regional_composite_market,IND_IT_OTHER_SERVICES|IT,0.0002740054111305756,EOL_FLOW_EOL_DE_ELMA_INC,0.0,,2.0,0.5,0.5,1.0,1.0,2.0,0.02,0.012109375,0.012734375000000001,continuation_trial,15,true
sensitivity_597,continuation_trial,virgin_metal_tax_tax_0_013984375,virgin_metal_tax,0.013984375,LOCALLY_INFEASIBLE,INFEASIBLE_POINT,false,17.048433648,0.031409813862550706,1,0.0,0,observed_physical_flow_links,quantity_link,physical_SK_OFMA_REP_route_input_mass,0.031409813862550706,EOL_FLOW_EOL_DE_ELMA_INC,0.0,,2.0,0.5,0.5,1.0,1.0,2.0,0.02,0.012734375000000001,0.013984375,continuation_trial,16,false
sensitivity_597,continuation_trial,virgin_metal_tax_tax_0_013359375000000001,virgin_metal_tax,0.013359375000000001,LOCALLY_INFEASIBLE,INFEASIBLE_POINT,false,12.531533441,0.030599266504525824,5,0.0,0,observed_physical_flow_links,quantity_link,physical_SK_OFMA_REP_route_input_mass,0.030599266504525824,EOL_FLOW_EOL_DE_ELMA_INC,0.0,,2.0,0.5,0.5,1.0,1.0,2.0,0.02,0.012734375000000001,0.013359375000000001,continuation_trial,17,false
sensitivity_597,continuation_trial,virgin_metal_tax_tax_0_013046875000000001,virgin_metal_tax,0.013046875000000001,LOCALLY_INFEASIBLE,INFEASIBLE_POINT,false,23.605772264,0.024992361456542378,12,0.0,0,observed_physical_flow_links,quantity_link,physical_SK_OFMA_REP_route_input_mass,0.024992361456542378,EOL_FLOW_EOL_DE_ELMA_INC,0.0,,2.0,0.5,0.5,1.0,1.0,2.0,0.02,0.012734375000000001,0.013046875000000001,continuation_trial,18,false
sensitivity_597,continuation_trial,virgin_metal_tax_tax_0_012890625000000001,virgin_metal_tax,0.012890625000000001,LOCALLY_INFEASIBLE,INFEASIBLE_POINT,false,11.667185314,0.12669716243217222,1,0.0,0,observed_physical_flow_links,quantity_link,physical_SK_OFMA_REP_route_input_mass,0.12669716243217222,EOL_FLOW_EOL_DE_ELMA_INC,0.0,,2.0,0.5,0.5,1.0,1.0,2.0,0.02,0.012734375000000001,0.012890625000000001,continuation_trial,19,false
sensitivity_597,continuation_trial,virgin_metal_tax_tax_0_012812500000000001,virgin_metal_tax,0.012812500000000001,LOCALLY_INFEASIBLE,INFEASIBLE_POINT,true,5.330819087,0.00030833110848517214,0,0.0,0,common_eu_trade,eu_cet_quantity,NEW_ELMA|DE,0.00030833110848517214,EOL_FLOW_EOL_DE_ELMA_INC,0.0,,2.0,0.5,0.5,1.0,1.0,2.0,0.02,0.012734375000000001,0.012812500000000001,continuation_trial,20,true
sensitivity_597,continuation_trial,virgin_metal_tax_tax_0_012968750000000001,virgin_metal_tax,0.012968750000000001,LOCALLY_INFEASIBLE,INFEASIBLE_POINT,false,9.427094508,0.058167277549332486,1,0.0,0,observed_physical_flow_links,quantity_link,physical_SK_OFMA_REP_route_input_mass,0.058167277549332486,EOL_FLOW_EOL_DE_ELMA_INC,0.0,,2.0,0.5,0.5,1.0,1.0,2.0,0.02,0.012812500000000001,0.012968750000000001,continuation_trial,21,false
sensitivity_597,continuation_trial,virgin_metal_tax_tax_0_012890625000000001,virgin_metal_tax,0.012890625000000001,LOCALLY_INFEASIBLE,INFEASIBLE_POINT,true,5.597743015,0.0003252381545988153,0,0.0,0,common_eu_trade,eu_cet_quantity,NEW_ELMA|DE,0.0003252381545988153,EOL_FLOW_EOL_DE_ELMA_INC,0.0,,2.0,0.5,0.5,1.0,1.0,2.0,0.02,0.012812500000000001,0.012890625000000001,continuation_trial,22,true
sensitivity_597,continuation_trial,virgin_metal_tax_tax_0_013046875000000001,virgin_metal_tax,0.013046875000000001,LOCALLY_INFEASIBLE,INFEASIBLE_POINT,false,19.629376264,0.005083256624300314,1,0.0,0,observed_physical_flow_links,quantity_link,physical_SK_OFMA_REP_route_input_mass,0.005083256624300314,EOL_FLOW_EOL_DE_ELMA_INC,0.0,,2.0,0.5,0.5,1.0,1.0,2.0,0.02,0.012890625000000001,0.013046875000000001,continuation_trial,23,false
sensitivity_597,continuation_trial,virgin_metal_tax_tax_0_012968750000000001,virgin_metal_tax,0.012968750000000001,LOCALLY_INFEASIBLE,INFEASIBLE_POINT,true,10.123702705,0.00034946796222113004,0,0.0,0,common_eu_trade,eu_cet_quantity,NEW_ELMA|DE,0.00034946796222113004,EOL_FLOW_EOL_DE_ELMA_INC,0.0,,2.0,0.5,0.5,1.0,1.0,2.0,0.02,0.012890625000000001,0.012968750000000001,continuation_trial,24,true
sensitivity_597,continuation_trial,virgin_metal_tax_tax_0_013125000000000001,virgin_metal_tax,0.013125000000000001,LOCALLY_INFEASIBLE,INFEASIBLE_POINT,false,9.634146532,0.0036311623304042524,1,0.0,0,regional_composite_market,regional_composite_market,IND_IT_OTHER_SERVICES|IT,0.0036311623304042524,EOL_FLOW_EOL_DE_ELMA_INC,0.0,,2.0,0.5,0.5,1.0,1.0,2.0,0.02,0.012968750000000001,0.013125000000000001,continuation_trial,25,false
sensitivity_597,continuation_trial,virgin_metal_tax_tax_0_013046875000000001,virgin_metal_tax,0.013046875000000001,LOCALLY_INFEASIBLE,INFEASIBLE_POINT,true,8.104741094,0.0005562068967434227,0,0.0,0,regional_composite_market,regional_composite_market,IND_IT_OTHER_SERVICES|IT,0.0005562068967434227,EOL_FLOW_EOL_DE_ELMA_INC,0.0,,2.0,0.5,0.5,1.0,1.0,2.0,0.02,0.012968750000000001,0.013046875000000001,continuation_trial,26,true
sensitivity_597,continuation_trial,virgin_metal_tax_tax_0_013203125000000001,virgin_metal_tax,0.013203125000000001,LOCALLY_INFEASIBLE,INFEASIBLE_POINT,true,8.235630897,0.0005590420389182659,0,0.0,0,regional_composite_market,regional_composite_market,IND_IT_OTHER_SERVICES|IT,0.0005590420389182659,EOL_FLOW_EOL_DE_ELMA_INC,0.0,,2.0,0.5,0.5,1.0,1.0,2.0,0.02,0.013046875000000001,0.013203125000000001,continuation_trial,27,true
sensitivity_597,continuation_trial,virgin_metal_tax_tax_0_013515625000000002,virgin_metal_tax,0.013515625000000002,LOCALLY_INFEASIBLE,INFEASIBLE_POINT,false,10.238039561,0.007470462822660284,1,0.0,0,observed_physical_flow_links,quantity_link,physical_SK_OFMA_REP_route_input_mass,0.007470462822660284,EOL_FLOW_EOL_DE_ELMA_INC,0.0,,2.0,0.5,0.5,1.0,1.0,2.0,0.02,0.013203125000000001,0.013515625000000002,continuation_trial,28,false
sensitivity_597,continuation_trial,virgin_metal_tax_tax_0_013359375000000001,virgin_metal_tax,0.013359375000000001,LOCALLY_INFEASIBLE,INFEASIBLE_POINT,true,6.880301418,0.0006058884837979401,0,0.0,0,regional_composite_market,regional_composite_market,IND_IT_OTHER_SERVICES|IT,0.0006058884837979401,EOL_FLOW_EOL_DE_ELMA_INC,0.0,,2.0,0.5,0.5,1.0,1.0,2.0,0.02,0.013203125000000001,0.013359375000000001,continuation_trial,29,true
sensitivity_597,continuation_trial,virgin_metal_tax_tax_0_013671875000000002,virgin_metal_tax,0.013671875000000002,LOCALLY_INFEASIBLE,INFEASIBLE_POINT,true,7.935548405,0.0006064026655416832,0,0.0,0,observed_physical_flow_links,quantity_link,physical_SK_OFMA_REP_route_input_mass,0.0006064026655416832,EOL_FLOW_EOL_DE_ELMA_INC,0.0,,2.0,0.5,0.5,1.0,1.0,2.0,0.02,0.013359375000000001,0.013671875000000002,continuation_trial,30,true
sensitivity_597,continuation_trial,virgin_metal_tax_tax_0_014296875000000002,virgin_metal_tax,0.014296875000000002,LOCALLY_INFEASIBLE,INFEASIBLE_POINT,true,12.265768027,0.0006023244130610976,0,0.0,0,regional_composite_market,regional_composite_market,IND_IT_OTHER_SERVICES|IT,0.0006023244130610976,EOL_FLOW_EOL_DE_ELMA_INC,0.0,,2.0,0.5,0.5,1.0,1.0,2.0,0.02,0.013671875000000002,0.014296875000000002,continuation_trial,31,true
sensitivity_597,continuation_trial,virgin_metal_tax_tax_0_015546875000000002,virgin_metal_tax,0.015546875000000002,LOCALLY_INFEASIBLE,INFEASIBLE_POINT,true,56.014855213,0.0008341686890804278,0,0.0,0,observed_physical_flow_links,quantity_link,physical_SK_OFMA_REP_route_input_mass,0.0008341686890804278,EOL_FLOW_EOL_DE_ELMA_INC,0.0,,2.0,0.5,0.5,1.0,1.0,2.0,0.02,0.014296875000000002,0.015546875000000002,continuation_trial,32,true
sensitivity_597,continuation_trial,virgin_metal_tax_tax_0_018046875,virgin_metal_tax,0.018046875,LOCALLY_INFEASIBLE,INFEASIBLE_POINT,false,15.308854848,0.0010306888500226411,1,0.0,0,regional_composite_market,regional_composite_market,IND_IT_OTHER_SERVICES|IT,0.0010306888500226411,EOL_FLOW_EOL_DE_ELMA_INC,0.0,,2.0,0.5,0.5,1.0,1.0,2.0,0.02,0.015546875000000002,0.018046875,continuation_trial,33,false
sensitivity_597,continuation_trial,virgin_metal_tax_tax_0_016796875000000003,virgin_metal_tax,0.016796875000000003,LOCALLY_INFEASIBLE,INFEASIBLE_POINT,true,15.569332308,0.0008412995499874844,0,0.0,0,regional_composite_market,regional_composite_market,IND_IT_OTHER_SERVICES|IT,0.0008412995499874844,EOL_FLOW_EOL_DE_ELMA_INC,0.0,,2.0,0.5,0.5,1.0,1.0,2.0,0.02,0.015546875000000002,0.016796875000000003,continuation_trial,34,true
sensitivity_597,continuation_trial,virgin_metal_tax_tax_0_019296875,virgin_metal_tax,0.019296875,LOCALLY_INFEASIBLE,INFEASIBLE_POINT,false,15.807033016,0.00458374253018126,2,0.0,0,regional_composite_market,regional_composite_market,IND_IT_OTHER_SERVICES|IT,0.00458374253018126,EOL_FLOW_EOL_DE_ELMA_INC,0.0,,2.0,0.5,0.5,1.0,1.0,2.0,0.02,0.016796875000000003,0.019296875,continuation_trial,35,false
sensitivity_597,continuation_trial,virgin_metal_tax_tax_0_018046875000000004,virgin_metal_tax,0.018046875000000004,LOCALLY_INFEASIBLE,INFEASIBLE_POINT,false,19.880893531,0.001114787882399639,1,0.0,0,regional_composite_market,regional_composite_market,IND_IT_OTHER_SERVICES|IT,0.001114787882399639,EOL_FLOW_EOL_DE_ELMA_INC,0.0,,2.0,0.5,0.5,1.0,1.0,2.0,0.02,0.016796875000000003,0.018046875000000004,continuation_trial,36,false
sensitivity_597,continuation_trial,virgin_metal_tax_tax_0_017421875000000003,virgin_metal_tax,0.017421875000000003,LOCALLY_INFEASIBLE,INFEASIBLE_POINT,false,30.536857958,1.157377986059581,279,0.0,0,observed_physical_flow_links,quantity_link,physical_SK_OFMA_REP_route_input_mass,1.157377986059581,EOL_FLOW_EOL_DE_ELMA_INC,0.0,,2.0,0.5,0.5,1.0,1.0,2.0,0.02,0.016796875000000003,0.017421875000000003,continuation_trial,37,false
sensitivity_597,continuation_trial,virgin_metal_tax_tax_0_017109375000000003,virgin_metal_tax,0.017109375000000003,LOCALLY_INFEASIBLE,INFEASIBLE_POINT,false,8.188170954,0.013997395895600562,1,0.0,0,observed_physical_flow_links,quantity_link,physical_SK_OFMA_REP_route_input_mass,0.013997395895600562,EOL_FLOW_EOL_DE_ELMA_INC,0.0,,2.0,0.5,0.5,1.0,1.0,2.0,0.02,0.016796875000000003,0.017109375000000003,continuation_trial,38,false
sensitivity_597,continuation_trial,virgin_metal_tax_tax_0_016953125000000003,virgin_metal_tax,0.016953125000000003,LOCALLY_INFEASIBLE,INFEASIBLE_POINT,false,52.166714811,0.0788189536408084,6,0.0,0,eu_wide_eol_allocation,eol_activity_availability,IND_DE_INC_EE,0.0788189536408084,EOL_FLOW_EOL_DE_ELMA_INC,0.0,,2.0,0.5,0.5,1.0,1.0,2.0,0.02,0.016796875000000003,0.016953125000000003,continuation_trial,39,false
sensitivity_597,continuation_trial,virgin_metal_tax_tax_0_016875,virgin_metal_tax,0.016875,LOCALLY_INFEASIBLE,INFEASIBLE_POINT,false,5.730628364,0.0012795311497987235,1,0.0,0,regional_composite_market,regional_composite_market,IND_IT_OTHER_SERVICES|IT,0.0012795311497987235,EOL_FLOW_EOL_DE_ELMA_INC,0.0,,2.0,0.5,0.5,1.0,1.0,2.0,0.02,0.016796875000000003,0.016875,continuation_trial,40,false
sensitivity_597,continuation_trial,virgin_metal_tax_tax_0_016835937500000002,virgin_metal_tax,0.016835937500000002,LOCALLY_INFEASIBLE,INFEASIBLE_POINT,false,6.528686837,0.001007665836789814,1,0.0,0,regional_composite_market,regional_composite_market,IND_IT_OTHER_SERVICES|IT,0.001007665836789814,EOL_FLOW_EOL_DE_ELMA_INC,0.0,,2.0,0.5,0.5,1.0,1.0,2.0,0.02,0.016796875000000003,0.016835937500000002,continuation_trial,41,false
sensitivity_597,predictor_target,virgin_metal_tax_tax_0_02,virgin_metal_tax,0.02,INVALID_MODEL,FEASIBLE_POINT,false,1.502201402,2.934642118614269e6,70,0.0,0,eu_wide_eol_allocation,eu_wide_eol_allocation,OFMA|EOL_SK_OFMA_REP,2.934642118614269e6,EOL_FLOW_EOL_DE_ELMA_INC,0.0,,2.0,0.5,0.5,1.0,1.0,2.0,0.02,0.016796875000000003,0.02,predictor_target,42,false
sensitivity_597,baseline,baseline,,0.0,ALMOST_LOCALLY_SOLVED,NEARLY_FEASIBLE_POINT,true,2.535537298,5.065251961200445e-7,0,0.0,0,observed_physical_flow_links,quantity_link,physical_SK_OFMA_REP_route_input_mass,5.065251961200445e-7,EOL_FLOW_EOL_DE_ELMA_INC,0.0,,2.0,0.5,0.5,1.0,1.0,2.0,0.0,0.0,0.0,baseline,1,true
sensitivity_601,direct_target,virgin_metal_tax_tax_0_0025,virgin_metal_tax,0.0025,LOCALLY_INFEASIBLE,INFEASIBLE_POINT,true,14.562804186,0.00013375733648912647,0,0.0,0,material_composite_production_REU,eqpzs,IND_REU_NEW_ELMA,0.00013375733648912647,EOL_FLOW_EOL_DE_ELMA_INC,0.0,,0.5,2.0,0.5,1.0,1.0,2.0,0.0025,0.0,0.0025,direct_target,1,true
sensitivity_601,direct_target,virgin_metal_tax_tax_0_005,virgin_metal_tax,0.005,LOCALLY_INFEASIBLE,INFEASIBLE_POINT,false,44.571140931,0.0010090231252135595,1,0.0,0,observed_physical_flow_links,quantity_link,physical_SK_OFMA_REP_route_input_mass,0.0010090231252135595,EOL_FLOW_EOL_DE_ELMA_INC,0.0,,0.5,2.0,0.5,1.0,1.0,2.0,0.005,0.0025,0.005,direct_target,1,false
sensitivity_601,continuation_trial,virgin_metal_tax_tax_0_00375,virgin_metal_tax,0.00375,LOCALLY_INFEASIBLE,INFEASIBLE_POINT,true,32.831602773,0.00020194205066514925,0,0.0,0,material_composite_production_REU,eqpzs,IND_REU_NEW_ELMA,0.00020194205066514925,EOL_FLOW_EOL_DE_ELMA_INC,0.0,,0.5,2.0,0.5,1.0,1.0,2.0,0.005,0.0025,0.00375,continuation_trial,2,true
sensitivity_601,continuation_trial,virgin_metal_tax_tax_0_005,virgin_metal_tax,0.005,LOCALLY_INFEASIBLE,INFEASIBLE_POINT,true,22.489248512,0.0002656731135692869,0,0.0,0,material_composite_production_REU,eqpzs,IND_REU_NEW_ELMA,0.0002656731135692869,EOL_FLOW_EOL_DE_ELMA_INC,0.0,,0.5,2.0,0.5,1.0,1.0,2.0,0.005,0.00375,0.005,continuation_trial,3,true
sensitivity_601,direct_target,virgin_metal_tax_tax_0_01,virgin_metal_tax,0.01,LOCALLY_INFEASIBLE,INFEASIBLE_POINT,true,17.06201335,0.0005197338655724693,0,0.0,0,material_composite_production_REU,eqpzs,IND_REU_NEW_ELMA,0.0005197338655724693,EOL_FLOW_EOL_DE_ELMA_INC,0.0,,0.5,2.0,0.5,1.0,1.0,2.0,0.01,0.005,0.01,direct_target,1,true
sensitivity_601,direct_target,virgin_metal_tax_tax_0_02,virgin_metal_tax,0.02,LOCALLY_INFEASIBLE,INFEASIBLE_POINT,false,63.095639441,0.0010258742469020365,1,0.0,0,material_composite_production_SK,eqpzs,IND_SK_NEW_ELMA,0.0010258742469020365,EOL_FLOW_EOL_DE_ELMA_INC,0.0,,0.5,2.0,0.5,1.0,1.0,2.0,0.02,0.01,0.02,direct_target,1,false
sensitivity_601,continuation_trial,virgin_metal_tax_tax_0_015,virgin_metal_tax,0.015,LOCALLY_INFEASIBLE,INFEASIBLE_POINT,false,26.656698901,0.02510500913635816,1,0.0,0,observed_physical_flow_links,quantity_link,physical_SK_OFMA_REP_route_input_mass,0.02510500913635816,EOL_FLOW_EOL_DE_ELMA_INC,0.0,,0.5,2.0,0.5,1.0,1.0,2.0,0.02,0.01,0.015,continuation_trial,2,false
sensitivity_601,continuation_trial,virgin_metal_tax_tax_0_0125,virgin_metal_tax,0.0125,LOCALLY_INFEASIBLE,INFEASIBLE_POINT,true,24.947738785,0.0006664823054776114,0,0.0,0,material_composite_production_REU,eqpzs,IND_REU_NEW_ELMA,0.0006664823054776114,EOL_FLOW_EOL_DE_ELMA_INC,0.0,,0.5,2.0,0.5,1.0,1.0,2.0,0.02,0.01,0.0125,continuation_trial,3,true
sensitivity_601,continuation_trial,virgin_metal_tax_tax_0_0175,virgin_metal_tax,0.0175,LOCALLY_INFEASIBLE,INFEASIBLE_POINT,true,15.395034411,0.0006090122612348869,0,2.832570382295931e-9,0,material_composite_production_SK,eqpzs,IND_SK_NEW_ELMA,0.0006090122612348869,Z_IND_SK_REP_OFMA,2.832570382295931e-9,,0.5,2.0,0.5,1.0,1.0,2.0,0.02,0.0125,0.0175,continuation_trial,4,true
sensitivity_601,continuation_trial,virgin_metal_tax_tax_0_02,virgin_metal_tax,0.02,LOCALLY_INFEASIBLE,INFEASIBLE_POINT,false,12.484377527,0.020866424558471985,1,0.0,0,observed_physical_flow_links,quantity_link,physical_SK_OFMA_REP_route_input_mass,0.020866424558471985,EOL_FLOW_EOL_DE_ELMA_INC,0.0,,0.5,2.0,0.5,1.0,1.0,2.0,0.02,0.0175,0.02,continuation_trial,5,false
sensitivity_601,continuation_trial,virgin_metal_tax_tax_0_018750000000000003,virgin_metal_tax,0.018750000000000003,LOCALLY_INFEASIBLE,INFEASIBLE_POINT,true,17.783508054,0.0009221501854413949,0,0.0,0,material_composite_production_REU,eqpzs,IND_REU_NEW_ELMA,0.0009221501854413949,EOL_FLOW_EOL_DE_ELMA_INC,0.0,,0.5,2.0,0.5,1.0,1.0,2.0,0.02,0.0175,0.018750000000000003,continuation_trial,6,true
sensitivity_601,continuation_trial,virgin_metal_tax_tax_0_02,virgin_metal_tax,0.02,LOCALLY_INFEASIBLE,INFEASIBLE_POINT,false,11.905417587,0.0010200692202815276,1,0.0,0,material_composite_production_REU,eqpzs,IND_REU_NEW_ELMA,0.0010200692202815276,EOL_FLOW_EOL_DE_ELMA_INC,0.0,,0.5,2.0,0.5,1.0,1.0,2.0,0.02,0.018750000000000003,0.02,continuation_trial,7,false
sensitivity_601,continuation_trial,virgin_metal_tax_tax_0_019375000000000003,virgin_metal_tax,0.019375000000000003,LOCALLY_INFEASIBLE,INFEASIBLE_POINT,true,6.413846129,0.0009370939871816697,0,0.0,0,material_composite_production_REU,eqpzs,IND_REU_NEW_ELMA,0.0009370939871816697,EOL_FLOW_EOL_DE_ELMA_INC,0.0,,0.5,2.0,0.5,1.0,1.0,2.0,0.02,0.018750000000000003,0.019375000000000003,continuation_trial,8,true
sensitivity_601,continuation_trial,virgin_metal_tax_tax_0_02,virgin_metal_tax,0.02,LOCALLY_INFEASIBLE,INFEASIBLE_POINT,false,8.001276689,0.0010610969491438027,1,0.0,0,material_composite_production_REU,eqpzs,IND_REU_NEW_ELMA,0.0010610969491438027,EOL_FLOW_EOL_DE_ELMA_INC,0.0,,0.5,2.0,0.5,1.0,1.0,2.0,0.02,0.019375000000000003,0.02,continuation_trial,9,false
sensitivity_601,continuation_trial,virgin_metal_tax_tax_0_019687500000000004,virgin_metal_tax,0.019687500000000004,LOCALLY_INFEASIBLE,INFEASIBLE_POINT,false,7.503139009,0.0010436518424272734,1,0.0,0,material_composite_production_REU,eqpzs,IND_REU_NEW_ELMA,0.0010436518424272734,EOL_FLOW_EOL_DE_ELMA_INC,0.0,,0.5,2.0,0.5,1.0,1.0,2.0,0.02,0.019375000000000003,0.019687500000000004,continuation_trial,10,false
sensitivity_601,continuation_trial,virgin_metal_tax_tax_0_019531250000000003,virgin_metal_tax,0.019531250000000003,LOCALLY_INFEASIBLE,INFEASIBLE_POINT,true,5.50357762,0.0009630345108626592,0,0.0,0,material_composite_production_REU,eqpzs,IND_REU_NEW_ELMA,0.0009630345108626592,EOL_FLOW_EOL_DE_ELMA_INC,0.0,,0.5,2.0,0.5,1.0,1.0,2.0,0.02,0.019375000000000003,0.019531250000000003,continuation_trial,11,true
sensitivity_601,continuation_trial,virgin_metal_tax_tax_0_01984375,virgin_metal_tax,0.01984375,LOCALLY_INFEASIBLE,INFEASIBLE_POINT,false,6.710910183,0.001002778260812076,1,0.0,0,material_composite_production_REU,eqpzs,IND_REU_NEW_ELMA,0.001002778260812076,EOL_FLOW_EOL_DE_ELMA_INC,0.0,,0.5,2.0,0.5,1.0,1.0,2.0,0.02,0.019531250000000003,0.01984375,continuation_trial,12,false
sensitivity_601,continuation_trial,virgin_metal_tax_tax_0_019687500000000004,virgin_metal_tax,0.019687500000000004,LOCALLY_INFEASIBLE,INFEASIBLE_POINT,true,6.869219001,0.000994557638738569,0,0.0,0,material_composite_production_REU,eqpzs,IND_REU_NEW_ELMA,0.000994557638738569,EOL_FLOW_EOL_DE_ELMA_INC,0.0,,0.5,2.0,0.5,1.0,1.0,2.0,0.02,0.019531250000000003,0.019687500000000004,continuation_trial,13,true
sensitivity_601,continuation_trial,virgin_metal_tax_tax_0_02,virgin_metal_tax,0.02,LOCALLY_INFEASIBLE,INFEASIBLE_POINT,false,6.951778982,0.0010553936150518028,1,0.0,0,material_composite_production_REU,eqpzs,IND_REU_NEW_ELMA,0.0010553936150518028,EOL_FLOW_EOL_DE_ELMA_INC,0.0,,0.5,2.0,0.5,1.0,1.0,2.0,0.02,0.019687500000000004,0.02,continuation_trial,14,false
sensitivity_601,continuation_trial,virgin_metal_tax_tax_0_01984375,virgin_metal_tax,0.01984375,LOCALLY_INFEASIBLE,INFEASIBLE_POINT,false,6.825792304,0.0010250382041521178,1,0.0,0,material_composite_production_REU,eqpzs,IND_REU_NEW_ELMA,0.0010250382041521178,EOL_FLOW_EOL_DE_ELMA_INC,0.0,,0.5,2.0,0.5,1.0,1.0,2.0,0.02,0.019687500000000004,0.01984375,continuation_trial,15,false
sensitivity_601,continuation_trial,virgin_metal_tax_tax_0_019765625000000002,virgin_metal_tax,0.019765625000000002,LOCALLY_INFEASIBLE,INFEASIBLE_POINT,false,8.032871856,0.001005549356854818,1,0.0,0,material_composite_production_REU,eqpzs,IND_REU_NEW_ELMA,0.001005549356854818,EOL_FLOW_EOL_DE_ELMA_INC,0.0,,0.5,2.0,0.5,1.0,1.0,2.0,0.02,0.019687500000000004,0.019765625000000002,continuation_trial,16,false
sensitivity_601,continuation_trial,virgin_metal_tax_tax_0_019726562500000003,virgin_metal_tax,0.019726562500000003,LOCALLY_INFEASIBLE,INFEASIBLE_POINT,false,6.906850114,0.0010001814469107195,1,0.0,0,material_composite_production_REU,eqpzs,IND_REU_NEW_ELMA,0.0010001814469107195,EOL_FLOW_EOL_DE_ELMA_INC,0.0,,0.5,2.0,0.5,1.0,1.0,2.0,0.02,0.019687500000000004,0.019726562500000003,continuation_trial,17,false
sensitivity_601,predictor_target,virgin_metal_tax_tax_0_02,virgin_metal_tax,0.02,INVALID_MODEL,FEASIBLE_POINT,false,2.728765605,0.9999868341976736,6,0.0,0,regional_circular_household_utility,regional_circular_utility,PL,0.9999868341976736,EOL_FLOW_EOL_DE_ELMA_INC,0.0,,0.5,2.0,0.5,1.0,1.0,2.0,0.02,0.019687500000000004,0.02,predictor_target,18,false
sensitivity_601,baseline,baseline,,0.0,ALMOST_LOCALLY_SOLVED,NEARLY_FEASIBLE_POINT,true,3.795059118,5.065251296176854e-7,0,0.0,0,observed_physical_flow_links,quantity_link,physical_SK_OFMA_REP_route_input_mass,5.065251296176854e-7,EOL_FLOW_EOL_DE_ELMA_INC,0.0,,0.5,2.0,0.5,1.0,1.0,2.0,0.0,0.0,0.0,baseline,1,true
sensitivity_627,direct_target,virgin_metal_tax_tax_0_0025,virgin_metal_tax,0.0025,LOCALLY_INFEASIBLE,INFEASIBLE_POINT,false,29.586019883,0.004026873668543374,1,0.0,0,observed_physical_flow_links,quantity_link,physical_SK_OFMA_REP_route_input_mass,0.004026873668543374,EOL_FLOW_EOL_DE_ELMA_INC,0.0,,2.0,1.0,0.5,2.0,1.0,2.0,0.0025,0.0,0.0025,direct_target,1,false
sensitivity_627,continuation_trial,virgin_metal_tax_tax_0_00125,virgin_metal_tax,0.00125,LOCALLY_INFEASIBLE,INFEASIBLE_POINT,true,18.36750909,6.601972438269321e-5,0,0.0,0,material_composite_production_REU,eqpzs,IND_REU_NEW_ELMA,6.601972438269321e-5,EOL_FLOW_EOL_DE_ELMA_INC,0.0,,2.0,1.0,0.5,2.0,1.0,2.0,0.0025,0.0,0.00125,continuation_trial,2,true
sensitivity_627,continuation_trial,virgin_metal_tax_tax_0_0025,virgin_metal_tax,0.0025,LOCALLY_INFEASIBLE,INFEASIBLE_POINT,true,11.815943221,0.00013442398747309792,0,0.0,0,material_composite_production_REU,eqpzs,IND_REU_NEW_ELMA,0.00013442398747309792,EOL_FLOW_EOL_DE_ELMA_INC,0.0,,2.0,1.0,0.5,2.0,1.0,2.0,0.0025,0.00125,0.0025,continuation_trial,3,true
sensitivity_627,direct_target,virgin_metal_tax_tax_0_005,virgin_metal_tax,0.005,TIME_LIMIT,NEARLY_FEASIBLE_POINT,false,123.562043438,0.022993308406391577,4,0.0,0,eu_wide_eol_allocation,eu_wide_eol_allocation,OFMA|EOL_SK_OFMA_REF,0.022993308406391577,EOL_FLOW_EOL_DE_ELMA_INC,0.0,,2.0,1.0,0.5,2.0,1.0,2.0,0.005,0.0025,0.005,direct_target,1,false
sensitivity_627,continuation_trial,virgin_metal_tax_tax_0_00375,virgin_metal_tax,0.00375,ALMOST_LOCALLY_SOLVED,NEARLY_FEASIBLE_POINT,true,12.494360568,5.660263351214834e-5,0,0.0,0,material_composite_production_REU,eqpzs,IND_REU_NEW_ELMA,5.660263351214834e-5,EOL_FLOW_EOL_DE_ELMA_INC,0.0,,2.0,1.0,0.5,2.0,1.0,2.0,0.005,0.0025,0.00375,continuation_trial,2,true
sensitivity_627,continuation_trial,virgin_metal_tax_tax_0_005,virgin_metal_tax,0.005,LOCALLY_INFEASIBLE,INFEASIBLE_POINT,false,40.82810876,0.0023667839359173826,1,0.0,0,observed_physical_flow_links,quantity_link,physical_SK_OFMA_REP_route_input_mass,0.0023667839359173826,EOL_FLOW_EOL_DE_ELMA_INC,0.0,,2.0,1.0,0.5,2.0,1.0,2.0,0.005,0.00375,0.005,continuation_trial,3,false
sensitivity_627,continuation_trial,virgin_metal_tax_tax_0_004375,virgin_metal_tax,0.004375,LOCALLY_INFEASIBLE,INFEASIBLE_POINT,true,25.677506594,0.00019931041251064485,0,0.0,0,material_composite_production_REU,eqpzs,IND_REU_NEW_ELMA,0.00019931041251064485,EOL_FLOW_EOL_DE_ELMA_INC,0.0,,2.0,1.0,0.5,2.0,1.0,2.0,0.005,0.00375,0.004375,continuation_trial,4,true
sensitivity_627,continuation_trial,virgin_metal_tax_tax_0_005,virgin_metal_tax,0.005,LOCALLY_INFEASIBLE,INFEASIBLE_POINT,true,23.433372627,0.0002527730949103413,0,0.0,0,material_composite_production_REU,eqpzs,IND_REU_NEW_ELMA,0.0002527730949103413,EOL_FLOW_EOL_DE_ELMA_INC,0.0,,2.0,1.0,0.5,2.0,1.0,2.0,0.005,0.004375,0.005,continuation_trial,5,true
sensitivity_627,direct_target,virgin_metal_tax_tax_0_01,virgin_metal_tax,0.01,LOCALLY_INFEASIBLE,INFEASIBLE_POINT,true,28.768179498,0.0005312350811066402,0,0.0,0,material_composite_production_REU,eqpzs,IND_REU_NEW_ELMA,0.0005312350811066402,EOL_FLOW_EOL_DE_ELMA_INC,0.0,,2.0,1.0,0.5,2.0,1.0,2.0,0.01,0.005,0.01,direct_target,1,true
sensitivity_627,direct_target,virgin_metal_tax_tax_0_02,virgin_metal_tax,0.02,LOCALLY_INFEASIBLE,INFEASIBLE_POINT,false,27.611113123,0.0010745326984260561,1,0.0,0,material_composite_production_REU,eqpzs,IND_REU_NEW_ELMA,0.0010745326984260561,EOL_FLOW_EOL_DE_ELMA_INC,0.0,,2.0,1.0,0.5,2.0,1.0,2.0,0.02,0.01,0.02,direct_target,1,false
sensitivity_627,continuation_trial,virgin_metal_tax_tax_0_015,virgin_metal_tax,0.015,LOCALLY_INFEASIBLE,INFEASIBLE_POINT,true,20.833765081,0.000793353831614052,0,0.0,0,material_composite_production_REU,eqpzs,IND_REU_NEW_ELMA,0.000793353831614052,EOL_FLOW_EOL_DE_ELMA_INC,0.0,,2.0,1.0,0.5,2.0,1.0,2.0,0.02,0.01,0.015,continuation_trial,2,true
sensitivity_627,continuation_trial,virgin_metal_tax_tax_0_02,virgin_metal_tax,0.02,LOCALLY_INFEASIBLE,INFEASIBLE_POINT,false,29.549845914,0.0010401646221467145,1,0.0,0,common_eu_trade,eu_cet_quantity,NEW_ELMA|SK,0.0010401646221467145,EOL_FLOW_EOL_DE_ELMA_INC,0.0,,2.0,1.0,0.5,2.0,1.0,2.0,0.02,0.015,0.02,continuation_trial,3,false
sensitivity_627,continuation_trial,virgin_metal_tax_tax_0_0175,virgin_metal_tax,0.0175,LOCALLY_INFEASIBLE,INFEASIBLE_POINT,true,23.374444782,0.0009923960576458462,0,0.0,0,common_eu_trade,eu_cet_quantity,NEW_ELMA|SK,0.0009923960576458462,EOL_FLOW_EOL_DE_ELMA_INC,0.0,,2.0,1.0,0.5,2.0,1.0,2.0,0.02,0.015,0.0175,continuation_trial,4,true
sensitivity_627,continuation_trial,virgin_metal_tax_tax_0_02,virgin_metal_tax,0.02,LOCALLY_INFEASIBLE,INFEASIBLE_POINT,false,26.771383865,0.0010970309188778739,1,0.0,0,common_eu_trade,eu_cet_quantity,NEW_ELMA|SK,0.0010970309188778739,EOL_FLOW_EOL_DE_ELMA_INC,0.0,,2.0,1.0,0.5,2.0,1.0,2.0,0.02,0.0175,0.02,continuation_trial,5,false
sensitivity_627,continuation_trial,virgin_metal_tax_tax_0_018750000000000003,virgin_metal_tax,0.018750000000000003,LOCALLY_INFEASIBLE,INFEASIBLE_POINT,false,32.710551013,0.0010233334350777793,1,0.0,0,common_eu_trade,eu_cet_quantity,NEW_ELMA|SK,0.0010233334350777793,EOL_FLOW_EOL_DE_ELMA_INC,0.0,,2.0,1.0,0.5,2.0,1.0,2.0,0.02,0.0175,0.018750000000000003,continuation_trial,6,false
sensitivity_627,continuation_trial,virgin_metal_tax_tax_0_018125000000000002,virgin_metal_tax,0.018125000000000002,LOCALLY_INFEASIBLE,INFEASIBLE_POINT,false,11.670896949,0.001033690367358495,1,0.0,0,common_eu_trade,eu_cet_quantity,NEW_ELMA|SK,0.001033690367358495,EOL_FLOW_EOL_DE_ELMA_INC,0.0,,2.0,1.0,0.5,2.0,1.0,2.0,0.02,0.0175,0.018125000000000002,continuation_trial,7,false
sensitivity_627,continuation_trial,virgin_metal_tax_tax_0_017812500000000002,virgin_metal_tax,0.017812500000000002,LOCALLY_INFEASIBLE,INFEASIBLE_POINT,false,80.355387173,0.0019015408323971306,1,0.0,0,observed_physical_flow_links,quantity_link,physical_SK_OFMA_REP_route_input_mass,0.0019015408323971306,EOL_FLOW_EOL_DE_ELMA_INC,0.0,,2.0,1.0,0.5,2.0,1.0,2.0,0.02,0.0175,0.017812500000000002,continuation_trial,8,false
sensitivity_627,continuation_trial,virgin_metal_tax_tax_0_017656250000000002,virgin_metal_tax,0.017656250000000002,LOCALLY_INFEASIBLE,INFEASIBLE_POINT,true,24.013768729,0.000967599401440515,0,0.0,0,common_eu_trade,eu_cet_quantity,NEW_ELMA|SK,0.000967599401440515,EOL_FLOW_EOL_DE_ELMA_INC,0.0,,2.0,1.0,0.5,2.0,1.0,2.0,0.02,0.0175,0.017656250000000002,continuation_trial,9,true
sensitivity_627,continuation_trial,virgin_metal_tax_tax_0_017968750000000002,virgin_metal_tax,0.017968750000000002,LOCALLY_INFEASIBLE,INFEASIBLE_POINT,false,17.068744513,0.0010294300566656195,1,0.0,0,common_eu_trade,eu_cet_quantity,NEW_ELMA|SK,0.0010294300566656195,EOL_FLOW_EOL_DE_ELMA_INC,0.0,,2.0,1.0,0.5,2.0,1.0,2.0,0.02,0.017656250000000002,0.017968750000000002,continuation_trial,10,false
sensitivity_627,continuation_trial,virgin_metal_tax_tax_0_017812500000000002,virgin_metal_tax,0.017812500000000002,LOCALLY_INFEASIBLE,INFEASIBLE_POINT,true,16.002699518,0.0008722454527739314,0,0.0,0,common_eu_trade,eu_cet_quantity,NEW_ELMA|SK,0.0008722454527739314,EOL_FLOW_EOL_DE_ELMA_INC,0.0,,2.0,1.0,0.5,2.0,1.0,2.0,0.02,0.017656250000000002,0.017812500000000002,continuation_trial,11,true
sensitivity_627,continuation_trial,virgin_metal_tax_tax_0_018125000000000002,virgin_metal_tax,0.018125000000000002,LOCALLY_INFEASIBLE,INFEASIBLE_POINT,true,25.790531543,0.0006987364915003546,0,0.0,0,common_eu_trade,eu_cet_quantity,NEW_ELMA|SK,0.0006987364915003546,EOL_FLOW_EOL_DE_ELMA_INC,0.0,,2.0,1.0,0.5,2.0,1.0,2.0,0.02,0.017812500000000002,0.018125000000000002,continuation_trial,12,true
sensitivity_627,continuation_trial,virgin_metal_tax_tax_0_018750000000000003,virgin_metal_tax,0.018750000000000003,LOCALLY_INFEASIBLE,INFEASIBLE_POINT,true,21.035834969,0.0009456298434695635,0,0.0,0,common_eu_trade,eu_cet_quantity,NEW_ELMA|SK,0.0009456298434695635,EOL_FLOW_EOL_DE_ELMA_INC,0.0,,2.0,1.0,0.5,2.0,1.0,2.0,0.02,0.018125000000000002,0.018750000000000003,continuation_trial,13,true
sensitivity_627,continuation_trial,virgin_metal_tax_tax_0_02,virgin_metal_tax,0.02,LOCALLY_INFEASIBLE,INFEASIBLE_POINT,false,50.073655555,0.001067762374442686,1,0.0,0,common_eu_trade,eu_cet_quantity,NEW_ELMA|SK,0.001067762374442686,EOL_FLOW_EOL_DE_ELMA_INC,0.0,,2.0,1.0,0.5,2.0,1.0,2.0,0.02,0.018750000000000003,0.02,continuation_trial,14,false
sensitivity_627,continuation_trial,virgin_metal_tax_tax_0_019375000000000003,virgin_metal_tax,0.019375000000000003,LOCALLY_INFEASIBLE,INFEASIBLE_POINT,true,9.684590325,0.0008520437199038668,0,0.0,0,common_eu_trade,eu_cet_quantity,NEW_ELMA|SK,0.0008520437199038668,EOL_FLOW_EOL_DE_ELMA_INC,0.0,,2.0,1.0,0.5,2.0,1.0,2.0,0.02,0.018750000000000003,0.019375000000000003,continuation_trial,15,true
sensitivity_627,continuation_trial,virgin_metal_tax_tax_0_02,virgin_metal_tax,0.02,LOCALLY_INFEASIBLE,INFEASIBLE_POINT,false,63.750361366,0.0010331156096158682,1,0.0,0,common_eu_trade,eu_cet_quantity,NEW_ELMA|SK,0.0010331156096158682,EOL_FLOW_EOL_DE_ELMA_INC,0.0,,2.0,1.0,0.5,2.0,1.0,2.0,0.02,0.019375000000000003,0.02,continuation_trial,16,false
sensitivity_627,continuation_trial,virgin_metal_tax_tax_0_019687500000000004,virgin_metal_tax,0.019687500000000004,LOCALLY_INFEASIBLE,INFEASIBLE_POINT,false,10.984639893,0.001011399727436182,1,0.0,0,common_eu_trade,eu_cet_quantity,NEW_ELMA|SK,0.001011399727436182,EOL_FLOW_EOL_DE_ELMA_INC,0.0,,2.0,1.0,0.5,2.0,1.0,2.0,0.02,0.019375000000000003,0.019687500000000004,continuation_trial,17,false
sensitivity_627,continuation_trial,virgin_metal_tax_tax_0_019531250000000003,virgin_metal_tax,0.019531250000000003,LOCALLY_INFEASIBLE,INFEASIBLE_POINT,false,14.958137965,0.0010319214219366773,1,0.0,0,common_eu_trade,eu_cet_quantity,NEW_ELMA|SK,0.0010319214219366773,EOL_FLOW_EOL_DE_ELMA_INC,0.0,,2.0,1.0,0.5,2.0,1.0,2.0,0.02,0.019375000000000003,0.019531250000000003,continuation_trial,18,false
sensitivity_627,continuation_trial,virgin_metal_tax_tax_0_019453125,virgin_metal_tax,0.019453125,LOCALLY_INFEASIBLE,INFEASIBLE_POINT,false,13.63552526,0.0011169577760349154,1,8.61037554363855e-9,0,common_eu_trade,eu_cet_quantity,NEW_ELMA|SK,0.0011169577760349154,F_FAC_SK_CAP_IND_SK_REF_OFMA,8.61037554363855e-9,,2.0,1.0,0.5,2.0,1.0,2.0,0.02,0.019375000000000003,0.019453125,continuation_trial,19,false
sensitivity_627,continuation_trial,virgin_metal_tax_tax_0_019414062500000002,virgin_metal_tax,0.019414062500000002,LOCALLY_INFEASIBLE,INFEASIBLE_POINT,false,7.609952936,0.0010529621374867006,1,0.0,0,common_eu_trade,eu_cet_quantity,NEW_ELMA|SK,0.0010529621374867006,EOL_FLOW_EOL_DE_ELMA_INC,0.0,,2.0,1.0,0.5,2.0,1.0,2.0,0.02,0.019375000000000003,0.019414062500000002,continuation_trial,20,false
sensitivity_627,predictor_target,virgin_metal_tax_tax_0_02,virgin_metal_tax,0.02,LOCALLY_INFEASIBLE,INFEASIBLE_POINT,false,45.201772594,0.006574439828754386,1,0.0,0,observed_physical_flow_links,quantity_link,physical_SK_OFMA_REP_route_input_mass,0.006574439828754386,EOL_FLOW_EOL_DE_ELMA_INC,0.0,,2.0,1.0,0.5,2.0,1.0,2.0,0.02,0.019375000000000003,0.02,predictor_target,21,false
sensitivity_627,baseline,baseline,,0.0,ALMOST_LOCALLY_SOLVED,NEARLY_FEASIBLE_POINT,true,3.062758447,5.082075157369914e-7,0,0.0,0,observed_physical_flow_links,quantity_link,physical_SK_OFMA_REP_route_input_mass,5.082075157369914e-7,EOL_FLOW_EOL_DE_ELMA_INC,0.0,,2.0,1.0,0.5,2.0,1.0,2.0,0.0,0.0,0.0,baseline,1,true
sensitivity_630,direct_target,virgin_metal_tax_tax_0_0025,virgin_metal_tax,0.0025,LOCALLY_INFEASIBLE,INFEASIBLE_POINT,false,19.734916386,0.009112945845014764,1,0.0,0,observed_physical_flow_links,quantity_link,physical_SK_OFMA_REP_route_input_mass,0.009112945845014764,EOL_FLOW_EOL_DE_ELMA_INC,0.0,,2.0,2.0,0.5,2.0,1.0,2.0,0.0025,0.0,0.0025,direct_target,1,false
sensitivity_630,continuation_trial,virgin_metal_tax_tax_0_00125,virgin_metal_tax,0.00125,LOCALLY_INFEASIBLE,INFEASIBLE_POINT,true,9.558873689,8.184421946189069e-5,0,0.0,0,eu_wide_eol_allocation,eu_wide_eol_allocation,OFMA|EOL_SK_OFMA_REP,8.184421946189069e-5,EOL_FLOW_EOL_DE_ELMA_INC,0.0,,2.0,2.0,0.5,2.0,1.0,2.0,0.0025,0.0,0.00125,continuation_trial,2,true
sensitivity_630,continuation_trial,virgin_metal_tax_tax_0_0025,virgin_metal_tax,0.0025,LOCALLY_INFEASIBLE,INFEASIBLE_POINT,false,31.255008492,0.0035874931981947356,1,0.0,0,observed_physical_flow_links,quantity_link,physical_SK_OFMA_REP_route_input_mass,0.0035874931981947356,EOL_FLOW_EOL_DE_ELMA_INC,0.0,,2.0,2.0,0.5,2.0,1.0,2.0,0.0025,0.00125,0.0025,continuation_trial,3,false
sensitivity_630,continuation_trial,virgin_metal_tax_tax_0_001875,virgin_metal_tax,0.001875,LOCALLY_INFEASIBLE,INFEASIBLE_POINT,true,28.375396937,0.00010056678575742772,0,0.0,0,material_composite_production_REU,eqpzs,IND_REU_NEW_ELMA,0.00010056678575742772,EOL_FLOW_EOL_DE_ELMA_INC,0.0,,2.0,2.0,0.5,2.0,1.0,2.0,0.0025,0.00125,0.001875,continuation_trial,4,true
sensitivity_630,continuation_trial,virgin_metal_tax_tax_0_0025,virgin_metal_tax,0.0025,LOCALLY_INFEASIBLE,INFEASIBLE_POINT,true,13.438415139,0.00013471268408637993,0,0.0,0,material_composite_production_REU,eqpzs,IND_REU_NEW_ELMA,0.00013471268408637993,EOL_FLOW_EOL_DE_ELMA_INC,0.0,,2.0,2.0,0.5,2.0,1.0,2.0,0.0025,0.001875,0.0025,continuation_trial,5,true
sensitivity_630,direct_target,virgin_metal_tax_tax_0_005,virgin_metal_tax,0.005,LOCALLY_INFEASIBLE,INFEASIBLE_POINT,true,84.959917967,0.0003081893061909202,0,0.0,0,material_composite_production_SK,eqpzs,IND_SK_NEW_ELMA,0.0003081893061909202,EOL_FLOW_EOL_DE_ELMA_INC,0.0,,2.0,2.0,0.5,2.0,1.0,2.0,0.005,0.0025,0.005,direct_target,1,true
sensitivity_630,direct_target,virgin_metal_tax_tax_0_01,virgin_metal_tax,0.01,LOCALLY_INFEASIBLE,INFEASIBLE_POINT,true,24.127238332,0.0005663762428926855,0,0.0,0,material_composite_production_SK,eqpzs,IND_SK_NEW_ELMA,0.0005663762428926855,EOL_FLOW_EOL_DE_ELMA_INC,0.0,,2.0,2.0,0.5,2.0,1.0,2.0,0.01,0.005,0.01,direct_target,1,true
sensitivity_630,direct_target,virgin_metal_tax_tax_0_02,virgin_metal_tax,0.02,LOCALLY_INFEASIBLE,INFEASIBLE_POINT,false,87.840530096,0.006368390426510384,3,0.0,0,observed_physical_flow_links,quantity_link,physical_SK_OFMA_REP_route_input_mass,0.006368390426510384,EOL_FLOW_EOL_DE_ELMA_INC,0.0,,2.0,2.0,0.5,2.0,1.0,2.0,0.02,0.01,0.02,direct_target,1,false
sensitivity_630,continuation_trial,virgin_metal_tax_tax_0_015,virgin_metal_tax,0.015,LOCALLY_INFEASIBLE,INFEASIBLE_POINT,false,55.932995571,0.024239640912107285,1,0.0,0,observed_physical_flow_links,quantity_link,physical_SK_OFMA_REP_route_input_mass,0.024239640912107285,EOL_FLOW_EOL_DE_ELMA_INC,0.0,,2.0,2.0,0.5,2.0,1.0,2.0,0.02,0.01,0.015,continuation_trial,2,false
sensitivity_630,continuation_trial,virgin_metal_tax_tax_0_0125,virgin_metal_tax,0.0125,LOCALLY_INFEASIBLE,INFEASIBLE_POINT,true,33.984051117,0.0005827125651957088,0,0.0,0,material_composite_production_REU,eqpzs,IND_REU_NEW_ELMA,0.0005827125651957088,EOL_FLOW_EOL_DE_ELMA_INC,0.0,,2.0,2.0,0.5,2.0,1.0,2.0,0.02,0.01,0.0125,continuation_trial,3,true
sensitivity_630,continuation_trial,virgin_metal_tax_tax_0_0175,virgin_metal_tax,0.0175,LOCALLY_INFEASIBLE,INFEASIBLE_POINT,true,103.834257566,0.0009230264931481269,0,0.0,0,material_composite_production_REU,eqpzs,IND_REU_NEW_ELMA,0.0009230264931481269,EOL_FLOW_EOL_DE_ELMA_INC,0.0,,2.0,2.0,0.5,2.0,1.0,2.0,0.02,0.0125,0.0175,continuation_trial,4,true
sensitivity_630,continuation_trial,virgin_metal_tax_tax_0_02,virgin_metal_tax,0.02,LOCALLY_INFEASIBLE,INFEASIBLE_POINT,false,28.041752272,0.001217614428697389,2,0.0,0,material_composite_production_SK,eqpzs,IND_SK_NEW_ELMA,0.001217614428697389,EOL_FLOW_EOL_DE_ELMA_INC,0.0,,2.0,2.0,0.5,2.0,1.0,2.0,0.02,0.0175,0.02,continuation_trial,5,false
sensitivity_630,continuation_trial,virgin_metal_tax_tax_0_018750000000000003,virgin_metal_tax,0.018750000000000003,LOCALLY_INFEASIBLE,INFEASIBLE_POINT,true,39.073271109,0.0009861524325018856,0,0.0,0,material_composite_production_REU,eqpzs,IND_REU_NEW_ELMA,0.0009861524325018856,EOL_FLOW_EOL_DE_ELMA_INC,0.0,,2.0,2.0,0.5,2.0,1.0,2.0,0.02,0.0175,0.018750000000000003,continuation_trial,6,true
sensitivity_630,continuation_trial,virgin_metal_tax_tax_0_02,virgin_metal_tax,0.02,LOCALLY_INFEASIBLE,INFEASIBLE_POINT,false,46.29877274,0.0012690641215159504,2,0.0,0,material_composite_production_SK,eqpzs,IND_SK_NEW_ELMA,0.0012690641215159504,EOL_FLOW_EOL_DE_ELMA_INC,0.0,,2.0,2.0,0.5,2.0,1.0,2.0,0.02,0.018750000000000003,0.02,continuation_trial,7,false
sensitivity_630,continuation_trial,virgin_metal_tax_tax_0_019375000000000003,virgin_metal_tax,0.019375000000000003,LOCALLY_INFEASIBLE,INFEASIBLE_POINT,true,25.492928967,0.0009155021786858564,0,0.0,0,material_composite_production_REU,eqpzs,IND_REU_NEW_ELMA,0.0009155021786858564,EOL_FLOW_EOL_DE_ELMA_INC,0.0,,2.0,2.0,0.5,2.0,1.0,2.0,0.02,0.018750000000000003,0.019375000000000003,continuation_trial,8,true
sensitivity_630,continuation_trial,virgin_metal_tax_tax_0_02,virgin_metal_tax,0.02,LOCALLY_INFEASIBLE,INFEASIBLE_POINT,false,20.304409906,0.0012079175212775795,1,0.0,0,material_composite_production_SK,eqpzs,IND_SK_NEW_ELMA,0.0012079175212775795,EOL_FLOW_EOL_DE_ELMA_INC,0.0,,2.0,2.0,0.5,2.0,1.0,2.0,0.02,0.019375000000000003,0.02,continuation_trial,9,false
sensitivity_630,continuation_trial,virgin_metal_tax_tax_0_019687500000000004,virgin_metal_tax,0.019687500000000004,LOCALLY_INFEASIBLE,INFEASIBLE_POINT,false,67.90281581,0.0010918340343585298,1,0.0,0,material_composite_production_SK,eqpzs,IND_SK_NEW_ELMA,0.0010918340343585298,EOL_FLOW_EOL_DE_ELMA_INC,0.0,,2.0,2.0,0.5,2.0,1.0,2.0,0.02,0.019375000000000003,0.019687500000000004,continuation_trial,10,false
sensitivity_630,continuation_trial,virgin_metal_tax_tax_0_019531250000000003,virgin_metal_tax,0.019531250000000003,LOCALLY_INFEASIBLE,INFEASIBLE_POINT,true,21.964333127,0.000931794377056594,0,0.0,0,material_composite_production_SK,eqpzs,IND_SK_NEW_ELMA,0.000931794377056594,EOL_FLOW_EOL_DE_ELMA_INC,0.0,,2.0,2.0,0.5,2.0,1.0,2.0,0.02,0.019375000000000003,0.019531250000000003,continuation_trial,11,true
sensitivity_630,continuation_trial,virgin_metal_tax_tax_0_01984375,virgin_metal_tax,0.01984375,LOCALLY_INFEASIBLE,INFEASIBLE_POINT,false,30.029068826,0.0010429629286373698,1,0.0,0,material_composite_production_REU,eqpzs,IND_REU_NEW_ELMA,0.0010429629286373698,EOL_FLOW_EOL_DE_ELMA_INC,0.0,,2.0,2.0,0.5,2.0,1.0,2.0,0.02,0.019531250000000003,0.01984375,continuation_trial,12,false
sensitivity_630,continuation_trial,virgin_metal_tax_tax_0_019687500000000004,virgin_metal_tax,0.019687500000000004,LOCALLY_INFEASIBLE,INFEASIBLE_POINT,true,7.056593491,0.0009286174054466967,0,0.0,0,material_composite_production_SK,eqpzs,IND_SK_NEW_ELMA,0.0009286174054466967,EOL_FLOW_EOL_DE_ELMA_INC,0.0,,2.0,2.0,0.5,2.0,1.0,2.0,0.02,0.019531250000000003,0.019687500000000004,continuation_trial,13,true
sensitivity_630,continuation_trial,virgin_metal_tax_tax_0_02,virgin_metal_tax,0.02,LOCALLY_INFEASIBLE,INFEASIBLE_POINT,false,94.735656775,0.006535767910411883,3,0.0,0,observed_physical_flow_links,quantity_link,physical_SK_OFMA_REP_route_input_mass,0.006535767910411883,EOL_FLOW_EOL_DE_ELMA_INC,0.0,,2.0,2.0,0.5,2.0,1.0,2.0,0.02,0.019687500000000004,0.02,continuation_trial,14,false
sensitivity_630,continuation_trial,virgin_metal_tax_tax_0_01984375,virgin_metal_tax,0.01984375,LOCALLY_INFEASIBLE,INFEASIBLE_POINT,true,13.356648494,0.000790959850643258,0,0.0,0,material_composite_production_SK,eqpzs,IND_SK_NEW_ELMA,0.000790959850643258,EOL_FLOW_EOL_DE_ELMA_INC,0.0,,2.0,2.0,0.5,2.0,1.0,2.0,0.02,0.019687500000000004,0.01984375,continuation_trial,15,true
sensitivity_630,continuation_trial,virgin_metal_tax_tax_0_02,virgin_metal_tax,0.02,LOCALLY_INFEASIBLE,INFEASIBLE_POINT,false,85.697380837,0.0010776533160394841,1,0.0,0,material_composite_production_REU,eqpzs,IND_REU_NEW_ELMA,0.0010776533160394841,EOL_FLOW_EOL_DE_ELMA_INC,0.0,,2.0,2.0,0.5,2.0,1.0,2.0,0.02,0.01984375,0.02,continuation_trial,16,false
sensitivity_630,continuation_trial,virgin_metal_tax_tax_0_019921875,virgin_metal_tax,0.019921875,LOCALLY_INFEASIBLE,INFEASIBLE_POINT,false,53.841990921,0.006798799258907584,1,0.0,0,observed_physical_flow_links,quantity_link,physical_SK_OFMA_REP_route_input_mass,0.006798799258907584,EOL_FLOW_EOL_DE_ELMA_INC,0.0,,2.0,2.0,0.5,2.0,1.0,2.0,0.02,0.01984375,0.019921875,continuation_trial,17,false
sensitivity_630,continuation_trial,virgin_metal_tax_tax_0_0198828125,virgin_metal_tax,0.0198828125,LOCALLY_INFEASIBLE,INFEASIBLE_POINT,false,84.721323296,0.001068097576096494,1,0.0,0,material_composite_production_REU,eqpzs,IND_REU_NEW_ELMA,0.001068097576096494,EOL_FLOW_EOL_DE_ELMA_INC,0.0,,2.0,2.0,0.5,2.0,1.0,2.0,0.02,0.01984375,0.0198828125,continuation_trial,18,false
sensitivity_630,predictor_target,virgin_metal_tax_tax_0_02,virgin_metal_tax,0.02,LOCALLY_INFEASIBLE,INFEASIBLE_POINT,false,77.810190738,0.001039582806801831,1,0.0,0,material_composite_production_REU,eqpzs,IND_REU_NEW_ELMA,0.001039582806801831,EOL_FLOW_EOL_DE_ELMA_INC,0.0,,2.0,2.0,0.5,2.0,1.0,2.0,0.02,0.01984375,0.02,predictor_target,19,false
sensitivity_630,baseline,baseline,,0.0,ALMOST_LOCALLY_SOLVED,NEARLY_FEASIBLE_POINT,true,3.022938345,5.082075026363597e-7,0,0.0,0,observed_physical_flow_links,quantity_link,physical_SK_OFMA_REP_route_input_mass,5.082075026363597e-7,EOL_FLOW_EOL_DE_ELMA_INC,0.0,,2.0,2.0,0.5,2.0,1.0,2.0,0.0,0.0,0.0,baseline,1,true
sensitivity_637,direct_target,virgin_metal_tax_tax_0_0025,virgin_metal_tax,0.0025,LOCALLY_INFEASIBLE,INFEASIBLE_POINT,true,13.805811709,0.00013353734154519792,0,0.0,0,material_composite_production_REU,eqpzs,IND_REU_NEW_ELMA,0.00013353734154519792,EOL_FLOW_EOL_DE_ELMA_INC,0.0,,0.5,2.0,1.0,2.0,1.0,2.0,0.0025,0.0,0.0025,direct_target,1,true
sensitivity_637,direct_target,virgin_metal_tax_tax_0_005,virgin_metal_tax,0.005,LOCALLY_INFEASIBLE,INFEASIBLE_POINT,true,19.198267199,0.00026689601919627215,0,0.0,0,material_composite_production_REU,eqpzs,IND_REU_NEW_ELMA,0.00026689601919627215,EOL_FLOW_EOL_DE_ELMA_INC,0.0,,0.5,2.0,1.0,2.0,1.0,2.0,0.005,0.0025,0.005,direct_target,1,true
sensitivity_637,direct_target,virgin_metal_tax_tax_0_01,virgin_metal_tax,0.01,LOCALLY_INFEASIBLE,INFEASIBLE_POINT,true,31.483191154,0.0005218149922734394,0,0.0,0,material_composite_production_REU,eqpzs,IND_REU_NEW_ELMA,0.0005218149922734394,EOL_FLOW_EOL_DE_ELMA_INC,0.0,,0.5,2.0,1.0,2.0,1.0,2.0,0.01,0.005,0.01,direct_target,1,true
sensitivity_637,direct_target,virgin_metal_tax_tax_0_02,virgin_metal_tax,0.02,LOCALLY_INFEASIBLE,INFEASIBLE_POINT,false,24.863665166,0.0010807330676072535,1,0.0,0,material_composite_production_REU,eqpzs,IND_REU_NEW_ELMA,0.0010807330676072535,EOL_FLOW_EOL_DE_ELMA_INC,0.0,,0.5,2.0,1.0,2.0,1.0,2.0,0.02,0.01,0.02,direct_target,1,false
sensitivity_637,continuation_trial,virgin_metal_tax_tax_0_015,virgin_metal_tax,0.015,LOCALLY_INFEASIBLE,INFEASIBLE_POINT,true,19.372590057,0.0007354639437514576,0,0.0,0,material_composite_production_REU,eqpzs,IND_REU_NEW_ELMA,0.0007354639437514576,EOL_FLOW_EOL_DE_ELMA_INC,0.0,,0.5,2.0,1.0,2.0,1.0,2.0,0.02,0.01,0.015,continuation_trial,2,true
sensitivity_637,continuation_trial,virgin_metal_tax_tax_0_02,virgin_metal_tax,0.02,LOCALLY_INFEASIBLE,INFEASIBLE_POINT,false,17.672101768,0.001059733276923808,1,0.0,0,regional_composite_market,regional_composite_market,IND_IT_OTHER_SERVICES|IT,0.001059733276923808,EOL_FLOW_EOL_DE_ELMA_INC,0.0,,0.5,2.0,1.0,2.0,1.0,2.0,0.02,0.015,0.02,continuation_trial,3,false
sensitivity_637,continuation_trial,virgin_metal_tax_tax_0_0175,virgin_metal_tax,0.0175,LOCALLY_INFEASIBLE,INFEASIBLE_POINT,true,27.053793752,0.0007294308059244692,0,0.0,0,material_composite_production_SK,eqpzs,IND_SK_NEW_ELMA,0.0007294308059244692,EOL_FLOW_EOL_DE_ELMA_INC,0.0,,0.5,2.0,1.0,2.0,1.0,2.0,0.02,0.015,0.0175,continuation_trial,4,true
sensitivity_637,continuation_trial,virgin_metal_tax_tax_0_02,virgin_metal_tax,0.02,LOCALLY_INFEASIBLE,INFEASIBLE_POINT,false,21.72842885,0.0010770700966642455,1,0.0,0,material_composite_production_REU,eqpzs,IND_REU_NEW_ELMA,0.0010770700966642455,EOL_FLOW_EOL_DE_ELMA_INC,0.0,,0.5,2.0,1.0,2.0,1.0,2.0,0.02,0.0175,0.02,continuation_trial,5,false
sensitivity_637,continuation_trial,virgin_metal_tax_tax_0_018750000000000003,virgin_metal_tax,0.018750000000000003,LOCALLY_INFEASIBLE,INFEASIBLE_POINT,false,81.580852497,0.008508194549573744,1,0.0,0,observed_physical_flow_links,quantity_link,physical_SK_OFMA_REP_route_input_mass,0.008508194549573744,EOL_FLOW_EOL_DE_ELMA_INC,0.0,,0.5,2.0,1.0,2.0,1.0,2.0,0.02,0.0175,0.018750000000000003,continuation_trial,6,false
sensitivity_637,continuation_trial,virgin_metal_tax_tax_0_018125000000000002,virgin_metal_tax,0.018125000000000002,LOCALLY_INFEASIBLE,INFEASIBLE_POINT,false,44.3186845,0.00874890103554904,1,0.0,0,observed_physical_flow_links,quantity_link,physical_SK_OFMA_REP_route_input_mass,0.00874890103554904,EOL_FLOW_EOL_DE_ELMA_INC,0.0,,0.5,2.0,1.0,2.0,1.0,2.0,0.02,0.0175,0.018125000000000002,continuation_trial,7,false
sensitivity_637,continuation_trial,virgin_metal_tax_tax_0_017812500000000002,virgin_metal_tax,0.017812500000000002,LOCALLY_INFEASIBLE,INFEASIBLE_POINT,true,8.931877651,0.0007485825769645293,0,0.0,0,material_composite_production_SK,eqpzs,IND_SK_NEW_ELMA,0.0007485825769645293,EOL_FLOW_EOL_DE_ELMA_INC,0.0,,0.5,2.0,1.0,2.0,1.0,2.0,0.02,0.0175,0.017812500000000002,continuation_trial,8,true
sensitivity_637,continuation_trial,virgin_metal_tax_tax_0_018437500000000002,virgin_metal_tax,0.018437500000000002,LOCALLY_INFEASIBLE,INFEASIBLE_POINT,false,40.384477909,0.01431161310135809,1,0.0,0,observed_physical_flow_links,quantity_link,physical_SK_OFMA_REP_route_input_mass,0.01431161310135809,EOL_FLOW_EOL_DE_ELMA_INC,0.0,,0.5,2.0,1.0,2.0,1.0,2.0,0.02,0.017812500000000002,0.018437500000000002,continuation_trial,9,false
sensitivity_637,continuation_trial,virgin_metal_tax_tax_0_018125000000000002,virgin_metal_tax,0.018125000000000002,LOCALLY_INFEASIBLE,INFEASIBLE_POINT,true,25.242233401,0.0009678117594843494,0,0.0,0,material_composite_production_REU,eqpzs,IND_REU_NEW_ELMA,0.0009678117594843494,EOL_FLOW_EOL_DE_ELMA_INC,0.0,,0.5,2.0,1.0,2.0,1.0,2.0,0.02,0.017812500000000002,0.018125000000000002,continuation_trial,10,true
sensitivity_637,continuation_trial,virgin_metal_tax_tax_0_018750000000000003,virgin_metal_tax,0.018750000000000003,LOCALLY_INFEASIBLE,INFEASIBLE_POINT,false,30.998376425,0.001001040584696633,1,0.0,0,material_composite_production_REU,eqpzs,IND_REU_NEW_ELMA,0.001001040584696633,EOL_FLOW_EOL_DE_ELMA_INC,0.0,,0.5,2.0,1.0,2.0,1.0,2.0,0.02,0.018125000000000002,0.018750000000000003,continuation_trial,11,false
sensitivity_637,continuation_trial,virgin_metal_tax_tax_0_018437500000000002,virgin_metal_tax,0.018437500000000002,LOCALLY_INFEASIBLE,INFEASIBLE_POINT,true,17.105935921,0.0009951757297590458,0,3.974941359754168e-9,0,material_composite_production_REU,eqpzs,IND_REU_NEW_ELMA,0.0009951757297590458,F_FAC_SK_LAB_IND_SK_REP_OFMA,3.974941359754168e-9,,0.5,2.0,1.0,2.0,1.0,2.0,0.02,0.018125000000000002,0.018437500000000002,continuation_trial,12,true
sensitivity_637,continuation_trial,virgin_metal_tax_tax_0_019062500000000003,virgin_metal_tax,0.019062500000000003,LOCALLY_INFEASIBLE,INFEASIBLE_POINT,false,30.551973233,0.0010037391611413815,1,0.0,0,material_composite_production_REU,eqpzs,IND_REU_NEW_ELMA,0.0010037391611413815,EOL_FLOW_EOL_DE_ELMA_INC,0.0,,0.5,2.0,1.0,2.0,1.0,2.0,0.02,0.018437500000000002,0.019062500000000003,continuation_trial,13,false
sensitivity_637,continuation_trial,virgin_metal_tax_tax_0_018750000000000003,virgin_metal_tax,0.018750000000000003,LOCALLY_INFEASIBLE,INFEASIBLE_POINT,true,12.181792711,0.0009808531208621574,0,0.0,0,material_composite_production_REU,eqpzs,IND_REU_NEW_ELMA,0.0009808531208621574,EOL_FLOW_EOL_DE_ELMA_INC,0.0,,0.5,2.0,1.0,2.0,1.0,2.0,0.02,0.018437500000000002,0.018750000000000003,continuation_trial,14,true
sensitivity_637,continuation_trial,virgin_metal_tax_tax_0_019375000000000003,virgin_metal_tax,0.019375000000000003,LOCALLY_INFEASIBLE,INFEASIBLE_POINT,false,14.632942533,0.0010388491090852492,1,0.0,0,material_composite_production_REU,eqpzs,IND_REU_NEW_ELMA,0.0010388491090852492,EOL_FLOW_EOL_DE_ELMA_INC,0.0,,0.5,2.0,1.0,2.0,1.0,2.0,0.02,0.018750000000000003,0.019375000000000003,continuation_trial,15,false
sensitivity_637,continuation_trial,virgin_metal_tax_tax_0_019062500000000003,virgin_metal_tax,0.019062500000000003,LOCALLY_INFEASIBLE,INFEASIBLE_POINT,false,27.426860186,0.0010147184938748,1,0.0,0,material_composite_production_REU,eqpzs,IND_REU_NEW_ELMA,0.0010147184938748,EOL_FLOW_EOL_DE_ELMA_INC,0.0,,0.5,2.0,1.0,2.0,1.0,2.0,0.02,0.018750000000000003,0.019062500000000003,continuation_trial,16,false
sensitivity_637,continuation_trial,virgin_metal_tax_tax_0_018906250000000003,virgin_metal_tax,0.018906250000000003,LOCALLY_INFEASIBLE,INFEASIBLE_POINT,true,25.894794018,0.0009650194521934052,0,0.0,0,material_composite_production_REU,eqpzs,IND_REU_NEW_ELMA,0.0009650194521934052,EOL_FLOW_EOL_DE_ELMA_INC,0.0,,0.5,2.0,1.0,2.0,1.0,2.0,0.02,0.018750000000000003,0.018906250000000003,continuation_trial,17,true
sensitivity_637,continuation_trial,virgin_metal_tax_tax_0_019218750000000003,virgin_metal_tax,0.019218750000000003,LOCALLY_INFEASIBLE,INFEASIBLE_POINT,false,25.254205338,0.0010231336273357483,1,0.0,0,material_composite_production_REU,eqpzs,IND_REU_NEW_ELMA,0.0010231336273357483,EOL_FLOW_EOL_DE_ELMA_INC,0.0,,0.5,2.0,1.0,2.0,1.0,2.0,0.02,0.018906250000000003,0.019218750000000003,continuation_trial,18,false
sensitivity_637,continuation_trial,virgin_metal_tax_tax_0_019062500000000003,virgin_metal_tax,0.019062500000000003,LOCALLY_INFEASIBLE,INFEASIBLE_POINT,false,27.836409023,0.0010302074138699435,1,9.00268013855464e-9,0,material_composite_production_REU,eqpzs,IND_REU_NEW_ELMA,0.0010302074138699435,F_FAC_SK_LAB_IND_SK_REP_OFMA,9.00268013855464e-9,,0.5,2.0,1.0,2.0,1.0,2.0,0.02,0.018906250000000003,0.019062500000000003,continuation_trial,19,false
sensitivity_637,continuation_trial,virgin_metal_tax_tax_0_018984375,virgin_metal_tax,0.018984375,LOCALLY_INFEASIBLE,INFEASIBLE_POINT,false,73.242915354,0.001007593365181192,1,0.0,0,material_composite_production_REU,eqpzs,IND_REU_NEW_ELMA,0.001007593365181192,EOL_FLOW_EOL_DE_ELMA_INC,0.0,,0.5,2.0,1.0,2.0,1.0,2.0,0.02,0.018906250000000003,0.018984375,continuation_trial,20,false
sensitivity_637,continuation_trial,virgin_metal_tax_tax_0_018945312500000002,virgin_metal_tax,0.018945312500000002,LOCALLY_INFEASIBLE,INFEASIBLE_POINT,true,46.302196957,0.0009802513209665742,0,0.0,0,material_composite_production_SK,eqpzs,IND_SK_NEW_ELMA,0.0009802513209665742,EOL_FLOW_EOL_DE_ELMA_INC,0.0,,0.5,2.0,1.0,2.0,1.0,2.0,0.02,0.018906250000000003,0.018945312500000002,continuation_trial,21,true
sensitivity_637,continuation_trial,virgin_metal_tax_tax_0_0190234375,virgin_metal_tax,0.0190234375,LOCALLY_INFEASIBLE,INFEASIBLE_POINT,false,44.475677916,0.10046499654725316,4,0.0,0,observed_physical_flow_links,quantity_link,physical_SK_OFMA_REP_route_input_mass,0.10046499654725316,EOL_FLOW_EOL_DE_ELMA_INC,0.0,,0.5,2.0,1.0,2.0,1.0,2.0,0.02,0.018945312500000002,0.0190234375,continuation_trial,22,false
sensitivity_637,continuation_trial,virgin_metal_tax_tax_0_018984375,virgin_metal_tax,0.018984375,LOCALLY_INFEASIBLE,INFEASIBLE_POINT,true,17.495479333,0.0008793519408882844,0,0.0,0,material_composite_production_SK,eqpzs,IND_SK_NEW_ELMA,0.0008793519408882844,EOL_FLOW_EOL_DE_ELMA_INC,0.0,,0.5,2.0,1.0,2.0,1.0,2.0,0.02,0.018945312500000002,0.018984375,continuation_trial,23,true
sensitivity_637,continuation_trial,virgin_metal_tax_tax_0_0190625,virgin_metal_tax,0.0190625,LOCALLY_INFEASIBLE,INFEASIBLE_POINT,false,44.091251927,0.0010307104148197244,1,0.0,0,material_composite_production_REU,eqpzs,IND_REU_NEW_ELMA,0.0010307104148197244,EOL_FLOW_EOL_DE_ELMA_INC,0.0,,0.5,2.0,1.0,2.0,1.0,2.0,0.02,0.018984375,0.0190625,continuation_trial,24,false
sensitivity_637,continuation_trial,virgin_metal_tax_tax_0_0190234375,virgin_metal_tax,0.0190234375,LOCALLY_INFEASIBLE,INFEASIBLE_POINT,false,20.175806056,0.001017262817749942,1,0.0,0,material_composite_production_REU,eqpzs,IND_REU_NEW_ELMA,0.001017262817749942,EOL_FLOW_EOL_DE_ELMA_INC,0.0,,0.5,2.0,1.0,2.0,1.0,2.0,0.02,0.018984375,0.0190234375,continuation_trial,25,false
sensitivity_637,predictor_target,virgin_metal_tax_tax_0_02,virgin_metal_tax,0.02,INVALID_MODEL,FEASIBLE_POINT,false,2.68458259,4.173816137231029e6,57,0.0,0,eu_wide_eol_allocation,eu_wide_eol_allocation,OFMA|EOL_SK_OFMA_REP,4.173816137231029e6,EOL_FLOW_EOL_DE_ELMA_INC,0.0,,0.5,2.0,1.0,2.0,1.0,2.0,0.02,0.018984375,0.02,predictor_target,26,false
sensitivity_637,baseline,baseline,,0.0,ALMOST_LOCALLY_SOLVED,NEARLY_FEASIBLE_POINT,true,1.850966983,5.041717615617003e-7,0,0.0,0,observed_physical_flow_links,quantity_link,physical_SK_OFMA_REP_route_input_mass,5.041717615617003e-7,EOL_FLOW_EOL_DE_ELMA_INC,0.0,,0.5,2.0,1.0,2.0,1.0,2.0,0.0,0.0,0.0,baseline,1,true
sensitivity_638,direct_target,virgin_metal_tax_tax_0_0025,virgin_metal_tax,0.0025,LOCALLY_INFEASIBLE,INFEASIBLE_POINT,true,15.077347818,0.00013397811679838334,0,0.0,0,material_composite_production_REU,eqpzs,IND_REU_NEW_ELMA,0.00013397811679838334,EOL_FLOW_EOL_DE_ELMA_INC,0.0,,1.0,2.0,1.0,2.0,1.0,2.0,0.0025,0.0,0.0025,direct_target,1,true
sensitivity_638,direct_target,virgin_metal_tax_tax_0_005,virgin_metal_tax,0.005,LOCALLY_INFEASIBLE,INFEASIBLE_POINT,true,55.425692309,0.0002648151275062016,0,0.0,0,material_composite_production_REU,eqpzs,IND_REU_NEW_ELMA,0.0002648151275062016,EOL_FLOW_EOL_DE_ELMA_INC,0.0,,1.0,2.0,1.0,2.0,1.0,2.0,0.005,0.0025,0.005,direct_target,1,true
sensitivity_638,direct_target,virgin_metal_tax_tax_0_01,virgin_metal_tax,0.01,LOCALLY_INFEASIBLE,INFEASIBLE_POINT,false,79.80665167,0.0023316519911720235,1,0.0,0,observed_physical_flow_links,quantity_link,physical_SK_OFMA_REP_route_input_mass,0.0023316519911720235,EOL_FLOW_EOL_DE_ELMA_INC,0.0,,1.0,2.0,1.0,2.0,1.0,2.0,0.01,0.005,0.01,direct_target,1,false
sensitivity_638,continuation_trial,virgin_metal_tax_tax_0_0075,virgin_metal_tax,0.0075,LOCALLY_INFEASIBLE,INFEASIBLE_POINT,true,12.032414867,0.0004057429487673847,0,1.0277697222197355e-9,0,material_composite_production_REU,eqpzs,IND_REU_NEW_ELMA,0.0004057429487673847,X_IND_SK_REP_OFMA_IND_SK_REP_OFMA,1.0277697222197355e-9,,1.0,2.0,1.0,2.0,1.0,2.0,0.01,0.005,0.0075,continuation_trial,2,true
sensitivity_638,continuation_trial,virgin_metal_tax_tax_0_01,virgin_metal_tax,0.01,LOCALLY_INFEASIBLE,INFEASIBLE_POINT,true,16.39143211,0.0005305839922019606,0,0.0,0,material_composite_production_REU,eqpzs,IND_REU_NEW_ELMA,0.0005305839922019606,EOL_FLOW_EOL_DE_ELMA_INC,0.0,,1.0,2.0,1.0,2.0,1.0,2.0,0.01,0.0075,0.01,continuation_trial,3,true
sensitivity_638,direct_target,virgin_metal_tax_tax_0_02,virgin_metal_tax,0.02,LOCALLY_INFEASIBLE,INFEASIBLE_POINT,false,28.326289097,0.0010632148477343062,1,0.0,0,material_composite_production_REU,eqpzs,IND_REU_NEW_ELMA,0.0010632148477343062,EOL_FLOW_EOL_DE_ELMA_INC,0.0,,1.0,2.0,1.0,2.0,1.0,2.0,0.02,0.01,0.02,direct_target,1,false
sensitivity_638,continuation_trial,virgin_metal_tax_tax_0_015,virgin_metal_tax,0.015,LOCALLY_INFEASIBLE,INFEASIBLE_POINT,true,38.284814352,0.0008109475241696584,0,0.0,0,material_composite_production_REU,eqpzs,IND_REU_NEW_ELMA,0.0008109475241696584,EOL_FLOW_EOL_DE_ELMA_INC,0.0,,1.0,2.0,1.0,2.0,1.0,2.0,0.02,0.01,0.015,continuation_trial,2,true
sensitivity_638,continuation_trial,virgin_metal_tax_tax_0_02,virgin_metal_tax,0.02,LOCALLY_INFEASIBLE,INFEASIBLE_POINT,false,39.995060034,0.0010802354216755683,1,0.0,0,material_composite_production_REU,eqpzs,IND_REU_NEW_ELMA,0.0010802354216755683,EOL_FLOW_EOL_DE_ELMA_INC,0.0,,1.0,2.0,1.0,2.0,1.0,2.0,0.02,0.015,0.02,continuation_trial,3,false
sensitivity_638,continuation_trial,virgin_metal_tax_tax_0_0175,virgin_metal_tax,0.0175,LOCALLY_INFEASIBLE,INFEASIBLE_POINT,true,28.270526822,0.0009237221670217455,0,0.0,0,material_composite_production_REU,eqpzs,IND_REU_NEW_ELMA,0.0009237221670217455,EOL_FLOW_EOL_DE_ELMA_INC,0.0,,1.0,2.0,1.0,2.0,1.0,2.0,0.02,0.015,0.0175,continuation_trial,4,true
sensitivity_638,continuation_trial,virgin_metal_tax_tax_0_02,virgin_metal_tax,0.02,LOCALLY_INFEASIBLE,INFEASIBLE_POINT,false,51.400878642,0.006777213530437587,1,0.0,0,observed_physical_flow_links,quantity_link,physical_SK_OFMA_REP_route_input_mass,0.006777213530437587,EOL_FLOW_EOL_DE_ELMA_INC,0.0,,1.0,2.0,1.0,2.0,1.0,2.0,0.02,0.0175,0.02,continuation_trial,5,false
sensitivity_638,continuation_trial,virgin_metal_tax_tax_0_018750000000000003,virgin_metal_tax,0.018750000000000003,LOCALLY_INFEASIBLE,INFEASIBLE_POINT,false,119.383652289,0.001015915208761542,1,4.841463776029281e-9,0,material_composite_production_REU,eqpzs,IND_REU_NEW_ELMA,0.001015915208761542,F_FAC_SK_CAP_IND_SK_REF_OFMA,4.841463776029281e-9,,1.0,2.0,1.0,2.0,1.0,2.0,0.02,0.0175,0.018750000000000003,continuation_trial,6,false
sensitivity_638,continuation_trial,virgin_metal_tax_tax_0_018125000000000002,virgin_metal_tax,0.018125000000000002,LOCALLY_INFEASIBLE,INFEASIBLE_POINT,true,56.793388167,0.00098090679291285,0,0.0,0,material_composite_production_REU,eqpzs,IND_REU_NEW_ELMA,0.00098090679291285,EOL_FLOW_EOL_DE_ELMA_INC,0.0,,1.0,2.0,1.0,2.0,1.0,2.0,0.02,0.0175,0.018125000000000002,continuation_trial,7,true
sensitivity_638,continuation_trial,virgin_metal_tax_tax_0_019375000000000003,virgin_metal_tax,0.019375000000000003,LOCALLY_INFEASIBLE,INFEASIBLE_POINT,false,36.422042814,0.04957670857495522,1,0.0,0,observed_physical_flow_links,quantity_link,physical_SK_OFMA_REP_route_input_mass,0.04957670857495522,EOL_FLOW_EOL_DE_ELMA_INC,0.0,,1.0,2.0,1.0,2.0,1.0,2.0,0.02,0.018125000000000002,0.019375000000000003,continuation_trial,8,false
sensitivity_638,continuation_trial,virgin_metal_tax_tax_0_018750000000000003,virgin_metal_tax,0.018750000000000003,LOCALLY_INFEASIBLE,INFEASIBLE_POINT,false,22.092368801,0.0010158743645048984,1,4.6037144230099223e-10,0,material_composite_production_REU,eqpzs,IND_REU_NEW_ELMA,0.0010158743645048984,F_FAC_SK_LAB_IND_SK_REP_OFMA,4.6037144230099223e-10,,1.0,2.0,1.0,2.0,1.0,2.0,0.02,0.018125000000000002,0.018750000000000003,continuation_trial,9,false
sensitivity_638,continuation_trial,virgin_metal_tax_tax_0_018437500000000002,virgin_metal_tax,0.018437500000000002,LOCALLY_INFEASIBLE,INFEASIBLE_POINT,false,77.092705684,0.3614630557560887,8,0.0,0,observed_physical_flow_links,quantity_link,physical_SK_OFMA_REP_route_input_mass,0.3614630557560887,EOL_FLOW_EOL_DE_ELMA_INC,0.0,,1.0,2.0,1.0,2.0,1.0,2.0,0.02,0.018125000000000002,0.018437500000000002,continuation_trial,10,false
sensitivity_638,continuation_trial,virgin_metal_tax_tax_0_018281250000000002,virgin_metal_tax,0.018281250000000002,LOCALLY_INFEASIBLE,INFEASIBLE_POINT,true,21.679533633,0.0009905000554125687,0,4.050448127931737e-9,0,material_composite_production_REU,eqpzs,IND_REU_NEW_ELMA,0.0009905000554125687,F_FAC_SK_LAB_IND_SK_REP_OFMA,4.050448127931737e-9,,1.0,2.0,1.0,2.0,1.0,2.0,0.02,0.018125000000000002,0.018281250000000002,continuation_trial,11,true
sensitivity_638,continuation_trial,virgin_metal_tax_tax_0_018593750000000003,virgin_metal_tax,0.018593750000000003,LOCALLY_INFEASIBLE,INFEASIBLE_POINT,false,56.379793888,0.009828661619411982,1,0.0,0,observed_physical_flow_links,quantity_link,physical_SK_OFMA_REP_route_input_mass,0.009828661619411982,EOL_FLOW_EOL_DE_ELMA_INC,0.0,,1.0,2.0,1.0,2.0,1.0,2.0,0.02,0.018281250000000002,0.018593750000000003,continuation_trial,12,false
sensitivity_638,continuation_trial,virgin_metal_tax_tax_0_018437500000000002,virgin_metal_tax,0.018437500000000002,LOCALLY_INFEASIBLE,INFEASIBLE_POINT,true,7.685450739,0.0009425781148183487,0,0.0,0,material_composite_production_REU,eqpzs,IND_REU_NEW_ELMA,0.0009425781148183487,EOL_FLOW_EOL_DE_ELMA_INC,0.0,,1.0,2.0,1.0,2.0,1.0,2.0,0.02,0.018281250000000002,0.018437500000000002,continuation_trial,13,true
sensitivity_638,continuation_trial,virgin_metal_tax_tax_0_018750000000000003,virgin_metal_tax,0.018750000000000003,LOCALLY_INFEASIBLE,INFEASIBLE_POINT,false,23.802145511,0.0010164564373320584,1,9.807370423677776e-9,0,material_composite_production_REU,eqpzs,IND_REU_NEW_ELMA,0.0010164564373320584,F_FAC_SK_CAP_IND_SK_REF_OFMA,9.807370423677776e-9,,1.0,2.0,1.0,2.0,1.0,2.0,0.02,0.018437500000000002,0.018750000000000003,continuation_trial,14,false
sensitivity_638,continuation_trial,virgin_metal_tax_tax_0_018593750000000003,virgin_metal_tax,0.018593750000000003,LOCALLY_INFEASIBLE,INFEASIBLE_POINT,true,28.437617774,0.0009878612354468075,0,0.0,0,material_composite_production_REU,eqpzs,IND_REU_NEW_ELMA,0.0009878612354468075,EOL_FLOW_EOL_DE_ELMA_INC,0.0,,1.0,2.0,1.0,2.0,1.0,2.0,0.02,0.018437500000000002,0.018593750000000003,continuation_trial,15,true
sensitivity_638,continuation_trial,virgin_metal_tax_tax_0_018906250000000003,virgin_metal_tax,0.018906250000000003,LOCALLY_INFEASIBLE,INFEASIBLE_POINT,false,21.240060746,0.001016971884682527,1,0.0,0,material_composite_production_REU,eqpzs,IND_REU_NEW_ELMA,0.001016971884682527,EOL_FLOW_EOL_DE_ELMA_INC,0.0,,1.0,2.0,1.0,2.0,1.0,2.0,0.02,0.018593750000000003,0.018906250000000003,continuation_trial,16,false
sensitivity_638,continuation_trial,virgin_metal_tax_tax_0_018750000000000003,virgin_metal_tax,0.018750000000000003,LOCALLY_INFEASIBLE,INFEASIBLE_POINT,false,27.786123274,0.0010170013706753966,1,9.294720933537214e-9,0,material_composite_production_REU,eqpzs,IND_REU_NEW_ELMA,0.0010170013706753966,F_FAC_SK_CAP_IND_SK_REF_OFMA,9.294720933537214e-9,,1.0,2.0,1.0,2.0,1.0,2.0,0.02,0.018593750000000003,0.018750000000000003,continuation_trial,17,false
sensitivity_638,continuation_trial,virgin_metal_tax_tax_0_018671875,virgin_metal_tax,0.018671875,LOCALLY_INFEASIBLE,INFEASIBLE_POINT,false,20.804459788,0.001012323907904844,1,5.193217964958759e-9,0,material_composite_production_REU,eqpzs,IND_REU_NEW_ELMA,0.001012323907904844,F_FAC_SK_LAB_IND_SK_REP_OFMA,5.193217964958759e-9,,1.0,2.0,1.0,2.0,1.0,2.0,0.02,0.018593750000000003,0.018671875,continuation_trial,18,false
sensitivity_638,continuation_trial,virgin_metal_tax_tax_0_018632812500000002,virgin_metal_tax,0.018632812500000002,LOCALLY_INFEASIBLE,INFEASIBLE_POINT,true,20.252009505,0.0009953894070143798,0,0.0,0,material_composite_production_REU,eqpzs,IND_REU_NEW_ELMA,0.0009953894070143798,EOL_FLOW_EOL_DE_ELMA_INC,0.0,,1.0,2.0,1.0,2.0,1.0,2.0,0.02,0.018593750000000003,0.018632812500000002,continuation_trial,19,true
sensitivity_638,continuation_trial,virgin_metal_tax_tax_0_0187109375,virgin_metal_tax,0.0187109375,LOCALLY_INFEASIBLE,INFEASIBLE_POINT,false,19.908005322,0.001005892900778349,1,0.0,0,material_composite_production_REU,eqpzs,IND_REU_NEW_ELMA,0.001005892900778349,EOL_FLOW_EOL_DE_ELMA_INC,0.0,,1.0,2.0,1.0,2.0,1.0,2.0,0.02,0.018632812500000002,0.0187109375,continuation_trial,20,false
sensitivity_638,continuation_trial,virgin_metal_tax_tax_0_018671875,virgin_metal_tax,0.018671875,LOCALLY_INFEASIBLE,INFEASIBLE_POINT,false,17.686685867,0.0010013402973280128,1,0.0,0,material_composite_production_REU,eqpzs,IND_REU_NEW_ELMA,0.0010013402973280128,EOL_FLOW_EOL_DE_ELMA_INC,0.0,,1.0,2.0,1.0,2.0,1.0,2.0,0.02,0.018632812500000002,0.018671875,continuation_trial,21,false
sensitivity_638,predictor_target,virgin_metal_tax_tax_0_02,virgin_metal_tax,0.02,INVALID_MODEL,FEASIBLE_POINT,false,3.533988662,4.1738114764401573e6,102,0.0,0,eu_wide_eol_allocation,eu_wide_eol_allocation,OFMA|EOL_SK_OFMA_REP,4.1738114764401573e6,EOL_FLOW_EOL_DE_ELMA_INC,0.0,,1.0,2.0,1.0,2.0,1.0,2.0,0.02,0.018632812500000002,0.02,predictor_target,22,false
sensitivity_638,baseline,baseline,,0.0,ALMOST_LOCALLY_SOLVED,NEARLY_FEASIBLE_POINT,true,3.847909614,5.041717305864779e-7,0,0.0,0,observed_physical_flow_links,quantity_link,physical_SK_OFMA_REP_route_input_mass,5.041717305864779e-7,EOL_FLOW_EOL_DE_ELMA_INC,0.0,,1.0,2.0,1.0,2.0,1.0,2.0,0.0,0.0,0.0,baseline,1,true
sensitivity_646,direct_target,virgin_metal_tax_tax_0_0025,virgin_metal_tax,0.0025,LOCALLY_INFEASIBLE,INFEASIBLE_POINT,true,17.88510671,0.00013412325608452846,0,0.0,0,material_composite_production_REU,eqpzs,IND_REU_NEW_ELMA,0.00013412325608452846,EOL_FLOW_EOL_DE_ELMA_INC,0.0,,0.5,2.0,2.0,2.0,1.0,2.0,0.0025,0.0,0.0025,direct_target,1,true
sensitivity_646,direct_target,virgin_metal_tax_tax_0_005,virgin_metal_tax,0.005,LOCALLY_INFEASIBLE,INFEASIBLE_POINT,true,9.763727344,0.00020885079524690653,0,0.0,0,material_composite_production_SK,eqpzs,IND_SK_NEW_ELMA,0.00020885079524690653,EOL_FLOW_EOL_DE_ELMA_INC,0.0,,0.5,2.0,2.0,2.0,1.0,2.0,0.005,0.0025,0.005,direct_target,1,true
sensitivity_646,direct_target,virgin_metal_tax_tax_0_01,virgin_metal_tax,0.01,LOCALLY_INFEASIBLE,INFEASIBLE_POINT,true,11.258905664,0.00047949335011099325,0,0.0,0,material_composite_production_REU,eqpzs,IND_REU_NEW_ELMA,0.00047949335011099325,EOL_FLOW_EOL_DE_ELMA_INC,0.0,,0.5,2.0,2.0,2.0,1.0,2.0,0.01,0.005,0.01,direct_target,1,true
sensitivity_646,direct_target,virgin_metal_tax_tax_0_02,virgin_metal_tax,0.02,LOCALLY_INFEASIBLE,INFEASIBLE_POINT,false,19.397683189,0.0010073060601420991,1,0.0,0,material_composite_production_REU,eqpzs,IND_REU_NEW_ELMA,0.0010073060601420991,EOL_FLOW_EOL_DE_ELMA_INC,0.0,,0.5,2.0,2.0,2.0,1.0,2.0,0.02,0.01,0.02,direct_target,1,false
sensitivity_646,continuation_trial,virgin_metal_tax_tax_0_015,virgin_metal_tax,0.015,LOCALLY_INFEASIBLE,INFEASIBLE_POINT,true,15.184924289,0.0007687126472449846,0,0.0,0,material_composite_production_REU,eqpzs,IND_REU_NEW_ELMA,0.0007687126472449846,EOL_FLOW_EOL_DE_ELMA_INC,0.0,,0.5,2.0,2.0,2.0,1.0,2.0,0.02,0.01,0.015,continuation_trial,2,true
sensitivity_646,continuation_trial,virgin_metal_tax_tax_0_02,virgin_metal_tax,0.02,LOCALLY_INFEASIBLE,INFEASIBLE_POINT,false,16.422614741,0.001023085810772928,1,0.0,0,material_composite_production_REU,eqpzs,IND_REU_NEW_ELMA,0.001023085810772928,EOL_FLOW_EOL_DE_ELMA_INC,0.0,,0.5,2.0,2.0,2.0,1.0,2.0,0.02,0.015,0.02,continuation_trial,3,false
sensitivity_646,continuation_trial,virgin_metal_tax_tax_0_0175,virgin_metal_tax,0.0175,LOCALLY_INFEASIBLE,INFEASIBLE_POINT,true,16.11179106,0.0008798811910856186,0,0.0,0,material_composite_production_REU,eqpzs,IND_REU_NEW_ELMA,0.0008798811910856186,EOL_FLOW_EOL_DE_ELMA_INC,0.0,,0.5,2.0,2.0,2.0,1.0,2.0,0.02,0.015,0.0175,continuation_trial,4,true
sensitivity_646,continuation_trial,virgin_metal_tax_tax_0_02,virgin_metal_tax,0.02,LOCALLY_INFEASIBLE,INFEASIBLE_POINT,false,17.910770929,0.0010267617577822685,1,0.0,0,material_composite_production_REU,eqpzs,IND_REU_NEW_ELMA,0.0010267617577822685,EOL_FLOW_EOL_DE_ELMA_INC,0.0,,0.5,2.0,2.0,2.0,1.0,2.0,0.02,0.0175,0.02,continuation_trial,5,false
sensitivity_646,continuation_trial,virgin_metal_tax_tax_0_018750000000000003,virgin_metal_tax,0.018750000000000003,LOCALLY_INFEASIBLE,INFEASIBLE_POINT,true,47.016936554,0.0008977942601778865,0,0.0,0,material_composite_production_REU,eqpzs,IND_REU_NEW_ELMA,0.0008977942601778865,EOL_FLOW_EOL_DE_ELMA_INC,0.0,,0.5,2.0,2.0,2.0,1.0,2.0,0.02,0.0175,0.018750000000000003,continuation_trial,6,true
sensitivity_646,continuation_trial,virgin_metal_tax_tax_0_02,virgin_metal_tax,0.02,LOCALLY_INFEASIBLE,INFEASIBLE_POINT,false,33.598604209,0.013951838005168304,1,0.0,0,observed_physical_flow_links,quantity_link,physical_SK_OFMA_REP_route_input_mass,0.013951838005168304,EOL_FLOW_EOL_DE_ELMA_INC,0.0,,0.5,2.0,2.0,2.0,1.0,2.0,0.02,0.018750000000000003,0.02,continuation_trial,7,false
sensitivity_646,continuation_trial,virgin_metal_tax_tax_0_019375000000000003,virgin_metal_tax,0.019375000000000003,LOCALLY_INFEASIBLE,INFEASIBLE_POINT,false,29.153790585,0.0010162015430540405,1,0.0,0,material_composite_production_REU,eqpzs,IND_REU_NEW_ELMA,0.0010162015430540405,EOL_FLOW_EOL_DE_ELMA_INC,0.0,,0.5,2.0,2.0,2.0,1.0,2.0,0.02,0.018750000000000003,0.019375000000000003,continuation_trial,8,false
sensitivity_646,continuation_trial,virgin_metal_tax_tax_0_019062500000000003,virgin_metal_tax,0.019062500000000003,LOCALLY_INFEASIBLE,INFEASIBLE_POINT,false,19.698833505,0.001027603185697945,1,0.0,0,material_composite_production_REU,eqpzs,IND_REU_NEW_ELMA,0.001027603185697945,EOL_FLOW_EOL_DE_ELMA_INC,0.0,,0.5,2.0,2.0,2.0,1.0,2.0,0.02,0.018750000000000003,0.019062500000000003,continuation_trial,9,false
sensitivity_646,continuation_trial,virgin_metal_tax_tax_0_018906250000000003,virgin_metal_tax,0.018906250000000003,LOCALLY_INFEASIBLE,INFEASIBLE_POINT,true,23.603663306,0.0009997435270930888,0,0.0,0,material_composite_production_REU,eqpzs,IND_REU_NEW_ELMA,0.0009997435270930888,EOL_FLOW_EOL_DE_ELMA_INC,0.0,,0.5,2.0,2.0,2.0,1.0,2.0,0.02,0.018750000000000003,0.018906250000000003,continuation_trial,10,true
sensitivity_646,continuation_trial,virgin_metal_tax_tax_0_019218750000000003,virgin_metal_tax,0.019218750000000003,LOCALLY_INFEASIBLE,INFEASIBLE_POINT,false,13.826924895,0.0010188778792761255,1,0.0,0,material_composite_production_REU,eqpzs,IND_REU_NEW_ELMA,0.0010188778792761255,EOL_FLOW_EOL_DE_ELMA_INC,0.0,,0.5,2.0,2.0,2.0,1.0,2.0,0.02,0.018906250000000003,0.019218750000000003,continuation_trial,11,false
sensitivity_646,continuation_trial,virgin_metal_tax_tax_0_019062500000000003,virgin_metal_tax,0.019062500000000003,LOCALLY_INFEASIBLE,INFEASIBLE_POINT,false,18.470699123,0.001006014747876871,1,0.0,0,material_composite_production_REU,eqpzs,IND_REU_NEW_ELMA,0.001006014747876871,EOL_FLOW_EOL_DE_ELMA_INC,0.0,,0.5,2.0,2.0,2.0,1.0,2.0,0.02,0.018906250000000003,0.019062500000000003,continuation_trial,12,false
sensitivity_646,continuation_trial,virgin_metal_tax_tax_0_018984375,virgin_metal_tax,0.018984375,LOCALLY_INFEASIBLE,INFEASIBLE_POINT,true,7.492472901,0.000999161846465535,0,0.0,0,material_composite_production_REU,eqpzs,IND_REU_NEW_ELMA,0.000999161846465535,EOL_FLOW_EOL_DE_ELMA_INC,0.0,,0.5,2.0,2.0,2.0,1.0,2.0,0.02,0.018906250000000003,0.018984375,continuation_trial,13,true
sensitivity_646,continuation_trial,virgin_metal_tax_tax_0_019140625,virgin_metal_tax,0.019140625,LOCALLY_INFEASIBLE,INFEASIBLE_POINT,false,9.586155655,0.0010173440943835876,1,0.0,0,material_composite_production_REU,eqpzs,IND_REU_NEW_ELMA,0.0010173440943835876,EOL_FLOW_EOL_DE_ELMA_INC,0.0,,0.5,2.0,2.0,2.0,1.0,2.0,0.02,0.018984375,0.019140625,continuation_trial,14,false
sensitivity_646,continuation_trial,virgin_metal_tax_tax_0_0190625,virgin_metal_tax,0.0190625,LOCALLY_INFEASIBLE,INFEASIBLE_POINT,false,29.756155711,0.0010287335669569853,1,0.0,0,material_composite_production_REU,eqpzs,IND_REU_NEW_ELMA,0.0010287335669569853,EOL_FLOW_EOL_DE_ELMA_INC,0.0,,0.5,2.0,2.0,2.0,1.0,2.0,0.02,0.018984375,0.0190625,continuation_trial,15,false
sensitivity_646,continuation_trial,virgin_metal_tax_tax_0_0190234375,virgin_metal_tax,0.0190234375,LOCALLY_INFEASIBLE,INFEASIBLE_POINT,true,7.480648458,0.0009793041886058118,0,0.0,0,material_composite_production_REU,eqpzs,IND_REU_NEW_ELMA,0.0009793041886058118,EOL_FLOW_EOL_DE_ELMA_INC,0.0,,0.5,2.0,2.0,2.0,1.0,2.0,0.02,0.018984375,0.0190234375,continuation_trial,16,true
sensitivity_646,continuation_trial,virgin_metal_tax_tax_0_0191015625,virgin_metal_tax,0.0191015625,LOCALLY_INFEASIBLE,INFEASIBLE_POINT,false,11.875269631,0.0010201106873162225,1,0.0,0,material_composite_production_REU,eqpzs,IND_REU_NEW_ELMA,0.0010201106873162225,EOL_FLOW_EOL_DE_ELMA_INC,0.0,,0.5,2.0,2.0,2.0,1.0,2.0,0.02,0.0190234375,0.0191015625,continuation_trial,17,false
sensitivity_646,continuation_trial,virgin_metal_tax_tax_0_0190625,virgin_metal_tax,0.0190625,LOCALLY_INFEASIBLE,INFEASIBLE_POINT,false,15.561923317,0.0010138412492519677,1,0.0,0,material_composite_production_REU,eqpzs,IND_REU_NEW_ELMA,0.0010138412492519677,EOL_FLOW_EOL_DE_ELMA_INC,0.0,,0.5,2.0,2.0,2.0,1.0,2.0,0.02,0.0190234375,0.0190625,continuation_trial,18,false
sensitivity_646,predictor_target,virgin_metal_tax_tax_0_02,virgin_metal_tax,0.02,LOCALLY_INFEASIBLE,INFEASIBLE_POINT,false,16.064102248,0.0010150655006101461,1,0.0,0,material_composite_production_REU,eqpzs,IND_REU_NEW_ELMA,0.0010150655006101461,EOL_FLOW_EOL_DE_ELMA_INC,0.0,,0.5,2.0,2.0,2.0,1.0,2.0,0.02,0.0190234375,0.02,predictor_target,19,false
sensitivity_646,baseline,baseline,,0.0,ALMOST_LOCALLY_SOLVED,NEARLY_FEASIBLE_POINT,true,3.026304363,5.06231530694734e-7,0,0.0,0,observed_physical_flow_links,quantity_link,physical_SK_OFMA_REP_route_input_mass,5.06231530694734e-7,EOL_FLOW_EOL_DE_ELMA_INC,0.0,,0.5,2.0,2.0,2.0,1.0,2.0,0.0,0.0,0.0,baseline,1,true
sensitivity_648,direct_target,virgin_metal_tax_tax_0_0025,virgin_metal_tax,0.0025,LOCALLY_INFEASIBLE,INFEASIBLE_POINT,true,15.06646806,0.00013376197119674416,0,0.0,0,material_composite_production_REU,eqpzs,IND_REU_NEW_ELMA,0.00013376197119674416,EOL_FLOW_EOL_DE_ELMA_INC,0.0,,2.0,2.0,2.0,2.0,1.0,2.0,0.0025,0.0,0.0025,direct_target,1,true
sensitivity_648,direct_target,virgin_metal_tax_tax_0_005,virgin_metal_tax,0.005,LOCALLY_INFEASIBLE,INFEASIBLE_POINT,true,12.07655453,0.00030943306921438207,0,0.0,0,material_composite_production_SK,eqpzs,IND_SK_NEW_ELMA,0.00030943306921438207,EOL_FLOW_EOL_DE_ELMA_INC,0.0,,2.0,2.0,2.0,2.0,1.0,2.0,0.005,0.0025,0.005,direct_target,1,true
sensitivity_648,direct_target,virgin_metal_tax_tax_0_01,virgin_metal_tax,0.01,LOCALLY_INFEASIBLE,INFEASIBLE_POINT,true,18.175202991,0.0004405553079412927,0,0.0,0,material_composite_production_SK,eqpzs,IND_SK_NEW_ELMA,0.0004405553079412927,EOL_FLOW_EOL_DE_ELMA_INC,0.0,,2.0,2.0,2.0,2.0,1.0,2.0,0.01,0.005,0.01,direct_target,1,true
sensitivity_648,direct_target,virgin_metal_tax_tax_0_02,virgin_metal_tax,0.02,LOCALLY_INFEASIBLE,INFEASIBLE_POINT,false,38.433066957,0.0012544659863998886,2,0.0,0,material_composite_production_SK,eqpzs,IND_SK_NEW_ELMA,0.0012544659863998886,EOL_FLOW_EOL_DE_ELMA_INC,0.0,,2.0,2.0,2.0,2.0,1.0,2.0,0.02,0.01,0.02,direct_target,1,false
sensitivity_648,continuation_trial,virgin_metal_tax_tax_0_015,virgin_metal_tax,0.015,LOCALLY_INFEASIBLE,INFEASIBLE_POINT,true,31.083727805,0.0009364308787443987,0,0.0,0,material_composite_production_SK,eqpzs,IND_SK_NEW_ELMA,0.0009364308787443987,EOL_FLOW_EOL_DE_ELMA_INC,0.0,,2.0,2.0,2.0,2.0,1.0,2.0,0.02,0.01,0.015,continuation_trial,2,true
sensitivity_648,continuation_trial,virgin_metal_tax_tax_0_02,virgin_metal_tax,0.02,LOCALLY_INFEASIBLE,INFEASIBLE_POINT,false,45.909750858,0.006543295674002247,1,0.0,0,observed_physical_flow_links,quantity_link,physical_SK_OFMA_REP_route_input_mass,0.006543295674002247,EOL_FLOW_EOL_DE_ELMA_INC,0.0,,2.0,2.0,2.0,2.0,1.0,2.0,0.02,0.015,0.02,continuation_trial,3,false
sensitivity_648,continuation_trial,virgin_metal_tax_tax_0_0175,virgin_metal_tax,0.0175,LOCALLY_INFEASIBLE,INFEASIBLE_POINT,false,84.705702743,0.05355915828984226,27,0.0,0,observed_physical_flow_links,quantity_link,physical_SK_OFMA_REP_route_input_mass,0.05355915828984226,EOL_FLOW_EOL_DE_ELMA_INC,0.0,,2.0,2.0,2.0,2.0,1.0,2.0,0.02,0.015,0.0175,continuation_trial,4,false
sensitivity_648,continuation_trial,virgin_metal_tax_tax_0_01625,virgin_metal_tax,0.01625,LOCALLY_INFEASIBLE,INFEASIBLE_POINT,true,29.449794373,0.0009805351337628387,0,0.0,0,material_composite_production_SK,eqpzs,IND_SK_NEW_ELMA,0.0009805351337628387,EOL_FLOW_EOL_DE_ELMA_INC,0.0,,2.0,2.0,2.0,2.0,1.0,2.0,0.02,0.015,0.01625,continuation_trial,5,true
sensitivity_648,continuation_trial,virgin_metal_tax_tax_0_018750000000000003,virgin_metal_tax,0.018750000000000003,LOCALLY_INFEASIBLE,INFEASIBLE_POINT,false,46.29727372,0.0011702820820411741,1,0.0,0,material_composite_production_SK,eqpzs,IND_SK_NEW_ELMA,0.0011702820820411741,EOL_FLOW_EOL_DE_ELMA_INC,0.0,,2.0,2.0,2.0,2.0,1.0,2.0,0.02,0.01625,0.018750000000000003,continuation_trial,6,false
sensitivity_648,continuation_trial,virgin_metal_tax_tax_0_0175,virgin_metal_tax,0.0175,LOCALLY_INFEASIBLE,INFEASIBLE_POINT,true,37.883942744,0.0009737609908081479,0,0.0,0,material_composite_production_SK,eqpzs,IND_SK_NEW_ELMA,0.0009737609908081479,EOL_FLOW_EOL_DE_ELMA_INC,0.0,,2.0,2.0,2.0,2.0,1.0,2.0,0.02,0.01625,0.0175,continuation_trial,7,true
sensitivity_648,continuation_trial,virgin_metal_tax_tax_0_02,virgin_metal_tax,0.02,LOCALLY_INFEASIBLE,INFEASIBLE_POINT,false,28.624279829,0.0012650360981119046,1,0.0,0,material_composite_production_SK,eqpzs,IND_SK_NEW_ELMA,0.0012650360981119046,EOL_FLOW_EOL_DE_ELMA_INC,0.0,,2.0,2.0,2.0,2.0,1.0,2.0,0.02,0.0175,0.02,continuation_trial,8,false
sensitivity_648,continuation_trial,virgin_metal_tax_tax_0_018750000000000003,virgin_metal_tax,0.018750000000000003,LOCALLY_INFEASIBLE,INFEASIBLE_POINT,false,35.520823758,0.0011738996701038396,1,0.0,0,material_composite_production_SK,eqpzs,IND_SK_NEW_ELMA,0.0011738996701038396,EOL_FLOW_EOL_DE_ELMA_INC,0.0,,2.0,2.0,2.0,2.0,1.0,2.0,0.02,0.0175,0.018750000000000003,continuation_trial,9,false
sensitivity_648,continuation_trial,virgin_metal_tax_tax_0_018125000000000002,virgin_metal_tax,0.018125000000000002,LOCALLY_INFEASIBLE,INFEASIBLE_POINT,false,43.506769434,0.0011471793690185361,1,0.0,0,material_composite_production_SK,eqpzs,IND_SK_NEW_ELMA,0.0011471793690185361,EOL_FLOW_EOL_DE_ELMA_INC,0.0,,2.0,2.0,2.0,2.0,1.0,2.0,0.02,0.0175,0.018125000000000002,continuation_trial,10,false
sensitivity_648,continuation_trial,virgin_metal_tax_tax_0_017812500000000002,virgin_metal_tax,0.017812500000000002,LOCALLY_INFEASIBLE,INFEASIBLE_POINT,false,25.207326531,0.0010181347919994144,1,0.0,0,material_composite_production_SK,eqpzs,IND_SK_NEW_ELMA,0.0010181347919994144,EOL_FLOW_EOL_DE_ELMA_INC,0.0,,2.0,2.0,2.0,2.0,1.0,2.0,0.02,0.0175,0.017812500000000002,continuation_trial,11,false
sensitivity_648,continuation_trial,virgin_metal_tax_tax_0_017656250000000002,virgin_metal_tax,0.017656250000000002,LOCALLY_INFEASIBLE,INFEASIBLE_POINT,false,67.988388597,0.011993880420946845,1,0.0,0,observed_physical_flow_links,quantity_link,physical_SK_OFMA_REP_route_input_mass,0.011993880420946845,EOL_FLOW_EOL_DE_ELMA_INC,0.0,,2.0,2.0,2.0,2.0,1.0,2.0,0.02,0.0175,0.017656250000000002,continuation_trial,12,false
sensitivity_648,continuation_trial,virgin_metal_tax_tax_0_017578125,virgin_metal_tax,0.017578125,LOCALLY_INFEASIBLE,INFEASIBLE_POINT,false,37.854627027,0.0010155106827075544,1,0.0,0,material_composite_production_SK,eqpzs,IND_SK_NEW_ELMA,0.0010155106827075544,EOL_FLOW_EOL_DE_ELMA_INC,0.0,,2.0,2.0,2.0,2.0,1.0,2.0,0.02,0.0175,0.017578125,continuation_trial,13,false
sensitivity_648,continuation_trial,virgin_metal_tax_tax_0_0175390625,virgin_metal_tax,0.0175390625,LOCALLY_INFEASIBLE,INFEASIBLE_POINT,false,18.129171167,0.0010823326314371995,1,0.0,0,material_composite_production_SK,eqpzs,IND_SK_NEW_ELMA,0.0010823326314371995,EOL_FLOW_EOL_DE_ELMA_INC,0.0,,2.0,2.0,2.0,2.0,1.0,2.0,0.02,0.0175,0.0175390625,continuation_trial,14,false
sensitivity_648,predictor_target,virgin_metal_tax_tax_0_02,virgin_metal_tax,0.02,INVALID_MODEL,FEASIBLE_POINT,false,3.408999099,0.9999603886981044,8,0.0,0,regional_circular_household_utility,regional_circular_utility,PL,0.9999603886981044,EOL_FLOW_EOL_DE_ELMA_INC,0.0,,2.0,2.0,2.0,2.0,1.0,2.0,0.02,0.0175,0.02,predictor_target,15,false
sensitivity_648,baseline,baseline,,0.0,ALMOST_LOCALLY_SOLVED,NEARLY_FEASIBLE_POINT,true,3.929432332,5.062314909487498e-7,0,0.0,0,observed_physical_flow_links,quantity_link,physical_SK_OFMA_REP_route_input_mass,5.062314909487498e-7,EOL_FLOW_EOL_DE_ELMA_INC,0.0,,2.0,2.0,2.0,2.0,1.0,2.0,0.0,0.0,0.0,baseline,1,true
sensitivity_654,direct_target,virgin_metal_tax_tax_0_0025,virgin_metal_tax,0.0025,LOCALLY_INFEASIBLE,INFEASIBLE_POINT,true,27.587713938,0.00012193529523829572,0,0.0,0,material_composite_production_REU,eqpzs,IND_REU_NEW_ELMA,0.00012193529523829572,EOL_FLOW_EOL_DE_ELMA_INC,0.0,,2.0,1.0,0.5,0.5,2.0,2.0,0.0025,0.0,0.0025,direct_target,1,true
sensitivity_654,direct_target,virgin_metal_tax_tax_0_005,virgin_metal_tax,0.005,LOCALLY_INFEASIBLE,INFEASIBLE_POINT,true,45.199635736,0.0009355612625894238,0,0.0,0,observed_physical_flow_links,quantity_link,physical_SK_OFMA_REP_route_input_mass,0.0009355612625894238,EOL_FLOW_EOL_DE_ELMA_INC,0.0,,2.0,1.0,0.5,0.5,2.0,2.0,0.005,0.0025,0.005,direct_target,1,true
sensitivity_654,direct_target,virgin_metal_tax_tax_0_01,virgin_metal_tax,0.01,LOCALLY_INFEASIBLE,INFEASIBLE_POINT,false,49.612896785,0.00563949748469561,1,0.0,0,observed_physical_flow_links,quantity_link,physical_SK_OFMA_REP_route_input_mass,0.00563949748469561,EOL_FLOW_EOL_DE_ELMA_INC,0.0,,2.0,1.0,0.5,0.5,2.0,2.0,0.01,0.005,0.01,direct_target,1,false
sensitivity_654,continuation_trial,virgin_metal_tax_tax_0_0075,virgin_metal_tax,0.0075,LOCALLY_INFEASIBLE,INFEASIBLE_POINT,true,21.925455111,0.00038964146436404334,0,0.0,0,material_composite_production_REU,eqpzs,IND_REU_NEW_ELMA,0.00038964146436404334,EOL_FLOW_EOL_DE_ELMA_INC,0.0,,2.0,1.0,0.5,0.5,2.0,2.0,0.01,0.005,0.0075,continuation_trial,2,true
sensitivity_654,continuation_trial,virgin_metal_tax_tax_0_01,virgin_metal_tax,0.01,LOCALLY_INFEASIBLE,INFEASIBLE_POINT,true,21.282760136,0.00044281175310378895,0,0.0,0,material_composite_production_REU,eqpzs,IND_REU_NEW_ELMA,0.00044281175310378895,EOL_FLOW_EOL_DE_ELMA_INC,0.0,,2.0,1.0,0.5,0.5,2.0,2.0,0.01,0.0075,0.01,continuation_trial,3,true
sensitivity_654,direct_target,virgin_metal_tax_tax_0_02,virgin_metal_tax,0.02,LOCALLY_INFEASIBLE,INFEASIBLE_POINT,false,47.090218391,0.055957227360959094,1,0.0,0,observed_physical_flow_links,quantity_link,physical_SK_OFMA_REP_route_input_mass,0.055957227360959094,EOL_FLOW_EOL_DE_ELMA_INC,0.0,,2.0,1.0,0.5,0.5,2.0,2.0,0.02,0.01,0.02,direct_target,1,false
sensitivity_654,continuation_trial,virgin_metal_tax_tax_0_015,virgin_metal_tax,0.015,LOCALLY_INFEASIBLE,INFEASIBLE_POINT,true,9.723074864,0.0007185330152764242,0,0.0,0,common_eu_trade,eu_cet_quantity,NEW_ELMA|SK,0.0007185330152764242,EOL_FLOW_EOL_DE_ELMA_INC,0.0,,2.0,1.0,0.5,0.5,2.0,2.0,0.02,0.01,0.015,continuation_trial,2,true
sensitivity_654,continuation_trial,virgin_metal_tax_tax_0_02,virgin_metal_tax,0.02,LOCALLY_INFEASIBLE,INFEASIBLE_POINT,false,28.704698255,0.9042815568253824,83,0.0,0,observed_physical_flow_links,quantity_link,physical_SK_OFMA_REP_route_input_mass,0.9042815568253824,EOL_FLOW_EOL_DE_ELMA_INC,0.0,,2.0,1.0,0.5,0.5,2.0,2.0,0.02,0.015,0.02,continuation_trial,3,false
sensitivity_654,continuation_trial,virgin_metal_tax_tax_0_0175,virgin_metal_tax,0.0175,LOCALLY_INFEASIBLE,INFEASIBLE_POINT,false,29.853084227,3.90232937836934,1012,0.0,0,observed_physical_flow_links,quantity_link,physical_SK_OFMA_REP_route_input_mass,3.90232937836934,EOL_FLOW_EOL_DE_ELMA_INC,0.0,,2.0,1.0,0.5,0.5,2.0,2.0,0.02,0.015,0.0175,continuation_trial,4,false
sensitivity_654,continuation_trial,virgin_metal_tax_tax_0_01625,virgin_metal_tax,0.01625,LOCALLY_INFEASIBLE,INFEASIBLE_POINT,true,32.718917551,0.0008389750259776296,0,0.0,0,common_eu_trade,eu_cet_quantity,NEW_ELMA|SK,0.0008389750259776296,EOL_FLOW_EOL_DE_ELMA_INC,0.0,,2.0,1.0,0.5,0.5,2.0,2.0,0.02,0.015,0.01625,continuation_trial,5,true
sensitivity_654,continuation_trial,virgin_metal_tax_tax_0_018750000000000003,virgin_metal_tax,0.018750000000000003,LOCALLY_INFEASIBLE,INFEASIBLE_POINT,true,7.565328215,0.0006906855767460085,0,0.0,0,material_composite_production_DE,eqpzs,IND_DE_NEW_ELMA,0.0006906855767460085,EOL_FLOW_EOL_DE_ELMA_INC,0.0,,2.0,1.0,0.5,0.5,2.0,2.0,0.02,0.01625,0.018750000000000003,continuation_trial,6,true
sensitivity_654,continuation_trial,virgin_metal_tax_tax_0_02,virgin_metal_tax,0.02,LOCALLY_INFEASIBLE,INFEASIBLE_POINT,false,39.405412699,0.07216267539435339,1,0.0,0,observed_physical_flow_links,quantity_link,physical_SK_OFMA_REP_route_input_mass,0.07216267539435339,EOL_FLOW_EOL_DE_ELMA_INC,0.0,,2.0,1.0,0.5,0.5,2.0,2.0,0.02,0.018750000000000003,0.02,continuation_trial,7,false
sensitivity_654,continuation_trial,virgin_metal_tax_tax_0_019375000000000003,virgin_metal_tax,0.019375000000000003,LOCALLY_INFEASIBLE,INFEASIBLE_POINT,true,10.112301032,0.0009886929629846497,0,0.0,0,material_composite_production_DE,eqpzs,IND_DE_NEW_ELMA,0.0009886929629846497,EOL_FLOW_EOL_DE_ELMA_INC,0.0,,2.0,1.0,0.5,0.5,2.0,2.0,0.02,0.018750000000000003,0.019375000000000003,continuation_trial,8,true
sensitivity_654,continuation_trial,virgin_metal_tax_tax_0_02,virgin_metal_tax,0.02,LOCALLY_INFEASIBLE,INFEASIBLE_POINT,false,54.615389531,1.2407083828672152,372,0.0,0,observed_physical_flow_links,quantity_link,physical_SK_OFMA_REP_route_input_mass,1.2407083828672152,EOL_FLOW_EOL_DE_ELMA_INC,0.0,,2.0,1.0,0.5,0.5,2.0,2.0,0.02,0.019375000000000003,0.02,continuation_trial,9,false
sensitivity_654,continuation_trial,virgin_metal_tax_tax_0_019687500000000004,virgin_metal_tax,0.019687500000000004,LOCALLY_INFEASIBLE,INFEASIBLE_POINT,false,33.950873609,0.13701068157038043,1,0.0,0,observed_physical_flow_links,quantity_link,physical_SK_OFMA_REP_route_input_mass,0.13701068157038043,EOL_FLOW_EOL_DE_ELMA_INC,0.0,,2.0,1.0,0.5,0.5,2.0,2.0,0.02,0.019375000000000003,0.019687500000000004,continuation_trial,10,false
sensitivity_654,continuation_trial,virgin_metal_tax_tax_0_019531250000000003,virgin_metal_tax,0.019531250000000003,LOCALLY_INFEASIBLE,INFEASIBLE_POINT,false,38.893596181,0.00597219030985896,2,0.0,0,observed_physical_flow_links,quantity_link,physical_SK_OFMA_REP_route_input_mass,0.00597219030985896,EOL_FLOW_EOL_DE_ELMA_INC,0.0,,2.0,1.0,0.5,0.5,2.0,2.0,0.02,0.019375000000000003,0.019531250000000003,continuation_trial,11,false
sensitivity_654,continuation_trial,virgin_metal_tax_tax_0_019453125,virgin_metal_tax,0.019453125,LOCALLY_INFEASIBLE,INFEASIBLE_POINT,false,47.452918144,0.0045295647687620955,1,0.0,0,observed_physical_flow_links,quantity_link,physical_SK_OFMA_REP_route_input_mass,0.0045295647687620955,EOL_FLOW_EOL_DE_ELMA_INC,0.0,,2.0,1.0,0.5,0.5,2.0,2.0,0.02,0.019375000000000003,0.019453125,continuation_trial,12,false
sensitivity_654,continuation_trial,virgin_metal_tax_tax_0_019414062500000002,virgin_metal_tax,0.019414062500000002,LOCALLY_INFEASIBLE,INFEASIBLE_POINT,false,72.883517393,0.06639192130781546,1,0.0,0,observed_physical_flow_links,quantity_link,physical_SK_OFMA_REP_route_input_mass,0.06639192130781546,EOL_FLOW_EOL_DE_ELMA_INC,0.0,,2.0,1.0,0.5,0.5,2.0,2.0,0.02,0.019375000000000003,0.019414062500000002,continuation_trial,13,false
sensitivity_654,predictor_target,virgin_metal_tax_tax_0_02,virgin_metal_tax,0.02,INVALID_MODEL,FEASIBLE_POINT,false,2.715677483,0.9994129432739487,22,0.0,0,regional_circular_household_utility,regional_circular_utility,PL,0.9994129432739487,EOL_FLOW_EOL_DE_ELMA_INC,0.0,,2.0,1.0,0.5,0.5,2.0,2.0,0.02,0.019375000000000003,0.02,predictor_target,14,false
sensitivity_654,baseline,baseline,,0.0,ALMOST_LOCALLY_SOLVED,NEARLY_FEASIBLE_POINT,true,1.741925409,5.05458062294295e-7,0,0.0,0,observed_physical_flow_links,quantity_link,physical_SK_OFMA_REP_route_input_mass,5.05458062294295e-7,EOL_FLOW_EOL_DE_ELMA_INC,0.0,,2.0,1.0,0.5,0.5,2.0,2.0,0.0,0.0,0.0,baseline,1,true
sensitivity_657,direct_target,virgin_metal_tax_tax_0_0025,virgin_metal_tax,0.0025,LOCALLY_INFEASIBLE,INFEASIBLE_POINT,true,13.472965715,0.00013523838701223756,0,0.0,0,material_composite_production_REU,eqpzs,IND_REU_NEW_ELMA,0.00013523838701223756,EOL_FLOW_EOL_DE_ELMA_INC,0.0,,2.0,2.0,0.5,0.5,2.0,2.0,0.0025,0.0,0.0025,direct_target,1,true
sensitivity_657,direct_target,virgin_metal_tax_tax_0_005,virgin_metal_tax,0.005,LOCALLY_INFEASIBLE,INFEASIBLE_POINT,true,13.959745925,0.0002620656157462653,0,0.0,0,material_composite_production_SK,eqpzs,IND_SK_NEW_ELMA,0.0002620656157462653,EOL_FLOW_EOL_DE_ELMA_INC,0.0,,2.0,2.0,0.5,0.5,2.0,2.0,0.005,0.0025,0.005,direct_target,1,true
sensitivity_657,direct_target,virgin_metal_tax_tax_0_01,virgin_metal_tax,0.01,LOCALLY_INFEASIBLE,INFEASIBLE_POINT,true,23.216783247,0.0004458172535619642,0,0.0,0,material_composite_production_SK,eqpzs,IND_SK_NEW_ELMA,0.0004458172535619642,EOL_FLOW_EOL_DE_ELMA_INC,0.0,,2.0,2.0,0.5,0.5,2.0,2.0,0.01,0.005,0.01,direct_target,1,true
sensitivity_657,direct_target,virgin_metal_tax_tax_0_02,virgin_metal_tax,0.02,LOCALLY_INFEASIBLE,INFEASIBLE_POINT,false,28.835304179,0.0012232659464350704,1,0.0,0,material_composite_production_SK,eqpzs,IND_SK_NEW_ELMA,0.0012232659464350704,EOL_FLOW_EOL_DE_ELMA_INC,0.0,,2.0,2.0,0.5,0.5,2.0,2.0,0.02,0.01,0.02,direct_target,1,false
sensitivity_657,continuation_trial,virgin_metal_tax_tax_0_015,virgin_metal_tax,0.015,LOCALLY_INFEASIBLE,INFEASIBLE_POINT,true,57.125786916,0.0006790607299245188,0,0.0,0,material_composite_production_SK,eqpzs,IND_SK_NEW_ELMA,0.0006790607299245188,EOL_FLOW_EOL_DE_ELMA_INC,0.0,,2.0,2.0,0.5,0.5,2.0,2.0,0.02,0.01,0.015,continuation_trial,2,true
sensitivity_657,continuation_trial,virgin_metal_tax_tax_0_02,virgin_metal_tax,0.02,LOCALLY_INFEASIBLE,INFEASIBLE_POINT,false,23.613513577,0.0012501052037902083,1,0.0,0,material_composite_production_SK,eqpzs,IND_SK_NEW_ELMA,0.0012501052037902083,EOL_FLOW_EOL_DE_ELMA_INC,0.0,,2.0,2.0,0.5,0.5,2.0,2.0,0.02,0.015,0.02,continuation_trial,3,false
sensitivity_657,continuation_trial,virgin_metal_tax_tax_0_0175,virgin_metal_tax,0.0175,LOCALLY_INFEASIBLE,INFEASIBLE_POINT,false,14.701366729,0.001085781041343048,1,0.0,0,material_composite_production_SK,eqpzs,IND_SK_NEW_ELMA,0.001085781041343048,EOL_FLOW_EOL_DE_ELMA_INC,0.0,,2.0,2.0,0.5,0.5,2.0,2.0,0.02,0.015,0.0175,continuation_trial,4,false
sensitivity_657,continuation_trial,virgin_metal_tax_tax_0_01625,virgin_metal_tax,0.01625,LOCALLY_INFEASIBLE,INFEASIBLE_POINT,true,21.181795941,0.0009964882906046135,0,0.0,0,material_composite_production_SK,eqpzs,IND_SK_NEW_ELMA,0.0009964882906046135,EOL_FLOW_EOL_DE_ELMA_INC,0.0,,2.0,2.0,0.5,0.5,2.0,2.0,0.02,0.015,0.01625,continuation_trial,5,true
sensitivity_657,continuation_trial,virgin_metal_tax_tax_0_018750000000000003,virgin_metal_tax,0.018750000000000003,LOCALLY_INFEASIBLE,INFEASIBLE_POINT,false,105.520703076,0.0010644834150090876,1,0.0,0,material_composite_production_SK,eqpzs,IND_SK_NEW_ELMA,0.0010644834150090876,EOL_FLOW_EOL_DE_ELMA_INC,0.0,,2.0,2.0,0.5,0.5,2.0,2.0,0.02,0.01625,0.018750000000000003,continuation_trial,6,false
sensitivity_657,continuation_trial,virgin_metal_tax_tax_0_0175,virgin_metal_tax,0.0175,LOCALLY_INFEASIBLE,INFEASIBLE_POINT,false,22.211379444,0.0010951560008587435,1,0.0,0,material_composite_production_SK,eqpzs,IND_SK_NEW_ELMA,0.0010951560008587435,EOL_FLOW_EOL_DE_ELMA_INC,0.0,,2.0,2.0,0.5,0.5,2.0,2.0,0.02,0.01625,0.0175,continuation_trial,7,false
sensitivity_657,continuation_trial,virgin_metal_tax_tax_0_016875,virgin_metal_tax,0.016875,LOCALLY_INFEASIBLE,INFEASIBLE_POINT,false,36.244213576,0.02303912634503713,1,0.0,0,observed_physical_flow_links,quantity_link,physical_SK_OFMA_REP_route_input_mass,0.02303912634503713,EOL_FLOW_EOL_DE_ELMA_INC,0.0,,2.0,2.0,0.5,0.5,2.0,2.0,0.02,0.01625,0.016875,continuation_trial,8,false
sensitivity_657,continuation_trial,virgin_metal_tax_tax_0_0165625,virgin_metal_tax,0.0165625,LOCALLY_INFEASIBLE,INFEASIBLE_POINT,false,37.36425675,0.00247429398685739,1,0.0,0,observed_physical_flow_links,quantity_link,physical_SK_OFMA_REP_route_input_mass,0.00247429398685739,EOL_FLOW_EOL_DE_ELMA_INC,0.0,,2.0,2.0,0.5,0.5,2.0,2.0,0.02,0.01625,0.0165625,continuation_trial,9,false
sensitivity_657,continuation_trial,virgin_metal_tax_tax_0_01640625,virgin_metal_tax,0.01640625,TIME_LIMIT,NEARLY_FEASIBLE_POINT,false,124.324263656,0.09160605843141223,35,0.0,0,observed_physical_flow_links,quantity_link,physical_SK_OFMA_REP_route_input_mass,0.09160605843141223,EOL_FLOW_EOL_DE_ELMA_INC,0.0,,2.0,2.0,0.5,0.5,2.0,2.0,0.02,0.01625,0.01640625,continuation_trial,10,false
sensitivity_657,continuation_trial,virgin_metal_tax_tax_0_016328125,virgin_metal_tax,0.016328125,LOCALLY_INFEASIBLE,INFEASIBLE_POINT,false,19.735643802,0.0010026849664203086,1,0.0,0,material_composite_production_SK,eqpzs,IND_SK_NEW_ELMA,0.0010026849664203086,EOL_FLOW_EOL_DE_ELMA_INC,0.0,,2.0,2.0,0.5,0.5,2.0,2.0,0.02,0.01625,0.016328125,continuation_trial,11,false
sensitivity_657,continuation_trial,virgin_metal_tax_tax_0_0162890625,virgin_metal_tax,0.0162890625,LOCALLY_INFEASIBLE,INFEASIBLE_POINT,true,21.558402081,0.0009951728201228471,0,0.0,0,material_composite_production_SK,eqpzs,IND_SK_NEW_ELMA,0.0009951728201228471,EOL_FLOW_EOL_DE_ELMA_INC,0.0,,2.0,2.0,0.5,0.5,2.0,2.0,0.02,0.01625,0.0162890625,continuation_trial,12,true
sensitivity_657,continuation_trial,virgin_metal_tax_tax_0_016367187499999998,virgin_metal_tax,0.016367187499999998,LOCALLY_INFEASIBLE,INFEASIBLE_POINT,true,19.856036997,0.0006284325053560469,0,0.0,0,material_composite_production_SK,eqpzs,IND_SK_NEW_ELMA,0.0006284325053560469,EOL_FLOW_EOL_DE_ELMA_INC,0.0,,2.0,2.0,0.5,0.5,2.0,2.0,0.02,0.0162890625,0.016367187499999998,continuation_trial,13,true
sensitivity_657,continuation_trial,virgin_metal_tax_tax_0_016523437499999998,virgin_metal_tax,0.016523437499999998,LOCALLY_INFEASIBLE,INFEASIBLE_POINT,false,21.940700635,0.0010382235719450517,1,0.0,0,material_composite_production_SK,eqpzs,IND_SK_NEW_ELMA,0.0010382235719450517,EOL_FLOW_EOL_DE_ELMA_INC,0.0,,2.0,2.0,0.5,0.5,2.0,2.0,0.02,0.016367187499999998,0.016523437499999998,continuation_trial,14,false
sensitivity_657,continuation_trial,virgin_metal_tax_tax_0_016445312499999996,virgin_metal_tax,0.016445312499999996,LOCALLY_INFEASIBLE,INFEASIBLE_POINT,false,18.955388258,0.0010211543559965897,1,0.0,0,material_composite_production_SK,eqpzs,IND_SK_NEW_ELMA,0.0010211543559965897,EOL_FLOW_EOL_DE_ELMA_INC,0.0,,2.0,2.0,0.5,0.5,2.0,2.0,0.02,0.016367187499999998,0.016445312499999996,continuation_trial,15,false
sensitivity_657,continuation_trial,virgin_metal_tax_tax_0_016406249999999997,virgin_metal_tax,0.016406249999999997,LOCALLY_INFEASIBLE,INFEASIBLE_POINT,false,21.478865433,0.0010241597727886909,1,0.0,0,material_composite_production_SK,eqpzs,IND_SK_NEW_ELMA,0.0010241597727886909,EOL_FLOW_EOL_DE_ELMA_INC,0.0,,2.0,2.0,0.5,0.5,2.0,2.0,0.02,0.016367187499999998,0.016406249999999997,continuation_trial,16,false
sensitivity_657,predictor_target,virgin_metal_tax_tax_0_02,virgin_metal_tax,0.02,INVALID_MODEL,FEASIBLE_POINT,false,3.331416852,1.0006844069650709,74,0.0,0,regional_circular_household_utility,regional_circular_utility,PL,1.0006844069650709,EOL_FLOW_EOL_DE_ELMA_INC,0.0,,2.0,2.0,0.5,0.5,2.0,2.0,0.02,0.016367187499999998,0.02,predictor_target,17,false
sensitivity_657,baseline,baseline,,0.0,ALMOST_LOCALLY_SOLVED,NEARLY_FEASIBLE_POINT,true,1.969064846,5.054579996777164e-7,0,0.0,0,observed_physical_flow_links,quantity_link,physical_SK_OFMA_REP_route_input_mass,5.054579996777164e-7,EOL_FLOW_EOL_DE_ELMA_INC,0.0,,2.0,2.0,0.5,0.5,2.0,2.0,0.0,0.0,0.0,baseline,1,true
sensitivity_661,direct_target,virgin_metal_tax_tax_0_0025,virgin_metal_tax,0.0025,LOCALLY_INFEASIBLE,INFEASIBLE_POINT,true,14.992208347,6.538791757026985e-5,0,0.0,0,material_composite_production_SK,eqpzs,IND_SK_NEW_ELMA,6.538791757026985e-5,EOL_FLOW_EOL_DE_ELMA_INC,0.0,,0.5,1.0,1.0,0.5,2.0,2.0,0.0025,0.0,0.0025,direct_target,1,true
sensitivity_661,direct_target,virgin_metal_tax_tax_0_005,virgin_metal_tax,0.005,LOCALLY_INFEASIBLE,INFEASIBLE_POINT,false,48.636882017,0.010171254941031549,1,0.0,0,observed_physical_flow_links,quantity_link,physical_SK_OFMA_REP_route_input_mass,0.010171254941031549,EOL_FLOW_EOL_DE_ELMA_INC,0.0,,0.5,1.0,1.0,0.5,2.0,2.0,0.005,0.0025,0.005,direct_target,1,false
sensitivity_661,continuation_trial,virgin_metal_tax_tax_0_00375,virgin_metal_tax,0.00375,LOCALLY_INFEASIBLE,INFEASIBLE_POINT,true,9.846756711,9.086345416087216e-5,0,0.0,0,material_composite_production_SK,eqpzs,IND_SK_NEW_ELMA,9.086345416087216e-5,EOL_FLOW_EOL_DE_ELMA_INC,0.0,,0.5,1.0,1.0,0.5,2.0,2.0,0.005,0.0025,0.00375,continuation_trial,2,true
sensitivity_661,continuation_trial,virgin_metal_tax_tax_0_005,virgin_metal_tax,0.005,ALMOST_LOCALLY_SOLVED,NEARLY_FEASIBLE_POINT,true,6.817242326,7.096777843529356e-5,0,8.96908805562576e-9,0,material_composite_production_REU,eqpzs,IND_REU_NEW_ELMA,7.096777843529356e-5,F_FAC_SK_LAB_IND_SK_REP_OFMA,8.96908805562576e-9,,0.5,1.0,1.0,0.5,2.0,2.0,0.005,0.00375,0.005,continuation_trial,3,true
sensitivity_661,direct_target,virgin_metal_tax_tax_0_01,virgin_metal_tax,0.01,LOCALLY_INFEASIBLE,INFEASIBLE_POINT,true,35.061594618,0.0003901875010222655,0,0.0,0,material_composite_production_REU,eqpzs,IND_REU_NEW_ELMA,0.0003901875010222655,EOL_FLOW_EOL_DE_ELMA_INC,0.0,,0.5,1.0,1.0,0.5,2.0,2.0,0.01,0.005,0.01,direct_target,1,true
sensitivity_661,direct_target,virgin_metal_tax_tax_0_02,virgin_metal_tax,0.02,LOCALLY_INFEASIBLE,INFEASIBLE_POINT,false,22.474184177,0.0010761490373148996,1,0.0,0,material_composite_production_REU,eqpzs,IND_REU_NEW_ELMA,0.0010761490373148996,EOL_FLOW_EOL_DE_ELMA_INC,0.0,,0.5,1.0,1.0,0.5,2.0,2.0,0.02,0.01,0.02,direct_target,1,false
sensitivity_661,continuation_trial,virgin_metal_tax_tax_0_015,virgin_metal_tax,0.015,LOCALLY_INFEASIBLE,INFEASIBLE_POINT,true,13.924774184,0.0007664184546260258,0,0.0,0,common_eu_trade,eu_cet_quantity,NEW_ELMA|SK,0.0007664184546260258,EOL_FLOW_EOL_DE_ELMA_INC,0.0,,0.5,1.0,1.0,0.5,2.0,2.0,0.02,0.01,0.015,continuation_trial,2,true
sensitivity_661,continuation_trial,virgin_metal_tax_tax_0_02,virgin_metal_tax,0.02,LOCALLY_INFEASIBLE,INFEASIBLE_POINT,false,52.915617448,0.050932636946470655,1,0.0,0,observed_physical_flow_links,quantity_link,physical_SK_OFMA_REP_route_input_mass,0.050932636946470655,EOL_FLOW_EOL_DE_ELMA_INC,0.0,,0.5,1.0,1.0,0.5,2.0,2.0,0.02,0.015,0.02,continuation_trial,3,false
sensitivity_661,continuation_trial,virgin_metal_tax_tax_0_0175,virgin_metal_tax,0.0175,LOCALLY_INFEASIBLE,INFEASIBLE_POINT,false,30.205339699,0.11258702809187926,1,0.0,0,observed_physical_flow_links,quantity_link,physical_SK_OFMA_REP_route_input_mass,0.11258702809187926,EOL_FLOW_EOL_DE_ELMA_INC,0.0,,0.5,1.0,1.0,0.5,2.0,2.0,0.02,0.015,0.0175,continuation_trial,4,false
sensitivity_661,continuation_trial,virgin_metal_tax_tax_0_01625,virgin_metal_tax,0.01625,LOCALLY_INFEASIBLE,INFEASIBLE_POINT,true,20.729536805,0.0008061175609346272,0,0.0,0,material_composite_production_DE,eqpzs,IND_DE_NEW_ELMA,0.0008061175609346272,EOL_FLOW_EOL_DE_ELMA_INC,0.0,,0.5,1.0,1.0,0.5,2.0,2.0,0.02,0.015,0.01625,continuation_trial,5,true
sensitivity_661,continuation_trial,virgin_metal_tax_tax_0_018750000000000003,virgin_metal_tax,0.018750000000000003,LOCALLY_INFEASIBLE,INFEASIBLE_POINT,false,21.875111324,0.20870395915720175,7,0.0,0,observed_physical_flow_links,quantity_link,physical_SK_OFMA_REP_route_input_mass,0.20870395915720175,EOL_FLOW_EOL_DE_ELMA_INC,0.0,,0.5,1.0,1.0,0.5,2.0,2.0,0.02,0.01625,0.018750000000000003,continuation_trial,6,false
sensitivity_661,continuation_trial,virgin_metal_tax_tax_0_0175,virgin_metal_tax,0.0175,LOCALLY_INFEASIBLE,INFEASIBLE_POINT,true,10.225542475,0.0007211683947079273,0,0.0,0,material_composite_production_DE,eqpzs,IND_DE_NEW_ELMA,0.0007211683947079273,EOL_FLOW_EOL_DE_ELMA_INC,0.0,,0.5,1.0,1.0,0.5,2.0,2.0,0.02,0.01625,0.0175,continuation_trial,7,true
sensitivity_661,continuation_trial,virgin_metal_tax_tax_0_02,virgin_metal_tax,0.02,LOCALLY_INFEASIBLE,INFEASIBLE_POINT,false,13.44326575,0.0010070125413278452,1,0.0,0,material_composite_production_DE,eqpzs,IND_DE_NEW_ELMA,0.0010070125413278452,EOL_FLOW_EOL_DE_ELMA_INC,0.0,,0.5,1.0,1.0,0.5,2.0,2.0,0.02,0.0175,0.02,continuation_trial,8,false
sensitivity_661,continuation_trial,virgin_metal_tax_tax_0_018750000000000003,virgin_metal_tax,0.018750000000000003,LOCALLY_INFEASIBLE,INFEASIBLE_POINT,true,12.87309555,0.0007859028596073882,0,0.0,0,regional_composite_market,regional_composite_market,IND_IT_OTHER_SERVICES|IT,0.0007859028596073882,EOL_FLOW_EOL_DE_ELMA_INC,0.0,,0.5,1.0,1.0,0.5,2.0,2.0,0.02,0.0175,0.018750000000000003,continuation_trial,9,true
sensitivity_661,continuation_trial,virgin_metal_tax_tax_0_02,virgin_metal_tax,0.02,LOCALLY_INFEASIBLE,INFEASIBLE_POINT,false,13.058025093,0.0010152967864393014,1,0.0,0,material_composite_production_DE,eqpzs,IND_DE_NEW_ELMA,0.0010152967864393014,EOL_FLOW_EOL_DE_ELMA_INC,0.0,,0.5,1.0,1.0,0.5,2.0,2.0,0.02,0.018750000000000003,0.02,continuation_trial,10,false
sensitivity_661,continuation_trial,virgin_metal_tax_tax_0_019375000000000003,virgin_metal_tax,0.019375000000000003,LOCALLY_INFEASIBLE,INFEASIBLE_POINT,false,20.5044639,0.0010700999856089188,1,0.0,0,material_composite_production_DE,eqpzs,IND_DE_NEW_ELMA,0.0010700999856089188,EOL_FLOW_EOL_DE_ELMA_INC,0.0,,0.5,1.0,1.0,0.5,2.0,2.0,0.02,0.018750000000000003,0.019375000000000003,continuation_trial,11,false
sensitivity_661,continuation_trial,virgin_metal_tax_tax_0_019062500000000003,virgin_metal_tax,0.019062500000000003,LOCALLY_INFEASIBLE,INFEASIBLE_POINT,true,12.836318606,0.0009029161591319612,0,0.0,0,material_composite_production_DE,eqpzs,IND_DE_NEW_ELMA,0.0009029161591319612,EOL_FLOW_EOL_DE_ELMA_INC,0.0,,0.5,1.0,1.0,0.5,2.0,2.0,0.02,0.018750000000000003,0.019062500000000003,continuation_trial,12,true
sensitivity_661,continuation_trial,virgin_metal_tax_tax_0_019687500000000004,virgin_metal_tax,0.019687500000000004,LOCALLY_INFEASIBLE,INFEASIBLE_POINT,false,13.235109248,0.001044957774453903,1,0.0,0,material_composite_production_DE,eqpzs,IND_DE_NEW_ELMA,0.001044957774453903,EOL_FLOW_EOL_DE_ELMA_INC,0.0,,0.5,1.0,1.0,0.5,2.0,2.0,0.02,0.019062500000000003,0.019687500000000004,continuation_trial,13,false
sensitivity_661,continuation_trial,virgin_metal_tax_tax_0_019375000000000003,virgin_metal_tax,0.019375000000000003,LOCALLY_INFEASIBLE,INFEASIBLE_POINT,false,27.757404147,0.0010259973666021382,1,0.0,0,material_composite_production_DE,eqpzs,IND_DE_NEW_ELMA,0.0010259973666021382,EOL_FLOW_EOL_DE_ELMA_INC,0.0,,0.5,1.0,1.0,0.5,2.0,2.0,0.02,0.019062500000000003,0.019375000000000003,continuation_trial,14,false
sensitivity_661,continuation_trial,virgin_metal_tax_tax_0_019218750000000003,virgin_metal_tax,0.019218750000000003,LOCALLY_INFEASIBLE,INFEASIBLE_POINT,true,11.993593013,0.0009192138176622455,0,0.0,0,material_composite_production_DE,eqpzs,IND_DE_NEW_ELMA,0.0009192138176622455,EOL_FLOW_EOL_DE_ELMA_INC,0.0,,0.5,1.0,1.0,0.5,2.0,2.0,0.02,0.019062500000000003,0.019218750000000003,continuation_trial,15,true
sensitivity_661,continuation_trial,virgin_metal_tax_tax_0_019531250000000003,virgin_metal_tax,0.019531250000000003,LOCALLY_INFEASIBLE,INFEASIBLE_POINT,true,10.923296926,0.000994803474677064,0,0.0,0,material_composite_production_DE,eqpzs,IND_DE_NEW_ELMA,0.000994803474677064,EOL_FLOW_EOL_DE_ELMA_INC,0.0,,0.5,1.0,1.0,0.5,2.0,2.0,0.02,0.019218750000000003,0.019531250000000003,continuation_trial,16,true
sensitivity_661,continuation_trial,virgin_metal_tax_tax_0_02,virgin_metal_tax,0.02,LOCALLY_INFEASIBLE,INFEASIBLE_POINT,false,14.222632704,0.001047099496729209,1,0.0,0,material_composite_production_DE,eqpzs,IND_DE_NEW_ELMA,0.001047099496729209,EOL_FLOW_EOL_DE_ELMA_INC,0.0,,0.5,1.0,1.0,0.5,2.0,2.0,0.02,0.019531250000000003,0.02,continuation_trial,17,false
sensitivity_661,continuation_trial,virgin_metal_tax_tax_0_019765625000000002,virgin_metal_tax,0.019765625000000002,LOCALLY_INFEASIBLE,INFEASIBLE_POINT,false,39.695361094,0.001088615601415932,1,0.0,0,material_composite_production_DE,eqpzs,IND_DE_NEW_ELMA,0.001088615601415932,EOL_FLOW_EOL_DE_ELMA_INC,0.0,,0.5,1.0,1.0,0.5,2.0,2.0,0.02,0.019531250000000003,0.019765625000000002,continuation_trial,18,false
sensitivity_661,continuation_trial,virgin_metal_tax_tax_0_019648437500000004,virgin_metal_tax,0.019648437500000004,LOCALLY_INFEASIBLE,INFEASIBLE_POINT,false,21.011024246,0.0010846025676579663,1,0.0,0,material_composite_production_DE,eqpzs,IND_DE_NEW_ELMA,0.0010846025676579663,EOL_FLOW_EOL_DE_ELMA_INC,0.0,,0.5,1.0,1.0,0.5,2.0,2.0,0.02,0.019531250000000003,0.019648437500000004,continuation_trial,19,false
sensitivity_661,continuation_trial,virgin_metal_tax_tax_0_019589843750000002,virgin_metal_tax,0.019589843750000002,LOCALLY_INFEASIBLE,INFEASIBLE_POINT,true,9.75183442,0.0009795482155156021,0,0.0,0,material_composite_production_DE,eqpzs,IND_DE_NEW_ELMA,0.0009795482155156021,EOL_FLOW_EOL_DE_ELMA_INC,0.0,,0.5,1.0,1.0,0.5,2.0,2.0,0.02,0.019531250000000003,0.019589843750000002,continuation_trial,20,true
sensitivity_661,continuation_trial,virgin_metal_tax_tax_0_01970703125,virgin_metal_tax,0.01970703125,LOCALLY_INFEASIBLE,INFEASIBLE_POINT,false,7.231877533,0.0010049345173005486,1,0.0,0,material_composite_production_DE,eqpzs,IND_DE_NEW_ELMA,0.0010049345173005486,EOL_FLOW_EOL_DE_ELMA_INC,0.0,,0.5,1.0,1.0,0.5,2.0,2.0,0.02,0.019589843750000002,0.01970703125,continuation_trial,21,false
sensitivity_661,continuation_trial,virgin_metal_tax_tax_0_0196484375,virgin_metal_tax,0.0196484375,LOCALLY_INFEASIBLE,INFEASIBLE_POINT,false,8.646122668,0.0010230401841998527,1,0.0,0,material_composite_production_DE,eqpzs,IND_DE_NEW_ELMA,0.0010230401841998527,EOL_FLOW_EOL_DE_ELMA_INC,0.0,,0.5,1.0,1.0,0.5,2.0,2.0,0.02,0.019589843750000002,0.0196484375,continuation_trial,22,false
sensitivity_661,continuation_trial,virgin_metal_tax_tax_0_019619140625000003,virgin_metal_tax,0.019619140625000003,LOCALLY_INFEASIBLE,INFEASIBLE_POINT,true,8.737772706,0.0008541420005832023,0,0.0,0,material_composite_production_DE,eqpzs,IND_DE_NEW_ELMA,0.0008541420005832023,EOL_FLOW_EOL_DE_ELMA_INC,0.0,,0.5,1.0,1.0,0.5,2.0,2.0,0.02,0.019589843750000002,0.019619140625000003,continuation_trial,23,true
sensitivity_661,continuation_trial,virgin_metal_tax_tax_0_019677734375000002,virgin_metal_tax,0.019677734375000002,LOCALLY_INFEASIBLE,INFEASIBLE_POINT,true,10.254313152,0.000992444119326974,0,0.0,0,material_composite_production_DE,eqpzs,IND_DE_NEW_ELMA,0.000992444119326974,EOL_FLOW_EOL_DE_ELMA_INC,0.0,,0.5,1.0,1.0,0.5,2.0,2.0,0.02,0.019619140625000003,0.019677734375000002,continuation_trial,24,true
sensitivity_661,continuation_trial,virgin_metal_tax_tax_0_019794921875000003,virgin_metal_tax,0.019794921875000003,LOCALLY_INFEASIBLE,INFEASIBLE_POINT,false,10.631941611,0.0010913996936857684,1,0.0,0,material_composite_production_DE,eqpzs,IND_DE_NEW_ELMA,0.0010913996936857684,EOL_FLOW_EOL_DE_ELMA_INC,0.0,,0.5,1.0,1.0,0.5,2.0,2.0,0.02,0.019677734375000002,0.019794921875000003,continuation_trial,25,false
sensitivity_661,continuation_trial,virgin_metal_tax_tax_0_019736328125,virgin_metal_tax,0.019736328125,LOCALLY_INFEASIBLE,INFEASIBLE_POINT,true,5.63178159,0.0008720850101164856,0,0.0,0,material_composite_production_DE,eqpzs,IND_DE_NEW_ELMA,0.0008720850101164856,EOL_FLOW_EOL_DE_ELMA_INC,0.0,,0.5,1.0,1.0,0.5,2.0,2.0,0.02,0.019677734375000002,0.019736328125,continuation_trial,26,true
sensitivity_661,continuation_trial,virgin_metal_tax_tax_0_019853515625,virgin_metal_tax,0.019853515625,LOCALLY_INFEASIBLE,INFEASIBLE_POINT,true,4.719240893,0.000968294842338624,0,0.0,0,material_composite_production_DE,eqpzs,IND_DE_NEW_ELMA,0.000968294842338624,EOL_FLOW_EOL_DE_ELMA_INC,0.0,,0.5,1.0,1.0,0.5,2.0,2.0,0.02,0.019736328125,0.019853515625,continuation_trial,27,true
sensitivity_661,continuation_trial,virgin_metal_tax_tax_0_02,virgin_metal_tax,0.02,LOCALLY_INFEASIBLE,INFEASIBLE_POINT,false,12.081893386,0.0011029252807032153,1,0.0,0,material_composite_production_DE,eqpzs,IND_DE_NEW_ELMA,0.0011029252807032153,EOL_FLOW_EOL_DE_ELMA_INC,0.0,,0.5,1.0,1.0,0.5,2.0,2.0,0.02,0.019853515625,0.02,continuation_trial,28,false
sensitivity_661,continuation_trial,virgin_metal_tax_tax_0_0199267578125,virgin_metal_tax,0.0199267578125,LOCALLY_INFEASIBLE,INFEASIBLE_POINT,false,39.052678316,0.004295362724499818,1,0.0,0,observed_physical_flow_links,quantity_link,physical_SK_OFMA_REP_route_input_mass,0.004295362724499818,EOL_FLOW_EOL_DE_ELMA_INC,0.0,,0.5,1.0,1.0,0.5,2.0,2.0,0.02,0.019853515625,0.0199267578125,continuation_trial,29,false
sensitivity_661,continuation_trial,virgin_metal_tax_tax_0_01989013671875,virgin_metal_tax,0.01989013671875,LOCALLY_INFEASIBLE,INFEASIBLE_POINT,false,43.943414056,0.08388323730603009,1,0.0,0,observed_physical_flow_links,quantity_link,physical_SK_OFMA_REP_route_input_mass,0.08388323730603009,EOL_FLOW_EOL_DE_ELMA_INC,0.0,,0.5,1.0,1.0,0.5,2.0,2.0,0.02,0.019853515625,0.01989013671875,continuation_trial,30,false
sensitivity_661,predictor_target,virgin_metal_tax_tax_0_02,virgin_metal_tax,0.02,LOCALLY_INFEASIBLE,INFEASIBLE_POINT,false,4.592392676,0.0010880634095621344,1,0.0,0,material_composite_production_DE,eqpzs,IND_DE_NEW_ELMA,0.0010880634095621344,EOL_FLOW_EOL_DE_ELMA_INC,0.0,,0.5,1.0,1.0,0.5,2.0,2.0,0.02,0.019853515625,0.02,predictor_target,31,false
sensitivity_661,baseline,baseline,,0.0,ALMOST_LOCALLY_SOLVED,NEARLY_FEASIBLE_POINT,true,3.890792707,5.121351082104653e-7,0,0.0,0,observed_physical_flow_links,quantity_link,physical_SK_OFMA_REP_route_input_mass,5.121351082104653e-7,EOL_FLOW_EOL_DE_ELMA_INC,0.0,,0.5,1.0,1.0,0.5,2.0,2.0,0.0,0.0,0.0,baseline,1,true
sensitivity_674,direct_target,virgin_metal_tax_tax_0_0025,virgin_metal_tax,0.0025,LOCALLY_INFEASIBLE,INFEASIBLE_POINT,true,17.7887731,9.387746725131318e-5,0,9.35250010537711e-9,0,material_composite_production_SK,eqpzs,IND_SK_NEW_ELMA,9.387746725131318e-5,F_FAC_FR_CAP_IND_FR_NEW_OFMA,9.35250010537711e-9,,1.0,2.0,2.0,0.5,2.0,2.0,0.0025,0.0,0.0025,direct_target,1,true
sensitivity_674,direct_target,virgin_metal_tax_tax_0_005,virgin_metal_tax,0.005,LOCALLY_INFEASIBLE,INFEASIBLE_POINT,true,16.631349064,0.00026505473927829204,0,0.0,0,material_composite_production_REU,eqpzs,IND_REU_NEW_ELMA,0.00026505473927829204,EOL_FLOW_EOL_DE_ELMA_INC,0.0,,1.0,2.0,2.0,0.5,2.0,2.0,0.005,0.0025,0.005,direct_target,1,true
sensitivity_674,direct_target,virgin_metal_tax_tax_0_01,virgin_metal_tax,0.01,LOCALLY_INFEASIBLE,INFEASIBLE_POINT,true,25.589978486,0.0005355756599398909,0,0.0,0,material_composite_production_REU,eqpzs,IND_REU_NEW_ELMA,0.0005355756599398909,EOL_FLOW_EOL_DE_ELMA_INC,0.0,,1.0,2.0,2.0,0.5,2.0,2.0,0.01,0.005,0.01,direct_target,1,true
sensitivity_674,direct_target,virgin_metal_tax_tax_0_02,virgin_metal_tax,0.02,LOCALLY_INFEASIBLE,INFEASIBLE_POINT,false,21.292865907,0.001060238262078017,1,0.0,0,material_composite_production_REU,eqpzs,IND_REU_NEW_ELMA,0.001060238262078017,EOL_FLOW_EOL_DE_ELMA_INC,0.0,,1.0,2.0,2.0,0.5,2.0,2.0,0.02,0.01,0.02,direct_target,1,false
sensitivity_674,continuation_trial,virgin_metal_tax_tax_0_015,virgin_metal_tax,0.015,LOCALLY_INFEASIBLE,INFEASIBLE_POINT,true,10.74825015,0.0008069703247568505,0,0.0,0,material_composite_production_REU,eqpzs,IND_REU_NEW_ELMA,0.0008069703247568505,EOL_FLOW_EOL_DE_ELMA_INC,0.0,,1.0,2.0,2.0,0.5,2.0,2.0,0.02,0.01,0.015,continuation_trial,2,true
sensitivity_674,continuation_trial,virgin_metal_tax_tax_0_02,virgin_metal_tax,0.02,LOCALLY_INFEASIBLE,INFEASIBLE_POINT,false,16.695420074,0.0010719784073901506,1,0.0,0,material_composite_production_REU,eqpzs,IND_REU_NEW_ELMA,0.0010719784073901506,EOL_FLOW_EOL_DE_ELMA_INC,0.0,,1.0,2.0,2.0,0.5,2.0,2.0,0.02,0.015,0.02,continuation_trial,3,false
sensitivity_674,continuation_trial,virgin_metal_tax_tax_0_0175,virgin_metal_tax,0.0175,LOCALLY_INFEASIBLE,INFEASIBLE_POINT,true,9.547941583,0.0009326090799373077,0,0.0,0,material_composite_production_REU,eqpzs,IND_REU_NEW_ELMA,0.0009326090799373077,EOL_FLOW_EOL_DE_ELMA_INC,0.0,,1.0,2.0,2.0,0.5,2.0,2.0,0.02,0.015,0.0175,continuation_trial,4,true
sensitivity_674,continuation_trial,virgin_metal_tax_tax_0_02,virgin_metal_tax,0.02,LOCALLY_INFEASIBLE,INFEASIBLE_POINT,false,28.043489777,0.001057961663077256,1,0.0,0,material_composite_production_REU,eqpzs,IND_REU_NEW_ELMA,0.001057961663077256,EOL_FLOW_EOL_DE_ELMA_INC,0.0,,1.0,2.0,2.0,0.5,2.0,2.0,0.02,0.0175,0.02,continuation_trial,5,false
sensitivity_674,continuation_trial,virgin_metal_tax_tax_0_018750000000000003,virgin_metal_tax,0.018750000000000003,LOCALLY_INFEASIBLE,INFEASIBLE_POINT,false,15.970281563,0.0010126298968489156,1,0.0,0,material_composite_production_REU,eqpzs,IND_REU_NEW_ELMA,0.0010126298968489156,EOL_FLOW_EOL_DE_ELMA_INC,0.0,,1.0,2.0,2.0,0.5,2.0,2.0,0.02,0.0175,0.018750000000000003,continuation_trial,6,false
sensitivity_674,continuation_trial,virgin_metal_tax_tax_0_018125000000000002,virgin_metal_tax,0.018125000000000002,LOCALLY_INFEASIBLE,INFEASIBLE_POINT,true,11.065950711,0.0009772400605950748,0,0.0,0,material_composite_production_REU,eqpzs,IND_REU_NEW_ELMA,0.0009772400605950748,EOL_FLOW_EOL_DE_ELMA_INC,0.0,,1.0,2.0,2.0,0.5,2.0,2.0,0.02,0.0175,0.018125000000000002,continuation_trial,7,true
sensitivity_674,continuation_trial,virgin_metal_tax_tax_0_019375000000000003,virgin_metal_tax,0.019375000000000003,LOCALLY_INFEASIBLE,INFEASIBLE_POINT,false,16.23151129,0.0010471876967168559,1,0.0,0,material_composite_production_REU,eqpzs,IND_REU_NEW_ELMA,0.0010471876967168559,EOL_FLOW_EOL_DE_ELMA_INC,0.0,,1.0,2.0,2.0,0.5,2.0,2.0,0.02,0.018125000000000002,0.019375000000000003,continuation_trial,8,false
sensitivity_674,continuation_trial,virgin_metal_tax_tax_0_018750000000000003,virgin_metal_tax,0.018750000000000003,LOCALLY_INFEASIBLE,INFEASIBLE_POINT,true,8.385502,0.0009355994815226643,0,0.0,0,material_composite_production_REU,eqpzs,IND_REU_NEW_ELMA,0.0009355994815226643,EOL_FLOW_EOL_DE_ELMA_INC,0.0,,1.0,2.0,2.0,0.5,2.0,2.0,0.02,0.018125000000000002,0.018750000000000003,continuation_trial,9,true
sensitivity_674,continuation_trial,virgin_metal_tax_tax_0_02,virgin_metal_tax,0.02,LOCALLY_INFEASIBLE,INFEASIBLE_POINT,false,11.969153558,0.0010325411370962767,1,0.0,0,material_composite_production_REU,eqpzs,IND_REU_NEW_ELMA,0.0010325411370962767,EOL_FLOW_EOL_DE_ELMA_INC,0.0,,1.0,2.0,2.0,0.5,2.0,2.0,0.02,0.018750000000000003,0.02,continuation_trial,10,false
sensitivity_674,continuation_trial,virgin_metal_tax_tax_0_019375000000000003,virgin_metal_tax,0.019375000000000003,LOCALLY_INFEASIBLE,INFEASIBLE_POINT,false,8.997153015,0.0010425805917705366,1,0.0,0,material_composite_production_REU,eqpzs,IND_REU_NEW_ELMA,0.0010425805917705366,EOL_FLOW_EOL_DE_ELMA_INC,0.0,,1.0,2.0,2.0,0.5,2.0,2.0,0.02,0.018750000000000003,0.019375000000000003,continuation_trial,11,false
sensitivity_674,continuation_trial,virgin_metal_tax_tax_0_019062500000000003,virgin_metal_tax,0.019062500000000003,LOCALLY_INFEASIBLE,INFEASIBLE_POINT,false,7.909602078,0.0010129702141838948,1,0.0,0,material_composite_production_REU,eqpzs,IND_REU_NEW_ELMA,0.0010129702141838948,EOL_FLOW_EOL_DE_ELMA_INC,0.0,,1.0,2.0,2.0,0.5,2.0,2.0,0.02,0.018750000000000003,0.019062500000000003,continuation_trial,12,false
sensitivity_674,continuation_trial,virgin_metal_tax_tax_0_018906250000000003,virgin_metal_tax,0.018906250000000003,LOCALLY_INFEASIBLE,INFEASIBLE_POINT,true,7.549995641,0.0009308499865806619,0,0.0,0,material_composite_production_REU,eqpzs,IND_REU_NEW_ELMA,0.0009308499865806619,EOL_FLOW_EOL_DE_ELMA_INC,0.0,,1.0,2.0,2.0,0.5,2.0,2.0,0.02,0.018750000000000003,0.018906250000000003,continuation_trial,13,true
sensitivity_674,continuation_trial,virgin_metal_tax_tax_0_019218750000000003,virgin_metal_tax,0.019218750000000003,LOCALLY_INFEASIBLE,INFEASIBLE_POINT,false,7.709085746,0.001034228506955448,1,0.0,0,material_composite_production_REU,eqpzs,IND_REU_NEW_ELMA,0.001034228506955448,EOL_FLOW_EOL_DE_ELMA_INC,0.0,,1.0,2.0,2.0,0.5,2.0,2.0,0.02,0.018906250000000003,0.019218750000000003,continuation_trial,14,false
sensitivity_674,continuation_trial,virgin_metal_tax_tax_0_019062500000000003,virgin_metal_tax,0.019062500000000003,LOCALLY_INFEASIBLE,INFEASIBLE_POINT,true,4.799078375,0.0009461777484409684,0,0.0,0,material_composite_production_REU,eqpzs,IND_REU_NEW_ELMA,0.0009461777484409684,EOL_FLOW_EOL_DE_ELMA_INC,0.0,,1.0,2.0,2.0,0.5,2.0,2.0,0.02,0.018906250000000003,0.019062500000000003,continuation_trial,15,true
sensitivity_674,continuation_trial,virgin_metal_tax_tax_0_019375000000000003,virgin_metal_tax,0.019375000000000003,LOCALLY_INFEASIBLE,INFEASIBLE_POINT,false,7.740957512,0.0010433139934850066,1,0.0,0,material_composite_production_REU,eqpzs,IND_REU_NEW_ELMA,0.0010433139934850066,EOL_FLOW_EOL_DE_ELMA_INC,0.0,,1.0,2.0,2.0,0.5,2.0,2.0,0.02,0.019062500000000003,0.019375000000000003,continuation_trial,16,false
sensitivity_674,continuation_trial,virgin_metal_tax_tax_0_019218750000000003,virgin_metal_tax,0.019218750000000003,LOCALLY_INFEASIBLE,INFEASIBLE_POINT,false,8.884265291,0.0010382879430250735,1,0.0,0,material_composite_production_REU,eqpzs,IND_REU_NEW_ELMA,0.0010382879430250735,EOL_FLOW_EOL_DE_ELMA_INC,0.0,,1.0,2.0,2.0,0.5,2.0,2.0,0.02,0.019062500000000003,0.019218750000000003,continuation_trial,17,false
sensitivity_674,continuation_trial,virgin_metal_tax_tax_0_019140625,virgin_metal_tax,0.019140625,LOCALLY_INFEASIBLE,INFEASIBLE_POINT,true,5.931454766,0.0009537973130032684,0,0.0,0,material_composite_production_REU,eqpzs,IND_REU_NEW_ELMA,0.0009537973130032684,EOL_FLOW_EOL_DE_ELMA_INC,0.0,,1.0,2.0,2.0,0.5,2.0,2.0,0.02,0.019062500000000003,0.019140625,continuation_trial,18,true
sensitivity_674,continuation_trial,virgin_metal_tax_tax_0_019296875,virgin_metal_tax,0.019296875,LOCALLY_INFEASIBLE,INFEASIBLE_POINT,false,7.321133145,0.0010420643746343883,1,0.0,0,material_composite_production_REU,eqpzs,IND_REU_NEW_ELMA,0.0010420643746343883,EOL_FLOW_EOL_DE_ELMA_INC,0.0,,1.0,2.0,2.0,0.5,2.0,2.0,0.02,0.019140625,0.019296875,continuation_trial,19,false
sensitivity_674,continuation_trial,virgin_metal_tax_tax_0_01921875,virgin_metal_tax,0.01921875,LOCALLY_INFEASIBLE,INFEASIBLE_POINT,false,5.553975691,0.0010347616749687427,1,0.0,0,material_composite_production_REU,eqpzs,IND_REU_NEW_ELMA,0.0010347616749687427,EOL_FLOW_EOL_DE_ELMA_INC,0.0,,1.0,2.0,2.0,0.5,2.0,2.0,0.02,0.019140625,0.01921875,continuation_trial,20,false
sensitivity_674,continuation_trial,virgin_metal_tax_tax_0_0191796875,virgin_metal_tax,0.0191796875,LOCALLY_INFEASIBLE,INFEASIBLE_POINT,true,6.714134916,0.0009706744553482638,0,0.0,0,material_composite_production_REU,eqpzs,IND_REU_NEW_ELMA,0.0009706744553482638,EOL_FLOW_EOL_DE_ELMA_INC,0.0,,1.0,2.0,2.0,0.5,2.0,2.0,0.02,0.019140625,0.0191796875,continuation_trial,21,true
sensitivity_674,continuation_trial,virgin_metal_tax_tax_0_0192578125,virgin_metal_tax,0.0192578125,LOCALLY_INFEASIBLE,INFEASIBLE_POINT,false,7.907356341,0.0010331266284432372,1,0.0,0,material_composite_production_REU,eqpzs,IND_REU_NEW_ELMA,0.0010331266284432372,EOL_FLOW_EOL_DE_ELMA_INC,0.0,,1.0,2.0,2.0,0.5,2.0,2.0,0.02,0.0191796875,0.0192578125,continuation_trial,22,false
sensitivity_674,continuation_trial,virgin_metal_tax_tax_0_01921875,virgin_metal_tax,0.01921875,LOCALLY_INFEASIBLE,INFEASIBLE_POINT,false,7.372112736,0.001029701924828541,1,0.0,0,material_composite_production_REU,eqpzs,IND_REU_NEW_ELMA,0.001029701924828541,EOL_FLOW_EOL_DE_ELMA_INC,0.0,,1.0,2.0,2.0,0.5,2.0,2.0,0.02,0.0191796875,0.01921875,continuation_trial,23,false
sensitivity_674,predictor_target,virgin_metal_tax_tax_0_02,virgin_metal_tax,0.02,LOCALLY_INFEASIBLE,INFEASIBLE_POINT,false,12.213884039,0.0010693878191395667,1,0.0,0,material_composite_production_REU,eqpzs,IND_REU_NEW_ELMA,0.0010693878191395667,EOL_FLOW_EOL_DE_ELMA_INC,0.0,,1.0,2.0,2.0,0.5,2.0,2.0,0.02,0.0191796875,0.02,predictor_target,24,false
sensitivity_674,baseline,baseline,,0.0,ALMOST_LOCALLY_SOLVED,NEARLY_FEASIBLE_POINT,true,3.59024042,4.768447311453983e-7,0,0.0,0,observed_physical_flow_links,quantity_link,physical_SK_OFMA_REP_route_input_mass,4.768447311453983e-7,EOL_FLOW_EOL_DE_ELMA_INC,0.0,,1.0,2.0,2.0,0.5,2.0,2.0,0.0,0.0,0.0,baseline,1,true
sensitivity_675,direct_target,virgin_metal_tax_tax_0_0025,virgin_metal_tax,0.0025,LOCALLY_INFEASIBLE,INFEASIBLE_POINT,true,9.568882037,0.00013493475689774215,0,0.0,0,material_composite_production_REU,eqpzs,IND_REU_NEW_ELMA,0.00013493475689774215,EOL_FLOW_EOL_DE_ELMA_INC,0.0,,2.0,2.0,2.0,0.5,2.0,2.0,0.0025,0.0,0.0025,direct_target,1,true
sensitivity_675,direct_target,virgin_metal_tax_tax_0_005,virgin_metal_tax,0.005,LOCALLY_INFEASIBLE,INFEASIBLE_POINT,true,7.329035015,0.00026902857209687436,0,0.0,0,material_composite_production_REU,eqpzs,IND_REU_NEW_ELMA,0.00026902857209687436,EOL_FLOW_EOL_DE_ELMA_INC,0.0,,2.0,2.0,2.0,0.5,2.0,2.0,0.005,0.0025,0.005,direct_target,1,true
sensitivity_675,direct_target,virgin_metal_tax_tax_0_01,virgin_metal_tax,0.01,LOCALLY_INFEASIBLE,INFEASIBLE_POINT,true,7.776065544,0.0006172743116179547,0,0.0,0,material_composite_production_SK,eqpzs,IND_SK_NEW_ELMA,0.0006172743116179547,EOL_FLOW_EOL_DE_ELMA_INC,0.0,,2.0,2.0,2.0,0.5,2.0,2.0,0.01,0.005,0.01,direct_target,1,true
sensitivity_675,direct_target,virgin_metal_tax_tax_0_02,virgin_metal_tax,0.02,LOCALLY_INFEASIBLE,INFEASIBLE_POINT,false,21.021611188,0.001068611203202674,1,0.0,0,material_composite_production_REU,eqpzs,IND_REU_NEW_ELMA,0.001068611203202674,EOL_FLOW_EOL_DE_ELMA_INC,0.0,,2.0,2.0,2.0,0.5,2.0,2.0,0.02,0.01,0.02,direct_target,1,false
sensitivity_675,continuation_trial,virgin_metal_tax_tax_0_015,virgin_metal_tax,0.015,LOCALLY_INFEASIBLE,INFEASIBLE_POINT,true,17.573465508,0.0008086343300287568,0,0.0,0,material_composite_production_REU,eqpzs,IND_REU_NEW_ELMA,0.0008086343300287568,EOL_FLOW_EOL_DE_ELMA_INC,0.0,,2.0,2.0,2.0,0.5,2.0,2.0,0.02,0.01,0.015,continuation_trial,2,true
sensitivity_675,continuation_trial,virgin_metal_tax_tax_0_02,virgin_metal_tax,0.02,LOCALLY_INFEASIBLE,INFEASIBLE_POINT,false,10.359288169,0.001239658541991484,1,0.0,0,material_composite_production_SK,eqpzs,IND_SK_NEW_ELMA,0.001239658541991484,EOL_FLOW_EOL_DE_ELMA_INC,0.0,,2.0,2.0,2.0,0.5,2.0,2.0,0.02,0.015,0.02,continuation_trial,3,false
sensitivity_675,continuation_trial,virgin_metal_tax_tax_0_0175,virgin_metal_tax,0.0175,LOCALLY_INFEASIBLE,INFEASIBLE_POINT,true,10.160319276,0.0008687969020622077,0,0.0,0,material_composite_production_SK,eqpzs,IND_SK_NEW_ELMA,0.0008687969020622077,EOL_FLOW_EOL_DE_ELMA_INC,0.0,,2.0,2.0,2.0,0.5,2.0,2.0,0.02,0.015,0.0175,continuation_trial,4,true
sensitivity_675,continuation_trial,virgin_metal_tax_tax_0_02,virgin_metal_tax,0.02,LOCALLY_INFEASIBLE,INFEASIBLE_POINT,false,14.814982255,0.001245213536059886,1,0.0,0,material_composite_production_SK,eqpzs,IND_SK_NEW_ELMA,0.001245213536059886,EOL_FLOW_EOL_DE_ELMA_INC,0.0,,2.0,2.0,2.0,0.5,2.0,2.0,0.02,0.0175,0.02,continuation_trial,5,false
sensitivity_675,continuation_trial,virgin_metal_tax_tax_0_018750000000000003,virgin_metal_tax,0.018750000000000003,LOCALLY_INFEASIBLE,INFEASIBLE_POINT,false,7.775128595,0.002632782490038843,1,0.0,0,observed_physical_flow_links,quantity_link,physical_SK_OFMA_REP_route_input_mass,0.002632782490038843,EOL_FLOW_EOL_DE_ELMA_INC,0.0,,2.0,2.0,2.0,0.5,2.0,2.0,0.02,0.0175,0.018750000000000003,continuation_trial,6,false
sensitivity_675,continuation_trial,virgin_metal_tax_tax_0_018125000000000002,virgin_metal_tax,0.018125000000000002,LOCALLY_INFEASIBLE,INFEASIBLE_POINT,false,7.387129912,0.0011124836036261465,1,0.0,0,material_composite_production_SK,eqpzs,IND_SK_NEW_ELMA,0.0011124836036261465,EOL_FLOW_EOL_DE_ELMA_INC,0.0,,2.0,2.0,2.0,0.5,2.0,2.0,0.02,0.0175,0.018125000000000002,continuation_trial,7,false
sensitivity_675,continuation_trial,virgin_metal_tax_tax_0_017812500000000002,virgin_metal_tax,0.017812500000000002,LOCALLY_INFEASIBLE,INFEASIBLE_POINT,true,10.653288584,0.0009105131671964806,0,0.0,0,material_composite_production_SK,eqpzs,IND_SK_NEW_ELMA,0.0009105131671964806,EOL_FLOW_EOL_DE_ELMA_INC,0.0,,2.0,2.0,2.0,0.5,2.0,2.0,0.02,0.0175,0.017812500000000002,continuation_trial,8,true
sensitivity_675,continuation_trial,virgin_metal_tax_tax_0_018437500000000002,virgin_metal_tax,0.018437500000000002,LOCALLY_INFEASIBLE,INFEASIBLE_POINT,false,11.940067782,0.0011646806799558984,1,0.0,0,material_composite_production_SK,eqpzs,IND_SK_NEW_ELMA,0.0011646806799558984,EOL_FLOW_EOL_DE_ELMA_INC,0.0,,2.0,2.0,2.0,0.5,2.0,2.0,0.02,0.017812500000000002,0.018437500000000002,continuation_trial,9,false
sensitivity_675,continuation_trial,virgin_metal_tax_tax_0_018125000000000002,virgin_metal_tax,0.018125000000000002,LOCALLY_INFEASIBLE,INFEASIBLE_POINT,true,5.696718721,0.0009364764752078925,0,0.0,0,material_composite_production_SK,eqpzs,IND_SK_NEW_ELMA,0.0009364764752078925,EOL_FLOW_EOL_DE_ELMA_INC,0.0,,2.0,2.0,2.0,0.5,2.0,2.0,0.02,0.017812500000000002,0.018125000000000002,continuation_trial,10,true
sensitivity_675,continuation_trial,virgin_metal_tax_tax_0_018750000000000003,virgin_metal_tax,0.018750000000000003,LOCALLY_INFEASIBLE,INFEASIBLE_POINT,true,7.051081139,0.0009339680049692545,0,0.0,0,material_composite_production_SK,eqpzs,IND_SK_NEW_ELMA,0.0009339680049692545,EOL_FLOW_EOL_DE_ELMA_INC,0.0,,2.0,2.0,2.0,0.5,2.0,2.0,0.02,0.018125000000000002,0.018750000000000003,continuation_trial,11,true
sensitivity_675,continuation_trial,virgin_metal_tax_tax_0_02,virgin_metal_tax,0.02,LOCALLY_INFEASIBLE,INFEASIBLE_POINT,false,6.713278462,0.0011716008239111009,1,0.0,0,material_composite_production_SK,eqpzs,IND_SK_NEW_ELMA,0.0011716008239111009,EOL_FLOW_EOL_DE_ELMA_INC,0.0,,2.0,2.0,2.0,0.5,2.0,2.0,0.02,0.018750000000000003,0.02,continuation_trial,12,false
sensitivity_675,continuation_trial,virgin_metal_tax_tax_0_019375000000000003,virgin_metal_tax,0.019375000000000003,LOCALLY_INFEASIBLE,INFEASIBLE_POINT,true,12.183434958,0.0009594793542282432,0,0.0,0,material_composite_production_SK,eqpzs,IND_SK_NEW_ELMA,0.0009594793542282432,EOL_FLOW_EOL_DE_ELMA_INC,0.0,,2.0,2.0,2.0,0.5,2.0,2.0,0.02,0.018750000000000003,0.019375000000000003,continuation_trial,13,true
sensitivity_675,continuation_trial,virgin_metal_tax_tax_0_02,virgin_metal_tax,0.02,LOCALLY_INFEASIBLE,INFEASIBLE_POINT,false,13.133228157,0.0012616780272699524,2,0.0,0,material_composite_production_SK,eqpzs,IND_SK_NEW_ELMA,0.0012616780272699524,EOL_FLOW_EOL_DE_ELMA_INC,0.0,,2.0,2.0,2.0,0.5,2.0,2.0,0.02,0.019375000000000003,0.02,continuation_trial,14,false
sensitivity_675,continuation_trial,virgin_metal_tax_tax_0_019687500000000004,virgin_metal_tax,0.019687500000000004,LOCALLY_INFEASIBLE,INFEASIBLE_POINT,false,9.524530369,0.0012465777066780204,2,0.0,0,material_composite_production_SK,eqpzs,IND_SK_NEW_ELMA,0.0012465777066780204,EOL_FLOW_EOL_DE_ELMA_INC,0.0,,2.0,2.0,2.0,0.5,2.0,2.0,0.02,0.019375000000000003,0.019687500000000004,continuation_trial,15,false
sensitivity_675,continuation_trial,virgin_metal_tax_tax_0_019531250000000003,virgin_metal_tax,0.019531250000000003,LOCALLY_INFEASIBLE,INFEASIBLE_POINT,true,5.120759921,0.0009347037893864263,0,0.0,0,material_composite_production_SK,eqpzs,IND_SK_NEW_ELMA,0.0009347037893864263,EOL_FLOW_EOL_DE_ELMA_INC,0.0,,2.0,2.0,2.0,0.5,2.0,2.0,0.02,0.019375000000000003,0.019531250000000003,continuation_trial,16,true
sensitivity_675,continuation_trial,virgin_metal_tax_tax_0_01984375,virgin_metal_tax,0.01984375,LOCALLY_INFEASIBLE,INFEASIBLE_POINT,true,6.609687589,0.000936686738528425,0,0.0,0,material_composite_production_SK,eqpzs,IND_SK_NEW_ELMA,0.000936686738528425,EOL_FLOW_EOL_DE_ELMA_INC,0.0,,2.0,2.0,2.0,0.5,2.0,2.0,0.02,0.019531250000000003,0.01984375,continuation_trial,17,true
sensitivity_675,continuation_trial,virgin_metal_tax_tax_0_02,virgin_metal_tax,0.02,LOCALLY_INFEASIBLE,INFEASIBLE_POINT,false,7.334399441,0.0010441187524646844,1,0.0,0,material_composite_production_SK,eqpzs,IND_SK_NEW_ELMA,0.0010441187524646844,EOL_FLOW_EOL_DE_ELMA_INC,0.0,,2.0,2.0,2.0,0.5,2.0,2.0,0.02,0.01984375,0.02,continuation_trial,18,false
sensitivity_675,continuation_trial,virgin_metal_tax_tax_0_019921875,virgin_metal_tax,0.019921875,LOCALLY_INFEASIBLE,INFEASIBLE_POINT,false,6.841320999,0.001056405755027856,1,0.0,0,material_composite_production_SK,eqpzs,IND_SK_NEW_ELMA,0.001056405755027856,EOL_FLOW_EOL_DE_ELMA_INC,0.0,,2.0,2.0,2.0,0.5,2.0,2.0,0.02,0.01984375,0.019921875,continuation_trial,19,false
sensitivity_675,continuation_trial,virgin_metal_tax_tax_0_0198828125,virgin_metal_tax,0.0198828125,LOCALLY_INFEASIBLE,INFEASIBLE_POINT,true,6.539393976,0.0009478251456178644,0,0.0,0,material_composite_production_SK,eqpzs,IND_SK_NEW_ELMA,0.0009478251456178644,EOL_FLOW_EOL_DE_ELMA_INC,0.0,,2.0,2.0,2.0,0.5,2.0,2.0,0.02,0.01984375,0.0198828125,continuation_trial,20,true
sensitivity_675,continuation_trial,virgin_metal_tax_tax_0_019960937499999998,virgin_metal_tax,0.019960937499999998,LOCALLY_INFEASIBLE,INFEASIBLE_POINT,false,6.088206972,0.0010219069481867127,1,0.0,0,material_composite_production_SK,eqpzs,IND_SK_NEW_ELMA,0.0010219069481867127,EOL_FLOW_EOL_DE_ELMA_INC,0.0,,2.0,2.0,2.0,0.5,2.0,2.0,0.02,0.0198828125,0.019960937499999998,continuation_trial,21,false
sensitivity_675,continuation_trial,virgin_metal_tax_tax_0_019921875,virgin_metal_tax,0.019921875,LOCALLY_INFEASIBLE,INFEASIBLE_POINT,false,12.455639235,0.0012572474612262408,2,0.0,0,material_composite_production_SK,eqpzs,IND_SK_NEW_ELMA,0.0012572474612262408,EOL_FLOW_EOL_DE_ELMA_INC,0.0,,2.0,2.0,2.0,0.5,2.0,2.0,0.02,0.0198828125,0.019921875,continuation_trial,22,false
sensitivity_675,predictor_target,virgin_metal_tax_tax_0_02,virgin_metal_tax,0.02,LOCALLY_INFEASIBLE,INFEASIBLE_POINT,false,9.961697735,0.012719496111608608,1,0.0,0,observed_physical_flow_links,quantity_link,physical_SK_OFMA_REP_route_input_mass,0.012719496111608608,EOL_FLOW_EOL_DE_ELMA_INC,0.0,,2.0,2.0,2.0,0.5,2.0,2.0,0.02,0.0198828125,0.02,predictor_target,23,false
sensitivity_675,baseline,baseline,,0.0,ALMOST_LOCALLY_SOLVED,NEARLY_FEASIBLE_POINT,true,2.452062835,4.768447026126665e-7,0,0.0,0,observed_physical_flow_links,quantity_link,physical_SK_OFMA_REP_route_input_mass,4.768447026126665e-7,EOL_FLOW_EOL_DE_ELMA_INC,0.0,,2.0,2.0,2.0,0.5,2.0,2.0,0.0,0.0,0.0,baseline,1,true
sensitivity_683,direct_target,virgin_metal_tax_tax_0_0025,virgin_metal_tax,0.0025,LOCALLY_INFEASIBLE,INFEASIBLE_POINT,true,16.899582867,0.00013136796716139987,0,0.0,0,material_composite_production_REU,eqpzs,IND_REU_NEW_ELMA,0.00013136796716139987,EOL_FLOW_EOL_DE_ELMA_INC,0.0,,1.0,2.0,0.5,1.0,2.0,2.0,0.0025,0.0,0.0025,direct_target,1,true
sensitivity_683,direct_target,virgin_metal_tax_tax_0_005,virgin_metal_tax,0.005,LOCALLY_INFEASIBLE,INFEASIBLE_POINT,true,19.494191035,0.0002641531770715133,0,0.0,0,material_composite_production_REU,eqpzs,IND_REU_NEW_ELMA,0.0002641531770715133,EOL_FLOW_EOL_DE_ELMA_INC,0.0,,1.0,2.0,0.5,1.0,2.0,2.0,0.005,0.0025,0.005,direct_target,1,true
sensitivity_683,direct_target,virgin_metal_tax_tax_0_01,virgin_metal_tax,0.01,LOCALLY_INFEASIBLE,INFEASIBLE_POINT,false,50.561652841,0.0025478401441070275,1,0.0,0,observed_physical_flow_links,quantity_link,physical_SK_OFMA_REP_route_input_mass,0.0025478401441070275,EOL_FLOW_EOL_DE_ELMA_INC,0.0,,1.0,2.0,0.5,1.0,2.0,2.0,0.01,0.005,0.01,direct_target,1,false
sensitivity_683,continuation_trial,virgin_metal_tax_tax_0_0075,virgin_metal_tax,0.0075,LOCALLY_INFEASIBLE,INFEASIBLE_POINT,true,24.838625197,0.00040407481543558443,0,0.0,0,material_composite_production_REU,eqpzs,IND_REU_NEW_ELMA,0.00040407481543558443,EOL_FLOW_EOL_DE_ELMA_INC,0.0,,1.0,2.0,0.5,1.0,2.0,2.0,0.01,0.005,0.0075,continuation_trial,2,true
sensitivity_683,continuation_trial,virgin_metal_tax_tax_0_01,virgin_metal_tax,0.01,LOCALLY_INFEASIBLE,INFEASIBLE_POINT,true,19.881585899,0.0005240121206714354,0,0.0,0,material_composite_production_REU,eqpzs,IND_REU_NEW_ELMA,0.0005240121206714354,EOL_FLOW_EOL_DE_ELMA_INC,0.0,,1.0,2.0,0.5,1.0,2.0,2.0,0.01,0.0075,0.01,continuation_trial,3,true
sensitivity_683,direct_target,virgin_metal_tax_tax_0_02,virgin_metal_tax,0.02,LOCALLY_INFEASIBLE,INFEASIBLE_POINT,false,94.923124728,0.0020146587557183793,1,0.0,0,observed_physical_flow_links,quantity_link,physical_SK_OFMA_REP_route_input_mass,0.0020146587557183793,EOL_FLOW_EOL_DE_ELMA_INC,0.0,,1.0,2.0,0.5,1.0,2.0,2.0,0.02,0.01,0.02,direct_target,1,false
sensitivity_683,continuation_trial,virgin_metal_tax_tax_0_015,virgin_metal_tax,0.015,LOCALLY_INFEASIBLE,INFEASIBLE_POINT,false,23.799568902,0.05118793950179201,3,0.0,0,observed_physical_flow_links,quantity_link,physical_SK_OFMA_REP_route_input_mass,0.05118793950179201,EOL_FLOW_EOL_DE_ELMA_INC,0.0,,1.0,2.0,0.5,1.0,2.0,2.0,0.02,0.01,0.015,continuation_trial,2,false
sensitivity_683,continuation_trial,virgin_metal_tax_tax_0_0125,virgin_metal_tax,0.0125,LOCALLY_INFEASIBLE,INFEASIBLE_POINT,true,21.831236445,0.0006585088120103499,0,0.0,0,material_composite_production_REU,eqpzs,IND_REU_NEW_ELMA,0.0006585088120103499,EOL_FLOW_EOL_DE_ELMA_INC,0.0,,1.0,2.0,0.5,1.0,2.0,2.0,0.02,0.01,0.0125,continuation_trial,3,true
sensitivity_683,continuation_trial,virgin_metal_tax_tax_0_0175,virgin_metal_tax,0.0175,LOCALLY_INFEASIBLE,INFEASIBLE_POINT,false,41.488275154,0.0071412072758609835,1,0.0,0,observed_physical_flow_links,quantity_link,physical_SK_OFMA_REP_route_input_mass,0.0071412072758609835,EOL_FLOW_EOL_DE_ELMA_INC,0.0,,1.0,2.0,0.5,1.0,2.0,2.0,0.02,0.0125,0.0175,continuation_trial,4,false
sensitivity_683,continuation_trial,virgin_metal_tax_tax_0_015000000000000001,virgin_metal_tax,0.015000000000000001,LOCALLY_INFEASIBLE,INFEASIBLE_POINT,true,17.43329072,0.0007858912871082646,0,0.0,0,material_composite_production_REU,eqpzs,IND_REU_NEW_ELMA,0.0007858912871082646,EOL_FLOW_EOL_DE_ELMA_INC,0.0,,1.0,2.0,0.5,1.0,2.0,2.0,0.02,0.0125,0.015000000000000001,continuation_trial,5,true
sensitivity_683,continuation_trial,virgin_metal_tax_tax_0_02,virgin_metal_tax,0.02,LOCALLY_INFEASIBLE,INFEASIBLE_POINT,false,18.025843564,0.0010226717688637255,1,0.0,0,material_composite_production_REU,eqpzs,IND_REU_NEW_ELMA,0.0010226717688637255,EOL_FLOW_EOL_DE_ELMA_INC,0.0,,1.0,2.0,0.5,1.0,2.0,2.0,0.02,0.015000000000000001,0.02,continuation_trial,6,false
sensitivity_683,continuation_trial,virgin_metal_tax_tax_0_0175,virgin_metal_tax,0.0175,LOCALLY_INFEASIBLE,INFEASIBLE_POINT,true,34.534665083,0.0009443366765280459,0,0.0,0,material_composite_production_REU,eqpzs,IND_REU_NEW_ELMA,0.0009443366765280459,EOL_FLOW_EOL_DE_ELMA_INC,0.0,,1.0,2.0,0.5,1.0,2.0,2.0,0.02,0.015000000000000001,0.0175,continuation_trial,7,true
sensitivity_683,continuation_trial,virgin_metal_tax_tax_0_02,virgin_metal_tax,0.02,LOCALLY_INFEASIBLE,INFEASIBLE_POINT,false,27.250068651,0.0010820666322947092,1,0.0,0,material_composite_production_REU,eqpzs,IND_REU_NEW_ELMA,0.0010820666322947092,EOL_FLOW_EOL_DE_ELMA_INC,0.0,,1.0,2.0,0.5,1.0,2.0,2.0,0.02,0.0175,0.02,continuation_trial,8,false
sensitivity_683,continuation_trial,virgin_metal_tax_tax_0_018750000000000003,virgin_metal_tax,0.018750000000000003,LOCALLY_INFEASIBLE,INFEASIBLE_POINT,false,48.394827256,0.030124692200044323,1,0.0,0,observed_physical_flow_links,quantity_link,physical_SK_OFMA_REP_route_input_mass,0.030124692200044323,EOL_FLOW_EOL_DE_ELMA_INC,0.0,,1.0,2.0,0.5,1.0,2.0,2.0,0.02,0.0175,0.018750000000000003,continuation_trial,9,false
sensitivity_683,continuation_trial,virgin_metal_tax_tax_0_018125000000000002,virgin_metal_tax,0.018125000000000002,TIME_LIMIT,NEARLY_FEASIBLE_POINT,false,123.984341592,0.006743905621747537,1,0.0,0,observed_physical_flow_links,quantity_link,physical_SK_OFMA_REP_route_input_mass,0.006743905621747537,EOL_FLOW_EOL_DE_ELMA_INC,0.0,,1.0,2.0,0.5,1.0,2.0,2.0,0.02,0.0175,0.018125000000000002,continuation_trial,10,false
sensitivity_683,continuation_trial,virgin_metal_tax_tax_0_017812500000000002,virgin_metal_tax,0.017812500000000002,LOCALLY_INFEASIBLE,INFEASIBLE_POINT,true,16.367109907,0.0009572818585540377,0,0.0,0,material_composite_production_REU,eqpzs,IND_REU_NEW_ELMA,0.0009572818585540377,EOL_FLOW_EOL_DE_ELMA_INC,0.0,,1.0,2.0,0.5,1.0,2.0,2.0,0.02,0.0175,0.017812500000000002,continuation_trial,11,true
sensitivity_683,continuation_trial,virgin_metal_tax_tax_0_018437500000000002,virgin_metal_tax,0.018437500000000002,LOCALLY_INFEASIBLE,INFEASIBLE_POINT,true,13.914272318,0.0009972303550399575,0,0.0,0,material_composite_production_REU,eqpzs,IND_REU_NEW_ELMA,0.0009972303550399575,EOL_FLOW_EOL_DE_ELMA_INC,0.0,,1.0,2.0,0.5,1.0,2.0,2.0,0.02,0.017812500000000002,0.018437500000000002,continuation_trial,12,true
sensitivity_683,continuation_trial,virgin_metal_tax_tax_0_019687500000000004,virgin_metal_tax,0.019687500000000004,LOCALLY_INFEASIBLE,INFEASIBLE_POINT,false,33.757121884,0.0010194448300718806,1,0.0,0,material_composite_production_REU,eqpzs,IND_REU_NEW_ELMA,0.0010194448300718806,EOL_FLOW_EOL_DE_ELMA_INC,0.0,,1.0,2.0,0.5,1.0,2.0,2.0,0.02,0.018437500000000002,0.019687500000000004,continuation_trial,13,false
sensitivity_683,continuation_trial,virgin_metal_tax_tax_0_019062500000000003,virgin_metal_tax,0.019062500000000003,TIME_LIMIT,NEARLY_FEASIBLE_POINT,false,124.371860839,0.011525515984704493,44,0.0,0,regional_investment_pool,investment_pool_clearing,,0.011525515984704493,EOL_FLOW_EOL_DE_ELMA_INC,0.0,,1.0,2.0,0.5,1.0,2.0,2.0,0.02,0.018437500000000002,0.019062500000000003,continuation_trial,14,false
sensitivity_683,continuation_trial,virgin_metal_tax_tax_0_018750000000000003,virgin_metal_tax,0.018750000000000003,LOCALLY_INFEASIBLE,INFEASIBLE_POINT,false,20.450179494,0.0010087378204394204,1,0.0,0,material_composite_production_REU,eqpzs,IND_REU_NEW_ELMA,0.0010087378204394204,EOL_FLOW_EOL_DE_ELMA_INC,0.0,,1.0,2.0,0.5,1.0,2.0,2.0,0.02,0.018437500000000002,0.018750000000000003,continuation_trial,15,false
sensitivity_683,continuation_trial,virgin_metal_tax_tax_0_018593750000000003,virgin_metal_tax,0.018593750000000003,LOCALLY_INFEASIBLE,INFEASIBLE_POINT,true,40.092927859,0.0009891275618565398,0,0.0,0,material_composite_production_REU,eqpzs,IND_REU_NEW_ELMA,0.0009891275618565398,EOL_FLOW_EOL_DE_ELMA_INC,0.0,,1.0,2.0,0.5,1.0,2.0,2.0,0.02,0.018437500000000002,0.018593750000000003,continuation_trial,16,true
sensitivity_683,continuation_trial,virgin_metal_tax_tax_0_018906250000000003,virgin_metal_tax,0.018906250000000003,LOCALLY_INFEASIBLE,INFEASIBLE_POINT,false,18.803200091,0.0010056209043824982,1,0.0,0,material_composite_production_REU,eqpzs,IND_REU_NEW_ELMA,0.0010056209043824982,EOL_FLOW_EOL_DE_ELMA_INC,0.0,,1.0,2.0,0.5,1.0,2.0,2.0,0.02,0.018593750000000003,0.018906250000000003,continuation_trial,17,false
sensitivity_683,continuation_trial,virgin_metal_tax_tax_0_018750000000000003,virgin_metal_tax,0.018750000000000003,LOCALLY_INFEASIBLE,INFEASIBLE_POINT,true,18.863681709,0.0009854097566163178,0,0.0,0,material_composite_production_REU,eqpzs,IND_REU_NEW_ELMA,0.0009854097566163178,EOL_FLOW_EOL_DE_ELMA_INC,0.0,,1.0,2.0,0.5,1.0,2.0,2.0,0.02,0.018593750000000003,0.018750000000000003,continuation_trial,18,true
sensitivity_683,continuation_trial,virgin_metal_tax_tax_0_019062500000000003,virgin_metal_tax,0.019062500000000003,LOCALLY_INFEASIBLE,INFEASIBLE_POINT,false,21.579467066,0.0010081834602052586,1,0.0,0,material_composite_production_REU,eqpzs,IND_REU_NEW_ELMA,0.0010081834602052586,EOL_FLOW_EOL_DE_ELMA_INC,0.0,,1.0,2.0,0.5,1.0,2.0,2.0,0.02,0.018750000000000003,0.019062500000000003,continuation_trial,19,false
sensitivity_683,continuation_trial,virgin_metal_tax_tax_0_018906250000000003,virgin_metal_tax,0.018906250000000003,LOCALLY_INFEASIBLE,INFEASIBLE_POINT,false,15.657865872,0.0010104290377800362,1,0.0,0,material_composite_production_REU,eqpzs,IND_REU_NEW_ELMA,0.0010104290377800362,EOL_FLOW_EOL_DE_ELMA_INC,0.0,,1.0,2.0,0.5,1.0,2.0,2.0,0.02,0.018750000000000003,0.018906250000000003,continuation_trial,20,false
sensitivity_683,continuation_trial,virgin_metal_tax_tax_0_018828125,virgin_metal_tax,0.018828125,LOCALLY_INFEASIBLE,INFEASIBLE_POINT,true,20.842174417,0.0009978036849692673,0,0.0,0,material_composite_production_REU,eqpzs,IND_REU_NEW_ELMA,0.0009978036849692673,EOL_FLOW_EOL_DE_ELMA_INC,0.0,,1.0,2.0,0.5,1.0,2.0,2.0,0.02,0.018750000000000003,0.018828125,continuation_trial,21,true
sensitivity_683,continuation_trial,virgin_metal_tax_tax_0_018984375,virgin_metal_tax,0.018984375,LOCALLY_INFEASIBLE,INFEASIBLE_POINT,true,11.6518167,0.00097765208094025,0,0.0,0,material_composite_production_REU,eqpzs,IND_REU_NEW_ELMA,0.00097765208094025,EOL_FLOW_EOL_DE_ELMA_INC,0.0,,1.0,2.0,0.5,1.0,2.0,2.0,0.02,0.018828125,0.018984375,continuation_trial,22,true
sensitivity_683,continuation_trial,virgin_metal_tax_tax_0_019296875,virgin_metal_tax,0.019296875,LOCALLY_INFEASIBLE,INFEASIBLE_POINT,true,18.101196138,0.0009882614057512562,0,0.0,0,material_composite_production_REU,eqpzs,IND_REU_NEW_ELMA,0.0009882614057512562,EOL_FLOW_EOL_DE_ELMA_INC,0.0,,1.0,2.0,0.5,1.0,2.0,2.0,0.02,0.018984375,0.019296875,continuation_trial,23,true
sensitivity_683,continuation_trial,virgin_metal_tax_tax_0_019921875000000002,virgin_metal_tax,0.019921875000000002,LOCALLY_INFEASIBLE,INFEASIBLE_POINT,false,24.334107015,0.0028988502053650667,2,0.0,0,observed_physical_flow_links,quantity_link,physical_SK_OFMA_REP_route_input_mass,0.0028988502053650667,EOL_FLOW_EOL_DE_ELMA_INC,0.0,,1.0,2.0,0.5,1.0,2.0,2.0,0.02,0.019296875,0.019921875000000002,continuation_trial,24,false
sensitivity_683,continuation_trial,virgin_metal_tax_tax_0_019609375000000002,virgin_metal_tax,0.019609375000000002,LOCALLY_INFEASIBLE,INFEASIBLE_POINT,true,9.302147021,0.000986349390521446,0,0.0,0,material_composite_production_REU,eqpzs,IND_REU_NEW_ELMA,0.000986349390521446,EOL_FLOW_EOL_DE_ELMA_INC,0.0,,1.0,2.0,0.5,1.0,2.0,2.0,0.02,0.019296875,0.019609375000000002,continuation_trial,25,true
sensitivity_683,continuation_trial,virgin_metal_tax_tax_0_02,virgin_metal_tax,0.02,LOCALLY_INFEASIBLE,INFEASIBLE_POINT,false,17.124879722,0.008099588099258814,1,0.0,0,observed_physical_flow_links,quantity_link,physical_SK_OFMA_REP_route_input_mass,0.008099588099258814,EOL_FLOW_EOL_DE_ELMA_INC,0.0,,1.0,2.0,0.5,1.0,2.0,2.0,0.02,0.019609375000000002,0.02,continuation_trial,26,false
sensitivity_683,continuation_trial,virgin_metal_tax_tax_0_0198046875,virgin_metal_tax,0.0198046875,LOCALLY_INFEASIBLE,INFEASIBLE_POINT,false,19.461626396,0.0010704919465498453,1,0.0,0,material_composite_production_REU,eqpzs,IND_REU_NEW_ELMA,0.0010704919465498453,EOL_FLOW_EOL_DE_ELMA_INC,0.0,,1.0,2.0,0.5,1.0,2.0,2.0,0.02,0.019609375000000002,0.0198046875,continuation_trial,27,false
sensitivity_683,continuation_trial,virgin_metal_tax_tax_0_01970703125,virgin_metal_tax,0.01970703125,LOCALLY_INFEASIBLE,INFEASIBLE_POINT,false,9.976235015,0.0010370419145675491,1,0.0,0,material_composite_production_REU,eqpzs,IND_REU_NEW_ELMA,0.0010370419145675491,EOL_FLOW_EOL_DE_ELMA_INC,0.0,,1.0,2.0,0.5,1.0,2.0,2.0,0.02,0.019609375000000002,0.01970703125,continuation_trial,28,false
sensitivity_683,continuation_trial,virgin_metal_tax_tax_0_019658203125000002,virgin_metal_tax,0.019658203125000002,LOCALLY_INFEASIBLE,INFEASIBLE_POINT,false,8.638301736,0.0010471527287487792,1,0.0,0,material_composite_production_REU,eqpzs,IND_REU_NEW_ELMA,0.0010471527287487792,EOL_FLOW_EOL_DE_ELMA_INC,0.0,,1.0,2.0,0.5,1.0,2.0,2.0,0.02,0.019609375000000002,0.019658203125000002,continuation_trial,29,false
sensitivity_683,predictor_target,virgin_metal_tax_tax_0_02,virgin_metal_tax,0.02,INVALID_MODEL,FEASIBLE_POINT,false,1.424010732,0.9996348151916169,9,0.0,0,regional_circular_household_utility,regional_circular_utility,PL,0.9996348151916169,EOL_FLOW_EOL_DE_ELMA_INC,0.0,,1.0,2.0,0.5,1.0,2.0,2.0,0.02,0.019609375000000002,0.02,predictor_target,30,false
sensitivity_683,baseline,baseline,,0.0,ALMOST_LOCALLY_SOLVED,NEARLY_FEASIBLE_POINT,true,3.596386081,5.06525232646382e-7,0,0.0,0,observed_physical_flow_links,quantity_link,physical_SK_OFMA_REP_route_input_mass,5.06525232646382e-7,EOL_FLOW_EOL_DE_ELMA_INC,0.0,,1.0,2.0,0.5,1.0,2.0,2.0,0.0,0.0,0.0,baseline,1,true
sensitivity_684,direct_target,virgin_metal_tax_tax_0_0025,virgin_metal_tax,0.0025,LOCALLY_INFEASIBLE,INFEASIBLE_POINT,true,15.948780143,0.0001544129166922703,0,0.0,0,material_composite_production_SK,eqpzs,IND_SK_NEW_ELMA,0.0001544129166922703,EOL_FLOW_EOL_DE_ELMA_INC,0.0,,2.0,2.0,0.5,1.0,2.0,2.0,0.0025,0.0,0.0025,direct_target,1,true
sensitivity_684,direct_target,virgin_metal_tax_tax_0_005,virgin_metal_tax,0.005,LOCALLY_INFEASIBLE,INFEASIBLE_POINT,true,21.422237567,0.00024495291576143163,0,0.0,0,material_composite_production_SK,eqpzs,IND_SK_NEW_ELMA,0.00024495291576143163,EOL_FLOW_EOL_DE_ELMA_INC,0.0,,2.0,2.0,0.5,1.0,2.0,2.0,0.005,0.0025,0.005,direct_target,1,true
sensitivity_684,direct_target,virgin_metal_tax_tax_0_01,virgin_metal_tax,0.01,LOCALLY_INFEASIBLE,INFEASIBLE_POINT,true,25.057207821,0.0006175491526878574,0,0.0,0,material_composite_production_SK,eqpzs,IND_SK_NEW_ELMA,0.0006175491526878574,EOL_FLOW_EOL_DE_ELMA_INC,0.0,,2.0,2.0,0.5,1.0,2.0,2.0,0.01,0.005,0.01,direct_target,1,true
sensitivity_684,direct_target,virgin_metal_tax_tax_0_02,virgin_metal_tax,0.02,LOCALLY_INFEASIBLE,INFEASIBLE_POINT,false,37.005313811,0.0011817955099026056,1,0.0,0,material_composite_production_SK,eqpzs,IND_SK_NEW_ELMA,0.0011817955099026056,EOL_FLOW_EOL_DE_ELMA_INC,0.0,,2.0,2.0,0.5,1.0,2.0,2.0,0.02,0.01,0.02,direct_target,1,false
sensitivity_684,continuation_trial,virgin_metal_tax_tax_0_015,virgin_metal_tax,0.015,LOCALLY_INFEASIBLE,INFEASIBLE_POINT,true,20.559058663,0.000698431970544533,0,0.0,0,material_composite_production_SK,eqpzs,IND_SK_NEW_ELMA,0.000698431970544533,EOL_FLOW_EOL_DE_ELMA_INC,0.0,,2.0,2.0,0.5,1.0,2.0,2.0,0.02,0.01,0.015,continuation_trial,2,true
sensitivity_684,continuation_trial,virgin_metal_tax_tax_0_02,virgin_metal_tax,0.02,LOCALLY_INFEASIBLE,INFEASIBLE_POINT,false,42.070456192,0.0010552200679416757,1,0.0,0,material_composite_production_REU,eqpzs,IND_REU_NEW_ELMA,0.0010552200679416757,EOL_FLOW_EOL_DE_ELMA_INC,0.0,,2.0,2.0,0.5,1.0,2.0,2.0,0.02,0.015,0.02,continuation_trial,3,false
sensitivity_684,continuation_trial,virgin_metal_tax_tax_0_0175,virgin_metal_tax,0.0175,LOCALLY_INFEASIBLE,INFEASIBLE_POINT,false,24.998236981,0.0010772194271709834,1,0.0,0,material_composite_production_SK,eqpzs,IND_SK_NEW_ELMA,0.0010772194271709834,EOL_FLOW_EOL_DE_ELMA_INC,0.0,,2.0,2.0,0.5,1.0,2.0,2.0,0.02,0.015,0.0175,continuation_trial,4,false
sensitivity_684,continuation_trial,virgin_metal_tax_tax_0_01625,virgin_metal_tax,0.01625,LOCALLY_INFEASIBLE,INFEASIBLE_POINT,false,31.172078789,0.0010206154866092554,1,0.0,0,material_composite_production_SK,eqpzs,IND_SK_NEW_ELMA,0.0010206154866092554,EOL_FLOW_EOL_DE_ELMA_INC,0.0,,2.0,2.0,0.5,1.0,2.0,2.0,0.02,0.015,0.01625,continuation_trial,5,false
sensitivity_684,continuation_trial,virgin_metal_tax_tax_0_015625,virgin_metal_tax,0.015625,LOCALLY_INFEASIBLE,INFEASIBLE_POINT,true,12.06509751,0.0007358739882545873,0,0.0,0,material_composite_production_REU,eqpzs,IND_REU_NEW_ELMA,0.0007358739882545873,EOL_FLOW_EOL_DE_ELMA_INC,0.0,,2.0,2.0,0.5,1.0,2.0,2.0,0.02,0.015,0.015625,continuation_trial,6,true
sensitivity_684,continuation_trial,virgin_metal_tax_tax_0_016875,virgin_metal_tax,0.016875,LOCALLY_INFEASIBLE,INFEASIBLE_POINT,true,49.316178932,0.0009065800852058326,0,0.0,0,material_composite_production_REU,eqpzs,IND_REU_NEW_ELMA,0.0009065800852058326,EOL_FLOW_EOL_DE_ELMA_INC,0.0,,2.0,2.0,0.5,1.0,2.0,2.0,0.02,0.015625,0.016875,continuation_trial,7,true
sensitivity_684,continuation_trial,virgin_metal_tax_tax_0_019375000000000003,virgin_metal_tax,0.019375000000000003,LOCALLY_INFEASIBLE,INFEASIBLE_POINT,false,36.38769441,0.0011158264109536464,1,0.0,0,material_composite_production_SK,eqpzs,IND_SK_NEW_ELMA,0.0011158264109536464,EOL_FLOW_EOL_DE_ELMA_INC,0.0,,2.0,2.0,0.5,1.0,2.0,2.0,0.02,0.016875,0.019375000000000003,continuation_trial,8,false
sensitivity_684,continuation_trial,virgin_metal_tax_tax_0_018125000000000002,virgin_metal_tax,0.018125000000000002,LOCALLY_INFEASIBLE,INFEASIBLE_POINT,false,42.174017664,0.001017902763641998,1,0.0,0,material_composite_production_SK,eqpzs,IND_SK_NEW_ELMA,0.001017902763641998,EOL_FLOW_EOL_DE_ELMA_INC,0.0,,2.0,2.0,0.5,1.0,2.0,2.0,0.02,0.016875,0.018125000000000002,continuation_trial,9,false
sensitivity_684,continuation_trial,virgin_metal_tax_tax_0_0175,virgin_metal_tax,0.0175,LOCALLY_INFEASIBLE,INFEASIBLE_POINT,true,18.42652553,0.0008921905943026776,0,0.0,0,material_composite_production_SK,eqpzs,IND_SK_NEW_ELMA,0.0008921905943026776,EOL_FLOW_EOL_DE_ELMA_INC,0.0,,2.0,2.0,0.5,1.0,2.0,2.0,0.02,0.016875,0.0175,continuation_trial,10,true
sensitivity_684,continuation_trial,virgin_metal_tax_tax_0_018750000000000003,virgin_metal_tax,0.018750000000000003,LOCALLY_INFEASIBLE,INFEASIBLE_POINT,false,24.466802008,0.0011535540275392497,1,0.0,0,material_composite_production_SK,eqpzs,IND_SK_NEW_ELMA,0.0011535540275392497,EOL_FLOW_EOL_DE_ELMA_INC,0.0,,2.0,2.0,0.5,1.0,2.0,2.0,0.02,0.0175,0.018750000000000003,continuation_trial,11,false
sensitivity_684,continuation_trial,virgin_metal_tax_tax_0_018125000000000002,virgin_metal_tax,0.018125000000000002,LOCALLY_INFEASIBLE,INFEASIBLE_POINT,true,13.388862992,0.0009902245512953822,0,0.0,0,material_composite_production_SK,eqpzs,IND_SK_NEW_ELMA,0.0009902245512953822,EOL_FLOW_EOL_DE_ELMA_INC,0.0,,2.0,2.0,0.5,1.0,2.0,2.0,0.02,0.0175,0.018125000000000002,continuation_trial,12,true
sensitivity_684,continuation_trial,virgin_metal_tax_tax_0_019375000000000003,virgin_metal_tax,0.019375000000000003,LOCALLY_INFEASIBLE,INFEASIBLE_POINT,false,20.182005149,0.001192286415716337,1,0.0,0,material_composite_production_SK,eqpzs,IND_SK_NEW_ELMA,0.001192286415716337,EOL_FLOW_EOL_DE_ELMA_INC,0.0,,2.0,2.0,0.5,1.0,2.0,2.0,0.02,0.018125000000000002,0.019375000000000003,continuation_trial,13,false
sensitivity_684,continuation_trial,virgin_metal_tax_tax_0_018750000000000003,virgin_metal_tax,0.018750000000000003,LOCALLY_INFEASIBLE,INFEASIBLE_POINT,false,25.00565989,0.0011849900304661265,1,0.0,0,material_composite_production_SK,eqpzs,IND_SK_NEW_ELMA,0.0011849900304661265,EOL_FLOW_EOL_DE_ELMA_INC,0.0,,2.0,2.0,0.5,1.0,2.0,2.0,0.02,0.018125000000000002,0.018750000000000003,continuation_trial,14,false
sensitivity_684,continuation_trial,virgin_metal_tax_tax_0_018437500000000002,virgin_metal_tax,0.018437500000000002,LOCALLY_INFEASIBLE,INFEASIBLE_POINT,false,26.338336234,0.0011103745504095208,1,0.0,0,material_composite_production_SK,eqpzs,IND_SK_NEW_ELMA,0.0011103745504095208,EOL_FLOW_EOL_DE_ELMA_INC,0.0,,2.0,2.0,0.5,1.0,2.0,2.0,0.02,0.018125000000000002,0.018437500000000002,continuation_trial,15,false
sensitivity_684,continuation_trial,virgin_metal_tax_tax_0_018281250000000002,virgin_metal_tax,0.018281250000000002,LOCALLY_INFEASIBLE,INFEASIBLE_POINT,true,17.976918463,0.0008602797297144749,0,0.0,0,material_composite_production_SK,eqpzs,IND_SK_NEW_ELMA,0.0008602797297144749,EOL_FLOW_EOL_DE_ELMA_INC,0.0,,2.0,2.0,0.5,1.0,2.0,2.0,0.02,0.018125000000000002,0.018281250000000002,continuation_trial,16,true
sensitivity_684,continuation_trial,virgin_metal_tax_tax_0_018593750000000003,virgin_metal_tax,0.018593750000000003,LOCALLY_INFEASIBLE,INFEASIBLE_POINT,false,25.233828137,0.0011670744028161595,1,0.0,0,material_composite_production_SK,eqpzs,IND_SK_NEW_ELMA,0.0011670744028161595,EOL_FLOW_EOL_DE_ELMA_INC,0.0,,2.0,2.0,0.5,1.0,2.0,2.0,0.02,0.018281250000000002,0.018593750000000003,continuation_trial,17,false
sensitivity_684,continuation_trial,virgin_metal_tax_tax_0_018437500000000002,virgin_metal_tax,0.018437500000000002,LOCALLY_INFEASIBLE,INFEASIBLE_POINT,true,12.84656137,0.0009927293454286001,0,0.0,0,material_composite_production_SK,eqpzs,IND_SK_NEW_ELMA,0.0009927293454286001,EOL_FLOW_EOL_DE_ELMA_INC,0.0,,2.0,2.0,0.5,1.0,2.0,2.0,0.02,0.018281250000000002,0.018437500000000002,continuation_trial,18,true
sensitivity_684,continuation_trial,virgin_metal_tax_tax_0_018750000000000003,virgin_metal_tax,0.018750000000000003,LOCALLY_INFEASIBLE,INFEASIBLE_POINT,false,8.803378155,0.0011584920805775,1,0.0,0,material_composite_production_SK,eqpzs,IND_SK_NEW_ELMA,0.0011584920805775,EOL_FLOW_EOL_DE_ELMA_INC,0.0,,2.0,2.0,0.5,1.0,2.0,2.0,0.02,0.018437500000000002,0.018750000000000003,continuation_trial,19,false
sensitivity_684,continuation_trial,virgin_metal_tax_tax_0_018593750000000003,virgin_metal_tax,0.018593750000000003,LOCALLY_INFEASIBLE,INFEASIBLE_POINT,false,35.462707508,0.0011398890935967465,1,0.0,0,material_composite_production_SK,eqpzs,IND_SK_NEW_ELMA,0.0011398890935967465,EOL_FLOW_EOL_DE_ELMA_INC,0.0,,2.0,2.0,0.5,1.0,2.0,2.0,0.02,0.018437500000000002,0.018593750000000003,continuation_trial,20,false
sensitivity_684,continuation_trial,virgin_metal_tax_tax_0_018515625,virgin_metal_tax,0.018515625,LOCALLY_INFEASIBLE,INFEASIBLE_POINT,false,30.860997052,0.0010009316686114822,1,0.0,0,material_composite_production_REU,eqpzs,IND_REU_NEW_ELMA,0.0010009316686114822,EOL_FLOW_EOL_DE_ELMA_INC,0.0,,2.0,2.0,0.5,1.0,2.0,2.0,0.02,0.018437500000000002,0.018515625,continuation_trial,21,false
sensitivity_684,continuation_trial,virgin_metal_tax_tax_0_0184765625,virgin_metal_tax,0.0184765625,LOCALLY_INFEASIBLE,INFEASIBLE_POINT,true,16.587180682,0.0009341924004029334,0,0.0,0,material_composite_production_SK,eqpzs,IND_SK_NEW_ELMA,0.0009341924004029334,EOL_FLOW_EOL_DE_ELMA_INC,0.0,,2.0,2.0,0.5,1.0,2.0,2.0,0.02,0.018437500000000002,0.0184765625,continuation_trial,22,true
sensitivity_684,continuation_trial,virgin_metal_tax_tax_0_0185546875,virgin_metal_tax,0.0185546875,LOCALLY_INFEASIBLE,INFEASIBLE_POINT,false,17.830094322,0.0010571109117453181,1,0.0,0,material_composite_production_SK,eqpzs,IND_SK_NEW_ELMA,0.0010571109117453181,EOL_FLOW_EOL_DE_ELMA_INC,0.0,,2.0,2.0,0.5,1.0,2.0,2.0,0.02,0.0184765625,0.0185546875,continuation_trial,23,false
sensitivity_684,continuation_trial,virgin_metal_tax_tax_0_018515625,virgin_metal_tax,0.018515625,LOCALLY_INFEASIBLE,INFEASIBLE_POINT,false,15.757110725,0.0011100860243012933,1,0.0,0,material_composite_production_SK,eqpzs,IND_SK_NEW_ELMA,0.0011100860243012933,EOL_FLOW_EOL_DE_ELMA_INC,0.0,,2.0,2.0,0.5,1.0,2.0,2.0,0.02,0.0184765625,0.018515625,continuation_trial,24,false
sensitivity_684,predictor_target,virgin_metal_tax_tax_0_02,virgin_metal_tax,0.02,LOCALLY_INFEASIBLE,INFEASIBLE_POINT,false,86.907802672,0.002792096719831827,2,0.0,0,observed_physical_flow_links,quantity_link,physical_SK_OFMA_REP_route_input_mass,0.002792096719831827,EOL_FLOW_EOL_DE_ELMA_INC,0.0,,2.0,2.0,0.5,1.0,2.0,2.0,0.02,0.0184765625,0.02,predictor_target,25,false
sensitivity_684,baseline,baseline,,0.0,ALMOST_LOCALLY_SOLVED,NEARLY_FEASIBLE_POINT,true,2.299140051,5.065252081104532e-7,0,0.0,0,observed_physical_flow_links,quantity_link,physical_SK_OFMA_REP_route_input_mass,5.065252081104532e-7,EOL_FLOW_EOL_DE_ELMA_INC,0.0,,2.0,2.0,0.5,1.0,2.0,2.0,0.0,0.0,0.0,baseline,1,true
sensitivity_688,direct_target,virgin_metal_tax_tax_0_0025,virgin_metal_tax,0.0025,LOCALLY_INFEASIBLE,INFEASIBLE_POINT,true,14.846204318,8.192524931155544e-5,0,0.0,0,common_eu_trade,eu_cet_quantity,NEW_ELMA|REU,8.192524931155544e-5,EOL_FLOW_EOL_DE_ELMA_INC,0.0,,0.5,1.0,1.0,1.0,2.0,2.0,0.0025,0.0,0.0025,direct_target,1,true
sensitivity_688,direct_target,virgin_metal_tax_tax_0_005,virgin_metal_tax,0.005,LOCALLY_INFEASIBLE,INFEASIBLE_POINT,true,22.969847225,0.0002207177541981853,0,0.0,0,material_composite_production_REU,eqpzs,IND_REU_NEW_ELMA,0.0002207177541981853,EOL_FLOW_EOL_DE_ELMA_INC,0.0,,0.5,1.0,1.0,1.0,2.0,2.0,0.005,0.0025,0.005,direct_target,1,true
sensitivity_688,direct_target,virgin_metal_tax_tax_0_01,virgin_metal_tax,0.01,LOCALLY_INFEASIBLE,INFEASIBLE_POINT,true,28.249975841,0.00044741812366273364,0,0.0,0,common_eu_trade,eu_cet_quantity,NEW_ELMA|SK,0.00044741812366273364,EOL_FLOW_EOL_DE_ELMA_INC,0.0,,0.5,1.0,1.0,1.0,2.0,2.0,0.01,0.005,0.01,direct_target,1,true
sensitivity_688,direct_target,virgin_metal_tax_tax_0_02,virgin_metal_tax,0.02,LOCALLY_INFEASIBLE,INFEASIBLE_POINT,false,60.15611086,0.06750919594432725,3,0.0,0,observed_physical_flow_links,quantity_link,physical_SK_OFMA_REP_route_input_mass,0.06750919594432725,EOL_FLOW_EOL_DE_ELMA_INC,0.0,,0.5,1.0,1.0,1.0,2.0,2.0,0.02,0.01,0.02,direct_target,1,false
sensitivity_688,continuation_trial,virgin_metal_tax_tax_0_015,virgin_metal_tax,0.015,LOCALLY_INFEASIBLE,INFEASIBLE_POINT,false,96.644448794,0.04104840311248448,1,0.0,0,observed_physical_flow_links,quantity_link,physical_SK_OFMA_REP_route_input_mass,0.04104840311248448,EOL_FLOW_EOL_DE_ELMA_INC,0.0,,0.5,1.0,1.0,1.0,2.0,2.0,0.02,0.01,0.015,continuation_trial,2,false
sensitivity_688,continuation_trial,virgin_metal_tax_tax_0_0125,virgin_metal_tax,0.0125,LOCALLY_INFEASIBLE,INFEASIBLE_POINT,true,21.916398286,0.0005467556662011204,0,0.0,0,common_eu_trade,eu_cet_quantity,NEW_ELMA|SK,0.0005467556662011204,EOL_FLOW_EOL_DE_ELMA_INC,0.0,,0.5,1.0,1.0,1.0,2.0,2.0,0.02,0.01,0.0125,continuation_trial,3,true
sensitivity_688,continuation_trial,virgin_metal_tax_tax_0_0175,virgin_metal_tax,0.0175,LOCALLY_INFEASIBLE,INFEASIBLE_POINT,true,28.715513627,0.0007263749746141618,0,0.0,0,common_eu_trade,eu_cet_quantity,NEW_ELMA|SK,0.0007263749746141618,EOL_FLOW_EOL_DE_ELMA_INC,0.0,,0.5,1.0,1.0,1.0,2.0,2.0,0.02,0.0125,0.0175,continuation_trial,4,true
sensitivity_688,continuation_trial,virgin_metal_tax_tax_0_02,virgin_metal_tax,0.02,LOCALLY_INFEASIBLE,INFEASIBLE_POINT,false,53.927879765,0.04411610719989634,3,0.0,0,observed_physical_flow_links,quantity_link,physical_SK_OFMA_REP_route_input_mass,0.04411610719989634,EOL_FLOW_EOL_DE_ELMA_INC,0.0,,0.5,1.0,1.0,1.0,2.0,2.0,0.02,0.0175,0.02,continuation_trial,5,false
sensitivity_688,continuation_trial,virgin_metal_tax_tax_0_018750000000000003,virgin_metal_tax,0.018750000000000003,LOCALLY_INFEASIBLE,INFEASIBLE_POINT,false,16.531045761,0.023165012027335008,1,0.0,0,observed_physical_flow_links,quantity_link,physical_SK_OFMA_REP_route_input_mass,0.023165012027335008,EOL_FLOW_EOL_DE_ELMA_INC,0.0,,0.5,1.0,1.0,1.0,2.0,2.0,0.02,0.0175,0.018750000000000003,continuation_trial,6,false
sensitivity_688,continuation_trial,virgin_metal_tax_tax_0_018125000000000002,virgin_metal_tax,0.018125000000000002,LOCALLY_INFEASIBLE,INFEASIBLE_POINT,true,9.518053067,0.0008399287887598759,0,0.0,0,common_eu_trade,eu_cet_quantity,NEW_ELMA|SK,0.0008399287887598759,EOL_FLOW_EOL_DE_ELMA_INC,0.0,,0.5,1.0,1.0,1.0,2.0,2.0,0.02,0.0175,0.018125000000000002,continuation_trial,7,true
sensitivity_688,continuation_trial,virgin_metal_tax_tax_0_019375000000000003,virgin_metal_tax,0.019375000000000003,LOCALLY_INFEASIBLE,INFEASIBLE_POINT,true,11.313838305,0.0008613115717400427,0,0.0,0,common_eu_trade,eu_cet_quantity,NEW_ELMA|SK,0.0008613115717400427,EOL_FLOW_EOL_DE_ELMA_INC,0.0,,0.5,1.0,1.0,1.0,2.0,2.0,0.02,0.018125000000000002,0.019375000000000003,continuation_trial,8,true
sensitivity_688,continuation_trial,virgin_metal_tax_tax_0_02,virgin_metal_tax,0.02,LOCALLY_INFEASIBLE,INFEASIBLE_POINT,false,39.530846821,0.054758861232429346,3,0.0,0,observed_physical_flow_links,quantity_link,physical_SK_OFMA_REP_route_input_mass,0.054758861232429346,EOL_FLOW_EOL_DE_ELMA_INC,0.0,,0.5,1.0,1.0,1.0,2.0,2.0,0.02,0.019375000000000003,0.02,continuation_trial,9,false
sensitivity_688,continuation_trial,virgin_metal_tax_tax_0_019687500000000004,virgin_metal_tax,0.019687500000000004,TIME_LIMIT,NEARLY_FEASIBLE_POINT,false,124.01615045,0.005694042695758461,2,0.0,0,observed_physical_flow_links,quantity_link,physical_SK_OFMA_REP_route_input_mass,0.005694042695758461,EOL_FLOW_EOL_DE_ELMA_INC,0.0,,0.5,1.0,1.0,1.0,2.0,2.0,0.02,0.019375000000000003,0.019687500000000004,continuation_trial,10,false
sensitivity_688,continuation_trial,virgin_metal_tax_tax_0_019531250000000003,virgin_metal_tax,0.019531250000000003,TIME_LIMIT,NEARLY_FEASIBLE_POINT,false,124.891830495,0.0009066380938077545,0,0.0,0,material_composite_production_REU,eqpzs,IND_REU_NEW_ELMA,0.0009066380938077545,EOL_FLOW_EOL_DE_ELMA_INC,0.0,,0.5,1.0,1.0,1.0,2.0,2.0,0.02,0.019375000000000003,0.019531250000000003,continuation_trial,11,false
sensitivity_688,continuation_trial,virgin_metal_tax_tax_0_019453125,virgin_metal_tax,0.019453125,LOCALLY_INFEASIBLE,INFEASIBLE_POINT,false,37.871537984,0.0010324007025499444,1,0.0,0,common_eu_trade,eu_cet_quantity,NEW_ELMA|SK,0.0010324007025499444,EOL_FLOW_EOL_DE_ELMA_INC,0.0,,0.5,1.0,1.0,1.0,2.0,2.0,0.02,0.019375000000000003,0.019453125,continuation_trial,12,false
sensitivity_688,continuation_trial,virgin_metal_tax_tax_0_019414062500000002,virgin_metal_tax,0.019414062500000002,LOCALLY_INFEASIBLE,INFEASIBLE_POINT,false,14.336306228,0.001072918961607465,1,0.0,0,common_eu_trade,eu_cet_quantity,NEW_ELMA|SK,0.001072918961607465,EOL_FLOW_EOL_DE_ELMA_INC,0.0,,0.5,1.0,1.0,1.0,2.0,2.0,0.02,0.019375000000000003,0.019414062500000002,continuation_trial,13,false
sensitivity_688,predictor_target,virgin_metal_tax_tax_0_02,virgin_metal_tax,0.02,LOCALLY_INFEASIBLE,INFEASIBLE_POINT,false,50.435347868,0.0010805307734193276,1,0.0,0,common_eu_trade,eu_cet_quantity,NEW_ELMA|SK,0.0010805307734193276,EOL_FLOW_EOL_DE_ELMA_INC,0.0,,0.5,1.0,1.0,1.0,2.0,2.0,0.02,0.019375000000000003,0.02,predictor_target,14,false
sensitivity_688,baseline,baseline,,0.0,ALMOST_LOCALLY_SOLVED,NEARLY_FEASIBLE_POINT,true,2.89615471,5.156131736017144e-7,0,0.0,0,observed_physical_flow_links,quantity_link,physical_SK_OFMA_REP_route_input_mass,5.156131736017144e-7,EOL_FLOW_EOL_DE_ELMA_INC,0.0,,0.5,1.0,1.0,1.0,2.0,2.0,0.0,0.0,0.0,baseline,1,true
sensitivity_692,direct_target,virgin_metal_tax_tax_0_0025,virgin_metal_tax,0.0025,LOCALLY_INFEASIBLE,INFEASIBLE_POINT,true,23.920127417,0.00013367863922741918,0,0.0,0,material_composite_production_REU,eqpzs,IND_REU_NEW_ELMA,0.00013367863922741918,EOL_FLOW_EOL_DE_ELMA_INC,0.0,,1.0,2.0,1.0,1.0,2.0,2.0,0.0025,0.0,0.0025,direct_target,1,true
sensitivity_692,direct_target,virgin_metal_tax_tax_0_005,virgin_metal_tax,0.005,LOCALLY_INFEASIBLE,INFEASIBLE_POINT,true,39.825334252,0.00026697938283692935,0,0.0,0,material_composite_production_REU,eqpzs,IND_REU_NEW_ELMA,0.00026697938283692935,EOL_FLOW_EOL_DE_ELMA_INC,0.0,,1.0,2.0,1.0,1.0,2.0,2.0,0.005,0.0025,0.005,direct_target,1,true
sensitivity_692,direct_target,virgin_metal_tax_tax_0_01,virgin_metal_tax,0.01,LOCALLY_INFEASIBLE,INFEASIBLE_POINT,true,24.839785805,0.0005316578469984901,0,0.0,0,material_composite_production_REU,eqpzs,IND_REU_NEW_ELMA,0.0005316578469984901,EOL_FLOW_EOL_DE_ELMA_INC,0.0,,1.0,2.0,1.0,1.0,2.0,2.0,0.01,0.005,0.01,direct_target,1,true
sensitivity_692,direct_target,virgin_metal_tax_tax_0_02,virgin_metal_tax,0.02,TIME_LIMIT,NEARLY_FEASIBLE_POINT,false,124.848481438,0.014400976165671816,3,0.0,0,eu_wide_eol_allocation,eu_wide_eol_allocation,OFMA|EOL_SK_OFMA_REP,0.014400976165671816,EOL_FLOW_EOL_DE_ELMA_INC,0.0,,1.0,2.0,1.0,1.0,2.0,2.0,0.02,0.01,0.02,direct_target,1,false
sensitivity_692,continuation_trial,virgin_metal_tax_tax_0_015,virgin_metal_tax,0.015,LOCALLY_INFEASIBLE,INFEASIBLE_POINT,false,65.763582629,0.0012812792168972464,1,0.0,0,observed_physical_flow_links,quantity_link,physical_SK_OFMA_REP_route_input_mass,0.0012812792168972464,EOL_FLOW_EOL_DE_ELMA_INC,0.0,,1.0,2.0,1.0,1.0,2.0,2.0,0.02,0.01,0.015,continuation_trial,2,false
sensitivity_692,continuation_trial,virgin_metal_tax_tax_0_0125,virgin_metal_tax,0.0125,LOCALLY_INFEASIBLE,INFEASIBLE_POINT,true,30.168547418,0.0006688198863191719,0,0.0,0,material_composite_production_REU,eqpzs,IND_REU_NEW_ELMA,0.0006688198863191719,EOL_FLOW_EOL_DE_ELMA_INC,0.0,,1.0,2.0,1.0,1.0,2.0,2.0,0.02,0.01,0.0125,continuation_trial,3,true
sensitivity_692,continuation_trial,virgin_metal_tax_tax_0_0175,virgin_metal_tax,0.0175,LOCALLY_INFEASIBLE,INFEASIBLE_POINT,true,15.458531434,0.0009131532060709935,0,0.0,0,material_composite_production_REU,eqpzs,IND_REU_NEW_ELMA,0.0009131532060709935,EOL_FLOW_EOL_DE_ELMA_INC,0.0,,1.0,2.0,1.0,1.0,2.0,2.0,0.02,0.0125,0.0175,continuation_trial,4,true
sensitivity_692,continuation_trial,virgin_metal_tax_tax_0_02,virgin_metal_tax,0.02,LOCALLY_INFEASIBLE,INFEASIBLE_POINT,false,31.513084384,0.001070317191609882,1,0.0,0,material_composite_production_REU,eqpzs,IND_REU_NEW_ELMA,0.001070317191609882,EOL_FLOW_EOL_DE_ELMA_INC,0.0,,1.0,2.0,1.0,1.0,2.0,2.0,0.02,0.0175,0.02,continuation_trial,5,false
sensitivity_692,continuation_trial,virgin_metal_tax_tax_0_018750000000000003,virgin_metal_tax,0.018750000000000003,LOCALLY_INFEASIBLE,INFEASIBLE_POINT,false,50.866376016,0.2544117445097527,5,0.0,0,observed_physical_flow_links,quantity_link,physical_SK_OFMA_REP_route_input_mass,0.2544117445097527,EOL_FLOW_EOL_DE_ELMA_INC,0.0,,1.0,2.0,1.0,1.0,2.0,2.0,0.02,0.0175,0.018750000000000003,continuation_trial,6,false
sensitivity_692,continuation_trial,virgin_metal_tax_tax_0_018125000000000002,virgin_metal_tax,0.018125000000000002,LOCALLY_INFEASIBLE,INFEASIBLE_POINT,false,30.100145578,0.040335436753375586,1,0.0,0,observed_physical_flow_links,quantity_link,physical_SK_OFMA_REP_route_input_mass,0.040335436753375586,EOL_FLOW_EOL_DE_ELMA_INC,0.0,,1.0,2.0,1.0,1.0,2.0,2.0,0.02,0.0175,0.018125000000000002,continuation_trial,7,false
sensitivity_692,continuation_trial,virgin_metal_tax_tax_0_017812500000000002,virgin_metal_tax,0.017812500000000002,LOCALLY_INFEASIBLE,INFEASIBLE_POINT,true,16.894369149,0.0009577890373574371,0,0.0,0,material_composite_production_REU,eqpzs,IND_REU_NEW_ELMA,0.0009577890373574371,EOL_FLOW_EOL_DE_ELMA_INC,0.0,,1.0,2.0,1.0,1.0,2.0,2.0,0.02,0.0175,0.017812500000000002,continuation_trial,8,true
sensitivity_692,continuation_trial,virgin_metal_tax_tax_0_018437500000000002,virgin_metal_tax,0.018437500000000002,LOCALLY_INFEASIBLE,INFEASIBLE_POINT,true,10.29635992,0.0009630256078207999,0,0.0,0,material_composite_production_REU,eqpzs,IND_REU_NEW_ELMA,0.0009630256078207999,EOL_FLOW_EOL_DE_ELMA_INC,0.0,,1.0,2.0,1.0,1.0,2.0,2.0,0.02,0.017812500000000002,0.018437500000000002,continuation_trial,9,true
sensitivity_692,continuation_trial,virgin_metal_tax_tax_0_019687500000000004,virgin_metal_tax,0.019687500000000004,LOCALLY_INFEASIBLE,INFEASIBLE_POINT,false,65.436044188,0.007378342277284622,1,0.0,0,observed_physical_flow_links,quantity_link,physical_SK_OFMA_REP_route_input_mass,0.007378342277284622,EOL_FLOW_EOL_DE_ELMA_INC,0.0,,1.0,2.0,1.0,1.0,2.0,2.0,0.02,0.018437500000000002,0.019687500000000004,continuation_trial,10,false
sensitivity_692,continuation_trial,virgin_metal_tax_tax_0_019062500000000003,virgin_metal_tax,0.019062500000000003,LOCALLY_INFEASIBLE,INFEASIBLE_POINT,true,33.550155563,0.000958689399904511,0,0.0,0,material_composite_production_REU,eqpzs,IND_REU_NEW_ELMA,0.000958689399904511,EOL_FLOW_EOL_DE_ELMA_INC,0.0,,1.0,2.0,1.0,1.0,2.0,2.0,0.02,0.018437500000000002,0.019062500000000003,continuation_trial,11,true
sensitivity_692,continuation_trial,virgin_metal_tax_tax_0_02,virgin_metal_tax,0.02,LOCALLY_INFEASIBLE,INFEASIBLE_POINT,false,16.979548906,0.0010507156457996158,1,0.0,0,material_composite_production_REU,eqpzs,IND_REU_NEW_ELMA,0.0010507156457996158,EOL_FLOW_EOL_DE_ELMA_INC,0.0,,1.0,2.0,1.0,1.0,2.0,2.0,0.02,0.019062500000000003,0.02,continuation_trial,12,false
sensitivity_692,continuation_trial,virgin_metal_tax_tax_0_01953125,virgin_metal_tax,0.01953125,LOCALLY_INFEASIBLE,INFEASIBLE_POINT,false,63.61409982,0.0010557664772432584,1,0.0,0,material_composite_production_REU,eqpzs,IND_REU_NEW_ELMA,0.0010557664772432584,EOL_FLOW_EOL_DE_ELMA_INC,0.0,,1.0,2.0,1.0,1.0,2.0,2.0,0.02,0.019062500000000003,0.01953125,continuation_trial,13,false
sensitivity_692,continuation_trial,virgin_metal_tax_tax_0_019296875,virgin_metal_tax,0.019296875,LOCALLY_INFEASIBLE,INFEASIBLE_POINT,false,35.935462738,0.0010322053041902368,1,0.0,0,material_composite_production_REU,eqpzs,IND_REU_NEW_ELMA,0.0010322053041902368,EOL_FLOW_EOL_DE_ELMA_INC,0.0,,1.0,2.0,1.0,1.0,2.0,2.0,0.02,0.019062500000000003,0.019296875,continuation_trial,14,false
sensitivity_692,continuation_trial,virgin_metal_tax_tax_0_019179687500000004,virgin_metal_tax,0.019179687500000004,LOCALLY_INFEASIBLE,INFEASIBLE_POINT,true,13.476230351,0.0009591845684482347,0,0.0,0,material_composite_production_REU,eqpzs,IND_REU_NEW_ELMA,0.0009591845684482347,EOL_FLOW_EOL_DE_ELMA_INC,0.0,,1.0,2.0,1.0,1.0,2.0,2.0,0.02,0.019062500000000003,0.019179687500000004,continuation_trial,15,true
sensitivity_692,continuation_trial,virgin_metal_tax_tax_0_019414062500000002,virgin_metal_tax,0.019414062500000002,LOCALLY_INFEASIBLE,INFEASIBLE_POINT,false,48.342550347,0.0010451810809338768,1,0.0,0,material_composite_production_REU,eqpzs,IND_REU_NEW_ELMA,0.0010451810809338768,EOL_FLOW_EOL_DE_ELMA_INC,0.0,,1.0,2.0,1.0,1.0,2.0,2.0,0.02,0.019179687500000004,0.019414062500000002,continuation_trial,16,false
sensitivity_692,continuation_trial,virgin_metal_tax_tax_0_019296875000000005,virgin_metal_tax,0.019296875000000005,LOCALLY_INFEASIBLE,INFEASIBLE_POINT,false,12.69339896,0.0010194095519364677,1,0.0,0,material_composite_production_REU,eqpzs,IND_REU_NEW_ELMA,0.0010194095519364677,EOL_FLOW_EOL_DE_ELMA_INC,0.0,,1.0,2.0,1.0,1.0,2.0,2.0,0.02,0.019179687500000004,0.019296875000000005,continuation_trial,17,false
sensitivity_692,continuation_trial,virgin_metal_tax_tax_0_019238281250000003,virgin_metal_tax,0.019238281250000003,LOCALLY_INFEASIBLE,INFEASIBLE_POINT,false,26.608011239,0.0010300795956406095,1,0.0,0,material_composite_production_REU,eqpzs,IND_REU_NEW_ELMA,0.0010300795956406095,EOL_FLOW_EOL_DE_ELMA_INC,0.0,,1.0,2.0,1.0,1.0,2.0,2.0,0.02,0.019179687500000004,0.019238281250000003,continuation_trial,18,false
sensitivity_692,continuation_trial,virgin_metal_tax_tax_0_019208984375000005,virgin_metal_tax,0.019208984375000005,LOCALLY_INFEASIBLE,INFEASIBLE_POINT,false,8.802127147,0.0010237883475382459,1,0.0,0,material_composite_production_REU,eqpzs,IND_REU_NEW_ELMA,0.0010237883475382459,EOL_FLOW_EOL_DE_ELMA_INC,0.0,,1.0,2.0,1.0,1.0,2.0,2.0,0.02,0.019179687500000004,0.019208984375000005,continuation_trial,19,false
sensitivity_692,predictor_target,virgin_metal_tax_tax_0_02,virgin_metal_tax,0.02,INVALID_MODEL,FEASIBLE_POINT,false,1.462113343,0.024043292940579695,5,0.0,0,regional_government_demand,regional_output_tax,IND_SK_EXTRACTIVE|SK,0.024043292940579695,EOL_FLOW_EOL_DE_ELMA_INC,0.0,,1.0,2.0,1.0,1.0,2.0,2.0,0.02,0.019179687500000004,0.02,predictor_target,20,false
sensitivity_692,baseline,baseline,,0.0,ALMOST_LOCALLY_SOLVED,NEARLY_FEASIBLE_POINT,true,2.632340567,5.156131432926259e-7,0,0.0,0,observed_physical_flow_links,quantity_link,physical_SK_OFMA_REP_route_input_mass,5.156131432926259e-7,EOL_FLOW_EOL_DE_ELMA_INC,0.0,,1.0,2.0,1.0,1.0,2.0,2.0,0.0,0.0,0.0,baseline,1,true
sensitivity_693,direct_target,virgin_metal_tax_tax_0_0025,virgin_metal_tax,0.0025,LOCALLY_INFEASIBLE,INFEASIBLE_POINT,false,12.987199602,0.0015027609581514945,1,0.0,0,observed_physical_flow_links,quantity_link,physical_SK_OFMA_REP_route_input_mass,0.0015027609581514945,EOL_FLOW_EOL_DE_ELMA_INC,0.0,,2.0,2.0,1.0,1.0,2.0,2.0,0.0025,0.0,0.0025,direct_target,1,false
sensitivity_693,continuation_trial,virgin_metal_tax_tax_0_00125,virgin_metal_tax,0.00125,LOCALLY_INFEASIBLE,INFEASIBLE_POINT,true,10.756304477,6.735967740256754e-5,0,0.0,0,material_composite_production_REU,eqpzs,IND_REU_NEW_ELMA,6.735967740256754e-5,EOL_FLOW_EOL_DE_ELMA_INC,0.0,,2.0,2.0,1.0,1.0,2.0,2.0,0.0025,0.0,0.00125,continuation_trial,2,true
sensitivity_693,continuation_trial,virgin_metal_tax_tax_0_0025,virgin_metal_tax,0.0025,LOCALLY_INFEASIBLE,INFEASIBLE_POINT,true,10.83063239,0.0001338896129519096,0,0.0,0,material_composite_production_REU,eqpzs,IND_REU_NEW_ELMA,0.0001338896129519096,EOL_FLOW_EOL_DE_ELMA_INC,0.0,,2.0,2.0,1.0,1.0,2.0,2.0,0.0025,0.00125,0.0025,continuation_trial,3,true
sensitivity_693,direct_target,virgin_metal_tax_tax_0_005,virgin_metal_tax,0.005,LOCALLY_INFEASIBLE,INFEASIBLE_POINT,true,37.094099277,0.00026990821233519036,0,0.0,0,material_composite_production_REU,eqpzs,IND_REU_NEW_ELMA,0.00026990821233519036,EOL_FLOW_EOL_DE_ELMA_INC,0.0,,2.0,2.0,1.0,1.0,2.0,2.0,0.005,0.0025,0.005,direct_target,1,true
sensitivity_693,direct_target,virgin_metal_tax_tax_0_01,virgin_metal_tax,0.01,LOCALLY_INFEASIBLE,INFEASIBLE_POINT,true,39.707146031,0.0004572924904505671,0,0.0,0,material_composite_production_REU,eqpzs,IND_REU_NEW_ELMA,0.0004572924904505671,EOL_FLOW_EOL_DE_ELMA_INC,0.0,,2.0,2.0,1.0,1.0,2.0,2.0,0.01,0.005,0.01,direct_target,1,true
sensitivity_693,direct_target,virgin_metal_tax_tax_0_02,virgin_metal_tax,0.02,LOCALLY_INFEASIBLE,INFEASIBLE_POINT,false,70.415834683,0.013794394034666868,7,0.0,0,observed_physical_flow_links,quantity_link,physical_SK_OFMA_REP_route_input_mass,0.013794394034666868,EOL_FLOW_EOL_DE_ELMA_INC,0.0,,2.0,2.0,1.0,1.0,2.0,2.0,0.02,0.01,0.02,direct_target,1,false
sensitivity_693,continuation_trial,virgin_metal_tax_tax_0_015,virgin_metal_tax,0.015,TIME_LIMIT,NEARLY_FEASIBLE_POINT,false,124.896009772,0.008051964133968468,2,0.0,0,eu_wide_eol_allocation,eu_wide_eol_allocation,OFMA|EOL_SK_OFMA_REP,0.008051964133968468,EOL_FLOW_EOL_DE_ELMA_INC,0.0,,2.0,2.0,1.0,1.0,2.0,2.0,0.02,0.01,0.015,continuation_trial,2,false
sensitivity_693,continuation_trial,virgin_metal_tax_tax_0_0125,virgin_metal_tax,0.0125,LOCALLY_INFEASIBLE,INFEASIBLE_POINT,false,75.080524976,0.398591374885338,8,0.0,0,observed_physical_flow_links,quantity_link,physical_SK_OFMA_REP_route_input_mass,0.398591374885338,EOL_FLOW_EOL_DE_ELMA_INC,0.0,,2.0,2.0,1.0,1.0,2.0,2.0,0.02,0.01,0.0125,continuation_trial,3,false
sensitivity_693,continuation_trial,virgin_metal_tax_tax_0_01125,virgin_metal_tax,0.01125,LOCALLY_INFEASIBLE,INFEASIBLE_POINT,true,42.138103253,0.00070226786067773,0,0.0,0,material_composite_production_SK,eqpzs,IND_SK_NEW_ELMA,0.00070226786067773,EOL_FLOW_EOL_DE_ELMA_INC,0.0,,2.0,2.0,1.0,1.0,2.0,2.0,0.02,0.01,0.01125,continuation_trial,4,true
sensitivity_693,continuation_trial,virgin_metal_tax_tax_0_01375,virgin_metal_tax,0.01375,LOCALLY_INFEASIBLE,INFEASIBLE_POINT,true,54.793621723,0.0007413818782056047,0,0.0,0,material_composite_production_REU,eqpzs,IND_REU_NEW_ELMA,0.0007413818782056047,EOL_FLOW_EOL_DE_ELMA_INC,0.0,,2.0,2.0,1.0,1.0,2.0,2.0,0.02,0.01125,0.01375,continuation_trial,5,true
sensitivity_693,continuation_trial,virgin_metal_tax_tax_0_01875,virgin_metal_tax,0.01875,OTHER_ERROR,NEARLY_FEASIBLE_POINT,false,44.440158123,0.01040761720243694,8,9.916011764641676e-9,0,regional_circular_policy_fiscal,circular_policy_revenue,DE,0.01040761720243694,Z_IND_FR_NEW_OFMA,9.916011764641676e-9,,2.0,2.0,1.0,1.0,2.0,2.0,0.02,0.01375,0.01875,continuation_trial,6,false
sensitivity_693,continuation_trial,virgin_metal_tax_tax_0_01625,virgin_metal_tax,0.01625,LOCALLY_INFEASIBLE,INFEASIBLE_POINT,true,46.939387988,0.0008219955011066205,0,0.0,0,material_composite_production_REU,eqpzs,IND_REU_NEW_ELMA,0.0008219955011066205,EOL_FLOW_EOL_DE_ELMA_INC,0.0,,2.0,2.0,1.0,1.0,2.0,2.0,0.02,0.01375,0.01625,continuation_trial,7,true
sensitivity_693,continuation_trial,virgin_metal_tax_tax_0_02,virgin_metal_tax,0.02,LOCALLY_INFEASIBLE,INFEASIBLE_POINT,false,20.969893685,0.001251880360647828,1,0.0,0,material_composite_production_SK,eqpzs,IND_SK_NEW_ELMA,0.001251880360647828,EOL_FLOW_EOL_DE_ELMA_INC,0.0,,2.0,2.0,1.0,1.0,2.0,2.0,0.02,0.01625,0.02,continuation_trial,8,false
sensitivity_693,continuation_trial,virgin_metal_tax_tax_0_018125000000000002,virgin_metal_tax,0.018125000000000002,LOCALLY_INFEASIBLE,INFEASIBLE_POINT,true,39.191419913,0.0009551200487701861,0,0.0,0,material_composite_production_REU,eqpzs,IND_REU_NEW_ELMA,0.0009551200487701861,EOL_FLOW_EOL_DE_ELMA_INC,0.0,,2.0,2.0,1.0,1.0,2.0,2.0,0.02,0.01625,0.018125000000000002,continuation_trial,9,true
sensitivity_693,continuation_trial,virgin_metal_tax_tax_0_02,virgin_metal_tax,0.02,LOCALLY_INFEASIBLE,INFEASIBLE_POINT,false,102.327815998,0.0011098499008364016,1,0.0,0,material_composite_production_DE,eqpzs,IND_DE_NEW_ELMA,0.0011098499008364016,EOL_FLOW_EOL_DE_ELMA_INC,0.0,,2.0,2.0,1.0,1.0,2.0,2.0,0.02,0.018125000000000002,0.02,continuation_trial,10,false
sensitivity_693,continuation_trial,virgin_metal_tax_tax_0_019062500000000003,virgin_metal_tax,0.019062500000000003,LOCALLY_INFEASIBLE,INFEASIBLE_POINT,true,8.182036244,0.0009687182026941743,0,4.022113488702429e-9,0,material_composite_production_SK,eqpzs,IND_SK_NEW_ELMA,0.0009687182026941743,F_FAC_SK_LAB_IND_SK_REP_OFMA,4.022113488702429e-9,,2.0,2.0,1.0,1.0,2.0,2.0,0.02,0.018125000000000002,0.019062500000000003,continuation_trial,11,true
sensitivity_693,continuation_trial,virgin_metal_tax_tax_0_02,virgin_metal_tax,0.02,LOCALLY_INFEASIBLE,INFEASIBLE_POINT,false,15.38576211,0.0012639482943975766,2,0.0,0,material_composite_production_SK,eqpzs,IND_SK_NEW_ELMA,0.0012639482943975766,EOL_FLOW_EOL_DE_ELMA_INC,0.0,,2.0,2.0,1.0,1.0,2.0,2.0,0.02,0.019062500000000003,0.02,continuation_trial,12,false
sensitivity_693,continuation_trial,virgin_metal_tax_tax_0_01953125,virgin_metal_tax,0.01953125,LOCALLY_INFEASIBLE,INFEASIBLE_POINT,false,16.888455039,0.0012383708450003361,2,0.0,0,material_composite_production_SK,eqpzs,IND_SK_NEW_ELMA,0.0012383708450003361,EOL_FLOW_EOL_DE_ELMA_INC,0.0,,2.0,2.0,1.0,1.0,2.0,2.0,0.02,0.019062500000000003,0.01953125,continuation_trial,13,false
sensitivity_693,continuation_trial,virgin_metal_tax_tax_0_019296875,virgin_metal_tax,0.019296875,LOCALLY_INFEASIBLE,INFEASIBLE_POINT,false,15.806916457,0.0011919224460904543,1,0.0,0,material_composite_production_SK,eqpzs,IND_SK_NEW_ELMA,0.0011919224460904543,EOL_FLOW_EOL_DE_ELMA_INC,0.0,,2.0,2.0,1.0,1.0,2.0,2.0,0.02,0.019062500000000003,0.019296875,continuation_trial,14,false
sensitivity_693,continuation_trial,virgin_metal_tax_tax_0_019179687500000004,virgin_metal_tax,0.019179687500000004,LOCALLY_INFEASIBLE,INFEASIBLE_POINT,false,12.701353076,0.0011104504881012112,1,0.0,0,material_composite_production_SK,eqpzs,IND_SK_NEW_ELMA,0.0011104504881012112,EOL_FLOW_EOL_DE_ELMA_INC,0.0,,2.0,2.0,1.0,1.0,2.0,2.0,0.02,0.019062500000000003,0.019179687500000004,continuation_trial,15,false
sensitivity_693,continuation_trial,virgin_metal_tax_tax_0_019121093750000002,virgin_metal_tax,0.019121093750000002,LOCALLY_INFEASIBLE,INFEASIBLE_POINT,true,15.170276081,0.0009008097169848073,0,0.0,0,material_composite_production_SK,eqpzs,IND_SK_NEW_ELMA,0.0009008097169848073,EOL_FLOW_EOL_DE_ELMA_INC,0.0,,2.0,2.0,1.0,1.0,2.0,2.0,0.02,0.019062500000000003,0.019121093750000002,continuation_trial,16,true
sensitivity_693,continuation_trial,virgin_metal_tax_tax_0_019238281250000003,virgin_metal_tax,0.019238281250000003,LOCALLY_INFEASIBLE,INFEASIBLE_POINT,false,16.309499938,0.0011896981058721057,1,0.0,0,material_composite_production_SK,eqpzs,IND_SK_NEW_ELMA,0.0011896981058721057,EOL_FLOW_EOL_DE_ELMA_INC,0.0,,2.0,2.0,1.0,1.0,2.0,2.0,0.02,0.019121093750000002,0.019238281250000003,continuation_trial,17,false
sensitivity_693,continuation_trial,virgin_metal_tax_tax_0_0191796875,virgin_metal_tax,0.0191796875,LOCALLY_INFEASIBLE,INFEASIBLE_POINT,false,10.661093973,0.001149030976886789,1,0.0,0,material_composite_production_SK,eqpzs,IND_SK_NEW_ELMA,0.001149030976886789,EOL_FLOW_EOL_DE_ELMA_INC,0.0,,2.0,2.0,1.0,1.0,2.0,2.0,0.02,0.019121093750000002,0.0191796875,continuation_trial,18,false
sensitivity_693,continuation_trial,virgin_metal_tax_tax_0_019150390625000003,virgin_metal_tax,0.019150390625000003,LOCALLY_INFEASIBLE,INFEASIBLE_POINT,false,59.03408703,0.0010320070571507856,1,0.0,0,material_composite_production_REU,eqpzs,IND_REU_NEW_ELMA,0.0010320070571507856,EOL_FLOW_EOL_DE_ELMA_INC,0.0,,2.0,2.0,1.0,1.0,2.0,2.0,0.02,0.019121093750000002,0.019150390625000003,continuation_trial,19,false
sensitivity_693,predictor_target,virgin_metal_tax_tax_0_02,virgin_metal_tax,0.02,INVALID_MODEL,FEASIBLE_POINT,false,1.228043081,129490.04763709262,52,0.0,0,regional_circular_service_demand,circular_route_demand,TST_SK_OFMA|IND_SK_REU_OFMA,129490.04763709262,EOL_FLOW_EOL_DE_ELMA_INC,0.0,,2.0,2.0,1.0,1.0,2.0,2.0,0.02,0.019121093750000002,0.02,predictor_target,20,false
sensitivity_693,baseline,baseline,,0.0,ALMOST_LOCALLY_SOLVED,NEARLY_FEASIBLE_POINT,true,3.569978137,5.156131248629237e-7,0,0.0,0,observed_physical_flow_links,quantity_link,physical_SK_OFMA_REP_route_input_mass,5.156131248629237e-7,EOL_FLOW_EOL_DE_ELMA_INC,0.0,,2.0,2.0,1.0,1.0,2.0,2.0,0.0,0.0,0.0,baseline,1,true
sensitivity_700,direct_target,virgin_metal_tax_tax_0_0025,virgin_metal_tax,0.0025,LOCALLY_INFEASIBLE,INFEASIBLE_POINT,true,9.230838267,0.00013288010853629295,0,0.0,0,material_composite_production_REU,eqpzs,IND_REU_NEW_ELMA,0.00013288010853629295,EOL_FLOW_EOL_DE_ELMA_INC,0.0,,0.5,2.0,2.0,1.0,2.0,2.0,0.0025,0.0,0.0025,direct_target,1,true
sensitivity_700,direct_target,virgin_metal_tax_tax_0_005,virgin_metal_tax,0.005,LOCALLY_INFEASIBLE,INFEASIBLE_POINT,false,31.915246601,0.0018148970962661437,1,0.0,0,observed_physical_flow_links,quantity_link,physical_SK_OFMA_REP_route_input_mass,0.0018148970962661437,EOL_FLOW_EOL_DE_ELMA_INC,0.0,,0.5,2.0,2.0,1.0,2.0,2.0,0.005,0.0025,0.005,direct_target,1,false
sensitivity_700,continuation_trial,virgin_metal_tax_tax_0_00375,virgin_metal_tax,0.00375,LOCALLY_INFEASIBLE,INFEASIBLE_POINT,false,27.043757413,0.0018226812597684243,1,0.0,0,regional_composite_market,regional_composite_market,IND_IT_OTHER_SERVICES|IT,0.0018226812597684243,EOL_FLOW_EOL_DE_ELMA_INC,0.0,,0.5,2.0,2.0,1.0,2.0,2.0,0.005,0.0025,0.00375,continuation_trial,2,false
sensitivity_700,continuation_trial,virgin_metal_tax_tax_0_003125,virgin_metal_tax,0.003125,LOCALLY_INFEASIBLE,INFEASIBLE_POINT,true,20.742696967,0.00015138665512937077,0,0.0,0,material_composite_production_REU,eqpzs,IND_REU_NEW_ELMA,0.00015138665512937077,EOL_FLOW_EOL_DE_ELMA_INC,0.0,,0.5,2.0,2.0,1.0,2.0,2.0,0.005,0.0025,0.003125,continuation_trial,3,true
sensitivity_700,continuation_trial,virgin_metal_tax_tax_0_004375,virgin_metal_tax,0.004375,LOCALLY_INFEASIBLE,INFEASIBLE_POINT,true,18.835248484,0.00023076903429808393,0,0.0,0,material_composite_production_REU,eqpzs,IND_REU_NEW_ELMA,0.00023076903429808393,EOL_FLOW_EOL_DE_ELMA_INC,0.0,,0.5,2.0,2.0,1.0,2.0,2.0,0.005,0.003125,0.004375,continuation_trial,4,true
sensitivity_700,continuation_trial,virgin_metal_tax_tax_0_005,virgin_metal_tax,0.005,LOCALLY_INFEASIBLE,INFEASIBLE_POINT,true,25.399382641,0.000257972090260683,0,0.0,0,material_composite_production_REU,eqpzs,IND_REU_NEW_ELMA,0.000257972090260683,EOL_FLOW_EOL_DE_ELMA_INC,0.0,,0.5,2.0,2.0,1.0,2.0,2.0,0.005,0.004375,0.005,continuation_trial,5,true
sensitivity_700,direct_target,virgin_metal_tax_tax_0_01,virgin_metal_tax,0.01,LOCALLY_INFEASIBLE,INFEASIBLE_POINT,true,15.752694314,0.0005306226688182036,0,0.0,0,material_composite_production_REU,eqpzs,IND_REU_NEW_ELMA,0.0005306226688182036,EOL_FLOW_EOL_DE_ELMA_INC,0.0,,0.5,2.0,2.0,1.0,2.0,2.0,0.01,0.005,0.01,direct_target,1,true
sensitivity_700,direct_target,virgin_metal_tax_tax_0_02,virgin_metal_tax,0.02,LOCALLY_INFEASIBLE,INFEASIBLE_POINT,false,35.021012778,0.0010305353714907817,1,0.0,0,material_composite_production_REU,eqpzs,IND_REU_NEW_ELMA,0.0010305353714907817,EOL_FLOW_EOL_DE_ELMA_INC,0.0,,0.5,2.0,2.0,1.0,2.0,2.0,0.02,0.01,0.02,direct_target,1,false
sensitivity_700,continuation_trial,virgin_metal_tax_tax_0_015,virgin_metal_tax,0.015,LOCALLY_INFEASIBLE,INFEASIBLE_POINT,true,38.064201238,0.0008574754966721443,0,0.0,0,observed_physical_flow_links,quantity_link,physical_SK_OFMA_REP_route_input_mass,0.0008574754966721443,EOL_FLOW_EOL_DE_ELMA_INC,0.0,,0.5,2.0,2.0,1.0,2.0,2.0,0.02,0.01,0.015,continuation_trial,2,true
sensitivity_700,continuation_trial,virgin_metal_tax_tax_0_02,virgin_metal_tax,0.02,LOCALLY_INFEASIBLE,INFEASIBLE_POINT,false,17.590777427,0.0010618796391875795,1,0.0,0,material_composite_production_REU,eqpzs,IND_REU_NEW_ELMA,0.0010618796391875795,EOL_FLOW_EOL_DE_ELMA_INC,0.0,,0.5,2.0,2.0,1.0,2.0,2.0,0.02,0.015,0.02,continuation_trial,3,false
sensitivity_700,continuation_trial,virgin_metal_tax_tax_0_0175,virgin_metal_tax,0.0175,LOCALLY_INFEASIBLE,INFEASIBLE_POINT,true,15.122264714,0.0009204075976960713,0,0.0,0,material_composite_production_REU,eqpzs,IND_REU_NEW_ELMA,0.0009204075976960713,EOL_FLOW_EOL_DE_ELMA_INC,0.0,,0.5,2.0,2.0,1.0,2.0,2.0,0.02,0.015,0.0175,continuation_trial,4,true
sensitivity_700,continuation_trial,virgin_metal_tax_tax_0_02,virgin_metal_tax,0.02,LOCALLY_INFEASIBLE,INFEASIBLE_POINT,false,66.734512842,0.0010019892125228136,1,0.0,0,material_composite_production_REU,eqpzs,IND_REU_NEW_ELMA,0.0010019892125228136,EOL_FLOW_EOL_DE_ELMA_INC,0.0,,0.5,2.0,2.0,1.0,2.0,2.0,0.02,0.0175,0.02,continuation_trial,5,false
sensitivity_700,continuation_trial,virgin_metal_tax_tax_0_018750000000000003,virgin_metal_tax,0.018750000000000003,LOCALLY_INFEASIBLE,INFEASIBLE_POINT,true,16.22851934,0.00098341403220914,0,0.0,0,material_composite_production_REU,eqpzs,IND_REU_NEW_ELMA,0.00098341403220914,EOL_FLOW_EOL_DE_ELMA_INC,0.0,,0.5,2.0,2.0,1.0,2.0,2.0,0.02,0.0175,0.018750000000000003,continuation_trial,6,true
sensitivity_700,continuation_trial,virgin_metal_tax_tax_0_02,virgin_metal_tax,0.02,LOCALLY_INFEASIBLE,INFEASIBLE_POINT,false,69.769254963,0.004626272078577021,1,0.0,0,observed_physical_flow_links,quantity_link,physical_SK_OFMA_REP_route_input_mass,0.004626272078577021,EOL_FLOW_EOL_DE_ELMA_INC,0.0,,0.5,2.0,2.0,1.0,2.0,2.0,0.02,0.018750000000000003,0.02,continuation_trial,7,false
sensitivity_700,continuation_trial,virgin_metal_tax_tax_0_019375000000000003,virgin_metal_tax,0.019375000000000003,LOCALLY_INFEASIBLE,INFEASIBLE_POINT,true,11.759523784,0.0009949163269462602,0,0.0,0,material_composite_production_REU,eqpzs,IND_REU_NEW_ELMA,0.0009949163269462602,EOL_FLOW_EOL_DE_ELMA_INC,0.0,,0.5,2.0,2.0,1.0,2.0,2.0,0.02,0.018750000000000003,0.019375000000000003,continuation_trial,8,true
sensitivity_700,continuation_trial,virgin_metal_tax_tax_0_02,virgin_metal_tax,0.02,LOCALLY_INFEASIBLE,INFEASIBLE_POINT,false,23.944760192,0.001070662964813951,1,0.0,0,material_composite_production_REU,eqpzs,IND_REU_NEW_ELMA,0.001070662964813951,EOL_FLOW_EOL_DE_ELMA_INC,0.0,,0.5,2.0,2.0,1.0,2.0,2.0,0.02,0.019375000000000003,0.02,continuation_trial,9,false
sensitivity_700,continuation_trial,virgin_metal_tax_tax_0_019687500000000004,virgin_metal_tax,0.019687500000000004,LOCALLY_INFEASIBLE,INFEASIBLE_POINT,true,20.800333482,0.0009741969271669371,0,0.0,0,material_composite_production_REU,eqpzs,IND_REU_NEW_ELMA,0.0009741969271669371,EOL_FLOW_EOL_DE_ELMA_INC,0.0,,0.5,2.0,2.0,1.0,2.0,2.0,0.02,0.019375000000000003,0.019687500000000004,continuation_trial,10,true
sensitivity_700,continuation_trial,virgin_metal_tax_tax_0_02,virgin_metal_tax,0.02,LOCALLY_INFEASIBLE,INFEASIBLE_POINT,false,21.417143692,0.0010537527401105473,1,0.0,0,material_composite_production_REU,eqpzs,IND_REU_NEW_ELMA,0.0010537527401105473,EOL_FLOW_EOL_DE_ELMA_INC,0.0,,0.5,2.0,2.0,1.0,2.0,2.0,0.02,0.019687500000000004,0.02,continuation_trial,11,false
sensitivity_700,continuation_trial,virgin_metal_tax_tax_0_01984375,virgin_metal_tax,0.01984375,LOCALLY_INFEASIBLE,INFEASIBLE_POINT,false,25.987139358,0.0010528977770716264,1,0.0,0,material_composite_production_REU,eqpzs,IND_REU_NEW_ELMA,0.0010528977770716264,EOL_FLOW_EOL_DE_ELMA_INC,0.0,,0.5,2.0,2.0,1.0,2.0,2.0,0.02,0.019687500000000004,0.01984375,continuation_trial,12,false
sensitivity_700,continuation_trial,virgin_metal_tax_tax_0_019765625000000002,virgin_metal_tax,0.019765625000000002,LOCALLY_INFEASIBLE,INFEASIBLE_POINT,false,11.295405697,0.0010335990729086753,1,0.0,0,material_composite_production_REU,eqpzs,IND_REU_NEW_ELMA,0.0010335990729086753,EOL_FLOW_EOL_DE_ELMA_INC,0.0,,0.5,2.0,2.0,1.0,2.0,2.0,0.02,0.019687500000000004,0.019765625000000002,continuation_trial,13,false
sensitivity_700,continuation_trial,virgin_metal_tax_tax_0_019726562500000003,virgin_metal_tax,0.019726562500000003,LOCALLY_INFEASIBLE,INFEASIBLE_POINT,false,25.009877692,0.0010643058155644924,1,0.0,0,material_composite_production_REU,eqpzs,IND_REU_NEW_ELMA,0.0010643058155644924,EOL_FLOW_EOL_DE_ELMA_INC,0.0,,0.5,2.0,2.0,1.0,2.0,2.0,0.02,0.019687500000000004,0.019726562500000003,continuation_trial,14,false
sensitivity_700,predictor_target,virgin_metal_tax_tax_0_02,virgin_metal_tax,0.02,INVALID_MODEL,FEASIBLE_POINT,false,3.444324257,0.07238620735543881,11,0.0,0,regional_government_demand,regional_output_tax,IND_SK_EXTRACTIVE|SK,0.07238620735543881,EOL_FLOW_EOL_DE_ELMA_INC,0.0,,0.5,2.0,2.0,1.0,2.0,2.0,0.02,0.019687500000000004,0.02,predictor_target,15,false
sensitivity_700,baseline,baseline,,0.0,ALMOST_LOCALLY_SOLVED,NEARLY_FEASIBLE_POINT,true,2.035148604,4.878792833062917e-7,0,0.0,0,observed_physical_flow_links,quantity_link,physical_SK_OFMA_REP_route_input_mass,4.878792833062917e-7,EOL_FLOW_EOL_DE_ELMA_INC,0.0,,0.5,2.0,2.0,1.0,2.0,2.0,0.0,0.0,0.0,baseline,1,true
sensitivity_707,direct_target,virgin_metal_tax_tax_0_0025,virgin_metal_tax,0.0025,LOCALLY_INFEASIBLE,INFEASIBLE_POINT,true,9.138203192,0.00012794751818479,0,0.0,0,material_composite_production_REU,eqpzs,IND_REU_NEW_ELMA,0.00012794751818479,EOL_FLOW_EOL_DE_ELMA_INC,0.0,,1.0,1.0,0.5,2.0,2.0,2.0,0.0025,0.0,0.0025,direct_target,1,true
sensitivity_707,direct_target,virgin_metal_tax_tax_0_005,virgin_metal_tax,0.005,LOCALLY_INFEASIBLE,INFEASIBLE_POINT,true,34.782992415,0.0001951445058013812,0,0.0,0,material_composite_production_REU,eqpzs,IND_REU_NEW_ELMA,0.0001951445058013812,EOL_FLOW_EOL_DE_ELMA_INC,0.0,,1.0,1.0,0.5,2.0,2.0,2.0,0.005,0.0025,0.005,direct_target,1,true
sensitivity_707,direct_target,virgin_metal_tax_tax_0_01,virgin_metal_tax,0.01,LOCALLY_INFEASIBLE,INFEASIBLE_POINT,true,25.968289107,0.0004602445203423233,0,0.0,0,material_composite_production_REU,eqpzs,IND_REU_NEW_ELMA,0.0004602445203423233,EOL_FLOW_EOL_DE_ELMA_INC,0.0,,1.0,1.0,0.5,2.0,2.0,2.0,0.01,0.005,0.01,direct_target,1,true
sensitivity_707,direct_target,virgin_metal_tax_tax_0_02,virgin_metal_tax,0.02,LOCALLY_INFEASIBLE,INFEASIBLE_POINT,false,30.389426727,0.06496105150121423,1,0.0,0,observed_physical_flow_links,quantity_link,physical_SK_OFMA_REP_route_input_mass,0.06496105150121423,EOL_FLOW_EOL_DE_ELMA_INC,0.0,,1.0,1.0,0.5,2.0,2.0,2.0,0.02,0.01,0.02,direct_target,1,false
sensitivity_707,continuation_trial,virgin_metal_tax_tax_0_015,virgin_metal_tax,0.015,LOCALLY_INFEASIBLE,INFEASIBLE_POINT,true,28.521639155,0.0006029919645323394,0,0.0,0,common_eu_trade,eu_cet_quantity,NEW_ELMA|SK,0.0006029919645323394,EOL_FLOW_EOL_DE_ELMA_INC,0.0,,1.0,1.0,0.5,2.0,2.0,2.0,0.02,0.01,0.015,continuation_trial,2,true
sensitivity_707,continuation_trial,virgin_metal_tax_tax_0_02,virgin_metal_tax,0.02,LOCALLY_INFEASIBLE,INFEASIBLE_POINT,false,20.168607935,0.05640823552398433,1,0.0,0,observed_physical_flow_links,quantity_link,physical_SK_OFMA_REP_route_input_mass,0.05640823552398433,EOL_FLOW_EOL_DE_ELMA_INC,0.0,,1.0,1.0,0.5,2.0,2.0,2.0,0.02,0.015,0.02,continuation_trial,3,false
sensitivity_707,continuation_trial,virgin_metal_tax_tax_0_0175,virgin_metal_tax,0.0175,LOCALLY_INFEASIBLE,INFEASIBLE_POINT,true,23.695755294,0.0009058495123544045,0,0.0,0,common_eu_trade,eu_cet_quantity,NEW_ELMA|SK,0.0009058495123544045,EOL_FLOW_EOL_DE_ELMA_INC,0.0,,1.0,1.0,0.5,2.0,2.0,2.0,0.02,0.015,0.0175,continuation_trial,4,true
sensitivity_707,continuation_trial,virgin_metal_tax_tax_0_02,virgin_metal_tax,0.02,LOCALLY_INFEASIBLE,INFEASIBLE_POINT,false,13.203899351,0.001014687019789795,2,0.0,0,material_composite_production_DE,eqpzs,IND_DE_NEW_ELMA,0.001014687019789795,EOL_FLOW_EOL_DE_ELMA_INC,0.0,,1.0,1.0,0.5,2.0,2.0,2.0,0.02,0.0175,0.02,continuation_trial,5,false
sensitivity_707,continuation_trial,virgin_metal_tax_tax_0_018750000000000003,virgin_metal_tax,0.018750000000000003,LOCALLY_INFEASIBLE,INFEASIBLE_POINT,false,20.233065282,0.0010329622335607525,2,0.0,0,material_composite_production_DE,eqpzs,IND_DE_NEW_ELMA,0.0010329622335607525,EOL_FLOW_EOL_DE_ELMA_INC,0.0,,1.0,1.0,0.5,2.0,2.0,2.0,0.02,0.0175,0.018750000000000003,continuation_trial,6,false
sensitivity_707,continuation_trial,virgin_metal_tax_tax_0_018125000000000002,virgin_metal_tax,0.018125000000000002,LOCALLY_INFEASIBLE,INFEASIBLE_POINT,false,15.682201923,0.057707830961091,1,0.0,0,observed_physical_flow_links,quantity_link,physical_SK_OFMA_REP_route_input_mass,0.057707830961091,EOL_FLOW_EOL_DE_ELMA_INC,0.0,,1.0,1.0,0.5,2.0,2.0,2.0,0.02,0.0175,0.018125000000000002,continuation_trial,7,false
sensitivity_707,continuation_trial,virgin_metal_tax_tax_0_017812500000000002,virgin_metal_tax,0.017812500000000002,LOCALLY_INFEASIBLE,INFEASIBLE_POINT,true,10.405754675,0.0009634016054423816,0,0.0,0,common_eu_trade,eu_cet_quantity,NEW_ELMA|SK,0.0009634016054423816,EOL_FLOW_EOL_DE_ELMA_INC,0.0,,1.0,1.0,0.5,2.0,2.0,2.0,0.02,0.0175,0.017812500000000002,continuation_trial,8,true
sensitivity_707,continuation_trial,virgin_metal_tax_tax_0_018437500000000002,virgin_metal_tax,0.018437500000000002,LOCALLY_INFEASIBLE,INFEASIBLE_POINT,false,27.411173218,0.08100268182437564,3,0.0,0,observed_physical_flow_links,quantity_link,physical_SK_OFMA_REP_route_input_mass,0.08100268182437564,EOL_FLOW_EOL_DE_ELMA_INC,0.0,,1.0,1.0,0.5,2.0,2.0,2.0,0.02,0.017812500000000002,0.018437500000000002,continuation_trial,9,false
sensitivity_707,continuation_trial,virgin_metal_tax_tax_0_018125000000000002,virgin_metal_tax,0.018125000000000002,LOCALLY_INFEASIBLE,INFEASIBLE_POINT,true,51.755538399,0.0009998838341945815,0,0.0,0,material_composite_production_DE,eqpzs,IND_DE_NEW_ELMA,0.0009998838341945815,EOL_FLOW_EOL_DE_ELMA_INC,0.0,,1.0,1.0,0.5,2.0,2.0,2.0,0.02,0.017812500000000002,0.018125000000000002,continuation_trial,10,true
sensitivity_707,continuation_trial,virgin_metal_tax_tax_0_018750000000000003,virgin_metal_tax,0.018750000000000003,LOCALLY_INFEASIBLE,INFEASIBLE_POINT,true,12.181446082,0.0009681444571315001,0,0.0,0,common_eu_trade,eu_cet_quantity,NEW_ELMA|SK,0.0009681444571315001,EOL_FLOW_EOL_DE_ELMA_INC,0.0,,1.0,1.0,0.5,2.0,2.0,2.0,0.02,0.018125000000000002,0.018750000000000003,continuation_trial,11,true
sensitivity_707,continuation_trial,virgin_metal_tax_tax_0_02,virgin_metal_tax,0.02,LOCALLY_INFEASIBLE,INFEASIBLE_POINT,false,35.970551296,0.07054084841009645,7,0.0,0,eu_wide_eol_allocation,eu_wide_eol_allocation,OFMA|EOL_REU_OFMA_REF,0.07054084841009645,EOL_FLOW_EOL_DE_ELMA_INC,0.0,,1.0,1.0,0.5,2.0,2.0,2.0,0.02,0.018750000000000003,0.02,continuation_trial,12,false
sensitivity_707,continuation_trial,virgin_metal_tax_tax_0_019375000000000003,virgin_metal_tax,0.019375000000000003,LOCALLY_INFEASIBLE,INFEASIBLE_POINT,false,20.574167326,0.0010693850568708196,1,9.769963612058145e-9,0,material_composite_production_DE,eqpzs,IND_DE_NEW_ELMA,0.0010693850568708196,F_FAC_SK_LAB_IND_SK_NEW_OFMA,9.769963612058145e-9,,1.0,1.0,0.5,2.0,2.0,2.0,0.02,0.018750000000000003,0.019375000000000003,continuation_trial,13,false
sensitivity_707,continuation_trial,virgin_metal_tax_tax_0_019062500000000003,virgin_metal_tax,0.019062500000000003,LOCALLY_INFEASIBLE,INFEASIBLE_POINT,false,15.997630834,0.0010514398578680417,2,0.0,0,material_composite_production_DE,eqpzs,IND_DE_NEW_ELMA,0.0010514398578680417,EOL_FLOW_EOL_DE_ELMA_INC,0.0,,1.0,1.0,0.5,2.0,2.0,2.0,0.02,0.018750000000000003,0.019062500000000003,continuation_trial,14,false
sensitivity_707,continuation_trial,virgin_metal_tax_tax_0_018906250000000003,virgin_metal_tax,0.018906250000000003,LOCALLY_INFEASIBLE,INFEASIBLE_POINT,true,20.205236532,0.0009425791216118055,0,0.0,0,common_eu_trade,eu_cet_quantity,NEW_ELMA|SK,0.0009425791216118055,EOL_FLOW_EOL_DE_ELMA_INC,0.0,,1.0,1.0,0.5,2.0,2.0,2.0,0.02,0.018750000000000003,0.018906250000000003,continuation_trial,15,true
sensitivity_707,continuation_trial,virgin_metal_tax_tax_0_019218750000000003,virgin_metal_tax,0.019218750000000003,LOCALLY_INFEASIBLE,INFEASIBLE_POINT,true,11.383223661,0.000966959325320695,0,0.0,0,common_eu_trade,eu_cet_quantity,NEW_ELMA|SK,0.000966959325320695,EOL_FLOW_EOL_DE_ELMA_INC,0.0,,1.0,1.0,0.5,2.0,2.0,2.0,0.02,0.018906250000000003,0.019218750000000003,continuation_trial,16,true
sensitivity_707,continuation_trial,virgin_metal_tax_tax_0_01984375,virgin_metal_tax,0.01984375,LOCALLY_INFEASIBLE,INFEASIBLE_POINT,false,13.22633433,0.14034403960631314,3,0.0,0,observed_physical_flow_links,quantity_link,physical_SK_OFMA_REP_route_input_mass,0.14034403960631314,EOL_FLOW_EOL_DE_ELMA_INC,0.0,,1.0,1.0,0.5,2.0,2.0,2.0,0.02,0.019218750000000003,0.01984375,continuation_trial,17,false
sensitivity_707,continuation_trial,virgin_metal_tax_tax_0_019531250000000003,virgin_metal_tax,0.019531250000000003,LOCALLY_INFEASIBLE,INFEASIBLE_POINT,false,11.034068356,0.0010793838175472414,2,0.0,0,material_composite_production_DE,eqpzs,IND_DE_NEW_ELMA,0.0010793838175472414,EOL_FLOW_EOL_DE_ELMA_INC,0.0,,1.0,1.0,0.5,2.0,2.0,2.0,0.02,0.019218750000000003,0.019531250000000003,continuation_trial,18,false
sensitivity_707,continuation_trial,virgin_metal_tax_tax_0_019375000000000003,virgin_metal_tax,0.019375000000000003,LOCALLY_INFEASIBLE,INFEASIBLE_POINT,false,13.461524946,0.001072117868264999,2,0.0,0,material_composite_production_DE,eqpzs,IND_DE_NEW_ELMA,0.001072117868264999,EOL_FLOW_EOL_DE_ELMA_INC,0.0,,1.0,1.0,0.5,2.0,2.0,2.0,0.02,0.019218750000000003,0.019375000000000003,continuation_trial,19,false
sensitivity_707,continuation_trial,virgin_metal_tax_tax_0_019296875,virgin_metal_tax,0.019296875,LOCALLY_INFEASIBLE,INFEASIBLE_POINT,false,6.596119838,0.0010598802588590583,2,0.0,0,material_composite_production_DE,eqpzs,IND_DE_NEW_ELMA,0.0010598802588590583,EOL_FLOW_EOL_DE_ELMA_INC,0.0,,1.0,1.0,0.5,2.0,2.0,2.0,0.02,0.019218750000000003,0.019296875,continuation_trial,20,false
sensitivity_707,continuation_trial,virgin_metal_tax_tax_0_019257812500000002,virgin_metal_tax,0.019257812500000002,LOCALLY_INFEASIBLE,INFEASIBLE_POINT,false,34.014983229,0.0010284894101115771,2,0.0,0,material_composite_production_DE,eqpzs,IND_DE_NEW_ELMA,0.0010284894101115771,EOL_FLOW_EOL_DE_ELMA_INC,0.0,,1.0,1.0,0.5,2.0,2.0,2.0,0.02,0.019218750000000003,0.019257812500000002,continuation_trial,21,false
sensitivity_707,predictor_target,virgin_metal_tax_tax_0_02,virgin_metal_tax,0.02,LOCALLY_INFEASIBLE,INFEASIBLE_POINT,true,10.720597363,0.0009928666619231203,0,0.0,0,common_eu_trade,eu_cet_quantity,NEW_ELMA|SK,0.0009928666619231203,EOL_FLOW_EOL_DE_ELMA_INC,0.0,,1.0,1.0,0.5,2.0,2.0,2.0,0.02,0.019218750000000003,0.02,predictor_target,22,true
sensitivity_707,baseline,baseline,,0.0,ALMOST_LOCALLY_SOLVED,NEARLY_FEASIBLE_POINT,true,2.271094556,5.082090307473308e-7,0,0.0,0,observed_physical_flow_links,quantity_link,physical_SK_OFMA_REP_route_input_mass,5.082090307473308e-7,EOL_FLOW_EOL_DE_ELMA_INC,0.0,,1.0,1.0,0.5,2.0,2.0,2.0,0.0,0.0,0.0,baseline,1,true
sensitivity_709,direct_target,virgin_metal_tax_tax_0_0025,virgin_metal_tax,0.0025,LOCALLY_INFEASIBLE,INFEASIBLE_POINT,true,29.790400717,0.0001342630139626877,0,0.0,0,material_composite_production_REU,eqpzs,IND_REU_NEW_ELMA,0.0001342630139626877,EOL_FLOW_EOL_DE_ELMA_INC,0.0,,0.5,2.0,0.5,2.0,2.0,2.0,0.0025,0.0,0.0025,direct_target,1,true
sensitivity_709,direct_target,virgin_metal_tax_tax_0_005,virgin_metal_tax,0.005,LOCALLY_INFEASIBLE,INFEASIBLE_POINT,true,22.370909409,0.00026616175185278923,0,0.0,0,material_composite_production_REU,eqpzs,IND_REU_NEW_ELMA,0.00026616175185278923,EOL_FLOW_EOL_DE_ELMA_INC,0.0,,0.5,2.0,0.5,2.0,2.0,2.0,0.005,0.0025,0.005,direct_target,1,true
sensitivity_709,direct_target,virgin_metal_tax_tax_0_01,virgin_metal_tax,0.01,LOCALLY_INFEASIBLE,INFEASIBLE_POINT,true,35.039340841,0.0005363460955678523,0,0.0,0,material_composite_production_REU,eqpzs,IND_REU_NEW_ELMA,0.0005363460955678523,EOL_FLOW_EOL_DE_ELMA_INC,0.0,,0.5,2.0,0.5,2.0,2.0,2.0,0.01,0.005,0.01,direct_target,1,true
sensitivity_709,direct_target,virgin_metal_tax_tax_0_02,virgin_metal_tax,0.02,LOCALLY_INFEASIBLE,INFEASIBLE_POINT,false,34.321822899,0.001056524547512927,1,0.0,0,material_composite_production_REU,eqpzs,IND_REU_NEW_ELMA,0.001056524547512927,EOL_FLOW_EOL_DE_ELMA_INC,0.0,,0.5,2.0,0.5,2.0,2.0,2.0,0.02,0.01,0.02,direct_target,1,false
sensitivity_709,continuation_trial,virgin_metal_tax_tax_0_015,virgin_metal_tax,0.015,LOCALLY_INFEASIBLE,INFEASIBLE_POINT,true,33.333930138,0.0008071096198077887,0,0.0,0,material_composite_production_REU,eqpzs,IND_REU_NEW_ELMA,0.0008071096198077887,EOL_FLOW_EOL_DE_ELMA_INC,0.0,,0.5,2.0,0.5,2.0,2.0,2.0,0.02,0.01,0.015,continuation_trial,2,true
sensitivity_709,continuation_trial,virgin_metal_tax_tax_0_02,virgin_metal_tax,0.02,LOCALLY_INFEASIBLE,INFEASIBLE_POINT,false,27.929789741,0.001077184804843978,1,0.0,0,material_composite_production_REU,eqpzs,IND_REU_NEW_ELMA,0.001077184804843978,EOL_FLOW_EOL_DE_ELMA_INC,0.0,,0.5,2.0,0.5,2.0,2.0,2.0,0.02,0.015,0.02,continuation_trial,3,false
sensitivity_709,continuation_trial,virgin_metal_tax_tax_0_0175,virgin_metal_tax,0.0175,LOCALLY_INFEASIBLE,INFEASIBLE_POINT,true,51.061623863,0.0008072907576788246,0,0.0,0,material_composite_production_REU,eqpzs,IND_REU_NEW_ELMA,0.0008072907576788246,EOL_FLOW_EOL_DE_ELMA_INC,0.0,,0.5,2.0,0.5,2.0,2.0,2.0,0.02,0.015,0.0175,continuation_trial,4,true
sensitivity_709,continuation_trial,virgin_metal_tax_tax_0_02,virgin_metal_tax,0.02,LOCALLY_INFEASIBLE,INFEASIBLE_POINT,false,24.385617127,0.0014088314558006187,1,0.0,0,observed_physical_flow_links,quantity_link,physical_SK_OFMA_REP_route_input_mass,0.0014088314558006187,EOL_FLOW_EOL_DE_ELMA_INC,0.0,,0.5,2.0,0.5,2.0,2.0,2.0,0.02,0.0175,0.02,continuation_trial,5,false
sensitivity_709,continuation_trial,virgin_metal_tax_tax_0_018750000000000003,virgin_metal_tax,0.018750000000000003,LOCALLY_INFEASIBLE,INFEASIBLE_POINT,false,12.293429689,0.04953031840076294,1,0.0,0,observed_physical_flow_links,quantity_link,physical_SK_OFMA_REP_route_input_mass,0.04953031840076294,EOL_FLOW_EOL_DE_ELMA_INC,0.0,,0.5,2.0,0.5,2.0,2.0,2.0,0.02,0.0175,0.018750000000000003,continuation_trial,6,false
sensitivity_709,continuation_trial,virgin_metal_tax_tax_0_018125000000000002,virgin_metal_tax,0.018125000000000002,LOCALLY_INFEASIBLE,INFEASIBLE_POINT,true,5.616423818,0.0008628568713787699,0,0.0,0,material_composite_production_REU,eqpzs,IND_REU_NEW_ELMA,0.0008628568713787699,EOL_FLOW_EOL_DE_ELMA_INC,0.0,,0.5,2.0,0.5,2.0,2.0,2.0,0.02,0.0175,0.018125000000000002,continuation_trial,7,true
sensitivity_709,continuation_trial,virgin_metal_tax_tax_0_019375000000000003,virgin_metal_tax,0.019375000000000003,LOCALLY_INFEASIBLE,INFEASIBLE_POINT,false,14.769205454,0.0010409181637003329,1,0.0,0,material_composite_production_REU,eqpzs,IND_REU_NEW_ELMA,0.0010409181637003329,EOL_FLOW_EOL_DE_ELMA_INC,0.0,,0.5,2.0,0.5,2.0,2.0,2.0,0.02,0.018125000000000002,0.019375000000000003,continuation_trial,8,false
sensitivity_709,continuation_trial,virgin_metal_tax_tax_0_018750000000000003,virgin_metal_tax,0.018750000000000003,LOCALLY_INFEASIBLE,INFEASIBLE_POINT,true,14.429058761,0.0009966526129117081,0,0.0,0,material_composite_production_REU,eqpzs,IND_REU_NEW_ELMA,0.0009966526129117081,EOL_FLOW_EOL_DE_ELMA_INC,0.0,,0.5,2.0,0.5,2.0,2.0,2.0,0.02,0.018125000000000002,0.018750000000000003,continuation_trial,9,true
sensitivity_709,continuation_trial,virgin_metal_tax_tax_0_02,virgin_metal_tax,0.02,LOCALLY_INFEASIBLE,INFEASIBLE_POINT,false,17.549852833,0.0010788865290950467,1,0.0,0,material_composite_production_REU,eqpzs,IND_REU_NEW_ELMA,0.0010788865290950467,EOL_FLOW_EOL_DE_ELMA_INC,0.0,,0.5,2.0,0.5,2.0,2.0,2.0,0.02,0.018750000000000003,0.02,continuation_trial,10,false
sensitivity_709,continuation_trial,virgin_metal_tax_tax_0_019375000000000003,virgin_metal_tax,0.019375000000000003,LOCALLY_INFEASIBLE,INFEASIBLE_POINT,false,19.938892798,0.0010223733544562075,1,0.0,0,material_composite_production_REU,eqpzs,IND_REU_NEW_ELMA,0.0010223733544562075,EOL_FLOW_EOL_DE_ELMA_INC,0.0,,0.5,2.0,0.5,2.0,2.0,2.0,0.02,0.018750000000000003,0.019375000000000003,continuation_trial,11,false
sensitivity_709,continuation_trial,virgin_metal_tax_tax_0_019062500000000003,virgin_metal_tax,0.019062500000000003,LOCALLY_INFEASIBLE,INFEASIBLE_POINT,true,19.362065782,0.0009598951096870811,0,0.0,0,material_composite_production_REU,eqpzs,IND_REU_NEW_ELMA,0.0009598951096870811,EOL_FLOW_EOL_DE_ELMA_INC,0.0,,0.5,2.0,0.5,2.0,2.0,2.0,0.02,0.018750000000000003,0.019062500000000003,continuation_trial,12,true
sensitivity_709,continuation_trial,virgin_metal_tax_tax_0_019687500000000004,virgin_metal_tax,0.019687500000000004,LOCALLY_INFEASIBLE,INFEASIBLE_POINT,false,24.133087107,0.0010500144776405262,1,0.0,0,material_composite_production_REU,eqpzs,IND_REU_NEW_ELMA,0.0010500144776405262,EOL_FLOW_EOL_DE_ELMA_INC,0.0,,0.5,2.0,0.5,2.0,2.0,2.0,0.02,0.019062500000000003,0.019687500000000004,continuation_trial,13,false
sensitivity_709,continuation_trial,virgin_metal_tax_tax_0_019375000000000003,virgin_metal_tax,0.019375000000000003,LOCALLY_INFEASIBLE,INFEASIBLE_POINT,false,13.578921521,0.0010328875753876643,1,0.0,0,material_composite_production_REU,eqpzs,IND_REU_NEW_ELMA,0.0010328875753876643,EOL_FLOW_EOL_DE_ELMA_INC,0.0,,0.5,2.0,0.5,2.0,2.0,2.0,0.02,0.019062500000000003,0.019375000000000003,continuation_trial,14,false
sensitivity_709,continuation_trial,virgin_metal_tax_tax_0_019218750000000003,virgin_metal_tax,0.019218750000000003,LOCALLY_INFEASIBLE,INFEASIBLE_POINT,false,20.558145915,0.00102704488565597,1,0.0,0,material_composite_production_REU,eqpzs,IND_REU_NEW_ELMA,0.00102704488565597,EOL_FLOW_EOL_DE_ELMA_INC,0.0,,0.5,2.0,0.5,2.0,2.0,2.0,0.02,0.019062500000000003,0.019218750000000003,continuation_trial,15,false
sensitivity_709,continuation_trial,virgin_metal_tax_tax_0_019140625,virgin_metal_tax,0.019140625,LOCALLY_INFEASIBLE,INFEASIBLE_POINT,false,22.755094285,0.0010325773654816794,1,0.0,0,material_composite_production_REU,eqpzs,IND_REU_NEW_ELMA,0.0010325773654816794,EOL_FLOW_EOL_DE_ELMA_INC,0.0,,0.5,2.0,0.5,2.0,2.0,2.0,0.02,0.019062500000000003,0.019140625,continuation_trial,16,false
sensitivity_709,continuation_trial,virgin_metal_tax_tax_0_019101562500000002,virgin_metal_tax,0.019101562500000002,LOCALLY_INFEASIBLE,INFEASIBLE_POINT,false,25.757618638,0.0010034934785712046,1,0.0,0,material_composite_production_REU,eqpzs,IND_REU_NEW_ELMA,0.0010034934785712046,EOL_FLOW_EOL_DE_ELMA_INC,0.0,,0.5,2.0,0.5,2.0,2.0,2.0,0.02,0.019062500000000003,0.019101562500000002,continuation_trial,17,false
sensitivity_709,predictor_target,virgin_metal_tax_tax_0_02,virgin_metal_tax,0.02,LOCALLY_INFEASIBLE,INFEASIBLE_POINT,false,11.846943245,0.0010328650867151845,1,0.0,0,material_composite_production_REU,eqpzs,IND_REU_NEW_ELMA,0.0010328650867151845,EOL_FLOW_EOL_DE_ELMA_INC,0.0,,0.5,2.0,0.5,2.0,2.0,2.0,0.02,0.019062500000000003,0.02,predictor_target,18,false
sensitivity_709,baseline,baseline,,0.0,ALMOST_LOCALLY_SOLVED,NEARLY_FEASIBLE_POINT,true,3.224987467,5.082090064334466e-7,0,0.0,0,observed_physical_flow_links,quantity_link,physical_SK_OFMA_REP_route_input_mass,5.082090064334466e-7,EOL_FLOW_EOL_DE_ELMA_INC,0.0,,0.5,2.0,0.5,2.0,2.0,2.0,0.0,0.0,0.0,baseline,1,true
sensitivity_710,direct_target,virgin_metal_tax_tax_0_0025,virgin_metal_tax,0.0025,LOCALLY_INFEASIBLE,INFEASIBLE_POINT,true,12.473026787,0.0001326740081515343,0,0.0,0,material_composite_production_REU,eqpzs,IND_REU_NEW_ELMA,0.0001326740081515343,EOL_FLOW_EOL_DE_ELMA_INC,0.0,,1.0,2.0,0.5,2.0,2.0,2.0,0.0025,0.0,0.0025,direct_target,1,true
sensitivity_710,direct_target,virgin_metal_tax_tax_0_005,virgin_metal_tax,0.005,LOCALLY_INFEASIBLE,INFEASIBLE_POINT,true,16.580182795,0.00025461027210504916,0,0.0,0,material_composite_production_REU,eqpzs,IND_REU_NEW_ELMA,0.00025461027210504916,EOL_FLOW_EOL_DE_ELMA_INC,0.0,,1.0,2.0,0.5,2.0,2.0,2.0,0.005,0.0025,0.005,direct_target,1,true
sensitivity_710,direct_target,virgin_metal_tax_tax_0_01,virgin_metal_tax,0.01,LOCALLY_INFEASIBLE,INFEASIBLE_POINT,true,15.57427932,0.0004445736268510192,0,0.0,0,material_composite_production_REU,eqpzs,IND_REU_NEW_ELMA,0.0004445736268510192,EOL_FLOW_EOL_DE_ELMA_INC,0.0,,1.0,2.0,0.5,2.0,2.0,2.0,0.01,0.005,0.01,direct_target,1,true
sensitivity_710,direct_target,virgin_metal_tax_tax_0_02,virgin_metal_tax,0.02,LOCALLY_INFEASIBLE,INFEASIBLE_POINT,false,38.382152317,0.0010613701734736303,1,0.0,0,material_composite_production_REU,eqpzs,IND_REU_NEW_ELMA,0.0010613701734736303,EOL_FLOW_EOL_DE_ELMA_INC,0.0,,1.0,2.0,0.5,2.0,2.0,2.0,0.02,0.01,0.02,direct_target,1,false
sensitivity_710,continuation_trial,virgin_metal_tax_tax_0_015,virgin_metal_tax,0.015,LOCALLY_INFEASIBLE,INFEASIBLE_POINT,true,71.39524535,0.0008025340330053421,0,0.0,0,material_composite_production_REU,eqpzs,IND_REU_NEW_ELMA,0.0008025340330053421,EOL_FLOW_EOL_DE_ELMA_INC,0.0,,1.0,2.0,0.5,2.0,2.0,2.0,0.02,0.01,0.015,continuation_trial,2,true
sensitivity_710,continuation_trial,virgin_metal_tax_tax_0_02,virgin_metal_tax,0.02,LOCALLY_INFEASIBLE,INFEASIBLE_POINT,false,32.935859114,0.0010766430365463098,1,0.0,0,material_composite_production_REU,eqpzs,IND_REU_NEW_ELMA,0.0010766430365463098,EOL_FLOW_EOL_DE_ELMA_INC,0.0,,1.0,2.0,0.5,2.0,2.0,2.0,0.02,0.015,0.02,continuation_trial,3,false
sensitivity_710,continuation_trial,virgin_metal_tax_tax_0_0175,virgin_metal_tax,0.0175,LOCALLY_INFEASIBLE,INFEASIBLE_POINT,true,114.945926965,0.000946439570416957,0,0.0,0,material_composite_production_REU,eqpzs,IND_REU_NEW_ELMA,0.000946439570416957,EOL_FLOW_EOL_DE_ELMA_INC,0.0,,1.0,2.0,0.5,2.0,2.0,2.0,0.02,0.015,0.0175,continuation_trial,4,true
sensitivity_710,continuation_trial,virgin_metal_tax_tax_0_02,virgin_metal_tax,0.02,LOCALLY_INFEASIBLE,INFEASIBLE_POINT,false,20.112995513,0.0010823830085761044,1,8.723126133505401e-9,0,material_composite_production_REU,eqpzs,IND_REU_NEW_ELMA,0.0010823830085761044,F_FAC_FR_CAP_IND_FR_REU_OFMA,8.723126133505401e-9,,1.0,2.0,0.5,2.0,2.0,2.0,0.02,0.0175,0.02,continuation_trial,5,false
sensitivity_710,continuation_trial,virgin_metal_tax_tax_0_018750000000000003,virgin_metal_tax,0.018750000000000003,LOCALLY_INFEASIBLE,INFEASIBLE_POINT,false,24.394086265,0.0010127334553151623,1,0.0,0,material_composite_production_REU,eqpzs,IND_REU_NEW_ELMA,0.0010127334553151623,EOL_FLOW_EOL_DE_ELMA_INC,0.0,,1.0,2.0,0.5,2.0,2.0,2.0,0.02,0.0175,0.018750000000000003,continuation_trial,6,false
sensitivity_710,continuation_trial,virgin_metal_tax_tax_0_018125000000000002,virgin_metal_tax,0.018125000000000002,LOCALLY_INFEASIBLE,INFEASIBLE_POINT,true,16.208244863,0.0009574030111763054,0,0.0,0,material_composite_production_REU,eqpzs,IND_REU_NEW_ELMA,0.0009574030111763054,EOL_FLOW_EOL_DE_ELMA_INC,0.0,,1.0,2.0,0.5,2.0,2.0,2.0,0.02,0.0175,0.018125000000000002,continuation_trial,7,true
sensitivity_710,continuation_trial,virgin_metal_tax_tax_0_019375000000000003,virgin_metal_tax,0.019375000000000003,LOCALLY_INFEASIBLE,INFEASIBLE_POINT,false,31.315267316,0.001040442576741074,1,0.0,0,material_composite_production_REU,eqpzs,IND_REU_NEW_ELMA,0.001040442576741074,EOL_FLOW_EOL_DE_ELMA_INC,0.0,,1.0,2.0,0.5,2.0,2.0,2.0,0.02,0.018125000000000002,0.019375000000000003,continuation_trial,8,false
sensitivity_710,continuation_trial,virgin_metal_tax_tax_0_018750000000000003,virgin_metal_tax,0.018750000000000003,LOCALLY_INFEASIBLE,INFEASIBLE_POINT,false,21.825058569,0.0010056561844487,1,0.0,0,material_composite_production_REU,eqpzs,IND_REU_NEW_ELMA,0.0010056561844487,EOL_FLOW_EOL_DE_ELMA_INC,0.0,,1.0,2.0,0.5,2.0,2.0,2.0,0.02,0.018125000000000002,0.018750000000000003,continuation_trial,9,false
sensitivity_710,continuation_trial,virgin_metal_tax_tax_0_018437500000000002,virgin_metal_tax,0.018437500000000002,LOCALLY_INFEASIBLE,INFEASIBLE_POINT,true,15.328878041,0.0009806375691744362,0,0.0,0,material_composite_production_REU,eqpzs,IND_REU_NEW_ELMA,0.0009806375691744362,EOL_FLOW_EOL_DE_ELMA_INC,0.0,,1.0,2.0,0.5,2.0,2.0,2.0,0.02,0.018125000000000002,0.018437500000000002,continuation_trial,10,true
sensitivity_710,continuation_trial,virgin_metal_tax_tax_0_019062500000000003,virgin_metal_tax,0.019062500000000003,LOCALLY_INFEASIBLE,INFEASIBLE_POINT,false,10.693078316,0.0010257348450641857,1,0.0,0,material_composite_production_REU,eqpzs,IND_REU_NEW_ELMA,0.0010257348450641857,EOL_FLOW_EOL_DE_ELMA_INC,0.0,,1.0,2.0,0.5,2.0,2.0,2.0,0.02,0.018437500000000002,0.019062500000000003,continuation_trial,11,false
sensitivity_710,continuation_trial,virgin_metal_tax_tax_0_018750000000000003,virgin_metal_tax,0.018750000000000003,LOCALLY_INFEASIBLE,INFEASIBLE_POINT,false,20.004090755,0.0010137568639638772,1,0.0,0,material_composite_production_REU,eqpzs,IND_REU_NEW_ELMA,0.0010137568639638772,EOL_FLOW_EOL_DE_ELMA_INC,0.0,,1.0,2.0,0.5,2.0,2.0,2.0,0.02,0.018437500000000002,0.018750000000000003,continuation_trial,12,false
sensitivity_710,continuation_trial,virgin_metal_tax_tax_0_018593750000000003,virgin_metal_tax,0.018593750000000003,LOCALLY_INFEASIBLE,INFEASIBLE_POINT,false,14.325899217,0.0010058178029597187,1,0.0,0,material_composite_production_REU,eqpzs,IND_REU_NEW_ELMA,0.0010058178029597187,EOL_FLOW_EOL_DE_ELMA_INC,0.0,,1.0,2.0,0.5,2.0,2.0,2.0,0.02,0.018437500000000002,0.018593750000000003,continuation_trial,13,false
sensitivity_710,continuation_trial,virgin_metal_tax_tax_0_018515625,virgin_metal_tax,0.018515625,LOCALLY_INFEASIBLE,INFEASIBLE_POINT,true,4.257682385,0.0009521140796945327,0,0.0,0,material_composite_production_REU,eqpzs,IND_REU_NEW_ELMA,0.0009521140796945327,EOL_FLOW_EOL_DE_ELMA_INC,0.0,,1.0,2.0,0.5,2.0,2.0,2.0,0.02,0.018437500000000002,0.018515625,continuation_trial,14,true
sensitivity_710,continuation_trial,virgin_metal_tax_tax_0_018671875,virgin_metal_tax,0.018671875,LOCALLY_INFEASIBLE,INFEASIBLE_POINT,false,6.614379466,0.0010006797426473923,1,0.0,0,material_composite_production_REU,eqpzs,IND_REU_NEW_ELMA,0.0010006797426473923,EOL_FLOW_EOL_DE_ELMA_INC,0.0,,1.0,2.0,0.5,2.0,2.0,2.0,0.02,0.018515625,0.018671875,continuation_trial,15,false
sensitivity_710,continuation_trial,virgin_metal_tax_tax_0_01859375,virgin_metal_tax,0.01859375,LOCALLY_INFEASIBLE,INFEASIBLE_POINT,false,9.07788951,0.0010038707463788654,1,0.0,0,material_composite_production_REU,eqpzs,IND_REU_NEW_ELMA,0.0010038707463788654,EOL_FLOW_EOL_DE_ELMA_INC,0.0,,1.0,2.0,0.5,2.0,2.0,2.0,0.02,0.018515625,0.01859375,continuation_trial,16,false
sensitivity_710,continuation_trial,virgin_metal_tax_tax_0_0185546875,virgin_metal_tax,0.0185546875,LOCALLY_INFEASIBLE,INFEASIBLE_POINT,true,6.57572783,0.0009726051415556158,0,0.0,0,material_composite_production_REU,eqpzs,IND_REU_NEW_ELMA,0.0009726051415556158,EOL_FLOW_EOL_DE_ELMA_INC,0.0,,1.0,2.0,0.5,2.0,2.0,2.0,0.02,0.018515625,0.0185546875,continuation_trial,17,true
sensitivity_710,continuation_trial,virgin_metal_tax_tax_0_0186328125,virgin_metal_tax,0.0186328125,LOCALLY_INFEASIBLE,INFEASIBLE_POINT,true,8.555846395,0.0009614413704156499,0,0.0,0,material_composite_production_REU,eqpzs,IND_REU_NEW_ELMA,0.0009614413704156499,EOL_FLOW_EOL_DE_ELMA_INC,0.0,,1.0,2.0,0.5,2.0,2.0,2.0,0.02,0.0185546875,0.0186328125,continuation_trial,18,true
sensitivity_710,continuation_trial,virgin_metal_tax_tax_0_0187890625,virgin_metal_tax,0.0187890625,LOCALLY_INFEASIBLE,INFEASIBLE_POINT,false,16.656352414,0.0010146489754963017,1,0.0,0,material_composite_production_REU,eqpzs,IND_REU_NEW_ELMA,0.0010146489754963017,EOL_FLOW_EOL_DE_ELMA_INC,0.0,,1.0,2.0,0.5,2.0,2.0,2.0,0.02,0.0186328125,0.0187890625,continuation_trial,19,false
sensitivity_710,continuation_trial,virgin_metal_tax_tax_0_018710937499999997,virgin_metal_tax,0.018710937499999997,LOCALLY_INFEASIBLE,INFEASIBLE_POINT,false,20.915207621,0.0010121987663281873,1,9.130805044635127e-9,0,material_composite_production_REU,eqpzs,IND_REU_NEW_ELMA,0.0010121987663281873,F_FAC_FR_CAP_IND_FR_REU_OFMA,9.130805044635127e-9,,1.0,2.0,0.5,2.0,2.0,2.0,0.02,0.0186328125,0.018710937499999997,continuation_trial,20,false
sensitivity_710,continuation_trial,virgin_metal_tax_tax_0_018671874999999998,virgin_metal_tax,0.018671874999999998,LOCALLY_INFEASIBLE,INFEASIBLE_POINT,false,9.032500887,0.0010040449234565152,1,0.0,0,material_composite_production_REU,eqpzs,IND_REU_NEW_ELMA,0.0010040449234565152,EOL_FLOW_EOL_DE_ELMA_INC,0.0,,1.0,2.0,0.5,2.0,2.0,2.0,0.02,0.0186328125,0.018671874999999998,continuation_trial,21,false
sensitivity_710,predictor_target,virgin_metal_tax_tax_0_02,virgin_metal_tax,0.02,LOCALLY_INFEASIBLE,INFEASIBLE_POINT,false,47.072621388,0.0010696130277985105,1,0.0,0,material_composite_production_REU,eqpzs,IND_REU_NEW_ELMA,0.0010696130277985105,EOL_FLOW_EOL_DE_ELMA_INC,0.0,,1.0,2.0,0.5,2.0,2.0,2.0,0.02,0.0186328125,0.02,predictor_target,22,false
sensitivity_710,baseline,baseline,,0.0,ALMOST_LOCALLY_SOLVED,NEARLY_FEASIBLE_POINT,true,3.030484523,5.082089838959192e-7,0,0.0,0,observed_physical_flow_links,quantity_link,physical_SK_OFMA_REP_route_input_mass,5.082089838959192e-7,EOL_FLOW_EOL_DE_ELMA_INC,0.0,,1.0,2.0,0.5,2.0,2.0,2.0,0.0,0.0,0.0,baseline,1,true
sensitivity_716,direct_target,virgin_metal_tax_tax_0_0025,virgin_metal_tax,0.0025,LOCALLY_INFEASIBLE,INFEASIBLE_POINT,true,8.943810446,0.00012883107552075224,0,0.0,0,material_composite_production_REU,eqpzs,IND_REU_NEW_ELMA,0.00012883107552075224,EOL_FLOW_EOL_DE_ELMA_INC,0.0,,1.0,1.0,1.0,2.0,2.0,2.0,0.0025,0.0,0.0025,direct_target,1,true
sensitivity_716,direct_target,virgin_metal_tax_tax_0_005,virgin_metal_tax,0.005,LOCALLY_INFEASIBLE,INFEASIBLE_POINT,true,12.526648528,0.0001924526342954591,0,0.0,0,material_composite_production_REU,eqpzs,IND_REU_NEW_ELMA,0.0001924526342954591,EOL_FLOW_EOL_DE_ELMA_INC,0.0,,1.0,1.0,1.0,2.0,2.0,2.0,0.005,0.0025,0.005,direct_target,1,true
sensitivity_716,direct_target,virgin_metal_tax_tax_0_01,virgin_metal_tax,0.01,LOCALLY_INFEASIBLE,INFEASIBLE_POINT,false,16.026244589,0.05721966408095036,1,0.0,0,observed_physical_flow_links,quantity_link,physical_SK_OFMA_REP_route_input_mass,0.05721966408095036,EOL_FLOW_EOL_DE_ELMA_INC,0.0,,1.0,1.0,1.0,2.0,2.0,2.0,0.01,0.005,0.01,direct_target,1,false
sensitivity_716,continuation_trial,virgin_metal_tax_tax_0_0075,virgin_metal_tax,0.0075,LOCALLY_INFEASIBLE,INFEASIBLE_POINT,true,22.675784722,0.0002955709608463142,0,0.0,0,material_composite_production_REU,eqpzs,IND_REU_NEW_ELMA,0.0002955709608463142,EOL_FLOW_EOL_DE_ELMA_INC,0.0,,1.0,1.0,1.0,2.0,2.0,2.0,0.01,0.005,0.0075,continuation_trial,2,true
sensitivity_716,continuation_trial,virgin_metal_tax_tax_0_01,virgin_metal_tax,0.01,LOCALLY_INFEASIBLE,INFEASIBLE_POINT,false,21.442698913,0.07905765958230115,5,0.0,0,observed_physical_flow_links,quantity_link,physical_SK_OFMA_REP_route_input_mass,0.07905765958230115,EOL_FLOW_EOL_DE_ELMA_INC,0.0,,1.0,1.0,1.0,2.0,2.0,2.0,0.01,0.0075,0.01,continuation_trial,3,false
sensitivity_716,continuation_trial,virgin_metal_tax_tax_0_00875,virgin_metal_tax,0.00875,LOCALLY_INFEASIBLE,INFEASIBLE_POINT,true,19.302773992,0.0003721706893992094,0,0.0,0,material_composite_production_REU,eqpzs,IND_REU_NEW_ELMA,0.0003721706893992094,EOL_FLOW_EOL_DE_ELMA_INC,0.0,,1.0,1.0,1.0,2.0,2.0,2.0,0.01,0.0075,0.00875,continuation_trial,4,true
sensitivity_716,continuation_trial,virgin_metal_tax_tax_0_01,virgin_metal_tax,0.01,LOCALLY_INFEASIBLE,INFEASIBLE_POINT,true,16.801627266,0.000457258027735441,0,0.0,0,material_composite_production_REU,eqpzs,IND_REU_NEW_ELMA,0.000457258027735441,EOL_FLOW_EOL_DE_ELMA_INC,0.0,,1.0,1.0,1.0,2.0,2.0,2.0,0.01,0.00875,0.01,continuation_trial,5,true
sensitivity_716,direct_target,virgin_metal_tax_tax_0_02,virgin_metal_tax,0.02,LOCALLY_INFEASIBLE,INFEASIBLE_POINT,false,25.520086749,0.0010930368513515365,2,0.0,0,material_composite_production_DE,eqpzs,IND_DE_NEW_ELMA,0.0010930368513515365,EOL_FLOW_EOL_DE_ELMA_INC,0.0,,1.0,1.0,1.0,2.0,2.0,2.0,0.02,0.01,0.02,direct_target,1,false
sensitivity_716,continuation_trial,virgin_metal_tax_tax_0_015,virgin_metal_tax,0.015,LOCALLY_INFEASIBLE,INFEASIBLE_POINT,true,24.307229601,0.0007617510052633398,0,0.0,0,common_eu_trade,eu_cet_quantity,NEW_ELMA|SK,0.0007617510052633398,EOL_FLOW_EOL_DE_ELMA_INC,0.0,,1.0,1.0,1.0,2.0,2.0,2.0,0.02,0.01,0.015,continuation_trial,2,true
sensitivity_716,continuation_trial,virgin_metal_tax_tax_0_02,virgin_metal_tax,0.02,LOCALLY_INFEASIBLE,INFEASIBLE_POINT,false,20.880017277,0.0010966887473183862,1,0.0,0,material_composite_production_DE,eqpzs,IND_DE_NEW_ELMA,0.0010966887473183862,EOL_FLOW_EOL_DE_ELMA_INC,0.0,,1.0,1.0,1.0,2.0,2.0,2.0,0.02,0.015,0.02,continuation_trial,3,false
sensitivity_716,continuation_trial,virgin_metal_tax_tax_0_0175,virgin_metal_tax,0.0175,LOCALLY_INFEASIBLE,INFEASIBLE_POINT,true,29.185436447,0.0009645273789438136,0,0.0,0,material_composite_production_DE,eqpzs,IND_DE_NEW_ELMA,0.0009645273789438136,EOL_FLOW_EOL_DE_ELMA_INC,0.0,,1.0,1.0,1.0,2.0,2.0,2.0,0.02,0.015,0.0175,continuation_trial,4,true
sensitivity_716,continuation_trial,virgin_metal_tax_tax_0_02,virgin_metal_tax,0.02,LOCALLY_INFEASIBLE,INFEASIBLE_POINT,false,20.515428874,0.0010285476630232937,1,0.0,0,material_composite_production_DE,eqpzs,IND_DE_NEW_ELMA,0.0010285476630232937,EOL_FLOW_EOL_DE_ELMA_INC,0.0,,1.0,1.0,1.0,2.0,2.0,2.0,0.02,0.0175,0.02,continuation_trial,5,false
sensitivity_716,continuation_trial,virgin_metal_tax_tax_0_018750000000000003,virgin_metal_tax,0.018750000000000003,LOCALLY_INFEASIBLE,INFEASIBLE_POINT,false,21.496599037,0.07777970842586257,1,0.0,0,observed_physical_flow_links,quantity_link,physical_SK_OFMA_REP_route_input_mass,0.07777970842586257,EOL_FLOW_EOL_DE_ELMA_INC,0.0,,1.0,1.0,1.0,2.0,2.0,2.0,0.02,0.0175,0.018750000000000003,continuation_trial,6,false
sensitivity_716,continuation_trial,virgin_metal_tax_tax_0_018125000000000002,virgin_metal_tax,0.018125000000000002,LOCALLY_INFEASIBLE,INFEASIBLE_POINT,false,21.018795583,0.168372478632973,4,0.0,0,observed_physical_flow_links,quantity_link,physical_SK_OFMA_REP_route_input_mass,0.168372478632973,EOL_FLOW_EOL_DE_ELMA_INC,0.0,,1.0,1.0,1.0,2.0,2.0,2.0,0.02,0.0175,0.018125000000000002,continuation_trial,7,false
sensitivity_716,continuation_trial,virgin_metal_tax_tax_0_017812500000000002,virgin_metal_tax,0.017812500000000002,LOCALLY_INFEASIBLE,INFEASIBLE_POINT,true,11.228443227,0.0009035202697923644,0,0.0,0,common_eu_trade,eu_cet_quantity,NEW_ELMA|SK,0.0009035202697923644,EOL_FLOW_EOL_DE_ELMA_INC,0.0,,1.0,1.0,1.0,2.0,2.0,2.0,0.02,0.0175,0.017812500000000002,continuation_trial,8,true
sensitivity_716,continuation_trial,virgin_metal_tax_tax_0_018437500000000002,virgin_metal_tax,0.018437500000000002,LOCALLY_INFEASIBLE,INFEASIBLE_POINT,true,28.1795776,0.0009995902666846135,0,0.0,0,material_composite_production_DE,eqpzs,IND_DE_NEW_ELMA,0.0009995902666846135,EOL_FLOW_EOL_DE_ELMA_INC,0.0,,1.0,1.0,1.0,2.0,2.0,2.0,0.02,0.017812500000000002,0.018437500000000002,continuation_trial,9,true
sensitivity_716,continuation_trial,virgin_metal_tax_tax_0_019687500000000004,virgin_metal_tax,0.019687500000000004,LOCALLY_INFEASIBLE,INFEASIBLE_POINT,true,16.201771963,0.0009774537342865878,0,0.0,0,common_eu_trade,eu_cet_quantity,NEW_ELMA|SK,0.0009774537342865878,EOL_FLOW_EOL_DE_ELMA_INC,0.0,,1.0,1.0,1.0,2.0,2.0,2.0,0.02,0.018437500000000002,0.019687500000000004,continuation_trial,10,true
sensitivity_716,continuation_trial,virgin_metal_tax_tax_0_02,virgin_metal_tax,0.02,LOCALLY_INFEASIBLE,INFEASIBLE_POINT,false,15.423432506,0.001011580662224027,1,0.0,0,common_eu_trade,eu_cet_quantity,NEW_ELMA|SK,0.001011580662224027,EOL_FLOW_EOL_DE_ELMA_INC,0.0,,1.0,1.0,1.0,2.0,2.0,2.0,0.02,0.019687500000000004,0.02,continuation_trial,11,false
sensitivity_716,continuation_trial,virgin_metal_tax_tax_0_01984375,virgin_metal_tax,0.01984375,LOCALLY_INFEASIBLE,INFEASIBLE_POINT,true,10.960401932,0.0009678202290277493,0,0.0,0,common_eu_trade,eu_cet_quantity,NEW_ELMA|SK,0.0009678202290277493,EOL_FLOW_EOL_DE_ELMA_INC,0.0,,1.0,1.0,1.0,2.0,2.0,2.0,0.02,0.019687500000000004,0.01984375,continuation_trial,12,true
sensitivity_716,continuation_trial,virgin_metal_tax_tax_0_02,virgin_metal_tax,0.02,LOCALLY_INFEASIBLE,INFEASIBLE_POINT,false,38.138396905,0.0011023691409980385,2,0.0,0,material_composite_production_DE,eqpzs,IND_DE_NEW_ELMA,0.0011023691409980385,EOL_FLOW_EOL_DE_ELMA_INC,0.0,,1.0,1.0,1.0,2.0,2.0,2.0,0.02,0.01984375,0.02,continuation_trial,13,false
sensitivity_716,continuation_trial,virgin_metal_tax_tax_0_019921875,virgin_metal_tax,0.019921875,LOCALLY_INFEASIBLE,INFEASIBLE_POINT,false,21.340341915,0.001053953747732761,2,0.0,0,material_composite_production_DE,eqpzs,IND_DE_NEW_ELMA,0.001053953747732761,EOL_FLOW_EOL_DE_ELMA_INC,0.0,,1.0,1.0,1.0,2.0,2.0,2.0,0.02,0.01984375,0.019921875,continuation_trial,14,false
sensitivity_716,continuation_trial,virgin_metal_tax_tax_0_0198828125,virgin_metal_tax,0.0198828125,LOCALLY_INFEASIBLE,INFEASIBLE_POINT,false,16.749845718,0.0010192460486578851,1,0.0,0,common_eu_trade,eu_cet_quantity,NEW_ELMA|SK,0.0010192460486578851,EOL_FLOW_EOL_DE_ELMA_INC,0.0,,1.0,1.0,1.0,2.0,2.0,2.0,0.02,0.01984375,0.0198828125,continuation_trial,15,false
sensitivity_716,predictor_target,virgin_metal_tax_tax_0_02,virgin_metal_tax,0.02,INVALID_MODEL,FEASIBLE_POINT,false,2.688918148,0.05180468052692431,5,0.0,0,regional_government_demand,regional_output_tax,IND_SK_EXTRACTIVE|SK,0.05180468052692431,EOL_FLOW_EOL_DE_ELMA_INC,0.0,,1.0,1.0,1.0,2.0,2.0,2.0,0.02,0.01984375,0.02,predictor_target,16,false
sensitivity_716,baseline,baseline,,0.0,ALMOST_LOCALLY_SOLVED,NEARLY_FEASIBLE_POINT,true,3.05846061,5.041744712830365e-7,0,0.0,0,observed_physical_flow_links,quantity_link,physical_SK_OFMA_REP_route_input_mass,5.041744712830365e-7,EOL_FLOW_EOL_DE_ELMA_INC,0.0,,1.0,1.0,1.0,2.0,2.0,2.0,0.0,0.0,0.0,baseline,1,true
sensitivity_718,direct_target,virgin_metal_tax_tax_0_0025,virgin_metal_tax,0.0025,LOCALLY_INFEASIBLE,INFEASIBLE_POINT,true,12.716811827,0.0001337280962236953,0,0.0,0,material_composite_production_REU,eqpzs,IND_REU_NEW_ELMA,0.0001337280962236953,EOL_FLOW_EOL_DE_ELMA_INC,0.0,,0.5,2.0,1.0,2.0,2.0,2.0,0.0025,0.0,0.0025,direct_target,1,true
sensitivity_718,direct_target,virgin_metal_tax_tax_0_005,virgin_metal_tax,0.005,LOCALLY_INFEASIBLE,INFEASIBLE_POINT,true,36.162506699,0.000472478640797247,0,0.0,0,observed_physical_flow_links,quantity_link,physical_SK_OFMA_REP_route_input_mass,0.000472478640797247,EOL_FLOW_EOL_DE_ELMA_INC,0.0,,0.5,2.0,1.0,2.0,2.0,2.0,0.005,0.0025,0.005,direct_target,1,true
sensitivity_718,direct_target,virgin_metal_tax_tax_0_01,virgin_metal_tax,0.01,LOCALLY_INFEASIBLE,INFEASIBLE_POINT,true,17.418632694,0.0004238590538467868,0,0.0,0,material_composite_production_REU,eqpzs,IND_REU_NEW_ELMA,0.0004238590538467868,EOL_FLOW_EOL_DE_ELMA_INC,0.0,,0.5,2.0,1.0,2.0,2.0,2.0,0.01,0.005,0.01,direct_target,1,true
sensitivity_718,direct_target,virgin_metal_tax_tax_0_02,virgin_metal_tax,0.02,LOCALLY_INFEASIBLE,INFEASIBLE_POINT,false,48.283204274,0.001062911857362181,1,0.0,0,material_composite_production_REU,eqpzs,IND_REU_NEW_ELMA,0.001062911857362181,EOL_FLOW_EOL_DE_ELMA_INC,0.0,,0.5,2.0,1.0,2.0,2.0,2.0,0.02,0.01,0.02,direct_target,1,false
sensitivity_718,continuation_trial,virgin_metal_tax_tax_0_015,virgin_metal_tax,0.015,LOCALLY_INFEASIBLE,INFEASIBLE_POINT,true,17.281681303,0.000787038581341104,0,0.0,0,material_composite_production_REU,eqpzs,IND_REU_NEW_ELMA,0.000787038581341104,EOL_FLOW_EOL_DE_ELMA_INC,0.0,,0.5,2.0,1.0,2.0,2.0,2.0,0.02,0.01,0.015,continuation_trial,2,true
sensitivity_718,continuation_trial,virgin_metal_tax_tax_0_02,virgin_metal_tax,0.02,LOCALLY_INFEASIBLE,INFEASIBLE_POINT,false,47.391916673,0.0010825481894396471,1,3.340796510564412e-10,0,material_composite_production_REU,eqpzs,IND_REU_NEW_ELMA,0.0010825481894396471,X_IND_SK_REP_OFMA_IND_SK_REP_OFMA,3.340796510564412e-10,,0.5,2.0,1.0,2.0,2.0,2.0,0.02,0.015,0.02,continuation_trial,3,false
sensitivity_718,continuation_trial,virgin_metal_tax_tax_0_0175,virgin_metal_tax,0.0175,LOCALLY_INFEASIBLE,INFEASIBLE_POINT,true,24.823507953,0.0009350013595464945,0,0.0,0,material_composite_production_REU,eqpzs,IND_REU_NEW_ELMA,0.0009350013595464945,EOL_FLOW_EOL_DE_ELMA_INC,0.0,,0.5,2.0,1.0,2.0,2.0,2.0,0.02,0.015,0.0175,continuation_trial,4,true
sensitivity_718,continuation_trial,virgin_metal_tax_tax_0_02,virgin_metal_tax,0.02,LOCALLY_INFEASIBLE,INFEASIBLE_POINT,false,7.511451441,0.001021585484237364,1,0.0,0,material_composite_production_REU,eqpzs,IND_REU_NEW_ELMA,0.001021585484237364,EOL_FLOW_EOL_DE_ELMA_INC,0.0,,0.5,2.0,1.0,2.0,2.0,2.0,0.02,0.0175,0.02,continuation_trial,5,false
sensitivity_718,continuation_trial,virgin_metal_tax_tax_0_018750000000000003,virgin_metal_tax,0.018750000000000003,LOCALLY_INFEASIBLE,INFEASIBLE_POINT,true,7.798994526,0.0009706518502288208,0,0.0,0,material_composite_production_REU,eqpzs,IND_REU_NEW_ELMA,0.0009706518502288208,EOL_FLOW_EOL_DE_ELMA_INC,0.0,,0.5,2.0,1.0,2.0,2.0,2.0,0.02,0.0175,0.018750000000000003,continuation_trial,6,true
sensitivity_718,continuation_trial,virgin_metal_tax_tax_0_02,virgin_metal_tax,0.02,LOCALLY_INFEASIBLE,INFEASIBLE_POINT,false,7.3408489,0.0010080950078906747,1,0.0,0,material_composite_production_REU,eqpzs,IND_REU_NEW_ELMA,0.0010080950078906747,EOL_FLOW_EOL_DE_ELMA_INC,0.0,,0.5,2.0,1.0,2.0,2.0,2.0,0.02,0.018750000000000003,0.02,continuation_trial,7,false
sensitivity_718,continuation_trial,virgin_metal_tax_tax_0_019375000000000003,virgin_metal_tax,0.019375000000000003,LOCALLY_INFEASIBLE,INFEASIBLE_POINT,false,5.901371845,0.0010157908970831464,1,0.0,0,material_composite_production_REU,eqpzs,IND_REU_NEW_ELMA,0.0010157908970831464,EOL_FLOW_EOL_DE_ELMA_INC,0.0,,0.5,2.0,1.0,2.0,2.0,2.0,0.02,0.018750000000000003,0.019375000000000003,continuation_trial,8,false
sensitivity_718,continuation_trial,virgin_metal_tax_tax_0_019062500000000003,virgin_metal_tax,0.019062500000000003,LOCALLY_INFEASIBLE,INFEASIBLE_POINT,false,10.587772174,0.0010291416397596453,1,0.0,0,material_composite_production_REU,eqpzs,IND_REU_NEW_ELMA,0.0010291416397596453,EOL_FLOW_EOL_DE_ELMA_INC,0.0,,0.5,2.0,1.0,2.0,2.0,2.0,0.02,0.018750000000000003,0.019062500000000003,continuation_trial,9,false
sensitivity_718,continuation_trial,virgin_metal_tax_tax_0_018906250000000003,virgin_metal_tax,0.018906250000000003,LOCALLY_INFEASIBLE,INFEASIBLE_POINT,false,12.508418288,0.0010203167521886103,1,0.0,0,material_composite_production_REU,eqpzs,IND_REU_NEW_ELMA,0.0010203167521886103,EOL_FLOW_EOL_DE_ELMA_INC,0.0,,0.5,2.0,1.0,2.0,2.0,2.0,0.02,0.018750000000000003,0.018906250000000003,continuation_trial,10,false
sensitivity_718,continuation_trial,virgin_metal_tax_tax_0_018828125,virgin_metal_tax,0.018828125,LOCALLY_INFEASIBLE,INFEASIBLE_POINT,false,8.856187232,0.0010153298848789571,1,0.0,0,material_composite_production_REU,eqpzs,IND_REU_NEW_ELMA,0.0010153298848789571,EOL_FLOW_EOL_DE_ELMA_INC,0.0,,0.5,2.0,1.0,2.0,2.0,2.0,0.02,0.018750000000000003,0.018828125,continuation_trial,11,false
sensitivity_718,continuation_trial,virgin_metal_tax_tax_0_018789062500000002,virgin_metal_tax,0.018789062500000002,LOCALLY_INFEASIBLE,INFEASIBLE_POINT,false,17.177184133,0.0010058195099933442,1,0.0,0,material_composite_production_REU,eqpzs,IND_REU_NEW_ELMA,0.0010058195099933442,EOL_FLOW_EOL_DE_ELMA_INC,0.0,,0.5,2.0,1.0,2.0,2.0,2.0,0.02,0.018750000000000003,0.018789062500000002,continuation_trial,12,false
sensitivity_718,predictor_target,virgin_metal_tax_tax_0_02,virgin_metal_tax,0.02,LOCALLY_INFEASIBLE,INFEASIBLE_POINT,false,11.072312017,0.0010334537032402613,1,0.0,0,material_composite_production_REU,eqpzs,IND_REU_NEW_ELMA,0.0010334537032402613,EOL_FLOW_EOL_DE_ELMA_INC,0.0,,0.5,2.0,1.0,2.0,2.0,2.0,0.02,0.018750000000000003,0.02,predictor_target,13,false
sensitivity_718,baseline,baseline,,0.0,ALMOST_LOCALLY_SOLVED,NEARLY_FEASIBLE_POINT,true,3.81950057,5.041744476352861e-7,0,0.0,0,observed_physical_flow_links,quantity_link,physical_SK_OFMA_REP_route_input_mass,5.041744476352861e-7,EOL_FLOW_EOL_DE_ELMA_INC,0.0,,0.5,2.0,1.0,2.0,2.0,2.0,0.0,0.0,0.0,baseline,1,true
sensitivity_719,direct_target,virgin_metal_tax_tax_0_0025,virgin_metal_tax,0.0025,LOCALLY_INFEASIBLE,INFEASIBLE_POINT,true,4.395418112,0.0001240021807923375,0,0.0,0,material_composite_production_SK,eqpzs,IND_SK_NEW_ELMA,0.0001240021807923375,EOL_FLOW_EOL_DE_ELMA_INC,0.0,,1.0,2.0,1.0,2.0,2.0,2.0,0.0025,0.0,0.0025,direct_target,1,true
sensitivity_719,direct_target,virgin_metal_tax_tax_0_005,virgin_metal_tax,0.005,LOCALLY_INFEASIBLE,INFEASIBLE_POINT,true,7.981259678,0.00026779832068457576,0,0.0,0,material_composite_production_REU,eqpzs,IND_REU_NEW_ELMA,0.00026779832068457576,EOL_FLOW_EOL_DE_ELMA_INC,0.0,,1.0,2.0,1.0,2.0,2.0,2.0,0.005,0.0025,0.005,direct_target,1,true
sensitivity_719,direct_target,virgin_metal_tax_tax_0_01,virgin_metal_tax,0.01,LOCALLY_INFEASIBLE,INFEASIBLE_POINT,true,25.570044021,0.0005285861771817668,0,0.0,0,material_composite_production_REU,eqpzs,IND_REU_NEW_ELMA,0.0005285861771817668,EOL_FLOW_EOL_DE_ELMA_INC,0.0,,1.0,2.0,1.0,2.0,2.0,2.0,0.01,0.005,0.01,direct_target,1,true
sensitivity_719,direct_target,virgin_metal_tax_tax_0_02,virgin_metal_tax,0.02,LOCALLY_INFEASIBLE,INFEASIBLE_POINT,false,21.048993155,0.0010114439195854086,1,0.0,0,material_composite_production_REU,eqpzs,IND_REU_NEW_ELMA,0.0010114439195854086,EOL_FLOW_EOL_DE_ELMA_INC,0.0,,1.0,2.0,1.0,2.0,2.0,2.0,0.02,0.01,0.02,direct_target,1,false
sensitivity_719,continuation_trial,virgin_metal_tax_tax_0_015,virgin_metal_tax,0.015,LOCALLY_INFEASIBLE,INFEASIBLE_POINT,true,14.50711581,0.0007850149193102673,0,0.0,0,material_composite_production_REU,eqpzs,IND_REU_NEW_ELMA,0.0007850149193102673,EOL_FLOW_EOL_DE_ELMA_INC,0.0,,1.0,2.0,1.0,2.0,2.0,2.0,0.02,0.01,0.015,continuation_trial,2,true
sensitivity_719,continuation_trial,virgin_metal_tax_tax_0_02,virgin_metal_tax,0.02,LOCALLY_INFEASIBLE,INFEASIBLE_POINT,false,16.751921682,0.0010526145838003487,1,0.0,0,material_composite_production_REU,eqpzs,IND_REU_NEW_ELMA,0.0010526145838003487,EOL_FLOW_EOL_DE_ELMA_INC,0.0,,1.0,2.0,1.0,2.0,2.0,2.0,0.02,0.015,0.02,continuation_trial,3,false
sensitivity_719,continuation_trial,virgin_metal_tax_tax_0_0175,virgin_metal_tax,0.0175,LOCALLY_INFEASIBLE,INFEASIBLE_POINT,true,15.776101575,0.0009163613372017432,0,0.0,0,material_composite_production_REU,eqpzs,IND_REU_NEW_ELMA,0.0009163613372017432,EOL_FLOW_EOL_DE_ELMA_INC,0.0,,1.0,2.0,1.0,2.0,2.0,2.0,0.02,0.015,0.0175,continuation_trial,4,true
sensitivity_719,continuation_trial,virgin_metal_tax_tax_0_02,virgin_metal_tax,0.02,LOCALLY_INFEASIBLE,INFEASIBLE_POINT,false,22.710914363,0.0012330575577521596,1,0.0,0,observed_physical_flow_links,quantity_link,physical_SK_OFMA_REP_route_input_mass,0.0012330575577521596,EOL_FLOW_EOL_DE_ELMA_INC,0.0,,1.0,2.0,1.0,2.0,2.0,2.0,0.02,0.0175,0.02,continuation_trial,5,false
sensitivity_719,continuation_trial,virgin_metal_tax_tax_0_018750000000000003,virgin_metal_tax,0.018750000000000003,LOCALLY_INFEASIBLE,INFEASIBLE_POINT,true,40.353737308,0.0009904446593821392,0,0.0,0,material_composite_production_REU,eqpzs,IND_REU_NEW_ELMA,0.0009904446593821392,EOL_FLOW_EOL_DE_ELMA_INC,0.0,,1.0,2.0,1.0,2.0,2.0,2.0,0.02,0.0175,0.018750000000000003,continuation_trial,6,true
sensitivity_719,continuation_trial,virgin_metal_tax_tax_0_02,virgin_metal_tax,0.02,LOCALLY_INFEASIBLE,INFEASIBLE_POINT,false,17.79790311,0.0010613323795369833,1,0.0,0,material_composite_production_REU,eqpzs,IND_REU_NEW_ELMA,0.0010613323795369833,EOL_FLOW_EOL_DE_ELMA_INC,0.0,,1.0,2.0,1.0,2.0,2.0,2.0,0.02,0.018750000000000003,0.02,continuation_trial,7,false
sensitivity_719,continuation_trial,virgin_metal_tax_tax_0_019375000000000003,virgin_metal_tax,0.019375000000000003,LOCALLY_INFEASIBLE,INFEASIBLE_POINT,true,9.710122537,0.000935823386863821,0,0.0,0,material_composite_production_REU,eqpzs,IND_REU_NEW_ELMA,0.000935823386863821,EOL_FLOW_EOL_DE_ELMA_INC,0.0,,1.0,2.0,1.0,2.0,2.0,2.0,0.02,0.018750000000000003,0.019375000000000003,continuation_trial,8,true
sensitivity_719,continuation_trial,virgin_metal_tax_tax_0_02,virgin_metal_tax,0.02,LOCALLY_INFEASIBLE,INFEASIBLE_POINT,false,14.83481329,0.0010461865012683091,1,0.0,0,material_composite_production_REU,eqpzs,IND_REU_NEW_ELMA,0.0010461865012683091,EOL_FLOW_EOL_DE_ELMA_INC,0.0,,1.0,2.0,1.0,2.0,2.0,2.0,0.02,0.019375000000000003,0.02,continuation_trial,9,false
sensitivity_719,continuation_trial,virgin_metal_tax_tax_0_019687500000000004,virgin_metal_tax,0.019687500000000004,LOCALLY_INFEASIBLE,INFEASIBLE_POINT,false,25.302922729,0.0010399259363401692,1,0.0,0,material_composite_production_REU,eqpzs,IND_REU_NEW_ELMA,0.0010399259363401692,EOL_FLOW_EOL_DE_ELMA_INC,0.0,,1.0,2.0,1.0,2.0,2.0,2.0,0.02,0.019375000000000003,0.019687500000000004,continuation_trial,10,false
sensitivity_719,continuation_trial,virgin_metal_tax_tax_0_019531250000000003,virgin_metal_tax,0.019531250000000003,LOCALLY_INFEASIBLE,INFEASIBLE_POINT,true,8.986767002,0.0009458124839285542,0,0.0,0,material_composite_production_REU,eqpzs,IND_REU_NEW_ELMA,0.0009458124839285542,EOL_FLOW_EOL_DE_ELMA_INC,0.0,,1.0,2.0,1.0,2.0,2.0,2.0,0.02,0.019375000000000003,0.019531250000000003,continuation_trial,11,true
sensitivity_719,continuation_trial,virgin_metal_tax_tax_0_01984375,virgin_metal_tax,0.01984375,LOCALLY_INFEASIBLE,INFEASIBLE_POINT,false,14.453597178,0.0010591623055620225,1,0.0,0,material_composite_production_REU,eqpzs,IND_REU_NEW_ELMA,0.0010591623055620225,EOL_FLOW_EOL_DE_ELMA_INC,0.0,,1.0,2.0,1.0,2.0,2.0,2.0,0.02,0.019531250000000003,0.01984375,continuation_trial,12,false
sensitivity_719,continuation_trial,virgin_metal_tax_tax_0_019687500000000004,virgin_metal_tax,0.019687500000000004,LOCALLY_INFEASIBLE,INFEASIBLE_POINT,false,14.503408363,0.0010608257868208737,1,0.0,0,material_composite_production_REU,eqpzs,IND_REU_NEW_ELMA,0.0010608257868208737,EOL_FLOW_EOL_DE_ELMA_INC,0.0,,1.0,2.0,1.0,2.0,2.0,2.0,0.02,0.019531250000000003,0.019687500000000004,continuation_trial,13,false
sensitivity_719,continuation_trial,virgin_metal_tax_tax_0_019609375000000002,virgin_metal_tax,0.019609375000000002,LOCALLY_INFEASIBLE,INFEASIBLE_POINT,false,5.621876742,0.0010204266333793122,1,0.0,0,material_composite_production_REU,eqpzs,IND_REU_NEW_ELMA,0.0010204266333793122,EOL_FLOW_EOL_DE_ELMA_INC,0.0,,1.0,2.0,1.0,2.0,2.0,2.0,0.02,0.019531250000000003,0.019609375000000002,continuation_trial,14,false
sensitivity_719,continuation_trial,virgin_metal_tax_tax_0_019570312500000003,virgin_metal_tax,0.019570312500000003,LOCALLY_INFEASIBLE,INFEASIBLE_POINT,false,13.213469985,0.0010469509226208595,1,0.0,0,material_composite_production_REU,eqpzs,IND_REU_NEW_ELMA,0.0010469509226208595,EOL_FLOW_EOL_DE_ELMA_INC,0.0,,1.0,2.0,1.0,2.0,2.0,2.0,0.02,0.019531250000000003,0.019570312500000003,continuation_trial,15,false
sensitivity_719,predictor_target,virgin_metal_tax_tax_0_02,virgin_metal_tax,0.02,LOCALLY_INFEASIBLE,INFEASIBLE_POINT,false,10.425974436,0.0010673260916077565,1,0.0,0,material_composite_production_REU,eqpzs,IND_REU_NEW_ELMA,0.0010673260916077565,EOL_FLOW_EOL_DE_ELMA_INC,0.0,,1.0,2.0,1.0,2.0,2.0,2.0,0.02,0.019531250000000003,0.02,predictor_target,16,false
sensitivity_719,baseline,baseline,,0.0,ALMOST_LOCALLY_SOLVED,NEARLY_FEASIBLE_POINT,true,1.68464335,5.041744191025543e-7,0,0.0,0,observed_physical_flow_links,quantity_link,physical_SK_OFMA_REP_route_input_mass,5.041744191025543e-7,EOL_FLOW_EOL_DE_ELMA_INC,0.0,,1.0,2.0,1.0,2.0,2.0,2.0,0.0,0.0,0.0,baseline,1,true
sensitivity_727,direct_target,virgin_metal_tax_tax_0_0025,virgin_metal_tax,0.0025,ALMOST_LOCALLY_SOLVED,NEARLY_FEASIBLE_POINT,true,3.792963214,6.0941644458467614e-5,0,3.983901866759823e-9,0,material_composite_production_REU,eqpzs,IND_REU_NEW_ELMA,6.0941644458467614e-5,X_IND_SK_REF_OFMA_IND_SK_REP_OFMA,3.983901866759823e-9,,0.5,2.0,2.0,2.0,2.0,2.0,0.0025,0.0,0.0025,direct_target,1,true
sensitivity_727,direct_target,virgin_metal_tax_tax_0_005,virgin_metal_tax,0.005,LOCALLY_INFEASIBLE,INFEASIBLE_POINT,true,6.915873523,0.0002503701877057951,0,0.0,0,material_composite_production_REU,eqpzs,IND_REU_NEW_ELMA,0.0002503701877057951,EOL_FLOW_EOL_DE_ELMA_INC,0.0,,0.5,2.0,2.0,2.0,2.0,2.0,0.005,0.0025,0.005,direct_target,1,true
sensitivity_727,direct_target,virgin_metal_tax_tax_0_01,virgin_metal_tax,0.01,LOCALLY_INFEASIBLE,INFEASIBLE_POINT,true,32.182387302,0.000522261702692095,0,0.0,0,material_composite_production_REU,eqpzs,IND_REU_NEW_ELMA,0.000522261702692095,EOL_FLOW_EOL_DE_ELMA_INC,0.0,,0.5,2.0,2.0,2.0,2.0,2.0,0.01,0.005,0.01,direct_target,1,true
sensitivity_727,direct_target,virgin_metal_tax_tax_0_02,virgin_metal_tax,0.02,LOCALLY_INFEASIBLE,INFEASIBLE_POINT,false,25.083436968,0.0025589564135057863,1,0.0,0,observed_physical_flow_links,quantity_link,physical_SK_OFMA_REP_route_input_mass,0.0025589564135057863,EOL_FLOW_EOL_DE_ELMA_INC,0.0,,0.5,2.0,2.0,2.0,2.0,2.0,0.02,0.01,0.02,direct_target,1,false
sensitivity_727,continuation_trial,virgin_metal_tax_tax_0_015,virgin_metal_tax,0.015,LOCALLY_INFEASIBLE,INFEASIBLE_POINT,false,77.304958758,0.0865805030137039,18,0.0,0,eu_wide_eol_allocation,eu_wide_eol_allocation,ELMA|EOL_REU_ELMA_REF,0.0865805030137039,EOL_FLOW_EOL_DE_ELMA_INC,0.0,,0.5,2.0,2.0,2.0,2.0,2.0,0.02,0.01,0.015,continuation_trial,2,false
sensitivity_727,continuation_trial,virgin_metal_tax_tax_0_0125,virgin_metal_tax,0.0125,LOCALLY_INFEASIBLE,INFEASIBLE_POINT,false,18.501690768,0.0020965310266714,1,0.0,0,observed_physical_flow_links,quantity_link,physical_SK_OFMA_REP_route_input_mass,0.0020965310266714,EOL_FLOW_EOL_DE_ELMA_INC,0.0,,0.5,2.0,2.0,2.0,2.0,2.0,0.02,0.01,0.0125,continuation_trial,3,false
sensitivity_727,continuation_trial,virgin_metal_tax_tax_0_01125,virgin_metal_tax,0.01125,LOCALLY_INFEASIBLE,INFEASIBLE_POINT,true,7.249952427,0.0005795905571989168,0,0.0,0,material_composite_production_REU,eqpzs,IND_REU_NEW_ELMA,0.0005795905571989168,EOL_FLOW_EOL_DE_ELMA_INC,0.0,,0.5,2.0,2.0,2.0,2.0,2.0,0.02,0.01,0.01125,continuation_trial,4,true
sensitivity_727,continuation_trial,virgin_metal_tax_tax_0_01375,virgin_metal_tax,0.01375,LOCALLY_INFEASIBLE,INFEASIBLE_POINT,true,7.905957285,0.0007396449219287948,0,0.0,0,material_composite_production_REU,eqpzs,IND_REU_NEW_ELMA,0.0007396449219287948,EOL_FLOW_EOL_DE_ELMA_INC,0.0,,0.5,2.0,2.0,2.0,2.0,2.0,0.02,0.01125,0.01375,continuation_trial,5,true
sensitivity_727,continuation_trial,virgin_metal_tax_tax_0_01875,virgin_metal_tax,0.01875,LOCALLY_INFEASIBLE,INFEASIBLE_POINT,true,9.688258534,0.0009975354627305144,0,0.0,0,material_composite_production_REU,eqpzs,IND_REU_NEW_ELMA,0.0009975354627305144,EOL_FLOW_EOL_DE_ELMA_INC,0.0,,0.5,2.0,2.0,2.0,2.0,2.0,0.02,0.01375,0.01875,continuation_trial,6,true
sensitivity_727,continuation_trial,virgin_metal_tax_tax_0_02,virgin_metal_tax,0.02,LOCALLY_INFEASIBLE,INFEASIBLE_POINT,false,7.305688042,0.0010664676192857492,1,0.0,0,material_composite_production_REU,eqpzs,IND_REU_NEW_ELMA,0.0010664676192857492,EOL_FLOW_EOL_DE_ELMA_INC,0.0,,0.5,2.0,2.0,2.0,2.0,2.0,0.02,0.01875,0.02,continuation_trial,7,false
sensitivity_727,continuation_trial,virgin_metal_tax_tax_0_019375,virgin_metal_tax,0.019375,LOCALLY_INFEASIBLE,INFEASIBLE_POINT,false,6.082775906,0.0010397921843076086,1,0.0,0,material_composite_production_REU,eqpzs,IND_REU_NEW_ELMA,0.0010397921843076086,EOL_FLOW_EOL_DE_ELMA_INC,0.0,,0.5,2.0,2.0,2.0,2.0,2.0,0.02,0.01875,0.019375,continuation_trial,8,false
sensitivity_727,continuation_trial,virgin_metal_tax_tax_0_0190625,virgin_metal_tax,0.0190625,LOCALLY_INFEASIBLE,INFEASIBLE_POINT,false,7.325829183,0.0010278848203837399,1,8.403354003041007e-9,0,material_composite_production_REU,eqpzs,IND_REU_NEW_ELMA,0.0010278848203837399,F_FAC_FR_CAP_IND_FR_REF_OFMA,8.403354003041007e-9,,0.5,2.0,2.0,2.0,2.0,2.0,0.02,0.01875,0.0190625,continuation_trial,9,false
sensitivity_727,continuation_trial,virgin_metal_tax_tax_0_01890625,virgin_metal_tax,0.01890625,LOCALLY_INFEASIBLE,INFEASIBLE_POINT,false,19.142505068,0.0010228717934996912,1,0.0,0,material_composite_production_REU,eqpzs,IND_REU_NEW_ELMA,0.0010228717934996912,EOL_FLOW_EOL_DE_ELMA_INC,0.0,,0.5,2.0,2.0,2.0,2.0,2.0,0.02,0.01875,0.01890625,continuation_trial,10,false
sensitivity_727,continuation_trial,virgin_metal_tax_tax_0_018828125,virgin_metal_tax,0.018828125,LOCALLY_INFEASIBLE,INFEASIBLE_POINT,true,4.679390686,0.0009831221556664271,0,0.0,0,material_composite_production_REU,eqpzs,IND_REU_NEW_ELMA,0.0009831221556664271,EOL_FLOW_EOL_DE_ELMA_INC,0.0,,0.5,2.0,2.0,2.0,2.0,2.0,0.02,0.01875,0.018828125,continuation_trial,11,true
sensitivity_727,continuation_trial,virgin_metal_tax_tax_0_018984375,virgin_metal_tax,0.018984375,LOCALLY_INFEASIBLE,INFEASIBLE_POINT,false,10.015593652,0.00102414098120851,1,0.0,0,material_composite_production_REU,eqpzs,IND_REU_NEW_ELMA,0.00102414098120851,EOL_FLOW_EOL_DE_ELMA_INC,0.0,,0.5,2.0,2.0,2.0,2.0,2.0,0.02,0.018828125,0.018984375,continuation_trial,12,false
sensitivity_727,continuation_trial,virgin_metal_tax_tax_0_01890625,virgin_metal_tax,0.01890625,LOCALLY_INFEASIBLE,INFEASIBLE_POINT,false,18.917183297,0.0010229041012433937,1,0.0,0,material_composite_production_REU,eqpzs,IND_REU_NEW_ELMA,0.0010229041012433937,EOL_FLOW_EOL_DE_ELMA_INC,0.0,,0.5,2.0,2.0,2.0,2.0,2.0,0.02,0.018828125,0.01890625,continuation_trial,13,false
sensitivity_727,continuation_trial,virgin_metal_tax_tax_0_0188671875,virgin_metal_tax,0.0188671875,LOCALLY_INFEASIBLE,INFEASIBLE_POINT,false,7.219431493,0.0010136066591418524,1,1.0486488625613821e-10,0,material_composite_production_REU,eqpzs,IND_REU_NEW_ELMA,0.0010136066591418524,X_IND_SK_REU_ELMA_IND_SK_REP_OFMA,1.0486488625613821e-10,,0.5,2.0,2.0,2.0,2.0,2.0,0.02,0.018828125,0.0188671875,continuation_trial,14,false
sensitivity_727,predictor_target,virgin_metal_tax_tax_0_02,virgin_metal_tax,0.02,INVALID_MODEL,FEASIBLE_POINT,false,1.925340994,1.0000343308934379,6,0.0,0,regional_circular_household_utility,regional_circular_utility,PL,1.0000343308934379,EOL_FLOW_EOL_DE_ELMA_INC,0.0,,0.5,2.0,2.0,2.0,2.0,2.0,0.02,0.018828125,0.02,predictor_target,15,false
sensitivity_727,baseline,baseline,,0.0,ALMOST_LOCALLY_SOLVED,NEARLY_FEASIBLE_POINT,true,2.332657515,5.062372012698546e-7,0,0.0,0,observed_physical_flow_links,quantity_link,physical_SK_OFMA_REP_route_input_mass,5.062372012698546e-7,EOL_FLOW_EOL_DE_ELMA_INC,0.0,,0.5,2.0,2.0,2.0,2.0,2.0,0.0,0.0,0.0,baseline,1,true
sensitivity_728,direct_target,virgin_metal_tax_tax_0_0025,virgin_metal_tax,0.0025,LOCALLY_INFEASIBLE,INFEASIBLE_POINT,true,9.11800973,0.000132147468341004,0,0.0,0,material_composite_production_REU,eqpzs,IND_REU_NEW_ELMA,0.000132147468341004,EOL_FLOW_EOL_DE_ELMA_INC,0.0,,1.0,2.0,2.0,2.0,2.0,2.0,0.0025,0.0,0.0025,direct_target,1,true
sensitivity_728,direct_target,virgin_metal_tax_tax_0_005,virgin_metal_tax,0.005,LOCALLY_INFEASIBLE,INFEASIBLE_POINT,true,16.792838862,0.00026004221633713076,0,0.0,0,material_composite_production_REU,eqpzs,IND_REU_NEW_ELMA,0.00026004221633713076,EOL_FLOW_EOL_DE_ELMA_INC,0.0,,1.0,2.0,2.0,2.0,2.0,2.0,0.005,0.0025,0.005,direct_target,1,true
sensitivity_728,direct_target,virgin_metal_tax_tax_0_01,virgin_metal_tax,0.01,LOCALLY_INFEASIBLE,INFEASIBLE_POINT,true,11.151934922,0.000515934704006793,0,0.0,0,material_composite_production_REU,eqpzs,IND_REU_NEW_ELMA,0.000515934704006793,EOL_FLOW_EOL_DE_ELMA_INC,0.0,,1.0,2.0,2.0,2.0,2.0,2.0,0.01,0.005,0.01,direct_target,1,true
sensitivity_728,direct_target,virgin_metal_tax_tax_0_02,virgin_metal_tax,0.02,LOCALLY_INFEASIBLE,INFEASIBLE_POINT,false,24.793807687,0.0010556621899746599,1,0.0,0,material_composite_production_REU,eqpzs,IND_REU_NEW_ELMA,0.0010556621899746599,EOL_FLOW_EOL_DE_ELMA_INC,0.0,,1.0,2.0,2.0,2.0,2.0,2.0,0.02,0.01,0.02,direct_target,1,false
sensitivity_728,continuation_trial,virgin_metal_tax_tax_0_015,virgin_metal_tax,0.015,LOCALLY_INFEASIBLE,INFEASIBLE_POINT,false,35.432877322,0.05482810765651247,6,0.0,0,observed_physical_flow_links,quantity_link,physical_SK_OFMA_REP_route_input_mass,0.05482810765651247,EOL_FLOW_EOL_DE_ELMA_INC,0.0,,1.0,2.0,2.0,2.0,2.0,2.0,0.02,0.01,0.015,continuation_trial,2,false
sensitivity_728,continuation_trial,virgin_metal_tax_tax_0_0125,virgin_metal_tax,0.0125,LOCALLY_INFEASIBLE,INFEASIBLE_POINT,false,23.66099181,0.04189985112058803,4,0.0,0,observed_physical_flow_links,quantity_link,physical_SK_OFMA_REP_route_input_mass,0.04189985112058803,EOL_FLOW_EOL_DE_ELMA_INC,0.0,,1.0,2.0,2.0,2.0,2.0,2.0,0.02,0.01,0.0125,continuation_trial,3,false
sensitivity_728,continuation_trial,virgin_metal_tax_tax_0_01125,virgin_metal_tax,0.01125,LOCALLY_INFEASIBLE,INFEASIBLE_POINT,true,9.908614161,0.0006017157211277713,0,0.0,0,material_composite_production_REU,eqpzs,IND_REU_NEW_ELMA,0.0006017157211277713,EOL_FLOW_EOL_DE_ELMA_INC,0.0,,1.0,2.0,2.0,2.0,2.0,2.0,0.02,0.01,0.01125,continuation_trial,4,true
sensitivity_728,continuation_trial,virgin_metal_tax_tax_0_01375,virgin_metal_tax,0.01375,LOCALLY_INFEASIBLE,INFEASIBLE_POINT,true,17.419978222,0.000716186815891251,0,0.0,0,material_composite_production_REU,eqpzs,IND_REU_NEW_ELMA,0.000716186815891251,EOL_FLOW_EOL_DE_ELMA_INC,0.0,,1.0,2.0,2.0,2.0,2.0,2.0,0.02,0.01125,0.01375,continuation_trial,5,true
sensitivity_728,continuation_trial,virgin_metal_tax_tax_0_01875,virgin_metal_tax,0.01875,LOCALLY_INFEASIBLE,INFEASIBLE_POINT,true,15.204306221,0.0009821569323398283,0,0.0,0,material_composite_production_REU,eqpzs,IND_REU_NEW_ELMA,0.0009821569323398283,EOL_FLOW_EOL_DE_ELMA_INC,0.0,,1.0,2.0,2.0,2.0,2.0,2.0,0.02,0.01375,0.01875,continuation_trial,6,true
sensitivity_728,continuation_trial,virgin_metal_tax_tax_0_02,virgin_metal_tax,0.02,LOCALLY_INFEASIBLE,INFEASIBLE_POINT,false,15.21749051,0.0010791490781693058,1,0.0,0,material_composite_production_REU,eqpzs,IND_REU_NEW_ELMA,0.0010791490781693058,EOL_FLOW_EOL_DE_ELMA_INC,0.0,,1.0,2.0,2.0,2.0,2.0,2.0,0.02,0.01875,0.02,continuation_trial,7,false
sensitivity_728,continuation_trial,virgin_metal_tax_tax_0_019375,virgin_metal_tax,0.019375,LOCALLY_INFEASIBLE,INFEASIBLE_POINT,false,11.613641394,0.0010270532133899168,1,0.0,0,material_composite_production_REU,eqpzs,IND_REU_NEW_ELMA,0.0010270532133899168,EOL_FLOW_EOL_DE_ELMA_INC,0.0,,1.0,2.0,2.0,2.0,2.0,2.0,0.02,0.01875,0.019375,continuation_trial,8,false
sensitivity_728,continuation_trial,virgin_metal_tax_tax_0_0190625,virgin_metal_tax,0.0190625,LOCALLY_INFEASIBLE,INFEASIBLE_POINT,false,5.998302766,0.0010141611520714244,1,0.0,0,material_composite_production_REU,eqpzs,IND_REU_NEW_ELMA,0.0010141611520714244,EOL_FLOW_EOL_DE_ELMA_INC,0.0,,1.0,2.0,2.0,2.0,2.0,2.0,0.02,0.01875,0.0190625,continuation_trial,9,false
sensitivity_728,continuation_trial,virgin_metal_tax_tax_0_01890625,virgin_metal_tax,0.01890625,LOCALLY_INFEASIBLE,INFEASIBLE_POINT,false,18.435511125,0.0010196664471674444,1,0.0,0,material_composite_production_REU,eqpzs,IND_REU_NEW_ELMA,0.0010196664471674444,EOL_FLOW_EOL_DE_ELMA_INC,0.0,,1.0,2.0,2.0,2.0,2.0,2.0,0.02,0.01875,0.01890625,continuation_trial,10,false
sensitivity_728,continuation_trial,virgin_metal_tax_tax_0_018828125,virgin_metal_tax,0.018828125,LOCALLY_INFEASIBLE,INFEASIBLE_POINT,false,9.59439224,0.0010109090191778858,1,0.0,0,material_composite_production_REU,eqpzs,IND_REU_NEW_ELMA,0.0010109090191778858,EOL_FLOW_EOL_DE_ELMA_INC,0.0,,1.0,2.0,2.0,2.0,2.0,2.0,0.02,0.01875,0.018828125,continuation_trial,11,false
sensitivity_728,continuation_trial,virgin_metal_tax_tax_0_0187890625,virgin_metal_tax,0.0187890625,LOCALLY_INFEASIBLE,INFEASIBLE_POINT,true,3.590767955,0.0009844321979515236,0,0.0,0,material_composite_production_REU,eqpzs,IND_REU_NEW_ELMA,0.0009844321979515236,EOL_FLOW_EOL_DE_ELMA_INC,0.0,,1.0,2.0,2.0,2.0,2.0,2.0,0.02,0.01875,0.0187890625,continuation_trial,12,true
sensitivity_728,continuation_trial,virgin_metal_tax_tax_0_0188671875,virgin_metal_tax,0.0188671875,LOCALLY_INFEASIBLE,INFEASIBLE_POINT,true,6.620152251,0.000992647534798774,0,0.0,0,material_composite_production_REU,eqpzs,IND_REU_NEW_ELMA,0.000992647534798774,EOL_FLOW_EOL_DE_ELMA_INC,0.0,,1.0,2.0,2.0,2.0,2.0,2.0,0.02,0.0187890625,0.0188671875,continuation_trial,13,true
sensitivity_728,continuation_trial,virgin_metal_tax_tax_0_0190234375,virgin_metal_tax,0.0190234375,LOCALLY_INFEASIBLE,INFEASIBLE_POINT,false,5.994391282,0.001010789630863429,1,0.0,0,material_composite_production_REU,eqpzs,IND_REU_NEW_ELMA,0.001010789630863429,EOL_FLOW_EOL_DE_ELMA_INC,0.0,,1.0,2.0,2.0,2.0,2.0,2.0,0.02,0.0188671875,0.0190234375,continuation_trial,14,false
sensitivity_728,continuation_trial,virgin_metal_tax_tax_0_0189453125,virgin_metal_tax,0.0189453125,LOCALLY_INFEASIBLE,INFEASIBLE_POINT,true,4.048555417,0.0009953406869491754,0,0.0,0,material_composite_production_REU,eqpzs,IND_REU_NEW_ELMA,0.0009953406869491754,EOL_FLOW_EOL_DE_ELMA_INC,0.0,,1.0,2.0,2.0,2.0,2.0,2.0,0.02,0.0188671875,0.0189453125,continuation_trial,15,true
sensitivity_728,continuation_trial,virgin_metal_tax_tax_0_0191015625,virgin_metal_tax,0.0191015625,LOCALLY_INFEASIBLE,INFEASIBLE_POINT,false,14.304732895,0.0010293903663708415,1,0.0,0,material_composite_production_REU,eqpzs,IND_REU_NEW_ELMA,0.0010293903663708415,EOL_FLOW_EOL_DE_ELMA_INC,0.0,,1.0,2.0,2.0,2.0,2.0,2.0,0.02,0.0189453125,0.0191015625,continuation_trial,16,false
sensitivity_728,continuation_trial,virgin_metal_tax_tax_0_019023437499999997,virgin_metal_tax,0.019023437499999997,LOCALLY_INFEASIBLE,INFEASIBLE_POINT,false,6.911875474,0.001018000722045831,1,0.0,0,material_composite_production_REU,eqpzs,IND_REU_NEW_ELMA,0.001018000722045831,EOL_FLOW_EOL_DE_ELMA_INC,0.0,,1.0,2.0,2.0,2.0,2.0,2.0,0.02,0.0189453125,0.019023437499999997,continuation_trial,17,false
sensitivity_728,continuation_trial,virgin_metal_tax_tax_0_018984374999999998,virgin_metal_tax,0.018984374999999998,LOCALLY_INFEASIBLE,INFEASIBLE_POINT,false,2.80862283,0.0010176264036759752,1,0.0,0,material_composite_production_REU,eqpzs,IND_REU_NEW_ELMA,0.0010176264036759752,EOL_FLOW_EOL_DE_ELMA_INC,0.0,,1.0,2.0,2.0,2.0,2.0,2.0,0.02,0.0189453125,0.018984374999999998,continuation_trial,18,false
sensitivity_728,predictor_target,virgin_metal_tax_tax_0_02,virgin_metal_tax,0.02,INVALID_MODEL,FEASIBLE_POINT,false,1.571500948,1.0000153376078365,9,0.0,0,regional_circular_household_utility,regional_circular_utility,PL,1.0000153376078365,EOL_FLOW_EOL_DE_ELMA_INC,0.0,,1.0,2.0,2.0,2.0,2.0,2.0,0.02,0.0189453125,0.02,predictor_target,19,false
sensitivity_728,baseline,baseline,,0.0,ALMOST_LOCALLY_SOLVED,NEARLY_FEASIBLE_POINT,true,2.255391116,5.062371767339258e-7,0,0.0,0,observed_physical_flow_links,quantity_link,physical_SK_OFMA_REP_route_input_mass,5.062371767339258e-7,EOL_FLOW_EOL_DE_ELMA_INC,0.0,,1.0,2.0,2.0,2.0,2.0,2.0,0.0,0.0,0.0,baseline,1,true
sensitivity_729,direct_target,virgin_metal_tax_tax_0_0025,virgin_metal_tax,0.0025,LOCALLY_INFEASIBLE,INFEASIBLE_POINT,false,14.419812401,0.0190344799068769,1,0.0,0,observed_physical_flow_links,quantity_link,physical_SK_OFMA_REP_route_input_mass,0.0190344799068769,EOL_FLOW_EOL_DE_ELMA_INC,0.0,,2.0,2.0,2.0,2.0,2.0,2.0,0.0025,0.0,0.0025,direct_target,1,false
sensitivity_729,continuation_trial,virgin_metal_tax_tax_0_00125,virgin_metal_tax,0.00125,LOCALLY_INFEASIBLE,INFEASIBLE_POINT,true,5.723848783,5.1628873941278464e-5,0,0.0,0,material_composite_production_SK,eqpzs,IND_SK_NEW_ELMA,5.1628873941278464e-5,EOL_FLOW_EOL_DE_ELMA_INC,0.0,,2.0,2.0,2.0,2.0,2.0,2.0,0.0025,0.0,0.00125,continuation_trial,2,true
sensitivity_729,continuation_trial,virgin_metal_tax_tax_0_0025,virgin_metal_tax,0.0025,LOCALLY_INFEASIBLE,INFEASIBLE_POINT,true,8.99424453,0.00015583929035623,0,0.0,0,material_composite_production_SK,eqpzs,IND_SK_NEW_ELMA,0.00015583929035623,EOL_FLOW_EOL_DE_ELMA_INC,0.0,,2.0,2.0,2.0,2.0,2.0,2.0,0.0025,0.00125,0.0025,continuation_trial,3,true
sensitivity_729,direct_target,virgin_metal_tax_tax_0_005,virgin_metal_tax,0.005,LOCALLY_INFEASIBLE,INFEASIBLE_POINT,true,20.774945502,0.00025991644163059213,0,0.0,0,material_composite_production_SK,eqpzs,IND_SK_NEW_ELMA,0.00025991644163059213,EOL_FLOW_EOL_DE_ELMA_INC,0.0,,2.0,2.0,2.0,2.0,2.0,2.0,0.005,0.0025,0.005,direct_target,1,true
sensitivity_729,direct_target,virgin_metal_tax_tax_0_01,virgin_metal_tax,0.01,LOCALLY_INFEASIBLE,INFEASIBLE_POINT,true,18.6076597,0.0006236511412982537,0,0.0,0,material_composite_production_SK,eqpzs,IND_SK_NEW_ELMA,0.0006236511412982537,EOL_FLOW_EOL_DE_ELMA_INC,0.0,,2.0,2.0,2.0,2.0,2.0,2.0,0.01,0.005,0.01,direct_target,1,true
sensitivity_729,direct_target,virgin_metal_tax_tax_0_02,virgin_metal_tax,0.02,LOCALLY_INFEASIBLE,INFEASIBLE_POINT,false,35.087818181,0.001157499975152465,1,0.0,0,material_composite_production_SK,eqpzs,IND_SK_NEW_ELMA,0.001157499975152465,EOL_FLOW_EOL_DE_ELMA_INC,0.0,,2.0,2.0,2.0,2.0,2.0,2.0,0.02,0.01,0.02,direct_target,1,false
sensitivity_729,continuation_trial,virgin_metal_tax_tax_0_015,virgin_metal_tax,0.015,LOCALLY_INFEASIBLE,INFEASIBLE_POINT,true,17.420636977,0.000808786533382122,0,0.0,0,material_composite_production_REU,eqpzs,IND_REU_NEW_ELMA,0.000808786533382122,EOL_FLOW_EOL_DE_ELMA_INC,0.0,,2.0,2.0,2.0,2.0,2.0,2.0,0.02,0.01,0.015,continuation_trial,2,true
sensitivity_729,continuation_trial,virgin_metal_tax_tax_0_02,virgin_metal_tax,0.02,LOCALLY_INFEASIBLE,INFEASIBLE_POINT,false,15.589600734,0.0010734161157975874,1,0.0,0,material_composite_production_REU,eqpzs,IND_REU_NEW_ELMA,0.0010734161157975874,EOL_FLOW_EOL_DE_ELMA_INC,0.0,,2.0,2.0,2.0,2.0,2.0,2.0,0.02,0.015,0.02,continuation_trial,3,false
sensitivity_729,continuation_trial,virgin_metal_tax_tax_0_0175,virgin_metal_tax,0.0175,LOCALLY_INFEASIBLE,INFEASIBLE_POINT,true,14.324674638,0.00089442934002959,0,0.0,0,material_composite_production_REU,eqpzs,IND_REU_NEW_ELMA,0.00089442934002959,EOL_FLOW_EOL_DE_ELMA_INC,0.0,,2.0,2.0,2.0,2.0,2.0,2.0,0.02,0.015,0.0175,continuation_trial,4,true
sensitivity_729,continuation_trial,virgin_metal_tax_tax_0_02,virgin_metal_tax,0.02,LOCALLY_INFEASIBLE,INFEASIBLE_POINT,false,15.237817921,0.001080950903529443,1,8.224685185320649e-9,0,material_composite_production_REU,eqpzs,IND_REU_NEW_ELMA,0.001080950903529443,F_FAC_SK_LAB_IND_SK_REP_OFMA,8.224685185320649e-9,,2.0,2.0,2.0,2.0,2.0,2.0,0.02,0.0175,0.02,continuation_trial,5,false
sensitivity_729,continuation_trial,virgin_metal_tax_tax_0_018750000000000003,virgin_metal_tax,0.018750000000000003,LOCALLY_INFEASIBLE,INFEASIBLE_POINT,false,21.688995807,0.0010125534889378063,1,0.0,0,material_composite_production_REU,eqpzs,IND_REU_NEW_ELMA,0.0010125534889378063,EOL_FLOW_EOL_DE_ELMA_INC,0.0,,2.0,2.0,2.0,2.0,2.0,2.0,0.02,0.0175,0.018750000000000003,continuation_trial,6,false
sensitivity_729,continuation_trial,virgin_metal_tax_tax_0_018125000000000002,virgin_metal_tax,0.018125000000000002,LOCALLY_INFEASIBLE,INFEASIBLE_POINT,true,11.866728142,0.000979778524992314,0,0.0,0,material_composite_production_REU,eqpzs,IND_REU_NEW_ELMA,0.000979778524992314,EOL_FLOW_EOL_DE_ELMA_INC,0.0,,2.0,2.0,2.0,2.0,2.0,2.0,0.02,0.0175,0.018125000000000002,continuation_trial,7,true
sensitivity_729,continuation_trial,virgin_metal_tax_tax_0_019375000000000003,virgin_metal_tax,0.019375000000000003,LOCALLY_INFEASIBLE,INFEASIBLE_POINT,false,7.563371912,0.0011745401908629383,1,0.0,0,material_composite_production_SK,eqpzs,IND_SK_NEW_ELMA,0.0011745401908629383,EOL_FLOW_EOL_DE_ELMA_INC,0.0,,2.0,2.0,2.0,2.0,2.0,2.0,0.02,0.018125000000000002,0.019375000000000003,continuation_trial,8,false
sensitivity_729,continuation_trial,virgin_metal_tax_tax_0_018750000000000003,virgin_metal_tax,0.018750000000000003,LOCALLY_INFEASIBLE,INFEASIBLE_POINT,true,5.356802021,0.0008843601757813069,0,0.0,0,material_composite_production_SK,eqpzs,IND_SK_NEW_ELMA,0.0008843601757813069,EOL_FLOW_EOL_DE_ELMA_INC,0.0,,2.0,2.0,2.0,2.0,2.0,2.0,0.02,0.018125000000000002,0.018750000000000003,continuation_trial,9,true
sensitivity_729,continuation_trial,virgin_metal_tax_tax_0_02,virgin_metal_tax,0.02,LOCALLY_INFEASIBLE,INFEASIBLE_POINT,false,11.081158766,0.0010807323764383536,1,0.0,0,material_composite_production_REU,eqpzs,IND_REU_NEW_ELMA,0.0010807323764383536,EOL_FLOW_EOL_DE_ELMA_INC,0.0,,2.0,2.0,2.0,2.0,2.0,2.0,0.02,0.018750000000000003,0.02,continuation_trial,10,false
sensitivity_729,continuation_trial,virgin_metal_tax_tax_0_019375000000000003,virgin_metal_tax,0.019375000000000003,LOCALLY_INFEASIBLE,INFEASIBLE_POINT,true,5.160390488,0.0009750149754056414,0,0.0,0,material_composite_production_REU,eqpzs,IND_REU_NEW_ELMA,0.0009750149754056414,EOL_FLOW_EOL_DE_ELMA_INC,0.0,,2.0,2.0,2.0,2.0,2.0,2.0,0.02,0.018750000000000003,0.019375000000000003,continuation_trial,11,true
sensitivity_729,continuation_trial,virgin_metal_tax_tax_0_02,virgin_metal_tax,0.02,LOCALLY_INFEASIBLE,INFEASIBLE_POINT,false,5.768794266,0.001108317547940052,1,0.0,0,material_composite_production_SK,eqpzs,IND_SK_NEW_ELMA,0.001108317547940052,EOL_FLOW_EOL_DE_ELMA_INC,0.0,,2.0,2.0,2.0,2.0,2.0,2.0,0.02,0.019375000000000003,0.02,continuation_trial,12,false
sensitivity_729,continuation_trial,virgin_metal_tax_tax_0_019687500000000004,virgin_metal_tax,0.019687500000000004,LOCALLY_INFEASIBLE,INFEASIBLE_POINT,false,5.900892066,0.001064596927809358,1,0.0,0,material_composite_production_REU,eqpzs,IND_REU_NEW_ELMA,0.001064596927809358,EOL_FLOW_EOL_DE_ELMA_INC,0.0,,2.0,2.0,2.0,2.0,2.0,2.0,0.02,0.019375000000000003,0.019687500000000004,continuation_trial,13,false
sensitivity_729,continuation_trial,virgin_metal_tax_tax_0_019531250000000003,virgin_metal_tax,0.019531250000000003,LOCALLY_INFEASIBLE,INFEASIBLE_POINT,false,6.039088993,0.0010554679868314265,1,0.0,0,material_composite_production_REU,eqpzs,IND_REU_NEW_ELMA,0.0010554679868314265,EOL_FLOW_EOL_DE_ELMA_INC,0.0,,2.0,2.0,2.0,2.0,2.0,2.0,0.02,0.019375000000000003,0.019531250000000003,continuation_trial,14,false
sensitivity_729,continuation_trial,virgin_metal_tax_tax_0_019453125,virgin_metal_tax,0.019453125,LOCALLY_INFEASIBLE,INFEASIBLE_POINT,true,4.392545124,0.0009883209636232237,0,0.0,0,material_composite_production_REU,eqpzs,IND_REU_NEW_ELMA,0.0009883209636232237,EOL_FLOW_EOL_DE_ELMA_INC,0.0,,2.0,2.0,2.0,2.0,2.0,2.0,0.02,0.019375000000000003,0.019453125,continuation_trial,15,true
sensitivity_729,continuation_trial,virgin_metal_tax_tax_0_019609375000000002,virgin_metal_tax,0.019609375000000002,LOCALLY_INFEASIBLE,INFEASIBLE_POINT,false,6.249930017,0.0010588498720554007,1,0.0,0,material_composite_production_REU,eqpzs,IND_REU_NEW_ELMA,0.0010588498720554007,EOL_FLOW_EOL_DE_ELMA_INC,0.0,,2.0,2.0,2.0,2.0,2.0,2.0,0.02,0.019453125,0.019609375000000002,continuation_trial,16,false
sensitivity_729,continuation_trial,virgin_metal_tax_tax_0_01953125,virgin_metal_tax,0.01953125,LOCALLY_INFEASIBLE,INFEASIBLE_POINT,false,6.042377349,0.0010557248192768487,1,0.0,0,material_composite_production_REU,eqpzs,IND_REU_NEW_ELMA,0.0010557248192768487,EOL_FLOW_EOL_DE_ELMA_INC,0.0,,2.0,2.0,2.0,2.0,2.0,2.0,0.02,0.019453125,0.01953125,continuation_trial,17,false
sensitivity_729,continuation_trial,virgin_metal_tax_tax_0_0194921875,virgin_metal_tax,0.0194921875,LOCALLY_INFEASIBLE,INFEASIBLE_POINT,false,5.421923273,0.0010537598668427517,1,0.0,0,material_composite_production_REU,eqpzs,IND_REU_NEW_ELMA,0.0010537598668427517,EOL_FLOW_EOL_DE_ELMA_INC,0.0,,2.0,2.0,2.0,2.0,2.0,2.0,0.02,0.019453125,0.0194921875,continuation_trial,18,false
sensitivity_729,predictor_target,virgin_metal_tax_tax_0_02,virgin_metal_tax,0.02,LOCALLY_INFEASIBLE,INFEASIBLE_POINT,false,2.383421957,0.0010517194498627092,1,0.0,0,material_composite_production_REU,eqpzs,IND_REU_NEW_ELMA,0.0010517194498627092,EOL_FLOW_EOL_DE_ELMA_INC,0.0,,2.0,2.0,2.0,2.0,2.0,2.0,0.02,0.019453125,0.02,predictor_target,19,false
sensitivity_729,baseline,baseline,,0.0,ALMOST_LOCALLY_SOLVED,NEARLY_FEASIBLE_POINT,true,3.581133112,5.06237158082179e-7,0,0.0,0,observed_physical_flow_links,quantity_link,physical_SK_OFMA_REP_route_input_mass,5.06237158082179e-7,EOL_FLOW_EOL_DE_ELMA_INC,0.0,,2.0,2.0,2.0,2.0,2.0,2.0,0.0,0.0,0.0,baseline,1,true
