row_region	row_sector	final_demand_region	final_demand_code	value_meur
DE	AGRI_FOOD	DE	P3_S13	913.1151901707
DE	AGRI_FOOD	DE	P3_S14	97078.90997872273
DE	AGRI_FOOD	DE	P3_S15	47.63616087666754
DE	AGRI_FOOD	DE	P51G	1169.4796724316159
DE	AGRI_FOOD	DE	P5M	5227.590332925769
DE	AGRI_FOOD	FR	P3_S13	11.841461992849657
DE	AGRI_FOOD	FR	P3_S14	2884.5071427898342
DE	AGRI_FOOD	FR	P51G	26.391980103032164
DE	AGRI_FOOD	FR	P5M	71.66547106478741
DE	AGRI_FOOD	IT	P3_S13	0.43649444575659685
DE	AGRI_FOOD	IT	P3_S14	1870.2713970052969
DE	AGRI_FOOD	IT	P51G	16.043384381759612
DE	AGRI_FOOD	IT	P5M	17.025712721508064
DE	AGRI_FOOD	PL	P3_S13	0.32615565808572805
DE	AGRI_FOOD	PL	P3_S14	1574.6267938320013
DE	AGRI_FOOD	PL	P3_S15	0.1575030559444921
DE	AGRI_FOOD	PL	P51G	10.197678684910594
DE	AGRI_FOOD	PL	P5M	35.3840781091874
DE	AGRI_FOOD	REU	P3_S13	12.999571234096994
DE	AGRI_FOOD	REU	P3_S14	15877.584874362356
DE	AGRI_FOOD	REU	P3_S15	0.5636492054873332
DE	AGRI_FOOD	REU	P51G	173.67954867378936
DE	AGRI_FOOD	REU	P5M	99.43955180791984
DE	AGRI_FOOD	ROW	P3_S13	180.09234526674882
DE	AGRI_FOOD	ROW	P3_S14	6464.372726318987
DE	AGRI_FOOD	ROW	P3_S15	3.7490502472567755
DE	AGRI_FOOD	ROW	P51G	205.91565258497647
DE	AGRI_FOOD	ROW	P5M	23.111655102946784
DE	AGRI_FOOD	SK	P3_S13	0.35297108242797137
DE	AGRI_FOOD	SK	P3_S14	386.2965071377375
DE	AGRI_FOOD	SK	P51G	8.81230228265444
DE	AGRI_FOOD	SK	P5M	-0.6589322004098445
DE	BASIC_METALS	DE	P3_S13	70.72520189031447
DE	BASIC_METALS	DE	P3_S14	1411.5272929492255
DE	BASIC_METALS	DE	P3_S15	23.08320331209312
DE	BASIC_METALS	DE	P51G	1779.4645818038084
DE	BASIC_METALS	DE	P5M	-1817.2670060698538
DE	BASIC_METALS	FR	P3_S13	3.4870042535573207
DE	BASIC_METALS	FR	P3_S14	39.034916105354796
DE	BASIC_METALS	FR	P51G	30.137110973369804
DE	BASIC_METALS	FR	P5M	15.679987969449488
DE	BASIC_METALS	IT	P3_S13	0.47132786701402746
DE	BASIC_METALS	IT	P3_S14	25.840471187087893
DE	BASIC_METALS	IT	P51G	17.612842302221914
DE	BASIC_METALS	IT	P5M	0.17462632961893518
DE	BASIC_METALS	PL	P3_S13	0.35074032522951937
DE	BASIC_METALS	PL	P3_S14	29.787899915938596
DE	BASIC_METALS	PL	P3_S15	0.007150424289187481
DE	BASIC_METALS	PL	P51G	11.2704597421979
DE	BASIC_METALS	PL	P5M	62.042564202597354
DE	BASIC_METALS	REU	P3_S13	6.998135479474022
DE	BASIC_METALS	REU	P3_S14	201.3048253241084
DE	BASIC_METALS	REU	P3_S15	0.01468798533615035
DE	BASIC_METALS	REU	P51G	228.29332519505064
DE	BASIC_METALS	REU	P5M	120.51965089063566
DE	BASIC_METALS	ROW	P3_S13	14.994329861933187
DE	BASIC_METALS	ROW	P3_S14	172.94291125471477
DE	BASIC_METALS	ROW	P3_S15	0.10037981230370245
DE	BASIC_METALS	ROW	P51G	249.96277701783492
DE	BASIC_METALS	ROW	P5M	102.91727281388641
DE	BASIC_METALS	SK	P3_S13	0.3665176040596663
DE	BASIC_METALS	SK	P3_S14	2.117416476026355
DE	BASIC_METALS	SK	P51G	3.229297878235447
DE	BASIC_METALS	SK	P5M	-11.680067325877925
DE	CONSTRUCTION	DE	P3_S13	49.43521440331674
DE	CONSTRUCTION	DE	P3_S14	5502.3282182528155
DE	CONSTRUCTION	DE	P3_S15	17.35242334868563
DE	CONSTRUCTION	DE	P51G	172225.8744706495
DE	CONSTRUCTION	DE	P5M	-69.66634517389973
DE	CONSTRUCTION	FR	P3_S13	6.532988706721978
DE	CONSTRUCTION	FR	P3_S14	24.031995613027213
DE	CONSTRUCTION	FR	P51G	16.037616415948435
DE	CONSTRUCTION	FR	P5M	4.246590123920004
DE	CONSTRUCTION	IT	P3_S13	0.36272380685396577
DE	CONSTRUCTION	IT	P3_S14	17.49230431046793
DE	CONSTRUCTION	IT	P51G	11.95810681144684
DE	CONSTRUCTION	IT	P5M	0.13497688923496437
DE	CONSTRUCTION	PL	P3_S13	0.2684282931119791
DE	CONSTRUCTION	PL	P3_S14	12.481925986328747
DE	CONSTRUCTION	PL	P3_S15	0.005183510080158043
DE	CONSTRUCTION	PL	P51G	53.43350648815049
DE	CONSTRUCTION	PL	P5M	2.6266705258426115
DE	CONSTRUCTION	REU	P3_S13	8.228052397146405
DE	CONSTRUCTION	REU	P3_S14	123.25704245117853
DE	CONSTRUCTION	REU	P3_S15	0.2000025525271529
DE	CONSTRUCTION	REU	P51G	273.89355851379713
DE	CONSTRUCTION	REU	P5M	10.09010192217614
DE	CONSTRUCTION	ROW	P3_S13	14.596122856030915
DE	CONSTRUCTION	ROW	P3_S14	110.28791284138036
DE	CONSTRUCTION	ROW	P3_S15	1.1155202169635254
DE	CONSTRUCTION	ROW	P51G	245.2128708899048
DE	CONSTRUCTION	ROW	P5M	11.780968016008051
DE	CONSTRUCTION	SK	P3_S13	0.28177652286308796
DE	CONSTRUCTION	SK	P3_S14	1.2088088701059607
DE	CONSTRUCTION	SK	P51G	2.2032883635254903
DE	CONSTRUCTION	SK	P5M	0.5555851711203225
DE	EXTRACTIVE	DE	P3_S13	61.94008488897459
DE	EXTRACTIVE	DE	P3_S14	1101.9534630721312
DE	EXTRACTIVE	DE	P3_S15	9.067004872961139
DE	EXTRACTIVE	DE	P51G	235.70383550957018
DE	EXTRACTIVE	DE	P5M	-1022.0422046963276
DE	EXTRACTIVE	FR	P3_S13	0.9972883555379027
DE	EXTRACTIVE	FR	P3_S14	8.316500655438663
DE	EXTRACTIVE	FR	P51G	5.306750060274994
DE	EXTRACTIVE	FR	P5M	-66.05013321931649
DE	EXTRACTIVE	IT	P3_S13	0.13397244264677766
DE	EXTRACTIVE	IT	P3_S14	19.751721954071538
DE	EXTRACTIVE	IT	P51G	4.144604628481914
DE	EXTRACTIVE	IT	P5M	0.05310634025311855
DE	EXTRACTIVE	PL	P3_S13	0.09979990852471052
DE	EXTRACTIVE	PL	P3_S14	5.415271030254848
DE	EXTRACTIVE	PL	P3_S15	0.0019103846837296935
DE	EXTRACTIVE	PL	P51G	2.254090642918782
DE	EXTRACTIVE	PL	P5M	-18.66723754603035
DE	EXTRACTIVE	REU	P3_S13	2.0158045133425073
DE	EXTRACTIVE	REU	P3_S14	54.9565136437311
DE	EXTRACTIVE	REU	P3_S15	0.0042383369677156165
DE	EXTRACTIVE	REU	P51G	62.292707699569036
DE	EXTRACTIVE	REU	P5M	-48.73723982984141
DE	EXTRACTIVE	ROW	P3_S13	4.828994743146578
DE	EXTRACTIVE	ROW	P3_S14	46.58134828697963
DE	EXTRACTIVE	ROW	P3_S15	0.029832063876392197
DE	EXTRACTIVE	ROW	P51G	50.6997139665521
DE	EXTRACTIVE	ROW	P5M	2.930434120714806
DE	EXTRACTIVE	SK	P3_S13	0.10422167003837005
DE	EXTRACTIVE	SK	P3_S14	0.5303257591704652
DE	EXTRACTIVE	SK	P51G	0.7938272348181507
DE	EXTRACTIVE	SK	P5M	-0.08161238642396237
DE	INC_EE	DE	P3_S13	1.7630824935571066
DE	INC_EE	DE	P3_S14	19.05883008294491
DE	INC_EE	DE	P3_S15	0.016338595887215923
DE	INC_EE	DE	P51G	1.2330102581045475
DE	INC_EE	DE	P5M	4.578308838955727e-5
DE	INC_EE	FR	P3_S13	0.0003210131160269653
DE	INC_EE	FR	P3_S14	0.10626782581335116
DE	INC_EE	FR	P51G	0.00368888802844202
DE	INC_EE	FR	P5M	0.00041778835095766646
DE	INC_EE	IT	P3_S13	3.1252557147149025e-5
DE	INC_EE	IT	P3_S14	0.003996580460898237
DE	INC_EE	IT	P51G	0.0018537340480449338
DE	INC_EE	IT	P5M	1.2863865985176845e-5
DE	INC_EE	PL	P3_S13	2.5292768974179205e-5
DE	INC_EE	PL	P3_S14	0.002293026282333153
DE	INC_EE	PL	P3_S15	1.6218647793178994e-6
DE	INC_EE	PL	P51G	0.0012222722405166012
DE	INC_EE	PL	P5M	0.0013611569931393532
DE	INC_EE	REU	P3_S13	0.0025524647496301405
DE	INC_EE	REU	P3_S14	0.09890009396756354
DE	INC_EE	REU	P3_S15	1.4362333726117419e-5
DE	INC_EE	REU	P51G	0.024395486767845156
DE	INC_EE	REU	P5M	0.0666011671408933
DE	INC_EE	ROW	P3_S13	0.04814015854950537
DE	INC_EE	ROW	P3_S14	0.1022828110701675
DE	INC_EE	ROW	P3_S15	0.0015642088225776387
DE	INC_EE	ROW	P51G	0.03363750253276861
DE	INC_EE	ROW	P5M	0.006190197471511754
DE	INC_EE	SK	P3_S13	2.6661675618875872e-5
DE	INC_EE	SK	P3_S14	0.0009736038437156208
DE	INC_EE	SK	P51G	0.00036142638389177566
DE	INC_EE	SK	P5M	0.00011684715432486056
DE	METAL_COMPONENTS	DE	P3_S13	153.22632031190525
DE	METAL_COMPONENTS	DE	P3_S14	7428.155284296875
DE	METAL_COMPONENTS	DE	P3_S15	49.90417159321417
DE	METAL_COMPONENTS	DE	P51G	14327.517057228564
DE	METAL_COMPONENTS	DE	P5M	1934.0218212677985
DE	METAL_COMPONENTS	FR	P3_S13	6.351133451928929
DE	METAL_COMPONENTS	FR	P3_S14	281.00460602042574
DE	METAL_COMPONENTS	FR	P51G	119.04114846515945
DE	METAL_COMPONENTS	FR	P5M	25.42294978785501
DE	METAL_COMPONENTS	IT	P3_S13	0.8395727512682742
DE	METAL_COMPONENTS	IT	P3_S14	164.86650780619698
DE	METAL_COMPONENTS	IT	P51G	100.99000503316101
DE	METAL_COMPONENTS	IT	P5M	0.3118665626176378
DE	METAL_COMPONENTS	PL	P3_S13	0.6255358753656026
DE	METAL_COMPONENTS	PL	P3_S14	133.06386915611307
DE	METAL_COMPONENTS	PL	P3_S15	0.013061298649560852
DE	METAL_COMPONENTS	PL	P51G	192.8657245028387
DE	METAL_COMPONENTS	PL	P5M	66.03272061311108
DE	METAL_COMPONENTS	REU	P3_S13	13.833698661038921
DE	METAL_COMPONENTS	REU	P3_S14	1302.309715396133
DE	METAL_COMPONENTS	REU	P3_S15	0.0346853320192087
DE	METAL_COMPONENTS	REU	P51G	1696.0295227817167
DE	METAL_COMPONENTS	REU	P5M	-18.450058926630657
DE	METAL_COMPONENTS	ROW	P3_S13	31.257419182778374
DE	METAL_COMPONENTS	ROW	P3_S14	1140.9823278957954
DE	METAL_COMPONENTS	ROW	P3_S15	0.1605442821778587
DE	METAL_COMPONENTS	ROW	P51G	1527.4396063576712
DE	METAL_COMPONENTS	ROW	P5M	183.3413808095739
DE	METAL_COMPONENTS	SK	P3_S13	0.65894063970584
DE	METAL_COMPONENTS	SK	P3_S14	13.984639587133652
DE	METAL_COMPONENTS	SK	P51G	13.642330843316401
DE	METAL_COMPONENTS	SK	P5M	14.234404557912052
DE	NEW_ELMA	DE	P3_S13	209.80863217662431
DE	NEW_ELMA	DE	P3_S14	8182.6061252174495
DE	NEW_ELMA	DE	P3_S15	74.09539211422876
DE	NEW_ELMA	DE	P51G	5662.90171636982
DE	NEW_ELMA	DE	P5M	1031.7861068459035
DE	NEW_ELMA	FR	P3_S13	6.809421296135521
DE	NEW_ELMA	FR	P3_S14	414.62454192218684
DE	NEW_ELMA	FR	P51G	154.6677230546284
DE	NEW_ELMA	FR	P5M	66.25939730898989
DE	NEW_ELMA	IT	P3_S13	0.878384948975875
DE	NEW_ELMA	IT	P3_S14	387.2006084430075
DE	NEW_ELMA	IT	P51G	289.3068169994322
DE	NEW_ELMA	IT	P5M	0.3281870217383535
DE	NEW_ELMA	PL	P3_S13	0.753091137979856
DE	NEW_ELMA	PL	P3_S14	209.6336516503622
DE	NEW_ELMA	PL	P3_S15	0.18104172714683187
DE	NEW_ELMA	PL	P51G	149.5097760280798
DE	NEW_ELMA	PL	P5M	63.86071541351803
DE	NEW_ELMA	REU	P3_S13	18.605058618992008
DE	NEW_ELMA	REU	P3_S14	2819.323225837956
DE	NEW_ELMA	REU	P3_S15	0.058089976326950635
DE	NEW_ELMA	REU	P51G	2710.171426654178
DE	NEW_ELMA	REU	P5M	275.08882023712283
DE	NEW_ELMA	ROW	P3_S13	45.40543411153398
DE	NEW_ELMA	ROW	P3_S14	2567.078333575829
DE	NEW_ELMA	ROW	P3_S15	0.2598915281033815
DE	NEW_ELMA	ROW	P51G	2862.0625972448456
DE	NEW_ELMA	ROW	P5M	336.095374200496
DE	NEW_ELMA	SK	P3_S13	0.6934163692161243
DE	NEW_ELMA	SK	P3_S14	52.33116232366678
DE	NEW_ELMA	SK	P51G	64.03504046637444
DE	NEW_ELMA	SK	P5M	32.695962824058164
DE	NEW_OFMA	DE	P3_S13	0.007216863312658321
DE	NEW_OFMA	DE	P3_S14	0.3189952918558568
DE	NEW_OFMA	DE	P3_S15	0.004385706853374725
DE	NEW_OFMA	DE	P51G	0.2014300482208283
DE	NEW_OFMA	DE	P5M	-0.26293937642769644
DE	NEW_OFMA	FR	P3_S13	0.00010971124679855636
DE	NEW_OFMA	FR	P3_S14	0.0035910872912969173
DE	NEW_OFMA	FR	P51G	0.0011029460981315537
DE	NEW_OFMA	FR	P5M	0.00012491590026057674
DE	NEW_OFMA	IT	P3_S13	1.3543693370337078e-5
DE	NEW_OFMA	IT	P3_S14	0.008381370204770597
DE	NEW_OFMA	IT	P51G	0.009807018417240602
DE	NEW_OFMA	IT	P5M	5.337633464951726e-6
DE	NEW_OFMA	PL	P3_S13	1.056908491466841e-5
DE	NEW_OFMA	PL	P3_S14	0.0037597702261133624
DE	NEW_OFMA	PL	P3_S15	4.521033728909544e-7
DE	NEW_OFMA	PL	P51G	0.00030018255961621797
DE	NEW_OFMA	PL	P5M	-0.00938911389089197
DE	NEW_OFMA	REU	P3_S13	0.0002465658911628652
DE	NEW_OFMA	REU	P3_S14	0.09237070036527026
DE	NEW_OFMA	REU	P3_S15	1.3583386337621211e-6
DE	NEW_OFMA	REU	P51G	0.1689365387534716
DE	NEW_OFMA	REU	P5M	0.0004287784278738963
DE	NEW_OFMA	ROW	P3_S13	0.0008356794350997377
DE	NEW_OFMA	ROW	P3_S14	0.10498473448287902
DE	NEW_OFMA	ROW	P3_S15	1.1534154913269619e-5
DE	NEW_OFMA	ROW	P51G	0.15247044441418114
DE	NEW_OFMA	ROW	P5M	0.0004948505653475954
DE	NEW_OFMA	SK	P3_S13	1.0765750015124223e-5
DE	NEW_OFMA	SK	P3_S14	6.822873598520252e-5
DE	NEW_OFMA	SK	P51G	0.00011330378147198605
DE	NEW_OFMA	SK	P5M	3.1053041095012866e-5
DE	NEW_RATV	DE	P3_S13	417.5668102438679
DE	NEW_RATV	DE	P3_S14	9014.120859645122
DE	NEW_RATV	DE	P3_S15	118.22444212391463
DE	NEW_RATV	DE	P51G	5890.977645935955
DE	NEW_RATV	DE	P5M	-6703.043766960413
DE	NEW_RATV	FR	P3_S13	8.617442167310767
DE	NEW_RATV	FR	P3_S14	426.63897828339867
DE	NEW_RATV	FR	P51G	289.95993027255895
DE	NEW_RATV	FR	P5M	33.307820407050436
DE	NEW_RATV	IT	P3_S13	0.4071063867931993
DE	NEW_RATV	IT	P3_S14	599.7609532216426
DE	NEW_RATV	IT	P51G	634.6986156483462
DE	NEW_RATV	IT	P5M	0.15928078933194043
DE	NEW_RATV	PL	P3_S13	0.4352294468043706
DE	NEW_RATV	PL	P3_S14	448.6638152705563
DE	NEW_RATV	PL	P3_S15	0.4062945368669063
DE	NEW_RATV	PL	P51G	238.02062783241112
DE	NEW_RATV	PL	P5M	47.44605995729318
DE	NEW_RATV	REU	P3_S13	27.60511532743266
DE	NEW_RATV	REU	P3_S14	2787.9338798113617
DE	NEW_RATV	REU	P3_S15	0.12546804027742775
DE	NEW_RATV	REU	P51G	4891.923085644218
DE	NEW_RATV	REU	P5M	182.2438059671581
DE	NEW_RATV	ROW	P3_S13	216.45980260088518
DE	NEW_RATV	ROW	P3_S14	2924.005764570813
DE	NEW_RATV	ROW	P3_S15	1.0889866115793119
DE	NEW_RATV	ROW	P51G	4351.517481982573
DE	NEW_RATV	ROW	P5M	344.00823889372555
DE	NEW_RATV	SK	P3_S13	0.3235171452165188
DE	NEW_RATV	SK	P3_S14	38.7394079813398
DE	NEW_RATV	SK	P51G	45.101844192875774
DE	NEW_RATV	SK	P5M	28.888276149722802
DE	OTHER_MANUFACTURING	DE	P3_S13	11942.533453706452
DE	OTHER_MANUFACTURING	DE	P3_S14	169483.41269073833
DE	OTHER_MANUFACTURING	DE	P3_S15	1225.7973124265013
DE	OTHER_MANUFACTURING	DE	P51G	96400.36052654596
DE	OTHER_MANUFACTURING	DE	P5M	-27013.400433372906
DE	OTHER_MANUFACTURING	FR	P3_S13	1467.414183681101
DE	OTHER_MANUFACTURING	FR	P3_S14	10994.407331953367
DE	OTHER_MANUFACTURING	FR	P51G	6145.824149426958
DE	OTHER_MANUFACTURING	FR	P5M	1406.6040239741978
DE	OTHER_MANUFACTURING	IT	P3_S13	202.2351507772971
DE	OTHER_MANUFACTURING	IT	P3_S14	8935.008922221281
DE	OTHER_MANUFACTURING	IT	P51G	6028.800576956592
DE	OTHER_MANUFACTURING	IT	P5M	74.27938343519877
DE	OTHER_MANUFACTURING	PL	P3_S13	149.157479609313
DE	OTHER_MANUFACTURING	PL	P3_S14	5657.609528312182
DE	OTHER_MANUFACTURING	PL	P3_S15	2.1518732866164876
DE	OTHER_MANUFACTURING	PL	P51G	3322.33082306111
DE	OTHER_MANUFACTURING	PL	P5M	504.8073168128774
DE	OTHER_MANUFACTURING	REU	P3_S13	2837.1824802020315
DE	OTHER_MANUFACTURING	REU	P3_S14	60145.1487122061
DE	OTHER_MANUFACTURING	REU	P3_S15	1.7613677146545448
DE	OTHER_MANUFACTURING	REU	P51G	56323.567095320315
DE	OTHER_MANUFACTURING	REU	P5M	4151.467519013814
DE	OTHER_MANUFACTURING	ROW	P3_S13	5260.940407809235
DE	OTHER_MANUFACTURING	ROW	P3_S14	45900.98047079843
DE	OTHER_MANUFACTURING	ROW	P3_S15	5.073125963988417
DE	OTHER_MANUFACTURING	ROW	P51G	64985.833336926844
DE	OTHER_MANUFACTURING	ROW	P5M	4599.088320472679
DE	OTHER_MANUFACTURING	SK	P3_S13	156.41895911599727
DE	OTHER_MANUFACTURING	SK	P3_S14	618.6670243479457
DE	OTHER_MANUFACTURING	SK	P51G	1163.1690124032866
DE	OTHER_MANUFACTURING	SK	P5M	278.84197491864126
DE	OTHER_SERVICES	DE	P3_S13	39237.47632811486
DE	OTHER_SERVICES	DE	P3_S14	564486.6750930428
DE	OTHER_SERVICES	DE	P3_S15	24689.35255503968
DE	OTHER_SERVICES	DE	P51G	140810.90935794846
DE	OTHER_SERVICES	DE	P5M	-726.5772024730875
DE	OTHER_SERVICES	FR	P3_S13	61.224354785377834
DE	OTHER_SERVICES	FR	P3_S14	1466.3845153611767
DE	OTHER_SERVICES	FR	P51G	3722.273062200087
DE	OTHER_SERVICES	FR	P5M	45.1587296750779
DE	OTHER_SERVICES	IT	P3_S13	1.613204096219905
DE	OTHER_SERVICES	IT	P3_S14	185.79229217340705
DE	OTHER_SERVICES	IT	P51G	577.0721865055524
DE	OTHER_SERVICES	IT	P5M	2.707339190464857
DE	OTHER_SERVICES	PL	P3_S13	4.275106777779694
DE	OTHER_SERVICES	PL	P3_S14	1269.156224162891
DE	OTHER_SERVICES	PL	P3_S15	1.4203264419045079
DE	OTHER_SERVICES	PL	P51G	191.5076565228575
DE	OTHER_SERVICES	PL	P5M	295.4998079994077
DE	OTHER_SERVICES	REU	P3_S13	291.1436512644914
DE	OTHER_SERVICES	REU	P3_S14	8867.891447653446
DE	OTHER_SERVICES	REU	P3_S15	5.487911776791824
DE	OTHER_SERVICES	REU	P51G	10448.984637019728
DE	OTHER_SERVICES	REU	P5M	321.3277479067095
DE	OTHER_SERVICES	ROW	P3_S13	2669.5395125295304
DE	OTHER_SERVICES	ROW	P3_S14	14785.598779029197
DE	OTHER_SERVICES	ROW	P3_S15	61.19339163868237
DE	OTHER_SERVICES	ROW	P51G	9795.81043941985
DE	OTHER_SERVICES	ROW	P5M	301.90069675322565
DE	OTHER_SERVICES	SK	P3_S13	2.082070441084702
DE	OTHER_SERVICES	SK	P3_S14	52.45320175628809
DE	OTHER_SERVICES	SK	P51G	84.58788377443454
DE	OTHER_SERVICES	SK	P5M	5.314215537606447
DE	PUBLIC_SOCIAL	DE	P3_S13	545249.1758743811
DE	PUBLIC_SOCIAL	DE	P3_S14	112616.80121378854
DE	PUBLIC_SOCIAL	DE	P3_S15	21112.122946269625
DE	PUBLIC_SOCIAL	DE	P51G	3689.033264934278
DE	PUBLIC_SOCIAL	DE	P5M	-9.719239017558868
DE	PUBLIC_SOCIAL	FR	P3_S13	9.1705801455197
DE	PUBLIC_SOCIAL	FR	P3_S14	17.731301664149555
DE	PUBLIC_SOCIAL	FR	P51G	36.20605141915651
DE	PUBLIC_SOCIAL	FR	P5M	1.4593009383105011
DE	PUBLIC_SOCIAL	IT	P3_S13	0.7424310670145462
DE	PUBLIC_SOCIAL	IT	P3_S14	3.419788327411113
DE	PUBLIC_SOCIAL	IT	P51G	6.71263475287851
DE	PUBLIC_SOCIAL	IT	P5M	0.8118566032414468
DE	PUBLIC_SOCIAL	PL	P3_S13	0.18302423161081752
DE	PUBLIC_SOCIAL	PL	P3_S14	35.29370454714652
DE	PUBLIC_SOCIAL	PL	P3_S15	0.053591411356123914
DE	PUBLIC_SOCIAL	PL	P51G	2.237693532792124
DE	PUBLIC_SOCIAL	PL	P5M	2.8936614920676447
DE	PUBLIC_SOCIAL	REU	P3_S13	32.902894054698606
DE	PUBLIC_SOCIAL	REU	P3_S14	150.75812566356592
DE	PUBLIC_SOCIAL	REU	P3_S15	1.1785465547738054
DE	PUBLIC_SOCIAL	REU	P51G	108.35265838074655
DE	PUBLIC_SOCIAL	REU	P5M	6.021030622556699
DE	PUBLIC_SOCIAL	ROW	P3_S13	604.5345350019971
DE	PUBLIC_SOCIAL	ROW	P3_S14	454.04601177531765
DE	PUBLIC_SOCIAL	ROW	P3_S15	6.325302038123248
DE	PUBLIC_SOCIAL	ROW	P51G	171.1157214974585
DE	PUBLIC_SOCIAL	ROW	P5M	20.903778605765424
DE	PUBLIC_SOCIAL	SK	P3_S13	0.036573890504786995
DE	PUBLIC_SOCIAL	SK	P3_S14	0.5514082240537508
DE	PUBLIC_SOCIAL	SK	P51G	0.9156716515030956
DE	PUBLIC_SOCIAL	SK	P5M	0.07846529952761176
DE	REC_EE	DE	P5M	0.009952054905693113
DE	REC_EE	FR	P5M	0.001139652454148047
DE	REC_EE	IT	P5M	3.5109785666378864e-5
DE	REC_EE	PL	P5M	0.007150312355321463
DE	REC_EE	REU	P5M	0.18859164003652135
DE	REC_EE	ROW	P3_S13	0.13567268273869396
DE	REC_EE	ROW	P3_S14	0.27564314404840373
DE	REC_EE	ROW	P3_S15	0.0097915996681332
DE	REC_EE	ROW	P51G	0.09613624838651974
DE	REC_EE	ROW	P5M	0.026787396711614602
DE	REC_EE	SK	P5M	0.0003195322807506495
DE	REF_ELMA	DE	P3_S13	100.33583084375464
DE	REF_ELMA	DE	P3_S14	1799.3895103448833
DE	REF_ELMA	DE	P3_S15	2.2842013097179463
DE	REF_ELMA	DE	P51G	806.5941870730985
DE	REF_ELMA	DE	P5M	36.54524730425888
DE	REF_ELMA	FR	P3_S13	0.2564602775519214
DE	REF_ELMA	FR	P3_S14	2.6859437596680515
DE	REF_ELMA	FR	P51G	5.723795932948621
DE	REF_ELMA	FR	P5M	0.39673792418880405
DE	REF_ELMA	IT	P3_S13	0.03534089961723114
DE	REF_ELMA	IT	P3_S14	2.4335524154111265
DE	REF_ELMA	IT	P51G	2.489137368389975
DE	REF_ELMA	IT	P5M	0.015928879013133796
DE	REF_ELMA	PL	P3_S13	0.024332016815616062
DE	REF_ELMA	PL	P3_S14	1.2738329597912985
DE	REF_ELMA	PL	P3_S15	0.0005379638867750065
DE	REF_ELMA	PL	P51G	0.6194071498568039
DE	REF_ELMA	PL	P5M	0.15829635162932063
DE	REF_ELMA	REU	P3_S13	2.3443684454179254
DE	REF_ELMA	REU	P3_S14	39.37863409425324
DE	REF_ELMA	REU	P3_S15	0.08208610491651874
DE	REF_ELMA	REU	P51G	32.1645109421884
DE	REF_ELMA	REU	P5M	2.1514412341007905
DE	REF_ELMA	ROW	P3_S13	8.273732904363602
DE	REF_ELMA	ROW	P3_S14	88.37311195757395
DE	REF_ELMA	ROW	P3_S15	0.039499239490344965
DE	REF_ELMA	ROW	P51G	77.58638489483745
DE	REF_ELMA	ROW	P5M	4.813916116998634
DE	REF_ELMA	SK	P3_S13	0.03160088460650022
DE	REF_ELMA	SK	P3_S14	0.17585314076962996
DE	REF_ELMA	SK	P51G	0.22111938994292238
DE	REF_ELMA	SK	P5M	0.05960062084199803
DE	REF_OFMA	DE	P3_S13	2.6551009390588642e-5
DE	REF_OFMA	DE	P3_S14	0.031883029427136785
DE	REF_OFMA	DE	P51G	0.004371552681806745
DE	REF_OFMA	DE	P5M	-0.0005899389532345268
DE	REF_OFMA	FR	P3_S13	6.304263821722459e-8
DE	REF_OFMA	FR	P3_S14	7.209152682188645e-6
DE	REF_OFMA	FR	P51G	5.971651441955694e-8
DE	REF_OFMA	FR	P5M	3.898590855420907e-8
DE	REF_OFMA	IT	P3_S13	1.848006042515487e-8
DE	REF_OFMA	IT	P3_S14	2.117014592100733e-5
DE	REF_OFMA	IT	P51G	2.0227769070200405e-5
DE	REF_OFMA	IT	P5M	1.4005803999460247e-8
DE	REF_OFMA	PL	P3_S14	6.871399377300817e-6
DE	REF_OFMA	PL	P5M	1.284406479558744e-9
DE	REF_OFMA	REU	P3_S13	5.144358556333334e-7
DE	REF_OFMA	REU	P3_S14	0.00020483032827000016
DE	REF_OFMA	REU	P3_S15	5.935787504712275e-9
DE	REF_OFMA	REU	P51G	0.00035850780226861806
DE	REF_OFMA	REU	P5M	-0.0006669800639313835
DE	REF_OFMA	ROW	P3_S13	3.834732285610168e-6
DE	REF_OFMA	ROW	P3_S14	0.00024263781850896436
DE	REF_OFMA	ROW	P3_S15	3.4891739709270865e-8
DE	REF_OFMA	ROW	P51G	0.00033494182790793454
DE	REF_OFMA	ROW	P5M	-0.0006719999290876986
DE	REF_OFMA	SK	P3_S13	1.2484753396217281e-8
DE	REF_OFMA	SK	P3_S14	1.1781747443785146e-7
DE	REF_OFMA	SK	P51G	8.643853151253192e-8
DE	REF_OFMA	SK	P5M	2.7486347490653503e-8
DE	REF_RATV	DE	P3_S13	102.99392148415582
DE	REF_RATV	DE	P3_S14	1843.6883175520359
DE	REF_RATV	DE	P3_S15	2.0402625352993633
DE	REF_RATV	DE	P51G	691.504722341658
DE	REF_RATV	DE	P5M	23.454347217434023
DE	REF_RATV	FR	P3_S13	0.24403708569611038
DE	REF_RATV	FR	P3_S14	2.544966557771365
DE	REF_RATV	FR	P51G	4.31312654486355
DE	REF_RATV	FR	P5M	0.33697916321908006
DE	REF_RATV	IT	P3_S13	0.03382676717879315
DE	REF_RATV	IT	P3_S14	2.3630165405873944
DE	REF_RATV	IT	P51G	2.01179601188229
DE	REF_RATV	IT	P5M	0.01542448432746807
DE	REF_RATV	PL	P3_S13	0.023129269264286607
DE	REF_RATV	PL	P3_S14	1.2087717992034481
DE	REF_RATV	PL	P3_S15	0.0004971225249082585
DE	REF_RATV	PL	P51G	0.5813254280847877
DE	REF_RATV	PL	P5M	0.1398275370006032
DE	REF_RATV	REU	P3_S13	2.3711965133950663
DE	REF_RATV	REU	P3_S14	39.5961010202915
DE	REF_RATV	REU	P3_S15	0.08435205865996194
DE	REF_RATV	REU	P51G	31.444460029423272
DE	REF_RATV	REU	P5M	2.215163184705151
DE	REF_RATV	ROW	P3_S13	8.26867147615753
DE	REF_RATV	ROW	P3_S14	89.12084452926477
DE	REF_RATV	ROW	P3_S15	0.03996173508156685
DE	REF_RATV	ROW	P51G	75.07422886030196
DE	REF_RATV	ROW	P5M	4.866414802559689
DE	REF_RATV	SK	P3_S13	0.02653042641125423
DE	REF_RATV	SK	P3_S14	0.16711953710577232
DE	REF_RATV	SK	P51G	0.2086404063772378
DE	REF_RATV	SK	P5M	0.05394774963462956
DE	REP_ELMA	DE	P3_S13	0.02285386274455527
DE	REP_ELMA	DE	P3_S14	16.73025096683853
DE	REP_ELMA	DE	P3_S15	0.0162608528558096
DE	REP_ELMA	DE	P51G	0.10532157068375599
DE	REP_ELMA	DE	P5M	-0.004496416569470523
DE	REP_ELMA	FR	P3_S13	0.00025948579537346566
DE	REP_ELMA	FR	P3_S14	0.002600427608966844
DE	REP_ELMA	FR	P51G	0.0033674155772007637
DE	REP_ELMA	FR	P5M	0.00023992055629311665
DE	REP_ELMA	IT	P3_S13	3.138549282164782e-5
DE	REP_ELMA	IT	P3_S14	0.0014499445641573386
DE	REP_ELMA	IT	P51G	0.0012762500538925808
DE	REP_ELMA	IT	P5M	1.2887898875783517e-5
DE	REP_ELMA	PL	P3_S13	2.5182178240860826e-5
DE	REP_ELMA	PL	P3_S14	0.0016753488439766706
DE	REP_ELMA	PL	P3_S15	1.2525224657793338e-6
DE	REP_ELMA	PL	P51G	0.0006195036848076869
DE	REP_ELMA	PL	P5M	-0.09321782879557898
DE	REP_ELMA	REU	P3_S13	0.0006144768084340564
DE	REP_ELMA	REU	P3_S14	0.021203508896102712
DE	REP_ELMA	REU	P3_S15	3.7848058461219545e-6
DE	REP_ELMA	REU	P51G	0.015229334583288047
DE	REP_ELMA	REU	P5M	0.0008297984576691311
DE	REP_ELMA	ROW	P3_S13	0.00253390202544647
DE	REP_ELMA	ROW	P3_S14	2.2692614458191906
DE	REP_ELMA	ROW	P3_S15	4.084807983499581e-5
DE	REP_ELMA	ROW	P51G	0.016063195710146933
DE	REP_ELMA	ROW	P5M	0.0008742397811518768
DE	REP_ELMA	SK	P3_S13	2.479044752745264e-5
DE	REP_ELMA	SK	P3_S14	0.00012580809046686456
DE	REP_ELMA	SK	P51G	0.00022912333413076472
DE	REP_ELMA	SK	P5M	4.4700421093961616e-5
DE	REP_OFMA	PL	P5M	-0.0009181851029568058
DE	REP_RATV	DE	P3_S13	0.0569687433445076
DE	REP_RATV	DE	P3_S14	41.56160710034277
DE	REP_RATV	DE	P3_S15	0.0404899834534026
DE	REP_RATV	DE	P51G	0.2628116339448703
DE	REP_RATV	DE	P5M	-0.011371542260328807
DE	REP_RATV	FR	P3_S13	0.0006557008114635762
DE	REP_RATV	FR	P3_S14	0.006546266316452934
DE	REP_RATV	FR	P51G	0.008423850333152105
DE	REP_RATV	FR	P5M	0.0006065939675873434
DE	REP_RATV	IT	P3_S13	7.947533895854884e-5
DE	REP_RATV	IT	P3_S14	0.003668481125343879
DE	REP_RATV	IT	P51G	0.0032169313786163567
DE	REP_RATV	IT	P5M	3.257639116459062e-5
DE	REP_RATV	PL	P3_S13	6.368022961001056e-5
DE	REP_RATV	PL	P3_S14	0.008936566897073438
DE	REP_RATV	PL	P3_S15	3.132280565179909e-6
DE	REP_RATV	PL	P51G	0.00156412162568047
DE	REP_RATV	PL	P5M	-0.2149654501986967
DE	REP_RATV	REU	P3_S13	0.0015484939393172153
DE	REP_RATV	REU	P3_S14	0.06949397595916841
DE	REP_RATV	REU	P3_S15	9.431856718831434e-6
DE	REP_RATV	REU	P51G	0.038283901423892694
DE	REP_RATV	REU	P5M	0.0020931791883814148
DE	REP_RATV	ROW	P3_S13	0.006342871642112324
DE	REP_RATV	ROW	P3_S14	5.643757958343627
DE	REP_RATV	ROW	P3_S15	0.0001017222978723572
DE	REP_RATV	ROW	P51G	0.04041634971180391
DE	REP_RATV	ROW	P5M	0.002206479312222486
DE	REP_RATV	SK	P3_S13	6.275213713023026e-5
DE	REP_RATV	SK	P3_S14	0.00031725633128651333
DE	REP_RATV	SK	P51G	0.0005780823678429874
DE	REP_RATV	SK	P5M	0.00011310917052124207
DE	REU_ELMA	DE	P3_S13	69.19911785761518
DE	REU_ELMA	DE	P3_S14	1373.0768330158844
DE	REU_ELMA	DE	P3_S15	0.11018139795879348
DE	REU_ELMA	DE	P51G	41.11575326981168
DE	REU_ELMA	DE	P5M	-0.4599020930901207
DE	REU_ELMA	FR	P3_S13	0.021623909954148514
DE	REU_ELMA	FR	P3_S14	0.3716226434576257
DE	REU_ELMA	FR	P51G	0.08619580753530073
DE	REU_ELMA	FR	P5M	0.01997498195946158
DE	REU_ELMA	IT	P3_S13	0.002385083749491494
DE	REU_ELMA	IT	P3_S14	0.17383235619319595
DE	REU_ELMA	IT	P51G	0.06969149332183386
DE	REU_ELMA	IT	P5M	0.0011880360304052547
DE	REU_ELMA	PL	P3_S13	0.0016074647219618352
DE	REU_ELMA	PL	P3_S14	0.604985305323997
DE	REU_ELMA	PL	P3_S15	3.0552826517514404e-5
DE	REU_ELMA	PL	P51G	0.03639736523469135
DE	REU_ELMA	PL	P5M	0.012175361946847398
DE	REU_ELMA	REU	P3_S13	0.052718676879911525
DE	REU_ELMA	REU	P3_S14	4.121730247640266
DE	REU_ELMA	REU	P3_S15	0.0006556196817662142
DE	REU_ELMA	REU	P51G	3.767342788791009
DE	REU_ELMA	REU	P5M	0.31672708480180023
DE	REU_ELMA	ROW	P3_S13	0.261029861091938
DE	REU_ELMA	ROW	P3_S14	13.150317799887162
DE	REU_ELMA	ROW	P3_S15	0.0016674395786127167
DE	REU_ELMA	ROW	P51G	2.855797559884043
DE	REU_ELMA	ROW	P5M	0.14818945104829476
DE	REU_ELMA	SK	P3_S13	0.002078206301123024
DE	REU_ELMA	SK	P3_S14	0.013269156484595424
DE	REU_ELMA	SK	P51G	0.013970356378861673
DE	REU_ELMA	SK	P5M	0.0034485204080955518
DE	REU_OFMA	DE	P3_S14	0.024044741560037483
DE	REU_OFMA	DE	P51G	2.7059223785593825e-5
DE	REU_OFMA	REU	P5M	-0.00762929030171762
DE	REU_OFMA	ROW	P5M	-0.007703357250594665
DE	REU_RATV	DE	P3_S13	116.63852312823249
DE	REU_RATV	DE	P3_S14	2245.835501583884
DE	REU_RATV	DE	P3_S15	0.17859496267068525
DE	REU_RATV	DE	P51G	68.0229054998419
DE	REU_RATV	DE	P5M	-0.7359978771195173
DE	REU_RATV	FR	P3_S13	0.03443110976212751
DE	REU_RATV	FR	P3_S14	0.40589130766180653
DE	REU_RATV	FR	P51G	0.13679960816693357
DE	REU_RATV	FR	P5M	0.0317713761423051
DE	REU_RATV	IT	P3_S13	0.0037670837612847536
DE	REU_RATV	IT	P3_S14	0.2794106157617355
DE	REU_RATV	IT	P51G	0.10997035392123725
DE	REU_RATV	IT	P5M	0.001898272383770143
DE	REU_RATV	PL	P3_S13	0.0025280113351392945
DE	REU_RATV	PL	P3_S14	0.445916476518634
DE	REU_RATV	PL	P3_S15	4.853550112378272e-5
DE	REU_RATV	PL	P51G	0.0570369911956539
DE	REU_RATV	PL	P5M	0.01275056757597975
DE	REU_RATV	REU	P3_S13	0.08458499069286643
DE	REU_RATV	REU	P3_S14	3.7724884194314026
DE	REU_RATV	REU	P3_S15	0.001078581956897865
DE	REU_RATV	REU	P51G	3.1192875637213806
DE	REU_RATV	REU	P5M	-0.23345828642638095
DE	REU_RATV	ROW	P3_S13	0.31215720177329875
DE	REU_RATV	ROW	P3_S14	9.48657963980697
DE	REU_RATV	ROW	P3_S15	0.0025209571994304664
DE	REU_RATV	ROW	P51G	3.1177859076008634
DE	REU_RATV	ROW	P5M	0.18079480357393385
DE	REU_RATV	SK	P3_S13	0.0032987502148566685
DE	REU_RATV	SK	P3_S14	0.02138175622543691
DE	REU_RATV	SK	P51G	0.022082749826996376
DE	REU_RATV	SK	P5M	0.005461767325302956
DE	TRADE	DE	P3_S13	8848.05213557801
DE	TRADE	DE	P3_S14	189435.63061249512
DE	TRADE	DE	P3_S15	52.060544659386224
DE	TRADE	DE	P51G	20458.944524885475
DE	TRADE	DE	P5M	-255.22812161113418
DE	TRADE	FR	P3_S13	40.15631518567672
DE	TRADE	FR	P3_S14	107.92182726643897
DE	TRADE	FR	P51G	60.47663972601759
DE	TRADE	FR	P5M	30.10578773446176
DE	TRADE	IT	P3_S13	1.2160736811093191
DE	TRADE	IT	P3_S14	85.8705718156009
DE	TRADE	IT	P51G	36.4276601370929
DE	TRADE	IT	P5M	0.5783848051653939
DE	TRADE	PL	P3_S13	0.8069323333725957
DE	TRADE	PL	P3_S14	41.268892892924185
DE	TRADE	PL	P3_S15	0.0157701307652896
DE	TRADE	PL	P51G	19.46412191755937
DE	TRADE	PL	P5M	4.058708139007638
DE	TRADE	REU	P3_S13	107.46442012173316
DE	TRADE	REU	P3_S14	1625.6237942388302
DE	TRADE	REU	P3_S15	3.262515171409609
DE	TRADE	REU	P51G	1327.7466402386444
DE	TRADE	REU	P5M	67.56975089720142
DE	TRADE	ROW	P3_S13	268.48649285293175
DE	TRADE	ROW	P3_S14	3794.335145633827
DE	TRADE	ROW	P3_S15	5.336424295361739
DE	TRADE	ROW	P51G	3041.1850034003633
DE	TRADE	ROW	P5M	319.5587940656033
DE	TRADE	SK	P3_S13	2.569395389805812
DE	TRADE	SK	P3_S14	7.05343740980544
DE	TRADE	SK	P51G	8.198471614749895
DE	TRADE	SK	P5M	2.846623068377763
DE	TRANSPORT	DE	P3_S13	2855.0757397109605
DE	TRANSPORT	DE	P3_S14	47258.408728622344
DE	TRANSPORT	DE	P3_S15	65.68128819391437
DE	TRANSPORT	DE	P51G	870.4525160240654
DE	TRANSPORT	DE	P5M	-5186.607113267195
DE	TRANSPORT	FR	P3_S13	2.806863654086442
DE	TRANSPORT	FR	P3_S14	440.9702707068129
DE	TRANSPORT	FR	P51G	20.261038981934746
DE	TRANSPORT	FR	P5M	1.1551444943748022
DE	TRANSPORT	IT	P3_S13	4.577214307836915
DE	TRANSPORT	IT	P3_S14	1105.6340744760091
DE	TRANSPORT	IT	P51G	53.10043404014975
DE	TRANSPORT	IT	P5M	3.4221023600537213
DE	TRANSPORT	PL	P3_S13	0.10721393930217184
DE	TRANSPORT	PL	P3_S14	38.914992735997444
DE	TRANSPORT	PL	P3_S15	0.005135070005970151
DE	TRANSPORT	PL	P51G	2.9793938435966187
DE	TRANSPORT	PL	P5M	1.429726674942582
DE	TRANSPORT	REU	P3_S13	88.81422095542035
DE	TRANSPORT	REU	P3_S14	3989.330500505468
DE	TRANSPORT	REU	P3_S15	0.08757537475609259
DE	TRANSPORT	REU	P51G	973.1592412912132
DE	TRANSPORT	REU	P5M	111.47730140411605
DE	TRANSPORT	ROW	P3_S13	843.1358152730915
DE	TRANSPORT	ROW	P3_S14	5847.799993275403
DE	TRANSPORT	ROW	P3_S15	6.451765428891286
DE	TRANSPORT	ROW	P51G	3575.4614312904314
DE	TRANSPORT	ROW	P5M	361.4887820629941
DE	TRANSPORT	SK	P3_S13	2.4074265502700216
DE	TRANSPORT	SK	P3_S14	28.40312878296842
DE	TRANSPORT	SK	P51G	21.34609249686432
DE	TRANSPORT	SK	P5M	6.38777549850936
DE	UTIL_WASTE	DE	P3_S13	1844.6524560798566
DE	UTIL_WASTE	DE	P3_S14	57173.332941250046
DE	UTIL_WASTE	DE	P3_S15	102.77333029028483
DE	UTIL_WASTE	DE	P51G	7564.075349296359
DE	UTIL_WASTE	DE	P5M	-5865.465446456629
DE	UTIL_WASTE	FR	P3_S13	1.2202917491321148
DE	UTIL_WASTE	FR	P3_S14	97.41486162603151
DE	UTIL_WASTE	FR	P51G	20.227279762265635
DE	UTIL_WASTE	FR	P5M	1.7355829374153635
DE	UTIL_WASTE	IT	P3_S13	0.11718675889414229
DE	UTIL_WASTE	IT	P3_S14	213.19694660184624
DE	UTIL_WASTE	IT	P51G	8.471138460639775
DE	UTIL_WASTE	IT	P5M	0.05357641321306318
DE	UTIL_WASTE	PL	P3_S13	0.09694882422572065
DE	UTIL_WASTE	PL	P3_S14	34.12078442354624
DE	UTIL_WASTE	PL	P3_S15	0.008868081824566793
DE	UTIL_WASTE	PL	P51G	5.945707294368567
DE	UTIL_WASTE	PL	P5M	6.150822896212721
DE	UTIL_WASTE	REU	P3_S13	11.29594182965274
DE	UTIL_WASTE	REU	P3_S14	441.06898556485754
DE	UTIL_WASTE	REU	P3_S15	0.6266539015694292
DE	UTIL_WASTE	REU	P51G	117.21553072301266
DE	UTIL_WASTE	REU	P5M	60.02324605991516
DE	UTIL_WASTE	ROW	P3_S13	60.11063193921761
DE	UTIL_WASTE	ROW	P3_S14	285.083788161735
DE	UTIL_WASTE	ROW	P3_S15	6.443361810206716
DE	UTIL_WASTE	ROW	P51G	123.99447139599907
DE	UTIL_WASTE	ROW	P5M	17.422043267548414
DE	UTIL_WASTE	SK	P3_S13	0.09515551564112311
DE	UTIL_WASTE	SK	P3_S14	9.450361934981444
DE	UTIL_WASTE	SK	P51G	1.6384220901372635
DE	UTIL_WASTE	SK	P5M	0.5478544288916177
FR	AGRI_FOOD	DE	P3_S13	5.952485123807343
FR	AGRI_FOOD	DE	P3_S14	2169.7165041667376
FR	AGRI_FOOD	DE	P51G	1.2329885171144959
FR	AGRI_FOOD	DE	P5M	149.982836203816
FR	AGRI_FOOD	FR	P3_S13	132.22335480810654
FR	AGRI_FOOD	FR	P3_S14	82243.94674583884
FR	AGRI_FOOD	FR	P51G	750.8124513676518
FR	AGRI_FOOD	FR	P5M	2295.538955268017
FR	AGRI_FOOD	IT	P3_S14	1590.2305570945227
FR	AGRI_FOOD	IT	P51G	14.410485180460299
FR	AGRI_FOOD	IT	P5M	87.99777663169603
FR	AGRI_FOOD	PL	P3_S14	211.0896698449281
FR	AGRI_FOOD	PL	P3_S15	0.008015674508953076
FR	AGRI_FOOD	PL	P51G	0.658998024102256
FR	AGRI_FOOD	PL	P5M	5.576837676223095
FR	AGRI_FOOD	REU	P3_S13	2.0132570963444096
FR	AGRI_FOOD	REU	P3_S14	10315.339088748204
FR	AGRI_FOOD	REU	P3_S15	0.16599205621579088
FR	AGRI_FOOD	REU	P51G	57.15752181723523
FR	AGRI_FOOD	REU	P5M	72.96511940236194
FR	AGRI_FOOD	ROW	P3_S13	261.17220425126055
FR	AGRI_FOOD	ROW	P3_S14	10695.298938534588
FR	AGRI_FOOD	ROW	P3_S15	4.06591582604369
FR	AGRI_FOOD	ROW	P51G	85.29120626757552
FR	AGRI_FOOD	ROW	P5M	30.063971581174172
FR	AGRI_FOOD	SK	P3_S14	52.63596324600045
FR	AGRI_FOOD	SK	P51G	2.317872163942418
FR	AGRI_FOOD	SK	P5M	-0.16924099177563978
FR	BASIC_METALS	DE	P51G	47.04993844507587
FR	BASIC_METALS	DE	P5M	-126.93157601146501
FR	BASIC_METALS	FR	P3_S14	6.949019305451636
FR	BASIC_METALS	FR	P51G	29.23810222820902
FR	BASIC_METALS	FR	P5M	-13.077622111371298
FR	BASIC_METALS	IT	P51G	0.28265032248942623
FR	BASIC_METALS	PL	P3_S14	1.3536083117078188
FR	BASIC_METALS	PL	P5M	6.2537646599538
FR	BASIC_METALS	REU	P3_S14	10.114737648804482
FR	BASIC_METALS	REU	P51G	7.3762951952753815
FR	BASIC_METALS	REU	P5M	2.4752896311320223
FR	BASIC_METALS	ROW	P3_S14	12.632379640799902
FR	BASIC_METALS	ROW	P51G	21.826013341670908
FR	BASIC_METALS	ROW	P5M	28.257549145577222
FR	BASIC_METALS	SK	P3_S14	0.02999782542124303
FR	BASIC_METALS	SK	P5M	-2.6894793855728656
FR	CONSTRUCTION	FR	P3_S14	17647.966539937595
FR	CONSTRUCTION	FR	P51G	191918.2421874886
FR	CONSTRUCTION	FR	P5M	-305.25144055985453
FR	EXTRACTIVE	DE	P3_S13	0.14336959313349193
FR	EXTRACTIVE	DE	P3_S14	4.483434915433947
FR	EXTRACTIVE	DE	P5M	-9.075777797601862
FR	EXTRACTIVE	FR	P3_S14	5.783240449614988
FR	EXTRACTIVE	FR	P5M	-48.28707433739856
FR	EXTRACTIVE	IT	P3_S14	11.878205236787196
FR	EXTRACTIVE	PL	P3_S14	0.09357003402330205
FR	EXTRACTIVE	PL	P5M	-1.0565406146206835
FR	EXTRACTIVE	REU	P3_S13	0.000927460481072444
FR	EXTRACTIVE	REU	P3_S14	2.869818481714332
FR	EXTRACTIVE	REU	P51G	9.993602892355808
FR	EXTRACTIVE	REU	P5M	-11.002612597192105
FR	EXTRACTIVE	ROW	P3_S13	0.5696662825572973
FR	EXTRACTIVE	ROW	P3_S14	11.94190797189791
FR	EXTRACTIVE	ROW	P51G	6.2124757461636575
FR	EXTRACTIVE	ROW	P5M	0.3059112802846429
FR	EXTRACTIVE	SK	P3_S14	0.021997980192048114
FR	EXTRACTIVE	SK	P5M	-0.11745165861072614
FR	INC_EE	FR	P3_S14	17.770292711779867
FR	INC_EE	REU	P3_S14	0.033664688036525
FR	INC_EE	REU	P51G	0.0003639835025623803
FR	INC_EE	REU	P5M	-0.023765572366047403
FR	INC_EE	ROW	P3_S13	0.07209964072284215
FR	INC_EE	ROW	P3_S14	0.12068729204469027
FR	INC_EE	ROW	P3_S15	0.0006732361890131356
FR	INC_EE	ROW	P51G	0.0027886159417162344
FR	INC_EE	ROW	P5M	0.0006936280287265961
FR	METAL_COMPONENTS	DE	P3_S14	47.834352411586856
FR	METAL_COMPONENTS	DE	P51G	192.7730685192423
FR	METAL_COMPONENTS	DE	P5M	45.689266657278154
FR	METAL_COMPONENTS	FR	P3_S14	1014.4627801164429
FR	METAL_COMPONENTS	FR	P51G	3725.153336116238
FR	METAL_COMPONENTS	FR	P5M	305.71420136968186
FR	METAL_COMPONENTS	IT	P3_S14	46.36713636775215
FR	METAL_COMPONENTS	IT	P51G	26.93254532873441
FR	METAL_COMPONENTS	PL	P3_S14	8.067571855415661
FR	METAL_COMPONENTS	PL	P51G	13.576778881361346
FR	METAL_COMPONENTS	PL	P5M	4.773471992026369
FR	METAL_COMPONENTS	REU	P3_S13	0.3927954291409144
FR	METAL_COMPONENTS	REU	P3_S14	307.90137828847935
FR	METAL_COMPONENTS	REU	P51G	457.79686246528695
FR	METAL_COMPONENTS	REU	P5M	0.6839712495753579
FR	METAL_COMPONENTS	ROW	P3_S13	1.8740899616526834
FR	METAL_COMPONENTS	ROW	P3_S14	398.2091135710272
FR	METAL_COMPONENTS	ROW	P51G	583.7662172282475
FR	METAL_COMPONENTS	ROW	P5M	73.76824658218358
FR	METAL_COMPONENTS	SK	P3_S14	3.535688947528982
FR	METAL_COMPONENTS	SK	P51G	2.66296270269822
FR	METAL_COMPONENTS	SK	P5M	4.16297599302186
FR	NEW_ELMA	DE	P3_S14	118.96835336454748
FR	NEW_ELMA	DE	P51G	193.64668502563453
FR	NEW_ELMA	DE	P5M	55.9262416836323
FR	NEW_ELMA	FR	P3_S14	609.9599730206926
FR	NEW_ELMA	FR	P51G	270.7745195861904
FR	NEW_ELMA	FR	P5M	116.98407222584035
FR	NEW_ELMA	IT	P3_S14	153.0544749554922
FR	NEW_ELMA	IT	P51G	113.93581003543845
FR	NEW_ELMA	PL	P3_S13	0.008122271747183732
FR	NEW_ELMA	PL	P3_S14	30.90835537552877
FR	NEW_ELMA	PL	P3_S15	0.01914808944301515
FR	NEW_ELMA	PL	P51G	23.055891205444684
FR	NEW_ELMA	PL	P5M	10.560010043140512
FR	NEW_ELMA	REU	P3_S13	0.9020294676347401
FR	NEW_ELMA	REU	P3_S14	898.9715931428044
FR	NEW_ELMA	REU	P3_S15	0.004780733252057666
FR	NEW_ELMA	REU	P51G	828.1181550973027
FR	NEW_ELMA	REU	P5M	87.87097876022251
FR	NEW_ELMA	ROW	P3_S13	6.2895201983150715
FR	NEW_ELMA	ROW	P3_S14	1049.7278172823928
FR	NEW_ELMA	ROW	P3_S15	0.005193128978061743
FR	NEW_ELMA	ROW	P51G	1083.578460992441
FR	NEW_ELMA	ROW	P5M	168.25738361827933
FR	NEW_ELMA	SK	P3_S14	5.114906896534763
FR	NEW_ELMA	SK	P51G	6.072684118118295
FR	NEW_ELMA	SK	P5M	3.2420300398797655
FR	NEW_OFMA	FR	P3_S14	0.0035613922988388513
FR	NEW_OFMA	REU	P3_S14	0.028814442519851408
FR	NEW_OFMA	REU	P51G	0.07588575188403321
FR	NEW_OFMA	ROW	P3_S14	0.051545444700562555
FR	NEW_OFMA	ROW	P51G	0.07830903038556028
FR	NEW_RATV	DE	P3_S13	6.052693473461496
FR	NEW_RATV	DE	P3_S14	238.5069536331118
FR	NEW_RATV	DE	P51G	318.8882823328082
FR	NEW_RATV	DE	P5M	302.9098875826138
FR	NEW_RATV	FR	P3_S13	24.13487962432746
FR	NEW_RATV	FR	P3_S14	471.5202712798623
FR	NEW_RATV	FR	P51G	301.8177659692701
FR	NEW_RATV	FR	P5M	135.89234587012214
FR	NEW_RATV	IT	P3_S14	307.3726145037581
FR	NEW_RATV	IT	P51G	328.72920739895756
FR	NEW_RATV	PL	P3_S13	0.006470704894628676
FR	NEW_RATV	PL	P3_S14	56.74630949129774
FR	NEW_RATV	PL	P3_S15	0.041888136435692204
FR	NEW_RATV	PL	P51G	30.236490775590795
FR	NEW_RATV	PL	P5M	5.8427975645678885
FR	NEW_RATV	REU	P3_S13	4.772415153600877
FR	NEW_RATV	REU	P3_S14	903.1502351141015
FR	NEW_RATV	REU	P3_S15	0.0031322004136079425
FR	NEW_RATV	REU	P51G	1807.7012360215883
FR	NEW_RATV	REU	P5M	83.48629658816841
FR	NEW_RATV	ROW	P3_S13	90.30511068931692
FR	NEW_RATV	ROW	P3_S14	1181.9044279640082
FR	NEW_RATV	ROW	P3_S15	0.3151805509629997
FR	NEW_RATV	ROW	P51G	1778.1159510332084
FR	NEW_RATV	ROW	P5M	165.40037226603098
FR	NEW_RATV	SK	P3_S14	5.95529294330766
FR	NEW_RATV	SK	P51G	6.767245877246216
FR	NEW_RATV	SK	P5M	4.535074975311729
FR	OTHER_MANUFACTURING	DE	P3_S13	524.0526829782087
FR	OTHER_MANUFACTURING	DE	P3_S14	4424.137280537105
FR	OTHER_MANUFACTURING	DE	P51G	12310.219154557923
FR	OTHER_MANUFACTURING	DE	P5M	-226.84851264929168
FR	OTHER_MANUFACTURING	FR	P3_S13	2395.8071643232433
FR	OTHER_MANUFACTURING	FR	P3_S14	36246.57354389155
FR	OTHER_MANUFACTURING	FR	P51G	14273.148860724026
FR	OTHER_MANUFACTURING	FR	P5M	2532.8037765650784
FR	OTHER_MANUFACTURING	IT	P3_S13	221.0336809969459
FR	OTHER_MANUFACTURING	IT	P3_S14	4818.271602399907
FR	OTHER_MANUFACTURING	IT	P51G	2418.5754579578334
FR	OTHER_MANUFACTURING	IT	P5M	40.69005225076153
FR	OTHER_MANUFACTURING	PL	P3_S13	50.33529736635935
FR	OTHER_MANUFACTURING	PL	P3_S14	877.356362126917
FR	OTHER_MANUFACTURING	PL	P3_S15	0.557074626935966
FR	OTHER_MANUFACTURING	PL	P51G	522.3193073290178
FR	OTHER_MANUFACTURING	PL	P5M	66.85111001049992
FR	OTHER_MANUFACTURING	REU	P3_S13	1262.7202140090146
FR	OTHER_MANUFACTURING	REU	P3_S14	22026.331311294158
FR	OTHER_MANUFACTURING	REU	P3_S15	0.42212123530589896
FR	OTHER_MANUFACTURING	REU	P51G	29667.701864634793
FR	OTHER_MANUFACTURING	REU	P5M	1983.3648521600628
FR	OTHER_MANUFACTURING	ROW	P3_S13	3995.986757636177
FR	OTHER_MANUFACTURING	ROW	P3_S14	23116.00414955098
FR	OTHER_MANUFACTURING	ROW	P3_S15	1.6143215316271786
FR	OTHER_MANUFACTURING	ROW	P51G	28863.146151158428
FR	OTHER_MANUFACTURING	ROW	P5M	2846.649330823464
FR	OTHER_MANUFACTURING	SK	P3_S13	59.027947670924156
FR	OTHER_MANUFACTURING	SK	P3_S14	115.2595664016739
FR	OTHER_MANUFACTURING	SK	P51G	181.6995339262573
FR	OTHER_MANUFACTURING	SK	P5M	46.50650538489157
FR	OTHER_SERVICES	DE	P3_S13	4.2174675391748835
FR	OTHER_SERVICES	DE	P3_S14	842.6548833687491
FR	OTHER_SERVICES	DE	P51G	1453.2437028690558
FR	OTHER_SERVICES	DE	P5M	85.93445955297675
FR	OTHER_SERVICES	FR	P3_S13	54483.78315133064
FR	OTHER_SERVICES	FR	P3_S14	444685.4036484812
FR	OTHER_SERVICES	FR	P3_S15	22956.089376035685
FR	OTHER_SERVICES	FR	P51G	148984.88616522864
FR	OTHER_SERVICES	FR	P5M	1001.7851291548764
FR	OTHER_SERVICES	IT	P3_S13	0.00013761218245643685
FR	OTHER_SERVICES	IT	P3_S14	125.90008367902492
FR	OTHER_SERVICES	IT	P51G	509.85835399776136
FR	OTHER_SERVICES	IT	P5M	7.2393408768633
FR	OTHER_SERVICES	PL	P3_S13	0.25960971287129103
FR	OTHER_SERVICES	PL	P3_S14	328.39028516657214
FR	OTHER_SERVICES	PL	P3_S15	2.420608291886126e-6
FR	OTHER_SERVICES	PL	P51G	94.76239115104377
FR	OTHER_SERVICES	PL	P5M	73.02579892268965
FR	OTHER_SERVICES	REU	P3_S13	121.88837704646937
FR	OTHER_SERVICES	REU	P3_S14	5591.192552332346
FR	OTHER_SERVICES	REU	P3_S15	3.100492310829275
FR	OTHER_SERVICES	REU	P51G	6473.34271206213
FR	OTHER_SERVICES	REU	P5M	123.75416643594454
FR	OTHER_SERVICES	ROW	P3_S13	2120.8751340667554
FR	OTHER_SERVICES	ROW	P3_S14	11649.534761851884
FR	OTHER_SERVICES	ROW	P3_S15	133.25269827889107
FR	OTHER_SERVICES	ROW	P51G	6402.731084657942
FR	OTHER_SERVICES	ROW	P5M	244.66958701841912
FR	OTHER_SERVICES	SK	P3_S13	1.1507213029905967
FR	OTHER_SERVICES	SK	P3_S14	11.847694914331662
FR	OTHER_SERVICES	SK	P51G	23.436933145496415
FR	OTHER_SERVICES	SK	P5M	4.897330245961427
FR	PUBLIC_SOCIAL	DE	P3_S13	61.86798184442331
FR	PUBLIC_SOCIAL	DE	P3_S14	38.36853696584122
FR	PUBLIC_SOCIAL	DE	P51G	33.127109462860375
FR	PUBLIC_SOCIAL	DE	P5M	2.013090972267478
FR	PUBLIC_SOCIAL	FR	P3_S13	447694.0108686733
FR	PUBLIC_SOCIAL	FR	P3_S14	68578.25612893171
FR	PUBLIC_SOCIAL	FR	P3_S15	27185.816712664848
FR	PUBLIC_SOCIAL	FR	P51G	2014.1940827688056
FR	PUBLIC_SOCIAL	FR	P5M	17.932630787237688
FR	PUBLIC_SOCIAL	IT	P3_S13	0.26191513914591874
FR	PUBLIC_SOCIAL	IT	P3_S14	23.85636214461736
FR	PUBLIC_SOCIAL	IT	P51G	10.438304835145534
FR	PUBLIC_SOCIAL	IT	P5M	0.24487150224497198
FR	PUBLIC_SOCIAL	PL	P3_S13	0.07254461194736615
FR	PUBLIC_SOCIAL	PL	P3_S14	32.57125667704338
FR	PUBLIC_SOCIAL	PL	P3_S15	0.000969977176406205
FR	PUBLIC_SOCIAL	PL	P51G	1.9921107543421566
FR	PUBLIC_SOCIAL	PL	P5M	1.0311766803847384
FR	PUBLIC_SOCIAL	REU	P3_S13	65.79403757174703
FR	PUBLIC_SOCIAL	REU	P3_S14	376.4964930637604
FR	PUBLIC_SOCIAL	REU	P3_S15	2.7397051540909185
FR	PUBLIC_SOCIAL	REU	P51G	123.26152755481286
FR	PUBLIC_SOCIAL	REU	P5M	5.228610403780652
FR	PUBLIC_SOCIAL	ROW	P3_S13	37.922433112427306
FR	PUBLIC_SOCIAL	ROW	P3_S14	384.74557054782895
FR	PUBLIC_SOCIAL	ROW	P3_S15	4.68197049864342
FR	PUBLIC_SOCIAL	ROW	P51G	127.45976022365556
FR	PUBLIC_SOCIAL	ROW	P5M	8.774670865104724
FR	PUBLIC_SOCIAL	SK	P3_S13	0.09274765822803387
FR	PUBLIC_SOCIAL	SK	P3_S14	0.685290356507925
FR	PUBLIC_SOCIAL	SK	P51G	0.5636063937740449
FR	PUBLIC_SOCIAL	SK	P5M	0.14536921096659858
FR	REC_EE	REU	P5M	-0.02848632808647611
FR	REC_EE	ROW	P3_S13	0.0864549307949083
FR	REC_EE	ROW	P3_S14	0.1447069096687978
FR	REC_EE	ROW	P3_S15	0.000814051601986226
FR	REC_EE	ROW	P51G	0.0033493318137286492
FR	REC_EE	ROW	P5M	0.0008387086393077715
FR	REF_ELMA	DE	P3_S14	0.005931200095469466
FR	REF_ELMA	DE	P5M	0.1766847461726557
FR	REF_ELMA	FR	P3_S13	42.909402072068715
FR	REF_ELMA	FR	P3_S14	318.9981460925338
FR	REF_ELMA	FR	P51G	163.8167917074444
FR	REF_ELMA	FR	P5M	2.71837514353917
FR	REF_ELMA	IT	P51G	0.20661517298668683
FR	REF_ELMA	REU	P3_S13	0.5791284416046666
FR	REF_ELMA	REU	P3_S14	8.054067444708503
FR	REF_ELMA	REU	P3_S15	0.02092646002451287
FR	REF_ELMA	REU	P51G	6.135211655405618
FR	REF_ELMA	REU	P5M	0.5823076965625554
FR	REF_ELMA	ROW	P3_S13	1.8396642752298824
FR	REF_ELMA	ROW	P3_S14	26.80591195699041
FR	REF_ELMA	ROW	P3_S15	0.0033089200139169573
FR	REF_ELMA	ROW	P51G	17.64169903331682
FR	REF_ELMA	ROW	P5M	1.3123079798250958
FR	REF_RATV	DE	P3_S14	0.01801262699783922
FR	REF_RATV	DE	P5M	0.3786849151507799
FR	REF_RATV	FR	P3_S13	43.356585737905995
FR	REF_RATV	FR	P3_S14	323.0972218821713
FR	REF_RATV	FR	P51G	218.14852296033965
FR	REF_RATV	FR	P5M	4.3708995967351365
FR	REF_RATV	IT	P51G	0.4412924082804509
FR	REF_RATV	REU	P3_S13	0.589068436442527
FR	REF_RATV	REU	P3_S14	8.14186998060659
FR	REF_RATV	REU	P3_S15	0.02150154294509933
FR	REF_RATV	REU	P51G	6.497330244472109
FR	REF_RATV	REU	P5M	0.5894199115999991
FR	REF_RATV	ROW	P3_S13	1.9494386407054884
FR	REF_RATV	ROW	P3_S14	27.58578927701609
FR	REF_RATV	ROW	P3_S15	0.003518187107016292
FR	REF_RATV	ROW	P51G	19.298738701818603
FR	REF_RATV	ROW	P5M	1.3320092933270613
FR	REP_ELMA	FR	P3_S14	16.315402752295263
FR	REP_ELMA	FR	P51G	7.767546438044508
FR	REP_ELMA	FR	P5M	0.22385581748484779
FR	REP_ELMA	PL	P5M	-0.07355190353000686
FR	REP_ELMA	ROW	P3_S14	0.026035222930141013
FR	REP_OFMA	PL	P5M	-0.1163154452826964
FR	REP_RATV	FR	P3_S14	16.686183956137572
FR	REP_RATV	FR	P51G	7.944430792142327
FR	REP_RATV	FR	P5M	0.22959832392699306
FR	REP_RATV	PL	P5M	-0.07464472736821187
FR	REP_RATV	ROW	P3_S14	0.02701991600340686
FR	REU_ELMA	DE	P3_S13	0.015781925795838148
FR	REU_ELMA	DE	P3_S14	0.13755214395657225
FR	REU_ELMA	DE	P51G	0.017738552957970898
FR	REU_ELMA	DE	P5M	0.02954878272322786
FR	REU_ELMA	FR	P3_S13	29.036692483851255
FR	REU_ELMA	FR	P3_S14	314.57441561185567
FR	REU_ELMA	FR	P51G	3.856636077192803
FR	REU_ELMA	FR	P5M	0.019966962931664136
FR	REU_ELMA	IT	P3_S13	0.001731587932121365
FR	REU_ELMA	IT	P3_S14	0.006598168401063742
FR	REU_ELMA	IT	P51G	0.0054029936276650285
FR	REU_ELMA	IT	P5M	0.00467105998283992
FR	REU_ELMA	PL	P3_S14	0.013805639409268454
FR	REU_ELMA	REU	P3_S13	0.09235469369054077
FR	REU_ELMA	REU	P3_S14	0.7000724955468873
FR	REU_ELMA	REU	P51G	0.3838104834897314
FR	REU_ELMA	REU	P5M	0.16023717114856453
FR	REU_ELMA	ROW	P3_S13	0.12062685686954118
FR	REU_ELMA	ROW	P3_S14	3.599059530492389
FR	REU_ELMA	ROW	P51G	0.508087885475004
FR	REU_ELMA	ROW	P5M	0.05799970500387619
FR	REU_RATV	DE	P3_S13	0.01508326364113147
FR	REU_RATV	DE	P3_S14	0.12280546927473422
FR	REU_RATV	DE	P51G	0.01699802008756762
FR	REU_RATV	DE	P5M	0.028542494424671976
FR	REU_RATV	FR	P3_S13	28.17500395543974
FR	REU_RATV	FR	P3_S14	306.3486213657244
FR	REU_RATV	FR	P51G	3.7631703307590674
FR	REU_RATV	FR	P5M	0.01919106683989447
FR	REU_RATV	IT	P3_S13	0.0012981216331880278
FR	REU_RATV	IT	P3_S14	0.006149424223585258
FR	REU_RATV	IT	P51G	0.004985567318878469
FR	REU_RATV	IT	P5M	0.004203931825255308
FR	REU_RATV	PL	P3_S14	0.011210562273539304
FR	REU_RATV	REU	P3_S13	0.08984435449660655
FR	REU_RATV	REU	P3_S14	0.660265801388797
FR	REU_RATV	REU	P51G	0.35472159893569144
FR	REU_RATV	REU	P5M	0.14867484226911684
FR	REU_RATV	ROW	P3_S13	0.11590842066317511
FR	REU_RATV	ROW	P3_S14	3.3390435049445037
FR	REU_RATV	ROW	P51G	0.4773486627098055
FR	REU_RATV	ROW	P5M	0.05575475754900401
FR	TRADE	DE	P3_S13	9.766340135532523
FR	TRADE	DE	P3_S14	297.6637020113454
FR	TRADE	DE	P51G	10.447130530881019
FR	TRADE	DE	P5M	14.766159820337924
FR	TRADE	FR	P3_S13	14372.327241369474
FR	TRADE	FR	P3_S14	177519.40822911754
FR	TRADE	FR	P51G	17053.85820552943
FR	TRADE	FR	P5M	115.30650994715958
FR	TRADE	IT	P3_S13	5.449036624644108
FR	TRADE	IT	P3_S14	5.710954129295434
FR	TRADE	IT	P51G	5.202618983665125
FR	TRADE	IT	P5M	6.0008016549155165
FR	TRADE	PL	P5M	0.04347544525714694
FR	TRADE	REU	P3_S13	106.84420511815597
FR	TRADE	REU	P3_S14	1017.0490145727395
FR	TRADE	REU	P3_S15	4.98548842202244
FR	TRADE	REU	P51G	723.0152244350332
FR	TRADE	REU	P5M	100.67305726942871
FR	TRADE	ROW	P3_S13	198.87413326101702
FR	TRADE	ROW	P3_S14	3509.1110805986964
FR	TRADE	ROW	P3_S15	5.16917134389758
FR	TRADE	ROW	P51G	1993.413043817847
FR	TRADE	ROW	P5M	224.06739815705487
FR	TRADE	SK	P3_S13	1.0538524143860135
FR	TRADE	SK	P3_S14	0.7072952335627227
FR	TRADE	SK	P51G	0.6244567711725431
FR	TRADE	SK	P5M	0.6479735952805784
FR	TRANSPORT	DE	P3_S13	0.07950231553832503
FR	TRANSPORT	DE	P3_S14	196.1939506600039
FR	TRANSPORT	DE	P5M	83.18482628290641
FR	TRANSPORT	FR	P3_S13	3088.770060177414
FR	TRANSPORT	FR	P3_S14	36338.8421938791
FR	TRANSPORT	FR	P51G	834.2224216375831
FR	TRANSPORT	IT	P3_S14	770.1462043339865
FR	TRANSPORT	IT	P51G	15.898420720577928
FR	TRANSPORT	PL	P3_S13	3.049023905931044
FR	TRANSPORT	PL	P3_S14	29.9029061956332
FR	TRANSPORT	PL	P3_S15	0.022307686392634064
FR	TRANSPORT	PL	P51G	28.544592214451878
FR	TRANSPORT	PL	P5M	9.614411172095279
FR	TRANSPORT	REU	P3_S13	87.07370441989328
FR	TRANSPORT	REU	P3_S14	3356.525173387039
FR	TRANSPORT	REU	P3_S15	0.04242900007992068
FR	TRANSPORT	REU	P51G	842.8681553162046
FR	TRANSPORT	REU	P5M	63.203458123623946
FR	TRANSPORT	ROW	P3_S13	1192.4105650533886
FR	TRANSPORT	ROW	P3_S14	7591.827981175946
FR	TRANSPORT	ROW	P3_S15	8.860923920299317
FR	TRANSPORT	ROW	P51G	2771.391535082252
FR	TRANSPORT	ROW	P5M	310.70394684254694
FR	TRANSPORT	SK	P3_S13	2.9762165917046906
FR	TRANSPORT	SK	P3_S14	14.269057090205811
FR	TRANSPORT	SK	P51G	9.42173398399601
FR	TRANSPORT	SK	P5M	2.9572901968758116
FR	UTIL_WASTE	DE	P3_S13	1.2464957384551578
FR	UTIL_WASTE	DE	P3_S14	56.205184046791956
FR	UTIL_WASTE	DE	P5M	-6.520064789722852
FR	UTIL_WASTE	FR	P3_S14	38684.6871609013
FR	UTIL_WASTE	IT	P3_S14	123.71878254978148
FR	UTIL_WASTE	PL	P3_S14	2.6993141252118327
FR	UTIL_WASTE	PL	P5M	0.24689292121355044
FR	UTIL_WASTE	REU	P3_S13	6.617566458003875
FR	UTIL_WASTE	REU	P3_S14	145.3871076013073
FR	UTIL_WASTE	REU	P3_S15	0.2885970214016314
FR	UTIL_WASTE	REU	P51G	3.3161207051043933
FR	UTIL_WASTE	REU	P5M	-6.934017875739372
FR	UTIL_WASTE	ROW	P3_S13	38.1789093830531
FR	UTIL_WASTE	ROW	P3_S14	115.72302613858915
FR	UTIL_WASTE	ROW	P3_S15	3.7281034159367663
FR	UTIL_WASTE	ROW	P51G	3.0068163692506364
FR	UTIL_WASTE	ROW	P5M	3.3174330415725546
FR	UTIL_WASTE	SK	P3_S14	3.0615896876556414
FR	UTIL_WASTE	SK	P5M	-0.05004654640182012
IT	AGRI_FOOD	DE	P3_S13	8.517446967001192
IT	AGRI_FOOD	DE	P3_S14	2663.4600825305715
IT	AGRI_FOOD	DE	P51G	10.204360797644751
IT	AGRI_FOOD	DE	P5M	191.41976964206833
IT	AGRI_FOOD	FR	P3_S13	7.843835106356713
IT	AGRI_FOOD	FR	P3_S14	2255.315232953331
IT	AGRI_FOOD	FR	P51G	18.767065669815366
IT	AGRI_FOOD	FR	P5M	48.741931125023704
IT	AGRI_FOOD	IT	P3_S13	848.0189506335712
IT	AGRI_FOOD	IT	P3_S14	66617.85954918168
IT	AGRI_FOOD	IT	P3_S15	24.633171943343555
IT	AGRI_FOOD	IT	P51G	943.3357408248153
IT	AGRI_FOOD	IT	P5M	2410.8522289002144
IT	AGRI_FOOD	PL	P3_S13	0.059701197937930446
IT	AGRI_FOOD	PL	P3_S14	315.89925683274436
IT	AGRI_FOOD	PL	P3_S15	0.018530373797794115
IT	AGRI_FOOD	PL	P51G	2.8774262634886765
IT	AGRI_FOOD	PL	P5M	9.517738275967142
IT	AGRI_FOOD	REU	P3_S13	7.846439093418597
IT	AGRI_FOOD	REU	P3_S14	8305.545093152172
IT	AGRI_FOOD	REU	P3_S15	0.34621370815869645
IT	AGRI_FOOD	REU	P51G	67.38528049307469
IT	AGRI_FOOD	REU	P5M	86.97420826385954
IT	AGRI_FOOD	ROW	P3_S13	176.6355430602532
IT	AGRI_FOOD	ROW	P3_S14	7816.313753844935
IT	AGRI_FOOD	ROW	P3_S15	3.0481801815086156
IT	AGRI_FOOD	ROW	P51G	98.8973017110624
IT	AGRI_FOOD	ROW	P5M	32.99982034056229
IT	AGRI_FOOD	SK	P3_S13	0.07942025769316972
IT	AGRI_FOOD	SK	P3_S14	89.65478424795069
IT	AGRI_FOOD	SK	P51G	5.242966284204102
IT	AGRI_FOOD	SK	P5M	-0.09241796617180033
IT	BASIC_METALS	DE	P3_S13	1.5363717783354833
IT	BASIC_METALS	DE	P3_S14	18.444754898521726
IT	BASIC_METALS	DE	P51G	89.5619457813574
IT	BASIC_METALS	DE	P5M	-72.72638693057785
IT	BASIC_METALS	FR	P3_S13	2.3588399260003947
IT	BASIC_METALS	FR	P3_S14	37.87069837172882
IT	BASIC_METALS	FR	P51G	19.197703918336874
IT	BASIC_METALS	FR	P5M	10.198101409667398
IT	BASIC_METALS	IT	P3_S13	65.45801432638413
IT	BASIC_METALS	IT	P3_S14	1287.8888709295943
IT	BASIC_METALS	IT	P3_S15	4.444759652537913
IT	BASIC_METALS	IT	P51G	411.9394485560961
IT	BASIC_METALS	IT	P5M	5.346520396324089
IT	BASIC_METALS	PL	P3_S13	0.10398157960149423
IT	BASIC_METALS	PL	P3_S14	8.276190572135304
IT	BASIC_METALS	PL	P3_S15	0.0020466026261432907
IT	BASIC_METALS	PL	P51G	4.381582827305072
IT	BASIC_METALS	PL	P5M	14.51924840721492
IT	BASIC_METALS	REU	P3_S13	2.9406058300754885
IT	BASIC_METALS	REU	P3_S14	114.22985605113985
IT	BASIC_METALS	REU	P3_S15	0.010972370458082636
IT	BASIC_METALS	REU	P51G	109.49820876295794
IT	BASIC_METALS	REU	P5M	98.86647919756888
IT	BASIC_METALS	ROW	P3_S13	6.866640070822173
IT	BASIC_METALS	ROW	P3_S14	163.55689976752265
IT	BASIC_METALS	ROW	P3_S15	0.09818778684662885
IT	BASIC_METALS	ROW	P51G	179.8634318656014
IT	BASIC_METALS	ROW	P5M	63.5674559913184
IT	BASIC_METALS	SK	P3_S13	0.1015861068084314
IT	BASIC_METALS	SK	P3_S14	0.9411754810943054
IT	BASIC_METALS	SK	P51G	1.2521716722645861
IT	BASIC_METALS	SK	P5M	-2.3255037948224846
IT	CONSTRUCTION	DE	P3_S13	0.5312854759153514
IT	CONSTRUCTION	DE	P3_S14	12.017504256530831
IT	CONSTRUCTION	DE	P51G	24.433630495782587
IT	CONSTRUCTION	DE	P5M	1.5560203937987118
IT	CONSTRUCTION	FR	P3_S13	2.1471016439243007
IT	CONSTRUCTION	FR	P3_S14	15.165693047144638
IT	CONSTRUCTION	FR	P51G	12.203005754692724
IT	CONSTRUCTION	FR	P5M	1.6918640209855156
IT	CONSTRUCTION	IT	P3_S13	435.9246508501991
IT	CONSTRUCTION	IT	P3_S14	13414.542759585807
IT	CONSTRUCTION	IT	P3_S15	94.26379806778455
IT	CONSTRUCTION	IT	P51G	106904.11544238328
IT	CONSTRUCTION	IT	P5M	20.9538063244876
IT	CONSTRUCTION	PL	P3_S13	0.03789738721924774
IT	CONSTRUCTION	PL	P3_S14	3.3353896873874502
IT	CONSTRUCTION	PL	P3_S15	0.0019658864046081543
IT	CONSTRUCTION	PL	P51G	7.739293733001908
IT	CONSTRUCTION	PL	P5M	1.0104562596675093
IT	CONSTRUCTION	REU	P3_S13	2.711174775865685
IT	CONSTRUCTION	REU	P3_S14	49.7654359059929
IT	CONSTRUCTION	REU	P3_S15	0.09000995750763018
IT	CONSTRUCTION	REU	P51G	89.674165175198
IT	CONSTRUCTION	REU	P5M	2.4731944616833816
IT	CONSTRUCTION	ROW	P3_S13	9.378070412360895
IT	CONSTRUCTION	ROW	P3_S14	97.08889326872998
IT	CONSTRUCTION	ROW	P3_S15	0.7183961062195335
IT	CONSTRUCTION	ROW	P51G	99.50203700782806
IT	CONSTRUCTION	ROW	P5M	4.824506771875703
IT	CONSTRUCTION	SK	P3_S13	0.050614470899828685
IT	CONSTRUCTION	SK	P3_S14	0.29155173163437664
IT	CONSTRUCTION	SK	P51G	0.533621288510504
IT	CONSTRUCTION	SK	P5M	0.07811349579030061
IT	EXTRACTIVE	DE	P3_S13	0.5011939776331417
IT	EXTRACTIVE	DE	P3_S14	9.080051806463274
IT	EXTRACTIVE	DE	P51G	3.539996164242345
IT	EXTRACTIVE	DE	P5M	-0.751079704276415
IT	EXTRACTIVE	FR	P3_S13	0.5389390731711873
IT	EXTRACTIVE	FR	P3_S14	6.3111987730949455
IT	EXTRACTIVE	FR	P51G	2.787213532921492
IT	EXTRACTIVE	FR	P5M	0.05198606117448241
IT	EXTRACTIVE	IT	P3_S13	27.54548652344924
IT	EXTRACTIVE	IT	P3_S14	1801.7485664942549
IT	EXTRACTIVE	IT	P3_S15	10.384369943277063
IT	EXTRACTIVE	IT	P51G	360.07865835343154
IT	EXTRACTIVE	IT	P5M	-427.8048975407259
IT	EXTRACTIVE	PL	P3_S13	0.023744897702562263
IT	EXTRACTIVE	PL	P3_S14	1.9403000985935364
IT	EXTRACTIVE	PL	P3_S15	0.0005580903684098311
IT	EXTRACTIVE	PL	P51G	0.6470120744604803
IT	EXTRACTIVE	PL	P5M	-1.262785983943227
IT	EXTRACTIVE	REU	P3_S13	0.7171734758801193
IT	EXTRACTIVE	REU	P3_S14	23.158025214539798
IT	EXTRACTIVE	REU	P3_S15	0.0031286416077437713
IT	EXTRACTIVE	REU	P51G	22.8075860541559
IT	EXTRACTIVE	REU	P5M	-1.8561368911806841
IT	EXTRACTIVE	ROW	P3_S13	2.5291533675576487
IT	EXTRACTIVE	ROW	P3_S14	45.410842536235926
IT	EXTRACTIVE	ROW	P3_S15	0.05488521224601179
IT	EXTRACTIVE	ROW	P51G	30.772528586320785
IT	EXTRACTIVE	ROW	P5M	2.728218099046104
IT	EXTRACTIVE	SK	P3_S13	0.0235061922230739
IT	EXTRACTIVE	SK	P3_S14	0.194282299524112
IT	EXTRACTIVE	SK	P51G	0.254942013998167
IT	EXTRACTIVE	SK	P5M	0.010130746480008713
IT	INC_EE	DE	P3_S13	0.0001222556416335019
IT	INC_EE	DE	P3_S14	0.0076851615708020205
IT	INC_EE	DE	P51G	0.0038757929507749504
IT	INC_EE	DE	P5M	0.00010700703808705474
IT	INC_EE	FR	P3_S13	0.0006354157834603133
IT	INC_EE	FR	P3_S14	0.033424011006367535
IT	INC_EE	FR	P51G	0.0075103691419849475
IT	INC_EE	FR	P5M	0.00045770773798463555
IT	INC_EE	IT	P3_S13	5.139165256522882
IT	INC_EE	IT	P3_S14	26.715353210939693
IT	INC_EE	IT	P3_S15	0.07649093249450702
IT	INC_EE	IT	P51G	1.4304284112538663
IT	INC_EE	IT	P5M	-0.10842972683463285
IT	INC_EE	PL	P3_S13	4.655609352420816e-6
IT	INC_EE	PL	P3_S14	0.0015731187146878394
IT	INC_EE	PL	P3_S15	1.1184205138581195e-6
IT	INC_EE	PL	P51G	0.00035284610891689723
IT	INC_EE	PL	P5M	0.0005386223410840887
IT	INC_EE	REU	P3_S13	0.0018444899144905288
IT	INC_EE	REU	P3_S14	0.04622631837832444
IT	INC_EE	REU	P3_S15	6.369483052963296e-5
IT	INC_EE	REU	P51G	0.024325246315207515
IT	INC_EE	REU	P5M	0.0021399827622115963
IT	INC_EE	ROW	P3_S13	0.09995379636965511
IT	INC_EE	ROW	P3_S14	0.18614755452130108
IT	INC_EE	ROW	P3_S15	0.001058140825333468
IT	INC_EE	ROW	P51G	0.02605887982095507
IT	INC_EE	ROW	P5M	0.004596592680907575
IT	INC_EE	SK	P3_S13	2.8809173562369343e-5
IT	INC_EE	SK	P3_S14	0.0002103279714095888
IT	INC_EE	SK	P51G	0.00017291832881472595
IT	INC_EE	SK	P5M	2.5961497897541797e-5
IT	METAL_COMPONENTS	DE	P3_S13	5.825905011279372
IT	METAL_COMPONENTS	DE	P3_S14	145.42972363853156
IT	METAL_COMPONENTS	DE	P51G	430.6244581287782
IT	METAL_COMPONENTS	DE	P5M	101.6330541720767
IT	METAL_COMPONENTS	FR	P3_S13	8.896570428946069
IT	METAL_COMPONENTS	FR	P3_S14	307.35630692836656
IT	METAL_COMPONENTS	FR	P51G	114.78937051758945
IT	METAL_COMPONENTS	FR	P5M	27.334964276747236
IT	METAL_COMPONENTS	IT	P3_S13	56.51725462534108
IT	METAL_COMPONENTS	IT	P3_S14	2731.8045263641416
IT	METAL_COMPONENTS	IT	P3_S15	9.600326222110688
IT	METAL_COMPONENTS	IT	P51G	5273.697824584444
IT	METAL_COMPONENTS	IT	P5M	-377.55578982663104
IT	METAL_COMPONENTS	PL	P3_S13	0.39545323795834997
IT	METAL_COMPONENTS	PL	P3_S14	36.30089914988847
IT	METAL_COMPONENTS	PL	P3_S15	0.008330756498538795
IT	METAL_COMPONENTS	PL	P51G	42.611904274815295
IT	METAL_COMPONENTS	PL	P5M	13.894488001536843
IT	METAL_COMPONENTS	REU	P3_S13	12.897042654081924
IT	METAL_COMPONENTS	REU	P3_S14	742.6216367223043
IT	METAL_COMPONENTS	REU	P3_S15	0.019636858050991232
IT	METAL_COMPONENTS	REU	P51G	862.6858249469419
IT	METAL_COMPONENTS	REU	P5M	24.757958667954036
IT	METAL_COMPONENTS	ROW	P3_S13	25.45274501033379
IT	METAL_COMPONENTS	ROW	P3_S14	1080.1623400235967
IT	METAL_COMPONENTS	ROW	P3_S15	0.16124951338919072
IT	METAL_COMPONENTS	ROW	P51G	1362.6867069144917
IT	METAL_COMPONENTS	ROW	P5M	191.27791456609003
IT	METAL_COMPONENTS	SK	P3_S13	0.38211219732867574
IT	METAL_COMPONENTS	SK	P3_S14	6.8608520701860165
IT	METAL_COMPONENTS	SK	P51G	7.545236853540657
IT	METAL_COMPONENTS	SK	P5M	5.694418175970221
IT	NEW_ELMA	DE	P3_S13	2.1807562280973065
IT	NEW_ELMA	DE	P3_S14	173.52860410259973
IT	NEW_ELMA	DE	P51G	273.51927131378693
IT	NEW_ELMA	DE	P5M	81.4972622647076
IT	NEW_ELMA	FR	P3_S13	3.3101517051642158
IT	NEW_ELMA	FR	P3_S14	290.2265908475635
IT	NEW_ELMA	FR	P51G	97.34788500340676
IT	NEW_ELMA	FR	P5M	45.24228104560933
IT	NEW_ELMA	IT	P3_S13	53.68696409604187
IT	NEW_ELMA	IT	P3_S14	2184.6880529354694
IT	NEW_ELMA	IT	P3_S15	17.358841496271804
IT	NEW_ELMA	IT	P51G	1193.7974627916842
IT	NEW_ELMA	IT	P5M	-119.78299269588818
IT	NEW_ELMA	PL	P3_S13	0.16991365289056293
IT	NEW_ELMA	PL	P3_S14	65.13205477325741
IT	NEW_ELMA	PL	P3_S15	0.05042112467356772
IT	NEW_ELMA	PL	P51G	47.78115292668519
IT	NEW_ELMA	PL	P5M	20.67052663249301
IT	NEW_ELMA	REU	P3_S13	4.765353738694628
IT	NEW_ELMA	REU	P3_S14	1038.0324232456521
IT	NEW_ELMA	REU	P3_S15	0.010825747027276091
IT	NEW_ELMA	REU	P51G	975.2548488735258
IT	NEW_ELMA	REU	P5M	171.23759388589568
IT	NEW_ELMA	ROW	P3_S13	17.969269648803877
IT	NEW_ELMA	ROW	P3_S14	1285.1398463598773
IT	NEW_ELMA	ROW	P3_S15	0.13212732126476762
IT	NEW_ELMA	ROW	P51G	1323.498279592188
IT	NEW_ELMA	ROW	P5M	211.35964974041707
IT	NEW_ELMA	SK	P3_S13	0.13949108305500912
IT	NEW_ELMA	SK	P3_S14	11.024116076233586
IT	NEW_ELMA	SK	P51G	13.538082713093138
IT	NEW_ELMA	SK	P5M	6.725123423493663
IT	NEW_OFMA	DE	P3_S13	0.8609376487337326
IT	NEW_OFMA	DE	P3_S14	21.780293871607803
IT	NEW_OFMA	DE	P51G	28.422269493517838
IT	NEW_OFMA	DE	P5M	22.95432875057463
IT	NEW_OFMA	FR	P3_S13	1.1081649250450876
IT	NEW_OFMA	FR	P3_S14	40.51027934188076
IT	NEW_OFMA	FR	P51G	24.241118715538
IT	NEW_OFMA	FR	P5M	3.336140690322398
IT	NEW_OFMA	IT	P3_S13	11.325739624159809
IT	NEW_OFMA	IT	P3_S14	343.26132176329236
IT	NEW_OFMA	IT	P3_S15	3.818435328243853
IT	NEW_OFMA	IT	P51G	266.39286255714
IT	NEW_OFMA	IT	P5M	-0.0062734075857361375
IT	NEW_OFMA	PL	P3_S13	0.030666820421507444
IT	NEW_OFMA	PL	P3_S14	8.708314621931386
IT	NEW_OFMA	PL	P3_S15	0.000968040951006941
IT	NEW_OFMA	PL	P51G	4.864954406016509
IT	NEW_OFMA	PL	P5M	1.0204240216921345
IT	NEW_OFMA	REU	P3_S13	1.1631606195022224
IT	NEW_OFMA	REU	P3_S14	96.26843792010477
IT	NEW_OFMA	REU	P3_S15	0.0017716835487687332
IT	NEW_OFMA	REU	P51G	160.55335340913552
IT	NEW_OFMA	REU	P5M	11.545053223456511
IT	NEW_OFMA	ROW	P3_S13	11.656593963447207
IT	NEW_OFMA	ROW	P3_S14	153.32981611831445
IT	NEW_OFMA	ROW	P3_S15	0.049864859070849026
IT	NEW_OFMA	ROW	P51G	206.18019346424728
IT	NEW_OFMA	ROW	P5M	22.107165199882242
IT	NEW_OFMA	SK	P3_S13	0.029487717549348546
IT	NEW_OFMA	SK	P3_S14	1.0945698020334322
IT	NEW_OFMA	SK	P51G	1.3568715216900464
IT	NEW_OFMA	SK	P5M	0.7376432894188124
IT	NEW_RATV	DE	P3_S13	3.0085610075291362
IT	NEW_RATV	DE	P3_S14	75.84501944085662
IT	NEW_RATV	DE	P51G	98.97647977076655
IT	NEW_RATV	DE	P5M	79.93575444775314
IT	NEW_RATV	FR	P3_S13	3.8710893048030206
IT	NEW_RATV	FR	P3_S14	141.062469186301
IT	NEW_RATV	FR	P51G	84.41584802274403
IT	NEW_RATV	FR	P5M	11.625673325792667
IT	NEW_RATV	IT	P3_S13	39.43663297690615
IT	NEW_RATV	IT	P3_S14	1195.225919463408
IT	NEW_RATV	IT	P3_S15	13.295890283719618
IT	NEW_RATV	IT	P51G	927.5851988347393
IT	NEW_RATV	IT	P5M	-0.011402552935499055
IT	NEW_RATV	PL	P3_S13	0.10760270452560458
IT	NEW_RATV	PL	P3_S14	30.32963706648585
IT	NEW_RATV	PL	P3_S15	0.018806825645103664
IT	NEW_RATV	PL	P51G	16.954411652723323
IT	NEW_RATV	PL	P5M	3.5564754741493454
IT	NEW_RATV	REU	P3_S13	4.05700406014021
IT	NEW_RATV	REU	P3_S14	335.20892461478223
IT	NEW_RATV	REU	P3_S15	0.006213351240085631
IT	NEW_RATV	REU	P51G	559.049935252694
IT	NEW_RATV	REU	P5M	40.206173343902705
IT	NEW_RATV	ROW	P3_S13	40.590569273883794
IT	NEW_RATV	ROW	P3_S14	533.8811053081162
IT	NEW_RATV	ROW	P3_S15	0.18298516557099198
IT	NEW_RATV	ROW	P51G	717.9155584768731
IT	NEW_RATV	ROW	P5M	76.98368889868873
IT	NEW_RATV	SK	P3_S13	0.10267677476170127
IT	NEW_RATV	SK	P3_S14	3.8195789929638284
IT	NEW_RATV	SK	P51G	4.737633115106142
IT	NEW_RATV	SK	P5M	2.579044288012154
IT	OTHER_MANUFACTURING	DE	P3_S13	459.7276508031338
IT	OTHER_MANUFACTURING	DE	P3_S14	3886.1367992065584
IT	OTHER_MANUFACTURING	DE	P51G	4216.607993844891
IT	OTHER_MANUFACTURING	DE	P5M	1382.6874374283684
IT	OTHER_MANUFACTURING	FR	P3_S13	695.1654517189262
IT	OTHER_MANUFACTURING	FR	P3_S14	6764.838876444736
IT	OTHER_MANUFACTURING	FR	P51G	2499.0991874537767
IT	OTHER_MANUFACTURING	FR	P5M	644.067694658235
IT	OTHER_MANUFACTURING	IT	P3_S13	2267.439986130701
IT	OTHER_MANUFACTURING	IT	P3_S14	66926.24977019934
IT	OTHER_MANUFACTURING	IT	P3_S15	203.5855987320305
IT	OTHER_MANUFACTURING	IT	P51G	27100.80712402419
IT	OTHER_MANUFACTURING	IT	P5M	1863.4055334760624
IT	OTHER_MANUFACTURING	PL	P3_S13	31.371809603887808
IT	OTHER_MANUFACTURING	PL	P3_S14	1260.3957203074485
IT	OTHER_MANUFACTURING	PL	P3_S15	0.5554151159587144
IT	OTHER_MANUFACTURING	PL	P51G	824.2573426301018
IT	OTHER_MANUFACTURING	PL	P5M	123.56045145205329
IT	OTHER_MANUFACTURING	REU	P3_S13	805.0783278007511
IT	OTHER_MANUFACTURING	REU	P3_S14	21672.724201921337
IT	OTHER_MANUFACTURING	REU	P3_S15	0.6049358724532033
IT	OTHER_MANUFACTURING	REU	P51G	18371.73477497535
IT	OTHER_MANUFACTURING	REU	P5M	1011.5777776869701
IT	OTHER_MANUFACTURING	ROW	P3_S13	1704.780223156149
IT	OTHER_MANUFACTURING	ROW	P3_S14	31323.216750291103
IT	OTHER_MANUFACTURING	ROW	P3_S15	9.040204764469308
IT	OTHER_MANUFACTURING	ROW	P51G	30694.807105397216
IT	OTHER_MANUFACTURING	ROW	P5M	2790.390228435216
IT	OTHER_MANUFACTURING	SK	P3_S13	29.931572914640938
IT	OTHER_MANUFACTURING	SK	P3_S14	182.50800867707923
IT	OTHER_MANUFACTURING	SK	P51G	317.20349185995224
IT	OTHER_MANUFACTURING	SK	P5M	52.67293853537067
IT	OTHER_SERVICES	DE	P3_S13	6.320492838121384
IT	OTHER_SERVICES	DE	P3_S14	498.6989258739599
IT	OTHER_SERVICES	DE	P51G	426.9412177010327
IT	OTHER_SERVICES	DE	P5M	48.16622224769087
IT	OTHER_SERVICES	FR	P3_S13	20.444894109569844
IT	OTHER_SERVICES	FR	P3_S14	649.2249169603608
IT	OTHER_SERVICES	FR	P51G	720.2826661037349
IT	OTHER_SERVICES	FR	P5M	21.26630365690281
IT	OTHER_SERVICES	IT	P3_S13	18718.482241216698
IT	OTHER_SERVICES	IT	P3_S14	374194.2141474703
IT	OTHER_SERVICES	IT	P3_S15	7046.332663846471
IT	OTHER_SERVICES	IT	P51G	71357.50420540199
IT	OTHER_SERVICES	IT	P5M	1403.050628429842
IT	OTHER_SERVICES	PL	P3_S13	0.7802648917658821
IT	OTHER_SERVICES	PL	P3_S14	162.72902360459307
IT	OTHER_SERVICES	PL	P3_S15	0.11435884993548717
IT	OTHER_SERVICES	PL	P51G	45.54198709178468
IT	OTHER_SERVICES	PL	P5M	51.3485551140574
IT	OTHER_SERVICES	REU	P3_S13	82.81243318910151
IT	OTHER_SERVICES	REU	P3_S14	1985.462437381457
IT	OTHER_SERVICES	REU	P3_S15	1.3536823068498178
IT	OTHER_SERVICES	REU	P51G	2151.806175499899
IT	OTHER_SERVICES	REU	P5M	78.61746641692758
IT	OTHER_SERVICES	ROW	P3_S13	467.74759285904383
IT	OTHER_SERVICES	ROW	P3_S14	4400.290589375577
IT	OTHER_SERVICES	ROW	P3_S15	31.965323294514654
IT	OTHER_SERVICES	ROW	P51G	1838.9006197438023
IT	OTHER_SERVICES	ROW	P5M	94.00833430982343
IT	OTHER_SERVICES	SK	P3_S13	1.1347792836708435
IT	OTHER_SERVICES	SK	P3_S14	9.302292224991202
IT	OTHER_SERVICES	SK	P51G	19.85694822032438
IT	OTHER_SERVICES	SK	P5M	2.8122720890256696
IT	PUBLIC_SOCIAL	DE	P3_S13	4.345070857437862
IT	PUBLIC_SOCIAL	DE	P3_S14	24.16610973395064
IT	PUBLIC_SOCIAL	DE	P51G	14.660966409892795
IT	PUBLIC_SOCIAL	DE	P5M	3.6607381969884814
IT	PUBLIC_SOCIAL	FR	P3_S13	5.592132375714134
IT	PUBLIC_SOCIAL	FR	P3_S14	29.312670900974258
IT	PUBLIC_SOCIAL	FR	P51G	14.585421082183336
IT	PUBLIC_SOCIAL	FR	P5M	1.8897867636398415
IT	PUBLIC_SOCIAL	IT	P3_S13	287200.8421451492
IT	PUBLIC_SOCIAL	IT	P3_S14	46755.78176176733
IT	PUBLIC_SOCIAL	IT	P3_S15	1312.0581531240834
IT	PUBLIC_SOCIAL	IT	P51G	969.0183092923235
IT	PUBLIC_SOCIAL	IT	P5M	22.609793236728716
IT	PUBLIC_SOCIAL	PL	P3_S13	0.0840814516746711
IT	PUBLIC_SOCIAL	PL	P3_S14	6.883401461904918
IT	PUBLIC_SOCIAL	PL	P3_S15	0.0026905723937909426
IT	PUBLIC_SOCIAL	PL	P51G	2.4352560994900796
IT	PUBLIC_SOCIAL	PL	P5M	0.9407705499875108
IT	PUBLIC_SOCIAL	REU	P3_S13	5.197154781096212
IT	PUBLIC_SOCIAL	REU	P3_S14	100.68276857900824
IT	PUBLIC_SOCIAL	REU	P3_S15	0.0951965853118937
IT	PUBLIC_SOCIAL	REU	P51G	67.92405719731731
IT	PUBLIC_SOCIAL	REU	P5M	2.9637182416898256
IT	PUBLIC_SOCIAL	ROW	P3_S13	14.17024447416974
IT	PUBLIC_SOCIAL	ROW	P3_S14	156.68983179188777
IT	PUBLIC_SOCIAL	ROW	P3_S15	0.6784337813437344
IT	PUBLIC_SOCIAL	ROW	P51G	92.97543250095092
IT	PUBLIC_SOCIAL	ROW	P5M	7.676681646669527
IT	PUBLIC_SOCIAL	SK	P3_S13	0.08449671917686478
IT	PUBLIC_SOCIAL	SK	P3_S14	0.8133486612266129
IT	PUBLIC_SOCIAL	SK	P51G	0.9837001517437539
IT	PUBLIC_SOCIAL	SK	P5M	0.14573722419941104
IT	REC_EE	DE	P5M	0.000233834437647017
IT	REC_EE	FR	P5M	0.000990732035548443
IT	REC_EE	IT	P5M	-0.22738251719609257
IT	REC_EE	PL	P5M	0.0011654636374641937
IT	REC_EE	REU	P5M	0.009568944125673799
IT	REC_EE	ROW	P3_S13	0.21986144727577303
IT	REC_EE	ROW	P3_S14	0.40257057753590264
IT	REC_EE	ROW	P3_S15	0.007975973407076994
IT	REC_EE	ROW	P51G	0.059021643647795816
IT	REC_EE	ROW	P5M	0.015007631049237205
IT	REC_EE	SK	P5M	5.617341392630027e-5
IT	REF_ELMA	DE	P3_S13	0.14296458137877402
IT	REF_ELMA	DE	P3_S14	1.873673694146561
IT	REF_ELMA	DE	P51G	1.631525732886915
IT	REF_ELMA	DE	P5M	0.6318102721881569
IT	REF_ELMA	FR	P3_S13	0.2227776965496355
IT	REF_ELMA	FR	P3_S14	2.7377833040007657
IT	REF_ELMA	FR	P51G	1.151540482463776
IT	REF_ELMA	FR	P5M	0.23780694773927386
IT	REF_ELMA	IT	P3_S13	16.152702122419274
IT	REF_ELMA	IT	P3_S14	872.9554686270164
IT	REF_ELMA	IT	P3_S15	1.2453976209508861
IT	REF_ELMA	IT	P51G	365.6213000069988
IT	REF_ELMA	IT	P5M	4.740515795247507
IT	REF_ELMA	PL	P3_S13	0.00931258503591525
IT	REF_ELMA	PL	P3_S14	0.5027041429894494
IT	REF_ELMA	PL	P3_S15	0.00021265672645095422
IT	REF_ELMA	PL	P51G	0.29066890821350655
IT	REF_ELMA	PL	P5M	0.06255681906929343
IT	REF_ELMA	REU	P3_S13	0.42386739555216957
IT	REF_ELMA	REU	P3_S14	10.988309558684273
IT	REF_ELMA	REU	P3_S15	0.0018173928002974884
IT	REF_ELMA	REU	P51G	8.720242681637437
IT	REF_ELMA	REU	P5M	0.47866417005222434
IT	REF_ELMA	ROW	P3_S13	1.1549963697812917
IT	REF_ELMA	ROW	P3_S14	16.88110241137339
IT	REF_ELMA	ROW	P3_S15	0.01199613579277094
IT	REF_ELMA	ROW	P51G	13.779594860809155
IT	REF_ELMA	ROW	P5M	1.3311028980029467
IT	REF_ELMA	SK	P3_S13	0.009518017476873579
IT	REF_ELMA	SK	P3_S14	0.07729324020759987
IT	REF_ELMA	SK	P51G	0.10574755329235784
IT	REF_ELMA	SK	P5M	0.02251427103948955
IT	REF_OFMA	DE	P3_S13	0.015213967073227513
IT	REF_OFMA	DE	P3_S14	0.20482289382279412
IT	REF_OFMA	DE	P51G	0.16609464626953271
IT	REF_OFMA	DE	P5M	0.061906883841078446
IT	REF_OFMA	FR	P3_S13	0.023792775954831754
IT	REF_OFMA	FR	P3_S14	0.2911350338957803
IT	REF_OFMA	FR	P51G	0.10842950906191534
IT	REF_OFMA	FR	P5M	0.024709241169404345
IT	REF_OFMA	IT	P3_S13	2.0079253883660666
IT	REF_OFMA	IT	P3_S14	110.28362248154802
IT	REF_OFMA	IT	P3_S15	0.15304973819871087
IT	REF_OFMA	IT	P51G	34.756479806177346
IT	REF_OFMA	IT	P5M	0.5132217196030874
IT	REF_OFMA	PL	P3_S13	0.0009882367643742763
IT	REF_OFMA	PL	P3_S14	0.0534239285399951
IT	REF_OFMA	PL	P3_S15	2.2220524830629362e-5
IT	REF_OFMA	PL	P51G	0.029909202173423438
IT	REF_OFMA	PL	P5M	0.006452077750411831
IT	REF_OFMA	REU	P3_S13	0.04277950643362585
IT	REF_OFMA	REU	P3_S14	1.2182265191907315
IT	REF_OFMA	REU	P3_S15	0.00021455365785626402
IT	REF_OFMA	REU	P51G	0.9377226226480792
IT	REF_OFMA	REU	P5M	0.05163656309295729
IT	REF_OFMA	ROW	P3_S13	0.128805877455029
IT	REF_OFMA	ROW	P3_S14	1.8904533949618696
IT	REF_OFMA	ROW	P3_S15	0.0014249183704598482
IT	REF_OFMA	ROW	P51G	1.4749342056336014
IT	REF_OFMA	ROW	P5M	0.13683527143853028
IT	REF_OFMA	SK	P3_S13	0.001018175574633857
IT	REF_OFMA	SK	P3_S14	0.008260872741392158
IT	REF_OFMA	SK	P51G	0.011054094021299019
IT	REF_OFMA	SK	P5M	0.002230320621295578
IT	REF_RATV	DE	P3_S13	0.05298710714781214
IT	REF_RATV	DE	P3_S14	0.7135224221471486
IT	REF_RATV	DE	P51G	0.5786642253585945
IT	REF_RATV	DE	P5M	0.21572028204152502
IT	REF_RATV	FR	P3_S13	0.08286383516932082
IT	REF_RATV	FR	P3_S14	1.014214345203095
IT	REF_RATV	FR	P51G	0.3956187123454656
IT	REF_RATV	FR	P5M	0.08608037371243414
IT	REF_RATV	IT	P3_S13	7.023307070523235
IT	REF_RATV	IT	P3_S14	384.0544886085971
IT	REF_RATV	IT	P3_S15	0.5330439804718857
IT	REF_RATV	IT	P51G	121.05817903231652
IT	REF_RATV	IT	P5M	1.8095497372255744
IT	REF_RATV	PL	P3_S13	0.003441690279985171
IT	REF_RATV	PL	P3_S14	0.18611665564359076
IT	REF_RATV	PL	P3_S15	7.74121025191612e-5
IT	REF_RATV	PL	P51G	0.10419614797693033
IT	REF_RATV	PL	P5M	0.022571442219848303
IT	REF_RATV	REU	P3_S13	0.1657402171064906
IT	REF_RATV	REU	P3_S14	4.25508325724712
IT	REF_RATV	REU	P3_S15	0.0007472209392270521
IT	REF_RATV	REU	P51G	3.2820658676432073
IT	REF_RATV	REU	P5M	0.19609637342791972
IT	REF_RATV	ROW	P3_S13	0.4594497153923874
IT	REF_RATV	ROW	P3_S14	6.577475385959221
IT	REF_RATV	ROW	P3_S15	0.00496276907622852
IT	REF_RATV	ROW	P51G	5.144642409284163
IT	REF_RATV	ROW	P5M	0.4933669481502826
IT	REF_RATV	SK	P3_S13	0.0035459349070146268
IT	REF_RATV	SK	P3_S14	0.028779240822329563
IT	REF_RATV	SK	P51G	0.03850588566181397
IT	REF_RATV	SK	P5M	0.0077723418965587555
IT	REP_ELMA	DE	P3_S13	0.0008365165348775688
IT	REP_ELMA	DE	P3_S14	0.010789896761767972
IT	REP_ELMA	DE	P51G	0.011242266956412034
IT	REP_ELMA	DE	P5M	0.004806874482619357
IT	REP_ELMA	FR	P3_S13	0.0014236715887393627
IT	REP_ELMA	FR	P3_S14	0.016715853955176708
IT	REP_ELMA	FR	P51G	0.008128985590801552
IT	REP_ELMA	FR	P5M	0.0016647551814490359
IT	REP_ELMA	IT	P3_S13	0.10732328818772885
IT	REP_ELMA	IT	P3_S14	9.794016794079932
IT	REP_ELMA	IT	P3_S15	0.01584324260151019
IT	REP_ELMA	IT	P51G	1.4161987145483734
IT	REP_ELMA	IT	P5M	0.7403016627343377
IT	REP_ELMA	PL	P3_S13	5.194292181837022e-5
IT	REP_ELMA	PL	P3_S14	0.0033172131251347375
IT	REP_ELMA	PL	P3_S15	1.687574358832354e-6
IT	REP_ELMA	PL	P51G	0.0019974473510773923
IT	REP_ELMA	PL	P5M	-0.01082052763921356
IT	REP_ELMA	REU	P3_S13	0.0018481097081814873
IT	REP_ELMA	REU	P3_S14	0.05304979349858219
IT	REP_ELMA	REU	P3_S15	2.2902283182346308e-5
IT	REP_ELMA	REU	P51G	0.05356659265930598
IT	REP_ELMA	REU	P5M	0.003763206722447803
IT	REP_ELMA	ROW	P3_S13	0.005053454905212771
IT	REP_ELMA	ROW	P3_S14	0.7343487690728328
IT	REP_ELMA	ROW	P3_S15	0.00010921249577928476
IT	REP_ELMA	ROW	P51G	0.07843801077680417
IT	REP_ELMA	ROW	P5M	0.007982829243945727
IT	REP_ELMA	SK	P3_S13	5.932008744763426e-5
IT	REP_ELMA	SK	P3_S14	0.0004471490054278189
IT	REP_ELMA	SK	P51G	0.0007041156035220037
IT	REP_ELMA	SK	P5M	0.0001901757433726485
IT	REP_OFMA	DE	P3_S13	0.00020578731492529895
IT	REP_OFMA	DE	P3_S14	0.0026396036819382653
IT	REP_OFMA	DE	P51G	0.0027342175332326283
IT	REP_OFMA	DE	P5M	0.0011640684951522487
IT	REP_OFMA	FR	P3_S13	0.0003507563410195166
IT	REP_OFMA	FR	P3_S14	0.004078793002571698
IT	REP_OFMA	FR	P51G	0.001983512443058397
IT	REP_OFMA	FR	P5M	0.0004061489172573789
IT	REP_OFMA	IT	P3_S13	0.02638178473662273
IT	REP_OFMA	IT	P3_S14	2.403299297593527
IT	REP_OFMA	IT	P3_S15	0.0039161647749716266
IT	REP_OFMA	IT	P51G	0.34003541180022984
IT	REP_OFMA	IT	P5M	0.17198533191777093
IT	REP_OFMA	PL	P3_S13	1.2789232216482716e-5
IT	REP_OFMA	PL	P3_S14	0.0008090584089129138
IT	REP_OFMA	PL	P3_S15	4.1176961585946323e-7
IT	REP_OFMA	PL	P51G	0.00048654765822059016
IT	REP_OFMA	PL	P5M	-0.009859803786008143
IT	REP_OFMA	REU	P3_S13	0.0004558801947786715
IT	REP_OFMA	REU	P3_S14	0.012975843938452658
IT	REP_OFMA	REU	P3_S15	5.680445207761512e-6
IT	REP_OFMA	REU	P51G	0.013053270640433316
IT	REP_OFMA	REU	P5M	0.0009130149592646819
IT	REP_OFMA	ROW	P3_S13	0.0012394497445652186
IT	REP_OFMA	ROW	P3_S14	0.17678560598609538
IT	REP_OFMA	ROW	P3_S15	2.6990206971943382e-5
IT	REP_OFMA	ROW	P51G	0.01913706656064341
IT	REP_OFMA	ROW	P5M	0.0019422752941455873
IT	REP_OFMA	SK	P3_S13	1.4626461462254929e-5
IT	REP_OFMA	SK	P3_S14	0.00010895667186667622
IT	REP_OFMA	SK	P51G	0.00017209277841133232
IT	REP_OFMA	SK	P5M	4.598289769481852e-5
IT	REP_RATV	DE	P3_S13	0.0007253718051987919
IT	REP_RATV	DE	P3_S14	0.009353835628770547
IT	REP_RATV	DE	P51G	0.009743278680307492
IT	REP_RATV	DE	P5M	0.004165139008839286
IT	REP_RATV	FR	P3_S13	0.001234603807016053
IT	REP_RATV	FR	P3_S14	0.014489299388404998
IT	REP_RATV	FR	P51G	0.007046216483157138
IT	REP_RATV	FR	P5M	0.0014429986703725433
IT	REP_RATV	IT	P3_S13	0.09306663820048389
IT	REP_RATV	IT	P3_S14	8.491982902018073
IT	REP_RATV	IT	P3_S15	0.01374135022524383
IT	REP_RATV	IT	P51G	1.2266727565776498
IT	REP_RATV	IT	P5M	0.6402462589578815
IT	REP_RATV	PL	P3_S13	4.504319553644425e-5
IT	REP_RATV	PL	P3_S14	0.0028753015315116093
IT	REP_RATV	PL	P3_S15	1.4627829867472092e-6
IT	REP_RATV	PL	P51G	0.0017312441775109424
IT	REP_RATV	PL	P5M	-0.010577263338172452
IT	REP_RATV	REU	P3_S13	0.001602773723879598
IT	REP_RATV	REU	P3_S14	0.04598888144104704
IT	REP_RATV	REU	P3_S15	1.9867326632164944e-5
IT	REP_RATV	REU	P51G	0.046428761165378564
IT	REP_RATV	REU	P5M	0.003261085618630624
IT	REP_RATV	ROW	P3_S13	0.004381423898293953
IT	REP_RATV	ROW	P3_S14	0.6362018018901453
IT	REP_RATV	ROW	P3_S15	9.472276272670584e-5
IT	REP_RATV	ROW	P51G	0.06798980810205692
IT	REP_RATV	ROW	P5M	0.006918590205862075
IT	REP_RATV	SK	P3_S13	5.144403605691936e-5
IT	REP_RATV	SK	P3_S14	0.00038756316165800177
IT	REP_RATV	SK	P51G	0.000610373983329922
IT	REP_RATV	SK	P5M	0.00016477396558279452
IT	REU_ELMA	DE	P3_S13	0.03506842820845338
IT	REU_ELMA	DE	P3_S14	0.4939435751777029
IT	REU_ELMA	DE	P51G	0.2272952638955587
IT	REU_ELMA	DE	P5M	0.11033517064840459
IT	REU_ELMA	FR	P3_S13	0.07279957113484188
IT	REU_ELMA	FR	P3_S14	0.4476735051219961
IT	REU_ELMA	FR	P51G	0.17829603699593782
IT	REU_ELMA	FR	P5M	0.059836432717371414
IT	REU_ELMA	IT	P3_S13	8.53797121059278
IT	REU_ELMA	IT	P3_S14	246.52617954101046
IT	REU_ELMA	IT	P3_S15	0.3264984524034673
IT	REU_ELMA	IT	P51G	25.44979995526726
IT	REU_ELMA	IT	P5M	1.1654649642650188
IT	REU_ELMA	PL	P3_S13	0.0013177125003112108
IT	REU_ELMA	PL	P3_S14	0.12712826111397424
IT	REU_ELMA	PL	P3_S15	3.1330970338143325e-5
IT	REU_ELMA	PL	P51G	0.03930655842929586
IT	REU_ELMA	PL	P5M	0.008215189342905434
IT	REU_ELMA	REU	P3_S13	0.11979890785532596
IT	REU_ELMA	REU	P3_S14	2.533785806765692
IT	REU_ELMA	REU	P3_S15	0.002368415269669472
IT	REU_ELMA	REU	P51G	1.6544152578488418
IT	REU_ELMA	REU	P5M	0.26454702052045037
IT	REU_ELMA	ROW	P3_S13	0.2336862918150417
IT	REU_ELMA	ROW	P3_S14	5.901218244976497
IT	REU_ELMA	ROW	P3_S15	0.004957512158925423
IT	REU_ELMA	ROW	P51G	2.1158023096291037
IT	REU_ELMA	ROW	P5M	0.20774461647954054
IT	REU_ELMA	SK	P3_S13	0.0013946116000487126
IT	REU_ELMA	SK	P3_S14	0.011008165843117366
IT	REU_ELMA	SK	P51G	0.014871241317107564
IT	REU_ELMA	SK	P5M	0.0029612913545573045
IT	REU_OFMA	DE	P3_S13	0.002563216910258781
IT	REU_OFMA	DE	P3_S14	0.056839342192068515
IT	REU_OFMA	DE	P51G	0.02647847013309943
IT	REU_OFMA	DE	P5M	0.010621618634730075
IT	REU_OFMA	FR	P3_S13	0.004197971490707555
IT	REU_OFMA	FR	P3_S14	0.05326927579473459
IT	REU_OFMA	FR	P51G	0.019453150719485505
IT	REU_OFMA	FR	P5M	0.0040786521682385024
IT	REU_OFMA	IT	P3_S13	1.1541935103430647
IT	REU_OFMA	IT	P3_S14	33.483200173781604
IT	REU_OFMA	IT	P3_S15	0.04250198694670963
IT	REU_OFMA	IT	P51G	3.395679001712147
IT	REU_OFMA	IT	P5M	0.15165386308151793
IT	REU_OFMA	PL	P3_S13	0.0001659394831575991
IT	REU_OFMA	PL	P3_S14	0.011428518440534283
IT	REU_OFMA	PL	P3_S15	3.9452750498274705e-6
IT	REU_OFMA	PL	P51G	0.004924599860755281
IT	REU_OFMA	PL	P5M	0.001007319526446206
IT	REU_OFMA	REU	P3_S13	0.012465354030488837
IT	REU_OFMA	REU	P3_S14	0.31830855328379143
IT	REU_OFMA	REU	P3_S15	4.3807842437990436e-5
IT	REU_OFMA	REU	P51G	0.20082746440759774
IT	REU_OFMA	REU	P5M	0.02914697653593693
IT	REU_OFMA	ROW	P3_S13	0.02786667671486675
IT	REU_OFMA	ROW	P3_S14	0.731438359277362
IT	REU_OFMA	ROW	P3_S15	0.0003037516817868802
IT	REU_OFMA	ROW	P51G	0.2632999526934081
IT	REU_OFMA	ROW	P5M	0.02285455530270098
IT	REU_OFMA	SK	P3_S13	0.0001746504914334219
IT	REU_OFMA	SK	P3_S14	0.0013984216421513125
IT	REU_OFMA	SK	P51G	0.0018687169486107291
IT	REU_OFMA	SK	P5M	0.00036763755942176085
IT	REU_RATV	DE	P3_S13	0.013290253054030213
IT	REU_RATV	DE	P3_S14	0.20843459263914638
IT	REU_RATV	DE	P51G	0.09761170272681811
IT	REU_RATV	DE	P5M	0.04686594136492983
IT	REU_RATV	FR	P3_S13	0.030694319545275586
IT	REU_RATV	FR	P3_S14	0.19604546818577484
IT	REU_RATV	FR	P51G	0.07703715944646641
IT	REU_RATV	FR	P5M	0.025054936216322446
IT	REU_RATV	IT	P3_S13	4.04174993192296
IT	REU_RATV	IT	P3_S14	116.60873014842345
IT	REU_RATV	IT	P3_S15	0.14811820534363307
IT	REU_RATV	IT	P51G	11.839336465891982
IT	REU_RATV	IT	P5M	0.5421193150500004
IT	REU_RATV	PL	P3_S13	0.0005784613818760285
IT	REU_RATV	PL	P3_S14	0.05114390711191024
IT	REU_RATV	PL	P3_S15	1.3778217630417413e-5
IT	REU_RATV	PL	P51G	0.0171973376125581
IT	REU_RATV	PL	P5M	0.0036099848530517834
IT	REU_RATV	REU	P3_S13	0.054189327679478747
IT	REU_RATV	REU	P3_S14	1.1170522309930067
IT	REU_RATV	REU	P3_S15	0.0001526866598969005
IT	REU_RATV	REU	P51G	0.7105149595150707
IT	REU_RATV	REU	P5M	0.11196869109723316
IT	REU_RATV	ROW	P3_S13	0.10374239271231278
IT	REU_RATV	ROW	P3_S14	2.5422568482943584
IT	REU_RATV	ROW	P3_S15	0.001059053834518112
IT	REU_RATV	ROW	P51G	0.92250304193469
IT	REU_RATV	ROW	P5M	0.09049057624771065
IT	REU_RATV	SK	P3_S13	0.0006087909741948422
IT	REU_RATV	SK	P3_S14	0.004883965009946553
IT	REU_RATV	SK	P51G	0.006522296480435807
IT	REU_RATV	SK	P5M	0.0012864696587191018
IT	TRADE	DE	P3_S13	20.39827614461514
IT	TRADE	DE	P3_S14	371.4446373510687
IT	TRADE	DE	P51G	133.6065805837386
IT	TRADE	DE	P5M	59.36594494133447
IT	TRADE	FR	P3_S13	58.6783779169811
IT	TRADE	FR	P3_S14	259.49264131929226
IT	TRADE	FR	P51G	111.09998640672761
IT	TRADE	FR	P5M	46.39663724934052
IT	TRADE	IT	P3_S13	4175.165954997112
IT	TRADE	IT	P3_S14	170108.20884266577
IT	TRADE	IT	P3_S15	172.80471439509583
IT	TRADE	IT	P51G	25492.71511191653
IT	TRADE	IT	P5M	658.8947513590866
IT	TRADE	PL	P3_S13	0.7859984042970501
IT	TRADE	PL	P3_S14	42.89855814236147
IT	TRADE	PL	P3_S15	0.01779292658398064
IT	TRADE	PL	P51G	22.865579358710725
IT	TRADE	PL	P5M	5.077867104007167
IT	TRADE	REU	P3_S13	84.58118212146327
IT	TRADE	REU	P3_S14	1325.645177921295
IT	TRADE	REU	P3_S15	3.511314701410416
IT	TRADE	REU	P51G	939.7454857440835
IT	TRADE	REU	P5M	91.4348792110133
IT	TRADE	ROW	P3_S13	136.95029342397874
IT	TRADE	ROW	P3_S14	2364.855923462922
IT	TRADE	ROW	P3_S15	5.313455913218749
IT	TRADE	ROW	P51G	1488.6900098295591
IT	TRADE	ROW	P5M	191.3563583029468
IT	TRADE	SK	P3_S13	2.405448544013917
IT	TRADE	SK	P3_S14	7.693772993653963
IT	TRADE	SK	P51G	9.62492278074182
IT	TRADE	SK	P5M	2.6078204503170967
IT	TRANSPORT	DE	P3_S13	8.587195086501834
IT	TRANSPORT	DE	P3_S14	126.76511899152311
IT	TRANSPORT	DE	P51G	45.611037835101605
IT	TRANSPORT	DE	P5M	32.11100992804142
IT	TRANSPORT	FR	P3_S13	1.4654170169974274
IT	TRANSPORT	FR	P3_S14	90.3587459550488
IT	TRANSPORT	FR	P51G	11.508723961609657
IT	TRANSPORT	FR	P5M	0.21074000552897465
IT	TRANSPORT	IT	P3_S13	6735.5459860024575
IT	TRANSPORT	IT	P3_S14	39501.63231983832
IT	TRANSPORT	IT	P3_S15	60.05800930091476
IT	TRANSPORT	IT	P51G	2492.393524530199
IT	TRANSPORT	IT	P5M	37.81290919361633
IT	TRANSPORT	PL	P3_S13	0.5402580172986421
IT	TRANSPORT	PL	P3_S14	17.224856134286327
IT	TRANSPORT	PL	P3_S15	0.0009401586928463848
IT	TRANSPORT	PL	P51G	9.934071487774037
IT	TRANSPORT	PL	P5M	3.610284416130942
IT	TRANSPORT	REU	P3_S13	25.554010926205173
IT	TRANSPORT	REU	P3_S14	767.1488489140199
IT	TRANSPORT	REU	P3_S15	0.027659209134705393
IT	TRANSPORT	REU	P51G	235.31268636792905
IT	TRANSPORT	REU	P5M	-27.183329229118215
IT	TRANSPORT	ROW	P3_S13	519.1286467349033
IT	TRANSPORT	ROW	P3_S14	1470.2739872443478
IT	TRANSPORT	ROW	P3_S15	4.97317968461203
IT	TRANSPORT	ROW	P51G	715.0491132169906
IT	TRANSPORT	ROW	P5M	71.76595801065972
IT	TRANSPORT	SK	P3_S13	0.32136242037556106
IT	TRANSPORT	SK	P3_S14	3.564639735553774
IT	TRANSPORT	SK	P51G	2.6193910434195606
IT	TRANSPORT	SK	P5M	0.5642239903476213
IT	UTIL_WASTE	DE	P3_S13	0.23985006471329276
IT	UTIL_WASTE	DE	P3_S14	10.255649251112484
IT	UTIL_WASTE	DE	P51G	1.2196004655372699
IT	UTIL_WASTE	DE	P5M	-2.381160240692781
IT	UTIL_WASTE	FR	P3_S13	0.15350590243948442
IT	UTIL_WASTE	FR	P3_S14	11.78550717185455
IT	UTIL_WASTE	FR	P51G	2.1051342186872906
IT	UTIL_WASTE	FR	P5M	0.10352475755640227
IT	UTIL_WASTE	IT	P3_S13	1968.9129930019524
IT	UTIL_WASTE	IT	P3_S14	26249.42314341067
IT	UTIL_WASTE	IT	P3_S15	21.599417074659087
IT	UTIL_WASTE	IT	P51G	1295.795812228756
IT	UTIL_WASTE	IT	P5M	-40.6775845975892
IT	UTIL_WASTE	PL	P3_S13	0.001321137262747844
IT	UTIL_WASTE	PL	P3_S14	1.836365350713326
IT	UTIL_WASTE	PL	P3_S15	0.0003158249405860822
IT	UTIL_WASTE	PL	P51G	0.15535759547922506
IT	UTIL_WASTE	PL	P5M	0.31964191756009
IT	UTIL_WASTE	REU	P3_S13	1.8699158627102068
IT	UTIL_WASTE	REU	P3_S14	40.75048267718124
IT	UTIL_WASTE	REU	P3_S15	0.16851246493623548
IT	UTIL_WASTE	REU	P51G	8.33068276445642
IT	UTIL_WASTE	REU	P5M	-3.1612494525815533
IT	UTIL_WASTE	ROW	P3_S13	34.46370749596099
IT	UTIL_WASTE	ROW	P3_S14	73.86012438087755
IT	UTIL_WASTE	ROW	P3_S15	2.085347431257413
IT	UTIL_WASTE	ROW	P51G	8.273413803401047
IT	UTIL_WASTE	ROW	P5M	2.8472067231656966
IT	UTIL_WASTE	SK	P3_S13	0.006725144495437088
IT	UTIL_WASTE	SK	P3_S14	1.432991007007314
IT	UTIL_WASTE	SK	P51G	0.04802133026008087
IT	UTIL_WASTE	SK	P5M	0.008195598466426996
PL	AGRI_FOOD	DE	P3_S13	7.086416797605556
PL	AGRI_FOOD	DE	P3_S14	2026.0466452677986
PL	AGRI_FOOD	DE	P51G	13.45535373160047
PL	AGRI_FOOD	DE	P5M	173.0631505447166
PL	AGRI_FOOD	FR	P3_S13	2.7052378671419572
PL	AGRI_FOOD	FR	P3_S14	552.5434202385932
PL	AGRI_FOOD	FR	P51G	3.635008315649784
PL	AGRI_FOOD	FR	P5M	14.741238502758609
PL	AGRI_FOOD	IT	P3_S13	0.1757135786942425
PL	AGRI_FOOD	IT	P3_S14	466.16121596480673
PL	AGRI_FOOD	IT	P51G	3.4470060754962857
PL	AGRI_FOOD	IT	P5M	5.34359044782398
PL	AGRI_FOOD	PL	P3_S13	727.3163843356108
PL	AGRI_FOOD	PL	P3_S14	28721.73574792099
PL	AGRI_FOOD	PL	P3_S15	7.358809906742797
PL	AGRI_FOOD	PL	P51G	291.36446058207036
PL	AGRI_FOOD	PL	P5M	-880.4583582336263
PL	AGRI_FOOD	REU	P3_S13	5.308399974654571
PL	AGRI_FOOD	REU	P3_S14	5021.354225535908
PL	AGRI_FOOD	REU	P3_S15	0.43294159095486373
PL	AGRI_FOOD	REU	P51G	37.92717479582385
PL	AGRI_FOOD	REU	P5M	84.79012091899844
PL	AGRI_FOOD	ROW	P3_S13	90.89873428517267
PL	AGRI_FOOD	ROW	P3_S14	2929.983082178621
PL	AGRI_FOOD	ROW	P3_S15	1.2746735997266596
PL	AGRI_FOOD	ROW	P51G	51.42445992168059
PL	AGRI_FOOD	ROW	P5M	12.571578689116226
PL	AGRI_FOOD	SK	P3_S13	0.23463076528909826
PL	AGRI_FOOD	SK	P3_S14	386.6056081479644
PL	AGRI_FOOD	SK	P51G	3.655054441070731
PL	AGRI_FOOD	SK	P5M	-0.43449822110678543
PL	BASIC_METALS	DE	P3_S13	0.641610095377687
PL	BASIC_METALS	DE	P3_S14	24.36330845366655
PL	BASIC_METALS	DE	P51G	54.7080023812512
PL	BASIC_METALS	DE	P5M	-27.241878886328887
PL	BASIC_METALS	FR	P3_S13	0.7065632595550918
PL	BASIC_METALS	FR	P3_S14	8.46309526086502
PL	BASIC_METALS	FR	P51G	3.372672717248131
PL	BASIC_METALS	FR	P5M	1.349937360405465
PL	BASIC_METALS	IT	P3_S13	0.08754872528222798
PL	BASIC_METALS	IT	P3_S14	9.503981468986924
PL	BASIC_METALS	IT	P51G	4.850716242396997
PL	BASIC_METALS	IT	P5M	0.08248031463094711
PL	BASIC_METALS	PL	P3_S13	10.565283038131238
PL	BASIC_METALS	PL	P3_S14	173.8009937434771
PL	BASIC_METALS	PL	P3_S15	0.6696044262576609
PL	BASIC_METALS	PL	P51G	186.25141342027803
PL	BASIC_METALS	PL	P5M	78.79545099201191
PL	BASIC_METALS	REU	P3_S13	2.1335347891222085
PL	BASIC_METALS	REU	P3_S14	61.616223104303344
PL	BASIC_METALS	REU	P3_S15	0.005574555997662274
PL	BASIC_METALS	REU	P51G	55.85660923825814
PL	BASIC_METALS	REU	P5M	4.716338480907833
PL	BASIC_METALS	ROW	P3_S13	1.0821046140688977
PL	BASIC_METALS	ROW	P3_S14	28.134373586614476
PL	BASIC_METALS	ROW	P3_S15	0.009976398259673102
PL	BASIC_METALS	ROW	P51G	27.64897335859197
PL	BASIC_METALS	ROW	P5M	14.272288915197691
PL	BASIC_METALS	SK	P3_S13	0.24783249114904524
PL	BASIC_METALS	SK	P3_S14	1.8994886210204007
PL	BASIC_METALS	SK	P51G	0.8007717974250378
PL	BASIC_METALS	SK	P5M	-2.0786268394491123
PL	CONSTRUCTION	DE	P3_S13	0.6660174231295346
PL	CONSTRUCTION	DE	P3_S14	46.88017406928478
PL	CONSTRUCTION	DE	P51G	577.9636408569648
PL	CONSTRUCTION	DE	P5M	6.839848536215787
PL	CONSTRUCTION	FR	P3_S13	7.945412057338595
PL	CONSTRUCTION	FR	P3_S14	12.750877984450296
PL	CONSTRUCTION	FR	P51G	8.955868003511503
PL	CONSTRUCTION	FR	P5M	5.860470240089642
PL	CONSTRUCTION	IT	P3_S13	0.09662606151611826
PL	CONSTRUCTION	IT	P3_S14	7.550961007166139
PL	CONSTRUCTION	IT	P51G	4.208685322451682
PL	CONSTRUCTION	IT	P5M	0.09949785508038994
PL	CONSTRUCTION	PL	P3_S13	99.16417956219091
PL	CONSTRUCTION	PL	P3_S14	7539.401772920069
PL	CONSTRUCTION	PL	P3_S15	12.228777525966036
PL	CONSTRUCTION	PL	P51G	33163.2891419533
PL	CONSTRUCTION	PL	P5M	1173.6896126535187
PL	CONSTRUCTION	REU	P3_S13	20.11805038392051
PL	CONSTRUCTION	REU	P3_S14	76.6879735749821
PL	CONSTRUCTION	REU	P3_S15	0.20085025598396428
PL	CONSTRUCTION	REU	P51G	276.67331973757723
PL	CONSTRUCTION	REU	P5M	20.63367094425019
PL	CONSTRUCTION	ROW	P3_S13	6.483957317170235
PL	CONSTRUCTION	ROW	P3_S14	54.74699488102106
PL	CONSTRUCTION	ROW	P3_S15	0.7463440141549612
PL	CONSTRUCTION	ROW	P51G	243.72726156497336
PL	CONSTRUCTION	ROW	P5M	6.0986910193440105
PL	CONSTRUCTION	SK	P3_S13	0.20299129636277966
PL	CONSTRUCTION	SK	P3_S14	1.481346104994693
PL	CONSTRUCTION	SK	P51G	0.7252468030697992
PL	CONSTRUCTION	SK	P5M	0.4464474230560472
PL	EXTRACTIVE	DE	P3_S13	0.5474378158339489
PL	EXTRACTIVE	DE	P3_S14	16.597715292949033
PL	EXTRACTIVE	DE	P51G	15.241202832199006
PL	EXTRACTIVE	DE	P5M	-18.308916882976572
PL	EXTRACTIVE	FR	P3_S13	0.18388999880765672
PL	EXTRACTIVE	FR	P3_S14	1.323443242274224
PL	EXTRACTIVE	FR	P51G	0.79481798087073
PL	EXTRACTIVE	FR	P5M	-0.38146190213889175
PL	EXTRACTIVE	IT	P3_S13	0.01609138312835478
PL	EXTRACTIVE	IT	P3_S14	1.6871259796689184
PL	EXTRACTIVE	IT	P51G	0.705838498348348
PL	EXTRACTIVE	IT	P5M	0.016392072233742172
PL	EXTRACTIVE	PL	P3_S13	130.70622214158385
PL	EXTRACTIVE	PL	P3_S14	898.0148750209551
PL	EXTRACTIVE	PL	P3_S15	1.9183551279440412
PL	EXTRACTIVE	PL	P51G	274.45989576008503
PL	EXTRACTIVE	PL	P5M	-498.4116348832739
PL	EXTRACTIVE	REU	P3_S13	0.543164162726324
PL	EXTRACTIVE	REU	P3_S14	15.247637455601524
PL	EXTRACTIVE	REU	P3_S15	0.0060329651200340655
PL	EXTRACTIVE	REU	P51G	15.154797676750704
PL	EXTRACTIVE	REU	P5M	-2.905305077566566
PL	EXTRACTIVE	ROW	P3_S13	0.9835942547118391
PL	EXTRACTIVE	ROW	P3_S14	21.225419903859585
PL	EXTRACTIVE	ROW	P3_S15	0.01695582324904883
PL	EXTRACTIVE	ROW	P51G	12.361428222439363
PL	EXTRACTIVE	ROW	P5M	5.613090380449678
PL	EXTRACTIVE	SK	P3_S13	0.03804422217434724
PL	EXTRACTIVE	SK	P3_S14	1.158444990932378
PL	EXTRACTIVE	SK	P51G	0.09883374541915445
PL	EXTRACTIVE	SK	P5M	-1.5680707766571917
PL	INC_EE	DE	P3_S13	0.0005599285886530188
PL	INC_EE	DE	P3_S14	0.018750481878852827
PL	INC_EE	DE	P51G	0.012333894168845224
PL	INC_EE	DE	P5M	-0.0008695437040882627
PL	INC_EE	FR	P3_S13	0.0005645628248803888
PL	INC_EE	FR	P3_S14	0.007630436156383259
PL	INC_EE	FR	P51G	0.002466897184178928
PL	INC_EE	FR	P5M	0.0005442293492996062
PL	INC_EE	IT	P3_S13	7.718494055338211e-5
PL	INC_EE	IT	P3_S14	0.004690748199809263
PL	INC_EE	IT	P51G	0.0017455202892025798
PL	INC_EE	IT	P5M	9.604844292705556e-5
PL	INC_EE	PL	P3_S13	1.4498882520485663
PL	INC_EE	PL	P3_S14	6.923544099604143
PL	INC_EE	PL	P3_S15	0.008293936825090263
PL	INC_EE	PL	P51G	0.25729925709278356
PL	INC_EE	PL	P5M	0.028192233313842133
PL	INC_EE	REU	P3_S13	0.0018956305301412813
PL	INC_EE	REU	P3_S14	0.12040443958150081
PL	INC_EE	REU	P3_S15	6.661112684607518e-5
PL	INC_EE	REU	P51G	0.022977737424948103
PL	INC_EE	REU	P5M	0.012530072396268644
PL	INC_EE	ROW	P3_S13	0.024017538643816536
PL	INC_EE	ROW	P3_S14	0.08400614080425695
PL	INC_EE	ROW	P3_S15	0.0001398018092119374
PL	INC_EE	ROW	P51G	0.016062364029424916
PL	INC_EE	ROW	P5M	0.002706796214452142
PL	INC_EE	SK	P3_S13	0.0001144933650438968
PL	INC_EE	SK	P3_S14	0.019787882927494352
PL	INC_EE	SK	P51G	0.00027034425305124635
PL	INC_EE	SK	P5M	-6.710078908415509e-5
PL	METAL_COMPONENTS	DE	P3_S13	2.33574475828272
PL	METAL_COMPONENTS	DE	P3_S14	149.8138196706199
PL	METAL_COMPONENTS	DE	P51G	369.5387903776901
PL	METAL_COMPONENTS	DE	P5M	83.70859704649513
PL	METAL_COMPONENTS	FR	P3_S13	2.5501518291649314
PL	METAL_COMPONENTS	FR	P3_S14	56.71039419884599
PL	METAL_COMPONENTS	FR	P51G	21.112999133629568
PL	METAL_COMPONENTS	FR	P5M	5.559611894154743
PL	METAL_COMPONENTS	IT	P3_S13	0.3121813946505234
PL	METAL_COMPONENTS	IT	P3_S14	52.18475172040358
PL	METAL_COMPONENTS	IT	P51G	28.664989191905818
PL	METAL_COMPONENTS	IT	P5M	0.2951851064521578
PL	METAL_COMPONENTS	PL	P3_S13	33.02987933215341
PL	METAL_COMPONENTS	PL	P3_S14	735.3698179849823
PL	METAL_COMPONENTS	PL	P3_S15	4.41260627180783
PL	METAL_COMPONENTS	PL	P51G	2689.501296633183
PL	METAL_COMPONENTS	PL	P5M	643.5606559848538
PL	METAL_COMPONENTS	REU	P3_S13	7.849466609270085
PL	METAL_COMPONENTS	REU	P3_S14	376.8441296524773
PL	METAL_COMPONENTS	REU	P3_S15	0.026900847259460077
PL	METAL_COMPONENTS	REU	P51G	399.3232578926648
PL	METAL_COMPONENTS	REU	P5M	1.7843737040808025
PL	METAL_COMPONENTS	ROW	P3_S13	4.337233773502034
PL	METAL_COMPONENTS	ROW	P3_S14	180.80387552760067
PL	METAL_COMPONENTS	ROW	P3_S15	0.03272404798804685
PL	METAL_COMPONENTS	ROW	P51G	228.13841097592558
PL	METAL_COMPONENTS	ROW	P5M	35.15886206706966
PL	METAL_COMPONENTS	SK	P3_S13	0.8756006559258364
PL	METAL_COMPONENTS	SK	P3_S14	9.280713714504687
PL	METAL_COMPONENTS	SK	P51G	5.144636446427959
PL	METAL_COMPONENTS	SK	P5M	4.7946689216227885
PL	NEW_ELMA	DE	P3_S13	0.4642531674046463
PL	NEW_ELMA	DE	P3_S14	144.8238144225436
PL	NEW_ELMA	DE	P51G	227.22286840670745
PL	NEW_ELMA	DE	P5M	67.59880500140217
PL	NEW_ELMA	FR	P3_S13	0.4365676493519178
PL	NEW_ELMA	FR	P3_S14	91.83193431742234
PL	NEW_ELMA	FR	P51G	29.98563112933077
PL	NEW_ELMA	FR	P5M	15.026658058928648
PL	NEW_ELMA	IT	P3_S13	0.05769864888441831
PL	NEW_ELMA	IT	P3_S14	74.23052882149285
PL	NEW_ELMA	IT	P51G	54.61525597651248
PL	NEW_ELMA	IT	P5M	0.057311159835561724
PL	NEW_ELMA	PL	P3_S13	25.128265335892046
PL	NEW_ELMA	PL	P3_S14	768.2710653501675
PL	NEW_ELMA	PL	P3_S15	2.6902642151592415
PL	NEW_ELMA	PL	P51G	532.4759811152813
PL	NEW_ELMA	PL	P5M	58.14083240215938
PL	NEW_ELMA	REU	P3_S13	1.91790725686903
PL	NEW_ELMA	REU	P3_S14	555.2785862413448
PL	NEW_ELMA	REU	P3_S15	0.024113279145726377
PL	NEW_ELMA	REU	P51G	429.8455734235134
PL	NEW_ELMA	REU	P5M	49.287685935584896
PL	NEW_ELMA	ROW	P3_S13	2.5496507047486334
PL	NEW_ELMA	ROW	P3_S14	272.1926698674327
PL	NEW_ELMA	ROW	P3_S15	0.022163202656645883
PL	NEW_ELMA	ROW	P51G	270.4956397089373
PL	NEW_ELMA	ROW	P5M	42.20854169849263
PL	NEW_ELMA	SK	P3_S13	0.12935059122433037
PL	NEW_ELMA	SK	P3_S14	10.643155132321644
PL	NEW_ELMA	SK	P51G	12.010427214105903
PL	NEW_ELMA	SK	P5M	6.442899566558886
PL	NEW_OFMA	DE	P3_S13	0.08344473353909782
PL	NEW_OFMA	DE	P3_S14	3.6983652676544616
PL	NEW_OFMA	DE	P51G	4.879171018043534
PL	NEW_OFMA	DE	P5M	4.336839545266887
PL	NEW_OFMA	FR	P3_S13	0.013438414888897078
PL	NEW_OFMA	FR	P3_S14	1.2508142415932682
PL	NEW_OFMA	FR	P51G	0.7666307603243693
PL	NEW_OFMA	FR	P5M	0.09864353503425931
PL	NEW_OFMA	IT	P3_S13	0.0010057742722142122
PL	NEW_OFMA	IT	P3_S14	1.380078569293245
PL	NEW_OFMA	IT	P51G	1.3998140884381811
PL	NEW_OFMA	IT	P5M	0.0009643161075057698
PL	NEW_OFMA	PL	P3_S13	0.3090261791247875
PL	NEW_OFMA	PL	P3_S14	11.365839349395078
PL	NEW_OFMA	PL	P3_S15	0.03285149391738195
PL	NEW_OFMA	PL	P51G	11.547671030497355
PL	NEW_OFMA	PL	P5M	-2.2761431110249903
PL	NEW_OFMA	REU	P3_S13	0.06619065840077112
PL	NEW_OFMA	REU	P3_S14	10.649346722744877
PL	NEW_OFMA	REU	P3_S15	0.00015853731790820932
PL	NEW_OFMA	REU	P51G	16.42782221543125
PL	NEW_OFMA	REU	P5M	0.3644809713082913
PL	NEW_OFMA	ROW	P3_S13	0.28379773471063013
PL	NEW_OFMA	ROW	P3_S14	4.097400803852164
PL	NEW_OFMA	ROW	P3_S15	0.00017651803199040912
PL	NEW_OFMA	ROW	P51G	5.9181793172181765
PL	NEW_OFMA	ROW	P5M	0.5003770100012016
PL	NEW_OFMA	SK	P3_S13	0.0027010691198234506
PL	NEW_OFMA	SK	P3_S14	0.1353228116306255
PL	NEW_OFMA	SK	P51G	0.13996511505155002
PL	NEW_OFMA	SK	P5M	0.08915152361586003
PL	NEW_RATV	DE	P3_S13	3.482995018305618
PL	NEW_RATV	DE	P3_S14	140.9435950055252
PL	NEW_RATV	DE	P51G	185.96528137623875
PL	NEW_RATV	DE	P5M	165.29422812863405
PL	NEW_RATV	FR	P3_S13	0.8554657134033363
PL	NEW_RATV	FR	P3_S14	47.805776611366745
PL	NEW_RATV	FR	P51G	29.43383629945304
PL	NEW_RATV	FR	P5M	4.028691173945606
PL	NEW_RATV	IT	P3_S13	0.038308969591742265
PL	NEW_RATV	IT	P3_S14	52.78544360622853
PL	NEW_RATV	IT	P51G	53.531449004169794
PL	NEW_RATV	IT	P5M	0.03673301341342313
PL	NEW_RATV	PL	P3_S13	12.29879276153959
PL	NEW_RATV	PL	P3_S14	432.62360915068757
PL	NEW_RATV	PL	P3_S15	1.6826321529919321
PL	NEW_RATV	PL	P51G	439.88654662834375
PL	NEW_RATV	PL	P5M	-86.40718281256024
PL	NEW_RATV	REU	P3_S13	2.742800546042433
PL	NEW_RATV	REU	P3_S14	405.3802943555367
PL	NEW_RATV	REU	P3_S15	0.011466176869466115
PL	NEW_RATV	REU	P51G	625.3052528462629
PL	NEW_RATV	REU	P5M	14.083962088945146
PL	NEW_RATV	ROW	P3_S13	10.9279659952277
PL	NEW_RATV	ROW	P3_S14	155.7932340632348
PL	NEW_RATV	ROW	P3_S15	0.048161884929733424
PL	NEW_RATV	ROW	P51G	225.26500730623368
PL	NEW_RATV	ROW	P5M	19.262820156052538
PL	NEW_RATV	SK	P3_S13	0.10285338501374203
PL	NEW_RATV	SK	P3_S14	5.4038190884515345
PL	NEW_RATV	SK	P51G	5.682046360200756
PL	NEW_RATV	SK	P5M	3.695787073851441
PL	OTHER_MANUFACTURING	DE	P3_S13	120.23152209615375
PL	OTHER_MANUFACTURING	DE	P3_S14	3728.3586242615916
PL	OTHER_MANUFACTURING	DE	P51G	3079.723497262695
PL	OTHER_MANUFACTURING	DE	P5M	781.6511153814232
PL	OTHER_MANUFACTURING	FR	P3_S13	131.89966262153857
PL	OTHER_MANUFACTURING	FR	P3_S14	1166.0701360325086
PL	OTHER_MANUFACTURING	FR	P51G	394.68156159175555
PL	OTHER_MANUFACTURING	FR	P5M	126.37699439377958
PL	OTHER_MANUFACTURING	IT	P3_S13	16.399939748595195
PL	OTHER_MANUFACTURING	IT	P3_S14	1548.5569161807916
PL	OTHER_MANUFACTURING	IT	P51G	761.8125877188841
PL	OTHER_MANUFACTURING	IT	P5M	15.396215961974592
PL	OTHER_MANUFACTURING	PL	P3_S13	490.98966700438956
PL	OTHER_MANUFACTURING	PL	P3_S14	15245.004524302958
PL	OTHER_MANUFACTURING	PL	P3_S15	34.36718139184064
PL	OTHER_MANUFACTURING	PL	P51G	6770.166451467015
PL	OTHER_MANUFACTURING	PL	P5M	184.58936777019431
PL	OTHER_MANUFACTURING	REU	P3_S13	395.1008020330982
PL	OTHER_MANUFACTURING	REU	P3_S14	9017.97910456124
PL	OTHER_MANUFACTURING	REU	P3_S15	0.6433692160166594
PL	OTHER_MANUFACTURING	REU	P51G	5150.580057089668
PL	OTHER_MANUFACTURING	REU	P5M	595.5498675290318
PL	OTHER_MANUFACTURING	ROW	P3_S13	166.126860151953
PL	OTHER_MANUFACTURING	ROW	P3_S14	3568.3405848378743
PL	OTHER_MANUFACTURING	ROW	P3_S15	0.5307318202843493
PL	OTHER_MANUFACTURING	ROW	P51G	2790.0826828193967
PL	OTHER_MANUFACTURING	ROW	P5M	293.22578590553053
PL	OTHER_MANUFACTURING	SK	P3_S13	47.15258992350274
PL	OTHER_MANUFACTURING	SK	P3_S14	306.7644743745686
PL	OTHER_MANUFACTURING	SK	P51G	120.99482819523139
PL	OTHER_MANUFACTURING	SK	P5M	61.76892688439637
PL	OTHER_SERVICES	DE	P3_S13	4.281687813870963
PL	OTHER_SERVICES	DE	P3_S14	371.6784482976749
PL	OTHER_SERVICES	DE	P51G	286.22895527651747
PL	OTHER_SERVICES	DE	P5M	65.97028113774998
PL	OTHER_SERVICES	FR	P3_S13	5.0600040540206255
PL	OTHER_SERVICES	FR	P3_S14	157.8612084796315
PL	OTHER_SERVICES	FR	P51G	254.36018005044056
PL	OTHER_SERVICES	FR	P5M	5.493634832698338
PL	OTHER_SERVICES	IT	P3_S13	0.4152634576682323
PL	OTHER_SERVICES	IT	P3_S14	35.530083155345906
PL	OTHER_SERVICES	IT	P51G	42.32924282574676
PL	OTHER_SERVICES	IT	P5M	0.7246187644860421
PL	OTHER_SERVICES	PL	P3_S13	7289.943246455635
PL	OTHER_SERVICES	PL	P3_S14	65327.61662570604
PL	OTHER_SERVICES	PL	P3_S15	1368.099996783449
PL	OTHER_SERVICES	PL	P51G	10025.718223747597
PL	OTHER_SERVICES	PL	P5M	397.784136107628
PL	OTHER_SERVICES	REU	P3_S13	32.22762166362182
PL	OTHER_SERVICES	REU	P3_S14	1131.153001089656
PL	OTHER_SERVICES	REU	P3_S15	0.600178915980537
PL	OTHER_SERVICES	REU	P51G	1211.8390872539414
PL	OTHER_SERVICES	REU	P5M	63.46223502031166
PL	OTHER_SERVICES	ROW	P3_S13	96.34083009980061
PL	OTHER_SERVICES	ROW	P3_S14	994.8756555908093
PL	OTHER_SERVICES	ROW	P3_S15	2.9915884803307082
PL	OTHER_SERVICES	ROW	P51G	650.8881150692088
PL	OTHER_SERVICES	ROW	P5M	16.84184191490792
PL	OTHER_SERVICES	SK	P3_S13	1.456677588094897
PL	OTHER_SERVICES	SK	P3_S14	12.539955744753318
PL	OTHER_SERVICES	SK	P51G	7.66638133750737
PL	OTHER_SERVICES	SK	P5M	2.665428003176585
PL	PUBLIC_SOCIAL	DE	P3_S13	38.500878935829135
PL	PUBLIC_SOCIAL	DE	P3_S14	20.434566361449324
PL	PUBLIC_SOCIAL	DE	P51G	3.151506904176228
PL	PUBLIC_SOCIAL	DE	P5M	0.749930785527919
PL	PUBLIC_SOCIAL	FR	P3_S13	6.610115582140793
PL	PUBLIC_SOCIAL	FR	P3_S14	3.936762181700569
PL	PUBLIC_SOCIAL	FR	P51G	3.1763721576224175
PL	PUBLIC_SOCIAL	FR	P5M	0.11294352684742966
PL	PUBLIC_SOCIAL	IT	P3_S13	0.011589821895501364
PL	PUBLIC_SOCIAL	IT	P3_S14	0.4981335781978598
PL	PUBLIC_SOCIAL	IT	P51G	0.4620056563014114
PL	PUBLIC_SOCIAL	IT	P5M	0.020153680081885946
PL	PUBLIC_SOCIAL	PL	P3_S13	57336.97631425629
PL	PUBLIC_SOCIAL	PL	P3_S14	10317.284631852304
PL	PUBLIC_SOCIAL	PL	P3_S15	1789.6049415455964
PL	PUBLIC_SOCIAL	PL	P51G	255.0399144296488
PL	PUBLIC_SOCIAL	PL	P5M	4.324033533051886
PL	PUBLIC_SOCIAL	REU	P3_S13	6.337729799968195
PL	PUBLIC_SOCIAL	REU	P3_S14	37.33208939648965
PL	PUBLIC_SOCIAL	REU	P3_S15	0.09276494476216283
PL	PUBLIC_SOCIAL	REU	P51G	15.37230117281204
PL	PUBLIC_SOCIAL	REU	P5M	1.155629652456104
PL	PUBLIC_SOCIAL	ROW	P3_S13	35.617513755996214
PL	PUBLIC_SOCIAL	ROW	P3_S14	48.9404278957157
PL	PUBLIC_SOCIAL	ROW	P3_S15	0.6098512248757363
PL	PUBLIC_SOCIAL	ROW	P51G	10.908137870573224
PL	PUBLIC_SOCIAL	ROW	P5M	0.7695765235003817
PL	PUBLIC_SOCIAL	SK	P3_S13	0.018031193407853342
PL	PUBLIC_SOCIAL	SK	P3_S14	0.27767729147134323
PL	PUBLIC_SOCIAL	SK	P51G	0.0863176912134497
PL	PUBLIC_SOCIAL	SK	P5M	0.02487158290689704
PL	REC_EE	DE	P5M	-0.0005415634762142664
PL	REC_EE	FR	P5M	0.00032382705157537597
PL	REC_EE	IT	P5M	5.7245551896309006e-5
PL	REC_EE	PL	P5M	0.016409608487053307
PL	REC_EE	REU	P5M	0.007509947919661475
PL	REC_EE	ROW	P3_S13	0.01442116009924497
PL	REC_EE	ROW	P3_S14	0.05044023090864268
PL	REC_EE	ROW	P3_S15	8.379817336316838e-5
PL	REC_EE	ROW	P51G	0.009568205432819396
PL	REC_EE	ROW	P5M	0.0016169496885549551
PL	REC_EE	SK	P5M	-4.134670303067517e-5
PL	REF_ELMA	DE	P3_S13	0.08142179741013397
PL	REF_ELMA	DE	P3_S14	3.7685057378368136
PL	REF_ELMA	DE	P51G	2.7087431186824884
PL	REF_ELMA	DE	P5M	0.947599390748545
PL	REF_ELMA	FR	P3_S13	0.09433507344684894
PL	REF_ELMA	FR	P3_S14	1.213139434574751
PL	REF_ELMA	FR	P51G	0.6380122677692492
PL	REF_ELMA	FR	P5M	0.11204582038906363
PL	REF_ELMA	IT	P3_S13	0.01082481727879208
PL	REF_ELMA	IT	P3_S14	1.3148537826233408
PL	REF_ELMA	IT	P51G	0.6337650175271738
PL	REF_ELMA	IT	P5M	0.013443987923291914
PL	REF_ELMA	PL	P3_S13	13.849840609350732
PL	REF_ELMA	PL	P3_S14	137.34053804062196
PL	REF_ELMA	PL	P3_S15	0.7644623498810722
PL	REF_ELMA	PL	P51G	115.272527423753
PL	REF_ELMA	PL	P5M	31.597886035021517
PL	REF_ELMA	REU	P3_S13	0.4200806866891639
PL	REF_ELMA	REU	P3_S14	11.496121159214788
PL	REF_ELMA	REU	P3_S15	0.007350954600021463
PL	REF_ELMA	REU	P51G	6.240464216307819
PL	REF_ELMA	REU	P5M	0.4786811256930817
PL	REF_ELMA	ROW	P3_S13	0.6498133472666107
PL	REF_ELMA	ROW	P3_S14	8.969242617663165
PL	REF_ELMA	ROW	P3_S15	0.0042741634178316435
PL	REF_ELMA	ROW	P51G	5.449427207561746
PL	REF_ELMA	ROW	P5M	0.47852105972869396
PL	REF_ELMA	SK	P3_S13	0.028549278216722044
PL	REF_ELMA	SK	P3_S14	0.4111561631844475
PL	REF_ELMA	SK	P51G	0.08739629104434898
PL	REF_ELMA	SK	P5M	0.04401747614176496
PL	REF_OFMA	DE	P3_S13	0.0022716067191779553
PL	REF_OFMA	DE	P3_S14	0.11215834415386125
PL	REF_OFMA	DE	P51G	0.07025872804612678
PL	REF_OFMA	DE	P5M	0.018547737075354898
PL	REF_OFMA	FR	P3_S13	0.002691135743127509
PL	REF_OFMA	FR	P3_S14	0.03544057888620476
PL	REF_OFMA	FR	P51G	0.01212208828000706
PL	REF_OFMA	FR	P5M	0.0029645965367407034
PL	REF_OFMA	IT	P3_S13	0.0003025883600581422
PL	REF_OFMA	IT	P3_S14	0.037801859670350116
PL	REF_OFMA	IT	P51G	0.015019192609575498
PL	REF_OFMA	IT	P5M	0.00040298430821237056
PL	REF_OFMA	PL	P3_S13	0.486934748773867
PL	REF_OFMA	PL	P3_S14	4.83943668382201
PL	REF_OFMA	PL	P3_S15	0.023884682567521135
PL	REF_OFMA	PL	P51G	1.6613561626478466
PL	REF_OFMA	PL	P5M	1.1449596226332965
PL	REF_OFMA	REU	P3_S13	0.008113182004664042
PL	REF_OFMA	REU	P3_S14	0.3519736052993478
PL	REF_OFMA	REU	P3_S15	6.123970404626885e-5
PL	REF_OFMA	REU	P51G	0.17155326875166216
PL	REF_OFMA	REU	P5M	0.010697237723805321
PL	REF_OFMA	ROW	P3_S13	0.017031902084684105
PL	REF_OFMA	ROW	P3_S14	0.29656515895413477
PL	REF_OFMA	ROW	P3_S15	0.00014331380905470748
PL	REF_OFMA	ROW	P51G	0.15104159126175354
PL	REF_OFMA	ROW	P5M	0.008098624713739752
PL	REF_OFMA	SK	P3_S13	0.0007894839955872823
PL	REF_OFMA	SK	P3_S14	0.013147259377066137
PL	REF_OFMA	SK	P51G	0.0022571479072629667
PL	REF_OFMA	SK	P5M	0.001067958977624727
PL	REF_RATV	DE	P3_S13	0.08684103610167256
PL	REF_RATV	DE	P3_S14	4.2833155075708715
PL	REF_RATV	DE	P51G	2.688249273698338
PL	REF_RATV	DE	P5M	0.7324679758882389
PL	REF_RATV	FR	P3_S13	0.10273604509399349
PL	REF_RATV	FR	P3_S14	1.354190612841231
PL	REF_RATV	FR	P51G	0.4839688576023298
PL	REF_RATV	FR	P5M	0.11342981119859255
PL	REF_RATV	IT	P3_S13	0.01155217569981404
PL	REF_RATV	IT	P3_S14	1.444093278419744
PL	REF_RATV	IT	P51G	0.578128842111425
PL	REF_RATV	IT	P5M	0.015382256635095745
PL	REF_RATV	PL	P3_S13	19.06142319478977
PL	REF_RATV	PL	P3_S14	184.47062994520599
PL	REF_RATV	PL	P3_S15	1.0203970117888486
PL	REF_RATV	PL	P51G	63.773893337170406
PL	REF_RATV	PL	P5M	43.87211745844673
PL	REF_RATV	REU	P3_S13	0.501525693316517
PL	REF_RATV	REU	P3_S14	13.620581096264859
PL	REF_RATV	REU	P3_S15	0.012168880695677268
PL	REF_RATV	REU	P51G	6.795718894906385
PL	REF_RATV	REU	P5M	0.6007066970212681
PL	REF_RATV	ROW	P3_S13	0.819132618740984
PL	REF_RATV	ROW	P3_S14	11.265098459386984
PL	REF_RATV	ROW	P3_S15	0.005481728171701856
PL	REF_RATV	ROW	P51G	5.884114318961704
PL	REF_RATV	ROW	P5M	0.5590664279539916
PL	REF_RATV	SK	P3_S13	0.030116639735158168
PL	REF_RATV	SK	P3_S14	0.5014810768672467
PL	REF_RATV	SK	P51G	0.08639271710979426
PL	REF_RATV	SK	P5M	0.04089955816606139
PL	REP_ELMA	DE	P3_S13	0.0006399732605824592
PL	REP_ELMA	DE	P3_S14	0.011828127153129255
PL	REP_ELMA	DE	P51G	0.007599179437486938
PL	REP_ELMA	DE	P5M	0.005479686639806223
PL	REP_ELMA	FR	P3_S13	0.0005591587606736814
PL	REP_ELMA	FR	P3_S14	0.002462262565753121
PL	REP_ELMA	FR	P51G	0.0016312223133247712
PL	REP_ELMA	FR	P5M	0.00048252476862132627
PL	REP_ELMA	IT	P3_S13	9.420835087616016e-5
PL	REP_ELMA	IT	P3_S14	0.0025118566136307814
PL	REP_ELMA	IT	P51G	0.0019883589665286375
PL	REP_ELMA	IT	P5M	0.00010212978026466063
PL	REP_ELMA	PL	P3_S13	0.021089733936381125
PL	REP_ELMA	PL	P3_S14	6.566027677577685
PL	REP_ELMA	PL	P3_S15	0.0021736751290289268
PL	REP_ELMA	PL	P51G	0.08325016578917104
PL	REP_ELMA	PL	P5M	0.02345327933704053
PL	REP_ELMA	REU	P3_S13	0.0018897865802228859
PL	REP_ELMA	REU	P3_S14	0.03091571676810816
PL	REP_ELMA	REU	P3_S15	0.00010307589989258064
PL	REP_ELMA	REU	P51G	0.02759269936392277
PL	REP_ELMA	REU	P5M	0.0023176348550852047
PL	REP_ELMA	ROW	P3_S13	0.001756338535983094
PL	REP_ELMA	ROW	P3_S14	0.20128610710198455
PL	REP_ELMA	ROW	P3_S15	7.6714614775594e-5
PL	REP_ELMA	ROW	P51G	0.016582016703298022
PL	REP_ELMA	ROW	P5M	0.0019860207380933094
PL	REP_ELMA	SK	P3_S13	8.997743665898266e-5
PL	REP_ELMA	SK	P3_S14	0.0003967455628176102
PL	REP_ELMA	SK	P51G	0.0002586262820480686
PL	REP_ELMA	SK	P5M	0.00016555464377099454
PL	REP_OFMA	PL	P3_S14	0.0004813930987389723
PL	REP_OFMA	PL	P5M	-0.0018785689245010282
PL	REP_RATV	DE	P3_S13	4.72654962619352e-5
PL	REP_RATV	DE	P3_S14	0.0008110881358935946
PL	REP_RATV	DE	P51G	0.00047336435412556583
PL	REP_RATV	DE	P5M	0.0003796470558047921
PL	REP_RATV	FR	P3_S13	4.109382461044744e-5
PL	REP_RATV	FR	P3_S14	0.0001507116904208839
PL	REP_RATV	FR	P51G	0.00010581914489300166
PL	REP_RATV	FR	P5M	3.450180852153426e-5
PL	REP_RATV	IT	P3_S13	7.148098916492624e-6
PL	REP_RATV	IT	P3_S14	0.0001460245817533918
PL	REP_RATV	IT	P51G	0.00012544761030980312
PL	REP_RATV	IT	P5M	7.802706478145784e-6
PL	REP_RATV	PL	P3_S13	0.0015275869918560086
PL	REP_RATV	PL	P3_S14	0.5067559560044947
PL	REP_RATV	PL	P3_S15	0.00013218951814131968
PL	REP_RATV	PL	P51G	0.006075228305692962
PL	REP_RATV	PL	P5M	-0.004031272785033105
PL	REP_RATV	REU	P3_S13	0.0001397489773411277
PL	REP_RATV	REU	P3_S14	0.002156135754940642
PL	REP_RATV	REU	P3_S15	8.322606448827553e-6
PL	REP_RATV	REU	P51G	0.001914425084389136
PL	REP_RATV	REU	P5M	0.0001654225707109345
PL	REP_RATV	ROW	P3_S13	0.0001325450814251936
PL	REP_RATV	ROW	P3_S14	0.012371147714556555
PL	REP_RATV	ROW	P3_S15	6.10371716698528e-6
PL	REP_RATV	ROW	P51G	0.001207932216184303
PL	REP_RATV	ROW	P5M	0.00014852031653090099
PL	REP_RATV	SK	P3_S13	5.89250535227896e-6
PL	REP_RATV	SK	P3_S14	2.1846005373015093e-5
PL	REP_RATV	SK	P51G	1.6019411999785603e-5
PL	REP_RATV	SK	P5M	1.0754647470300369e-5
PL	REU_ELMA	DE	P3_S13	0.1120826696609665
PL	REU_ELMA	DE	P3_S14	0.3336735686664469
PL	REU_ELMA	DE	P51G	0.2098468832440807
PL	REU_ELMA	DE	P5M	0.19554675707961255
PL	REU_ELMA	FR	P3_S13	0.07958993159499342
PL	REU_ELMA	FR	P3_S14	0.11850596695856497
PL	REU_ELMA	FR	P51G	0.09694600408539997
PL	REU_ELMA	FR	P5M	0.056058357596799537
PL	REU_ELMA	IT	P3_S13	0.013808833965179856
PL	REU_ELMA	IT	P3_S14	0.06487127387069884
PL	REU_ELMA	IT	P51G	0.03633348686631348
PL	REU_ELMA	IT	P5M	0.017085769528495706
PL	REU_ELMA	PL	P3_S13	2.6722637269389007
PL	REU_ELMA	PL	P3_S14	129.26712992449708
PL	REU_ELMA	PL	P3_S15	0.233924695759745
PL	REU_ELMA	PL	P51G	5.665678332652717
PL	REU_ELMA	PL	P5M	2.548802267276054
PL	REU_ELMA	REU	P3_S13	0.29362406414615905
PL	REU_ELMA	REU	P3_S14	2.7094143911859927
PL	REU_ELMA	REU	P3_S15	0.01593439369013642
PL	REU_ELMA	REU	P51G	1.0585154485459718
PL	REU_ELMA	REU	P5M	0.3049705278460879
PL	REU_ELMA	ROW	P3_S13	0.2329963593890271
PL	REU_ELMA	ROW	P3_S14	3.7872026805745134
PL	REU_ELMA	ROW	P3_S15	0.01146050880794248
PL	REU_ELMA	ROW	P51G	0.7592100891013763
PL	REU_ELMA	ROW	P5M	0.12031526541214184
PL	REU_ELMA	SK	P3_S13	0.0037811402838136684
PL	REU_ELMA	SK	P3_S14	0.022077966178603664
PL	REU_ELMA	SK	P51G	0.002514947448201628
PL	REU_ELMA	SK	P5M	0.0022369875688677786
PL	REU_OFMA	DE	P3_S13	5.13419338590209e-5
PL	REU_OFMA	DE	P3_S14	0.003454024983307204
PL	REU_OFMA	DE	P51G	0.001496382688797046
PL	REU_OFMA	DE	P5M	0.00046814977412759553
PL	REU_OFMA	FR	P3_S13	7.840513262783286e-5
PL	REU_OFMA	FR	P3_S14	0.0012275735118607585
PL	REU_OFMA	FR	P51G	0.0009746137472748588
PL	REU_OFMA	FR	P5M	8.32572797927146e-5
PL	REU_OFMA	IT	P3_S13	7.98973139491475e-6
PL	REU_OFMA	IT	P3_S14	0.0008630530591843087
PL	REU_OFMA	IT	P51G	0.0003785180011194002
PL	REU_OFMA	IT	P5M	1.32635248542088e-5
PL	REU_OFMA	PL	P3_S13	0.04175687219062276
PL	REU_OFMA	PL	P3_S14	2.6137434299127866
PL	REU_OFMA	PL	P3_S15	0.004324542401215371
PL	REU_OFMA	PL	P51G	0.10276354671445888
PL	REU_OFMA	PL	P5M	0.04528154780785205
PL	REU_OFMA	REU	P3_S13	0.0002776186745410786
PL	REU_OFMA	REU	P3_S14	0.0522109930041775
PL	REU_OFMA	REU	P3_S15	6.853288408226198e-6
PL	REU_OFMA	REU	P51G	0.015290077167621765
PL	REU_OFMA	REU	P5M	0.00016701184898729104
PL	REU_OFMA	ROW	P3_S13	0.0007991952401603404
PL	REU_OFMA	ROW	P3_S14	0.0809143506061464
PL	REU_OFMA	ROW	P3_S15	1.644039266429372e-5
PL	REU_OFMA	ROW	P51G	0.011878079537904743
PL	REU_OFMA	ROW	P5M	0.0002010329352660572
PL	REU_OFMA	SK	P3_S13	1.3011270210544726e-5
PL	REU_OFMA	SK	P3_S14	0.00036340182873032586
PL	REU_OFMA	SK	P51G	4.2855722199570494e-5
PL	REU_OFMA	SK	P5M	1.7384164494692564e-5
PL	REU_RATV	DE	P3_S13	0.09390906976305881
PL	REU_RATV	DE	P3_S14	0.2583229806771833
PL	REU_RATV	DE	P51G	0.16458637264031306
PL	REU_RATV	DE	P5M	0.1622266544968921
PL	REU_RATV	FR	P3_S13	0.06591482538220285
PL	REU_RATV	FR	P3_S14	0.09342712920450838
PL	REU_RATV	FR	P51G	0.07536101006164836
PL	REU_RATV	FR	P5M	0.04614932933337698
PL	REU_RATV	IT	P3_S13	0.009982843064727253
PL	REU_RATV	IT	P3_S14	0.050422562433391736
PL	REU_RATV	IT	P51G	0.027936274012624517
PL	REU_RATV	IT	P5M	0.01297241246909826
PL	REU_RATV	PL	P3_S13	2.085001796140675
PL	REU_RATV	PL	P3_S14	100.67390021288585
PL	REU_RATV	PL	P3_S15	0.16871353707002168
PL	REU_RATV	PL	P51G	4.450995064683895
PL	REU_RATV	PL	P5M	2.0039688588954974
PL	REU_RATV	REU	P3_S13	0.24756083564877948
PL	REU_RATV	REU	P3_S14	2.248138681244826
PL	REU_RATV	REU	P3_S15	0.012198469498749677
PL	REU_RATV	REU	P51G	0.8579028158913603
PL	REU_RATV	REU	P5M	0.25299554197712854
PL	REU_RATV	ROW	P3_S13	0.1933586749324882
PL	REU_RATV	ROW	P3_S14	3.1351467270588445
PL	REU_RATV	ROW	P3_S15	0.008469608631807093
PL	REU_RATV	ROW	P51G	0.6183844781011819
PL	REU_RATV	ROW	P5M	0.09979428748203113
PL	REU_RATV	SK	P3_S13	0.001439243527384791
PL	REU_RATV	SK	P3_S14	0.01625003345467383
PL	REU_RATV	SK	P51G	0.0018792065182805249
PL	REU_RATV	SK	P5M	0.0007941696682268315
PL	TRADE	DE	P3_S13	27.639367857868102
PL	TRADE	DE	P3_S14	474.3237961273684
PL	TRADE	DE	P51G	146.77444022378552
PL	TRADE	DE	P5M	68.43004144755085
PL	TRADE	FR	P3_S13	27.337015178862913
PL	TRADE	FR	P3_S14	80.44360205013066
PL	TRADE	FR	P51G	39.74002866918833
PL	TRADE	FR	P5M	20.81212121986762
PL	TRADE	IT	P3_S13	4.7183960393931885
PL	TRADE	IT	P3_S14	71.31061275934161
PL	TRADE	IT	P51G	30.787358752889308
PL	TRADE	IT	P5M	5.34176680335656
PL	TRADE	PL	P3_S13	1278.839767843728
PL	TRADE	PL	P3_S14	31192.693245653278
PL	TRADE	PL	P3_S15	77.00942648381584
PL	TRADE	PL	P51G	4270.286476567032
PL	TRADE	PL	P5M	2570.3455425726156
PL	TRADE	REU	P3_S13	91.69622982277595
PL	TRADE	REU	P3_S14	1209.1997610144763
PL	TRADE	REU	P3_S15	5.397297944047234
PL	TRADE	REU	P51G	581.103541351841
PL	TRADE	REU	P5M	94.88210539181411
PL	TRADE	ROW	P3_S13	85.19719474544233
PL	TRADE	ROW	P3_S14	1424.6911517332514
PL	TRADE	ROW	P3_S15	4.016209747000186
PL	TRADE	ROW	P51G	564.1180568906558
PL	TRADE	ROW	P5M	81.04333377710473
PL	TRADE	SK	P3_S13	4.0073158785657315
PL	TRADE	SK	P3_S14	25.473566008660754
PL	TRADE	SK	P51G	5.468694533516443
PL	TRADE	SK	P5M	3.438268915201247
PL	TRANSPORT	DE	P3_S13	0.38338302675465186
PL	TRANSPORT	DE	P3_S14	64.8620154672358
PL	TRANSPORT	DE	P51G	2.7193079067472197
PL	TRANSPORT	DE	P5M	6.30185486368778
PL	TRANSPORT	FR	P3_S13	14.49396632766389
PL	TRANSPORT	FR	P3_S14	100.65544076055892
PL	TRANSPORT	FR	P51G	57.53008661777762
PL	TRANSPORT	FR	P5M	15.865773302015066
PL	TRANSPORT	IT	P3_S13	0.6133922642566513
PL	TRANSPORT	IT	P3_S14	134.5452289389795
PL	TRANSPORT	IT	P51G	90.40969928382786
PL	TRANSPORT	IT	P5M	0.8041929928965044
PL	TRANSPORT	PL	P3_S13	7068.266222363684
PL	TRANSPORT	PL	P3_S14	6351.226244524314
PL	TRANSPORT	PL	P3_S15	8.091648001110203
PL	TRANSPORT	PL	P51G	317.7361793006052
PL	TRANSPORT	PL	P5M	21.83795372646643
PL	TRANSPORT	REU	P3_S13	32.59584989775106
PL	TRANSPORT	REU	P3_S14	716.157167116106
PL	TRANSPORT	REU	P3_S15	0.07917562692815044
PL	TRANSPORT	REU	P51G	352.76766663045106
PL	TRANSPORT	REU	P5M	-142.83664715335263
PL	TRANSPORT	ROW	P3_S13	211.32206988279702
PL	TRANSPORT	ROW	P3_S14	815.961509027311
PL	TRANSPORT	ROW	P3_S15	1.6267714342632151
PL	TRANSPORT	ROW	P51G	320.6639966808453
PL	TRANSPORT	ROW	P5M	26.381801705561053
PL	TRANSPORT	SK	P3_S13	0.04025361062089218
PL	TRANSPORT	SK	P3_S14	0.36268268294277844
PL	TRANSPORT	SK	P51G	0.07222944888119508
PL	TRANSPORT	SK	P5M	0.03360443395902719
PL	UTIL_WASTE	DE	P3_S13	0.9294441784431318
PL	UTIL_WASTE	DE	P3_S14	32.482916653135156
PL	UTIL_WASTE	DE	P51G	7.7901444923505965
PL	UTIL_WASTE	DE	P5M	-2.4287807090633193
PL	UTIL_WASTE	FR	P3_S13	0.2786627436280443
PL	UTIL_WASTE	FR	P3_S14	5.991540415214693
PL	UTIL_WASTE	FR	P51G	1.8143822285158366
PL	UTIL_WASTE	FR	P5M	0.19174893394827888
PL	UTIL_WASTE	IT	P3_S13	0.03298024026152277
PL	UTIL_WASTE	IT	P3_S14	7.090132872367842
PL	UTIL_WASTE	IT	P51G	0.8229496313417035
PL	UTIL_WASTE	IT	P5M	0.039951470001831586
PL	UTIL_WASTE	PL	P3_S13	656.4718676553276
PL	UTIL_WASTE	PL	P3_S14	9881.053245788913
PL	UTIL_WASTE	PL	P3_S15	7.696738795301843
PL	UTIL_WASTE	PL	P51G	281.8239668350576
PL	UTIL_WASTE	PL	P5M	66.64014992574933
PL	UTIL_WASTE	REU	P3_S13	1.6307773277657653
PL	UTIL_WASTE	REU	P3_S14	93.75385079966227
PL	UTIL_WASTE	REU	P3_S15	0.04936884110696729
PL	UTIL_WASTE	REU	P51G	14.58818253904271
PL	UTIL_WASTE	REU	P5M	7.230813727702799
PL	UTIL_WASTE	ROW	P3_S13	12.154570740158478
PL	UTIL_WASTE	ROW	P3_S14	46.03142636020966
PL	UTIL_WASTE	ROW	P3_S15	1.0803542249080382
PL	UTIL_WASTE	ROW	P51G	11.333390594399875
PL	UTIL_WASTE	ROW	P5M	2.8284528510066402
PL	UTIL_WASTE	SK	P3_S13	0.050182165048709176
PL	UTIL_WASTE	SK	P3_S14	11.13844956862971
PL	UTIL_WASTE	SK	P51G	0.12740831559436724
PL	UTIL_WASTE	SK	P5M	0.6393858263147968
REU	AGRI_FOOD	DE	P3_S13	71.73437486042022
REU	AGRI_FOOD	DE	P3_S14	16887.783692449997
REU	AGRI_FOOD	DE	P51G	136.33327442874395
REU	AGRI_FOOD	DE	P5M	1107.3008648461073
REU	AGRI_FOOD	FR	P3_S13	55.4702568678278
REU	AGRI_FOOD	FR	P3_S14	14177.427453854574
REU	AGRI_FOOD	FR	P51G	180.42218384557188
REU	AGRI_FOOD	FR	P5M	262.3188774472048
REU	AGRI_FOOD	IT	P3_S13	5.121339492913372
REU	AGRI_FOOD	IT	P3_S14	6314.033585969538
REU	AGRI_FOOD	IT	P51G	85.10772846030089
REU	AGRI_FOOD	IT	P5M	157.01585702668643
REU	AGRI_FOOD	PL	P3_S13	1.2397658002233494
REU	AGRI_FOOD	PL	P3_S14	3074.5625993542467
REU	AGRI_FOOD	PL	P3_S15	0.2976055113044036
REU	AGRI_FOOD	PL	P51G	25.419654266430523
REU	AGRI_FOOD	PL	P5M	98.702097665
REU	AGRI_FOOD	REU	P3_S13	2562.41437574632
REU	AGRI_FOOD	REU	P3_S14	480055.5212865632
REU	AGRI_FOOD	REU	P3_S15	284.9249332550582
REU	AGRI_FOOD	REU	P51G	12622.115968772267
REU	AGRI_FOOD	REU	P5M	3193.1699877010096
REU	AGRI_FOOD	ROW	P3_S13	1616.161433843681
REU	AGRI_FOOD	ROW	P3_S14	56346.272941625706
REU	AGRI_FOOD	ROW	P3_S15	28.145705205873927
REU	AGRI_FOOD	ROW	P51G	1073.5889189499037
REU	AGRI_FOOD	ROW	P5M	191.03785282465222
REU	AGRI_FOOD	SK	P3_S13	1.7647651678336214
REU	AGRI_FOOD	SK	P3_S14	1597.7467827559278
REU	AGRI_FOOD	SK	P51G	48.32589780610767
REU	AGRI_FOOD	SK	P5M	-1.78884104689439
REU	BASIC_METALS	DE	P3_S13	25.013496968030623
REU	BASIC_METALS	DE	P3_S14	116.20040289660105
REU	BASIC_METALS	DE	P51G	450.3524655795869
REU	BASIC_METALS	DE	P5M	-2988.1180793496114
REU	BASIC_METALS	FR	P3_S13	18.097910177451528
REU	BASIC_METALS	FR	P3_S14	105.72437330895158
REU	BASIC_METALS	FR	P51G	59.0797883298245
REU	BASIC_METALS	FR	P5M	28.867160746722323
REU	BASIC_METALS	IT	P3_S13	4.498758567706402
REU	BASIC_METALS	IT	P3_S14	67.02961144665235
REU	BASIC_METALS	IT	P51G	32.60929353273458
REU	BASIC_METALS	IT	P5M	0.5904629627786208
REU	BASIC_METALS	PL	P3_S13	1.1519472108091444
REU	BASIC_METALS	PL	P3_S14	43.28495913546047
REU	BASIC_METALS	PL	P3_S15	0.011812637083915358
REU	BASIC_METALS	PL	P51G	13.357426229211057
REU	BASIC_METALS	PL	P5M	75.52171386014189
REU	BASIC_METALS	REU	P3_S13	296.63998801686023
REU	BASIC_METALS	REU	P3_S14	4402.90658478003
REU	BASIC_METALS	REU	P3_S15	49.365963590023625
REU	BASIC_METALS	REU	P51G	8376.854448627479
REU	BASIC_METALS	REU	P5M	-1425.2243957071482
REU	BASIC_METALS	ROW	P3_S13	58.9725322166178
REU	BASIC_METALS	ROW	P3_S14	734.7277133666591
REU	BASIC_METALS	ROW	P3_S15	0.5940031152265876
REU	BASIC_METALS	ROW	P51G	635.0476581168417
REU	BASIC_METALS	ROW	P5M	208.35206219819855
REU	BASIC_METALS	SK	P3_S13	1.587446332502634
REU	BASIC_METALS	SK	P3_S14	6.405082545466668
REU	BASIC_METALS	SK	P51G	4.613599785721158
REU	BASIC_METALS	SK	P5M	-33.70182380650058
REU	CONSTRUCTION	DE	P3_S13	17.17769914629889
REU	CONSTRUCTION	DE	P3_S14	243.46714482904596
REU	CONSTRUCTION	DE	P51G	1839.023637371916
REU	CONSTRUCTION	DE	P5M	21.75392122620617
REU	CONSTRUCTION	FR	P3_S13	55.728696047399964
REU	CONSTRUCTION	FR	P3_S14	148.59723594516439
REU	CONSTRUCTION	FR	P51G	132.11011454349062
REU	CONSTRUCTION	FR	P5M	32.83589901219303
REU	CONSTRUCTION	IT	P3_S13	3.096211872231726
REU	CONSTRUCTION	IT	P3_S14	66.37630826512186
REU	CONSTRUCTION	IT	P51G	37.91470394948057
REU	CONSTRUCTION	IT	P5M	1.276483374261069
REU	CONSTRUCTION	PL	P3_S13	0.8041638497239906
REU	CONSTRUCTION	PL	P3_S14	43.837687979672204
REU	CONSTRUCTION	PL	P3_S15	0.017728939575095533
REU	CONSTRUCTION	PL	P51G	220.32751982645837
REU	CONSTRUCTION	PL	P5M	9.468579663717454
REU	CONSTRUCTION	REU	P3_S13	6204.101894392533
REU	CONSTRUCTION	REU	P3_S14	30868.83193199944
REU	CONSTRUCTION	REU	P3_S15	397.19336778857576
REU	CONSTRUCTION	REU	P51G	849518.8156969156
REU	CONSTRUCTION	REU	P5M	11985.614393605063
REU	CONSTRUCTION	ROW	P3_S13	159.18120821435977
REU	CONSTRUCTION	ROW	P3_S14	1467.8517466449994
REU	CONSTRUCTION	ROW	P3_S15	20.230361431601082
REU	CONSTRUCTION	ROW	P51G	3558.8121141687734
REU	CONSTRUCTION	ROW	P5M	81.01538924289096
REU	CONSTRUCTION	SK	P3_S13	1.1418815566917047
REU	CONSTRUCTION	SK	P3_S14	5.96647469537422
REU	CONSTRUCTION	SK	P51G	4.114181891858946
REU	CONSTRUCTION	SK	P5M	1.2362755662102003
REU	EXTRACTIVE	DE	P3_S13	96.79545384103129
REU	EXTRACTIVE	DE	P3_S14	1708.4387975022232
REU	EXTRACTIVE	DE	P51G	184.4625278162637
REU	EXTRACTIVE	DE	P5M	-497.3949406425992
REU	EXTRACTIVE	FR	P3_S13	32.6046680142974
REU	EXTRACTIVE	FR	P3_S14	149.2694766542234
REU	EXTRACTIVE	FR	P51G	60.53792955579652
REU	EXTRACTIVE	FR	P5M	-364.8253658829739
REU	EXTRACTIVE	IT	P3_S13	8.105743281921477
REU	EXTRACTIVE	IT	P3_S14	891.9895422167248
REU	EXTRACTIVE	IT	P51G	49.87111047122279
REU	EXTRACTIVE	IT	P5M	1.0381450849523401
REU	EXTRACTIVE	PL	P3_S13	2.0842375787205327
REU	EXTRACTIVE	PL	P3_S14	160.56764509938728
REU	EXTRACTIVE	PL	P3_S15	0.019946002685259468
REU	EXTRACTIVE	PL	P51G	18.12645720051766
REU	EXTRACTIVE	PL	P5M	-270.0955799558229
REU	EXTRACTIVE	REU	P3_S13	517.7355651454543
REU	EXTRACTIVE	REU	P3_S14	9226.16858256016
REU	EXTRACTIVE	REU	P3_S15	69.7577001859706
REU	EXTRACTIVE	REU	P51G	13710.810721546452
REU	EXTRACTIVE	REU	P5M	-688.2953267814837
REU	EXTRACTIVE	ROW	P3_S13	157.98313040655245
REU	EXTRACTIVE	ROW	P3_S14	1969.696142315493
REU	EXTRACTIVE	ROW	P3_S15	0.8182399847142362
REU	EXTRACTIVE	ROW	P51G	1185.382925649361
REU	EXTRACTIVE	ROW	P5M	40.17350619400951
REU	EXTRACTIVE	SK	P3_S13	2.8615820374212735
REU	EXTRACTIVE	SK	P3_S14	45.714976354038534
REU	EXTRACTIVE	SK	P51G	7.352247864610688
REU	EXTRACTIVE	SK	P5M	-33.271195060751296
REU	INC_EE	DE	P3_S13	0.009333289295368925
REU	INC_EE	DE	P3_S14	0.0904120903730593
REU	INC_EE	DE	P51G	0.057170526481447125
REU	INC_EE	DE	P5M	-0.03479706847792138
REU	INC_EE	FR	P3_S13	0.00719438003031547
REU	INC_EE	FR	P3_S14	0.3353982078123975
REU	INC_EE	FR	P51G	0.030723360252127775
REU	INC_EE	FR	P5M	0.003043066625514672
REU	INC_EE	IT	P3_S13	0.001691998114541629
REU	INC_EE	IT	P3_S14	0.04374257553689885
REU	INC_EE	IT	P51G	0.014332826904246192
REU	INC_EE	IT	P5M	0.0007066381066179415
REU	INC_EE	PL	P3_S13	0.0004305882083461936
REU	INC_EE	PL	P3_S14	0.019530834597256214
REU	INC_EE	PL	P3_S15	6.787133125101173e-6
REU	INC_EE	PL	P51G	0.005040849537372826
REU	INC_EE	PL	P5M	0.010086093500540617
REU	INC_EE	REU	P3_S13	47.99317866545382
REU	INC_EE	REU	P3_S14	54.88634418846212
REU	INC_EE	REU	P3_S15	0.2643724497708635
REU	INC_EE	REU	P51G	3.4030435902020892
REU	INC_EE	REU	P5M	-5.589489207138691
REU	INC_EE	ROW	P3_S13	0.5537267460283232
REU	INC_EE	ROW	P3_S14	1.8366129950682935
REU	INC_EE	ROW	P3_S15	0.14035617665777947
REU	INC_EE	ROW	P51G	0.33057105722644897
REU	INC_EE	ROW	P5M	0.11580103338468659
REU	INC_EE	SK	P3_S13	0.0005997694162156686
REU	INC_EE	SK	P3_S14	0.0555530871028374
REU	INC_EE	SK	P51G	0.0017581520831372408
REU	INC_EE	SK	P5M	-8.101421708337503e-5
REU	METAL_COMPONENTS	DE	P3_S13	52.801204257040716
REU	METAL_COMPONENTS	DE	P3_S14	812.1740531396817
REU	METAL_COMPONENTS	DE	P51G	2589.949023923889
REU	METAL_COMPONENTS	DE	P5M	505.83786116058695
REU	METAL_COMPONENTS	FR	P3_S13	38.36089358757719
REU	METAL_COMPONENTS	FR	P3_S14	742.9066320175699
REU	METAL_COMPONENTS	FR	P51G	289.3152637815998
REU	METAL_COMPONENTS	FR	P5M	64.96472373521031
REU	METAL_COMPONENTS	IT	P3_S13	9.507248340928298
REU	METAL_COMPONENTS	IT	P3_S14	377.7021497586471
REU	METAL_COMPONENTS	IT	P51G	208.53157840857094
REU	METAL_COMPONENTS	IT	P5M	1.2900847167894907
REU	METAL_COMPONENTS	PL	P3_S13	2.432376778514698
REU	METAL_COMPONENTS	PL	P3_S14	147.38422855773126
REU	METAL_COMPONENTS	PL	P3_S15	0.028312091856191497
REU	METAL_COMPONENTS	PL	P51G	174.36635583154896
REU	METAL_COMPONENTS	PL	P5M	60.207860392632035
REU	METAL_COMPONENTS	REU	P3_S13	606.0042667809304
REU	METAL_COMPONENTS	REU	P3_S14	16053.168821431686
REU	METAL_COMPONENTS	REU	P3_S15	113.78790172523914
REU	METAL_COMPONENTS	REU	P51G	31768.08039348964
REU	METAL_COMPONENTS	REU	P5M	255.01214977478782
REU	METAL_COMPONENTS	ROW	P3_S13	138.5551956856046
REU	METAL_COMPONENTS	ROW	P3_S14	4139.363171249876
REU	METAL_COMPONENTS	ROW	P3_S15	0.9618068723381523
REU	METAL_COMPONENTS	ROW	P51G	5222.760628359107
REU	METAL_COMPONENTS	ROW	P5M	688.0417848723769
REU	METAL_COMPONENTS	SK	P3_S13	3.3538336126518113
REU	METAL_COMPONENTS	SK	P3_S14	35.009669083737855
REU	METAL_COMPONENTS	SK	P51G	27.090674248995853
REU	METAL_COMPONENTS	SK	P5M	29.458611279211393
REU	NEW_ELMA	DE	P3_S13	15.687552808902334
REU	NEW_ELMA	DE	P3_S14	1009.8083056858846
REU	NEW_ELMA	DE	P51G	1599.5227117307186
REU	NEW_ELMA	DE	P5M	465.3529489122398
REU	NEW_ELMA	FR	P3_S13	11.453565625155687
REU	NEW_ELMA	FR	P3_S14	672.30427720545
REU	NEW_ELMA	FR	P51G	229.98488413534392
REU	NEW_ELMA	FR	P5M	106.76560852824095
REU	NEW_ELMA	IT	P3_S13	2.783821278202048
REU	NEW_ELMA	IT	P3_S14	496.1409517523109
REU	NEW_ELMA	IT	P51G	364.5518376875651
REU	NEW_ELMA	IT	P5M	0.47937784843795217
REU	NEW_ELMA	PL	P3_S13	0.8165785761875111
REU	NEW_ELMA	PL	P3_S14	211.9278765763433
REU	NEW_ELMA	PL	P3_S15	0.19776003306624917
REU	NEW_ELMA	PL	P51G	151.3078604737166
REU	NEW_ELMA	PL	P5M	67.09357959218836
REU	NEW_ELMA	REU	P3_S13	223.62512281584844
REU	NEW_ELMA	REU	P3_S14	13913.823490935416
REU	NEW_ELMA	REU	P3_S15	66.65106655798608
REU	NEW_ELMA	REU	P51G	11737.23901846076
REU	NEW_ELMA	REU	P5M	150.02907220864236
REU	NEW_ELMA	ROW	P3_S13	70.46628817013908
REU	NEW_ELMA	ROW	P3_S14	4312.728421108695
REU	NEW_ELMA	ROW	P3_S15	0.5821589943977663
REU	NEW_ELMA	ROW	P51G	4361.982628182361
REU	NEW_ELMA	ROW	P5M	678.08436299878
REU	NEW_ELMA	SK	P3_S13	0.9791597501657953
REU	NEW_ELMA	SK	P3_S14	58.55732112240999
REU	NEW_ELMA	SK	P51G	68.20304056445218
REU	NEW_ELMA	SK	P5M	36.06141148003106
REU	NEW_OFMA	DE	P3_S13	3.79796806782136
REU	NEW_OFMA	DE	P3_S14	118.23246823046203
REU	NEW_OFMA	DE	P51G	156.30490804250636
REU	NEW_OFMA	DE	P5M	143.02169527708807
REU	NEW_OFMA	FR	P3_S13	1.6264577164755138
REU	NEW_OFMA	FR	P3_S14	70.33486557863465
REU	NEW_OFMA	FR	P51G	46.07170146251759
REU	NEW_OFMA	FR	P5M	5.384838798006226
REU	NEW_OFMA	IT	P3_S13	0.1796939487907732
REU	NEW_OFMA	IT	P3_S14	89.60232723057105
REU	NEW_OFMA	IT	P51G	94.34004463488021
REU	NEW_OFMA	IT	P5M	0.042612979270282625
REU	NEW_OFMA	PL	P3_S13	0.0468218485423751
REU	NEW_OFMA	PL	P3_S14	29.9652188236467
REU	NEW_OFMA	PL	P3_S15	0.01952541688677535
REU	NEW_OFMA	PL	P51G	15.79896817915
REU	NEW_OFMA	PL	P5M	3.1456855939159345
REU	NEW_OFMA	REU	P3_S13	41.36260318493227
REU	NEW_OFMA	REU	P3_S14	1286.1768575661597
REU	NEW_OFMA	REU	P3_S15	8.457932157624063
REU	NEW_OFMA	REU	P51G	1635.8862030682183
REU	NEW_OFMA	REU	P5M	-76.60894806559715
REU	NEW_OFMA	ROW	P3_S13	42.30591762271285
REU	NEW_OFMA	ROW	P3_S14	497.4005595428924
REU	NEW_OFMA	ROW	P3_S15	0.15527378820191792
REU	NEW_OFMA	ROW	P51G	707.0974408340378
REU	NEW_OFMA	ROW	P5M	67.53258753669007
REU	NEW_OFMA	SK	P3_S13	0.06328048559652732
REU	NEW_OFMA	SK	P3_S14	2.777613799136684
REU	NEW_OFMA	SK	P51G	3.0839166289719295
REU	NEW_OFMA	SK	P5M	1.9965344614950198
REU	NEW_RATV	DE	P3_S13	67.73399856343059
REU	NEW_RATV	DE	P3_S14	2106.6066487476346
REU	NEW_RATV	DE	P51G	2784.988981250124
REU	NEW_RATV	DE	P5M	2548.2993981889995
REU	NEW_RATV	FR	P3_S13	29.05890701664727
REU	NEW_RATV	FR	P3_S14	1253.2029350184023
REU	NEW_RATV	FR	P51G	820.9166933265479
REU	NEW_RATV	FR	P5M	95.98943517111924
REU	NEW_RATV	IT	P3_S13	3.2024397787992562
REU	NEW_RATV	IT	P3_S14	1596.5190377352142
REU	NEW_RATV	IT	P51G	1680.9239490868376
REU	NEW_RATV	IT	P5M	0.7593608834167336
REU	NEW_RATV	PL	P3_S13	0.9529344230772097
REU	NEW_RATV	PL	P3_S14	533.927862172726
REU	NEW_RATV	PL	P3_S15	0.4897015403181509
REU	NEW_RATV	PL	P51G	281.5937694472085
REU	NEW_RATV	PL	P5M	56.036383274560286
REU	NEW_RATV	REU	P3_S13	736.980500780885
REU	NEW_RATV	REU	P3_S14	22915.70436382664
REU	NEW_RATV	REU	P3_S15	150.7778065122228
REU	NEW_RATV	REU	P51G	29146.918177826698
REU	NEW_RATV	REU	P5M	-1364.9228472035531
REU	NEW_RATV	ROW	P3_S13	753.7635754742716
REU	NEW_RATV	ROW	P3_S14	8862.212093756849
REU	NEW_RATV	ROW	P3_S15	2.8127099902430865
REU	NEW_RATV	ROW	P51G	12598.503382177887
REU	NEW_RATV	ROW	P5M	1203.266307468646
REU	NEW_RATV	SK	P3_S13	1.127770749726123
REU	NEW_RATV	SK	P3_S14	49.526243634003755
REU	NEW_RATV	SK	P51G	55.029626223085664
REU	NEW_RATV	SK	P5M	35.63122476737187
REU	OTHER_MANUFACTURING	DE	P3_S13	7779.302643812973
REU	OTHER_MANUFACTURING	DE	P3_S14	27942.913951492756
REU	OTHER_MANUFACTURING	DE	P51G	29145.59144360287
REU	OTHER_MANUFACTURING	DE	P5M	5311.454183235175
REU	OTHER_MANUFACTURING	FR	P3_S13	5576.583762866052
REU	OTHER_MANUFACTURING	FR	P3_S14	23271.758011027097
REU	OTHER_MANUFACTURING	FR	P51G	7958.327507160765
REU	OTHER_MANUFACTURING	FR	P5M	2395.6361971698007
REU	OTHER_MANUFACTURING	IT	P3_S13	1396.8050695827624
REU	OTHER_MANUFACTURING	IT	P3_S14	18091.11792321217
REU	OTHER_MANUFACTURING	IT	P51G	8057.016671631973
REU	OTHER_MANUFACTURING	IT	P5M	147.2598744272873
REU	OTHER_MANUFACTURING	PL	P3_S13	358.31258520547095
REU	OTHER_MANUFACTURING	PL	P3_S14	7033.322876594137
REU	OTHER_MANUFACTURING	PL	P3_S15	3.1998773983968847
REU	OTHER_MANUFACTURING	PL	P51G	2921.309341701959
REU	OTHER_MANUFACTURING	PL	P5M	443.8411289562713
REU	OTHER_MANUFACTURING	REU	P3_S13	33757.334444438944
REU	OTHER_MANUFACTURING	REU	P3_S14	368173.6941189351
REU	OTHER_MANUFACTURING	REU	P3_S15	1228.4775048131955
REU	OTHER_MANUFACTURING	REU	P51G	207979.93145488243
REU	OTHER_MANUFACTURING	REU	P5M	15639.48763818234
REU	OTHER_MANUFACTURING	ROW	P3_S13	15230.617368257774
REU	OTHER_MANUFACTURING	ROW	P3_S14	128747.03628661798
REU	OTHER_MANUFACTURING	ROW	P3_S15	17.32191039184575
REU	OTHER_MANUFACTURING	ROW	P51G	88974.82841902816
REU	OTHER_MANUFACTURING	ROW	P5M	8040.18948314672
REU	OTHER_MANUFACTURING	SK	P3_S13	491.9142763090091
REU	OTHER_MANUFACTURING	SK	P3_S14	1585.6291857822935
REU	OTHER_MANUFACTURING	SK	P51G	1249.4353040539038
REU	OTHER_MANUFACTURING	SK	P5M	452.5727877356191
REU	OTHER_SERVICES	DE	P3_S13	75.31238741167763
REU	OTHER_SERVICES	DE	P3_S14	10843.733637517707
REU	OTHER_SERVICES	DE	P51G	6733.310540635278
REU	OTHER_SERVICES	DE	P5M	1037.2292988516217
REU	OTHER_SERVICES	FR	P3_S13	212.97271178894653
REU	OTHER_SERVICES	FR	P3_S14	7524.1464843357735
REU	OTHER_SERVICES	FR	P51G	12107.24868079731
REU	OTHER_SERVICES	FR	P5M	51.07591527160403
REU	OTHER_SERVICES	IT	P3_S13	16.43010318908121
REU	OTHER_SERVICES	IT	P3_S14	1028.4094051979175
REU	OTHER_SERVICES	IT	P51G	2192.775702747686
REU	OTHER_SERVICES	IT	P5M	110.27709631043287
REU	OTHER_SERVICES	PL	P3_S13	7.839263649817483
REU	OTHER_SERVICES	PL	P3_S14	2832.704174524289
REU	OTHER_SERVICES	PL	P3_S15	1.3022483988171392
REU	OTHER_SERVICES	PL	P51G	551.5805250734809
REU	OTHER_SERVICES	PL	P5M	331.0483453149553
REU	OTHER_SERVICES	REU	P3_S13	106407.24454773434
REU	OTHER_SERVICES	REU	P3_S14	2.125719672104182e6
REU	OTHER_SERVICES	REU	P3_S15	54906.8103696402
REU	OTHER_SERVICES	REU	P51G	439102.9930562676
REU	OTHER_SERVICES	REU	P5M	10062.478929481545
REU	OTHER_SERVICES	ROW	P3_S13	8220.316280989256
REU	OTHER_SERVICES	ROW	P3_S14	110092.2693421593
REU	OTHER_SERVICES	ROW	P3_S15	374.7992860575375
REU	OTHER_SERVICES	ROW	P51G	49148.113434408
REU	OTHER_SERVICES	ROW	P5M	1812.4467256434186
REU	OTHER_SERVICES	SK	P3_S13	15.482191825327181
REU	OTHER_SERVICES	SK	P3_S14	149.26431776298796
REU	OTHER_SERVICES	SK	P51G	135.71059637975577
REU	OTHER_SERVICES	SK	P5M	28.61421302586996
REU	PUBLIC_SOCIAL	DE	P3_S13	267.98121445286614
REU	PUBLIC_SOCIAL	DE	P3_S14	506.0375096506887
REU	PUBLIC_SOCIAL	DE	P51G	135.93530466688617
REU	PUBLIC_SOCIAL	DE	P5M	23.59846928657881
REU	PUBLIC_SOCIAL	FR	P3_S13	154.35780997560408
REU	PUBLIC_SOCIAL	FR	P3_S14	214.23781605978485
REU	PUBLIC_SOCIAL	FR	P51G	216.64698597242295
REU	PUBLIC_SOCIAL	FR	P5M	12.355791080598523
REU	PUBLIC_SOCIAL	IT	P3_S13	3.2154593168601355
REU	PUBLIC_SOCIAL	IT	P3_S14	71.4428416728207
REU	PUBLIC_SOCIAL	IT	P51G	48.178262527886254
REU	PUBLIC_SOCIAL	IT	P5M	4.481985843066856
REU	PUBLIC_SOCIAL	PL	P3_S13	1.4414532501567219
REU	PUBLIC_SOCIAL	PL	P3_S14	200.01676780777245
REU	PUBLIC_SOCIAL	PL	P3_S15	0.4357985194881678
REU	PUBLIC_SOCIAL	PL	P51G	12.585051317577195
REU	PUBLIC_SOCIAL	PL	P5M	6.558198356319227
REU	PUBLIC_SOCIAL	REU	P3_S13	1.7329420947075295e6
REU	PUBLIC_SOCIAL	REU	P3_S14	349630.9985148649
REU	PUBLIC_SOCIAL	REU	P3_S15	78153.63720172491
REU	PUBLIC_SOCIAL	REU	P51G	13499.736735206052
REU	PUBLIC_SOCIAL	REU	P5M	200.92850210094142
REU	PUBLIC_SOCIAL	ROW	P3_S13	1818.2887736923915
REU	PUBLIC_SOCIAL	ROW	P3_S14	11191.331241955935
REU	PUBLIC_SOCIAL	ROW	P3_S15	50.738827658466846
REU	PUBLIC_SOCIAL	ROW	P51G	1068.7895044029353
REU	PUBLIC_SOCIAL	ROW	P5M	72.7747558321942
REU	PUBLIC_SOCIAL	SK	P3_S13	0.569373755836799
REU	PUBLIC_SOCIAL	SK	P3_S14	5.099423752854883
REU	PUBLIC_SOCIAL	SK	P51G	2.9654762896749225
REU	PUBLIC_SOCIAL	SK	P5M	0.7103321269577366
REU	REC_EE	DE	P5M	-0.010223070396991654
REU	REC_EE	FR	P5M	0.0008528995637069796
REU	REC_EE	IT	P5M	0.00020407127431360016
REU	REC_EE	PL	P5M	0.0029080550632778423
REU	REC_EE	REU	P5M	-1.6651640769949192
REU	REC_EE	ROW	P3_S13	0.16438917161788422
REU	REC_EE	ROW	P3_S14	0.5444021642501279
REU	REC_EE	ROW	P3_S15	0.04178370749851429
REU	REC_EE	ROW	P51G	0.09757373694947243
REU	REC_EE	ROW	P5M	0.03448963378678607
REU	REC_EE	SK	P5M	-3.044603276186786e-5
REU	REF_ELMA	DE	P3_S13	1.0740479974431647
REU	REF_ELMA	DE	P3_S14	7.8969341703917895
REU	REF_ELMA	DE	P51G	5.743892094782234
REU	REF_ELMA	DE	P5M	3.9517776431357836
REU	REF_ELMA	FR	P3_S13	0.808651368414359
REU	REF_ELMA	FR	P3_S14	6.338594371828206
REU	REF_ELMA	FR	P51G	7.8093926715904995
REU	REF_ELMA	FR	P5M	0.5708293882688541
REU	REF_ELMA	IT	P3_S13	0.19519813511423612
REU	REF_ELMA	IT	P3_S14	3.869387000717549
REU	REF_ELMA	IT	P51G	3.544697698112311
REU	REF_ELMA	IT	P5M	0.05718247995080432
REU	REF_ELMA	PL	P3_S13	0.05019869964810974
REU	REF_ELMA	PL	P3_S14	1.795331865660244
REU	REF_ELMA	PL	P3_S15	0.0007379172686095936
REU	REF_ELMA	PL	P51G	0.5510724058766623
REU	REF_ELMA	PL	P5M	0.17185308998554616
REU	REF_ELMA	REU	P3_S13	100.63441901439552
REU	REF_ELMA	REU	P3_S14	2655.470141807772
REU	REF_ELMA	REU	P3_S15	9.074211017433
REU	REF_ELMA	REU	P51G	1119.2373302289966
REU	REF_ELMA	REU	P5M	34.317576640094636
REU	REF_ELMA	ROW	P3_S13	15.597191407135126
REU	REF_ELMA	ROW	P3_S14	196.47482674727308
REU	REF_ELMA	ROW	P3_S15	0.11715061927409279
REU	REF_ELMA	ROW	P51G	120.2098375515532
REU	REF_ELMA	ROW	P5M	11.373251180181468
REU	REF_ELMA	SK	P3_S13	0.09261426109912298
REU	REF_ELMA	SK	P3_S14	0.4382610377002181
REU	REF_ELMA	SK	P51G	0.22287689435050848
REU	REF_ELMA	SK	P5M	0.08915191784515562
REU	REF_OFMA	DE	P3_S13	0.13852830034091196
REU	REF_OFMA	DE	P3_S14	1.1090697833354835
REU	REF_OFMA	DE	P51G	0.7540693356667669
REU	REF_OFMA	DE	P5M	0.29280078696651185
REU	REF_OFMA	FR	P3_S13	0.10536431605668527
REU	REF_OFMA	FR	P3_S14	0.8903946688378157
REU	REF_OFMA	FR	P51G	0.6860480713461277
REU	REF_OFMA	FR	P5M	0.05839670112902067
REU	REF_OFMA	IT	P3_S13	0.02524271619427289
REU	REF_OFMA	IT	P3_S14	0.5326824265424629
REU	REF_OFMA	IT	P51G	0.3175759344233434
REU	REF_OFMA	IT	P5M	0.008494944827429043
REU	REF_OFMA	PL	P3_S13	0.006510053993690986
REU	REF_OFMA	PL	P3_S14	0.2538720882870864
REU	REF_OFMA	PL	P3_S15	0.00010093388738260879
REU	REF_OFMA	PL	P51G	0.0722806147055651
REU	REF_OFMA	PL	P5M	0.01983993917349182
REU	REF_OFMA	REU	P3_S13	16.330231049940497
REU	REF_OFMA	REU	P3_S14	435.5001998823536
REU	REF_OFMA	REU	P3_S15	1.4433991088667397
REU	REF_OFMA	REU	P51G	160.39350883244194
REU	REF_OFMA	REU	P5M	5.460680081802337
REU	REF_OFMA	ROW	P3_S13	2.438984315202613
REU	REF_OFMA	ROW	P3_S14	31.543139512257802
REU	REF_OFMA	ROW	P3_S15	0.016441344569933666
REU	REF_OFMA	ROW	P51G	18.296339448123472
REU	REF_OFMA	ROW	P5M	1.834320101923045
REU	REF_OFMA	SK	P3_S13	0.009036385485248601
REU	REF_OFMA	SK	P3_S14	0.060228793061733475
REU	REF_OFMA	SK	P51G	0.02740016683224009
REU	REF_OFMA	SK	P5M	0.009372092851594991
REU	REF_RATV	DE	P3_S13	2.4715085859812485
REU	REF_RATV	DE	P3_S14	19.782271455506663
REU	REF_RATV	DE	P51G	13.434302883297928
REU	REF_RATV	DE	P5M	5.258046052897108
REU	REF_RATV	FR	P3_S13	1.8797190655990537
REU	REF_RATV	FR	P3_S14	15.889163824582669
REU	REF_RATV	FR	P51G	12.26551135016271
REU	REF_RATV	FR	P5M	1.0893864560803665
REU	REF_RATV	IT	P3_S13	0.4503730652029922
REU	REF_RATV	IT	P3_S14	9.492415535517074
REU	REF_RATV	IT	P51G	5.699345498960967
REU	REF_RATV	IT	P5M	0.1514005377006044
REU	REF_RATV	PL	P3_S13	0.11615619760143067
REU	REF_RATV	PL	P3_S14	4.52325334182379
REU	REF_RATV	PL	P3_S15	0.001798189756616636
REU	REF_RATV	PL	P51G	1.287820767227553
REU	REF_RATV	PL	P5M	0.3806934171542424
REU	REF_RATV	REU	P3_S13	290.83687196767
REU	REF_RATV	REU	P3_S14	7755.134835201532
REU	REF_RATV	REU	P3_S15	25.788904465631155
REU	REF_RATV	REU	P51G	2856.2266306576553
REU	REF_RATV	REU	P5M	97.29159034245309
REU	REF_RATV	ROW	P3_S13	43.42925481420298
REU	REF_RATV	ROW	P3_S14	561.6357806616745
REU	REF_RATV	ROW	P3_S15	0.34190412748557775
REU	REF_RATV	ROW	P51G	325.7900421610576
REU	REF_RATV	ROW	P5M	32.69039418310908
REU	REF_RATV	SK	P3_S13	0.18132582921576207
REU	REF_RATV	SK	P3_S14	1.0887501587281712
REU	REF_RATV	SK	P51G	0.49935771007036317
REU	REF_RATV	SK	P5M	0.17978085415334938
REU	REP_ELMA	DE	P3_S13	0.0013456426673844524
REU	REP_ELMA	DE	P3_S14	0.15519957824673875
REU	REP_ELMA	DE	P51G	0.018296460420159425
REU	REP_ELMA	DE	P5M	0.006868556730846129
REU	REP_ELMA	FR	P3_S13	0.0012990363380307498
REU	REP_ELMA	FR	P3_S14	0.015755872475480766
REU	REP_ELMA	FR	P51G	0.019325361973672715
REU	REP_ELMA	FR	P5M	0.0007228283602397615
REU	REP_ELMA	IT	P3_S13	0.00025507527333921536
REU	REP_ELMA	IT	P3_S14	0.006689680321868291
REU	REP_ELMA	IT	P51G	0.007118769603217797
REU	REP_ELMA	IT	P5M	0.00022855983300321491
REU	REP_ELMA	PL	P3_S13	5.7610779150263086e-5
REU	REP_ELMA	PL	P3_S14	0.07944375933835914
REU	REP_ELMA	PL	P3_S15	3.113606012212708e-6
REU	REP_ELMA	PL	P51G	0.0016572807961434007
REU	REP_ELMA	PL	P5M	-0.12545847766508816
REU	REP_ELMA	REU	P3_S13	0.454847303068252
REU	REP_ELMA	REU	P3_S14	37.23949225339574
REU	REP_ELMA	REU	P3_S15	0.08842729935782315
REU	REP_ELMA	REU	P51G	1.3229837741129566
REU	REP_ELMA	REU	P5M	0.024757936146239546
REU	REP_ELMA	ROW	P3_S13	0.017179591562748172
REU	REP_ELMA	ROW	P3_S14	2.1004788717825744
REU	REP_ELMA	ROW	P3_S15	0.0005681691321400408
REU	REP_ELMA	ROW	P51G	0.11886292566324151
REU	REP_ELMA	ROW	P5M	0.007814956278441941
REU	REP_ELMA	SK	P3_S13	9.227786669993901e-5
REU	REP_ELMA	SK	P3_S14	0.000498799813139289
REU	REP_ELMA	SK	P51G	0.0004530748522069923
REU	REP_ELMA	SK	P5M	0.00016891541466265423
REU	REP_OFMA	DE	P3_S13	5.6077574273414546e-5
REU	REP_OFMA	DE	P3_S14	0.021443654274254837
REU	REP_OFMA	DE	P51G	0.003117227626939738
REU	REP_OFMA	DE	P5M	0.0015961728639171484
REU	REP_OFMA	FR	P3_S13	9.27102690232019e-5
REU	REP_OFMA	FR	P3_S14	0.0023100149639745495
REU	REP_OFMA	FR	P51G	0.0030636482569468882
REU	REP_OFMA	FR	P5M	9.990319339201114e-5
REU	REP_OFMA	IT	P3_S13	1.110603447002357e-5
REU	REP_OFMA	IT	P3_S14	0.0010375191509477172
REU	REP_OFMA	IT	P51G	0.0013479878156192906
REU	REP_OFMA	IT	P5M	3.458016334966292e-5
REU	REP_OFMA	PL	P3_S13	1.1663963183369808e-6
REU	REP_OFMA	PL	P3_S14	0.008570090945271138
REU	REP_OFMA	PL	P3_S15	5.281429683354537e-7
REU	REP_OFMA	PL	P51G	0.0002803663003010369
REU	REP_OFMA	PL	P5M	-0.023926725811540654
REU	REP_OFMA	REU	P3_S13	0.0746013758126044
REU	REP_OFMA	REU	P3_S14	6.197189132809961
REU	REP_OFMA	REU	P3_S15	0.013963020078337123
REU	REP_OFMA	REU	P51G	0.22495318981068907
REU	REP_OFMA	REU	P5M	0.002454550746872642
REU	REP_OFMA	ROW	P3_S13	0.002583637097082922
REU	REP_OFMA	ROW	P3_S14	0.3502141703363062
REU	REP_OFMA	ROW	P3_S15	9.039081549788372e-5
REU	REP_OFMA	ROW	P51G	0.020630488092565267
REU	REP_OFMA	ROW	P5M	0.0014888898259664226
REU	REP_OFMA	SK	P3_S13	3.857403637771705e-6
REU	REP_OFMA	SK	P3_S14	6.120593495980814e-5
REU	REP_OFMA	SK	P51G	6.376636747051447e-5
REU	REP_OFMA	SK	P5M	2.9607566606117164e-5
REU	REP_RATV	DE	P3_S13	0.00466466815111648
REU	REP_RATV	DE	P3_S14	0.4813604481334366
REU	REP_RATV	DE	P51G	0.05590480934610714
REU	REP_RATV	DE	P5M	0.019757952791735704
REU	REP_RATV	FR	P3_S13	0.004372644595239422
REU	REP_RATV	FR	P3_S14	0.04944134178110309
REU	REP_RATV	FR	P51G	0.05940557413792189
REU	REP_RATV	FR	P5M	0.00229059987385123
REU	REP_RATV	IT	P3_S13	0.0008822137445133526
REU	REP_RATV	IT	P3_S14	0.02087138810916972
REU	REP_RATV	IT	P51G	0.02135522786357369
REU	REP_RATV	IT	P5M	0.000708201598288696
REU	REP_RATV	PL	P3_S13	0.00020350529796789733
REU	REP_RATV	PL	P3_S14	0.2507433642566964
REU	REP_RATV	PL	P3_S15	9.500826888216077e-6
REU	REP_RATV	PL	P51G	0.005073994765391869
REU	REP_RATV	PL	P5M	-0.3782574862116221
REU	REP_RATV	REU	P3_S13	1.3951878582882753
REU	REP_RATV	REU	P3_S14	113.55846556933562
REU	REP_RATV	REU	P3_S15	0.2713966887587453
REU	REP_RATV	REU	P51G	4.017140581383973
REU	REP_RATV	REU	P5M	0.08430842472063826
REU	REP_RATV	ROW	P3_S13	0.054590097170635496
REU	REP_RATV	ROW	P3_S14	6.402174150807805
REU	REP_RATV	ROW	P3_S15	0.0033035463413970795
REU	REP_RATV	ROW	P51G	0.36157023525212895
REU	REP_RATV	ROW	P5M	0.02514449586482499
REU	REP_RATV	SK	P3_S13	0.0003193746140107774
REU	REP_RATV	SK	P3_S14	0.0017991778103765628
REU	REP_RATV	SK	P51G	0.00142823625672571
REU	REP_RATV	SK	P5M	0.0005160219800903012
REU	REU_ELMA	DE	P3_S13	0.3905889574784697
REU	REU_ELMA	DE	P3_S14	2.3677691619486567
REU	REU_ELMA	DE	P51G	0.8708465165535746
REU	REU_ELMA	DE	P5M	0.615915946692199
REU	REU_ELMA	FR	P3_S13	0.5777899251239504
REU	REU_ELMA	FR	P3_S14	1.3434873081314065
REU	REU_ELMA	FR	P51G	0.8959468825431733
REU	REU_ELMA	FR	P5M	0.3903939428081271
REU	REU_ELMA	IT	P3_S13	0.16208501722275254
REU	REU_ELMA	IT	P3_S14	0.548322850311119
REU	REU_ELMA	IT	P51G	0.3132107537197487
REU	REU_ELMA	IT	P5M	0.17782357621567688
REU	REU_ELMA	PL	P3_S13	0.0030615270152026374
REU	REU_ELMA	PL	P3_S14	0.4648857338746384
REU	REU_ELMA	PL	P3_S15	8.811532025256536e-5
REU	REU_ELMA	PL	P51G	0.04747822402622997
REU	REU_ELMA	PL	P5M	0.02370085083496042
REU	REU_ELMA	REU	P3_S13	51.179294362477
REU	REU_ELMA	REU	P3_S14	2371.8639206154166
REU	REU_ELMA	REU	P3_S15	2.5569906891806333
REU	REU_ELMA	REU	P51G	91.83455384892363
REU	REU_ELMA	REU	P5M	-4.921920059131751
REU	REU_ELMA	ROW	P3_S13	2.600377963943508
REU	REU_ELMA	ROW	P3_S14	52.12689261317218
REU	REU_ELMA	ROW	P3_S15	0.09451335215552038
REU	REU_ELMA	ROW	P51G	10.367216927760278
REU	REU_ELMA	ROW	P5M	1.3628078571427118
REU	REU_ELMA	SK	P3_S13	0.013609923489723254
REU	REU_ELMA	SK	P3_S14	0.06550202354372231
REU	REU_ELMA	SK	P51G	0.020598729840966473
REU	REU_ELMA	SK	P5M	0.0105271085613239
REU	REU_OFMA	DE	P3_S13	0.019710894787544
REU	REU_OFMA	DE	P3_S14	0.4550796903030352
REU	REU_OFMA	DE	P51G	0.06794906843579819
REU	REU_OFMA	DE	P5M	0.03472052737518661
REU	REU_OFMA	FR	P3_S13	0.027948791752904694
REU	REU_OFMA	FR	P3_S14	0.13895768540004896
REU	REU_OFMA	FR	P51G	0.06916775969063543
REU	REU_OFMA	FR	P5M	0.018474043996657676
REU	REU_OFMA	IT	P3_S13	0.0034944451652229964
REU	REU_OFMA	IT	P3_S14	0.04075015774172882
REU	REU_OFMA	IT	P51G	0.022324503111973575
REU	REU_OFMA	IT	P5M	0.005064464866061007
REU	REU_OFMA	PL	P3_S13	0.00031564757390515545
REU	REU_OFMA	PL	P3_S14	0.10557657401444642
REU	REU_OFMA	PL	P3_S15	8.522729136599396e-6
REU	REU_OFMA	PL	P51G	0.004901533214845913
REU	REU_OFMA	PL	P5M	0.003242598571799895
REU	REU_OFMA	REU	P3_S13	2.982050456814263
REU	REU_OFMA	REU	P3_S14	165.04693117549436
REU	REU_OFMA	REU	P3_S15	0.2262354925331573
REU	REU_OFMA	REU	P51G	8.956155519593336
REU	REU_OFMA	REU	P5M	0.911704284564427
REU	REU_OFMA	ROW	P3_S13	0.21633147416415324
REU	REU_OFMA	ROW	P3_S14	7.963675757168337
REU	REU_OFMA	ROW	P3_S15	0.006782026056515707
REU	REU_OFMA	ROW	P51G	1.3049521196657559
REU	REU_OFMA	ROW	P5M	0.10508943936000997
REU	REU_OFMA	SK	P3_S13	0.0004723291046857291
REU	REU_OFMA	SK	P3_S14	0.004255146017618425
REU	REU_OFMA	SK	P51G	0.0016320649091364908
REU	REU_OFMA	SK	P5M	0.0004993701028077406
REU	REU_RATV	DE	P3_S13	0.4130314485006389
REU	REU_RATV	DE	P3_S14	8.142052555244518
REU	REU_RATV	DE	P51G	1.2724605940588114
REU	REU_RATV	DE	P5M	0.6593356051306469
REU	REU_RATV	FR	P3_S13	0.5718257671166354
REU	REU_RATV	FR	P3_S14	2.5106222842033326
REU	REU_RATV	FR	P51G	1.2786301488376983
REU	REU_RATV	FR	P5M	0.37516569238726566
REU	REU_RATV	IT	P3_S13	0.15763633930742604
REU	REU_RATV	IT	P3_S14	0.7764812052118502
REU	REU_RATV	IT	P51G	0.43913619445910107
REU	REU_RATV	IT	P5M	0.16592599124208735
REU	REU_RATV	PL	P3_S13	0.005866771319228337
REU	REU_RATV	PL	P3_S14	1.9138683760072848
REU	REU_RATV	PL	P3_S15	0.00015283862296461607
REU	REU_RATV	PL	P51G	0.0881577588778671
REU	REU_RATV	PL	P5M	0.05727667901089023
REU	REU_RATV	REU	P3_S13	53.1642202645974
REU	REU_RATV	REU	P3_S14	2940.41093738017
REU	REU_RATV	REU	P3_S15	4.111870694457015
REU	REU_RATV	REU	P51G	159.54214564852353
REU	REU_RATV	REU	P5M	16.291880971210936
REU	REU_RATV	ROW	P3_S13	3.8552626508639687
REU	REU_RATV	ROW	P3_S14	141.83035382990255
REU	REU_RATV	ROW	P3_S15	0.16628558039587968
REU	REU_RATV	ROW	P51G	23.23278548575966
REU	REU_RATV	ROW	P5M	1.8968611469257042
REU	REU_RATV	SK	P3_S13	0.017491252697459454
REU	REU_RATV	SK	P3_S14	0.08443942610990197
REU	REU_RATV	SK	P51G	0.03408908865486862
REU	REU_RATV	SK	P5M	0.014905793742747543
REU	TRADE	DE	P3_S13	145.94152553443345
REU	TRADE	DE	P3_S14	1442.9791450336654
REU	TRADE	DE	P51G	526.8183393594893
REU	TRADE	DE	P5M	199.04363063629035
REU	TRADE	FR	P3_S13	204.4346262718548
REU	TRADE	FR	P3_S14	683.1092546554323
REU	TRADE	FR	P51G	414.7762839284483
REU	TRADE	FR	P5M	129.51621061579516
REU	TRADE	IT	P3_S13	46.302016703379664
REU	TRADE	IT	P3_S14	360.3543611009888
REU	TRADE	IT	P51G	170.18378700059142
REU	TRADE	IT	P5M	41.26255691833643
REU	TRADE	PL	P3_S13	3.70136208235983
REU	TRADE	PL	P3_S14	168.9643549195361
REU	TRADE	PL	P3_S15	0.06499576859306287
REU	TRADE	PL	P51G	43.20795884396261
REU	TRADE	PL	P5M	13.332972928214533
REU	TRADE	REU	P3_S13	18307.91543860238
REU	TRADE	REU	P3_S14	769062.7292004895
REU	TRADE	REU	P3_S15	1208.4994616255242
REU	TRADE	REU	P51G	109759.10966228152
REU	TRADE	REU	P5M	2299.300742775155
REU	TRADE	ROW	P3_S13	1676.5462199076162
REU	TRADE	ROW	P3_S14	23986.948545034626
REU	TRADE	ROW	P3_S15	30.973706775834504
REU	TRADE	ROW	P51G	11326.892219363568
REU	TRADE	ROW	P5M	1348.322699391796
REU	TRADE	SK	P3_S13	9.689580344246236
REU	TRADE	SK	P3_S14	42.4394876280302
REU	TRADE	SK	P51G	18.776933460081903
REU	TRADE	SK	P5M	8.035008769232657
REU	TRANSPORT	DE	P3_S13	69.8609706403258
REU	TRANSPORT	DE	P3_S14	2129.4321786748596
REU	TRANSPORT	DE	P51G	540.5540365250445
REU	TRANSPORT	DE	P5M	449.9634208573361
REU	TRANSPORT	FR	P3_S13	117.02220848021983
REU	TRANSPORT	FR	P3_S14	2804.356827594841
REU	TRANSPORT	FR	P51G	523.9657170677102
REU	TRANSPORT	FR	P5M	107.4859843870866
REU	TRANSPORT	IT	P3_S13	29.066438899098344
REU	TRANSPORT	IT	P3_S14	4139.745071745651
REU	TRANSPORT	IT	P51G	716.6279114966259
REU	TRANSPORT	IT	P5M	18.329958379498226
REU	TRANSPORT	PL	P3_S13	11.062165393430773
REU	TRANSPORT	PL	P3_S14	357.03941868060997
REU	TRANSPORT	PL	P3_S15	0.16135727340486541
REU	TRANSPORT	PL	P51G	97.84557240822002
REU	TRANSPORT	PL	P5M	20.89351141993814
REU	TRANSPORT	REU	P3_S13	46147.20676522018
REU	TRANSPORT	REU	P3_S14	212251.64417352356
REU	TRANSPORT	REU	P3_S15	415.5860232473686
REU	TRANSPORT	REU	P51G	15630.123547753508
REU	TRANSPORT	REU	P5M	-1089.3973280489568
REU	TRANSPORT	ROW	P3_S13	5993.7504521709925
REU	TRANSPORT	ROW	P3_S14	36550.39327951422
REU	TRANSPORT	ROW	P3_S15	52.44589038562499
REU	TRANSPORT	ROW	P51G	8328.752893516426
REU	TRANSPORT	ROW	P5M	1004.5718582491284
REU	TRANSPORT	SK	P3_S13	10.922597122392274
REU	TRANSPORT	SK	P3_S14	61.74974305165703
REU	TRANSPORT	SK	P51G	20.37217959265885
REU	TRANSPORT	SK	P5M	2.587925272607742
REU	UTIL_WASTE	DE	P3_S13	13.657043091184505
REU	UTIL_WASTE	DE	P3_S14	449.9935714952075
REU	UTIL_WASTE	DE	P51G	55.39465184514994
REU	UTIL_WASTE	DE	P5M	-74.74881229554795
REU	UTIL_WASTE	FR	P3_S13	5.317410827908649
REU	UTIL_WASTE	FR	P3_S14	162.0572851589381
REU	UTIL_WASTE	FR	P51G	36.71224767830445
REU	UTIL_WASTE	FR	P5M	0.7092442651063625
REU	UTIL_WASTE	IT	P3_S13	1.068740892862842
REU	UTIL_WASTE	IT	P3_S14	239.32706880438758
REU	UTIL_WASTE	IT	P51G	12.752448845183066
REU	UTIL_WASTE	IT	P5M	0.592844224780042
REU	UTIL_WASTE	PL	P3_S13	0.3285618150232255
REU	UTIL_WASTE	PL	P3_S14	79.56523934078986
REU	UTIL_WASTE	PL	P3_S15	0.040001328642112054
REU	UTIL_WASTE	PL	P51G	5.356851426496934
REU	UTIL_WASTE	PL	P5M	5.43206159732171
REU	UTIL_WASTE	REU	P3_S13	24935.657439462
REU	UTIL_WASTE	REU	P3_S14	173765.02919813586
REU	UTIL_WASTE	REU	P3_S15	245.0573513178283
REU	UTIL_WASTE	REU	P51G	8188.459977099205
REU	UTIL_WASTE	REU	P5M	-2257.5364310232058
REU	UTIL_WASTE	ROW	P3_S13	329.1857942303032
REU	UTIL_WASTE	ROW	P3_S14	1538.4480515693836
REU	UTIL_WASTE	ROW	P3_S15	62.673293203711545
REU	UTIL_WASTE	ROW	P51G	296.14523053371414
REU	UTIL_WASTE	ROW	P5M	60.20344931567764
REU	UTIL_WASTE	SK	P3_S13	0.41069702215474896
REU	UTIL_WASTE	SK	P3_S14	75.97956445876972
REU	UTIL_WASTE	SK	P51G	1.3596590628679708
REU	UTIL_WASTE	SK	P5M	0.649230495920113
ROW	AGRI_FOOD	DE	P3_S13	22.086889162514844
ROW	AGRI_FOOD	DE	P3_S14	8336.766389087585
ROW	AGRI_FOOD	DE	P51G	35.53709386045679
ROW	AGRI_FOOD	DE	P5M	559.604499101216
ROW	AGRI_FOOD	FR	P3_S13	20.04857923915658
ROW	AGRI_FOOD	FR	P3_S14	7431.500241048835
ROW	AGRI_FOOD	FR	P51G	122.94352315544064
ROW	AGRI_FOOD	FR	P5M	117.77542509640274
ROW	AGRI_FOOD	IT	P3_S13	0.7685011390199455
ROW	AGRI_FOOD	IT	P3_S14	4183.936771766069
ROW	AGRI_FOOD	IT	P51G	45.740991590340386
ROW	AGRI_FOOD	IT	P5M	255.95424484791846
ROW	AGRI_FOOD	PL	P3_S13	0.15055700139223527
ROW	AGRI_FOOD	PL	P3_S14	2029.4853506425013
ROW	AGRI_FOOD	PL	P3_S15	0.17100963656798687
ROW	AGRI_FOOD	PL	P51G	14.74117236674261
ROW	AGRI_FOOD	PL	P5M	69.84988233054924
ROW	AGRI_FOOD	REU	P3_S13	20.806349541666386
ROW	AGRI_FOOD	REU	P3_S14	44474.5077847407
ROW	AGRI_FOOD	REU	P3_S15	0.9648997033068012
ROW	AGRI_FOOD	REU	P51G	478.21789857932856
ROW	AGRI_FOOD	REU	P5M	293.9011567551386
ROW	AGRI_FOOD	ROW	P3_S13	79648.49406641816
ROW	AGRI_FOOD	ROW	P3_S14	4.326499730348623e6
ROW	AGRI_FOOD	ROW	P3_S15	915.7409063808664
ROW	AGRI_FOOD	ROW	P51G	129421.6527274997
ROW	AGRI_FOOD	ROW	P5M	33452.086129253716
ROW	AGRI_FOOD	SK	P3_S13	0.15602971187014142
ROW	AGRI_FOOD	SK	P3_S14	237.26787720658479
ROW	AGRI_FOOD	SK	P51G	33.29368859566897
ROW	AGRI_FOOD	SK	P5M	-0.4525743788424728
ROW	BASIC_METALS	DE	P3_S13	9.725565259893838
ROW	BASIC_METALS	DE	P3_S14	106.45833337480049
ROW	BASIC_METALS	DE	P51G	210.2220336302725
ROW	BASIC_METALS	DE	P5M	-268.34287874375343
ROW	BASIC_METALS	FR	P3_S13	16.6076742653397
ROW	BASIC_METALS	FR	P3_S14	112.34377052894334
ROW	BASIC_METALS	FR	P51G	41.330739746600706
ROW	BASIC_METALS	FR	P5M	17.645154471057527
ROW	BASIC_METALS	IT	P3_S13	1.946923029149459
ROW	BASIC_METALS	IT	P3_S14	63.21658899496946
ROW	BASIC_METALS	IT	P51G	26.773318909713883
ROW	BASIC_METALS	IT	P5M	0.8776416048637595
ROW	BASIC_METALS	PL	P3_S13	0.4466617467648158
ROW	BASIC_METALS	PL	P3_S14	34.455863709528785
ROW	BASIC_METALS	PL	P3_S15	0.018540389835096777
ROW	BASIC_METALS	PL	P51G	16.90657876023596
ROW	BASIC_METALS	PL	P5M	27.151915798391812
ROW	BASIC_METALS	REU	P3_S13	18.27288914174174
ROW	BASIC_METALS	REU	P3_S14	707.2530497467192
ROW	BASIC_METALS	REU	P3_S15	0.031240011977800044
ROW	BASIC_METALS	REU	P51G	566.9528676315191
ROW	BASIC_METALS	REU	P5M	-343.7880160202226
ROW	BASIC_METALS	ROW	P3_S13	2476.597498892132
ROW	BASIC_METALS	ROW	P3_S14	23073.704935018595
ROW	BASIC_METALS	ROW	P3_S15	80.69736980566873
ROW	BASIC_METALS	ROW	P51G	22301.748444725243
ROW	BASIC_METALS	ROW	P5M	1092.721735257078
ROW	BASIC_METALS	SK	P3_S13	0.41748458327465465
ROW	BASIC_METALS	SK	P3_S14	5.4055403446236765
ROW	BASIC_METALS	SK	P51G	5.244098744493875
ROW	BASIC_METALS	SK	P5M	-5.053026839650708
ROW	CONSTRUCTION	DE	P3_S13	0.19637321911113428
ROW	CONSTRUCTION	DE	P3_S14	7.231432592314023
ROW	CONSTRUCTION	DE	P51G	19.29575459563851
ROW	CONSTRUCTION	DE	P5M	0.54911826713421
ROW	CONSTRUCTION	FR	P3_S13	1.1290723219641416
ROW	CONSTRUCTION	FR	P3_S14	4.031714702975553
ROW	CONSTRUCTION	FR	P51G	3.2143290817536716
ROW	CONSTRUCTION	FR	P5M	0.7333131768835549
ROW	CONSTRUCTION	IT	P3_S13	0.05112879307928492
ROW	CONSTRUCTION	IT	P3_S14	2.2648152168231594
ROW	CONSTRUCTION	IT	P51G	0.5875527763740118
ROW	CONSTRUCTION	IT	P5M	0.05683027776459845
ROW	CONSTRUCTION	PL	P3_S13	0.006536477429942807
ROW	CONSTRUCTION	PL	P3_S14	1.0915865034515764
ROW	CONSTRUCTION	PL	P3_S15	0.0010656845566327452
ROW	CONSTRUCTION	PL	P51G	2.352580007961767
ROW	CONSTRUCTION	PL	P5M	0.051124334223154426
ROW	CONSTRUCTION	REU	P3_S13	2.028732638781845
ROW	CONSTRUCTION	REU	P3_S14	27.594055362890206
ROW	CONSTRUCTION	REU	P3_S15	0.043417163550495484
ROW	CONSTRUCTION	REU	P51G	59.02686725408634
ROW	CONSTRUCTION	REU	P5M	-43.58068613470331
ROW	CONSTRUCTION	ROW	P3_S13	34881.736328525025
ROW	CONSTRUCTION	ROW	P3_S14	56635.78940676299
ROW	CONSTRUCTION	ROW	P3_S15	59.84607409473612
ROW	CONSTRUCTION	ROW	P51G	5.932404279889228e6
ROW	CONSTRUCTION	ROW	P5M	174.17873958669574
ROW	CONSTRUCTION	SK	P3_S13	0.011219336318826793
ROW	CONSTRUCTION	SK	P3_S14	0.07155594788399972
ROW	CONSTRUCTION	SK	P51G	0.06202051604832692
ROW	CONSTRUCTION	SK	P5M	0.026012409320040696
ROW	EXTRACTIVE	DE	P3_S13	59.27319309001767
ROW	EXTRACTIVE	DE	P3_S14	1682.465249599031
ROW	EXTRACTIVE	DE	P51G	28.154886007962176
ROW	EXTRACTIVE	DE	P5M	-229.36097627999507
ROW	EXTRACTIVE	FR	P3_S13	5.587749231159878
ROW	EXTRACTIVE	FR	P3_S14	31.091924066587687
ROW	EXTRACTIVE	FR	P51G	9.717906395003583
ROW	EXTRACTIVE	FR	P5M	-62.62796125745678
ROW	EXTRACTIVE	IT	P3_S13	0.6521950156753669
ROW	EXTRACTIVE	IT	P3_S14	4241.055315036463
ROW	EXTRACTIVE	IT	P51G	6.63959859126137
ROW	EXTRACTIVE	IT	P5M	0.29831680061946625
ROW	EXTRACTIVE	PL	P3_S13	0.15008663020691726
ROW	EXTRACTIVE	PL	P3_S14	168.90909604055147
ROW	EXTRACTIVE	PL	P3_S15	0.005595229521277589
ROW	EXTRACTIVE	PL	P51G	3.760574653117443
ROW	EXTRACTIVE	PL	P5M	-84.94018014812566
ROW	EXTRACTIVE	REU	P3_S13	9.64140189775833
ROW	EXTRACTIVE	REU	P3_S14	1149.6507358351478
ROW	EXTRACTIVE	REU	P3_S15	0.013819799388694117
ROW	EXTRACTIVE	REU	P51G	1738.6662811838492
ROW	EXTRACTIVE	REU	P5M	-199.38674806520038
ROW	EXTRACTIVE	ROW	P3_S13	16403.107755752284
ROW	EXTRACTIVE	ROW	P3_S14	65356.0352118428
ROW	EXTRACTIVE	ROW	P3_S15	32.34293654637566
ROW	EXTRACTIVE	ROW	P51G	183298.00001979194
ROW	EXTRACTIVE	ROW	P5M	10661.713198193802
ROW	EXTRACTIVE	SK	P3_S13	0.14109300348996262
ROW	EXTRACTIVE	SK	P3_S14	9.274893801911471
ROW	EXTRACTIVE	SK	P51G	1.451846700226302
ROW	EXTRACTIVE	SK	P5M	-0.8589357321816805
ROW	INC_EE	DE	P3_S13	0.0007247563774275782
ROW	INC_EE	DE	P3_S14	0.0069502219081354465
ROW	INC_EE	DE	P51G	0.0035431905866897305
ROW	INC_EE	DE	P5M	0.0017210739475138949
ROW	INC_EE	FR	P3_S13	0.0011547276560652851
ROW	INC_EE	FR	P3_S14	0.01712697363741379
ROW	INC_EE	FR	P51G	0.002420915161308986
ROW	INC_EE	FR	P5M	0.00048459153341527005
ROW	INC_EE	IT	P3_S13	0.00012433063707069085
ROW	INC_EE	IT	P3_S14	0.0027500704480546622
ROW	INC_EE	IT	P51G	0.0010045033927019394
ROW	INC_EE	IT	P5M	9.568039994892953e-5
ROW	INC_EE	PL	P3_S13	1.85295498862404e-5
ROW	INC_EE	PL	P3_S14	0.001345855092009131
ROW	INC_EE	PL	P3_S15	1.141246498862639e-6
ROW	INC_EE	PL	P51G	0.00043085706635109653
ROW	INC_EE	PL	P5M	4.707433794492109e-5
ROW	INC_EE	REU	P3_S13	0.002228310217893982
ROW	INC_EE	REU	P3_S14	0.061495256617636274
ROW	INC_EE	REU	P3_S15	4.676268119180263e-5
ROW	INC_EE	REU	P51G	0.02574630394233434
ROW	INC_EE	REU	P5M	-7.189672722385333
ROW	INC_EE	ROW	P3_S13	309.1617617482875
ROW	INC_EE	ROW	P3_S14	456.3541428261399
ROW	INC_EE	ROW	P3_S15	4.961032494752503
ROW	INC_EE	ROW	P51G	5.80228572563907
ROW	INC_EE	ROW	P5M	7.0274800124561665
ROW	INC_EE	SK	P3_S13	2.3189295966720415e-5
ROW	INC_EE	SK	P3_S14	0.00018166291357101438
ROW	INC_EE	SK	P51G	0.00017364376236054385
ROW	INC_EE	SK	P5M	5.8762250270063195e-5
ROW	METAL_COMPONENTS	DE	P3_S13	10.115148701133357
ROW	METAL_COMPONENTS	DE	P3_S14	420.48574067095643
ROW	METAL_COMPONENTS	DE	P51G	1371.1927024176346
ROW	METAL_COMPONENTS	DE	P5M	345.64268845942934
ROW	METAL_COMPONENTS	FR	P3_S13	17.346379675319003
ROW	METAL_COMPONENTS	FR	P3_S14	548.1573292257872
ROW	METAL_COMPONENTS	FR	P51G	197.905507084847
ROW	METAL_COMPONENTS	FR	P5M	45.730843825012556
ROW	METAL_COMPONENTS	IT	P3_S13	2.044848435596823
ROW	METAL_COMPONENTS	IT	P3_S14	280.62709160093664
ROW	METAL_COMPONENTS	IT	P51G	152.30192999487167
ROW	METAL_COMPONENTS	IT	P5M	0.9375666965286037
ROW	METAL_COMPONENTS	PL	P3_S13	0.4637435649607662
ROW	METAL_COMPONENTS	PL	P3_S14	110.61213938001082
ROW	METAL_COMPONENTS	PL	P3_S15	0.02000322325775531
ROW	METAL_COMPONENTS	PL	P51G	151.635846405208
ROW	METAL_COMPONENTS	PL	P5M	51.45966555044662
ROW	METAL_COMPONENTS	REU	P3_S13	26.78470774258907
ROW	METAL_COMPONENTS	REU	P3_S14	2374.4134309101846
ROW	METAL_COMPONENTS	REU	P3_S15	0.06346753230605424
ROW	METAL_COMPONENTS	REU	P51G	3141.009398901389
ROW	METAL_COMPONENTS	REU	P5M	52.21411677925631
ROW	METAL_COMPONENTS	ROW	P3_S13	1837.7318523331185
ROW	METAL_COMPONENTS	ROW	P3_S14	68907.70901929254
ROW	METAL_COMPONENTS	ROW	P3_S15	45.880498217763936
ROW	METAL_COMPONENTS	ROW	P51G	133771.0670171089
ROW	METAL_COMPONENTS	ROW	P5M	10116.55637316175
ROW	METAL_COMPONENTS	SK	P3_S13	0.43771384838605687
ROW	METAL_COMPONENTS	SK	P3_S14	15.947459812428168
ROW	METAL_COMPONENTS	SK	P51G	13.344836327796857
ROW	METAL_COMPONENTS	SK	P5M	14.34837437970416
ROW	NEW_ELMA	DE	P3_S13	7.54211433139595
ROW	NEW_ELMA	DE	P3_S14	978.3161854217935
ROW	NEW_ELMA	DE	P51G	1538.9777875061754
ROW	NEW_ELMA	DE	P5M	493.2082211014709
ROW	NEW_ELMA	FR	P3_S13	11.431094993774702
ROW	NEW_ELMA	FR	P3_S14	1106.2566386451992
ROW	NEW_ELMA	FR	P51G	359.8290112691932
ROW	NEW_ELMA	FR	P5M	176.67860795009
ROW	NEW_ELMA	IT	P3_S13	1.306020906766317
ROW	NEW_ELMA	IT	P3_S14	605.3853343826145
ROW	NEW_ELMA	IT	P51G	441.0621579337008
ROW	NEW_ELMA	IT	P5M	0.5871840016820213
ROW	NEW_ELMA	PL	P3_S13	0.49396932629707874
ROW	NEW_ELMA	PL	P3_S14	366.1560831755876
ROW	NEW_ELMA	PL	P3_S15	0.34757423570223095
ROW	NEW_ELMA	PL	P51G	265.4624155410552
ROW	NEW_ELMA	PL	P5M	117.00114205973233
ROW	NEW_ELMA	REU	P3_S13	18.69839197118759
ROW	NEW_ELMA	REU	P3_S14	5939.3574350526405
ROW	NEW_ELMA	REU	P3_S15	0.1178689707777059
ROW	NEW_ELMA	REU	P51G	4620.707735230577
ROW	NEW_ELMA	REU	P5M	695.6615041703101
ROW	NEW_ELMA	ROW	P3_S13	1592.4227554113756
ROW	NEW_ELMA	ROW	P3_S14	133858.35918457306
ROW	NEW_ELMA	ROW	P3_S15	18.34830156270306
ROW	NEW_ELMA	ROW	P51G	219817.82369107797
ROW	NEW_ELMA	ROW	P5M	17298.535029129038
ROW	NEW_ELMA	SK	P3_S13	0.279397110261827
ROW	NEW_ELMA	SK	P3_S14	73.47603254822812
ROW	NEW_ELMA	SK	P51G	86.44240505922868
ROW	NEW_ELMA	SK	P5M	46.113111534776735
ROW	NEW_OFMA	DE	P3_S13	25.08096269877194
ROW	NEW_OFMA	DE	P3_S14	950.920048039809
ROW	NEW_OFMA	DE	P51G	1262.5932542164273
ROW	NEW_OFMA	DE	P5M	1186.9097702900008
ROW	NEW_OFMA	FR	P3_S13	10.096388052378702
ROW	NEW_OFMA	FR	P3_S14	567.1896344910491
ROW	NEW_OFMA	FR	P51G	366.6989852435098
ROW	NEW_OFMA	FR	P5M	43.01964285756756
ROW	NEW_OFMA	IT	P3_S13	0.3146121565264395
ROW	NEW_OFMA	IT	P3_S14	270.5188770587067
ROW	NEW_OFMA	IT	P51G	282.48848866407
ROW	NEW_OFMA	IT	P5M	0.15470592491989885
ROW	NEW_OFMA	PL	P3_S13	0.1704914028053831
ROW	NEW_OFMA	PL	P3_S14	359.15769156785495
ROW	NEW_OFMA	PL	P3_S15	0.32807554057601296
ROW	NEW_OFMA	PL	P51G	191.291767298984
ROW	NEW_OFMA	PL	P5M	37.29239590820603
ROW	NEW_OFMA	REU	P3_S13	16.568726037847593
ROW	NEW_OFMA	REU	P3_S14	2399.4674582396724
ROW	NEW_OFMA	REU	P3_S15	0.10648858581621788
ROW	NEW_OFMA	REU	P51G	3986.000780014476
ROW	NEW_OFMA	REU	P5M	317.1632789491133
ROW	NEW_OFMA	ROW	P3_S13	3786.865708415663
ROW	NEW_OFMA	ROW	P3_S14	49296.58049658318
ROW	NEW_OFMA	ROW	P3_S15	49.47297086490379
ROW	NEW_OFMA	ROW	P51G	83725.5042946844
ROW	NEW_OFMA	ROW	P5M	5652.154892454707
ROW	NEW_OFMA	SK	P3_S13	0.06986597702763327
ROW	NEW_OFMA	SK	P3_S14	75.99932456478284
ROW	NEW_OFMA	SK	P51G	86.29276601648468
ROW	NEW_OFMA	SK	P5M	57.53683186587477
ROW	NEW_RATV	DE	P3_S13	90.38754147201857
ROW	NEW_RATV	DE	P3_S14	3426.4645236522224
ROW	NEW_RATV	DE	P51G	4549.5258297262135
ROW	NEW_RATV	DE	P5M	4276.812835219817
ROW	NEW_RATV	FR	P3_S13	36.396173874940864
ROW	NEW_RATV	FR	P3_S14	2043.7652258358203
ROW	NEW_RATV	FR	P51G	1321.3393697281947
ROW	NEW_RATV	FR	P5M	155.02371759943995
ROW	NEW_RATV	IT	P3_S13	1.133646674855511
ROW	NEW_RATV	IT	P3_S14	974.7733252802986
ROW	NEW_RATV	IT	P51G	1017.9032316654058
ROW	NEW_RATV	IT	P5M	0.5574541110278528
ROW	NEW_RATV	PL	P3_S13	0.6368537880869537
ROW	NEW_RATV	PL	P3_S14	1294.1637560523154
ROW	NEW_RATV	PL	P3_S15	1.2084594002659321
ROW	NEW_RATV	PL	P51G	689.3025936108609
ROW	NEW_RATV	PL	P5M	134.3772405223352
ROW	NEW_RATV	REU	P3_S13	59.709121015320925
ROW	NEW_RATV	REU	P3_S14	8646.023494963434
ROW	NEW_RATV	REU	P3_S15	0.3972657704075005
ROW	NEW_RATV	REU	P51G	14362.796961133008
ROW	NEW_RATV	REU	P5M	1142.8437705058222
ROW	NEW_RATV	ROW	P3_S13	13645.248979847356
ROW	NEW_RATV	ROW	P3_S14	177630.77519317175
ROW	NEW_RATV	ROW	P3_S15	178.27852842758585
ROW	NEW_RATV	ROW	P51G	301688.83002379717
ROW	NEW_RATV	ROW	P5M	20366.46547240181
ROW	NEW_RATV	SK	P3_S13	0.2517492764520757
ROW	NEW_RATV	SK	P3_S14	273.85816585350517
ROW	NEW_RATV	SK	P51G	310.95611812747893
ROW	NEW_RATV	SK	P5M	207.33573195897443
ROW	OTHER_MANUFACTURING	DE	P3_S13	2618.076173256698
ROW	OTHER_MANUFACTURING	DE	P3_S14	23706.287153382687
ROW	OTHER_MANUFACTURING	DE	P51G	21010.798596352382
ROW	OTHER_MANUFACTURING	DE	P5M	10791.675460268294
ROW	OTHER_MANUFACTURING	FR	P3_S13	4503.118536944419
ROW	OTHER_MANUFACTURING	FR	P3_S14	23719.964271188688
ROW	OTHER_MANUFACTURING	FR	P51G	6720.011048277528
ROW	OTHER_MANUFACTURING	FR	P5M	1993.5538022246592
ROW	OTHER_MANUFACTURING	IT	P3_S13	528.8935477467884
ROW	OTHER_MANUFACTURING	IT	P3_S14	14437.572663359522
ROW	OTHER_MANUFACTURING	IT	P51G	5215.833170472069
ROW	OTHER_MANUFACTURING	IT	P5M	232.40415330027685
ROW	OTHER_MANUFACTURING	PL	P3_S13	121.49993500989663
ROW	OTHER_MANUFACTURING	PL	P3_S14	6467.773497546884
ROW	OTHER_MANUFACTURING	PL	P3_S15	4.2351595252554395
ROW	OTHER_MANUFACTURING	PL	P51G	3016.8105156904103
ROW	OTHER_MANUFACTURING	PL	P5M	486.9968766223655
ROW	OTHER_MANUFACTURING	REU	P3_S13	4705.908785266706
ROW	OTHER_MANUFACTURING	REU	P3_S14	120812.04793275525
ROW	OTHER_MANUFACTURING	REU	P3_S15	3.753694208016711
ROW	OTHER_MANUFACTURING	REU	P51G	94346.83266351104
ROW	OTHER_MANUFACTURING	REU	P5M	4122.997873777808
ROW	OTHER_MANUFACTURING	ROW	P3_S13	314063.30140925443
ROW	OTHER_MANUFACTURING	ROW	P3_S14	3.1066179678018657e6
ROW	OTHER_MANUFACTURING	ROW	P3_S15	1000.1922020687093
ROW	OTHER_MANUFACTURING	ROW	P51G	2.948371559936682e6
ROW	OTHER_MANUFACTURING	ROW	P5M	173170.8389674662
ROW	OTHER_MANUFACTURING	SK	P3_S13	113.23841940872529
ROW	OTHER_MANUFACTURING	SK	P3_S14	1216.604248532117
ROW	OTHER_MANUFACTURING	SK	P51G	1196.4267057097172
ROW	OTHER_MANUFACTURING	SK	P5M	379.0403589111448
ROW	OTHER_SERVICES	DE	P3_S13	9.347838854267065
ROW	OTHER_SERVICES	DE	P3_S14	11665.480628231253
ROW	OTHER_SERVICES	DE	P51G	3041.504973102255
ROW	OTHER_SERVICES	DE	P5M	401.17881301709906
ROW	OTHER_SERVICES	FR	P3_S13	172.52976398656384
ROW	OTHER_SERVICES	FR	P3_S14	6805.513599172069
ROW	OTHER_SERVICES	FR	P51G	6249.73940950083
ROW	OTHER_SERVICES	FR	P5M	104.1219259669341
ROW	OTHER_SERVICES	IT	P3_S13	2.713573521415013
ROW	OTHER_SERVICES	IT	P3_S14	527.9558394474706
ROW	OTHER_SERVICES	IT	P51G	872.2364535678726
ROW	OTHER_SERVICES	IT	P5M	21.81805806524708
ROW	OTHER_SERVICES	PL	P3_S13	7.763165044109875
ROW	OTHER_SERVICES	PL	P3_S14	2100.429064685436
ROW	OTHER_SERVICES	PL	P3_S15	2.4867860422199923
ROW	OTHER_SERVICES	PL	P51G	130.85261293134903
ROW	OTHER_SERVICES	PL	P5M	-56.31814344157794
ROW	OTHER_SERVICES	REU	P3_S13	2183.136358415588
ROW	OTHER_SERVICES	REU	P3_S14	42728.55857157392
ROW	OTHER_SERVICES	REU	P3_S15	16.429662287555203
ROW	OTHER_SERVICES	REU	P51G	39256.695824492774
ROW	OTHER_SERVICES	REU	P5M	1828.956663349584
ROW	OTHER_SERVICES	ROW	P3_S13	783828.1386746955
ROW	OTHER_SERVICES	ROW	P3_S14	1.0153725816268403e7
ROW	OTHER_SERVICES	ROW	P3_S15	97930.32561424287
ROW	OTHER_SERVICES	ROW	P51G	2.075969092346104e6
ROW	OTHER_SERVICES	ROW	P5M	9036.245181119408
ROW	OTHER_SERVICES	SK	P3_S13	11.178514049208582
ROW	OTHER_SERVICES	SK	P3_S14	76.66303715088388
ROW	OTHER_SERVICES	SK	P51G	65.32739149228462
ROW	OTHER_SERVICES	SK	P5M	32.67009325837705
ROW	PUBLIC_SOCIAL	DE	P3_S13	137.05331724707455
ROW	PUBLIC_SOCIAL	DE	P3_S14	293.174893514121
ROW	PUBLIC_SOCIAL	DE	P51G	58.138459755130924
ROW	PUBLIC_SOCIAL	DE	P5M	13.313250509429903
ROW	PUBLIC_SOCIAL	FR	P3_S13	151.8843346095574
ROW	PUBLIC_SOCIAL	FR	P3_S14	168.80732330245766
ROW	PUBLIC_SOCIAL	FR	P51G	103.96619985321439
ROW	PUBLIC_SOCIAL	FR	P5M	7.052791959854012
ROW	PUBLIC_SOCIAL	IT	P3_S13	0.6671570136828805
ROW	PUBLIC_SOCIAL	IT	P3_S14	34.370291452987104
ROW	PUBLIC_SOCIAL	IT	P51G	20.02123964366267
ROW	PUBLIC_SOCIAL	IT	P5M	1.120013157207262
ROW	PUBLIC_SOCIAL	PL	P3_S13	0.3333292160695485
ROW	PUBLIC_SOCIAL	PL	P3_S14	68.7054170185787
ROW	PUBLIC_SOCIAL	PL	P3_S15	0.08966933464642675
ROW	PUBLIC_SOCIAL	PL	P51G	3.862160515534362
ROW	PUBLIC_SOCIAL	PL	P5M	-0.3217646097623115
ROW	PUBLIC_SOCIAL	REU	P3_S13	135.17771510529386
ROW	PUBLIC_SOCIAL	REU	P3_S14	1996.6646709924667
ROW	PUBLIC_SOCIAL	REU	P3_S15	3.698480127503397
ROW	PUBLIC_SOCIAL	REU	P51G	683.3625009389963
ROW	PUBLIC_SOCIAL	REU	P5M	-83.27102250782092
ROW	PUBLIC_SOCIAL	ROW	P3_S13	6.220744393358278e6
ROW	PUBLIC_SOCIAL	ROW	P3_S14	4.0194983639824716e6
ROW	PUBLIC_SOCIAL	ROW	P3_S15	509388.6906353757
ROW	PUBLIC_SOCIAL	ROW	P51G	110209.77109351162
ROW	PUBLIC_SOCIAL	ROW	P5M	519.9499323083891
ROW	PUBLIC_SOCIAL	SK	P3_S13	0.2563929344179336
ROW	PUBLIC_SOCIAL	SK	P3_S14	2.0485635553542623
ROW	PUBLIC_SOCIAL	SK	P51G	1.549709410431976
ROW	PUBLIC_SOCIAL	SK	P5M	0.6739117321885769
ROW	REC_EE	DE	P5M	1.8268357805444908e-6
ROW	REC_EE	FR	P5M	8.037624878264559e-7
ROW	REC_EE	IT	P5M	2.525849726457079e-7
ROW	REC_EE	PL	P3_S13	3.9884671080036466e-10
ROW	REC_EE	PL	P3_S15	1.48872971148678e-10
ROW	REC_EE	PL	P51G	1.5986628479773925e-9
ROW	REC_EE	PL	P5M	3.1734889390751387e-9
ROW	REC_EE	REU	P5M	-0.01815735029738563
ROW	REC_EE	ROW	P3_S13	0.7709954122799758
ROW	REC_EE	ROW	P3_S14	1.140888667360727
ROW	REC_EE	ROW	P3_S15	0.011871906174798266
ROW	REC_EE	ROW	P51G	0.01379919130641217
ROW	REC_EE	ROW	P5M	0.017573524642351682
ROW	REC_EE	SK	P5M	1.3421637249434756e-8
ROW	REF_ELMA	DE	P3_S13	0.05787861759013124
ROW	REF_ELMA	DE	P3_S14	1.7619708108911734
ROW	REF_ELMA	DE	P51G	0.6060661654602774
ROW	REF_ELMA	DE	P5M	7.81948607832414
ROW	REF_ELMA	FR	P3_S13	0.10671714000078816
ROW	REF_ELMA	FR	P3_S14	1.41310986928841
ROW	REF_ELMA	FR	P51G	19.007983628866928
ROW	REF_ELMA	FR	P5M	0.7162875380132526
ROW	REF_ELMA	IT	P3_S13	0.013380230814594567
ROW	REF_ELMA	IT	P3_S14	0.3757844365189271
ROW	REF_ELMA	IT	P51G	5.74723944309173
ROW	REF_ELMA	IT	P5M	0.01545215432043603
ROW	REF_ELMA	PL	P3_S13	0.002262173239747498
ROW	REF_ELMA	PL	P3_S14	0.27353436978896334
ROW	REF_ELMA	PL	P3_S15	0.00022497330673486188
ROW	REF_ELMA	PL	P51G	0.06988356902088164
ROW	REF_ELMA	PL	P5M	0.05235260716371056
ROW	REF_ELMA	REU	P3_S13	5.944255105345329
ROW	REF_ELMA	REU	P3_S14	96.28632762055516
ROW	REF_ELMA	REU	P3_S15	0.18117163418203783
ROW	REF_ELMA	REU	P51G	66.13027099512843
ROW	REF_ELMA	REU	P5M	8.66466729013702
ROW	REF_ELMA	ROW	P3_S13	596.0349913219703
ROW	REF_ELMA	ROW	P3_S14	15156.359662774983
ROW	REF_ELMA	ROW	P3_S15	14.013944788728425
ROW	REF_ELMA	ROW	P51G	5174.306656504298
ROW	REF_ELMA	ROW	P5M	376.80232202632686
ROW	REF_ELMA	SK	P3_S13	0.026889897990383386
ROW	REF_ELMA	SK	P3_S14	0.05083679943765508
ROW	REF_ELMA	SK	P51G	0.04165839291185801
ROW	REF_ELMA	SK	P5M	0.026883685170666565
ROW	REF_OFMA	DE	P3_S13	0.02030006916224475
ROW	REF_OFMA	DE	P3_S14	0.6423519682014175
ROW	REF_OFMA	DE	P51G	0.21301398441040698
ROW	REF_OFMA	DE	P5M	3.2149571970057518
ROW	REF_OFMA	FR	P3_S13	0.03740131045147108
ROW	REF_OFMA	FR	P3_S14	0.5234312855750685
ROW	REF_OFMA	FR	P51G	7.83427406908527
ROW	REF_OFMA	FR	P5M	0.28969566945184
ROW	REF_OFMA	IT	P3_S13	0.004690544429582612
ROW	REF_OFMA	IT	P3_S14	0.13170661066855757
ROW	REF_OFMA	IT	P51G	2.3661459789608137
ROW	REF_OFMA	IT	P5M	0.005394178427465543
ROW	REF_OFMA	PL	P3_S13	0.0007933873172695789
ROW	REF_OFMA	PL	P3_S14	0.0956994653169223
ROW	REF_OFMA	PL	P3_S15	7.867517672702684e-5
ROW	REF_OFMA	PL	P51G	0.024622046702059315
ROW	REF_OFMA	PL	P5M	0.0205398321868455
ROW	REF_OFMA	REU	P3_S13	2.091800584800894
ROW	REF_OFMA	REU	P3_S14	33.3617345688865
ROW	REF_OFMA	REU	P3_S15	0.05980504970987648
ROW	REF_OFMA	REU	P51G	23.255184561883553
ROW	REF_OFMA	REU	P5M	2.8871211948932616
ROW	REF_OFMA	ROW	P3_S13	208.38602327900026
ROW	REF_OFMA	ROW	P3_S14	5252.901567070408
ROW	REF_OFMA	ROW	P3_S15	4.861223273791454
ROW	REF_OFMA	ROW	P51G	1859.9650065675048
ROW	REF_OFMA	ROW	P5M	130.5454114173655
ROW	REF_OFMA	SK	P3_S13	0.005953870157009335
ROW	REF_OFMA	SK	P3_S14	0.016408933482690607
ROW	REF_OFMA	SK	P51G	0.011209752139129467
ROW	REF_OFMA	SK	P5M	0.0070078189849059214
ROW	REF_RATV	DE	P3_S13	0.07326963399098145
ROW	REF_RATV	DE	P3_S14	2.326210995811489
ROW	REF_RATV	DE	P51G	0.7687560277683659
ROW	REF_RATV	DE	P5M	11.614470448024669
ROW	REF_RATV	FR	P3_S13	0.13499519537702867
ROW	REF_RATV	FR	P3_S14	1.8969052879251118
ROW	REF_RATV	FR	P51G	28.28352613787779
ROW	REF_RATV	FR	P5M	1.0581390792382004
ROW	REF_RATV	IT	P3_S13	0.01692908099333721
ROW	REF_RATV	IT	P3_S14	0.4753626276226567
ROW	REF_RATV	IT	P51G	8.550825161789344
ROW	REF_RATV	IT	P5M	0.01946709474331702
ROW	REF_RATV	PL	P3_S13	0.002863877004154913
ROW	REF_RATV	PL	P3_S14	0.3453804406750558
ROW	REF_RATV	PL	P3_S15	0.00028393589432035575
ROW	REF_RATV	PL	P51G	0.08885862927700969
ROW	REF_RATV	PL	P5M	0.0774894703409402
ROW	REF_RATV	REU	P3_S13	7.557704061593554
ROW	REF_RATV	REU	P3_S14	120.39708730620764
ROW	REF_RATV	REU	P3_S15	0.2313853172625678
ROW	REF_RATV	REU	P51G	83.92938569057725
ROW	REF_RATV	REU	P5M	10.427485472943129
ROW	REF_RATV	ROW	P3_S13	752.013034068013
ROW	REF_RATV	ROW	P3_S14	18956.263227421605
ROW	REF_RATV	ROW	P3_S15	17.556993586169746
ROW	REF_RATV	ROW	P51G	6712.099697951098
ROW	REF_RATV	ROW	P5M	471.11137357001024
ROW	REF_RATV	SK	P3_S13	0.043597359531905876
ROW	REF_RATV	SK	P3_S14	0.07041106898917297
ROW	REF_RATV	SK	P51G	0.05907505429116223
ROW	REF_RATV	SK	P5M	0.04007329974584373
ROW	REP_ELMA	DE	P3_S13	5.631822621793242e-5
ROW	REP_ELMA	DE	P3_S14	0.03647521619724523
ROW	REP_ELMA	DE	P51G	0.0005591251888931579
ROW	REP_ELMA	DE	P5M	0.00020105010584234258
ROW	REP_ELMA	FR	P3_S13	0.00013018388911946818
ROW	REP_ELMA	FR	P3_S14	0.0011186533235218448
ROW	REP_ELMA	FR	P51G	0.0010686119425070838
ROW	REP_ELMA	FR	P5M	8.98903566960805e-5
ROW	REP_ELMA	IT	P3_S13	2.1560020579925246e-5
ROW	REP_ELMA	IT	P3_S14	0.00011482114357042386
ROW	REP_ELMA	IT	P51G	0.0001775816093237669
ROW	REP_ELMA	IT	P5M	2.6637595852612035e-5
ROW	REP_ELMA	PL	P3_S13	1.1820178862913725e-6
ROW	REP_ELMA	PL	P3_S14	0.011192149308920016
ROW	REP_ELMA	PL	P3_S15	3.8705211697116114e-7
ROW	REP_ELMA	PL	P51G	2.6334888726937358e-5
ROW	REP_ELMA	PL	P5M	-0.5155751325951811
ROW	REP_ELMA	REU	P3_S13	0.0007319189162136299
ROW	REP_ELMA	REU	P3_S14	0.03451208954397783
ROW	REP_ELMA	REU	P3_S15	1.7649255513990598e-5
ROW	REP_ELMA	REU	P51G	0.008137448415216507
ROW	REP_ELMA	REU	P5M	0.0008028488435834183
ROW	REP_ELMA	ROW	P3_S13	2.9717436923541602
ROW	REP_ELMA	ROW	P3_S14	321.26086283707997
ROW	REP_ELMA	ROW	P3_S15	0.01876392293453766
ROW	REP_ELMA	ROW	P51G	48.77158461789942
ROW	REP_ELMA	ROW	P5M	0.0160270549250118
ROW	REP_ELMA	SK	P3_S13	4.031888009274008e-6
ROW	REP_ELMA	SK	P3_S14	1.5677347652790422e-5
ROW	REP_ELMA	SK	P51G	1.4110014321264752e-5
ROW	REP_ELMA	SK	P5M	8.31428449951365e-6
ROW	REP_OFMA	DE	P3_S13	3.561138563963059e-5
ROW	REP_OFMA	DE	P3_S14	0.019388869255451087
ROW	REP_OFMA	DE	P51G	0.0003589511692323658
ROW	REP_OFMA	DE	P5M	0.0001385494372326488
ROW	REP_OFMA	FR	P3_S13	8.158706020803173e-5
ROW	REP_OFMA	FR	P3_S14	0.0006970970880285245
ROW	REP_OFMA	FR	P51G	0.0006674990932815551
ROW	REP_OFMA	FR	P5M	5.681931637528813e-5
ROW	REP_OFMA	IT	P3_S13	1.3595077361883619e-5
ROW	REP_OFMA	IT	P3_S14	7.260663761093798e-5
ROW	REP_OFMA	IT	P51G	0.00011336111257558995
ROW	REP_OFMA	IT	P5M	1.6757976461831022e-5
ROW	REP_OFMA	PL	P3_S13	7.273799133772579e-7
ROW	REP_OFMA	PL	P3_S14	0.003383957485616307
ROW	REP_OFMA	PL	P3_S15	2.4263313101687107e-7
ROW	REP_OFMA	PL	P51G	1.8172009028689934e-5
ROW	REP_OFMA	PL	P5M	-0.32487506801442817
ROW	REP_OFMA	REU	P3_S13	0.0004574474888709628
ROW	REP_OFMA	REU	P3_S14	0.018766543327330507
ROW	REP_OFMA	REU	P3_S15	1.1101267766584551e-5
ROW	REP_OFMA	REU	P51G	0.005095886844558897
ROW	REP_OFMA	REU	P5M	0.0005073869722169954
ROW	REP_OFMA	ROW	P3_S13	1.851759451237228
ROW	REP_OFMA	ROW	P3_S14	200.66834373553866
ROW	REP_OFMA	ROW	P3_S15	0.011532695796334227
ROW	REP_OFMA	ROW	P51G	30.464443235428103
ROW	REP_OFMA	ROW	P5M	0.010127172309588756
ROW	REP_OFMA	SK	P3_S13	2.518277042221242e-6
ROW	REP_OFMA	SK	P3_S14	1.0478880531589374e-5
ROW	REP_OFMA	SK	P51G	9.615552883654293e-6
ROW	REP_OFMA	SK	P5M	5.751337663681375e-6
ROW	REP_RATV	DE	P3_S13	0.0001270098332330944
ROW	REP_RATV	DE	P3_S14	0.09292329328059407
ROW	REP_RATV	DE	P51G	0.0012354542581003727
ROW	REP_RATV	DE	P5M	0.0004103560374529992
ROW	REP_RATV	FR	P3_S13	0.00029535419914727333
ROW	REP_RATV	FR	P3_S14	0.0025402247257520815
ROW	REP_RATV	FR	P51G	0.0024107410133747138
ROW	REP_RATV	FR	P5M	0.00020133678784160566
ROW	REP_RATV	IT	P3_S13	4.8492977728360855e-5
ROW	REP_RATV	IT	P3_S14	0.0002637689516264482
ROW	REP_RATV	IT	P51G	0.0003938134281284216
ROW	REP_RATV	IT	P5M	5.976048829910048e-5
ROW	REP_RATV	PL	P3_S13	2.7821709123701773e-6
ROW	REP_RATV	PL	P3_S14	0.0366144300164744
ROW	REP_RATV	PL	P3_S15	8.708483963610066e-7
ROW	REP_RATV	PL	P51G	5.46242878310015e-5
ROW	REP_RATV	PL	P5M	-1.153806459844593
ROW	REP_RATV	REU	P3_S13	0.0016515493671676758
ROW	REP_RATV	REU	P3_S14	0.08652240682833988
ROW	REP_RATV	REU	P3_S15	3.950565840032354e-5
ROW	REP_RATV	REU	P51G	0.018340944679311525
ROW	REP_RATV	REU	P5M	0.0023119809073174668
ROW	REP_RATV	ROW	P3_S13	6.7149006522378984
ROW	REP_RATV	ROW	P3_S14	724.4222285730514
ROW	REP_RATV	ROW	P3_S15	0.042891033114931726
ROW	REP_RATV	ROW	P51G	109.97532109123753
ROW	REP_RATV	ROW	P5M	0.03581149955941306
ROW	REP_RATV	SK	P3_S13	9.16353041932602e-6
ROW	REP_RATV	SK	P3_S14	3.3468830433732825e-5
ROW	REP_RATV	SK	P51G	2.948234414647423e-5
ROW	REP_RATV	SK	P5M	1.6828737812890016e-5
ROW	REU_ELMA	DE	P3_S13	0.8876980325254368
ROW	REU_ELMA	DE	P3_S14	1.5992402048237442
ROW	REU_ELMA	DE	P51G	1.0496015823202296
ROW	REU_ELMA	DE	P5M	1.3777807564215725
ROW	REU_ELMA	FR	P3_S13	1.4817277010086343
ROW	REU_ELMA	FR	P3_S14	1.2831392724782142
ROW	REU_ELMA	FR	P51G	1.02082594764701
ROW	REU_ELMA	FR	P5M	1.0204504390113796
ROW	REU_ELMA	IT	P3_S13	0.34784839578578186
ROW	REU_ELMA	IT	P3_S14	0.47612934623061287
ROW	REU_ELMA	IT	P51G	0.368450170157564
ROW	REU_ELMA	IT	P5M	0.38809824831436956
ROW	REU_ELMA	PL	P3_S13	0.00042815235120561293
ROW	REU_ELMA	PL	P3_S14	0.1051256969637143
ROW	REU_ELMA	PL	P3_S15	5.767060118770691e-5
ROW	REU_ELMA	PL	P51G	0.010135813535570729
ROW	REU_ELMA	PL	P5M	0.0005457736561784593
ROW	REU_ELMA	REU	P3_S13	4.2666162362081845
ROW	REU_ELMA	REU	P3_S14	22.07260930171565
ROW	REU_ELMA	REU	P3_S15	0.17478926514440776
ROW	REU_ELMA	REU	P51G	11.54892763555268
ROW	REU_ELMA	REU	P5M	5.502343028128471
ROW	REU_ELMA	ROW	P3_S13	235.1025972480978
ROW	REU_ELMA	ROW	P3_S14	9741.267773184463
ROW	REU_ELMA	ROW	P3_S15	6.015565868581605
ROW	REU_ELMA	ROW	P51G	868.8961838189023
ROW	REU_ELMA	ROW	P5M	50.43060867497584
ROW	REU_ELMA	SK	P3_S13	0.026862041014288317
ROW	REU_ELMA	SK	P3_S14	0.026335025928330376
ROW	REU_ELMA	SK	P51G	0.018074374594380615
ROW	REU_ELMA	SK	P5M	0.01748154428251993
ROW	REU_OFMA	DE	P3_S13	0.3142402725830432
ROW	REU_OFMA	DE	P3_S14	0.7534117765330913
ROW	REU_OFMA	DE	P51G	0.38033700444159696
ROW	REU_OFMA	DE	P5M	0.49240580289922425
ROW	REU_OFMA	FR	P3_S13	0.5265881910727774
ROW	REU_OFMA	FR	P3_S14	0.4979356263373968
ROW	REU_OFMA	FR	P51G	0.3743859362076397
ROW	REU_OFMA	FR	P5M	0.36248372514592836
ROW	REU_OFMA	IT	P3_S13	0.11902732850626062
ROW	REU_OFMA	IT	P3_S14	0.1755034349143577
ROW	REU_OFMA	IT	P51G	0.13244989247099792
ROW	REU_OFMA	IT	P5M	0.13435412412520728
ROW	REU_OFMA	PL	P3_S13	0.0001910203085687941
ROW	REU_OFMA	PL	P3_S14	0.06449594574664175
ROW	REU_OFMA	PL	P3_S15	2.5220650475355402e-5
ROW	REU_OFMA	PL	P51G	0.004469160633290561
ROW	REU_OFMA	PL	P5M	0.00021760532961852171
ROW	REU_OFMA	REU	P3_S13	1.5322183728667687
ROW	REU_OFMA	REU	P3_S14	12.150841986999476
ROW	REU_OFMA	REU	P3_S15	0.06041698332551924
ROW	REU_OFMA	REU	P51G	6.6372799818419885
ROW	REU_OFMA	REU	P5M	3.001100835266141
ROW	REU_OFMA	ROW	P3_S13	89.06668952277293
ROW	REU_OFMA	ROW	P3_S14	3960.731225461732
ROW	REU_OFMA	ROW	P3_S15	2.506263160327681
ROW	REU_OFMA	ROW	P51G	347.64928748193836
ROW	REU_OFMA	ROW	P5M	19.66832531994758
ROW	REU_OFMA	SK	P3_S13	0.004441117567096665
ROW	REU_OFMA	SK	P3_S14	0.007118864143722179
ROW	REU_OFMA	SK	P51G	0.002372491324945164
ROW	REU_OFMA	SK	P5M	0.0028863262233031696
ROW	REU_RATV	DE	P3_S13	1.1489214166623078
ROW	REU_RATV	DE	P3_S14	2.727045719352309
ROW	REU_RATV	DE	P51G	1.3869603054475075
ROW	REU_RATV	DE	P5M	1.7894237281679772
ROW	REU_RATV	FR	P3_S13	1.9178017209461433
ROW	REU_RATV	FR	P3_S14	1.8049462261989502
ROW	REU_RATV	FR	P51G	1.3627528509371682
ROW	REU_RATV	FR	P5M	1.3206974396152047
ROW	REU_RATV	IT	P3_S13	0.4516407350039733
ROW	REU_RATV	IT	P3_S14	0.6455925533381671
ROW	REU_RATV	IT	P51G	0.489928971075971
ROW	REU_RATV	IT	P5M	0.5033260635224426
ROW	REU_RATV	PL	P3_S13	0.0006901107061069508
ROW	REU_RATV	PL	P3_S14	0.242514868766679
ROW	REU_RATV	PL	P3_S15	9.103414843187432e-5
ROW	REU_RATV	PL	P51G	0.016132759646173892
ROW	REU_RATV	PL	P5M	0.0008584727533939519
ROW	REU_RATV	REU	P3_S13	5.5383694967832735
ROW	REU_RATV	REU	P3_S14	43.85335745076936
ROW	REU_RATV	REU	P3_S15	0.23337767318648528
ROW	REU_RATV	REU	P51G	23.960182438421935
ROW	REU_RATV	REU	P5M	10.838919677520192
ROW	REU_RATV	ROW	P3_S13	321.42502128324656
ROW	REU_RATV	ROW	P3_S14	14293.297970008036
ROW	REU_RATV	ROW	P3_S15	9.058515386091035
ROW	REU_RATV	ROW	P51G	1254.5775591319698
ROW	REU_RATV	ROW	P5M	70.98698396000984
ROW	REU_RATV	SK	P3_S13	0.037708910919764464
ROW	REU_RATV	SK	P3_S14	0.03680961682576229
ROW	REU_RATV	SK	P51G	0.02686735201895814
ROW	REU_RATV	SK	P5M	0.025007497757357593
ROW	TRADE	DE	P3_S13	158.3548664342065
ROW	TRADE	DE	P3_S14	1379.5667160000462
ROW	TRADE	DE	P51G	221.67722015159487
ROW	TRADE	DE	P5M	258.8043522984584
ROW	TRADE	FR	P3_S13	308.72787569099813
ROW	TRADE	FR	P3_S14	308.6694117473015
ROW	TRADE	FR	P51G	237.80344727878688
ROW	TRADE	FR	P5M	211.89300241396964
ROW	TRADE	IT	P3_S13	62.53707335051465
ROW	TRADE	IT	P3_S14	106.89231267175045
ROW	TRADE	IT	P51G	75.10881058261293
ROW	TRADE	IT	P5M	69.39412031938633
ROW	TRADE	PL	P3_S13	0.22161618848508832
ROW	TRADE	PL	P3_S14	31.659287963279453
ROW	TRADE	PL	P3_S15	0.025215305603323985
ROW	TRADE	PL	P51G	6.133656549644563
ROW	TRADE	PL	P5M	0.44893925906702875
ROW	TRADE	REU	P3_S13	1172.4424426672272
ROW	TRADE	REU	P3_S14	10239.866378400433
ROW	TRADE	REU	P3_S15	43.72296323146964
ROW	TRADE	REU	P51G	6197.997772272452
ROW	TRADE	REU	P5M	1490.7302341933907
ROW	TRADE	ROW	P3_S13	79723.22309908911
ROW	TRADE	ROW	P3_S14	3.0450207739768843e6
ROW	TRADE	ROW	P3_S15	2002.2816905643738
ROW	TRADE	ROW	P51G	614233.915259925
ROW	TRADE	ROW	P5M	41804.78295267642
ROW	TRADE	SK	P3_S13	7.025213310623623
ROW	TRADE	SK	P3_S14	7.88469129046676
ROW	TRADE	SK	P51G	6.6318052538918435
ROW	TRADE	SK	P5M	5.207773873158301
ROW	TRANSPORT	DE	P3_S13	205.55613975535397
ROW	TRANSPORT	DE	P3_S14	2330.1106795784676
ROW	TRANSPORT	DE	P51G	1044.035380294629
ROW	TRANSPORT	DE	P5M	613.4908425898851
ROW	TRANSPORT	FR	P3_S13	337.4964141040128
ROW	TRANSPORT	FR	P3_S14	2188.531895680082
ROW	TRANSPORT	FR	P51G	1073.3946217545863
ROW	TRANSPORT	FR	P5M	237.7774515160099
ROW	TRANSPORT	IT	P3_S13	12.363540436613
ROW	TRANSPORT	IT	P3_S14	2278.616096360548
ROW	TRANSPORT	IT	P51G	772.489941028823
ROW	TRANSPORT	IT	P5M	21.473530765964878
ROW	TRANSPORT	PL	P3_S13	7.471530484281013
ROW	TRANSPORT	PL	P3_S14	216.85268093787445
ROW	TRANSPORT	PL	P3_S15	0.2538252053539731
ROW	TRANSPORT	PL	P51G	159.13261175546725
ROW	TRANSPORT	PL	P5M	34.94702910715587
ROW	TRANSPORT	REU	P3_S13	364.8713236181247
ROW	TRANSPORT	REU	P3_S14	18099.510660347336
ROW	TRANSPORT	REU	P3_S15	0.7840640260696354
ROW	TRANSPORT	REU	P51G	6612.406708427878
ROW	TRANSPORT	REU	P5M	-841.9559609116353
ROW	TRANSPORT	ROW	P3_S13	191193.32534632186
ROW	TRANSPORT	ROW	P3_S14	1.14965039283783e6
ROW	TRANSPORT	ROW	P3_S15	1753.2319334851875
ROW	TRANSPORT	ROW	P51G	145227.99896136828
ROW	TRANSPORT	ROW	P5M	1121.1550754962732
ROW	TRANSPORT	SK	P3_S13	3.0947650283654036
ROW	TRANSPORT	SK	P3_S14	41.16725025784848
ROW	TRANSPORT	SK	P51G	36.85930108414554
ROW	TRANSPORT	SK	P5M	13.864445038470773
ROW	UTIL_WASTE	DE	P3_S13	4.809130706116733
ROW	UTIL_WASTE	DE	P3_S14	115.12360599852663
ROW	UTIL_WASTE	DE	P51G	27.86832565252649
ROW	UTIL_WASTE	DE	P5M	-1.3713744027100023
ROW	UTIL_WASTE	FR	P3_S13	5.8009197638414385
ROW	UTIL_WASTE	FR	P3_S14	33.71398793948647
ROW	UTIL_WASTE	FR	P51G	10.57811689429429
ROW	UTIL_WASTE	FR	P5M	3.7749061603942007
ROW	UTIL_WASTE	IT	P3_S13	0.47690011859044706
ROW	UTIL_WASTE	IT	P3_S14	45.724343856914196
ROW	UTIL_WASTE	IT	P51G	7.148765565888971
ROW	UTIL_WASTE	IT	P5M	0.23037021104199612
ROW	UTIL_WASTE	PL	P3_S13	0.1984078164362758
ROW	UTIL_WASTE	PL	P3_S14	50.45529263655396
ROW	UTIL_WASTE	PL	P3_S15	0.037991449157533594
ROW	UTIL_WASTE	PL	P51G	3.9694494230236566
ROW	UTIL_WASTE	PL	P5M	1.6339232961528825
ROW	UTIL_WASTE	REU	P3_S13	13.331966505999933
ROW	UTIL_WASTE	REU	P3_S14	439.0030378142677
ROW	UTIL_WASTE	REU	P3_S15	0.26262743014006756
ROW	UTIL_WASTE	REU	P51G	123.51367484137597
ROW	UTIL_WASTE	REU	P5M	-1475.7242137141932
ROW	UTIL_WASTE	ROW	P3_S13	102451.07053277912
ROW	UTIL_WASTE	ROW	P3_S14	707676.6254429419
ROW	UTIL_WASTE	ROW	P3_S15	1172.1348094021557
ROW	UTIL_WASTE	ROW	P51G	9204.932347000113
ROW	UTIL_WASTE	ROW	P5M	1736.5376913194955
ROW	UTIL_WASTE	SK	P3_S13	0.1219527031777052
ROW	UTIL_WASTE	SK	P3_S14	3.580465087097126
ROW	UTIL_WASTE	SK	P51G	1.453026432350632
ROW	UTIL_WASTE	SK	P5M	0.3515066923773019
SK	AGRI_FOOD	DE	P3_S13	0.2338035413680258
SK	AGRI_FOOD	DE	P3_S14	80.8895578044969
SK	AGRI_FOOD	DE	P51G	1.968422462904277
SK	AGRI_FOOD	DE	P5M	5.924831007736403
SK	AGRI_FOOD	FR	P3_S13	0.07890125058748086
SK	AGRI_FOOD	FR	P3_S14	23.247895279417886
SK	AGRI_FOOD	FR	P51G	0.644206259265064
SK	AGRI_FOOD	FR	P5M	0.6661566877310304
SK	AGRI_FOOD	IT	P3_S13	0.005273886275453871
SK	AGRI_FOOD	IT	P3_S14	43.59318545810511
SK	AGRI_FOOD	IT	P51G	0.8123315189226512
SK	AGRI_FOOD	IT	P5M	2.944693072269162
SK	AGRI_FOOD	PL	P3_S13	0.0024853553441449633
SK	AGRI_FOOD	PL	P3_S14	171.55470474751715
SK	AGRI_FOOD	PL	P3_S15	0.0019645717347904126
SK	AGRI_FOOD	PL	P51G	1.2256975005452813
SK	AGRI_FOOD	PL	P5M	6.471916460221311
SK	AGRI_FOOD	REU	P3_S13	1.0242627022317365
SK	AGRI_FOOD	REU	P3_S14	907.9265006888403
SK	AGRI_FOOD	REU	P3_S15	0.11766558202302085
SK	AGRI_FOOD	REU	P51G	8.377144040472661
SK	AGRI_FOOD	REU	P5M	52.19527483362318
SK	AGRI_FOOD	ROW	P3_S13	2.0496743766852803
SK	AGRI_FOOD	ROW	P3_S14	60.59734745163788
SK	AGRI_FOOD	ROW	P3_S15	0.024891444252848925
SK	AGRI_FOOD	ROW	P51G	3.4052182979839913
SK	AGRI_FOOD	ROW	P5M	0.3716361219346312
SK	AGRI_FOOD	SK	P3_S13	16.431125202214538
SK	AGRI_FOOD	SK	P3_S14	2109.3669478433444
SK	AGRI_FOOD	SK	P3_S15	0.9556700801145475
SK	AGRI_FOOD	SK	P51G	223.53706764460898
SK	AGRI_FOOD	SK	P5M	-11.51872942339234
SK	BASIC_METALS	DE	P3_S13	0.012642034080638359
SK	BASIC_METALS	DE	P3_S14	1.2987865723584933
SK	BASIC_METALS	DE	P51G	9.962055754777035
SK	BASIC_METALS	DE	P5M	-9.657346837917833
SK	BASIC_METALS	FR	P3_S13	0.008807786861837865
SK	BASIC_METALS	FR	P3_S14	1.091675785918304
SK	BASIC_METALS	FR	P51G	0.6386035082674173
SK	BASIC_METALS	FR	P5M	0.33098713949150665
SK	BASIC_METALS	IT	P3_S13	0.0005972536709678858
SK	BASIC_METALS	IT	P3_S14	0.6159263123597362
SK	BASIC_METALS	IT	P51G	0.39677460286546046
SK	BASIC_METALS	IT	P5M	0.002965309136382721
SK	BASIC_METALS	PL	P3_S13	0.0016048947377982517
SK	BASIC_METALS	PL	P3_S14	2.8601875366177527
SK	BASIC_METALS	PL	P3_S15	9.700126854435482e-5
SK	BASIC_METALS	PL	P51G	0.3268335986771934
SK	BASIC_METALS	PL	P5M	11.103200305743796
SK	BASIC_METALS	REU	P3_S13	0.039805700758377985
SK	BASIC_METALS	REU	P3_S14	4.501423387520814
SK	BASIC_METALS	REU	P3_S15	0.00029741678903485514
SK	BASIC_METALS	REU	P51G	15.575571711320443
SK	BASIC_METALS	REU	P5M	13.518413321657148
SK	BASIC_METALS	ROW	P3_S13	0.03648255539728713
SK	BASIC_METALS	ROW	P3_S14	1.999243392080093
SK	BASIC_METALS	ROW	P3_S15	0.0004201337712052322
SK	BASIC_METALS	ROW	P51G	2.316653894244311
SK	BASIC_METALS	ROW	P5M	1.2557610624612086
SK	BASIC_METALS	SK	P3_S13	0.7730578107052475
SK	BASIC_METALS	SK	P3_S14	18.141441493876783
SK	BASIC_METALS	SK	P3_S15	0.1991247236983951
SK	BASIC_METALS	SK	P51G	2.5810791108217934
SK	BASIC_METALS	SK	P5M	-2.301619128207874
SK	CONSTRUCTION	DE	P3_S13	0.06320290873386905
SK	CONSTRUCTION	DE	P3_S14	5.017870783678811
SK	CONSTRUCTION	DE	P51G	15.106428837752892
SK	CONSTRUCTION	DE	P5M	0.5011463118492842
SK	CONSTRUCTION	FR	P3_S13	0.1317702220591427
SK	CONSTRUCTION	FR	P3_S14	3.2604786186271273
SK	CONSTRUCTION	FR	P51G	1.6266446074969199
SK	CONSTRUCTION	FR	P5M	0.3882558112045607
SK	CONSTRUCTION	IT	P3_S13	0.004717822935473575
SK	CONSTRUCTION	IT	P3_S14	2.566817453233838
SK	CONSTRUCTION	IT	P51G	1.3833145618239038
SK	CONSTRUCTION	IT	P5M	0.01707790653185566
SK	CONSTRUCTION	PL	P3_S13	0.006837386245775885
SK	CONSTRUCTION	PL	P3_S14	1.8483713752932098
SK	CONSTRUCTION	PL	P3_S15	0.0004407411951204904
SK	CONSTRUCTION	PL	P51G	14.430368038053999
SK	CONSTRUCTION	PL	P5M	0.6496157131013948
SK	CONSTRUCTION	REU	P3_S13	0.8737120918771542
SK	CONSTRUCTION	REU	P3_S14	14.38716876616442
SK	CONSTRUCTION	REU	P3_S15	0.005018912539792526
SK	CONSTRUCTION	REU	P51G	24.740733779058537
SK	CONSTRUCTION	REU	P5M	1.474458906485814
SK	CONSTRUCTION	ROW	P3_S13	0.7390408365186845
SK	CONSTRUCTION	ROW	P3_S14	8.077733972978413
SK	CONSTRUCTION	ROW	P3_S15	0.04303165508817202
SK	CONSTRUCTION	ROW	P51G	15.767945199434452
SK	CONSTRUCTION	ROW	P5M	0.7560676795413821
SK	CONSTRUCTION	SK	P3_S13	25.036526964559883
SK	CONSTRUCTION	SK	P3_S14	337.33905802970816
SK	CONSTRUCTION	SK	P3_S15	2.135009216972523
SK	CONSTRUCTION	SK	P51G	6313.738948270966
SK	CONSTRUCTION	SK	P5M	-1.9309116661423216
SK	EXTRACTIVE	DE	P3_S13	0.008678836317924045
SK	EXTRACTIVE	DE	P3_S14	0.7328431188706676
SK	EXTRACTIVE	DE	P51G	0.528092587271454
SK	EXTRACTIVE	DE	P5M	-0.1141317878479256
SK	EXTRACTIVE	FR	P3_S13	0.004207376716407386
SK	EXTRACTIVE	FR	P3_S14	0.3178778559457934
SK	EXTRACTIVE	FR	P51G	0.1462563112394761
SK	EXTRACTIVE	FR	P5M	0.019087444648597286
SK	EXTRACTIVE	IT	P3_S13	0.000248240684142708
SK	EXTRACTIVE	IT	P3_S14	0.4410651877973314
SK	EXTRACTIVE	IT	P51G	0.1355501191447179
SK	EXTRACTIVE	IT	P5M	0.0015616327873668847
SK	EXTRACTIVE	PL	P3_S13	0.0007596372592354747
SK	EXTRACTIVE	PL	P3_S14	0.35346066657202885
SK	EXTRACTIVE	PL	P3_S15	4.603488997239664e-5
SK	EXTRACTIVE	PL	P51G	0.06206864172566102
SK	EXTRACTIVE	PL	P5M	-0.4900288586484852
SK	EXTRACTIVE	REU	P3_S13	0.02101292924374263
SK	EXTRACTIVE	REU	P3_S14	2.2342693715459676
SK	EXTRACTIVE	REU	P3_S15	8.947710205524216e-5
SK	EXTRACTIVE	REU	P51G	1.9856592366452088
SK	EXTRACTIVE	REU	P5M	-0.8643453426089355
SK	EXTRACTIVE	ROW	P3_S13	0.06660395688052452
SK	EXTRACTIVE	ROW	P3_S14	1.5262774291695038
SK	EXTRACTIVE	ROW	P3_S15	0.00013799526976317168
SK	EXTRACTIVE	ROW	P51G	1.0705715553368984
SK	EXTRACTIVE	ROW	P5M	0.08790209259853299
SK	EXTRACTIVE	SK	P3_S13	1.437397089738448
SK	EXTRACTIVE	SK	P3_S14	12.922071702416215
SK	EXTRACTIVE	SK	P3_S15	0.0739024135257558
SK	EXTRACTIVE	SK	P51G	0.8599824967640887
SK	EXTRACTIVE	SK	P5M	-6.061673423513612
SK	INC_EE	DE	P3_S13	3.112800243391055e-5
SK	INC_EE	DE	P3_S14	0.002357142431537102
SK	INC_EE	DE	P51G	0.0025071200922833258
SK	INC_EE	DE	P5M	0.00016513768925371957
SK	INC_EE	FR	P3_S13	2.1924670509574443e-5
SK	INC_EE	FR	P3_S14	0.0015614156312371166
SK	INC_EE	FR	P51G	0.000704916891789511
SK	INC_EE	FR	P5M	0.0001523377622218645
SK	INC_EE	IT	P3_S13	2.0503010291712903e-6
SK	INC_EE	IT	P3_S14	0.0012328443291341076
SK	INC_EE	IT	P51G	0.0006228399960187702
SK	INC_EE	IT	P5M	1.7432540985751952e-5
SK	INC_EE	PL	P3_S13	3.529404588345449e-6
SK	INC_EE	PL	P3_S14	0.0013080739882807568
SK	INC_EE	PL	P3_S15	2.195566568296089e-7
SK	INC_EE	PL	P51G	0.00034496730753914926
SK	INC_EE	PL	P5M	8.182044751358364e-5
SK	INC_EE	REU	P3_S13	0.00011061880823456314
SK	INC_EE	REU	P3_S14	0.030702933633982785
SK	INC_EE	REU	P3_S15	2.195976470277509e-6
SK	INC_EE	REU	P51G	0.004374878101408934
SK	INC_EE	REU	P5M	0.0009298979385565804
SK	INC_EE	ROW	P3_S13	0.00014716125910971335
SK	INC_EE	ROW	P3_S14	0.00409208947707777
SK	INC_EE	ROW	P3_S15	1.414506630713354e-6
SK	INC_EE	ROW	P51G	0.0032588930937787254
SK	INC_EE	ROW	P5M	0.00025242493711168524
SK	INC_EE	SK	P3_S13	0.19471052629284888
SK	INC_EE	SK	P3_S14	0.37956087437267516
SK	INC_EE	SK	P3_S15	0.0005820716619115133
SK	INC_EE	SK	P51G	0.031149498957687902
SK	INC_EE	SK	P5M	-0.00026921983597587843
SK	METAL_COMPONENTS	DE	P3_S13	0.12836080125341173
SK	METAL_COMPONENTS	DE	P3_S14	37.8543410547889
SK	METAL_COMPONENTS	DE	P51G	126.50280928673035
SK	METAL_COMPONENTS	DE	P5M	27.582425182129164
SK	METAL_COMPONENTS	FR	P3_S13	0.08795145941443916
SK	METAL_COMPONENTS	FR	P3_S14	28.97974996962182
SK	METAL_COMPONENTS	FR	P51G	11.323583907016262
SK	METAL_COMPONENTS	FR	P5M	2.528084213753614
SK	METAL_COMPONENTS	IT	P3_S13	0.005647512068488756
SK	METAL_COMPONENTS	IT	P3_S14	16.876473466789694
SK	METAL_COMPONENTS	IT	P51G	9.96731936414267
SK	METAL_COMPONENTS	IT	P5M	0.030247575298377256
SK	METAL_COMPONENTS	PL	P3_S13	0.015528176094049363
SK	METAL_COMPONENTS	PL	P3_S14	12.01625217845273
SK	METAL_COMPONENTS	PL	P3_S15	0.0010885787971565224
SK	METAL_COMPONENTS	PL	P51G	16.349887899689367
SK	METAL_COMPONENTS	PL	P5M	6.253829408733644
SK	METAL_COMPONENTS	REU	P3_S13	0.4487272158101214
SK	METAL_COMPONENTS	REU	P3_S14	103.65189557052783
SK	METAL_COMPONENTS	REU	P3_S15	0.002641871040265961
SK	METAL_COMPONENTS	REU	P51G	135.4117716128583
SK	METAL_COMPONENTS	REU	P5M	8.7510925058388
SK	METAL_COMPONENTS	ROW	P3_S13	0.42479274140906936
SK	METAL_COMPONENTS	ROW	P3_S14	33.173649768943896
SK	METAL_COMPONENTS	ROW	P3_S15	0.0021087432498719397
SK	METAL_COMPONENTS	ROW	P51G	50.5048960128482
SK	METAL_COMPONENTS	ROW	P5M	7.76076341916267
SK	METAL_COMPONENTS	SK	P3_S13	8.063422402458553
SK	METAL_COMPONENTS	SK	P3_S14	113.53702654365145
SK	METAL_COMPONENTS	SK	P3_S15	1.0094051157976023
SK	METAL_COMPONENTS	SK	P51G	101.11214672303481
SK	METAL_COMPONENTS	SK	P5M	57.26554282539299
SK	NEW_ELMA	DE	P3_S13	0.13787428694018938
SK	NEW_ELMA	DE	P3_S14	58.469224911750025
SK	NEW_ELMA	DE	P51G	92.2706509710109
SK	NEW_ELMA	DE	P5M	25.495220555914393
SK	NEW_ELMA	FR	P3_S13	0.08376289112395655
SK	NEW_ELMA	FR	P3_S14	38.113615055885774
SK	NEW_ELMA	FR	P51G	13.096875451549138
SK	NEW_ELMA	FR	P5M	5.895826533692566
SK	NEW_ELMA	IT	P3_S13	0.005461088393824881
SK	NEW_ELMA	IT	P3_S14	23.76367850473121
SK	NEW_ELMA	IT	P51G	17.41595910575889
SK	NEW_ELMA	IT	P5M	0.025568789632913577
SK	NEW_ELMA	PL	P3_S13	0.01416179768470374
SK	NEW_ELMA	PL	P3_S14	22.29433336040149
SK	NEW_ELMA	PL	P3_S15	0.00817195818953905
SK	NEW_ELMA	PL	P51G	15.964015210123495
SK	NEW_ELMA	PL	P5M	6.919896683383079
SK	NEW_ELMA	REU	P3_S13	0.48472515529212146
SK	NEW_ELMA	REU	P3_S14	169.7959422750724
SK	NEW_ELMA	REU	P3_S15	0.0031186455263499317
SK	NEW_ELMA	REU	P51G	150.9678250006361
SK	NEW_ELMA	REU	P5M	30.107157133201053
SK	NEW_ELMA	ROW	P3_S13	0.5389697929545069
SK	NEW_ELMA	ROW	P3_S14	71.15408115518954
SK	NEW_ELMA	ROW	P3_S15	0.0016059842577033534
SK	NEW_ELMA	ROW	P51G	76.41889364418542
SK	NEW_ELMA	ROW	P5M	9.022316295345355
SK	NEW_ELMA	SK	P3_S13	3.625702416833445
SK	NEW_ELMA	SK	P3_S14	64.73979908646584
SK	NEW_ELMA	SK	P3_S15	0.7693794126424386
SK	NEW_ELMA	SK	P51G	21.170564796353187
SK	NEW_ELMA	SK	P5M	2.8381679639914172
SK	NEW_RATV	DE	P3_S13	2.713727776119294
SK	NEW_RATV	DE	P3_S14	108.13709556658586
SK	NEW_RATV	DE	P51G	145.54783248970315
SK	NEW_RATV	DE	P5M	135.97635525609806
SK	NEW_RATV	FR	P3_S13	0.7278246639502073
SK	NEW_RATV	FR	P3_S14	54.4993682417355
SK	NEW_RATV	FR	P51G	35.613759292151684
SK	NEW_RATV	FR	P5M	4.108121672973389
SK	NEW_RATV	IT	P3_S13	0.0005424577860232825
SK	NEW_RATV	IT	P3_S14	84.83509384931719
SK	NEW_RATV	IT	P51G	90.43612802102446
SK	NEW_RATV	IT	P5M	0.0025038830086468555
SK	NEW_RATV	PL	P3_S13	0.00715495626985974
SK	NEW_RATV	PL	P3_S14	54.53894515621278
SK	NEW_RATV	PL	P3_S15	0.03964655585462766
SK	NEW_RATV	PL	P51G	29.192310675327793
SK	NEW_RATV	PL	P5M	5.729439374597008
SK	NEW_RATV	REU	P3_S13	2.6353454913688585
SK	NEW_RATV	REU	P3_S14	438.46363578706837
SK	NEW_RATV	REU	P3_S15	0.008245392390504851
SK	NEW_RATV	REU	P51G	694.8347138702196
SK	NEW_RATV	REU	P5M	15.79198042878713
SK	NEW_RATV	ROW	P3_S13	3.728128250925772
SK	NEW_RATV	ROW	P3_S14	42.394482034394585
SK	NEW_RATV	ROW	P3_S15	0.0048620320426035315
SK	NEW_RATV	ROW	P51G	61.983970534928204
SK	NEW_RATV	ROW	P5M	7.063275829839778
SK	NEW_RATV	SK	P3_S13	1.1845415848915342
SK	NEW_RATV	SK	P3_S14	32.85790873237842
SK	NEW_RATV	SK	P3_S15	0.44957972493256104
SK	NEW_RATV	SK	P51G	18.469261357817246
SK	NEW_RATV	SK	P5M	10.269876333051586
SK	OTHER_MANUFACTURING	DE	P3_S13	19.846026109375305
SK	OTHER_MANUFACTURING	DE	P3_S14	1484.155948957494
SK	OTHER_MANUFACTURING	DE	P51G	1794.6830319030869
SK	OTHER_MANUFACTURING	DE	P5M	112.74555857669813
SK	OTHER_MANUFACTURING	FR	P3_S13	13.976741106046543
SK	OTHER_MANUFACTURING	FR	P3_S14	1083.6054662840625
SK	OTHER_MANUFACTURING	FR	P51G	480.61747554029256
SK	OTHER_MANUFACTURING	FR	P5M	109.53648873988618
SK	OTHER_MANUFACTURING	IT	P3_S13	0.7724619909992437
SK	OTHER_MANUFACTURING	IT	P3_S14	743.1626782615051
SK	OTHER_MANUFACTURING	IT	P51G	446.3468201793115
SK	OTHER_MANUFACTURING	IT	P5M	4.667506282605235
SK	OTHER_MANUFACTURING	PL	P3_S13	2.6368735618848147
SK	OTHER_MANUFACTURING	PL	P3_S14	445.8606156721847
SK	OTHER_MANUFACTURING	PL	P3_S15	0.161290164211188
SK	OTHER_MANUFACTURING	PL	P51G	211.9540430748876
SK	OTHER_MANUFACTURING	PL	P5M	40.24027883630615
SK	OTHER_MANUFACTURING	REU	P3_S13	58.61844699373319
SK	OTHER_MANUFACTURING	REU	P3_S14	4081.1203295182813
SK	OTHER_MANUFACTURING	REU	P3_S15	0.1158304517390019
SK	OTHER_MANUFACTURING	REU	P51G	3009.272168278608
SK	OTHER_MANUFACTURING	REU	P5M	405.32162328019837
SK	OTHER_MANUFACTURING	ROW	P3_S13	32.59558862729284
SK	OTHER_MANUFACTURING	ROW	P3_S14	1624.9463773875084
SK	OTHER_MANUFACTURING	ROW	P3_S15	0.08869539609009018
SK	OTHER_MANUFACTURING	ROW	P51G	2167.592427565419
SK	OTHER_MANUFACTURING	ROW	P5M	173.55863105934685
SK	OTHER_MANUFACTURING	SK	P3_S13	41.65169396370273
SK	OTHER_MANUFACTURING	SK	P3_S14	1336.8879915627133
SK	OTHER_MANUFACTURING	SK	P3_S15	8.240010524256721
SK	OTHER_MANUFACTURING	SK	P51G	585.3772541843729
SK	OTHER_MANUFACTURING	SK	P5M	280.8015383894465
SK	OTHER_SERVICES	DE	P3_S13	0.4264341251934145
SK	OTHER_SERVICES	DE	P3_S14	66.83675176252066
SK	OTHER_SERVICES	DE	P51G	79.51824296992459
SK	OTHER_SERVICES	DE	P5M	6.103682360457439
SK	OTHER_SERVICES	FR	P3_S13	0.2796494095327575
SK	OTHER_SERVICES	FR	P3_S14	38.227091697498594
SK	OTHER_SERVICES	FR	P51G	43.10965899401446
SK	OTHER_SERVICES	FR	P5M	1.9485250221663346
SK	OTHER_SERVICES	IT	P3_S13	0.0260414126205867
SK	OTHER_SERVICES	IT	P3_S14	22.552977790117765
SK	OTHER_SERVICES	IT	P51G	14.915287822625322
SK	OTHER_SERVICES	IT	P5M	0.18827875205883862
SK	OTHER_SERVICES	PL	P3_S13	0.037517578662469055
SK	OTHER_SERVICES	PL	P3_S14	41.38800528154383
SK	OTHER_SERVICES	PL	P3_S15	0.003444649807966222
SK	OTHER_SERVICES	PL	P51G	15.212121274635129
SK	OTHER_SERVICES	PL	P5M	3.3858820247619037
SK	OTHER_SERVICES	REU	P3_S13	2.9788477825778217
SK	OTHER_SERVICES	REU	P3_S14	239.54040081995612
SK	OTHER_SERVICES	REU	P3_S15	0.08836668659618202
SK	OTHER_SERVICES	REU	P51G	248.79736033561818
SK	OTHER_SERVICES	REU	P5M	16.166750462888963
SK	OTHER_SERVICES	ROW	P3_S13	14.41490358291395
SK	OTHER_SERVICES	ROW	P3_S14	187.24755345413092
SK	OTHER_SERVICES	ROW	P3_S15	0.298332079471901
SK	OTHER_SERVICES	ROW	P51G	150.81992278201972
SK	OTHER_SERVICES	ROW	P5M	4.69187751750079
SK	OTHER_SERVICES	SK	P3_S13	1126.8352763896546
SK	OTHER_SERVICES	SK	P3_S14	15665.994723939162
SK	OTHER_SERVICES	SK	P3_S15	398.4443221085234
SK	OTHER_SERVICES	SK	P51G	2490.1263626048926
SK	OTHER_SERVICES	SK	P5M	179.44616337420157
SK	PUBLIC_SOCIAL	DE	P3_S13	0.23125576728045535
SK	PUBLIC_SOCIAL	DE	P3_S14	2.8088798087963007
SK	PUBLIC_SOCIAL	DE	P51G	2.8008186849099546
SK	PUBLIC_SOCIAL	DE	P5M	0.223033598206334
SK	PUBLIC_SOCIAL	FR	P3_S13	0.039565290418534904
SK	PUBLIC_SOCIAL	FR	P3_S14	1.5559216980583832
SK	PUBLIC_SOCIAL	FR	P51G	1.1837084966712559
SK	PUBLIC_SOCIAL	FR	P5M	0.11709688724831928
SK	PUBLIC_SOCIAL	IT	P3_S13	0.0011503949448960504
SK	PUBLIC_SOCIAL	IT	P3_S14	1.044449842094334
SK	PUBLIC_SOCIAL	IT	P51G	0.6292773321232762
SK	PUBLIC_SOCIAL	IT	P5M	0.010611357531489705
SK	PUBLIC_SOCIAL	PL	P3_S13	0.0026532133678563493
SK	PUBLIC_SOCIAL	PL	P3_S14	3.58119178564352
SK	PUBLIC_SOCIAL	PL	P3_S15	0.00019342943244066822
SK	PUBLIC_SOCIAL	PL	P51G	0.4322897024667099
SK	PUBLIC_SOCIAL	PL	P5M	0.09179914290136328
SK	PUBLIC_SOCIAL	REU	P3_S13	2.626550304103194
SK	PUBLIC_SOCIAL	REU	P3_S14	9.892843343461513
SK	PUBLIC_SOCIAL	REU	P3_S15	0.0020582172795945383
SK	PUBLIC_SOCIAL	REU	P51G	7.10147749728847
SK	PUBLIC_SOCIAL	REU	P5M	0.6940148001090343
SK	PUBLIC_SOCIAL	ROW	P3_S13	1.9668277616893446
SK	PUBLIC_SOCIAL	ROW	P3_S14	6.613650694117893
SK	PUBLIC_SOCIAL	ROW	P3_S15	0.028498163222638886
SK	PUBLIC_SOCIAL	ROW	P51G	4.604704562198883
SK	PUBLIC_SOCIAL	ROW	P5M	0.2452519657167696
SK	PUBLIC_SOCIAL	SK	P3_S13	11885.52064439776
SK	PUBLIC_SOCIAL	SK	P3_S14	1553.628792938264
SK	PUBLIC_SOCIAL	SK	P3_S15	503.61057477412584
SK	PUBLIC_SOCIAL	SK	P51G	43.19897515393899
SK	PUBLIC_SOCIAL	SK	P5M	3.5974950998483934
SK	REC_EE	DE	P5M	1.872900530123455e-5
SK	REC_EE	FR	P5M	1.858642310515734e-5
SK	REC_EE	IT	P5M	1.11924641493684e-6
SK	REC_EE	PL	P5M	7.444255272363884e-6
SK	REC_EE	REU	P5M	0.00012654930169855912
SK	REC_EE	ROW	P3_S13	1.0200763443879626e-5
SK	REC_EE	ROW	P3_S14	0.0006243631655272441
SK	REC_EE	ROW	P3_S15	1.4885057184823972e-7
SK	REC_EE	ROW	P51G	0.000395815596433047
SK	REC_EE	ROW	P5M	3.098419862420098e-5
SK	REC_EE	SK	P5M	-0.0011101984582413424
SK	REF_ELMA	DE	P3_S13	0.011931774723689524
SK	REF_ELMA	DE	P3_S14	0.8958631914877832
SK	REF_ELMA	DE	P51G	1.0443757709461632
SK	REF_ELMA	DE	P5M	0.1786094737469773
SK	REF_ELMA	FR	P3_S13	0.0075272950583533125
SK	REF_ELMA	FR	P3_S14	0.5493243811713328
SK	REF_ELMA	FR	P51G	0.25487950949193383
SK	REF_ELMA	FR	P5M	0.05137624726430251
SK	REF_ELMA	IT	P3_S13	0.0008784717417675022
SK	REF_ELMA	IT	P3_S14	0.4908405677398846
SK	REF_ELMA	IT	P51G	0.25068122975264323
SK	REF_ELMA	IT	P5M	0.008256389363786457
SK	REF_ELMA	PL	P3_S13	0.000992046690529394
SK	REF_ELMA	PL	P3_S14	0.5954133961209117
SK	REF_ELMA	PL	P3_S15	8.700228586162904e-5
SK	REF_ELMA	PL	P51G	0.14543272491688156
SK	REF_ELMA	PL	P5M	0.045419940979345055
SK	REF_ELMA	REU	P3_S13	0.062068007344095115
SK	REF_ELMA	REU	P3_S14	4.219591180021131
SK	REF_ELMA	REU	P3_S15	0.001278804573330779
SK	REF_ELMA	REU	P51G	2.1476743755675076
SK	REF_ELMA	REU	P5M	0.318112926483775
SK	REF_ELMA	ROW	P3_S13	0.1303299189746482
SK	REF_ELMA	ROW	P3_S14	1.8366401330679223
SK	REF_ELMA	ROW	P3_S15	0.0006662155665141229
SK	REF_ELMA	ROW	P51G	1.481558265355827
SK	REF_ELMA	ROW	P5M	0.12666038638353097
SK	REF_ELMA	SK	P3_S13	6.7492710118375125
SK	REF_ELMA	SK	P3_S14	66.61595203899535
SK	REF_ELMA	SK	P3_S15	0.3595262457601054
SK	REF_ELMA	SK	P51G	35.847894383755225
SK	REF_ELMA	SK	P5M	0.3149857317715285
SK	REF_OFMA	PL	P5M	-0.000137625192560732
SK	REF_OFMA	SK	P3_S14	0.001223888429586621
SK	REF_OFMA	SK	P5M	-0.0001114778537009571
SK	REF_RATV	DE	P3_S13	0.01895486365599799
SK	REF_RATV	DE	P3_S14	1.4228602368255
SK	REF_RATV	DE	P51G	1.655575016698464
SK	REF_RATV	DE	P5M	0.2838380798610416
SK	REF_RATV	FR	P3_S13	0.011951196830008825
SK	REF_RATV	FR	P3_S14	0.8710148777102685
SK	REF_RATV	FR	P51G	0.40426639045257956
SK	REF_RATV	FR	P5M	0.08139540581156923
SK	REF_RATV	IT	P3_S13	0.001401491857806972
SK	REF_RATV	IT	P3_S14	0.7801065279960535
SK	REF_RATV	IT	P51G	0.3975577952369309
SK	REF_RATV	IT	P5M	0.013202831750896107
SK	REF_RATV	PL	P3_S13	0.0015696411100431587
SK	REF_RATV	PL	P3_S14	0.9505282464484798
SK	REF_RATV	PL	P3_S15	0.0001379488375058644
SK	REF_RATV	PL	P51G	0.23075636306039296
SK	REF_RATV	PL	P5M	0.07617179370865199
SK	REF_RATV	REU	P3_S13	0.10242148335484255
SK	REF_RATV	REU	P3_S14	6.730329475092359
SK	REF_RATV	REU	P3_S15	0.0020480623802957044
SK	REF_RATV	REU	P51G	3.41422964342524
SK	REF_RATV	REU	P5M	0.5097078978270054
SK	REF_RATV	ROW	P3_S13	0.21085863452701592
SK	REF_RATV	ROW	P3_S14	2.929042441402625
SK	REF_RATV	ROW	P3_S15	0.0010662145917811807
SK	REF_RATV	ROW	P51G	2.3574624776456297
SK	REF_RATV	ROW	P5M	0.20480034785601975
SK	REF_RATV	SK	P3_S13	10.822166338794633
SK	REF_RATV	SK	P3_S14	106.7166181099278
SK	REF_RATV	SK	P3_S15	0.575634172631089
SK	REF_RATV	SK	P51G	57.430389567387444
SK	REF_RATV	SK	P5M	0.5076521057259377
SK	REP_ELMA	DE	P3_S13	8.687669589759513e-7
SK	REP_ELMA	DE	P3_S14	1.991183422140929e-5
SK	REP_ELMA	DE	P51G	4.2666814678521564e-5
SK	REP_ELMA	DE	P5M	1.1319570938194218e-6
SK	REP_ELMA	FR	P3_S13	7.928239268916233e-7
SK	REP_ELMA	FR	P3_S14	7.616311697103289e-6
SK	REP_ELMA	FR	P51G	1.2328164566931042e-5
SK	REP_ELMA	FR	P5M	5.585348469617714e-7
SK	REP_ELMA	IT	P3_S13	2.2422181362572067e-7
SK	REP_ELMA	IT	P3_S14	2.8660006642232004e-6
SK	REP_ELMA	IT	P51G	2.084335104948243e-6
SK	REP_ELMA	IT	P5M	2.523000654451678e-7
SK	REP_ELMA	PL	P3_S14	2.2949300219612974e-5
SK	REP_ELMA	PL	P51G	4.2974132334149605e-5
SK	REP_ELMA	PL	P5M	-0.020432342140349204
SK	REP_ELMA	REU	P3_S13	5.7392955743956665e-6
SK	REP_ELMA	REU	P3_S14	8.214866259223312e-5
SK	REP_ELMA	REU	P3_S15	3.680692342055176e-7
SK	REP_ELMA	REU	P51G	0.00011403744153076134
SK	REP_ELMA	REU	P5M	8.240548250971827e-6
SK	REP_ELMA	ROW	P3_S13	9.043694166175477e-6
SK	REP_ELMA	ROW	P3_S14	0.00010104292212958329
SK	REP_ELMA	ROW	P3_S15	3.1860061043038114e-7
SK	REP_ELMA	ROW	P51G	7.950106257397014e-5
SK	REP_ELMA	ROW	P5M	3.256391943450072e-6
SK	REP_ELMA	SK	P3_S13	0.0004934840990207115
SK	REP_ELMA	SK	P3_S14	0.20834791650204051
SK	REP_ELMA	SK	P3_S15	0.000131402252658118
SK	REP_ELMA	SK	P51G	0.0199764893351535
SK	REP_ELMA	SK	P5M	-0.0009672053978621395
SK	REP_OFMA	PL	P5M	-7.316281162589835e-7
SK	REP_RATV	DE	P3_S13	5.979356373299117e-7
SK	REP_RATV	DE	P3_S14	1.282178854697905e-5
SK	REP_RATV	DE	P51G	3.149818966473472e-5
SK	REP_RATV	DE	P5M	8.555826581972515e-7
SK	REP_RATV	FR	P3_S13	5.801366226543443e-7
SK	REP_RATV	FR	P3_S14	4.6865963057491996e-6
SK	REP_RATV	FR	P51G	7.811761361582612e-6
SK	REP_RATV	FR	P5M	4.072257279777987e-7
SK	REP_RATV	IT	P3_S13	1.567961561021086e-7
SK	REP_RATV	IT	P3_S14	1.6167172404567794e-6
SK	REP_RATV	IT	P51G	1.327757837548256e-6
SK	REP_RATV	IT	P5M	1.7625875551472369e-7
SK	REP_RATV	PL	P3_S14	9.827983768185808e-6
SK	REP_RATV	PL	P51G	3.390682682480234e-5
SK	REP_RATV	PL	P5M	-0.019209840250168687
SK	REP_RATV	REU	P3_S13	4.1322949394516225e-6
SK	REP_RATV	REU	P3_S14	4.6817357202697795e-5
SK	REP_RATV	REU	P3_S15	2.55993771962782e-7
SK	REP_RATV	REU	P51G	7.977047498421359e-5
SK	REP_RATV	REU	P5M	5.01216053327454e-6
SK	REP_RATV	ROW	P3_S13	5.722744703464843e-6
SK	REP_RATV	ROW	P3_S14	6.545114579727804e-5
SK	REP_RATV	ROW	P3_S15	2.1661443127055938e-7
SK	REP_RATV	ROW	P51G	5.5411020548481375e-5
SK	REP_RATV	ROW	P5M	2.272495301870962e-6
SK	REP_RATV	SK	P3_S13	0.0003164675483411339
SK	REP_RATV	SK	P3_S14	0.164958027059785
SK	REP_RATV	SK	P3_S15	8.275117699763727e-5
SK	REP_RATV	SK	P51G	0.015799954277711692
SK	REP_RATV	SK	P5M	-0.0009573261412048699
SK	REU_ELMA	DE	P3_S13	0.018426334586671447
SK	REU_ELMA	DE	P3_S14	0.2153606412427591
SK	REU_ELMA	DE	P51G	0.20871774687214745
SK	REU_ELMA	DE	P5M	0.04962493945756685
SK	REU_ELMA	FR	P3_S13	0.006601465740863499
SK	REU_ELMA	FR	P3_S14	0.1152917448910449
SK	REU_ELMA	FR	P51G	0.06193143770109096
SK	REU_ELMA	FR	P5M	0.01315207649988247
SK	REU_ELMA	IT	P3_S13	0.0006325821913860536
SK	REU_ELMA	IT	P3_S14	0.11125870981072916
SK	REU_ELMA	IT	P51G	0.053060882853027964
SK	REU_ELMA	IT	P5M	0.0018712755646818474
SK	REU_ELMA	PL	P3_S13	0.00022002042216188542
SK	REU_ELMA	PL	P3_S14	0.10961359174322267
SK	REU_ELMA	PL	P3_S15	1.645242559568785e-5
SK	REU_ELMA	PL	P51G	0.026903380938561906
SK	REU_ELMA	PL	P5M	0.0004185879528402831
SK	REU_ELMA	REU	P3_S13	0.07674872664369965
SK	REU_ELMA	REU	P3_S14	1.0737960741180688
SK	REU_ELMA	REU	P3_S15	0.0017303342444544923
SK	REU_ELMA	REU	P51G	0.5264815466208347
SK	REU_ELMA	REU	P5M	0.13141300914863666
SK	REU_ELMA	ROW	P3_S13	0.07592284334703162
SK	REU_ELMA	ROW	P3_S14	1.064392401770113
SK	REU_ELMA	ROW	P3_S15	0.00038478470189253595
SK	REU_ELMA	ROW	P51G	0.4185572054708352
SK	REU_ELMA	ROW	P5M	0.037244806663312736
SK	REU_ELMA	SK	P3_S13	3.8568791014407937
SK	REU_ELMA	SK	P3_S14	88.94557451790237
SK	REU_ELMA	SK	P3_S15	0.16174250727375555
SK	REU_ELMA	SK	P51G	16.645685626906594
SK	REU_ELMA	SK	P5M	0.09092919654939825
SK	REU_RATV	DE	P3_S13	0.030802901745664597
SK	REU_RATV	DE	P3_S14	0.2269263763743943
SK	REU_RATV	DE	P51G	0.20317286956771397
SK	REU_RATV	DE	P5M	0.07238860955621797
SK	REU_RATV	FR	P3_S13	0.013300338822378731
SK	REU_RATV	FR	P3_S14	0.10819060299740031
SK	REU_RATV	FR	P51G	0.06418949971973194
SK	REU_RATV	FR	P5M	0.016335165574205047
SK	REU_RATV	IT	P3_S13	0.0009555609262979116
SK	REU_RATV	IT	P3_S14	0.11892670245103461
SK	REU_RATV	IT	P51G	0.05373314748730173
SK	REU_RATV	IT	P5M	0.004603089976025064
SK	REU_RATV	PL	P3_S13	0.00017127989699923345
SK	REU_RATV	PL	P3_S14	0.12675978285721926
SK	REU_RATV	PL	P3_S15	1.5213869466511414e-5
SK	REU_RATV	PL	P51G	0.026739774250383253
SK	REU_RATV	PL	P5M	0.0012639656512781644
SK	REU_RATV	REU	P3_S13	0.11623591874138667
SK	REU_RATV	REU	P3_S14	1.3544782927460786
SK	REU_RATV	REU	P3_S15	0.006375568260973325
SK	REU_RATV	REU	P51G	0.5846170944803922
SK	REU_RATV	REU	P5M	0.17392822466396207
SK	REU_RATV	ROW	P3_S13	0.10961270652360765
SK	REU_RATV	ROW	P3_S14	1.4395749646717684
SK	REU_RATV	ROW	P3_S15	0.0005391571500998088
SK	REU_RATV	ROW	P51G	0.48404728863860685
SK	REU_RATV	ROW	P5M	0.04784542700609848
SK	REU_RATV	SK	P3_S13	5.639936630768596
SK	REU_RATV	SK	P3_S14	134.01560511696894
SK	REU_RATV	SK	P3_S15	0.216848765892721
SK	REU_RATV	SK	P51G	25.246251513110526
SK	REU_RATV	SK	P5M	0.10967424887629433
SK	TRADE	DE	P3_S13	0.9237412132128908
SK	TRADE	DE	P3_S14	23.028680602241625
SK	TRADE	DE	P51G	22.05769814133232
SK	TRADE	DE	P5M	4.467501317729532
SK	TRADE	FR	P3_S13	0.5881844109553902
SK	TRADE	FR	P3_S14	11.809304867576664
SK	TRADE	FR	P51G	5.8489899404948655
SK	TRADE	FR	P5M	1.369281007674898
SK	TRADE	IT	P3_S13	0.19679285642201808
SK	TRADE	IT	P3_S14	10.898119084434063
SK	TRADE	IT	P51G	5.494790427402275
SK	TRADE	IT	P5M	0.37291051964396993
SK	TRADE	PL	P3_S13	0.020976695355778358
SK	TRADE	PL	P3_S14	12.59024214889968
SK	TRADE	PL	P3_S15	0.001804623246983427
SK	TRADE	PL	P51G	3.005261150545107
SK	TRADE	PL	P5M	1.0170800863546363
SK	TRADE	REU	P3_S13	3.652307407008239
SK	TRADE	REU	P3_S14	99.55412789849395
SK	TRADE	REU	P3_S15	0.30413424994352745
SK	TRADE	REU	P51G	49.54977080836121
SK	TRADE	REU	P5M	9.090893352607663
SK	TRADE	ROW	P3_S13	4.596364762090039
SK	TRADE	ROW	P3_S14	63.02772478186195
SK	TRADE	ROW	P3_S15	0.08144139315415973
SK	TRADE	ROW	P51G	38.353679924968354
SK	TRADE	ROW	P5M	3.8262450883581076
SK	TRADE	SK	P3_S13	229.4081876543292
SK	TRADE	SK	P3_S14	3967.5807468992602
SK	TRADE	SK	P3_S15	10.501867361765704
SK	TRADE	SK	P51G	1163.9572919038187
SK	TRADE	SK	P5M	9.001931724939766
SK	TRANSPORT	DE	P3_S13	0.06618372115818671
SK	TRANSPORT	DE	P3_S14	16.59241745764427
SK	TRANSPORT	DE	P51G	17.66830368100193
SK	TRANSPORT	DE	P5M	0.6632233022242977
SK	TRANSPORT	FR	P3_S13	0.21964368008558413
SK	TRANSPORT	FR	P3_S14	5.777482658863354
SK	TRANSPORT	FR	P51G	7.548886794085367
SK	TRANSPORT	FR	P5M	1.6138856070912988
SK	TRANSPORT	IT	P3_S13	0.0032870874002730137
SK	TRANSPORT	IT	P3_S14	53.211844498472566
SK	TRANSPORT	IT	P51G	13.723310576498484
SK	TRANSPORT	IT	P5M	0.011103298535180686
SK	TRANSPORT	PL	P3_S13	0.0018470900470899103
SK	TRANSPORT	PL	P3_S14	2.363940527615038
SK	TRANSPORT	PL	P3_S15	0.00011457215812017528
SK	TRANSPORT	PL	P51G	0.5922738552469706
SK	TRANSPORT	PL	P5M	0.0819028613726609
SK	TRANSPORT	REU	P3_S13	5.851804142820577
SK	TRANSPORT	REU	P3_S14	94.735330105789
SK	TRANSPORT	REU	P3_S15	0.00485801143697816
SK	TRANSPORT	REU	P51G	17.762699885183046
SK	TRANSPORT	REU	P5M	-3.5138031182106872
SK	TRANSPORT	ROW	P3_S13	35.923474692656576
SK	TRANSPORT	ROW	P3_S14	167.76689163222818
SK	TRANSPORT	ROW	P3_S15	0.07825106643146336
SK	TRANSPORT	ROW	P51G	60.133107312349196
SK	TRANSPORT	ROW	P5M	4.992081470274177
SK	TRANSPORT	SK	P3_S13	1276.274151158826
SK	TRANSPORT	SK	P3_S14	1063.9134191240432
SK	TRANSPORT	SK	P3_S15	2.4617606129700813
SK	TRANSPORT	SK	P51G	301.74433988819
SK	TRANSPORT	SK	P5M	0.8208885742258437
SK	UTIL_WASTE	DE	P3_S13	0.08261107572940977
SK	UTIL_WASTE	DE	P3_S14	4.0630558916998964
SK	UTIL_WASTE	DE	P51G	2.30770861671382
SK	UTIL_WASTE	DE	P5M	-0.18284539498697208
SK	UTIL_WASTE	FR	P3_S13	0.013382081799598227
SK	UTIL_WASTE	FR	P3_S14	2.52828557610492
SK	UTIL_WASTE	FR	P51G	0.6314592730860117
SK	UTIL_WASTE	FR	P5M	0.1277281391511326
SK	UTIL_WASTE	IT	P3_S13	0.0014073841006276024
SK	UTIL_WASTE	IT	P3_S14	2.57722389903467
SK	UTIL_WASTE	IT	P51G	0.5014737206666389
SK	UTIL_WASTE	IT	P5M	0.008072211586389655
SK	UTIL_WASTE	PL	P3_S13	0.002004880403845349
SK	UTIL_WASTE	PL	P3_S14	39.01173628357505
SK	UTIL_WASTE	PL	P3_S15	0.00018003381846030245
SK	UTIL_WASTE	PL	P51G	0.37946447181804505
SK	UTIL_WASTE	PL	P5M	1.1037017712444364
SK	UTIL_WASTE	REU	P3_S13	0.28679513902382814
SK	UTIL_WASTE	REU	P3_S14	58.16344387819474
SK	UTIL_WASTE	REU	P3_S15	0.0018112449302722792
SK	UTIL_WASTE	REU	P51G	4.693132734442325
SK	UTIL_WASTE	REU	P5M	4.782707022521428
SK	UTIL_WASTE	ROW	P3_S13	2.7541720529532183
SK	UTIL_WASTE	ROW	P3_S14	15.627783612736778
SK	UTIL_WASTE	ROW	P3_S15	0.07794609822272092
SK	UTIL_WASTE	ROW	P51G	3.1520484356407064
SK	UTIL_WASTE	ROW	P5M	0.36260164063961026
SK	UTIL_WASTE	SK	P3_S13	92.95100804382582
SK	UTIL_WASTE	SK	P3_S14	2906.080149160747
SK	UTIL_WASTE	SK	P3_S15	1.9207602539063904
SK	UTIL_WASTE	SK	P51G	38.83264195200727
SK	UTIL_WASTE	SK	P5M	-30.94270316342707
